code_ligne,code_arret_depart,code_arret_fin,dimanche,ouvre,samedi,passages,deficit_pct,troncon
926,LPZ002,MTT003,,4.6,,745,,P.S. De Lezennes -> Mont De Terre
14,LIG114,LIG007,5.6,5.5,5.6,11785,3.0,Gare Lille Flandres -> Gare Rue De Tournai
CITL,LBM002,PDP003,7.3,5.6,5.3,4568,23.0,Boulevard De Metz -> Porte Des Postes
50,LIG115,TSU002,7.6,5.7,6.1,8164,25.1,Gare Lille Flandres -> Lycee Pasteur
L8,DNL002,DUL001,6.5,5.8,6.3,12458,11.9,Roubaix Piscine Lesaffre -> Dupuy De Lome
80,MAT001,MAT003,7.5,6.0,6.8,2475,20.3,Maternite -> Maternite
L90,LIG117,TSU002,6.5,6.0,6.6,6275,8.1,Gare Lille Flandres -> Lycee Pasteur
L91,LIG117,TSU002,7.3,6.2,6.7,6111,14.5,Gare Lille Flandres -> Lycee Pasteur
C9,LPZ002,MTT003,,6.3,6.2,2438,,P.S. De Lezennes -> Mont De Terre
14,LIG115,TSU002,8.0,6.4,7.8,11820,20.3,Gare Lille Flandres -> Lycee Pasteur
L3,ROU029,NUR002,5.8,6.4,5.3,15477,-11.0,Euroteleport -> Nations Unies
86,LIG117,TSU002,7.4,6.4,7.1,4418,13.8,Gare Lille Flandres -> Lycee Pasteur
52,LEG002,DFI003,7.6,6.5,7.2,7071,14.3,Legrand -> Lille Fives
18,LPZ002,MTT006,9.7,6.7,7.1,11924,30.5,P.S. De Lezennes -> Mont De Terre
50,LIG114,LEU001,7.2,6.7,6.2,7989,8.0,Gare Lille Flandres -> Lille Europe
L8,DUL002,DNL001,8.2,6.8,7.5,12232,17.8,Dupuy De Lome -> Roubaix Piscine Lesaffre
88,LIG117,TSU002,,6.8,8.7,2705,,Gare Lille Flandres -> Lycee Pasteur
942,LIP002,CSM001,,6.9,,229,,Linselles Place -> Coll Ste Marie
18,LPC080,HRE001,7.9,6.9,7.8,11910,12.6,Bois Blancs -> Henri Regnault
14,WBL001,LCN001,10.0,7.1,8.8,6044,29.3,Wattignies Blum -> Laennec
14,RPA001,JEM001,11.6,7.2,11.7,11748,37.7,Rue Du Parc -> Jeanne Maillotte
L99,LEO003,LEO001,8.4,7.2,8.2,2143,13.7,Leo Lagrange -> Leo Lagrange
L5,LIG112,LIG007,7.0,7.3,7.5,15310,-3.3,Gare Lille Flandres -> Gare Rue De Tournai
L99,PMT003,ARM007,8.2,7.4,7.7,7431,9.3,Place Aux Toiles -> Hotel De Ville
Z1,PDN003,GRA001,,7.5,,1008,,Pt De Neuville -> Malcense-Égalité
32,SSU001,SNO001,12.0,7.5,9.3,3984,37.5,Le Sart Sud -> Le Sart Nord
80,MPE002,MPE003,,7.6,8.7,2794,,Hotel De Ville -> Agache
CITA,LEO003,LEO001,,7.7,8.9,571,,Leo Lagrange -> Leo Lagrange
32,SNO002,SSU002,10.3,7.7,8.8,3932,25.8,Le Sart Nord -> Le Sart Sud
CITL,SAC002,NAT003,11.1,7.8,8.8,8191,29.5,Sacre Coeur -> Nationale
L4,ROU042,NUR002,7.9,7.9,6.9,12493,-0.1,Euroteleport -> Nations Unies
L2,LCN002,WCC001,8.0,7.9,8.1,14911,1.1,Laennec -> Centre Commercial
18,MTY005,NOT001,9.3,8.0,8.8,10371,14.4,Martyrs -> Anatole France
L5,LIG091,LEU001,8.8,8.0,7.7,15099,9.0,Gare Lille Flandres -> Lille Europe
L8,ROU099,NUR005,8.3,8.0,7.8,12413,3.4,Euroteleport -> Nations Unies
18,SAC002,NAT003,10.8,8.1,9.0,11182,25.0,Sacre Coeur -> Nationale
L5,LIG013,LIG091,9.0,8.1,8.2,15112,10.4,Gare Rue De Tournai -> Gare Lille Flandres
14,LIG013,LIG115,9.8,8.1,8.6,11218,17.7,Gare Rue De Tournai -> Gare Lille Flandres
52,FRL001,PTT001,12.8,8.5,10.8,4654,33.4,Freres Lumiere -> Pont De Tournai
84,TWA002,PIP002,12.3,8.5,9.6,4168,31.3,Watt -> Place Saint Anne
33,MGR003,GRC001,5.6,8.6,6.1,695,-52.7,Gare Jean Lebas -> Grand Chemin
L4,SEB002,TGA007,11.2,8.6,9.4,13049,23.4,Sebastopol -> Tourcoing Gare
L4,ROU024,HOM001,9.9,8.6,9.6,13086,13.4,Euroteleport -> Hommelet
L3,NUR001,ROU029,9.4,8.7,8.4,15506,7.3,Nations Unies -> Euroteleport
50,UET002,VTR002,9.9,8.7,10.3,8015,12.6,Jacquet -> Dupleix
N1,MNA002,SAC002,,8.7,11.9,355,,Massena -> Sacre Coeur
51,CDO001,ROY001,11.0,8.7,9.5,5601,21.0,Canon D'Or -> Pont Royal
CO1,RUB001,RDB001,,8.8,8.9,4905,,Rubens -> Rue De Bordeaux
88,EUQ002,QAM002,,8.8,12.5,2565,,Les Alouettes -> Marquette Mairie
33,ROU042,NUR002,9.5,8.8,9.4,7643,6.8,Euroteleport -> Nations Unies
L8,ROU098,MAM098,9.7,8.8,8.9,12416,9.9,Euroteleport -> Alfred Mongy
33,EAU001,CRB003,,8.8,,330,,Chateau D'Eau -> Inst Cx Blanche
945,SWJ001,ARI001,,8.8,,216,,College Saint Joseph -> Carin
84,AFR002,TBR002,10.4,8.8,9.6,4168,15.1,Orions -> Brossolette
10,PNF001,CSK001,9.6,8.9,8.9,1993,6.9,Pont Neuf -> Caserne Kleber
10,PNF001,HOS002,10.1,8.9,9.3,10356,11.2,Pont Neuf -> Les Bateliers
33,ROU024,HOM001,9.8,8.9,9.7,7200,8.8,Euroteleport -> Hommelet
55,WHD002,LCN001,13.0,8.9,9.5,4668,31.9,Hotel De Ville -> Laennec
L3,OSE001,ZBE011,11.3,8.9,10.8,13536,20.5,La Roseliere -> Quart. Beaulieu
87,TWA002,PIP002,10.4,9.0,10.4,4219,13.4,Watt -> Place Saint Anne
80,CJR001,MAT003,,9.0,10.9,581,,College Jean Rostand -> Maternite
L8,PLR003,ADR002,11.8,9.1,10.4,24382,22.8,Tourcoing Centre -> Les Arcades
9,CHU002,HOS003,10.0,9.1,9.5,13662,9.0,W. Churchill -> Les Bateliers
81,THI001,ARM082,,9.1,11.2,739,,Place Thiers -> Hotel De Ville
87,AFR002,TBR002,10.5,9.1,10.2,4214,13.5,Orions -> Brossolette
50,CHU002,HOS002,10.1,9.1,9.6,5235,9.9,W. Churchill -> Les Bateliers
50,BLE003,LIG114,12.0,9.1,9.6,8017,24.1,Lycee Pasteur -> Gare Lille Flandres
Z4,PLR011,PLR010,,9.2,,1567,,Tourcoing Centre -> Tourcoing Centre
L92,TSS002,SIM002,13.6,9.2,12.0,7196,32.3,Cimetiere Du Sud -> Centre Commercial
14,DOA006,EBA001,10.8,9.3,9.6,11762,13.9,Douai Arras -> Jb Lebas
35,ZBE014,OSE003,8.3,9.3,10.3,3522,-12.7,ZBE014 -> La Roseliere
35,NUR001,ROU058,10.4,9.3,10.2,3376,10.3,Nations Unies -> Euroteleport
51,LIG115,TSU002,12.6,9.4,10.5,5495,25.6,Gare Lille Flandres -> Lycee Pasteur
CITL,CAL002,LBE002,12.2,9.4,9.6,8712,23.1,Chu Eurasanté -> Courbet
942,CSM001,LIC006,,9.4,,234,,Coll Ste Marie -> Cimetiere
CO3,BRG198,VIS002,,9.4,13.5,825,,Bourg -> Beau Visage
L4,HOM002,ROU042,10.5,9.4,9.5,12853,10.6,Hommelet -> Euroteleport
C9,FRR001,MTT003,11.4,9.4,8.9,7276,17.7,Ferry -> Mont De Terre
CITL,RLE001,ISL002,10.2,9.4,9.9,5882,7.3,Renoir -> Isly
L91E,ROH002,MOR002,,9.4,,246,,Hotel De Ville -> Monument Aux Morts
L1,RDV004,TRV002,9.9,9.5,7.7,14303,4.6,Rue De Valenciennes -> Trevise
10,LLE001,AVU002,11.1,9.5,9.7,2805,14.6,Lemire -> Avenue De Gaulle
L1,CAW002,WAY001,,9.5,8.7,3847,,Mairie -> Chateau
L99,ARM008,PMT004,10.5,9.5,10.5,7370,9.9,Hotel De Ville -> Place Aux Toiles
C10,RCO002,EME002,,9.5,10.9,3107,,Charcot -> Clemenceau
CIT5,FCH001,RTG001,10.2,9.6,10.1,12299,5.5,Fosse Aux Chenes -> Rue De Tourcoing
34,LEM001,HCH001,11.4,9.6,8.7,7522,15.8,Leon Marlot -> Les Hauts Champs
L91,BLE003,LIG114,11.5,9.6,10.1,6018,16.4,Lycee Pasteur -> Gare Lille Flandres
35,EEG001,LER001,9.5,9.6,9.7,2726,-1.3,Coeur De Ville -> Eglise
67,PDO001,GBE002,12.0,9.6,10.9,3069,20.3,Porte De Douai -> Gaston Berger
L1,EBA004,EBA002,10.2,9.6,10.5,13977,6.0,Liberte -> Jb Lebas
14,BLE003,LIG114,12.7,9.6,10.1,11845,24.4,Lycee Pasteur -> Gare Lille Flandres
9,BLE003,LIG024,10.7,9.7,10.3,13633,9.2,Lycee Pasteur -> Gare Lille Flandres
C9,MYT011,ING001,11.1,9.7,9.7,10074,13.0,Coty -> Guinguette
CITL,TSS002,SIM002,14.2,9.7,11.9,8735,31.5,Cimetiere Du Sud -> Centre Commercial
L92,CAL002,LBE002,11.2,9.7,11.1,7207,12.9,Chu Eurasanté -> Courbet
L1,RDV001,EBA001,11.7,9.8,10.0,13786,16.3,Rue De Valenciennes -> Jb Lebas
50,CHU002,HOS003,11.4,9.8,10.4,2870,14.2,W. Churchill -> Les Bateliers
L4,ADR003,PLR011,12.8,9.8,11.5,13697,23.6,Les Arcades -> Tourcoing Centre
58,CAL001,CCD001,13.0,9.8,12.6,5067,24.6,Chu Eurasanté -> Coeur Poumon
Z6,FCH001,RTG001,,9.8,,967,,Fosse Aux Chenes -> Rue De Tourcoing
14,LCN002,WBL002,10.1,9.8,10.0,6346,3.0,Laennec -> Wattignies Blum
32,BET002,SSU001,15.2,9.8,13.0,3964,35.5,Jean Jaures -> Le Sart Sud
35,WAH001,PLG001,13.4,9.8,11.6,6040,26.3,WAH001 -> De Gaulle
86,BLE003,LIG114,12.0,9.9,10.7,4591,17.7,Lycee Pasteur -> Gare Lille Flandres
L99,ARG006,SSO001,11.4,9.9,10.7,7438,12.9,Armentieres Gare -> Securite Sociale
14,CHU002,HOS002,10.8,9.9,10.4,10077,7.7,W. Churchill -> Les Bateliers
88,BLE003,LIG114,,9.9,10.8,2514,,Lycee Pasteur -> Gare Lille Flandres
14,EBA004,EBA002,10.7,10.0,10.7,11226,6.4,Liberte -> Jb Lebas
62,BDR002,BCR002,,10.0,11.1,1005,,Botte D'Or -> Bouchery
MWR,RLS001,LUC003,14.5,10.0,10.4,1180,30.9,Rue De La Liesse -> Bocle
N1,LIG003,LEU001,,10.0,11.0,540,,Gare Lille Flandres -> Lille Europe
33,HOM002,ROU042,12.0,10.0,10.9,7516,16.6,Hommelet -> Euroteleport
978,QHV002,QCE002,,10.0,,224,,Quesnoy Mairie -> Centre
55,LCN002,WHD001,11.4,10.1,10.6,4676,11.0,Laennec -> Hotel De Ville
933,FWC001,FWL001,,10.1,,329,,Carnot -> Lion Noir
C8,PUT001,CBE002,,10.1,11.1,2323,,Paul Bert -> Colbert
CIT5,CLO002,VAR002,10.7,10.1,10.3,6795,5.4,Colisee -> Roussel
10,LLO002,MLM002,12.4,10.1,6.8,4486,18.8,Lomme-Lambersart -> Hotel De Ville
L8,QUI002,MAM033,12.4,10.1,11.3,12479,18.9,Jean Moulin -> MAM033
Z3,LSG001,PPC001,,10.1,,485,,Gare -> Centre Culturel
15,GBE002,PID002,13.2,10.1,12.1,11373,23.6,Gaston Berger -> P I De Douai
CIT5,EPE002,BDO001,11.3,10.2,11.0,12334,9.8,Ep. Montesquieu -> Boulevard De Douai
L5,COR002,LEC003,12.8,10.2,11.6,4516,20.0,Cormontaigne -> LEC003
CITA,PMT001,ARM007,,10.2,11.7,4613,,Place Aux Toiles -> Hotel De Ville
L99,RLI002,ARM008,13.5,10.2,11.5,7372,24.1,Rue De Lille -> Hotel De Ville
L90,BLE003,LIG114,12.0,10.2,10.9,6099,15.0,Lycee Pasteur -> Gare Lille Flandres
14,CHU002,HOS003,10.9,10.2,10.3,2007,6.2,W. Churchill -> Les Bateliers
L1,TRV001,RDV001,11.8,10.2,11.5,13801,13.6,Trevise -> Rue De Valenciennes
CITT,HAN002,GAD001,13.5,10.2,12.1,8219,24.7,Hts De Neuville -> Rue De Gand
CITA,RLI002,ARM008,,10.2,11.7,4749,,Rue De Lille -> Hotel De Ville
10,AVU001,LLE002,12.7,10.2,11.1,2185,19.6,Avenue De Gaulle -> Lemire
Z4,FLK002,CAM002,,10.2,,843,,FLK002 -> Ma Campagne
18,DUO001,RDT001,11.8,10.3,11.4,11054,13.0,Universite Catholique -> Rue De Toul
86,MCM001,CHW004,11.2,10.3,10.8,4405,7.8,Cimetiere -> Chemin De Wervicq
L5,DUO002,SFO002,12.0,10.3,11.6,13468,14.0,Universite Catholique -> Solferino
CIT5,VAR001,CLO003,10.9,10.3,10.9,8671,5.3,Roussel -> Colisee
18,LCB002,DUO002,12.3,10.3,11.1,10569,16.1,Colbert -> Universite Catholique
78,LAN001,EIF001,,10.4,10.2,779,,Place -> Tour Eiffel
CITL,LCB003,LEC001,11.3,10.4,11.5,1947,8.2,Colbert -> LEC001
L4,ARN004,BMA002,11.5,10.4,11.5,11636,9.8,Pile Place-Carnot -> Verdun
76,LBL001,CAN003,13.8,10.4,12.0,3208,24.2,Blanchisseurs -> Canteleu
61,LBH001,CND001,,10.4,11.8,1609,,La Bassee Hdv -> Coll Notre Dame
14,WBL001,WHD001,15.1,10.4,16.1,5669,30.8,Wattignies Blum -> Hotel De Ville
L5,EUR002,LIG112,14.9,10.4,10.3,15660,30.0,Lille Europe -> Gare Lille Flandres
CITL,CAL001,GID002,12.6,10.4,12.9,8756,16.9,Chu Eurasanté -> Gide
MWR,LRS001,MPP002,12.5,10.4,9.7,1174,16.9,L'Ours -> Place De Picardie
78,GEA011,AID005,,10.5,11.5,861,,Galon D'Eau -> Condition Publique
CITL,COR002,LCB001,12.9,10.5,11.7,6873,18.5,Cormontaigne -> Colbert
L99,ARG007,RLI002,12.5,10.5,10.2,7397,16.3,Armentieres Gare -> Rue De Lille
52,DFI003,LEG001,12.6,10.5,11.2,7493,17.0,Lille Fives -> Legrand
L8,MRI001,MIR001,12.5,10.5,12.0,12314,16.0,Marliere -> Mirabeau
50,EUR002,LIG115,13.8,10.5,9.7,8263,23.5,Lille Europe -> Gare Lille Flandres
10,BLE003,LIG006,11.5,10.5,11.2,12013,8.6,Lycee Pasteur -> Gare Lille Flandres
L8,JOF001,RUN001,11.1,10.6,11.7,12380,4.5,Marechal Joffre -> Leon Jouhaux
NVL,MSI003,RIH001,,10.6,9.8,7107,,Citadelle -> Rihour
10,AUG002,LCD003,15.8,10.6,13.5,6082,33.2,Augereau -> Chasseurs De Driant
CITL,ISL001,RLE002,11.5,10.6,11.1,8211,7.9,Isly -> Renoir
CIT5,MGR003,TYR001,11.3,10.6,9.7,12266,6.6,Gare Jean Lebas -> Musee
L4,PLR010,ADR002,12.5,10.7,11.4,13091,14.3,Tourcoing Centre -> Les Arcades
14,MCX001,REP005,12.3,10.7,11.2,11232,13.1,Tanneurs -> République Beaux-Arts
Z3,LSG002,IVE001,,10.7,,494,,Gare -> Rue De Verdun
L91,MCM001,CHW004,13.7,10.7,12.5,6094,21.8,Cimetiere -> Chemin De Wervicq
67,ARO002,RHA002,14.8,10.7,14.5,2641,27.6,Av. De  Roubaix -> Rue D'Haubourdin
18,SFO004,DUO001,12.6,10.7,11.9,11133,15.3,Solferino -> Universite Catholique
14,MVI002,OFF002,11.2,10.7,10.7,12103,4.5,Victoire -> Joffre
L5,MLA002,CHF002,16.1,10.8,11.4,16856,32.6,Mairie -> Chaufour
L8,NUR005,GEA014,12.2,10.8,11.9,12433,11.8,Nations Unies -> Galon D'Eau
18,LGP001,NOX001,12.8,10.8,11.8,11425,16.2,Grand Palais -> Le Bois Habite
CITT,PLR010,ICT001,12.5,10.8,11.9,8008,13.4,Tourcoing Centre -> Victoire
52,PTT002,MTT002,,10.8,12.2,4146,,Pont De Tournai -> Mont De Terre
Z4,PHY099,ICT002,,10.8,,843,,Pont Hydraulique -> Victoire
10,LOM001,EGA001,13.1,10.8,11.2,11542,17.7,Marais -> Egalite
L4,TPO001,ADR003,12.8,10.8,12.3,13649,15.4,Poste -> Les Arcades
Z2,PDO001,GBE002,,10.8,,730,,Porte De Douai -> Gaston Berger
10,CDO001,ROY001,11.3,10.9,10.7,12566,3.6,Canon D'Or -> Pont Royal
80,RLI002,ARM082,14.5,10.9,12.2,2839,24.3,Rue De Lille -> Hotel De Ville
CIT5,HEC002,FCH002,11.6,10.9,11.4,10510,6.2,Henri Carrette -> Fosse Aux Chenes
52,PDV002,PMA002,15.0,10.9,14.6,8840,27.4,Porte De Valenciennes -> G. Lyon
CITL,SAC001,CHQ001,16.3,10.9,12.2,8148,33.3,Sacre Coeur -> Rue Du Port
84,THD001,CBE001,14.2,10.9,13.5,4156,23.7,Hotel De Ville -> Colbert
66,BTM001,LAN001,13.5,10.9,11.8,2514,19.1,Boutemy -> Place
66,LAN001,EIF001,14.5,10.9,12.4,2643,24.8,Place -> Tour Eiffel
66,LAN001,BTM002,12.2,11.0,11.5,2654,9.6,Place -> Boutemy
CO2,HAV002,JDL002,13.2,11.0,11.9,8020,17.0,Vanderhaghen -> J. Luxembourg
81,ARM082,JJA001,,11.0,13.8,725,,Hotel De Ville -> Jean Jaures
78,ARN004,BMA002,,11.0,14.0,792,,Pile Place-Carnot -> Verdun
CITA,ARM008,PMT002,,11.0,12.4,4749,,Hotel De Ville -> Place Aux Toiles
L92,LBE001,CAL001,12.8,11.0,12.0,7686,14.1,Courbet -> Chu Eurasanté
RME1,CIE199,DFI199,8.8,11.0,9.1,446,-24.7,Madeleine Caulier -> Fives
18,SFO002,SAC002,14.5,11.0,12.6,10585,23.8,Solferino -> Sacre Coeur
67,GBE002,PID002,16.3,11.0,14.6,3093,32.9,Gaston Berger -> P I De Douai
L5,URB002,EUR002,11.5,11.0,9.9,16769,4.0,Coubertin -> Lille Europe
18,NOX001,PMA002,15.6,11.0,13.8,11540,29.8,Le Bois Habite -> G. Lyon
L5,COR002,LCB002,12.8,11.0,12.1,11699,13.6,Cormontaigne -> Colbert
L1,GBE002,PID002,12.5,11.0,12.3,14913,12.2,Gaston Berger -> P I De Douai
87,THD001,CBE001,14.5,11.0,13.4,4167,24.1,Hotel De Ville -> Colbert
33,SDU002,3SU002,14.8,11.0,12.3,7506,25.6,Mouvaux Coeur De Ville -> Trois Suisses
MWR,STS002,WJB002,14.7,11.0,11.8,1192,24.7,Stephenson -> Duthoit
978,CSM001,FDN001,,11.1,,350,,Coll Ste Marie -> Freres D'Halluin
78,LAN001,BTM002,,11.1,12.2,607,,Place -> Boutemy
L8,ANL001,GEA013,16.1,11.1,13.6,12434,30.8,Canal De Roubaix -> Galon D'Eau
L4,NUR001,ROU024,11.8,11.1,12.3,12836,6.3,Nations Unies -> Euroteleport
36,DEY001,GUY001,15.0,11.1,12.5,5844,26.5,Delory -> Guynemer
N1,SAC002,NAT003,,11.1,10.1,203,,Sacre Coeur -> Nationale
64,LBH001,CND001,,11.2,14.1,1443,,La Bassee Hdv -> Coll Notre Dame
13,SQM001,DFI001,13.4,11.2,11.4,10485,16.5,Square Des Meres -> Lille Fives
67,PID001,GBE001,13.9,11.2,13.2,2959,18.8,P I De Douai -> Gaston Berger
68,LSG002,IVE001,14.9,11.2,11.5,3911,25.2,Gare -> Rue De Verdun
L3,PDR004,NAN003,11.8,11.2,11.5,13157,5.0,Commissariat -> Dunant
L90,HUR002,COG003,13.1,11.2,13.2,6120,15.0,Place De Gaulle -> Vieil Dieu
967,EIF002,LAN003,,11.3,,222,,Tour Eiffel -> Place
967,BPO002,TOM002,,11.3,,222,,Bon Poste -> Meunier
C8,RRQ002,SJS001,,11.3,12.4,2322,,Rue De Roncq -> St Jacques
L92,SMO002,JUB002,12.5,11.3,12.8,7208,9.4,La Mouchonniere -> Jude Blanckaert
C9,MHE001,JRS001,14.1,11.3,12.3,9752,20.2,Mairie D'Hellemmes -> Jean Jaures
15,VER001,PCU001,13.8,11.3,13.1,11234,18.3,Verdun -> Pierre Curie
L4,ROH002,MOR002,12.1,11.3,11.6,12908,7.0,Hotel De Ville -> Monument Aux Morts
67,GBE001,PDO001,13.5,11.3,12.9,2952,16.7,Gaston Berger -> Porte De Douai
CO1,ARO002,RHA002,,11.3,15.1,4330,,Av. De  Roubaix -> Rue D'Haubourdin
L5,PIM002,EME002,12.5,11.3,12.0,9549,9.1,Piscine -> Clemenceau
9,PJU001,LDO001,12.9,11.3,10.7,13460,12.9,Palais Justice -> Lion D'Or
L8,TGA002,TIL002,12.5,11.3,12.2,14429,9.8,Tourcoing Gare -> Tilleul
CITA,RLI001,SSO002,,11.3,12.0,4595,,Rue De Lille -> Securite Sociale
978,LIP002,CSM001,,11.3,,330,,Linselles Place -> Coll Ste Marie
RME1,LIG091,CIE199,10.2,11.3,7.1,864,-11.6,Gare Lille Flandres -> Madeleine Caulier
L3,BTM001,LAN001,12.4,11.3,11.8,11341,8.9,Boutemy -> Place
MWR,GRM001,LUC002,12.1,11.3,11.6,1193,6.3,Gare -> La Carpe
66,RTR001,MFO002,13.5,11.4,13.6,2867,15.5,Rue De Tressin -> Mairie
L4,THD001,CBE001,16.2,11.4,13.5,13040,29.3,Hotel De Ville -> Colbert
61,SWG001,DCA002,,11.4,9.7,1691,,Gare De Don -> Calmette
L5,REP072,NAT001,11.9,11.4,11.6,15352,4.2,République Beaux-Arts -> Nationale
35,ADR003,PLR031,15.8,11.4,13.5,6164,27.9,Les Arcades -> Tourcoing Centre
Z1,ADR003,PLR011,,11.4,,1059,,Les Arcades -> Tourcoing Centre
L4,FGU001,DPA001,16.1,11.4,12.5,13305,28.8,Médiathèque Andrée Chedid -> Lucie Aubrac
17,TGA002,TIL002,12.9,11.4,12.4,10115,11.3,Tourcoing Gare -> Tilleul
18,DUO002,SFO002,14.8,11.4,13.3,10583,23.1,Universite Catholique -> Solferino
CIT5,MGR004,NAU002,12.7,11.4,12.2,12080,9.8,Gare Jean Lebas -> Blanchemaille
13,MSA002,SAB002,13.8,11.4,12.5,10762,17.5,Mons Sarts -> Sabliere
L3,PIE001,ROU029,13.7,11.4,12.8,12653,16.8,Commissariat -> Euroteleport
89,THD001,CBE001,17.0,11.4,14.3,4380,32.6,Hotel De Ville -> Colbert
10,MLM001,LLO001,13.4,11.4,12.3,4697,14.8,Hotel De Ville -> Lomme-Lambersart
14,RDL002,FBG005,12.9,11.4,12.3,12153,11.3,Rue De L'Oise -> Faubourg D'Arras
L4,TGA006,SEB001,13.4,11.5,13.3,12843,14.1,Tourcoing Gare -> Sebastopol
9,LIG024,BLE004,12.7,11.5,11.0,13744,9.4,Gare Lille Flandres -> Lycee Pasteur
L5,LCB002,DUO002,12.4,11.5,12.1,13473,7.2,Colbert -> Universite Catholique
C10,EME001,RCO001,,11.5,13.4,3394,,Clemenceau -> Charcot
L8,RXA002,VIR002,15.7,11.5,14.0,2245,26.7,L'Atelier -> Virolois
MWR,MPP002,MCA002,13.0,11.5,10.7,1171,11.6,Place De Picardie -> Casino
CO1,TAL001,14J002,,11.5,11.8,5001,,Comtesse De Segur -> 14 Juillet
CITT,GRA002,PDN002,12.0,11.5,11.9,8060,3.7,Malcense-Égalité -> Pt De Neuville
C9,JRS002,MHE001,13.1,11.5,12.2,10034,12.5,Jean Jaures -> Mairie D'Hellemmes
L8,VIG002,SLS004,13.8,11.5,13.0,12441,16.6,La Vigne -> Visitation
CIT5,CMB002,BDO002,14.2,11.5,13.4,12337,19.4,Hospice Barbieux -> Boulevard De Douai
82,THI001,ARM082,,11.6,13.9,2906,,Place Thiers -> Hotel De Ville
64,ILL001,LEV001,,11.6,12.7,1596,,Rue De Lille -> Place L.Orval
RME1,DFI198,CIE198,12.9,11.6,9.7,852,10.1,DFI198 -> Madeleine Caulier
80,ARG082,RLI002,13.0,11.6,11.8,3108,11.2,Armentieres Gare -> Rue De Lille
78,NUR001,ROU134,,11.6,11.8,647,,Nations Unies -> Euroteleport
908,MQC001,QAM002,,11.6,,234,,College Debeyre -> Marquette Mairie
CITA,ARG082,SSO001,,11.6,10.5,4759,,Armentieres Gare -> Securite Sociale
N1,CIE199,DFI199,,11.6,11.2,400,,Madeleine Caulier -> Fives
18,PIS004,LPC080,14.1,11.6,13.1,11901,17.9,Piscine M. Dormoy -> Bois Blancs
L4,FCH005,RTG001,12.7,11.6,12.3,12804,8.7,Fosse Aux Chenes -> Rue De Tourcoing
CITL,LBE001,CAL001,14.1,11.6,12.8,8738,17.7,Courbet -> Chu Eurasanté
14,EBA002,DOA005,12.9,11.7,11.8,11697,9.7,Jb Lebas -> Douai Arras
17,ADR003,PLR003,14.1,11.7,13.7,10055,17.3,Les Arcades -> Tourcoing Centre
C12,DUL002,CQF002,,11.7,12.7,3375,,Dupuy De Lome -> Coq Francais
C10,ABB002,STL002,,11.7,16.1,3106,,Abbe Bonpain -> Eglise Saint Louis
CITL,GID001,CAL002,15.1,11.7,14.1,8718,22.4,Gide -> Chu Eurasanté
CO1,GID001,CAL007,,11.7,13.7,5018,,Gide -> Chu Eurasanté
C9,FJA002,ING002,13.1,11.7,12.2,10076,10.6,Jacquard -> Guinguette
CITT,PDF002,LEF002,14.4,11.7,13.0,8156,18.7,Parc Des Francs -> Vigne
L8,MIR002,MRI002,14.2,11.7,13.0,12299,17.3,Mirabeau -> Marliere
L2,LCR002,LMB002,13.3,11.7,12.8,14800,11.7,Leclerc -> Mirabeau
17,SAP011,SAP001,13.2,11.7,12.6,10225,10.9,Delecourt -> Sapin Vert
33,LON002,SDU002,14.0,11.7,12.9,7299,16.6,Rue De Londres -> Mouvaux Coeur De Ville
CITT,LEF001,PDF001,14.5,11.7,13.6,7977,19.2,Vigne -> Parc Des Francs
L8,ADR003,PLR003,15.2,11.8,13.7,24570,22.6,Les Arcades -> Tourcoing Centre
926,ENI002,LPZ002,,11.8,,750,,Avenir -> P.S. De Lezennes
87,PIP001,TWA001,14.1,11.8,13.3,4268,16.2,Place Saint Anne -> Watt
84,PIP001,TWA001,14.7,11.8,12.6,4243,19.7,Place Saint Anne -> Watt
L7,SUE002,PCG002,13.9,11.8,12.7,13544,15.4,Guesde -> Place Garonne
51,EUR002,LIG115,14.1,11.8,12.0,5534,16.3,Lille Europe -> Gare Lille Flandres
15,PID001,GBE001,13.6,11.8,13.2,11183,13.3,P I De Douai -> Gaston Berger
67,RHA001,ARO001,18.7,11.8,16.7,2946,36.6,Rue D'Haubourdin -> Av. De  Roubaix
78,BTM001,LAN001,,11.8,12.1,718,,Boutemy -> Place
88,CHT002,SCP003,,11.8,13.6,2560,,Chariot D'Or -> Le Complivois
CIT5,HCH001,OTT004,16.7,11.8,12.4,12140,29.1,Les Hauts Champs -> Motte
33,NUR001,ROU024,12.4,11.8,13.0,7592,4.6,Nations Unies -> Euroteleport
10,LAF006,CDT002,12.9,11.8,10.7,4613,9.0,LAF006 -> Croix Du Temple
50,MCL005,MAB001,15.3,11.8,14.4,8287,22.7,Clemenceau Hippodrome -> Buisson
907,MQC001,QAM002,,11.9,,224,,College Debeyre -> Marquette Mairie
CITL,RDL002,FBG005,14.2,11.9,13.8,8804,16.4,Rue De L'Oise -> Faubourg D'Arras
55,VPO002,VST002,14.6,11.9,13.5,4658,18.5,Mairie -> Villa Saint Eloi
88,EUR002,LIG117,,11.9,11.9,2719,,Lille Europe -> Gare Lille Flandres
62,SOL001,RAP002,,11.9,13.7,324,,Parc Des Saules -> Place Rd
80,ARM083,RLI001,15.1,11.9,13.2,2583,21.1,Hotel De Ville -> Rue De Lille
L2,LRE001,BAE001,13.8,11.9,13.4,14942,14.0,Republique -> Barbusse
84,CPA002,HVO002,15.0,11.9,13.3,4169,20.7,Théâtre De L'Idéal -> Hotel Voyageurs
Z3,IVE002,LSG001,,11.9,,481,,Rue De Verdun -> Gare
NVL,CHU002,MAG001,,11.9,12.3,7743,,W. Churchill -> Magasin
30,MGR001,GRC001,12.5,11.9,11.2,3697,4.4,Gare Jean Lebas -> Grand Chemin
L5,HAV001,PAR001,16.7,11.9,15.1,16119,28.8,Vanderhaghen -> Le Parc
58,HCO001,ZAC001,17.0,11.9,13.5,5010,29.7,La Colle -> Zac Du Moulin
CITT,ONS001,HEN001,14.3,11.9,13.2,7906,16.8,Conservatoire -> Hentges
68,IVE002,LSG001,16.4,11.9,15.1,3874,27.8,Rue De Verdun -> Gare
915,SEQ002,SEQ001,,11.9,,225,,Sequedin Centre -> SEQ001
78,ROU134,NUR002,,11.9,13.5,863,,Euroteleport -> Nations Unies
L1,PID001,GBE001,13.1,11.9,12.6,15110,9.3,P I De Douai -> Gaston Berger
61,SWG001,DAE002,,11.9,11.2,1863,,Gare De Don -> Lardé
55,JUB001,SMO001,,11.9,,276,,Jude Blanckaert -> La Mouchonniere
87,CPA002,HVO002,14.8,11.9,13.4,4207,19.9,Théâtre De L'Idéal -> Hotel Voyageurs
RME1,LIG112,REP005,10.3,11.9,9.4,890,-15.8,Gare Lille Flandres -> République Beaux-Arts
34,ANN002,MUS002,17.2,11.9,15.3,7507,30.4,Republique -> Musee Du Terroir
58,HJA003,HMA001,14.1,11.9,13.5,4761,15.8,Jardin Public -> Mairie
58,HAV002,HCP002,12.5,12.0,13.1,5165,3.7,Vanderhaghen -> Caserne Des Pompiers
15,GBE001,PDO002,14.6,12.0,13.5,11119,17.6,Gaston Berger -> Porte De Douai
78,BMA001,ARN003,,12.0,9.4,643,,Verdun -> Pile Place-Carnot
Z4,ADR003,PLR011,,12.0,,741,,Les Arcades -> Tourcoing Centre
L8,TIL001,TGA005,14.6,12.0,13.7,14573,17.8,Tilleul -> Tourcoing Gare
L4,RUN003,NUI001,13.5,12.0,12.3,12859,10.8,Union -> Guinguette
10,ARY001,LBO001,14.5,12.0,15.2,12597,16.9,La Carnoy -> Lambersart Bourg
L3,LAN001,BTM002,13.0,12.0,13.2,10533,7.2,Place -> Boutemy
CITT,LUR002,TWA009,19.0,12.0,13.1,6794,36.8,Denis Papin -> Lucie Aubrac
NVL,RIH001,PNF001,,12.0,11.1,4937,,Rihour -> Pont Neuf
78,AUL002,VEP002,,12.0,12.5,676,,Centre Commercial -> Vert Pre
L4,AID006,GEA010,14.4,12.1,12.8,12853,15.8,Condition Publique -> Galon D'Eau
L4,CBE002,THD002,14.2,12.1,13.3,13137,14.6,Colbert -> Hotel De Ville
18,REP003,NAT004,13.0,12.1,12.0,11264,6.7,République Beaux-Arts -> Nationale
58,CCD002,CAL002,16.3,12.1,15.8,5198,25.9,Coeur Poumon -> Chu Eurasanté
L99,RLI001,ARG006,13.2,12.1,12.6,7453,8.8,Rue De Lille -> Armentieres Gare
L3,PLG002,WPL002,13.3,12.1,12.7,15520,9.2,De Gaulle -> Wattrelos Place
34,HCH001,OTT004,17.6,12.1,12.8,7390,30.8,Les Hauts Champs -> Motte
CO3,LGO002,LCE002,,12.1,11.5,5102,,Alliance Nord-Ouest -> La Cessoie
61,DAE001,SWG001,,12.1,12.6,1691,,Lardé -> Gare De Don
88,ZMO001,BOV001,,12.1,17.7,2317,,P.A. Du Moulin -> Bouverie
32,CPT001,CPL011,15.2,12.1,13.9,3920,20.4,Pont De Croix -> Croix Centre
88,MLA002,CHF002,,12.1,16.1,2577,,Mairie -> Chaufour
33,MGR004,NAU004,14.2,12.1,13.0,1195,14.9,Gare Jean Lebas -> Universités
L91,HDO002,HAL002,11.9,12.1,11.4,6045,-2.0,Douane -> Centre Ville
14,MVI001,PLB001,13.3,12.1,13.2,11962,8.9,Victoire -> Place De La Boucherie
CIT5,SPR002,CAR002,15.1,12.1,13.6,12214,19.6,Spriet -> Carpeaux
L92,CAL001,LSS002,17.1,12.2,16.0,7688,28.4,Chu Eurasanté -> Recherche
L4,SEB001,HOO001,14.3,12.2,13.4,12825,14.7,Sebastopol -> Hondschoote
51,LBO002,SCL002,14.3,12.2,13.3,912,14.5,Lambersart Bourg -> St Clement
33,DPH001,SLU007,13.6,12.2,13.4,7513,10.2,Descartes Physicien -> Saint Luc
78,AID006,GEA010,,12.2,12.3,648,,Condition Publique -> Galon D'Eau
MWR,NUR001,ROU134,12.7,12.2,12.2,1195,3.9,Nations Unies -> Euroteleport
33,ESC001,3SU001,20.2,12.2,16.6,7422,39.8,ESC001 -> Trois Suisses
L5,MLA001,MGA001,12.5,12.2,13.3,16485,2.0,Mairie -> Gare
L4,GEA011,AID005,14.3,12.2,12.2,12545,14.9,Galon D'Eau -> Condition Publique
L90,MOS001,SHL001,13.9,12.2,12.8,6302,12.6,Moliere -> Sainte Helene
L4,BMA001,ARN003,13.5,12.2,10.5,12799,9.4,Verdun -> Pile Place-Carnot
32,PQU002,SNO002,18.9,12.2,14.3,3684,35.4,Pont Du Breucq -> Le Sart Nord
86,EUR002,LIG117,15.3,12.2,10.6,4420,20.1,Lille Europe -> Gare Lille Flandres
32,ARE001,BET001,,12.2,12.9,3264,,Jean Jaures -> Jean Jaures
L91,MLA002,CHF002,16.7,12.3,14.6,6155,26.1,Mairie -> Chaufour
33,GEA011,AID005,14.4,12.3,12.6,7654,14.7,Galon D'Eau -> Condition Publique
L8,NUR004,ROU098,13.3,12.3,13.3,12432,7.1,Nations Unies -> Euroteleport
10,MAG002,MSI002,13.3,12.3,12.8,12670,6.9,Magasin -> Esplanade
L4,MIL002,CBE002,16.3,12.3,14.6,13380,24.5,École Des Douanes -> Colbert
L92,SIM003,TSS001,15.1,12.3,13.7,7683,18.5,Centre Commercial -> Cimetiere Du Sud
C8,LUR002,TWA009,,12.3,13.7,1954,,Denis Papin -> Lucie Aubrac
CIT5,LEM002,MOT002,14.7,12.3,13.5,12222,16.2,Leon Marlot -> Fourmies
Z2,PID001,GBE001,,12.3,,735,,P I De Douai -> Gaston Berger
34,TTE002,LEK004,13.4,12.3,13.4,7432,8.4,Watteeuw -> Laennec
10,LIG006,TSU002,14.7,12.3,12.9,12176,16.4,Gare Lille Flandres -> Lycee Pasteur
L90,EUR002,LIG117,14.2,12.3,11.4,6297,13.3,Lille Europe -> Gare Lille Flandres
18,CTA002,LCB002,15.9,12.3,14.2,11092,22.7,Place Catinat -> Colbert
88,COG001,SDE001,,12.3,,525,,Comines Gare -> Place De Gaulle
L92,JUB001,SMO001,13.8,12.4,14.3,7664,10.1,Jude Blanckaert -> La Mouchonniere
9,LDO001,BLE003,15.4,12.4,13.0,13457,19.7,Lion D'Or -> Lycee Pasteur
L2,CAL011,CCD001,14.9,12.4,14.9,14971,17.1,Chu Eurasanté -> Coeur Poumon
14,FBG004,RDL001,13.7,12.4,13.4,12200,9.4,Faubourg D'Arras -> Rue De L'Oise
30,PLR030,ICT011,14.8,12.4,14.1,5608,16.4,Tourcoing Centre -> Victoire
18,NOX002,LGP002,15.3,12.4,13.0,11458,19.0,Le Bois Habite -> Grand Palais
L7,PVY002,SIM002,14.0,12.4,12.3,11111,11.6,Prevoyance -> Centre Commercial
14,RSS002,PHG002,14.4,12.4,12.7,12156,14.2,Roussel -> Philippe De Girard
CO3,FIE001,REG001,,12.4,13.3,5163,,Montgolfier -> Rue De L'Eglise
L91E,MOR001,ROH001,,12.4,,359,,Monument Aux Morts -> Hotel De Ville
18,PLV002,ROB002,15.6,12.4,13.9,11828,20.4,Le Pont -> Bayart
L7,ARO002,RHA002,16.7,12.4,14.9,12718,26.1,Av. De  Roubaix -> Rue D'Haubourdin
17,TIL001,TGA005,14.5,12.4,14.8,10063,14.9,Tilleul -> Tourcoing Gare
L1,PDO007,TRV001,13.3,12.4,13.3,13810,6.7,Porte De Douai -> Trevise
34,GEA011,AID005,13.7,12.4,13.0,7607,9.4,Galon D'Eau -> Condition Publique
CIT5,LEM001,HCH001,14.2,12.4,11.1,12137,12.2,Leon Marlot -> Les Hauts Champs
CIT5,ATT001,VAR001,10.4,12.4,12.4,12041,-19.2,Clarisses -> Roussel
L5,DUO001,LCB005,14.5,12.4,14.7,14196,15.1,Universite Catholique -> Colbert
Z6,HEC002,FCH002,,12.5,,851,,Henri Carrette -> Fosse Aux Chenes
L91,EUR002,LIG117,14.7,12.5,10.9,6113,14.9,Lille Europe -> Gare Lille Flandres
52,PTT002,FRL001,14.6,12.5,13.9,4719,14.8,Pont De Tournai -> Freres Lumiere
RME1,CAL007,CHR001,11.9,12.5,11.4,850,-4.5,Chu Eurasanté -> Chu-Centre O. Lambret
CO2,MPE002,ARP001,14.5,12.5,13.6,8156,13.7,Hotel De Ville -> Gare
L5,MGA002,MLA002,15.1,12.5,13.4,15774,17.3,Gare -> Mairie
C8,AIL003,TBR002,,12.5,12.6,2344,,Braille -> Brossolette
MWR,STS001,PNC001,16.7,12.5,13.8,1192,25.0,Stephenson -> Centre Commercial
C8,THD001,CBE001,,12.5,14.7,2290,,Hotel De Ville -> Colbert
34,NUR001,ROU031,13.9,12.5,13.4,7473,10.3,Nations Unies -> Euroteleport
L5,LCB005,LEC001,14.8,12.5,14.4,4549,15.5,Colbert -> LEC001
62,ILC001,BCR001,,12.5,10.4,963,,Centre -> Bouchery
50,MAB001,RGB001,16.3,12.5,14.3,8191,23.4,Buisson -> Rouges Barres
13,ANN001,ANP001,15.8,12.5,14.4,11312,20.7,Republique -> Poste D'Annappes
N1,SAC001,MNA001,,12.5,11.4,293,,Sacre Coeur -> Massena
L8,SAT002,COT002,13.2,12.5,13.3,12508,6.0,Dunant -> Coty
CO2,PND003,LDH001,15.0,12.5,13.6,8094,16.2,Pn De Loos -> Dhainaut
L92,CAV001,LBE001,14.0,12.5,14.3,7684,10.6,Cavell -> Courbet
CITL,NAT004,SAC001,16.0,12.5,14.4,8209,21.7,Nationale -> Sacre Coeur
73,ANP002,ANN002,,12.6,15.4,362,,Poste D'Annappes -> Republique
88,LAL003,QAM001,,12.6,14.6,444,,Lalau -> Marquette Mairie
88,MGA002,MLA002,,12.6,15.3,2375,,Gare -> Mairie
CITT,GAD002,HAN001,15.1,12.6,13.3,8106,16.3,Rue De Gand -> Hts De Neuville
50,UET001,EUR002,14.4,12.6,11.2,8260,12.7,Jacquet -> Lille Europe
L90,COG004,SDE002,13.9,12.6,13.6,6201,9.0,Vieil Dieu -> Place De Gaulle
Z2,GBE001,PDO001,,12.6,,733,,Gaston Berger -> Porte De Douai
33,AID006,GEA010,15.4,12.6,13.3,7601,18.4,Condition Publique -> Galon D'Eau
33,3SU002,ESC002,18.9,12.6,15.5,7515,33.1,Trois Suisses -> ESC002
C11,WAS051,WMI002,,12.6,14.5,1846,,Centre -> Hotel De Ville
10,LBO002,ARY002,14.8,12.6,16.1,12888,14.7,Lambersart Bourg -> La Carnoy
36,TTE002,LEK004,14.1,12.6,13.6,5640,10.4,Watteeuw -> Laennec
34,AID006,GEA010,14.0,12.6,13.4,7513,10.1,Condition Publique -> Galon D'Eau
35,OSE001,ZBE007,,12.7,13.6,2595,,La Roseliere -> Quart. Beaulieu
86,MLA002,CHF002,16.9,12.7,15.4,4676,25.2,Mairie -> Chaufour
CITT,CAI002,ICT078,15.5,12.7,13.7,8239,18.2,Calais -> Victoire
L4,MOR001,ROH001,13.9,12.7,13.4,12806,8.6,Monument Aux Morts -> Hotel De Ville
87,HVO001,CPA001,16.9,12.7,14.0,4254,25.1,Hotel Voyageurs -> Théâtre De L'Idéal
30,COE002,ICT002,19.7,12.7,17.7,5721,35.8,Sacre Coeur -> Victoire
L5,FIE001,REG001,13.0,12.7,13.0,9741,2.7,Montgolfier -> Rue De L'Eglise
14,REP003,MCX002,14.6,12.7,13.4,11222,13.1,République Beaux-Arts -> Tanneurs
30,WAC001,URE001,16.1,12.7,9.1,5490,21.2,Clemenceau -> Jean Jaures
915,SEE001,SEQ002,,12.7,,225,,Sequedin Eglise -> Sequedin Centre
14,OFF002,RPA002,14.3,12.7,13.7,11924,11.0,Joffre -> Rue Du Parc
L8,CRO001,OJT001,15.7,12.7,14.8,1560,19.1,Croix Rouge -> Saint Joseph
51,LBO004,SCL002,14.6,12.7,13.9,4589,13.2,Lambersart Bourg -> St Clement
L3,NAN003,ELI001,14.4,12.7,12.8,13154,12.2,Dunant -> Sainte Elisabeth
C9,ING002,MYT012,15.4,12.8,13.2,10075,17.0,Guinguette -> Coty
89,BOE002,BON001,14.4,12.8,14.3,4379,11.3,Eglise -> N. Segard
14,JEM001,OFF001,14.5,12.8,13.9,11823,11.6,Jeanne Maillotte -> Joffre
51,SCL001,LBO001,14.4,12.8,12.8,933,11.6,St Clement -> Lambersart Bourg
L7,SIM001,PVY001,13.7,12.8,13.0,14349,6.7,Centre Commercial -> Prevoyance
CITL,REP003,NAT004,13.8,12.8,12.9,8222,7.5,République Beaux-Arts -> Nationale
L1,REP003,NAT001,12.6,12.8,12.4,14126,-1.2,République Beaux-Arts -> Nationale
18,VSA002,4VE002,17.1,12.8,13.7,12067,25.1,Versailles -> 4 Vents
CO2,HAV002,HCP002,14.4,12.8,13.4,7994,11.3,Vanderhaghen -> Caserne Des Pompiers
MWR,MPJ002,MPH002,15.1,12.8,14.0,670,15.3,Place De La Justice -> Phenix
CITL,SIM003,TSS001,16.8,12.8,14.5,8756,23.4,Centre Commercial -> Cimetiere Du Sud
10,LTA001,PNF001,14.6,12.8,13.1,12347,12.1,Voltaire -> Pont Neuf
L8,TRE001,CRO001,15.3,12.8,14.2,12310,16.5,Testelin -> Croix Rouge
236,ARG077,IDH002,,12.8,10.4,202,,Armentieres Gare -> Faidherbe
14,PRR002,ARA004,14.5,12.8,13.7,11781,12.0,Porte D'Arras -> Arago
L8,TPO001,ADR003,16.7,12.8,14.8,24509,23.6,Poste -> Les Arcades
13,GNA001,SQM001,15.8,12.8,13.3,11111,18.9,Montagnards -> Square Des Meres
34,ROU031,NUR002,14.3,12.9,13.9,7557,10.1,Euroteleport -> Nations Unies
MWR,ROU134,NUR002,11.5,12.9,12.8,1186,-12.5,Euroteleport -> Nations Unies
76,HIP002,CLN001,19.0,12.9,17.9,3220,31.9,Hippodrome -> Clinique De Lambersart
76,MEM001,QUO007,12.4,12.9,13.3,3141,-4.5,Mermoz -> Bayart
13,BOI011,TMI011,14.4,12.9,14.0,4278,10.7,Bois Blancs -> Tremiere
L5,SFO001,DUO001,14.4,12.9,14.9,16241,10.8,Solferino -> Universite Catholique
L1,EBA001,EBA003,15.0,12.9,13.6,13605,13.9,Jb Lebas -> Liberte
50,VTR001,UET001,14.9,12.9,13.9,8271,13.2,Dupleix -> Jacquet
938,SSO002,ARG007,,12.9,,217,,Securite Sociale -> Armentieres Gare
51,LBO003,LCL002,14.2,12.9,13.6,4684,9.5,Lambersart Bourg -> Clouet
L5,LEC001,COR004,15.2,12.9,14.2,2744,15.3,LEC001 -> Cormontaigne
L91,MGA002,MLA002,16.0,12.9,14.0,5723,19.7,Gare -> Mairie
Z1,GRA002,PDN001,,12.9,,1058,,Malcense-Égalité -> Pt De Neuville
10,LCD003,CHR001,21.8,12.9,15.9,5762,40.7,Chasseurs De Driant -> Chu-Centre O. Lambret
88,REG001,ROC001,,12.9,15.8,695,,Rue De L'Eglise -> Chapelle St Roch
14,EBA001,EBA003,15.4,12.9,14.0,11708,16.1,Jb Lebas -> Liberte
18,MTT005,LPZ001,14.0,13.0,14.0,12060,7.3,Mont De Terre -> P.S. De Lezennes
L1,PDO006,GBE002,13.8,13.0,14.2,14421,5.9,Porte De Douai -> Gaston Berger
902,ASA001,DSA001,,13.0,,247,,Les Genêts -> Les Saules
52,MTT001,PTT001,,13.0,14.5,4073,,Mont De Terre -> Pont De Tournai
L91,MOR001,HAL001,14.3,13.0,13.9,6032,8.9,Monument Aux Morts -> Centre Ville
CIT5,RRL002,PLT001,14.4,13.0,14.8,12348,9.9,Louis Loucheur -> Place Du Travail
L3,ZBE006,OSE001,13.7,13.0,13.6,15341,5.1,Quart. Beaulieu -> La Roseliere
87,THD002,PLR037,17.8,13.0,14.9,4120,27.4,Hotel De Ville -> Tourcoing Centre
CO3,VIS001,BRG199,,13.0,15.4,856,,Beau Visage -> Bourg
14,PRR003,FBG004,15.5,13.0,15.1,11785,16.6,Porte D'Arras -> Faubourg D'Arras
35,PLR031,ADR002,16.8,13.0,14.7,6025,22.5,Tourcoing Centre -> Les Arcades
55,EPN002,EPN001,,13.0,13.4,2667,,Centre Commercial -> Centre Commercial
84,MIL004,CBE002,17.2,13.0,15.6,4163,24.6,École Des Douanes -> Colbert
CITA,SSO001,RLI002,,13.0,13.6,4736,,Securite Sociale -> Rue De Lille
L6,PDB009,CSN004,15.3,13.0,14.6,14611,14.9,Pont De Bois -> La Chesnaie
67,JAP001,RHA001,15.8,13.0,15.6,2926,17.6,La Jappe -> Rue D'Haubourdin
14,LAL001,QAM001,15.5,13.0,14.2,12076,16.3,Lalau -> Marquette Mairie
CIT5,RXC001,VIG004,15.3,13.0,13.8,12174,15.2,Collège Rosa Parks -> La Vigne
L4,RTG002,FCH004,14.5,13.0,13.3,12788,9.8,Rue De Tourcoing -> Fosse Aux Chenes
CITT,PDN004,GRA001,14.4,13.0,15.1,8193,10.2,Pt De Neuville -> Malcense-Égalité
30,WAS051,WMI002,15.1,13.0,14.2,5613,13.9,Centre -> Hotel De Ville
CIT5,BDO001,CMB001,16.4,13.0,16.3,12347,20.7,Boulevard De Douai -> Hospice Barbieux
86,MGA002,MLA002,16.9,13.0,14.9,4351,23.4,Gare -> Mairie
L3,IQU002,RCA002,13.7,13.0,13.8,14378,5.2,Republique -> Carnot
82,MOR001,HAL001,,13.0,14.7,2297,,Monument Aux Morts -> Centre Ville
CITL,FBG004,RDL001,14.4,13.0,15.0,8772,9.8,Faubourg D'Arras -> Rue De L'Oise
RME1,CIO001,HDV005,13.8,13.1,14.4,750,5.1,College Triolo -> HDV005
CIT5,HOR002,CMB002,19.6,13.1,19.2,12329,33.4,Hopital Victor Provo -> Hospice Barbieux
CIT5,FTE002,RFR001,14.9,13.1,13.6,12132,12.1,FTE002 -> Roubaix Man Fraternité
CITT,ONS002,PLR010,17.4,13.1,15.2,8059,24.6,Conservatoire -> Tourcoing Centre
Z1,PLR010,ADR002,,13.1,,1101,,Tourcoing Centre -> Les Arcades
Z1,ONS002,PLR010,,13.1,,1107,,Conservatoire -> Tourcoing Centre
CITL,LCB003,COR001,14.8,13.1,14.3,4023,11.1,Colbert -> Cormontaigne
58,HAV002,HPE001,14.8,13.1,15.6,5058,11.4,Vanderhaghen -> La Pepiniere
L5,AUG001,LRD001,14.2,13.1,12.2,16538,8.2,Augereau -> Rue De Londres
L4,ADR002,TPO002,13.6,13.1,14.1,13393,3.3,Les Arcades -> Poste
80,MAT004,CJR001,,13.1,13.0,341,,Maternite -> College Jean Rostand
80,MPE004,PRD004,,13.1,15.1,2635,,Agache -> Picardie
61,THB002,WIM001,,13.1,14.0,1685,,Theodore Brasme -> Wicres Mairie
14,EUQ002,QAM002,18.6,13.1,15.8,12136,29.5,Les Alouettes -> Marquette Mairie
L5,CIL005,NAT003,14.4,13.1,13.6,12757,8.6,Champ De Mars -> Nationale
CIT5,VAR002,ATT002,11.6,13.1,13.3,8622,-12.9,Roussel -> Clarisses
13,BEC001,ISI001,15.9,13.1,12.5,10945,17.6,Bd Leclerc -> Lavoisier
14,PLB002,MVI002,15.0,13.1,14.1,12116,12.6,Place De La Boucherie -> Victoire
66,EIF002,LAN001,14.6,13.1,14.1,3282,10.5,Tour Eiffel -> Place
17,PLR003,ADR002,16.2,13.1,14.6,10165,19.3,Tourcoing Centre -> Les Arcades
L1,EBA002,RDV004,14.2,13.1,13.5,14289,7.5,Jb Lebas -> Rue De Valenciennes
L1,MOS001,SAN003,14.5,13.1,14.8,15120,10.1,Moliere -> Mairie
35,MOL002,VBR002,14.2,13.1,13.4,6131,7.9,Mont A Leux -> Vieux Bureau
73,ANN001,ANP001,,13.1,16.4,371,,Republique -> Poste D'Annappes
Z6,RXC001,VIG004,,13.1,,960,,Collège Rosa Parks -> La Vigne
CO2,PAR002,HAV002,14.2,13.1,12.2,16068,8.3,Le Parc -> Vanderhaghen
84,LIR001,SOC002,14.0,13.1,13.7,4175,6.1,Lierre -> Centre Social
CITH,ROH003,HAL001,12.9,13.1,13.0,4525,-2.0,Hotel De Ville -> Centre Ville
Z4,AMS001,SFR001,,13.2,,843,,Amsterdam -> Saint Francois
52,ERR002,LEG002,18.0,13.2,14.7,7086,26.4,Ferrer -> Legrand
CO3,BDU004,MYT012,,13.2,13.4,5176,,Bd De L'Ouest -> Coty
81,ARM083,THI002,,13.2,17.1,483,,Hotel De Ville -> Place Thiers
35,GEA011,AID005,14.8,13.2,13.5,3385,11.1,Galon D'Eau -> Condition Publique
33,3SU001,SDU001,17.7,13.2,14.9,7413,25.4,Trois Suisses -> Mouvaux Coeur De Ville
18,ENI002,LPZ002,17.4,13.2,13.8,12069,24.0,Avenir -> P.S. De Lezennes
87,LIP002,CSM001,17.2,13.2,16.7,3421,22.9,Linselles Place -> Coll Ste Marie
Z1,TGC001,PDN003,,13.2,,458,,Cimetière De Tourcoing -> Pt De Neuville
923,LBO001,LLI001,,13.2,,201,,Lambersart Bourg -> Liberte
78,EIF002,LAN001,,13.2,15.5,747,,Tour Eiffel -> Place
CO1,WBO001,PHG004,,13.2,14.5,5053,,Bourget -> Philippe De Girard
L5,HAV002,HCP002,14.3,13.2,13.7,16355,7.5,Vanderhaghen -> Caserne Des Pompiers
58,CAL002,FDP002,14.8,13.2,14.8,5211,10.8,Chu Eurasanté -> Faculte De Pharmacie
10,LLA003,BLC005,14.4,13.2,13.9,11802,8.4,Leo Lagrange -> Blanchisseurs
L4,PLR011,THD001,17.0,13.2,14.6,13002,22.5,Tourcoing Centre -> Hotel De Ville
88,SSM001,SGR001,,13.2,,584,,Eglise -> Gravier De Lille
CITL,ARA004,RUW002,14.8,13.2,14.1,8226,10.7,Arago -> Rue De Wazemmes
17,TPO001,ADR003,15.6,13.2,15.7,10032,15.5,Poste -> Les Arcades
L8,MET002,VIG002,16.2,13.2,14.5,12438,18.6,Boulevard De Metz -> La Vigne
89,LEF001,HOC001,18.5,13.2,18.0,4425,28.7,Vigne -> Jardin Jean Moulin
L91,CHF001,MLA001,15.9,13.3,14.5,6125,15.9,Chaufour -> Mairie
Z4,PLR010,ADR002,,13.3,,833,,Tourcoing Centre -> Les Arcades
L5,LCB005,COR004,15.4,13.3,15.0,9645,13.4,Colbert -> Cormontaigne
L4,THD002,PLR010,19.5,13.3,15.6,13136,31.6,Hotel De Ville -> Tourcoing Centre
Z4,TPO002,TGA002,,13.3,,840,,Poste -> Tourcoing Gare
CIT5,ATT002,CRM002,12.1,13.3,13.7,8616,-10.2,Clarisses -> Creche
CITL,LEC002,LCB001,15.9,13.3,13.6,440,16.5,LEC002 -> Colbert
C9,ING001,HUA001,13.8,13.3,14.4,10007,3.4,Guinguette -> Docteur Huart
C9,DVE002,FJA002,14.8,13.3,13.4,10074,9.8,Derville -> Jacquard
88,ROC002,REG002,,13.3,14.7,1451,,Chapelle St Roch -> Rue De L'Eglise
L5,CHF001,MLA001,15.2,13.3,14.1,16437,12.3,Chaufour -> Mairie
CO3,MDE001,VIS001,,13.3,14.7,856,,Maison Des Enfants -> Beau Visage
14,GEY001,WBO001,14.7,13.3,14.3,12202,9.5,De Geyter -> Bourget
CITL,ARJ003,RTA001,16.1,13.3,16.6,8185,16.9,Jeanne D'Arc -> Artois
CITL,CAV001,LBE001,15.9,13.3,15.3,8779,16.0,Cavell -> Courbet
52,BDU001,MTT001,22.2,13.3,18.6,8769,39.8,Bd De L'Usine -> Mont De Terre
10,LLO001,PSU001,16.4,13.3,13.9,12509,19.1,Lomme-Lambersart -> Pont Superieur
CO1,RHA001,ARO001,,13.3,17.0,4968,,Rue D'Haubourdin -> Av. De  Roubaix
L7,PCG001,SUE001,14.6,13.3,13.9,12952,8.5,Place Garonne -> Guesde
922,PAT002,RBE001,,13.3,,294,,Parmentier -> Faidherbe
CITL,PRR003,FBG004,16.3,13.3,16.1,8247,18.3,Porte D'Arras -> Faubourg D'Arras
L3,EIF002,LAN001,15.0,13.3,14.6,9469,11.4,Tour Eiffel -> Place
L5,REG002,FIE002,15.3,13.3,14.2,9615,13.0,Rue De L'Eglise -> Montgolfier
L5,NAT003,REP007,15.9,13.4,13.8,15403,15.6,Nationale -> République Beaux-Arts
L5,NAT001,JVA001,14.5,13.4,14.1,15571,7.1,Nationale -> Champ De Mars
CO3,SHW002,MDM002,,13.4,14.4,5178,,Schweitzer -> Mairie De Mons
86,CHF001,MLA001,16.5,13.4,14.8,4433,18.4,Chaufour -> Mairie
10,EGA002,LOM002,16.5,13.4,14.5,11807,19.1,Egalite -> Marais
34,ANN001,ANP001,16.0,13.4,15.3,7566,16.4,Republique -> Poste D'Annappes
58,HRI002,HPE002,16.5,13.4,15.3,5147,18.8,Les Riez -> La Pepiniere
61,DCA001,SWG001,,13.4,15.4,1710,,Calmette -> Gare De Don
58,PAR002,HAV002,15.0,13.4,15.8,10208,10.8,Le Parc -> Vanderhaghen
88,SCP003,BOV002,,13.4,15.4,2563,,Le Complivois -> Bouverie
10,BLC001,LLA001,15.5,13.4,14.7,12595,13.6,Blanchisseurs -> Leo Lagrange
L5,MMA007,MMA001,15.9,13.4,15.2,9699,15.4,Mairie -> Quesne Mairie
Z1,RYS001,TGC001,,13.4,,579,,Pépinière -> Cimetière De Tourcoing
36,CXM003,PCB001,16.2,13.4,15.7,5112,17.0,Mairie De Croix -> Parc Barbieux
36,GUY002,DEY002,15.2,13.4,14.4,5625,12.0,Guynemer -> Delory
L5,LCD004,AUG001,14.7,13.4,14.3,16579,8.7,Chasseurs De Driant -> Augereau
36,RTR001,MFO002,15.2,13.4,14.4,3403,11.6,Rue De Tressin -> Mairie
82,ARM083,THI002,,13.4,15.2,2227,,Hotel De Ville -> Place Thiers
L3,RCA001,IQU001,13.9,13.4,13.6,14365,3.2,Carnot -> Republique
67,RJA001,PID001,16.2,13.4,16.8,2959,17.3,Jean Jaures -> P I De Douai
76,MPE005,ARP001,17.2,13.4,14.8,6304,22.2,Hotel De Ville -> Gare
18,NAT004,SAC001,16.2,13.4,15.0,9333,17.1,Nationale -> Sacre Coeur
L2,LSS002,EUL005,18.3,13.4,15.0,15094,27.1,Recherche -> Eurasante
CITL,ARA003,PRR003,16.4,13.4,15.4,8234,18.1,Arago -> Porte D'Arras
CIT5,PLT002,RRL001,15.6,13.4,15.1,12327,13.8,Place Du Travail -> Louis Loucheur
CITT,ICT078,PLR011,16.2,13.4,15.1,8240,17.4,Victoire -> Tourcoing Centre
88,CHF001,MLA001,,13.4,16.1,2714,,Chaufour -> Mairie
MWR,PLG002,WPL002,14.7,13.4,13.0,1196,8.5,De Gaulle -> Wattrelos Place
L8,REI001,SQD005,14.3,13.4,14.1,12251,6.5,Boulevard De Reims -> Square Des Platanes
75,MPE002,ARP001,,13.4,15.7,1004,,Hotel De Ville -> Gare
CO1,VSA002,4VE002,,13.4,14.1,3411,,Versailles -> 4 Vents
10,LLI002,LBO002,14.6,13.4,14.3,12888,7.7,Liberte -> Lambersart Bourg
10,LAG001,CDO001,15.8,13.5,14.5,9132,14.5,Gambetta -> Canon D'Or
10,LLA001,LME001,14.8,13.5,13.9,12577,9.0,Leo Lagrange -> Eglise Du Marais
CIT5,OTT003,HCH003,17.6,13.5,12.2,12209,22.9,Motte -> Les Hauts Champs
51,SCL001,LBO003,15.5,13.5,14.3,4639,12.7,St Clement -> Lambersart Bourg
MWR,WPL001,PLG001,16.0,13.5,16.1,1195,15.6,Wattrelos Place -> De Gaulle
58,ZAC002,HCO002,17.7,13.5,17.3,5169,23.6,Zac Du Moulin -> La Colle
58,HCP002,HMA003,14.4,13.5,14.5,5028,6.0,Caserne Des Pompiers -> Mairie
L99,SSO002,ARG007,14.8,13.5,14.2,7549,9.0,Securite Sociale -> Armentieres Gare
C8,TWA009,TWA001,,13.5,14.7,2348,,Lucie Aubrac -> Watt
L92,JUB002,SHO002,16.0,13.5,16.1,7209,15.5,Jude Blanckaert -> Hotel De Ville
C8,TAI001,TCL001,,13.5,15.3,2345,,Voltaire -> Clinquet
30,SRB001,STC001,15.4,13.5,13.9,5572,12.5,Sentier Des Briques -> Saint Clement
18,ENI001,ZIH001,17.4,13.5,16.4,11998,22.6,Avenir -> Zi Hellu - Epine
L1,COP002,CIL005,17.5,13.5,14.2,14483,23.0,Colpin -> Champ De Mars
Z4,PLR010,ICT011,,13.5,,737,,Tourcoing Centre -> Victoire
CO3,PCM005,JOS003,,13.5,15.6,4823,,Marche -> Josephine
CO2,CCD002,CAL007,18.1,13.5,17.1,8095,25.7,Coeur Poumon -> Chu Eurasanté
L2,WCC001,LCN001,14.0,13.5,14.0,14897,3.5,Centre Commercial -> Laennec
35,AID006,GEA010,15.4,13.5,14.8,3467,12.6,Condition Publique -> Galon D'Eau
82,TGC002,RYS003,,13.5,14.7,1863,,Cimetière De Tourcoing -> Pépinière
84,THD002,PLR037,18.4,13.5,15.5,4093,26.2,Hotel De Ville -> Tourcoing Centre
87,MIL004,CBE002,16.7,13.5,16.3,4206,19.1,École Des Douanes -> Colbert
84,HVO001,CPA001,16.7,13.5,15.1,4234,19.1,Hotel Voyageurs -> Théâtre De L'Idéal
13,ASC002,BAT002,16.7,13.5,16.3,11257,19.1,Village -> Baratte
L4,CBE001,MIL001,16.0,13.5,15.1,13076,15.8,Colbert -> École Des Douanes
L2,BAE001,LMR001,14.0,13.5,13.9,2438,3.6,Barbusse -> La Marliere
89,MIL004,CBE002,17.2,13.5,15.5,4576,21.7,École Des Douanes -> Colbert
89,THD002,PLR020,19.4,13.5,15.5,4467,30.3,Hotel De Ville -> Tourcoing Centre
34,ANP002,ANN002,17.7,13.5,16.4,7490,24.1,Poste D'Annappes -> Republique
CITA,CJR004,MAT003,,13.6,17.6,4763,,College Jean Rostand -> Maternite
L8,OJT002,CRO002,16.9,13.6,15.8,12177,19.4,Saint Joseph -> Croix Rouge
CITL,PRR002,ARA004,15.7,13.6,15.3,8260,13.4,Porte D'Arras -> Arago
35,MOL001,ENO001,16.0,13.6,15.3,5943,14.6,Mont A Leux -> La Martinoire
35,ROU058,NUR002,14.9,13.6,14.5,3376,8.5,Euroteleport -> Nations Unies
N1,REP007,LIG003,,13.6,14.1,541,,République Beaux-Arts -> Gare Lille Flandres
13,SAB001,MSA001,16.6,13.6,15.1,11119,18.3,Sabliere -> Mons Sarts
L7,RHA001,ARO001,18.1,13.6,16.2,13558,24.9,Rue D'Haubourdin -> Av. De  Roubaix
923,WCV001,WAY001,,13.6,,200,,Cavle -> Chateau
L6,COA002,CES001,14.3,13.6,13.8,14421,5.3,Cocteau -> Contrescarpe
73,BAT002,AQC002,,13.6,14.6,364,,Baratte -> Ascq 4 Chemins
C10,ABB001,MAB004,,13.6,15.6,3096,,Abbe Bonpain -> Buisson
CITL,RTA001,RUW001,15.6,13.6,16.2,8186,13.1,Artois -> Rue De Wazemmes
18,HRE002,PIS003,15.8,13.6,15.0,11830,14.0,Henri Regnault -> Piscine M. Dormoy
68,PPC002,LSG002,21.6,13.6,17.3,3763,36.8,Centre Culturel -> Gare
L92,GRS001,ESG002,17.9,13.6,15.7,6591,23.9,Gare -> Eglise
L3,PNC002,IQU002,15.2,13.6,13.5,15526,10.2,Centre Commercial -> Republique
87,PLR037,THD001,16.6,13.6,14.7,4249,17.8,Tourcoing Centre -> Hotel De Ville
10,LTA002,MAG002,14.4,13.6,13.6,11190,5.0,Voltaire -> Magasin
CO2,3CH001,CCE001,15.9,13.6,11.1,8120,14.4,Trois Chenes -> Ctre Commercial
82,COG001,SDE002,,13.6,15.8,561,,Comines Gare -> Place De Gaulle
84,CBE002,THD002,15.4,13.6,15.5,4092,12.0,Colbert -> Hotel De Ville
CITT,PLR011,ONS001,17.1,13.6,15.2,8021,20.2,Tourcoing Centre -> Conservatoire
51,LLI001,LLE002,15.8,13.6,14.6,932,13.9,Liberte -> Lemire
CIT5,FLE002,OTT003,18.3,13.6,15.2,12224,25.8,Salengro -> Motte
18,RDT001,CTA001,17.4,13.7,16.1,11558,21.3,Rue De Toul -> Place Catinat
L91E,EUR002,LIG117,,13.7,,370,,Lille Europe -> Gare Lille Flandres
76,PLV001,ETC006,15.2,13.7,14.1,3340,10.1,Le Pont -> Euratechnologies
917,DCA001,DAE002,,13.7,,552,,Calmette -> Lardé
18,PMA001,NOX002,15.1,13.7,14.1,12032,9.6,G. Lyon -> Le Bois Habite
10,AVU001,RDS002,15.9,13.7,15.1,1246,13.8,Avenue De Gaulle -> Saut Du Loup
10,HOS003,PNF002,15.8,13.7,14.0,11234,13.4,Les Bateliers -> Pont Neuf
18,ROB001,PLV001,16.7,13.7,15.7,11688,18.3,Bayart -> Le Pont
78,AGO001,UST001,,13.7,16.0,585,,Agora -> Justice
CITL,RUW001,ARA003,15.3,13.7,14.9,8195,10.6,Rue De Wazemmes -> Arago
88,BOV001,SCP001,,13.7,15.5,2319,,Bouverie -> Le Complivois
18,PTT002,MTT005,14.9,13.7,14.8,12065,7.8,Pont De Tournai -> Mont De Terre
CIT5,EPE001,CRM001,10.6,13.7,10.9,12323,-29.0,Ep. Montesquieu -> Creche
13,FLO001,LAD001,16.3,13.7,15.4,10996,15.5,Florence -> Ladriere
89,BON001,BOE001,15.2,13.7,15.3,4529,9.9,N. Segard -> Eglise
14,WBO002,GEY002,14.6,13.7,14.1,12156,6.3,Bourget -> De Geyter
13,PAH012,FOR005,15.0,13.7,14.8,10992,8.5,Chappe -> Fort De Mons
N1,TRV002,PDO002,,13.7,13.9,445,,Trevise -> Porte De Douai
CITL,CHQ002,SAC002,16.7,13.7,15.0,8179,17.6,Rue Du Port -> Sacre Coeur
84,PLR037,THD001,17.3,13.7,15.1,4381,20.9,Tourcoing Centre -> Hotel De Ville
L3,WPL001,PLG001,17.0,13.7,15.3,15512,19.6,Wattrelos Place -> De Gaulle
13,ANP002,ANN002,17.9,13.7,16.3,11282,23.7,Poste D'Annappes -> Republique
L5,REP007,MCX002,15.0,13.8,14.3,15131,8.1,République Beaux-Arts -> Tanneurs
61,SMC002,SPO002,,13.8,13.5,1687,,Saint Michel Sur  Loire -> Place Des Ecoles
33,RER001,BLA002,19.2,13.8,16.4,7246,28.0,Ermitage -> Universités
L91E,LEU001,SMP001,,13.8,,363,,Lille Europe -> St Maurice Pellevoisin
10,LOO001,ENC003,16.0,13.8,14.8,6325,14.2,Loos Mairie -> Clemenceau
922,FLM001,FLB001,,13.8,,530,,Flers Masquelier -> Flers Bourg
L1,CIL005,NAT003,15.1,13.8,14.0,13988,8.8,Champ De Mars -> Nationale
18,LEZ002,ERB002,16.0,13.8,14.9,9684,13.5,Mairie -> Faidherbe
L90,QUE001,QRA002,14.4,13.8,11.6,6310,4.2,Quesnoy Mairie -> Traversiere
Z3,PPC002,LSG002,,13.8,,494,,Centre Culturel -> Gare
L3,JGU001,GOL001,14.8,13.8,14.4,13148,7.2,Jules Guesde -> Montgolfier
51,LBO001,LLI001,16.5,13.8,15.4,932,16.1,Lambersart Bourg -> Liberte
52,MTT001,FRL001,15.6,13.8,14.7,4728,11.9,Mont De Terre -> Freres Lumiere
Z2,GBE002,PID002,,13.8,,746,,Gaston Berger -> P I De Douai
C9,FRR001,LPZ001,,13.8,13.4,2404,,Ferry -> P.S. De Lezennes
58,JEF002,HWA002,19.7,13.8,18.9,5206,30.2,Fac De Medecine -> Hop J De Flandre
61,SRE001,LEV001,,13.8,16.7,1842,,Republique -> Place L.Orval
88,QAM002,LAL002,,13.8,15.5,2289,,Marquette Mairie -> Lalau
80,RLI001,ARG083,14.8,13.8,14.8,2812,6.8,Rue De Lille -> Armentieres Gare
NVL,LTA001,MSI003,,13.8,13.2,8686,,Voltaire -> Citadelle
10,CDO002,LAG002,16.6,13.9,15.1,9384,16.2,Canon D'Or -> Gambetta
10,AUG001,LRD001,15.6,13.9,13.9,6354,11.3,Augereau -> Rue De Londres
75,COG001,SDE002,,13.9,15.1,894,,Comines Gare -> Place De Gaulle
L8,CRO002,TRE002,15.8,13.9,15.1,12179,11.9,Croix Rouge -> Testelin
L4,HOO002,SEB002,16.5,13.9,15.3,13103,16.3,Hondschoote -> Sebastopol
MWR,ATA001,GEA010,14.3,13.9,13.5,1196,2.6,Place Chaptal-Cimetière -> Galon D'Eau
67,VEN003,VLL001,19.7,13.9,18.7,3101,29.4,Eglise -> Mairie
14,BAJ001,ARA003,15.6,13.9,14.4,11756,10.9,Bas Jardin -> Arago
L7,JAP001,RHA001,16.4,13.9,15.4,13355,14.9,La Jappe -> Rue D'Haubourdin
35,PLG002,WAH002,15.7,13.9,15.0,6214,11.7,De Gaulle -> WAH002
50,MMA007,MMA001,17.8,13.9,16.1,8135,22.4,Mairie -> Quesne Mairie
Z6,MGR004,NAU002,,13.9,,986,,Gare Jean Lebas -> Blanchemaille
L2,BAE002,USS002,14.5,13.9,14.2,14885,3.8,Barbusse -> Curie
18,PLV001,ETC003,15.7,13.9,14.8,11814,11.6,Le Pont -> Euratechnologies
50,LEU001,UET002,14.2,13.9,12.5,7984,2.4,Lille Europe -> Jacquet
C8,TWA002,TWA008,,13.9,14.0,2349,,Watt -> Lucie Aubrac
908,WCV001,WAY001,,13.9,,223,,Cavle -> Chateau
CITA,SSO002,ARG083,,13.9,15.6,4571,,Securite Sociale -> Armentieres Gare
9,PNF002,PJU001,17.3,13.9,15.1,12480,19.8,Pont Neuf -> Palais Justice
L1,CAW002,WCV002,15.8,13.9,14.9,11108,12.0,Mairie -> Cavle
34,GUY002,LEM001,16.4,13.9,14.0,7447,14.8,Guynemer -> Leon Marlot
L5,PDP008,LBM001,17.2,13.9,13.2,15654,18.7,Porte Des Postes -> Boulevard De Metz
L91,CHW003,MCM002,16.6,13.9,15.7,6125,16.1,Chemin Wervicq -> Cimetiere
L8,SQD002,REI002,15.1,13.9,15.0,12563,7.9,Square Des Platanes -> Boulevard De Reims
L5,LOO001,ENC001,15.2,13.9,14.7,16534,8.9,Loos Mairie -> Clemenceau
L5,LEC003,LCB002,16.8,13.9,15.4,2713,17.5,LEC003 -> Colbert
18,MTT006,PTT001,13.7,14.0,12.8,12065,-1.8,Mont De Terre -> Pont De Tournai
942,CLG001,RDE002,,14.0,,233,,College Matisse -> Rue Des Ecoles
L2,CCD002,CAL012,17.1,14.0,16.9,15069,18.1,Coeur Poumon -> Chu Eurasanté
CO2,LCH001,LPX001,15.4,14.0,14.3,8076,8.8,Chatelet -> La Paix
55,RIE004,BUR003,16.2,14.0,14.7,4414,13.5,Le Riez -> Burgault
34,FLE002,OTT003,18.1,14.0,15.5,7465,22.4,Salengro -> Motte
30,COE001,LYC001,15.8,14.0,15.9,5633,11.3,Sacre Coeur -> Lycee Gambetta
L1,RJA001,PID001,15.4,14.0,14.9,15107,9.3,Jean Jaures -> P I De Douai
L3,PDS002,OTT002,16.2,14.0,14.8,12711,13.7,Parc Des Sports -> Motte
CITL,RTA002,ARJ005,16.4,14.0,15.7,5202,14.9,Artois -> Jeanne D'Arc
922,BDM003,PAB001,,14.0,,314,,Boulevard De Mons -> Pave Bleu
58,HWA001,JEF001,18.5,14.0,18.2,5067,24.5,Hop J De Flandre -> Fac De Medecine
82,ARM082,JJA001,,14.0,16.8,2861,,Hotel De Ville -> Jean Jaures
88,MAL001,SSM001,,14.0,,583,,Cat Malecot -> Eglise
CO1,RDB002,RUB002,,14.0,15.1,5053,,Rue De Bordeaux -> Rubens
L1,GBE001,PDO007,15.5,14.0,14.9,14987,9.9,Gaston Berger -> Porte De Douai
10,AVU002,LLI002,15.3,14.0,14.8,12894,8.7,Avenue De Gaulle -> Liberte
76,MPE001,LPA002,17.4,14.0,15.9,6033,19.7,Gare -> La Paix
C10,GPE001,DCQ001,,14.0,16.3,3386,,Peri -> Ducroquet
88,BOV002,ZMO002,,14.0,16.0,2613,,Bouverie -> P.A. Du Moulin
908,ERA001,CLE001,,14.0,,231,,Pare -> Leclerc
CO3,SAN003,FOS001,,14.0,16.2,5164,,Mairie -> Foch
MWR,PNC001,WPL001,16.1,14.0,14.4,1195,13.2,Centre Commercial -> Wattrelos Place
51,ROY002,CDO002,16.6,14.0,16.7,5503,15.7,Pont Royal -> Canon D'Or
52,FRL001,MTT002,17.4,14.0,16.6,4661,19.5,Freres Lumiere -> Mont De Terre
CO2,JDL001,HAV001,17.7,14.0,15.1,8171,21.3,J. Luxembourg -> Vanderhaghen
35,ENO002,MOL002,16.3,14.1,15.5,6021,13.7,La Martinoire -> Mont A Leux
L99,LEO003,JCT002,15.6,14.1,14.8,2216,9.6,Leo Lagrange -> Jacques Cartier
L3,LAN001,EIF001,16.8,14.1,15.6,8511,16.2,Place -> Tour Eiffel
58,JAQ001,HGA001,17.3,14.1,16.9,5040,18.4,Jacquard -> Gare
18,ROB002,STR002,16.4,14.1,15.4,11707,13.9,Bayart -> Saint Charles
N1,TRV001,DOA001,,14.1,12.7,455,,Trevise -> Douai Arras
87,CBE002,THD002,16.8,14.1,16.6,4128,15.7,Colbert -> Hotel De Ville
61,WRP002,WAE002,,14.1,13.9,1653,,Republique -> Eglise
35,ARI002,HOP001,16.8,14.1,15.6,3139,16.0,Carin -> Hopital
34,MUS005,ANN001,17.5,14.1,16.5,7582,19.0,Musee Du Terroir -> Republique
L2,HWA001,JEF001,18.5,14.1,18.1,14967,23.9,Hop J De Flandre -> Fac De Medecine
L2,LMB001,LCR001,15.8,14.1,15.3,14944,10.9,Mirabeau -> Leclerc
36,MFO001,RTR001,14.9,14.1,13.9,2372,5.4,Mairie -> Rue De Tressin
L1,SAN003,FOS001,16.4,14.1,15.8,15127,13.5,Mairie -> Foch
10,LAF002,CDT002,15.6,14.1,13.4,7259,9.9,Anatole France -> Croix Du Temple
CITA,GUD001,IDF001,,14.1,14.3,1765,,Gustave Dron -> Lp De  Flandres
L8,GEA013,NUR004,15.7,14.1,15.1,12440,10.4,Galon D'Eau -> Nations Unies
C12,SJN001,ROU066,,14.1,14.7,3369,,Saint Jean -> Euroteleport
34,OTT003,HCH003,17.7,14.1,12.5,7512,20.6,Motte -> Les Hauts Champs
81,QPO001,QCE002,,14.1,15.9,782,,Le Pont -> Centre
CIT5,VDM004,FLE002,15.8,14.1,14.4,8418,10.8,Vélodrome -> Salengro
78,3PO001,BMA001,,14.1,13.6,646,,Trois Ponts -> Verdun
RME1,REP003,LIG091,13.2,14.1,11.7,821,-7.0,République Beaux-Arts -> Gare Lille Flandres
L1,TAL001,18J001,14.2,14.2,14.5,14792,0.0,Comtesse De Segur -> 18 Juin
10,PNF002,LTA002,15.4,14.2,14.5,11236,7.8,Pont Neuf -> Voltaire
CO3,MYT011,BDU003,,14.2,15.5,5163,,Coty -> Bd De L'Ouest
15,DLE001,18J001,,14.2,15.9,10182,,De Gaulle -> 18 Juin
L1,TRV002,PDO006,15.9,14.2,15.7,14420,11.2,Trevise -> Porte De Douai
CIT5,NDR002,MET002,15.1,14.2,15.2,12205,6.1,Flandre -> Boulevard De Metz
32,CPL012,CPT002,17.3,14.2,15.3,3766,17.6,Croix Centre -> Pont De Croix
L5,EME001,PIM001,17.0,14.2,15.5,9708,16.2,Clemenceau -> Piscine
10,LBO001,LLI001,16.1,14.2,15.1,12596,12.2,Lambersart Bourg -> Liberte
18,4VE001,VSA001,15.7,14.2,14.0,9682,9.8,4 Vents -> Versailles
67,MDF002,LMQ002,14.2,14.2,13.6,2971,-0.4,Moulin De Faches -> Moulin De Lesquin
L5,LDH002,ENC002,15.2,14.2,14.7,16449,6.8,Dhainaut -> Clemenceau
C10,CRL001,BAR001,,14.2,15.5,3390,,Croise Laroche -> Barrois
L90,LFA001,GST001,17.9,14.2,16.8,6337,20.6,Faidherbe -> Gare
915,SEQ001,SEE002,,14.2,,225,,SEQ001 -> Sequedin Eglise
9,HOS003,PNF002,17.1,14.2,14.3,12479,17.3,Les Bateliers -> Pont Neuf
CO1,CAL007,GID002,,14.2,16.3,5035,,Chu Eurasanté -> Gide
50,STM001,VTR001,16.7,14.2,15.0,8278,15.1,St Maurice -> Dupleix
MWR,MHO002,RPE002,18.6,14.2,15.9,1189,23.6,Hopital -> Rue De La Pepiniere
89,HOC001,HVO002,16.4,14.3,16.1,4426,12.6,Jardin Jean Moulin -> Hotel Voyageurs
13,SQM002,GNA002,16.5,14.3,15.3,10590,12.9,Square Des Meres -> Montagnards
50,PIL001,GAS001,17.5,14.3,15.8,8278,18.5,Pilon -> Gassendi
Z1,AVS002,HEN002,,14.3,,1128,,Avesnes -> Hentges
L3,PNC001,WPL001,16.4,14.3,14.6,15515,12.6,Centre Commercial -> Wattrelos Place
35,OSE001,ZBE012,17.7,14.3,15.1,3372,19.3,La Roseliere -> Quart. Beaulieu
L99,ARM007,RLI001,16.4,14.3,15.3,7452,12.4,Hotel De Ville -> Rue De Lille
14,ARA004,BAJ002,15.7,14.3,14.5,11784,8.8,Arago -> Bas Jardin
CO2,LDH001,HEU001,18.4,14.3,16.6,8113,22.4,Dhainaut -> Heurtebise
L1,MSI001,COP002,15.5,14.3,14.8,14459,7.8,Esplanade -> Colpin
51,VGH001,OLP001,,14.3,15.3,1035,,Mairie -> Olympiade
18,EBA003,REP003,16.5,14.3,15.6,11230,13.2,Liberte -> République Beaux-Arts
55,CDP002,ECS002,16.7,14.3,15.2,3256,14.4,Commune De Paris -> Ecole
CIT5,CAP002,CRE001,19.1,14.3,16.1,2303,25.3,CAP002 -> Cretinier
L5,LDH001,HEU001,16.7,14.3,16.3,16562,14.0,Dhainaut -> Heurtebise
L99,JCT001,LEO001,16.0,14.3,15.5,7373,10.3,Jacques Cartier -> Leo Lagrange
L5,LEU001,URB001,15.7,14.3,14.1,15964,8.9,Lille Europe -> Coubertin
CIT5,TYR002,MGR004,11.5,14.3,11.2,10148,-25.1,Musee -> Gare Jean Lebas
Z2,RUB004,DES001,,14.3,,734,,RUB004 -> Destoop
66,MFO001,RTR002,15.7,14.3,15.7,1971,9.3,Mairie -> Rue De Tressin
15,RJA001,PID001,17.0,14.3,16.6,11184,16.0,Jean Jaures -> P I De Douai
CITA,ARG083,IDH002,,14.3,14.5,4588,,Armentieres Gare -> Faidherbe
L3,ORT002,FTE004,15.7,14.3,15.1,12710,8.7,Pont Rouge -> Roubaix Man Fraternite
CITA,ISA002,PCI002,,14.3,16.1,4763,,Piscine -> PCI002
L5,SFO002,CIL005,16.4,14.3,15.7,13477,13.0,Solferino -> Champ De Mars
L3,ELI001,JGU001,15.6,14.4,15.2,13151,7.7,Sainte Elisabeth -> Jules Guesde
L3,BTM002,PNL002,15.5,14.4,15.4,12324,6.9,Boutemy -> Pn Lannoy
34,LEM002,GUY001,16.3,14.4,15.4,7588,11.6,Leon Marlot -> Guynemer
Z4,ICT002,PLR011,,14.4,,843,,Victoire -> Tourcoing Centre
L5,RLE001,LCD004,15.1,14.4,14.8,10870,4.3,Renoir -> Chasseurs De Driant
CO3,REG002,FIE002,,14.4,16.0,5171,,Rue De L'Eglise -> Montgolfier
CO2,CCE002,3CH002,17.4,14.4,11.6,8217,17.1,Ctre Commercial -> Trois Chenes
87,MIL003,HVO001,17.0,14.4,16.0,4258,15.2,École Des Douanes -> Hotel Voyageurs
CIT5,RTG001,HEC001,15.5,14.4,15.7,12197,7.1,Rue De Tourcoing -> Henri Carrette
35,TPO001,ADR003,18.6,14.4,16.7,6159,22.4,Poste -> Les Arcades
87,CBE001,MIL003,16.3,14.4,16.4,4171,11.6,Colbert -> École Des Douanes
30,STC001,RIB001,15.6,14.4,14.6,4308,7.9,Saint Clement -> Ribot
CO3,ENG002,JOS004,,14.4,17.4,5164,,Salengro -> Josephine
968,LAN002,EIF001,,14.4,,203,,Place -> Tour Eiffel
CIT5,MOT001,LEM001,17.0,14.4,14.5,12145,15.4,Fourmies -> Leon Marlot
32,CBA012,CMO002,16.5,14.4,15.9,7065,13.0,Cite Babylone -> College Moliere
33,BIF002,EEG002,15.2,14.4,13.0,7228,5.5,Leers Bifur -> Coeur De Ville
Z1,TPO002,TGA002,,14.4,,1124,,Poste -> Tourcoing Gare
CO3,MDE002,CMY002,,14.4,16.6,854,,Maison Des Enfants -> Cite Mouray
L1,NAT001,CIL004,15.7,14.4,15.4,14153,7.8,Nationale -> Champ De Mars
13,TMI012,BOI012,17.4,14.4,16.4,11294,17.3,Tremiere -> Bois Blancs
58,EDE001,LGH001,15.2,14.4,15.9,5063,5.7,Delory -> Ghesquiere
CITL,COR002,LEC002,16.9,14.4,16.1,1320,14.9,Cormontaigne -> LEC002
L1,CER002,GDE001,16.2,14.4,15.5,14793,11.5,Le Cerf -> Coluche
51,OLP002,VGH001,,14.4,16.4,943,,Olympiade -> Mairie
Z1,ONS001,HEN001,,14.5,,1053,,Conservatoire -> Hentges
L90,LIG114,LEU001,14.6,14.5,13.7,6065,0.5,Gare Lille Flandres -> Lille Europe
L90,QUE002,QPO004,16.1,14.5,15.9,6225,9.4,Quesnoy Mairie -> Le Pont
C8,CBE001,JDN001,,14.5,15.7,2296,,Colbert -> Jourdan
13,ANM001,SAB001,17.3,14.5,15.3,11121,16.1,Ancienne Mairie -> Sabliere
55,BUR003,CDP002,15.3,14.5,15.1,4631,5.2,Burgault -> Commune De Paris
34,LEK003,TTE001,16.0,14.5,15.4,7517,9.2,Laennec -> Watteeuw
L5,ENC001,LDH001,16.9,14.5,15.8,16530,14.4,Clemenceau -> Dhainaut
L4,ERU001,MIL002,16.8,14.5,15.5,13379,13.8,Parc Clemenceau -> École Des Douanes
L1,ERA001,CLE001,16.3,14.5,15.5,10947,11.4,Pare -> Leclerc
14,BAJ002,DOA006,17.6,14.5,15.7,11730,17.9,Bas Jardin -> Douai Arras
L99,BRV002,RAY001,16.1,14.5,15.2,7348,9.6,Pierre Beregovoy -> Raymond Lis
88,CHT001,CHT002,,14.5,15.2,1982,,Chariot D'Or -> Chariot D'Or
18,STR002,HRE002,16.9,14.5,15.5,11832,14.1,Saint Charles -> Henri Regnault
50,GAS001,MBA001,17.8,14.5,16.4,8280,18.7,Gassendi -> Ballon
66,AGO001,UST001,16.9,14.5,15.6,2050,13.9,Agora -> Justice
L7,FHO001,FAM001,15.5,14.5,14.8,14355,6.0,Hoche -> Mairie
87,HVO002,MIL004,20.2,14.5,18.7,4203,28.1,Hotel Voyageurs -> École Des Douanes
87,FBO006,FBO002,18.0,14.5,16.6,4189,19.8,Blanc Four -> Blanc Four
L2,JEF002,HWA002,20.5,14.5,19.4,15037,29.2,Fac De Medecine -> Hop J De Flandre
58,FDP001,CAL001,18.5,14.5,17.1,5057,21.8,Faculte De Pharmacie -> Chu Eurasanté
CIT5,CRM001,ATT001,13.3,14.5,15.2,12279,-8.7,Creche -> Clarisses
55,VST001,VPO001,20.0,14.5,16.3,4657,27.4,Villa Saint Eloi -> Mairie
C10,BSN001,ABB002,,14.5,16.4,3109,,Buisson -> Abbe Bonpain
78,VDM004,3PO001,,14.5,15.3,433,,Vélodrome -> Trois Ponts
967,PTO002,MTD002,,14.6,,223,,Place -> Mont Saint Bernard
76,LNG002,LAC002,16.5,14.6,16.7,3364,11.5,Lenglet -> Cite Familiale
30,FRE001,VAU001,17.5,14.6,15.6,941,16.4,Fresnoy -> Vauban
C12,DDE001,DUL001,,14.6,15.7,3369,,Rue De Denain -> Dupuy De Lome
911,ZAR002,SPH001,,14.6,,248,,Zone Artisanale -> Eglise Saint Paul
L92,ESG002,SHG001,17.6,14.6,17.3,7174,16.7,Eglise -> Hentges
30,PCE002,LYC002,15.0,14.6,14.5,5725,2.7,Carliers -> Lycee Gambetta
CO2,NDG001,PND003,20.0,14.6,19.5,8096,26.8,Nd De Grace -> Pn De Loos
L91,LIG114,LEU001,14.9,14.6,12.9,5999,2.0,Gare Lille Flandres -> Lille Europe
65,RDF002,LMI006,,14.6,13.7,1495,,Rue Des Fusilles -> M.I.N.
CITA,IDF001,ACT001,,14.6,15.8,3977,,Lp De  Flandres -> Cat
Z4,ICT011,PHY098,,14.6,,741,,Victoire -> Pont Hydraulique
926,JRS002,STX001,,14.6,,384,,Jean Jaures -> College Saint Exupery
55,CDP001,BUR001,16.8,14.6,15.5,4609,13.1,Commune De Paris -> Burgault
L5,HEU002,LDH002,18.4,14.6,17.2,16404,20.8,Heurtebise -> Dhainaut
32,NTB002,RDI002,17.9,14.6,17.2,7248,18.2,Note Bleue -> Rondeloir
CITT,PRF001,NSC002,16.4,14.6,14.8,8231,10.7,Prom De Flandre -> Schuman
L5,FIE002,MTG001,17.2,14.6,15.6,9612,14.7,Montgolfier -> Montgolfier
32,COO001,ARE001,,14.6,16.7,3244,,Louis Constant -> Jean Jaures
L1,MDF002,LMQ002,14.5,14.6,12.9,15088,-1.2,Moulin De Faches -> Moulin De Lesquin
76,LBL002,SCC006,15.6,14.6,15.3,3363,6.6,Blanchisseurs -> Sainte Cecile
CIT5,RDC002,RHO002,16.1,14.6,15.6,10157,9.0,Rue Des Champs -> Watremez
89,CBE002,THD002,18.6,14.6,18.0,4484,21.4,Colbert -> Hotel De Ville
50,PIL002,AND002,15.4,14.6,15.9,7961,5.2,Pilon -> Vandenberghe
84,CBE001,MIL003,17.2,14.6,16.3,4158,15.0,Colbert -> École Des Douanes
CITL,LFU001,ISL001,19.5,14.6,17.8,8214,25.1,Fulton -> Isly
923,ERA001,CLE001,,14.6,,200,,Pare -> Leclerc
CO3,CMY002,ALB005,,14.6,15.7,3341,,Cite Mouray -> ALB005
Z8,LSG001,PPC001,,14.6,17.5,1951,,Gare -> Centre Culturel
L6,CLL012,COU012,16.8,14.7,15.8,14382,12.5,Courtilles -> Cousinerie
36,SJO002,REC002,17.5,14.7,17.2,5642,15.9,Eglise St Joseph -> Rue Des Ecoles
13,ANP001,PET001,18.2,14.7,16.4,11325,19.3,Poste D'Annappes -> Petit Boulevard
10,LLI001,AVU001,15.8,14.7,15.3,12597,7.3,Liberte -> Avenue De Gaulle
89,PLR020,THD001,19.0,14.7,16.6,4471,22.8,Tourcoing Centre -> Hotel De Ville
18,ETC004,PLV002,16.5,14.7,15.9,10515,10.9,Euratechnologies -> Le Pont
13,ISI002,BEC002,16.6,14.7,15.8,10924,11.3,Lavoisier -> Bd Leclerc
L5,ENC002,LOO002,16.5,14.7,15.1,16432,10.9,Clemenceau -> Loos Mairie
CO2,HWA001,JEF001,19.0,14.7,18.8,8092,22.8,Hop J De Flandre -> Fac De Medecine
L7,MDF002,LMQ002,15.0,14.7,13.0,14644,2.0,Moulin De Faches -> Moulin De Lesquin
CITT,NSC001,PRF002,17.7,14.7,14.1,8034,16.8,Schuman -> Prom De Flandre
CIT5,CAR003,SPR001,17.7,14.7,16.1,12354,17.1,Carpeaux -> Spriet
945,DPH001,SLU004,,14.7,,265,,Descartes Physicien -> Jeanne D'Arc
80,FMA002,CQU002,20.1,14.7,19.0,410,27.0,Fort Mahieu -> CQU002
84,CPA001,PIP001,18.0,14.7,16.3,4242,18.5,Théâtre De L'Idéal -> Place Saint Anne
13,BOI012,ESD012,15.9,14.7,15.6,11279,7.5,Bois Blancs -> Residence
18,SAC001,SFO004,17.7,14.7,16.2,9330,16.7,Sacre Coeur -> Solferino
L3,GOL001,BDH001,16.1,14.7,15.7,13150,8.5,Montgolfier -> Boulevard De Mulhouse
RME1,CIO002,CSC199,14.4,14.7,14.5,762,-2.1,College Triolo -> Cité Scientifique
CITT,AVS002,HEN002,18.0,14.8,16.8,8241,17.9,Avesnes -> Hentges
C9,FEL001,MHE001,16.7,14.8,15.8,10006,11.0,Fenelon -> Mairie D'Hellemmes
C8,PLR020,THD001,,14.8,16.0,2336,,Tourcoing Centre -> Hotel De Ville
Z3,PTB001,RJA004,,14.8,,494,,Petit Bois -> RJA004
15,RFE006,LCA002,,14.8,18.1,10621,,Ferrer -> Carnot
CITL,SIM002,PDP008,17.4,14.8,15.1,8644,14.8,Centre Commercial -> Porte Des Postes
CITA,AAB002,ACT002,,14.8,16.6,4165,,Aristide Briand -> Cat
86,LIG114,LEU001,15.6,14.8,13.5,4548,4.8,Gare Lille Flandres -> Lille Europe
CO3,LBO003,LCL002,,14.8,16.1,5164,,Lambersart Bourg -> Clouet
C10,CRL002,MCL008,,14.8,17.3,3401,,Croise Laroche -> Clemenceau Hippodrome
L8,ADR002,TPO002,15.9,14.8,15.8,24549,6.6,Les Arcades -> Poste
13,FOR004,PAH002,17.4,14.8,16.9,11238,14.6,FOR004 -> Chappe
CIT5,MET002,VIG002,17.7,14.8,16.6,12267,16.6,Boulevard De Metz -> La Vigne
51,DNS001,CON001,15.6,14.8,14.7,4490,4.8,Ingenieur Bertin -> Conquerants
52,ERR001,BDU001,17.8,14.8,16.9,8751,17.3,Ferrer -> Bd De L'Usine
CITL,LFU002,COR002,18.6,14.8,16.0,8449,20.5,Fulton -> Cormontaigne
87,CPA001,PIP001,17.9,14.8,16.0,4270,17.6,Théâtre De L'Idéal -> Place Saint Anne
10,LAF003,MLM001,16.1,14.8,15.6,11582,7.9,Anatole France -> Hotel De Ville
52,PMA001,PDV001,17.5,14.8,16.4,8847,15.4,G. Lyon -> Porte De Valenciennes
L8,RRN001,DNL002,16.9,14.8,15.7,12475,12.8,Ernest Renan -> Roubaix Piscine Lesaffre
L90,QPO003,QUE001,15.4,14.9,14.9,6305,3.0,Le Pont -> Quesnoy Mairie
86,CHW003,MCM002,17.5,14.9,16.5,4656,15.0,Chemin Wervicq -> Cimetiere
84,HVO002,MIL004,20.2,14.9,16.7,4163,26.0,Hotel Voyageurs -> École Des Douanes
64,LBG070,LBH003,,14.9,16.2,1193,,Gare -> La Bassee Hdv
L8,BEA002,QUI002,19.5,14.9,18.4,12483,23.7,Beaumont -> Jean Moulin
L1,FOS002,SAN005,17.0,14.9,16.2,14981,12.8,Foch -> Mairie
L91,HAL002,MOR002,16.4,14.9,15.5,6041,9.5,Centre Ville -> Monument Aux Morts
L6,CES001,COA001,15.5,14.9,15.0,14378,4.3,Contrescarpe -> Cocteau
CO2,HAV001,PAR002,17.2,14.9,15.4,16109,13.0,Vanderhaghen -> Le Parc
CO2,LPX002,LCH002,15.5,14.9,15.6,1336,4.3,La Paix -> Chatelet
L8,DNL001,RRN002,16.5,14.9,15.8,12235,9.5,Roubaix Piscine Lesaffre -> Ernest Renan
14,PHG001,RSS001,17.4,14.9,16.0,10890,14.2,Philippe De Girard -> Roussel
Z3,CRG002,LDE002,,14.9,,602,,Croix Bougard -> Descat
L5,AUG002,LCD002,16.9,14.9,17.0,16447,11.9,Augereau -> Chasseurs De Driant
L1,NAT003,REP005,17.2,14.9,15.5,13988,13.2,Nationale -> République Beaux-Arts
58,HBE001,JAQ001,15.8,14.9,18.7,5042,5.6,Beaupre -> Jacquard
944,SHE001,KGA001,,14.9,,340,,Institut St Henri ( B ) -> Gare
35,ADR002,TPO002,16.3,14.9,15.5,6005,8.6,Les Arcades -> Poste
51,LLI002,LBO002,18.0,14.9,16.8,912,17.3,Liberte -> Lambersart Bourg
CITT,FDE002,NEU002,18.7,14.9,16.2,8043,20.3,Ferme Des Enfants -> Centre
58,DUT002,LGH002,17.0,14.9,16.3,5049,12.4,Dutrey -> Ghesquiere
33,EEG002,LER001,17.7,14.9,15.1,7292,16.0,Coeur De Ville -> Eglise
L1,CLE002,ERA002,16.6,14.9,15.7,11095,10.3,Leclerc -> Pare
C9,HUA001,FEL001,16.6,14.9,15.9,10003,10.6,Docteur Huart -> Fenelon
14,ARA003,PRR003,17.0,14.9,15.3,11777,11.9,Arago -> Porte D'Arras
30,ICT002,PLR030,19.6,15.0,17.6,5707,23.2,Victoire -> Tourcoing Centre
88,LIG114,LEU001,,15.0,14.6,2500,,Gare Lille Flandres -> Lille Europe
89,HVO001,HOC002,16.6,15.0,16.5,4329,9.6,Hotel Voyageurs -> Jardin Jean Moulin
15,STV001,DES001,17.7,15.0,17.3,11184,15.6,Saint Venant -> Destoop
67,RDJ002,RDG002,21.7,15.0,19.1,2655,30.9,Rue De Jemmapes -> Rue De Grenoble
14,GEY002,TIM004,16.6,15.0,15.8,12155,9.8,De Geyter -> Tilmant
L5,HCP001,HAV001,17.3,15.0,16.0,16538,13.5,Caserne Des Pompiers -> Vanderhaghen
CIT5,RHO001,RDC001,16.8,15.0,15.7,6822,10.8,Watremez -> Rue Des Champs
82,HAL002,MOR003,,15.0,16.1,2554,,Centre Ville -> Monument Aux Morts
55,CDP002,ECS001,,15.0,15.1,1377,,Commune De Paris -> Ecole
L8,JOF002,TIL001,17.6,15.0,15.4,12379,14.7,Marechal Joffre -> Tilleul
902,DSA003,ASA001,,15.0,,243,,Les Saules -> Les Genêts
L3,VLG002,RCA001,16.4,15.0,15.6,13943,8.5,Avelghem -> Carnot
908,WBG001,RYP001,,15.0,,233,,Gare -> Rue D'Ypres
L90,WAM091,RYP002,16.3,15.0,15.3,6230,8.4,Agrippin -> Rue D'Ypres
80,ARM082,JJA001,22.4,15.0,16.1,2616,32.8,Hotel De Ville -> Jean Jaures
CO3,JOS004,PCM004,,15.0,16.9,5162,,Josephine -> Marche
78,3PO002,VDM003,,15.0,16.2,858,,Trois Ponts -> Vélodrome
50,CHU001,PRC001,19.8,15.0,15.4,8197,24.1,W. Churchill -> Pre Catelan
30,BRI002,FAV002,16.4,15.0,15.9,5606,8.3,Briqueterie -> Favreuil
13,BAU002,PET002,18.2,15.0,17.8,11270,17.4,Baudouin Ix -> Petit Boulevard
84,MIL003,HVO001,18.5,15.0,17.6,4231,18.9,École Des Douanes -> Hotel Voyageurs
L6,PDB001,RDU001,17.4,15.0,16.5,13761,13.8,Pont De Bois -> Residence Univer
CITT,AVS001,REN002,17.2,15.0,16.5,8081,12.8,Avesnes -> Florence
13,ANM002,MTE002,17.1,15.0,16.1,11065,12.2,Ancienne Mairie -> Montesquieu
917,WRP002,BML001,,15.0,,421,,Republique -> College Blum
18,PIS003,CTA002,17.5,15.0,16.5,11931,14.2,Piscine M. Dormoy -> Place Catinat
13,ESD012,BOD012,16.3,15.1,16.0,11283,7.5,Residence -> Bouderiez
CITH,PTU001,HAP002,16.9,15.1,15.2,4573,10.4,Pasteur -> Parc Des Sports
L99,RAY002,BRV001,16.6,15.1,16.0,7423,9.0,Raymond Lis -> Pierre Beregovoy
CIT5,NAU001,MGR003,18.1,15.1,16.1,12153,16.8,Blanchemaille -> Gare Jean Lebas
18,LGP002,EBA003,17.1,15.1,16.2,11342,11.6,Grand Palais -> Liberte
82,HDO002,HAL002,,15.1,15.0,2560,,Douane -> Centre Ville
10,LVI002,LVO002,19.5,15.1,16.9,12686,22.6,Victoire -> Lavoisier
L1,RON001,MRN001,17.2,15.1,16.0,15073,12.2,Ronchin Mairie -> Marronniers
CIT5,VIG002,RXC002,17.0,15.1,16.4,12274,11.1,La Vigne -> Collège Rosa Parks
33,ROR003,ILO003,19.3,15.1,17.0,7601,21.5,Rue D'Orchies -> Moliere
L91,CHW004,LAZ001,17.9,15.1,15.6,6095,15.9,Chemin De Wervicq -> Lazaro
14,QAM002,LAL002,16.9,15.1,15.7,10181,10.7,Marquette Mairie -> Lalau
30,STC002,SRB002,17.2,15.1,16.3,5608,12.0,Saint Clement -> Sentier Des Briques
236,BDR002,BCR002,,15.1,15.0,232,,Botte D'Or -> Bouchery
922,FLB001,RBE002,,15.1,,324,,Flers Bourg -> Faidherbe
50,AND002,GLA002,16.2,15.1,16.5,7958,7.0,Vandenberghe -> Gladbeck
CITA,APH098,LEO001,,15.1,17.1,581,,APH098 -> Leo Lagrange
10,RDS001,LLE001,16.8,15.1,15.9,1985,10.1,Saut Du Loup -> Lemire
CO1,14J001,TAL002,,15.1,15.1,1689,,14 Juillet -> Comtesse De Segur
30,GRC001,OUE001,16.6,15.1,16.2,3710,9.1,Grand Chemin -> Rue De L'Ouest
80,AHO002,MAT002,18.9,15.1,16.7,2701,20.1,Ct Hospitalier -> Maternite
35,HOP003,ARI001,17.6,15.1,16.4,2918,14.3,Hopital -> Carin
10,LME001,LAY001,16.5,15.1,16.1,11543,8.6,Eglise Du Marais -> Lamy
51,LLE001,LLI002,17.9,15.1,17.5,902,15.6,Lemire -> Liberte
L1,LMQ001,MDF001,16.3,15.1,14.4,14937,7.0,Moulin De Lesquin -> Moulin De Faches
13,OUL001,BAT001,18.4,15.1,17.6,11278,18.1,Moulin D'Ascq -> Baratte
CO2,HEU002,LDH002,20.1,15.1,17.9,8128,25.0,Heurtebise -> Dhainaut
CITL,ARJ005,REP003,16.4,15.1,16.3,3931,7.7,Jeanne D'Arc -> République Beaux-Arts
86,CHW004,LAZ001,18.0,15.2,16.1,4408,15.3,Chemin De Wervicq -> Lazaro
32,VAH002,PPS002,22.4,15.2,19.7,7233,32.0,Hopital Prive -> Peupliers
L3,UIS002,PIE001,18.0,15.2,16.2,12631,15.3,Buisine -> Commissariat
L3,SQP002,UIS002,17.2,15.2,16.2,12630,12.0,Square Des Pres -> Buisine
17,VIP001,WAT001,17.1,15.2,16.3,9772,11.3,Vieille Place -> Centre
34,ROR003,ILO003,17.7,15.2,17.3,7488,14.2,Rue D'Orchies -> Moliere
L90,PCS001,SGE001,16.3,15.2,16.6,6239,7.0,Desire Ducarin -> Gendarmerie
78,NUR002,GEA011,,15.2,17.1,864,,Nations Unies -> Galon D'Eau
L2,LPX002,LCH002,15.9,15.2,16.0,2455,4.9,La Paix -> Chatelet
64,HEP001,HLI002,,15.2,12.0,1556,,Piscine Herlies -> Mairie
75,CHM002,HSP002,,15.2,17.3,1002,,Chateau Du Molinel -> St. Philibert
50,PRC001,ENG001,17.3,15.2,15.7,8248,12.0,Pre Catelan -> Salengro
30,BRI001,SRB001,17.7,15.2,16.8,5547,13.9,Briqueterie -> Sentier Des Briques
CIT5,TYR001,RHO001,16.8,15.2,16.2,6816,9.3,Musee -> Watremez
14,OFF001,MVI001,17.6,15.2,16.6,11804,14.0,Joffre -> Victoire
15,RFE001,DLE001,,15.2,16.5,10324,,Ferrer -> De Gaulle
RME1,CSC198,CIO001,14.2,15.2,14.0,758,-7.3,Cité Scientifique -> College Triolo
10,LVO002,LLO002,17.7,15.2,15.9,4894,14.1,Lavoisier -> Lomme-Lambersart
34,ALT003,LEK003,16.4,15.2,16.2,7519,7.2,Calmette -> Laennec
51,RDS002,LGU001,16.2,15.2,15.6,5602,5.9,Saut Du Loup -> Guynemer
L7,FHO002,SUE002,17.1,15.2,15.9,14528,11.2,Hoche -> Guesde
14,FBG005,PRR002,17.2,15.2,15.9,12144,11.3,Faubourg D'Arras -> Porte D'Arras
L1,WCV001,CAW001,17.2,15.2,16.3,10890,11.8,Cavle -> Mairie
L2,CDE001,LOL003,15.3,15.2,15.6,14427,0.9,College Descartes -> Les Oliveaux
58,GLE001,HJA003,18.5,15.2,17.0,5042,17.8,Gambetta Leclerc -> Jardin Public
67,RON001,MRN001,18.8,15.2,17.1,2953,19.1,Ronchin Mairie -> Marronniers
CO2,PRD001,MPE002,19.3,15.3,17.5,8081,20.8,Picardie -> Hotel De Ville
CIT5,CAP001,ACO001,17.4,15.3,16.5,12284,12.4,Pn Cartigny -> Rue D'Alger
CIT5,HCH003,LEM002,17.1,15.3,15.7,12206,10.7,Les Hauts Champs -> Leon Marlot
L4,3PO001,BMA001,18.5,15.3,16.2,12798,17.3,Trois Ponts -> Verdun
L4,3PO002,VDM003,16.6,15.3,16.3,12505,7.5,Trois Ponts -> Vélodrome
L91,MLA001,MGA001,18.2,15.3,16.8,6126,16.0,Mairie -> Gare
CITT,EMI002,PDF002,16.8,15.3,16.1,8154,9.4,Lemire -> Parc Des Francs
76,CAN004,LBL002,17.3,15.3,15.4,3362,11.6,Canteleu -> Blanchisseurs
942,RDE002,LIP002,,15.3,,235,,Rue Des Ecoles -> Linselles Place
CITT,RYS001,HAN002,16.9,15.3,16.5,8217,9.1,Pépinière -> Hts De Neuville
L3,RCA002,VLG001,17.6,15.3,16.5,14377,13.0,Carnot -> Avelghem
CIT5,3PO004,VDM003,15.1,15.3,15.2,11974,-1.5,Trois Ponts -> Vélodrome
30,WMI001,WAS050,16.8,15.3,16.4,5639,9.3,Hotel De Ville -> Centre
L8,VIR001,RXA001,18.2,15.3,17.0,2241,16.1,Virolois -> L'Atelier
18,MTY002,ETC004,17.3,15.3,16.2,10469,11.7,Martyrs -> Euratechnologies
13,VVA001,HDV007,18.1,15.3,15.4,9301,15.3,Valmy -> Hotel De Ville
17,ADR002,TPO002,15.5,15.3,16.1,10154,1.2,Les Arcades -> Poste
C8,RPH001,LUR002,,15.3,15.5,2346,,Phalempins -> Denis Papin
CO2,JEF002,HWA002,21.1,15.3,20.5,8158,27.7,Fac De Medecine -> Hop J De Flandre
CITA,ACT001,AAB001,,15.3,16.2,3977,,Cat -> Aristide Briand
10,EGA001,CDT001,18.4,15.3,16.9,11546,16.9,Egalite -> Croix Du Temple
CITT,NEU001,FDE001,20.1,15.3,17.7,7903,23.9,Centre -> Ferme Des Enfants
L3,GEA010,NUR001,17.0,15.3,15.8,15526,10.1,Galon D'Eau -> Nations Unies
10,AVU001,LJU001,17.0,15.3,16.3,9161,10.2,Avenue De Gaulle -> Jussieu
L90,SCO004,HUR002,16.9,15.3,15.9,5976,9.4,Comines Mairie -> Place De Gaulle
32,CMO001,CBA011,18.5,15.3,17.2,7222,17.1,College Moliere -> Cite Babylone
C8,THD002,PLR020,,15.3,17.5,2292,,Hotel De Ville -> Tourcoing Centre
50,MBA002,GAS002,18.1,15.3,17.4,8032,15.6,Ballon -> Gassendi
L4,DPA002,FGU002,17.6,15.3,15.7,13384,12.9,Lucie Aubrac -> Médiathèque Andrée Chedid
88,CGA001,SHC001,,15.3,,518,,Gambetta -> Hopital
CO3,PCM004,MGA001,,15.3,17.9,4813,,Marche -> Gare
CITL,LEC001,COR001,15.9,15.4,18.2,1318,3.6,LEC001 -> Cormontaigne
L5,MCX001,REP072,18.0,15.4,15.8,15340,14.3,Tanneurs -> République Beaux-Arts
CO3,MCL002,TPL002,,15.4,19.4,5160,,Clemenceau Hippodrome -> Place Tiers
C12,BAP001,PLT001,,15.4,17.4,3388,,St Jean Baptiste -> Place Du Travail
58,HCP001,HAV001,19.1,15.4,18.1,5066,19.6,Caserne Des Pompiers -> Vanderhaghen
L3,IQU001,PNC001,16.7,15.4,16.5,14360,7.6,Republique -> Centre Commercial
58,SGA002,SRA002,17.5,15.4,16.6,5109,12.0,Santes Gare -> Ramponneau
L3,UST003,PDS002,16.9,15.4,16.3,12686,8.6,Justice -> Parc Des Sports
61,HBA002,JDL001,,15.4,17.2,1707,,La Bascule -> J. Luxembourg
Z2,INH001,LMQ002,,15.4,,313,,INH001 -> Moulin De Lesquin
L91,CRB001,EAU001,19.5,15.4,18.8,6120,21.2,Inst Cx Blanche -> Chateau D'Eau
15,RON001,MRN001,18.3,15.4,16.9,11187,16.1,Ronchin Mairie -> Marronniers
CO3,FOS002,SAN005,,15.4,17.9,5162,,Foch -> Mairie
30,URE001,XRC001,18.7,15.4,16.5,5616,17.7,Jean Jaures -> Rue De Croix
L7,FAM002,FHO002,16.5,15.4,12.3,14546,6.9,Mairie -> Hoche
CITL,RUW002,RTA002,19.4,15.4,18.2,5205,20.5,Rue De Wazemmes -> Artois
L1,REP005,EBA004,16.1,15.4,15.3,13988,4.5,République Beaux-Arts -> Liberte
C12,LJM001,DDE001,,15.4,16.3,3249,,Alfred Mongy -> Rue De Denain
10,RDS002,LLE001,16.3,15.4,14.3,1502,5.6,Saut Du Loup -> Lemire
58,HPE002,HAV001,20.1,15.4,18.9,5187,23.5,La Pepiniere -> Vanderhaghen
L1,STV001,DES001,17.4,15.4,16.9,14782,11.8,Saint Venant -> Destoop
33,CLO001,MGR004,16.9,15.4,16.7,384,9.1,Colisee -> Gare Jean Lebas
86,MLA001,MGA001,18.1,15.4,16.9,4432,14.9,Mairie -> Gare
88,MLA001,MGA001,,15.4,18.3,2715,,Mairie -> Gare
17,JOF001,RUN001,18.6,15.4,16.6,10218,17.1,Marechal Joffre -> Leon Jouhaux
35,BIF002,EEG001,15.4,15.4,16.4,2809,-0.0,Leers Bifur -> Coeur De Ville
CITL,FBG005,PRR002,17.6,15.4,16.5,8750,12.7,Faubourg D'Arras -> Porte D'Arras
938,PAA002,CHP002,,15.4,,214,,La Chapelle Parc -> Poste
10,LAY001,LOM001,17.3,15.4,16.1,11538,10.6,Lamy -> Marais
L8,JAC002,OJT002,16.8,15.4,16.7,1484,8.0,Jacquard -> Saint Joseph
L7,RHA002,JAP002,17.4,15.5,16.3,14318,10.7,Rue D'Haubourdin -> La Jappe
CIT5,VIG004,NDR003,16.8,15.5,16.7,12277,7.6,La Vigne -> Flandre
88,LAL002,PBL002,,15.5,17.8,2576,,Lalau -> Pont Blanc
L92,SIM002,PDP055,17.4,15.5,16.3,7146,10.7,Centre Commercial -> Porte Des Postes
50,VTR002,STM002,18.7,15.5,17.8,8016,17.5,Dupleix -> St Maurice
61,SPO001,SMC001,,15.5,16.1,1845,,Place Des Ecoles -> Saint Michel Sur  Loire
Z6,NAU001,MGR003,,15.5,,944,,Blanchemaille -> Gare Jean Lebas
C11,WMI001,WAS050,,15.5,16.0,1863,,Hotel De Ville -> Centre
C8,LUR001,RRQ002,,15.5,16.2,822,,Denis Papin -> Rue De Roncq
L1,CIL004,COP001,15.5,15.5,14.7,14192,-0.2,Champ De Mars -> Colpin
L4,VDM004,3PO001,17.1,15.5,16.0,9045,9.6,Vélodrome -> Trois Ponts
CIT5,CRM002,EPE002,17.8,15.5,16.8,12328,12.9,Creche -> Ep. Montesquieu
33,BLA002,MGR003,19.1,15.5,17.5,7243,19.2,Universités -> Gare Jean Lebas
51,LLE002,RDS002,15.8,15.5,15.9,5603,1.8,Lemire -> Saut Du Loup
76,CHM002,HSP001,18.3,15.5,16.4,6291,15.0,Chateau Du Molinel -> St. Philibert
CO3,MCL001,HIM003,,15.5,17.2,5173,,Clemenceau Hippodrome -> Hippodrome
L5,CHF002,TGI002,16.2,15.5,15.8,16867,4.1,Chaufour -> Tgi
CITT,TWA009,TWA007,17.7,15.5,17.3,8274,12.7,Lucie Aubrac -> Watt
MWR,PNC002,STS002,15.8,15.5,14.2,1195,1.8,Centre Commercial -> Stephenson
CO2,SEQ002,SEE002,,15.5,17.7,4674,,Sequedin Centre -> Sequedin Eglise
88,SDE001,ECL001,,15.5,,518,,Place De Gaulle -> Leclerc
CO1,WBO002,LCI001,,15.5,16.5,5030,,Bourget -> Wagner
10,LMA001,ARY001,21.0,15.5,19.0,12539,26.3,Hotel De Ville -> La Carnoy
CO3,CNL001,CMY002,,15.5,16.6,3352,,Clinique De La Mitterie -> Cite Mouray
CIT5,FCH002,NDR002,15.4,15.5,16.4,11171,-0.9,Fosse Aux Chenes -> Flandre
L5,LRD002,AUG002,18.2,15.5,17.6,16425,14.6,Rue De Londres -> Augereau
17,TPO002,TGA002,18.2,15.5,17.7,10128,15.0,Poste -> Tourcoing Gare
Z2,LDE001,BEN001,,15.5,,1479,,LDE001 -> Bois D'Enchemont
L8,HUT001,ROL001,17.0,15.5,16.5,12289,9.1,Le Hutin -> Rollin
30,BNT001,PCE002,16.9,15.5,16.5,5695,8.4,Point Central -> Carliers
15,LCA001,RFE001,17.4,15.6,17.1,11224,10.2,Carnot -> Ferrer
80,REB002,LOC002,18.9,15.6,16.9,2850,17.4,Republique -> L'Octroi
50,PIM002,HIM002,18.5,15.6,17.8,8263,15.7,Piscine -> Hippodrome
10,LCL002,AVU002,17.4,15.6,16.3,9325,10.1,Clouet -> Avenue De Gaulle
L3,FOC002,VAO003,18.0,15.6,17.7,15376,13.4,Foch -> Vallon
34,3PO002,VDM002,16.1,15.6,16.3,7565,3.2,Trois Ponts -> Vélodrome
14,WRE005,AMT002,17.9,15.6,16.9,5730,13.0,Republique -> Amiteuse
62,LBG070,LBH004,,15.6,18.1,746,,Gare -> La Bassee Hdv
14,AMI002,PTA002,17.7,15.6,17.5,12178,11.8,Amidonnerie -> Pont De L'Abbaye
Z6,RTG001,HEC001,,15.6,,960,,Rue De Tourcoing -> Henri Carrette
CITL,ISL002,LFU002,17.9,15.6,17.1,8427,12.9,Isly -> Fulton
C10,DCQ002,GPE002,,15.6,17.7,3397,,Ducroquet -> Peri
14,RMD001,HOS001,17.4,15.6,16.5,10052,10.2,Ramadier -> Les Bateliers
76,CLN002,HIP001,17.0,15.6,16.7,3367,8.1,Clinique De Lambersart -> Hippodrome
76,ETC006,CAN004,18.5,15.6,17.4,3233,15.7,Euratechnologies -> Canteleu
32,BET001,RBA001,17.6,15.6,18.5,7262,11.4,Jean Jaures -> Rue De Babylone
CITH,MOH001,BVI002,17.1,15.6,14.9,2056,8.5,Oree Du Mont -> Basse Ville
33,VDM004,3PO001,17.6,15.6,16.2,5364,11.4,Vélodrome -> Trois Ponts
CO1,4VE001,VSA001,,15.6,15.7,4087,,4 Vents -> Versailles
L2,USS002,LRE002,17.6,15.6,16.8,14855,11.2,Curie -> Republique
32,CBA011,RBA002,17.7,15.6,16.3,3955,11.8,Cite Babylone -> Rue De Babylone
76,QPO001,QCE002,,15.6,16.4,2948,,Le Pont -> Centre
33,SDU001,LON001,18.3,15.6,16.8,7412,14.6,Mouvaux Coeur De Ville -> Rue De Londres
18,EBA004,LGP001,16.8,15.6,16.8,11305,7.0,Liberte -> Grand Palais
75,CSL001,MPE001,,15.6,17.3,1079,,Cite Saint Leger -> Gare
NVL,CSK001,CHU002,,15.6,16.4,7665,,Caserne Kleber -> W. Churchill
L5,MA4031,MMA002,19.1,15.6,17.7,9559,18.4,Place -> Quesne Mairie
L1,LFA001,GST001,18.5,15.6,17.7,15137,15.6,Faidherbe -> Gare
L8,MAM098,QUI001,18.8,15.6,17.4,12386,17.0,Alfred Mongy -> Jean Moulin
58,COD001,HMA001,,15.6,,280,,College Jules Ferry -> Mairie
CITH,LOS001,HIL001,15.7,15.6,15.7,2065,0.5,Loisel -> Saint Hilaire
917,PDG002,SWP002,,15.6,,241,,Place De Gaulle -> Republique
60E,PTO002,LAN003,,15.7,,891,,Place -> Place
17,CIS002,WAG002,18.2,15.7,18.3,9848,13.5,Cimetiere -> Wagner
82,HCA002,PTU001,,15.7,17.2,2284,,Cimetiere -> Pasteur
L8,RXA001,TIL001,17.4,15.7,16.9,2213,9.8,L'Atelier -> Tilleul
CITL,GEY002,TIM004,18.2,15.7,17.2,8805,13.7,De Geyter -> Tilmant
C10,VED001,MMA001,,15.7,20.9,3385,,Verdun -> Quesne Mairie
58,SRA001,SGA001,18.6,15.7,18.0,5009,15.7,Ramponneau -> Santes Gare
80,ARG083,IDH002,17.3,15.7,16.8,3062,9.1,Armentieres Gare -> Faidherbe
CO2,HJA001,HMA001,19.6,15.7,17.6,8051,19.7,Jardin Public -> Mairie
17,SAP002,RUN002,17.3,15.7,16.8,10104,9.0,Sapin Vert -> Leon Jouhaux
76,CSL001,MPE001,20.4,15.7,17.4,6033,23.0,Cite Saint Leger -> Gare
CITA,KEM001,GAA005,,15.7,16.2,4766,,Resistants -> Gare Annexe
L90,SHL002,MOS002,18.6,15.7,17.3,6211,15.5,Sainte Helene -> Moliere
61,WRP001,KOE002,,15.7,14.4,1718,,Republique -> Koenig
L5,JVA001,SFO001,17.6,15.7,17.1,16338,10.9,Champ De Mars -> Solferino
32,SNO001,PQU001,20.7,15.7,17.4,3921,24.1,Le Sart Nord -> Pont Du Breucq
CO2,HCP001,HAV001,20.5,15.7,17.9,8069,23.3,Caserne Des Pompiers -> Vanderhaghen
L3,ROU029,PDR004,17.0,15.7,16.3,13178,7.5,Euroteleport -> Commissariat
CITA,IDF002,GUD001,,15.7,16.2,4107,,Lp De  Flandres -> Gustave Dron
CO1,CER002,GDE001,,15.7,17.5,5050,,Le Cerf -> Coluche
58,HPE001,HRI001,18.8,15.7,17.9,5026,16.4,La Pepiniere -> Les Riez
L4,DPA001,AFR004,17.1,15.7,16.4,13302,8.6,Lucie Aubrac -> Anatole France
CO3,ENG001,GST001,,15.8,18.6,5172,,Salengro -> Gare
L8,JAC001,VIR001,17.8,15.8,17.2,1561,11.2,Jacquard -> Virolois
L8,ROL002,HUT002,17.7,15.8,17.2,12417,10.9,Rollin -> Le Hutin
34,PSC001,REC001,19.1,15.8,17.9,7488,17.2,Pascal -> Rue Des Ecoles
L3,NUR002,GEA011,17.7,15.8,16.7,15511,11.2,Nations Unies -> Galon D'Eau
86,BOE001,BCE003,17.0,15.8,16.2,4655,7.1,Eglise -> Bondues Centre
Z6,CMB002,BDO002,,15.8,,375,,Hospice Barbieux -> Boulevard De Douai
33,GOB002,RER001,23.6,15.8,19.8,7251,32.9,Les Gobelins -> Ermitage
30,RIB002,STC002,18.1,15.8,16.7,5641,12.8,Ribot -> Saint Clement
15,MRN002,RON002,18.7,15.8,17.7,11406,15.4,Marronniers -> Ronchin Mairie
61,LBG070,LBH003,,15.8,17.2,1307,,Gare -> La Bassee Hdv
14,LIG007,MCX001,17.3,15.8,15.7,11232,8.8,Gare Rue De Tournai -> Tanneurs
L92,SHG001,RDP002,20.5,15.8,20.0,7173,22.9,Hentges -> Rte Pt A Marcq
32,RBA001,CBA012,19.5,15.8,17.4,7057,18.7,Rue De Babylone -> Cite Babylone
81,MPE005,PRD004,,15.8,22.6,404,,Hotel De Ville -> Picardie
L7,SIM002,PDP050,17.8,15.8,16.0,14238,11.6,Centre Commercial -> Porte Des Postes
MWR,GEA011,ATA002,16.0,15.8,15.7,1196,0.8,Galon D'Eau -> Place Chaptal-Cimetière
36,LEK003,TTE001,17.1,15.8,16.5,5828,7.7,Laennec -> Watteeuw
14,WHD002,WBL002,18.3,15.8,16.7,5735,13.8,Hotel De Ville -> Wattignies Blum
18,HRE001,STR001,17.8,15.8,16.7,11819,10.9,Henri Regnault -> Saint Charles
82,RYS004,TGC001,,15.8,17.4,2583,,Pépinière -> Cimetière De Tourcoing
L2,LCH002,LMR002,16.8,15.8,16.6,2455,6.1,Chatelet -> La Marliere
L2,LMR002,BAE002,17.1,15.8,16.6,14891,7.7,La Marliere -> Barbusse
Z1,TPO001,ADR003,,15.8,,1059,,Poste -> Les Arcades
CITT,HEN002,ONS002,20.2,15.8,18.2,8059,21.5,Hentges -> Conservatoire
L1,MOS002,GST002,17.1,15.8,16.9,14977,7.9,Moliere -> Gare
15,RRE001,LCA001,18.7,15.8,18.6,11223,15.6,Republique -> Carnot
N1,REP072,NAT004,,15.8,14.9,377,,République Beaux-Arts -> Nationale
C11,PSM002,LOD002,,15.8,16.8,1844,,Palais Des Metiers -> La Fonderie
10,ENC002,LOO002,18.0,15.8,16.7,6039,12.5,Clemenceau -> Loos Mairie
908,PEP001,PAS001,,15.8,,231,,Petit Paradis -> Pasteur
C12,SPH001,URI006,,15.8,17.4,3336,,Eglise Saint Paul -> Roubaix Charles Fourier
MWR,MLE002,MHO002,18.6,15.8,19.5,381,15.4,Rue Leopold -> Hopital
Z1,ADR002,TPO002,,15.8,,1125,,Les Arcades -> Poste
L5,LCD002,RLE002,17.5,15.8,17.2,14292,10.0,Chasseurs De Driant -> Renoir
67,FAE002,FCI002,19.2,15.8,18.3,2963,17.4,Eglise -> Cimetiere
CITT,REN001,AVS002,18.9,15.8,17.2,8239,16.2,Florence -> Avesnes
67,RDG002,ARO002,19.7,15.8,18.0,2655,20.0,Rue De Grenoble -> Av. De  Roubaix
C9,MHE001,FEL002,17.7,15.8,16.3,9763,10.8,Mairie D'Hellemmes -> Fenelon
L3,LIE001,VAO001,17.9,15.8,17.2,15508,11.7,Saint Lievin -> Vallon
CO1,HVA003,HDV042,,15.9,17.3,3392,,Valmy -> Hotel De Ville
L8,BEA001,DUL002,18.6,15.9,17.1,12235,14.6,Beaumont -> Dupuy De Lome
Z3,LDE001,BEN001,,15.9,,494,,LDE001 -> Bois D'Enchemont
80,ERM002,ERM001,23.3,15.9,17.3,2358,31.8,Rue Du Moulin -> Rue Du Moulin
73,HDL002,RTR002,,15.9,20.0,217,,Hameau Du Lac -> Rue De Tressin
CO2,HCP002,HMA002,16.2,15.9,16.5,8161,1.9,Caserne Des Pompiers -> Mairie
CITL,COR001,LFU001,19.1,15.9,18.2,7706,16.6,Cormontaigne -> Fulton
81,ARG077,THI001,,15.9,18.2,782,,Armentieres Gare -> Place Thiers
CITL,LCI001,ARB001,17.2,15.9,17.3,8720,7.5,Wagner -> Arbrisseau
L91,LAZ002,CHW003,18.0,15.9,15.6,6131,11.5,Lazaro -> Chemin Wervicq
236,FWC001,FWL005,,15.9,17.3,244,,Carnot -> Rue Thiers
33,OUE002,CLO001,17.0,15.9,17.0,384,6.1,Rue De L'Ouest -> Colisee
87,VGN001,VHU001,18.2,15.9,16.7,3114,12.9,La Vignette -> Victor Hugo
50,BAI002,MA4031,20.6,15.9,18.3,8289,22.5,Bailly -> Place
CITA,MAT003,AHO001,,15.9,17.6,4765,,Maternite -> Ct Hospitalier
C12,BAP002,DUL002,,15.9,17.4,3385,,St Jean Baptiste -> Dupuy De Lome
18,NAT003,REP005,17.3,15.9,16.6,11312,8.1,Nationale -> République Beaux-Arts
L91E,SMP002,EUR002,,15.9,,370,,St Maurice Pellevoisin -> Lille Europe
88,ECL002,COG001,,15.9,,730,,Leclerc -> Comines Gare
942,COS002,BMI002,,15.9,,235,,Complexe Sportif -> Mairie
89,BOE001,BCE001,18.0,15.9,18.6,4531,11.8,Eglise -> Bondues Centre
10,MAG001,LTA001,18.0,15.9,16.3,12352,11.7,Magasin -> Voltaire
82,ABL002,SCO005,,15.9,18.5,3137,,Bonaparte -> Comines Mairie
CITL,LCI002,GEY002,17.2,15.9,17.2,8754,7.8,Wagner -> De Geyter
L6,COC011,PAU001,17.2,15.9,16.3,14475,7.4,Comices -> L.A.M.
55,CEH001,DMY001,,15.9,,275,,Centre Hospitalier -> College Demailly
35,VBR002,SGD004,17.3,15.9,16.4,6123,8.0,Vieux Bureau -> Saint Gerard
C8,SJS001,PUT001,,15.9,16.6,2325,,St Jacques -> Paul Bert
CITL,REP005,ARJ003,17.1,15.9,16.8,8203,6.5,République Beaux-Arts -> Jeanne D'Arc
CITL,PDP012,SIM003,18.9,15.9,16.8,6547,15.9,Porte Des Postes -> Centre Commercial
Z6,LEM002,MOT002,,15.9,,375,,Leon Marlot -> Fourmies
36,ALT003,LEK003,17.5,15.9,16.7,5825,9.4,Calmette -> Laennec
L1,MRN002,RON002,18.4,16.0,17.4,14946,12.7,Marronniers -> Ronchin Mairie
CITL,ARB001,GID001,18.7,16.0,17.8,8719,14.3,Arbrisseau -> Gide
18,PMA002,PTT002,19.2,16.0,18.1,12070,16.6,G. Lyon -> Pont De Tournai
L5,BAI002,MA4031,19.6,16.0,17.6,9613,18.1,Bailly -> Place
78,UST001,PNL001,,16.0,17.7,718,,Justice -> Pn Lannoy
CO3,FLO002,BDU004,,16.0,17.8,5158,,Florence -> Bd De L'Ouest
89,CBE001,MIL003,19.8,16.0,18.6,4379,18.8,Colbert -> École Des Douanes
18,STR001,ROB001,18.3,16.0,17.2,11816,12.7,Saint Charles -> Bayart
CITT,ANO002,EMI002,18.4,16.0,17.5,8158,13.0,Anor -> Lemire
Z6,NDR002,MET002,,16.0,,981,,Flandre -> Boulevard De Metz
30,SRB002,BRI002,18.8,16.0,17.9,5601,14.5,Sentier Des Briques -> Briqueterie
9,BLE004,THV001,17.4,16.0,16.6,11142,7.9,Lycee Pasteur -> Thionville
C12,DUL001,BAP001,,16.0,17.4,3368,,Dupuy De Lome -> St Jean Baptiste
50,STM002,DIE002,19.2,16.0,17.7,8009,16.7,St Maurice -> Dieu De Marcq
50,RMD001,HOS001,17.9,16.0,16.5,6861,10.7,Ramadier -> Les Bateliers
L5,PDP003,COR002,17.6,16.0,15.9,14979,9.3,Porte Des Postes -> Cormontaigne
87,LIC003,RDE001,16.2,16.0,16.5,3969,1.1,Cimetiere -> Rue Des Ecoles
30,XRC002,WAC002,19.1,16.0,17.6,5641,16.4,Rue De Croix -> Clemenceau
Z6,CAP001,ACO001,,16.0,,972,,Pn Cartigny -> Rue D'Alger
L92,DMY002,CEH001,17.9,16.0,17.9,7518,10.6,College Demailly -> Centre Hospitalier
50,AND001,PIL001,17.4,16.0,16.7,8258,7.9,Vandenberghe -> Pilon
CO3,EME002,REG002,,16.0,17.9,5175,,Clemenceau -> Rue De L'Eglise
82,MOR003,HCA001,,16.0,17.0,2547,,Monument Aux Morts -> Cimetiere
17,TGA005,TPO001,18.5,16.0,17.7,10013,13.3,Tourcoing Gare -> Poste
CO2,PND004,NDG002,22.2,16.0,19.5,8159,27.9,Pn De Loos -> Nd De Grace
L4,NUR002,GEA011,18.9,16.0,16.7,12527,15.3,Nations Unies -> Galon D'Eau
33,3PO001,BMA001,19.8,16.1,16.6,7571,18.7,Trois Ponts -> Verdun
34,HCH003,LEM002,18.4,16.1,16.9,7582,12.5,Les Hauts Champs -> Leon Marlot
87,CSM001,LIC002,17.7,16.1,18.2,3100,9.2,Coll Ste Marie -> Cimetiere
L8,DUL001,BEA002,18.0,16.1,17.2,12479,10.4,Dupuy De Lome -> Beaumont
L5,LIG007,MCX001,17.6,16.1,16.1,15345,8.5,Gare Rue De Tournai -> Tanneurs
L4,ARN003,AID006,18.3,16.1,17.7,11959,11.6,Pile Place-Carnot -> Condition Publique
13,BOD011,ESD011,17.4,16.1,16.6,4272,7.9,Bouderiez -> Residence
CITA,MAT004,CJR003,,16.1,19.6,4612,,Maternite -> College Jean Rostand
908,QAM002,AVN003,,16.1,,230,,Marquette Mairie -> Lommelet
CO1,CHB002,RHA001,,16.1,18.9,5049,,A. Dumas -> Rue D'Haubourdin
RME1,REP005,CGA199,15.0,16.1,14.1,880,-7.1,République Beaux-Arts -> CGA199
L3,OTT001,UST001,17.5,16.1,16.5,13170,7.9,Motte -> Justice
L92,WBT001,GUI001,16.7,16.1,17.8,7690,3.7,Bleriot -> Guillain
61,WDG002,WRP001,,16.1,17.1,1718,,Gare -> Republique
84,SOC001,LIR002,17.5,16.1,16.9,4241,7.6,Centre Social -> Lierre
30,GAP002,LAV002,19.1,16.1,18.5,5637,15.8,Place Gambetta -> Lavoisier
89,MIL003,HVO001,19.0,16.1,19.7,4475,15.3,École Des Douanes -> Hotel Voyageurs
32,HDV032,ELA002,19.5,16.1,15.7,4869,17.4,Hotel De Ville -> Epoux Labrousse
L4,GEA010,NUR001,18.5,16.1,16.8,12856,13.0,Galon D'Eau -> Nations Unies
CITA,ARM007,RLI001,,16.1,17.1,4601,,Hotel De Ville -> Rue De Lille
L8,TGA005,TPO001,18.7,16.1,18.2,14561,13.9,Tourcoing Gare -> Poste
CIT5,VDM004,3PO003,17.2,16.1,16.6,8504,6.5,Vélodrome -> Trois Ponts
75,MPE001,PRD004,,16.1,18.3,1074,,Gare -> Picardie
58,HBE002,DUT002,17.3,16.1,17.8,5141,6.7,Beaupre -> Dutrey
L7,LMQ001,MDF001,16.5,16.1,14.6,14543,2.4,Moulin De Lesquin -> Moulin De Faches
Z1,DRO001,ODO002,,16.1,,1056,,C.H. Dron -> Berquier
Z6,VAR001,CLO003,,16.1,,264,,Roussel -> Colisee
L5,MCX002,LIG013,18.9,16.1,15.5,15125,14.4,Tanneurs -> Gare Rue De Tournai
78,GEA010,NUR001,,16.1,16.7,647,,Galon D'Eau -> Nations Unies
CITL,GEY001,LCI001,17.0,16.1,17.2,8764,5.0,De Geyter -> Wagner
L8,MAM033,ROU099,17.8,16.1,16.6,12658,9.6,MAM033 -> Euroteleport
L90,MOS002,GST002,19.8,16.2,17.8,6206,18.1,Moliere -> Gare
CO3,PDB020,CSN003,,16.2,17.7,786,,Pont De Bois -> La Chesnaie
C12,AMM001,SPH001,,16.2,16.1,3321,,Mozart -> Eglise Saint Paul
82,SCO005,HUR002,,16.2,16.6,2934,,Comines Mairie -> Place De Gaulle
L2,LRE002,LCR002,18.3,16.2,17.3,14838,11.5,Republique -> Leclerc
L5,HCP002,HMA002,17.2,16.2,16.6,16359,6.2,Caserne Des Pompiers -> Mairie
L5,HJA001,HMA001,19.0,16.2,17.7,16501,14.5,Jardin Public -> Mairie
76,MAF002,HIP002,28.4,16.2,25.4,3219,43.1,Marechal Foch -> Hippodrome
78,ACC002,BFR002,,16.2,17.2,649,,Maison D'Accueil -> Frontiere
Z6,3PO004,VDM002,,16.2,,375,,Trois Ponts -> Vélodrome
CO2,MPE001,PRD002,19.2,16.2,17.4,8005,15.8,Gare -> Picardie
84,MON001,FBO001,19.2,16.2,18.2,4247,15.6,La Montagne -> Blanc Four
L92,CAV002,TSS002,19.4,16.2,18.6,7204,16.4,Cavell -> Cimetiere Du Sud
CO3,LBO004,FCL001,,16.2,16.8,4894,,Lambersart Bourg -> Foucault
C9,PEO002,FOR040,17.7,16.2,16.8,9743,8.4,Mairie De Mons -> Fort De Mons
L8,VGL002,SQD002,19.6,16.2,17.4,12569,17.2,Braille -> Square Des Platanes
18,VSA001,HVA003,19.6,16.2,16.6,12012,17.3,Versailles -> Valmy
50,DIE002,MBA002,21.2,16.2,20.3,8072,23.8,Dieu De Marcq -> Ballon
13,BAT001,ASC001,19.0,16.2,18.6,11277,14.8,Baratte -> Village
13,BAT002,OUL002,18.8,16.2,18.1,11260,14.1,Baratte -> Moulin D'Ascq
CITT,RAC002,LUR002,21.2,16.2,15.6,8263,23.5,Racine -> Denis Papin
CITH,SEM002,ROH003,16.2,16.2,15.9,4553,0.0,Semard -> Hotel De Ville
CO2,LDL001,LMR001,15.7,16.2,17.6,1338,-3.4,Ch De La Barre -> La Marliere
CO3,BDU003,FLO003,,16.2,18.2,5162,,Bd De L'Ouest -> Florence
N1,NAT003,REP007,,16.2,15.4,354,,Nationale -> République Beaux-Arts
CO2,LDH002,PND004,17.9,16.2,17.1,8163,9.7,Dhainaut -> Pn De Loos
67,MRN001,RJA001,18.8,16.2,18.4,2959,13.8,Marronniers -> Jean Jaures
18,HVA004,VSA002,18.2,16.2,15.5,8143,10.8,Valmy -> Versailles
18,HVA003,HDV018,16.6,16.2,16.5,7906,2.2,Valmy -> Hotel De Ville
CIT5,WAT005,VIP002,17.1,16.2,16.6,12252,5.2,Centre -> Vieille Place
CITL,CHQ001,LCB003,21.0,16.2,19.3,6156,22.9,Rue Du Port -> Colbert
CO3,LCE001,LGO001,,16.2,17.6,4446,,La Cessoie -> Alliance Nord-Ouest
13,BOD012,OUL001,17.9,16.2,17.5,11305,9.6,Bouderiez -> Moulin D'Ascq
L8,SAP012,RUN002,18.1,16.2,16.7,12250,10.7,Delecourt -> Leon Jouhaux
58,HAV001,PAR002,18.4,16.2,18.4,10280,11.6,Vanderhaghen -> Le Parc
10,LAG002,LJU002,17.9,16.2,16.8,9329,9.4,Gambetta -> Jussieu
34,NUR002,GEA011,19.3,16.3,17.3,7581,15.8,Nations Unies -> Galon D'Eau
C11,LOD001,PSM001,,16.3,17.6,1848,,La Fonderie -> Palais Des Metiers
C10,MA4031,MMA002,,16.3,20.6,3402,,Place -> Quesne Mairie
Z3,RJA005,PTB002,,16.3,,481,,Jean Jaures -> Petit Bois
64,RDF002,LMI006,,16.3,15.0,1703,,Rue Des Fusilles -> M.I.N.
13,MTR001,MTE001,19.3,16.3,16.9,10667,15.8,Trocadero -> Montesquieu
88,SCP001,CHT001,,16.3,17.6,2690,,Le Complivois -> Chariot D'Or
L8,BLN001,LEK006,17.0,16.3,16.6,12582,4.3,Blanchisserie -> Laennec
13,PAT002,RBE001,19.9,16.3,18.9,10820,18.0,Parmentier -> Faidherbe
58,JAQ002,HBE002,18.7,16.3,18.2,5139,13.1,Jacquard -> Beaupre
67,MRN002,RON002,20.2,16.3,19.1,3101,19.3,Marronniers -> Ronchin Mairie
50,CAS001,SJD001,17.7,16.3,17.4,7017,7.9,Cassel -> Saint Jean De Dieu
N1,CIO002,CSC099,,16.3,15.5,418,,College Triolo -> Cité Scientifique
C10,DCQ002,MA4031,,16.3,19.6,3404,,Ducroquet -> Place
50,DIE001,STM001,19.4,16.3,17.6,8290,15.9,Dieu De Marcq -> St Maurice
Z1,PLR011,ONS001,,16.3,,1053,,Tourcoing Centre -> Conservatoire
82,RSA001,RMI003,,16.3,,225,,College -> Ermitage
67,ORM002,VLL002,21.8,16.3,20.0,2964,24.9,Les Ormeaux -> Mairie
80,LOC001,REB001,22.2,16.3,17.9,2876,26.6,L'Octroi -> Republique
C12,PLT002,BAP002,,16.3,17.4,3398,,Place Du Travail -> St Jean Baptiste
15,PDO002,GBE002,19.4,16.3,18.4,11354,15.7,Porte De Douai -> Gaston Berger
L92,GRS002,SFE004,21.4,16.3,19.6,6982,23.7,Gare -> Fenelon
13,DEH001,BDM002,,16.3,19.3,10031,,Campus -> Boulevard De Mons
30,VAU002,FRE002,18.0,16.3,17.1,5598,9.4,Vauban -> Fresnoy
18,REP005,EBA004,16.6,16.3,16.6,11317,1.8,République Beaux-Arts -> Liberte
18,NAT004,SFO004,18.2,16.3,17.3,1807,10.3,Nationale -> Solferino
L2,SOI004,CAL011,16.1,16.3,20.5,14953,-1.2,Recherche -> Chu Eurasanté
88,PBL002,ROC002,,16.3,18.4,2406,,Pont Blanc -> Chapelle St Roch
C12,ROU066,LJM001,,16.3,17.1,3396,,Euroteleport -> Alfred Mongy
L99,BRV001,PMT003,17.1,16.3,17.5,7427,4.5,Pierre Beregovoy -> Place Aux Toiles
81,QCE001,QPO002,,16.3,19.5,510,,Centre -> Le Pont
60E,LAN003,3FE001,,16.3,,846,,Place -> Trois Fermes
50,HOS002,RMD002,20.5,16.3,19.4,5231,20.2,Les Bateliers -> Ramadier
50,GLA001,AND001,17.7,16.3,17.7,8259,7.9,Gladbeck -> Vandenberghe
CO3,HIM002,MCL002,,16.3,19.0,5162,,Hippodrome -> Clemenceau Hippodrome
33,GEA010,NUR001,19.7,16.3,17.2,7593,17.3,Galon D'Eau -> Nations Unies
L92,TSS001,CAV001,17.1,16.3,17.5,7687,4.7,Cimetiere Du Sud -> Cavell
CO3,HIM003,EME002,,16.3,19.5,5174,,Hippodrome -> Clemenceau
13,CHD002,ISI002,17.2,16.3,16.5,11099,5.2,Chapelle D'Elocques -> Lavoisier
L92,SOI004,CAL002,21.5,16.3,20.3,7252,24.5,Recherche -> Chu Eurasanté
78,BTM002,PNL002,,16.3,19.6,742,,Boutemy -> Pn Lannoy
L6,COU011,CLL011,17.8,16.3,17.1,14657,8.1,Cousinerie -> Courtilles
55,BUR001,RIE003,20.7,16.3,18.9,4600,21.3,Burgault -> Le Riez
15,DLE002,RFE006,,16.3,16.3,10628,,De Gaulle -> Ferrer
L8,SAP011,CEO001,18.0,16.4,17.5,12297,8.7,Delecourt -> Rue Des Ecoles
L5,TGI001,CHF001,18.1,16.4,17.5,16433,9.3,Tgi -> Chaufour
CITL,NAT003,REP005,17.9,16.4,17.6,8198,8.6,Nationale -> République Beaux-Arts
18,ERB001,LEZ001,19.4,16.4,17.9,9682,15.6,Faidherbe -> Mairie
82,RMI003,RBR002,,16.4,19.1,3435,,Ermitage -> Rue Brune
35,HER001,ZBE014,17.8,16.4,18.3,3134,8.1,Herriot -> ZBE014
13,TMI011,VVA001,18.4,16.4,16.6,9449,11.0,Tremiere -> Valmy
L1,MRN001,RJA001,17.8,16.4,17.0,15062,8.2,Marronniers -> Jean Jaures
CO3,MGA002,PCM005,,16.4,18.8,4822,,Gare -> Marche
35,CIS002,WAG002,18.3,16.4,19.1,6021,10.5,Cimetiere -> Wagner
81,REB002,LOC002,,16.4,20.5,564,,Republique -> L'Octroi
L2,CAL012,LSS002,17.2,16.4,16.9,15092,4.6,Chu Eurasanté -> Recherche
L1,18J001,STV001,17.5,16.4,17.6,14787,6.3,18 Juin -> Saint Venant
Z1,AVS001,REN002,,16.4,,1058,,Avesnes -> Florence
86,LIC003,FDN001,18.6,16.4,16.9,4279,11.5,Cimetiere -> Freres D'Halluin
10,GEE002,ENC002,18.5,16.4,17.4,6039,11.0,Château Bigo Danel -> Clemenceau
14,MCX002,LIG013,19.6,16.4,15.5,11221,16.2,Tanneurs -> Gare Rue De Tournai
51,LGU001,JUS001,19.1,16.4,17.9,5603,13.8,Guynemer -> Rue De Lille
13,OUL002,BOD011,19.0,16.4,18.1,11259,13.6,Moulin D'Ascq -> Bouderiez
CITL,CAV002,TSS002,19.5,16.4,18.3,8749,15.9,Cavell -> Cimetiere Du Sud
50,HLO002,PIM002,20.5,16.4,18.8,8275,19.9,Hautes Loges -> Piscine
9,CSK001,HOS001,18.0,16.4,17.3,11153,8.9,Caserne Kleber -> Les Bateliers
CITA,ACT002,IDF002,,16.4,17.3,4138,,Cat -> Lp De  Flandres
CO2,EUP001,PRD001,18.2,16.4,17.3,8077,9.8,Limousin -> Picardie
10,MLM002,LAF002,20.0,16.4,15.7,216,17.7,Hotel De Ville -> Anatole France
14,EBA003,REP003,17.8,16.4,16.9,11234,8.0,Liberte -> République Beaux-Arts
907,QAM002,AVN003,,16.4,,219,,Marquette Mairie -> Lommelet
908,GHE001,ERA001,,16.4,,232,,Ghesquiere -> Pare
34,GEA010,NUR001,17.4,16.4,17.0,7505,6.2,Galon D'Eau -> Nations Unies
34,ILO002,BMA002,18.2,16.5,17.2,7560,9.2,Moliere -> Verdun
L3,BPO002,TOM002,21.8,16.5,21.2,9458,24.2,Bon Poste -> Meunier
78,ARN003,AID006,,16.5,15.6,602,,Pile Place-Carnot -> Condition Publique
CO3,LCL001,LBO004,,16.5,18.6,4897,,Clouet -> Lambersart Bourg
L92,SHG002,ESG001,21.4,16.5,19.9,7627,23.2,Hentges -> Eglise
76,QUO007,PLV001,18.6,16.5,17.3,3350,10.9,Bayart -> Le Pont
907,PEP001,PAS003,,16.5,,223,,Petit Paradis -> Pasteur
CITH,HCA002,PTU001,17.2,16.5,16.2,4573,4.2,Cimetiere -> Pasteur
978,QCE001,QPO002,,16.5,,220,,Centre -> Le Pont
CITA,ISA001,GAA002,,16.5,17.1,4610,,Piscine -> Gare Annexe
50,HOS003,RMD002,21.4,16.5,19.6,1545,22.8,Les Bateliers -> Ramadier
CIT5,PLT001,CAR003,19.3,16.5,18.1,12348,14.6,Place Du Travail -> Carpeaux
88,PBL001,LAL003,,16.5,20.3,685,,Pont Blanc -> Lalau
CO3,HDV044,ELA002,,16.5,17.0,3466,,Hotel De Ville -> Epoux Labrousse
L1,MME002,FOS002,19.8,16.5,17.8,14981,16.9,Lommelet -> Foch
L3,TFF001,PTO002,18.2,16.5,17.4,8943,9.2,Toufflers Douane -> Place
35,VBR001,MOL001,17.5,16.5,17.6,5937,5.5,Vieux Bureau -> Mont A Leux
CITT,PMN002,ORI004,18.1,16.5,16.1,7987,8.9,Petit Menin -> ORI004
CIT5,RDC001,CLO002,18.8,16.5,18.2,6814,12.2,Rue Des Champs -> Colisee
C11,GAP002,MNL002,,16.5,17.3,1855,,Place Gambetta -> Molinel
MWR,GEA010,NUR001,20.8,16.5,17.5,1196,20.6,Galon D'Eau -> Nations Unies
34,COU011,CRT098,19.3,16.5,18.5,7595,14.2,Cousinerie -> 8 Mai 1945
52,MTT002,BDU002,18.1,16.5,18.4,8801,8.8,Mont De Terre -> Bd De L'Usine
CITT,HEN001,AVS001,19.1,16.5,18.3,7945,13.7,Hentges -> Avesnes
L1,EBA003,REP003,18.0,16.5,17.1,13932,8.3,Liberte -> République Beaux-Arts
58,LGH002,EDE002,17.6,16.5,17.5,5169,6.3,Ghesquiere -> Delory
N1,PHL002,MNA002,,16.5,15.5,355,,Philippe Lebon -> Massena
58,MAH003,HLF001,,16.5,20.6,273,,St Vaast -> Le Fort
CO2,CSL001,MPE001,19.9,16.5,17.7,8003,16.7,Cite Saint Leger -> Gare
15,18J001,STV001,18.3,16.5,19.5,11185,9.8,18 Juin -> Saint Venant
14,SCR001,PTA001,20.6,16.5,19.9,12141,19.8,Scrive -> Pont De L'Abbaye
33,NUR002,GEA011,19.0,16.5,18.0,7627,12.8,Nations Unies -> Galon D'Eau
52,LEG001,ERR001,19.3,16.5,18.7,8740,14.8,Legrand -> Ferrer
L8,COT001,SAT001,17.3,16.5,17.3,12256,4.4,Coty -> Dunant
CO2,LCH002,LMR002,18.4,16.5,17.0,8134,10.7,Chatelet -> La Marliere
61,SML001,SRP001,,16.6,18.5,1847,,Millenaires -> Rue Pasteur
34,3PO001,BMA001,16.1,16.6,17.1,7484,-2.9,Trois Ponts -> Verdun
C11,WMI002,JPS001,,16.6,17.8,1806,,Hotel De Ville -> Jp Sartre
C11,TRS001,LOD001,,16.6,17.7,1842,,Trois Sources -> La Fonderie
L3,LIE002,PLG002,18.1,16.6,17.9,15516,8.2,Saint Lievin -> De Gaulle
34,BAU002,PET002,19.2,16.6,18.8,7491,13.8,Baudouin Ix -> Petit Boulevard
L8,RUN002,JOF002,18.0,16.6,16.0,12390,7.9,Leon Jouhaux -> Marechal Joffre
86,LAZ002,CHW003,18.3,16.6,16.6,4654,9.2,Lazaro -> Chemin Wervicq
72,ACC002,BFR002,17.7,16.6,17.8,2394,6.2,Maison D'Accueil -> Frontiere
50,ENG001,GST001,20.3,16.6,19.6,8239,18.2,Salengro -> Gare
CO1,RDJ001,RDB002,,16.6,17.3,4395,,Rue De Jemmapes -> Rue De Bordeaux
CO3,MIT199,ALB003,,16.6,17.6,3365,,Mitterie -> A.Thomas
32,COU012,RLA002,19.9,16.6,19.3,7271,16.7,Cousinerie -> Rue De Lannoy
C9,JRS001,INN001,21.3,16.6,19.0,9748,22.2,Jean Jaures -> Innovation
61,JDL002,HBA001,,16.6,17.5,1688,,J. Luxembourg -> La Bascule
CO2,CAL008,CCD001,19.9,16.6,19.5,7846,16.7,Chu Eurasanté -> Coeur Poumon
13,PDB012,CSN003,19.2,16.6,18.5,11335,13.8,Pont De Bois -> La Chesnaie
L8,ROL001,MET002,20.9,16.6,17.0,12443,20.5,Rollin -> Boulevard De Metz
L3,GEA011,APT002,17.3,16.6,16.8,15223,4.3,Galon D'Eau -> Place Chaptal-Cimetière
CO3,EME001,HIM002,,16.6,19.6,5156,,Clemenceau -> Hippodrome
L6,CSN005,PDB001,18.6,16.6,17.8,14451,10.8,La Chesnaie -> Pont De Bois
50,ESI003,ESI001,18.1,16.6,17.0,8186,8.4,Resistance -> Ulysse Trelat
15,PID002,RJA002,19.1,16.6,18.9,11405,12.7,P I De Douai -> Jean Jaures
84,FBO001,DEV001,19.1,16.6,16.2,4245,13.0,Blanc Four -> Corteville
CO3,CCE002,CCE001,,16.6,15.2,4992,,Ctre Commercial -> Ctre Commercial
L8,HCH002,ZOL001,18.1,16.7,17.2,12288,7.6,Les Hauts Champs -> Zola
14,LAL002,PAP002,18.2,16.7,18.1,12185,8.3,Lalau -> Papeterie
L92,PDP055,SIM003,19.2,16.7,17.8,7414,12.9,Porte Des Postes -> Centre Commercial
33,HUG011,BIF001,,16.7,18.2,715,,Victor Hugo -> Leers Bifur
13,VVA002,TMI012,19.2,16.7,16.7,11224,12.8,Valmy -> Tremiere
CO3,MOS002,GST002,,16.7,18.7,5166,,Moliere -> Gare
L91E,SEM002,ROH002,,16.7,,246,,Semard -> Hotel De Ville
89,SFR002,LOR002,20.9,16.7,21.5,4303,20.2,Saint Francois -> Lorthiois
L7,PDP050,SIM001,19.7,16.7,17.9,14238,15.2,Porte Des Postes -> Centre Commercial
13,PET002,ANP002,19.2,16.7,18.4,11236,13.1,Petit Boulevard -> Poste D'Annappes
13,PET001,BAU001,19.9,16.7,18.5,11301,15.8,Petit Boulevard -> Baudouin Ix
L8,DRO001,BOU001,18.3,16.7,17.8,12277,8.8,C.H. Dron -> O. De Bousbecque
10,CDT001,LAF003,20.7,16.7,18.2,12489,19.4,Croix Du Temple -> Anatole France
CIT5,VIP001,WAT005,18.7,16.7,17.4,12273,10.4,Vieille Place -> Centre
L99,GUS002,SSO002,16.8,16.7,17.1,7550,0.6,Jules Guesde -> Securite Sociale
917,DAE001,DCA002,,16.7,,416,,Lardé -> Calmette
62,BMM001,CSC004,,16.7,16.9,621,,Monument Aux Morts -> Clg Schweitzer
911,HTR001,MHM001,,16.7,,200,,Elsa Triolet -> Mairie
C8,TBR001,AIL001,,16.7,18.6,2349,,Brossolette -> Braille
35,LIE002,PLG002,18.3,16.7,17.8,6209,9.1,Saint Lievin -> De Gaulle
CIT5,RXC002,ACO002,18.1,16.7,17.8,12057,7.6,Collège Rosa Parks -> Rue D'Alger
L8,REI002,RRN001,18.0,16.7,17.6,12502,7.6,Boulevard De Reims -> Ernest Renan
L4,OMN002,HOO002,19.8,16.7,18.0,13105,15.8,Omnibus -> Hondschoote
18,ERB002,DEF002,19.3,16.7,18.1,9693,13.4,Faidherbe -> Defaux
36,DEY002,URI002,19.5,16.8,19.5,5629,13.9,Delory -> Roubaix Charles Fourier
34,ANP001,PET001,19.1,16.8,18.6,7577,12.1,Poste D'Annappes -> Petit Boulevard
67,JRO002,FAE002,20.2,16.8,18.3,2963,16.8,Jean Rostand -> Eglise
17,CIP002,FON002,18.9,16.8,18.3,9643,11.0,Cite A. Prouvost -> La Fontaine
C10,STL001,ABB001,,16.8,18.6,3101,,Eglise Saint Louis -> Abbe Bonpain
CIT5,RRL001,HOR002,21.4,16.8,21.5,12329,21.7,Louis Loucheur -> Hopital Victor Provo
CIT5,CAR002,PLT002,19.1,16.8,18.6,12320,11.9,Carpeaux -> Place Du Travail
L4,RUN004,TOS002,19.4,16.8,18.4,13063,13.0,Union -> Tossee
68,LSG001,PPC001,22.7,16.8,19.4,3909,26.1,Gare -> Centre Culturel
CIT5,ACO001,RXC001,18.3,16.8,18.3,12227,8.4,Rue D'Alger -> Collège Rosa Parks
L3,HER002,FOC002,17.6,16.8,18.0,15370,4.9,Herriot -> Foch
L4,AFR003,DPA002,18.2,16.8,17.6,13404,7.7,Anatole France -> Lucie Aubrac
78,PNL001,BTM001,,16.8,17.9,719,,Pn Lannoy -> Boutemy
33,LER001,HUG012,,16.8,21.0,585,,Eglise -> Victor Hugo
66,BTM002,PNL002,19.9,16.8,18.0,2679,15.7,Boutemy -> Pn Lannoy
15,MRN001,RJA001,18.6,16.8,18.4,11185,9.9,Marronniers -> Jean Jaures
50,ENG002,PRC002,18.7,16.8,18.0,8143,10.2,Salengro -> Pre Catelan
L90,MAL001,SSM001,20.5,16.8,20.0,6139,18.0,Cat Malecot -> Eglise
236,FWL006,FWC002,,16.8,18.5,236,,Rue Thiers -> Carnot
10,PRT002,BZH002,22.0,16.8,19.8,6073,23.6,Port Fluvial -> Bazinghien
L99,BUI002,ABI001,,16.8,,366,,Renan Buisson -> Le Bizet
89,HVO002,MIL004,21.3,16.8,21.1,4430,21.1,Hotel Voyageurs -> École Des Douanes
32,LFG002,PQU002,23.3,16.8,18.9,3936,27.8,Lafargue -> Pont Du Breucq
CO2,RDF002,LMI006,,16.8,14.0,7329,,Rue Des Fusilles -> M.I.N.
L8,SLS005,MET001,19.6,16.8,18.0,12430,14.3,Visitation -> Boulevard De Metz
CO1,RHA002,CHB001,,16.8,19.2,4951,,Rue D'Haubourdin -> A. Dumas
80,HHV001,POC001,24.3,16.8,16.5,2163,30.8,Hotel De Ville -> Pont Casier
58,FDP002,EUL001,19.0,16.8,18.2,5206,11.2,Faculte De Pharmacie -> Eurasante Epi De Soil
C12,CPO001,CAR002,,16.8,19.4,3395,,Centre Impots -> Carpeaux
50,MA4031,MMA002,22.3,16.8,20.3,8275,24.9,Place -> Quesne Mairie
34,LCT002,CRT099,17.7,16.8,17.4,7515,5.1,Lac De Canteleu -> 8 Mai 1945
CO1,LCA001,RFE001,,16.8,18.1,5028,,Carnot -> Ferrer
L8,GEA014,ANL002,18.3,16.8,18.1,12432,8.2,Galon D'Eau -> Canal De Roubaix
CO2,LMR001,LCH001,18.9,16.8,18.1,8075,10.8,La Marliere -> Chatelet
73,ANN002,MOA002,,16.8,20.8,364,,Republique -> Montalembert
82,MLN002,TLC002,,16.8,18.9,2316,,Moulin -> Le Christ
Z1,ZIT001,RCK001,,16.8,,1029,,Z.I Tourcoing Nord -> Reckem
C10,BAR002,CRL002,,16.9,21.8,3398,,Barrois -> Croise Laroche
C12,URI006,CPO001,,16.9,19.8,2848,,Roubaix Charles Fourier -> Centre Impots
14,DOA005,BAJ001,19.2,16.9,18.2,11755,12.2,Douai Arras -> Bas Jardin
76,ETC004,PLV002,20.2,16.9,17.7,3090,16.3,Euratechnologies -> Le Pont
L4,EMO001,CGL001,19.5,16.9,17.5,12792,13.6,Emile Moreau -> College
30,WMI002,JPS001,18.4,16.9,17.9,5551,8.0,Hotel De Ville -> Jp Sartre
32,SSU002,BET001,20.0,16.9,18.6,3999,15.7,Le Sart Sud -> Jean Jaures
10,LCD001,AUG001,19.9,16.9,19.0,6353,15.1,Chasseurs De Driant -> Augereau
923,LGO002,LCE002,,16.9,,200,,Alliance Nord-Ouest -> La Cessoie
L5,MMA011,FAY002,20.7,16.9,18.7,9551,18.3,Mairie -> La Fayette
L91,PTM002,REG002,19.1,16.9,18.1,6129,11.4,Pont De Marcq -> Rue De L'Eglise
33,ABE002,EAU001,,16.9,,361,,Jb Lebas -> Chateau D'Eau
Z2,RON001,MRN001,,16.9,,735,,Ronchin Mairie -> Marronniers
34,VDM005,3PO001,19.0,16.9,17.7,7281,11.1,Vélodrome -> Trois Ponts
67,RHA002,RON001,19.2,16.9,19.2,2936,11.9,Rue D'Haubourdin -> Ronchin Mairie
82,REB002,LOC002,,16.9,20.1,2712,,Republique -> L'Octroi
14,TIM003,GEY001,18.6,16.9,18.2,11769,9.3,Tilmant -> De Geyter
52,PMA002,PTT002,21.1,16.9,19.1,8842,19.8,G. Lyon -> Pont De Tournai
926,FRR002,JRS002,,16.9,,666,,Ferry -> Jean Jaures
34,PET002,ANP002,19.1,16.9,18.2,7459,11.6,Petit Boulevard -> Poste D'Annappes
L92,CEH001,DMY001,18.0,16.9,18.4,7231,6.2,Centre Hospitalier -> College Demailly
87,RDE002,LIP002,20.3,16.9,19.2,3432,16.9,Rue Des Ecoles -> Linselles Place
CO3,CSN002,PDB020,,16.9,20.1,774,,La Chesnaie -> Pont De Bois
62,RDF002,LMI006,,16.9,13.4,965,,Rue Des Fusilles -> M.I.N.
14,HOS002,RMD002,20.4,16.9,19.6,10075,17.0,Les Bateliers -> Ramadier
C8,JDN001,RPH001,,16.9,17.4,2346,,Jourdan -> Phalempins
13,FLB001,RBE002,19.7,16.9,18.8,11069,14.5,Flers Bourg -> Faidherbe
78,BUO002,AUL002,,16.9,17.1,675,,Coubertin -> Centre Commercial
Z6,MAR002,GRI002,,16.9,,962,,Voltaire -> Grimomprez
L5,HMA002,HJA002,20.0,16.9,18.5,16504,15.5,Mairie -> Jardin Public
67,LMQ001,MDF001,19.1,16.9,15.8,3110,11.4,Moulin De Lesquin -> Moulin De Faches
MWR,MLE002,MLU002,19.5,16.9,18.3,613,13.4,Rue Leopold -> MLU002
Z1,ZIT001,DOC001,,16.9,,1224,,Z.I Tourcoing Nord -> Docks De L'Oise
C10,MCL008,BSN001,,16.9,18.9,3100,,Clemenceau Hippodrome -> Buisson
L2,LCR001,LRE001,18.2,16.9,18.2,14937,7.5,Leclerc -> Republique
34,AMP002,REC002,19.0,16.9,18.3,7359,11.2,Ampere -> Rue Des Ecoles
33,NAU004,RER002,22.5,17.0,20.4,7490,24.2,Universités -> Ermitage
80,POC001,RMI003,20.2,17.0,18.1,2877,15.7,Pont Casier -> Ermitage
10,LJU001,LAG001,19.6,17.0,17.7,9135,13.4,Jussieu -> Gambetta
15,18J002,DLE002,,17.0,18.2,10527,,18 Juin -> De Gaulle
30,PCE001,BNT002,20.3,17.0,19.1,5631,16.2,Carliers -> Point Central
66,BPO002,TOM002,21.9,17.0,19.8,3286,22.6,Bon Poste -> Meunier
926,POI001,ZIH002,,17.0,,575,,Pave Du Moulin -> Zi Hellu - Epine
55,SOI004,CAL063,24.8,17.0,21.0,4669,31.6,Recherche -> Chu Eurasanté
32,RQU003,PAU001,18.3,17.0,19.2,7210,7.5,La Marque -> L.A.M.
L90,MDP001,AVN003,20.2,17.0,18.7,6281,15.6,Moulins -> Lommelet
15,LCA002,RRE002,19.8,17.0,18.7,11495,14.2,Carnot -> Republique
81,PRD003,LPA002,,17.0,20.9,503,,Picardie -> La Paix
73,AQC002,DOU004,,17.0,25.5,218,,Ascq 4 Chemins -> Doumer
MWR,NUR002,GEA011,20.3,17.0,16.6,1189,16.4,Nations Unies -> Galon D'Eau
14,TIM004,RDL002,20.5,17.0,18.9,12153,16.8,Tilmant -> Rue De L'Oise
32,PPS001,VAH001,21.6,17.0,20.1,7259,21.4,Peupliers -> Hopital Prive
58,DUT001,HBE001,18.4,17.0,18.5,4586,7.5,Dutrey -> Beaupre
51,NMI001,SCL001,19.5,17.0,18.1,5548,12.7,Cimetiere Nord -> St Clement
RME1,MRB199,DFI198,13.3,17.0,11.0,852,-28.6,Marbrerie -> DFI198
CO2,PRD002,EUP003,18.0,17.0,17.2,8007,5.3,Picardie -> Europe
CITL,ARB002,LCI002,18.5,17.0,18.4,8756,8.1,Arbrisseau -> Wagner
66,UST001,PNL001,20.2,17.0,19.7,2509,15.9,Justice -> Pn Lannoy
62,HSP063,ALV002,,17.0,19.6,935,,St. Philibert -> Calvaire
60E,HTR001,MHM001,,17.0,,959,,Elsa Triolet -> Mairie
L92,RDP005,SHG002,20.8,17.0,19.4,7654,18.1,Rte Pt A Marcq -> Hentges
L3,APT001,GEA010,18.0,17.0,17.4,13947,5.6,Place Chaptal-Cimetière -> Galon D'Eau
13,MBO001,MTR001,19.6,17.0,17.9,10669,13.4,Bourgogne -> Trocadero
L6,CLL011,COC011,18.7,17.1,17.1,14475,8.5,Courtilles -> Comices
CO1,LCI002,WBO001,,17.1,18.9,5057,,Wagner -> Bourget
33,3PO002,VDM003,18.0,17.1,17.6,7610,5.0,Trois Ponts -> Vélodrome
36,URI006,DEY001,19.0,17.1,18.2,4873,9.8,Roubaix Charles Fourier -> Delory
978,QBP001,QCE001,,17.1,,308,,Blanche Porte -> Centre
50,LHO002,STA001,18.0,17.1,17.3,7074,5.2,Hondschoote -> STA001
88,REG002,MGA002,,17.1,19.3,2404,,Rue De L'Eglise -> Gare
CO1,HVA004,VSA002,,17.1,16.3,3406,,Valmy -> Versailles
67,FCI001,FAE001,20.4,17.1,19.0,2772,16.2,Cimetiere -> Eglise
L3,PTO001,TFF003,19.8,17.1,18.8,9439,13.5,Place -> Toufflers Douane
CITH,ZUI001,2NA001,21.5,17.1,15.9,4593,20.5,Zuidstraadt -> 2 Nations
15,RPC001,LTI001,19.9,17.1,19.2,11291,14.1,Petite Chapelle -> Cimetiere
33,TON001,VEP001,19.2,17.1,18.5,7535,10.7,Tonkin -> Vert Pre
911,MHM001,HPM001,,17.1,,202,,Mairie -> Hempempont
32,CIM002,COU012,19.5,17.1,19.2,7160,12.2,Cimaise -> Cousinerie
L8,ZOL002,HCH004,19.1,17.1,18.1,12542,10.2,Zola -> Les Hauts Champs
50,BLV001,BLR002,20.6,17.1,18.7,7839,17.1,Bel Air -> Resistance
L1,18J002,TAL002,17.7,17.1,17.5,14679,3.5,18 Juin -> Comtesse De Segur
L91E,LIG114,LEU001,,17.1,,354,,Gare Lille Flandres -> Lille Europe
L90,WBG001,RYP001,18.9,17.1,18.1,6311,9.3,Gare -> Rue D'Ypres
13,GNA002,CHD002,20.8,17.1,17.2,11098,17.6,Montagnards -> Chapelle D'Elocques
RME1,PDB004,LZN198,15.9,17.1,15.6,850,-8.1,Pont De Bois -> Square Flandres
CITL,TSS001,CAV001,18.3,17.1,18.6,8774,6.8,Cimetiere Du Sud -> Cavell
N1,DFI001,CIE198,,17.1,16.1,448,,Lille Fives -> Madeleine Caulier
62,BCR002,ILC002,,17.1,18.5,1010,,Bouchery -> Centre
L91,REG002,MGA002,19.6,17.1,18.1,6157,12.7,Rue De L'Eglise -> Gare
CIT5,BDO002,EPE001,18.9,17.1,18.5,12304,9.5,Boulevard De Douai -> Ep. Montesquieu
51,RDS001,LLE001,17.8,17.1,18.4,5506,4.3,Saut Du Loup -> Lemire
58,SHD002,SGA002,20.5,17.1,21.0,5112,16.8,Hotel De Ville -> Santes Gare
L91,RGA001,ROQ001,20.3,17.1,19.0,6111,15.8,Ancienne Gare -> Roncq Place
Z1,ROI004,PDN003,,17.1,,550,,Roitelet -> Pt De Neuville
82,ARG082,THI001,,17.1,18.7,3094,,Armentieres Gare -> Place Thiers
Z1,HEN001,AVS001,,17.1,,1058,,Hentges -> Avesnes
922,RBE002,PAT001,,17.1,,324,,Faidherbe -> Parmentier
Z2,RJA001,PID001,,17.1,,735,,Jean Jaures -> P I De Douai
CIT5,SPR001,MOT001,20.4,17.1,18.7,12135,15.9,Spriet -> Fourmies
14,REP005,EBA004,17.7,17.1,17.8,11231,3.9,République Beaux-Arts -> Liberte
80,EUP001,PRD001,,17.1,,324,,Limousin -> Picardie
Z1,PDN001,ROI003,,17.1,,942,,Pt De Neuville -> Roitelet
64,FWC001,FWL001,,17.1,20.7,1607,,Carnot -> Lion Noir
Z8,ANF001,LSG001,,17.2,19.6,1805,,Anatole France -> Gare
34,LEK004,EML002,18.6,17.2,18.0,7457,7.7,Laennec -> Calmette
10,ROY002,CDO002,19.9,17.2,18.2,12871,13.5,Pont Royal -> Canon D'Or
CITH,HIL001,MOH001,17.7,17.2,16.9,2056,3.2,Saint Hilaire -> Oree Du Mont
Z6,RDC002,RHO002,,17.2,,309,,Rue Des Champs -> Watremez
L1,GDE002,CER001,18.9,17.2,18.1,14681,8.6,Coluche -> Le Cerf
CO3,FOS001,MME005,,17.2,19.7,5164,,Foch -> Lommelet
C11,LOD002,TRS002,,17.2,17.9,1843,,La Fonderie -> Trois Sources
36,HPI001,HLV002,,17.2,20.0,544,,4 Vents -> Hem La Vallee
84,RGA001,ROQ001,21.1,17.2,19.4,4237,18.2,Ancienne Gare -> Roncq Place
N1,CSC198,CIO001,,17.2,17.3,452,,Cité Scientifique -> College Triolo
68,PTB001,RJA007,22.4,17.2,19.6,3911,23.3,Petit Bois -> Jean Jaures
L7,PVY001,PCG001,18.3,17.2,17.8,12953,6.2,Prevoyance -> Place Garonne
Z1,RCK002,ZIT001,,17.2,,1251,,Reckem -> Z.I Tourcoing Nord
C9,ECO001,FRR001,18.9,17.2,17.6,9743,9.1,Ecole -> Ferry
L92,GUI002,WBT002,18.5,17.2,18.2,7220,6.6,Guillain -> Bleriot
L4,TPO002,TGA006,18.7,17.2,17.9,13440,8.1,Poste -> Tourcoing Gare
76,QCE001,QPO002,,17.2,18.5,2956,,Centre -> Le Pont
968,3FE002,MES002,,17.2,,203,,Trois Fermes -> Mesanges
L4,FGU002,ERU001,18.2,17.2,16.8,13380,5.4,Médiathèque Andrée Chedid -> Parc Clemenceau
51,LCL001,LBO004,19.3,17.2,18.3,4594,11.0,Clouet -> Lambersart Bourg
82,PTU001,MOR001,,17.2,18.4,2286,,Pasteur -> Monument Aux Morts
L90,GST001,MOS001,18.3,17.2,18.7,6314,6.0,Gare -> Moliere
L2,LCH001,LPX001,17.4,17.2,18.3,2419,1.2,Chatelet -> La Paix
82,CEN002,PTE002,,17.2,20.4,3425,,Centre -> Petite Chapelle
55,EPN001,CDP001,,17.2,18.8,1284,,Centre Commercial -> Commune De Paris
66,PNL001,BTM001,21.3,17.2,18.8,2510,19.4,Pn Lannoy -> Boutemy
CIT5,CLO003,RDC002,19.3,17.2,18.7,10147,10.9,Colisee -> Rue Des Champs
17,FON001,CIP001,19.8,17.2,19.2,9952,13.2,La Fontaine -> Cite A. Prouvost
89,HOC002,LEF002,21.7,17.2,20.6,4322,20.8,Jardin Jean Moulin -> Vigne
61,HPE002,JDL002,,17.2,19.6,1687,,La Pepiniere -> J. Luxembourg
CO3,REG001,EME001,,17.2,19.1,5163,,Rue De L'Eglise -> Clemenceau
33,KLI001,AID006,21.2,17.2,17.0,7602,18.7,Franklin -> Condition Publique
14,MAW001,KLE002,18.2,17.2,18.0,5546,5.1,Marais -> Kleber
L3,BDH001,FTE001,19.4,17.2,19.0,6477,11.0,Boulevard De Mulhouse -> Roubaix Man Fraternite
10,LLE002,RDS002,18.0,17.2,17.9,2164,4.1,Lemire -> Saut Du Loup
RME1,CIE198,LIG112,15.3,17.2,11.3,715,-12.3,Madeleine Caulier -> Gare Lille Flandres
CITL,LBE002,CAV002,20.2,17.2,19.1,8744,14.8,Courbet -> Cavell
L4,NUI001,RTG002,20.3,17.2,18.8,12861,15.4,Guinguette -> Rue De Tourcoing
52,BDU002,ERR002,19.2,17.2,18.2,8759,10.3,Bd De L'Usine -> Ferrer
13,VOS002,MSA002,19.2,17.3,18.6,11018,10.3,Prevost -> Mons Sarts
14,BAM004,MAW001,18.8,17.3,18.4,5585,8.2,Bargues Marais -> Marais
82,HAL001,HDO003,,17.3,17.4,2291,,Centre Ville -> Douane
58,GLE002,JAQ002,20.3,17.3,21.0,5140,14.5,Gambetta Leclerc -> Jacquard
L1,PID002,RJA002,18.1,17.3,18.3,14952,4.3,P I De Douai -> Jean Jaures
67,FCI002,RDJ002,20.2,17.3,19.1,2654,14.2,Cimetiere -> Rue De Jemmapes
978,OLY002,QHV002,,17.3,,350,,Les Olympiades -> Quesnoy Mairie
CO3,VRS002,LRP002,,17.3,19.3,3369,,Viersen -> Rue De Lompret
33,ILO002,BMA002,19.9,17.3,17.8,7609,12.8,Moliere -> Verdun
18,ETC003,MTY005,19.4,17.3,18.1,10028,10.8,Euratechnologies -> Martyrs
80,RBR002,NFR001,20.8,17.3,18.5,3058,16.8,Rue Brune -> Nouvelle France
36,ALL001,SPI001,17.9,17.3,17.3,4739,3.4,L'Allumette -> Croix Saint Pierre
13,ASC001,MAS001,20.5,17.3,18.7,11281,15.3,Village -> Massena
67,VLL002,VEN001,22.2,17.3,20.3,2965,22.1,Mairie -> Eglise
84,PCS001,SGE001,19.2,17.3,19.2,4209,10.1,Desire Ducarin -> Gendarmerie
Z1,HEN002,ONS002,,17.3,,1107,,Hentges -> Conservatoire
Z2,VOY001,ANF001,,17.3,,981,,Voyette -> Anatole France
13,ESD011,BOI011,18.5,17.3,18.1,4270,6.5,Residence -> Bois Blancs
L4,CGL001,REM001,21.5,17.3,18.8,12817,19.6,College -> Saint Remi
CIT5,HON002,CRE002,19.5,17.3,18.6,11217,11.2,D'Hondt -> Cretinier
15,RJA002,MRN002,19.5,17.3,19.2,11404,11.5,Jean Jaures -> Marronniers
Z4,ZPE001,APK001,,17.3,,533,,ZPE001 -> APK001
L4,SEM002,ROH002,18.8,17.3,17.8,12906,8.0,Semard -> Hotel De Ville
50,MMA011,FAY002,22.2,17.3,19.7,8275,22.1,Mairie -> La Fayette
13,SAB002,ANM002,20.8,17.3,18.1,11063,16.8,Sabliere -> Ancienne Mairie
CITT,ICT001,CAI001,20.0,17.3,19.2,8047,13.6,Victoire -> Calais
87,KAE002,AUR002,21.6,17.3,19.0,4213,19.5,Dronckaert -> Ctre Commercial
L92,CWT002,GUI002,19.0,17.3,18.7,7220,9.3,Cimetiere -> Guillain
L3,FOC001,HER001,19.4,17.3,19.5,15367,10.9,Foch -> Herriot
86,PTM002,REG002,19.0,17.3,18.6,4653,9.0,Pont De Marcq -> Rue De L'Eglise
35,NUR002,GEA011,20.9,17.3,19.0,3369,17.5,Nations Unies -> Galon D'Eau
CO2,TRO001,LPH001,19.3,17.3,20.5,764,10.7,Trocmet -> La Phalecque
CITH,HRM001,SED001,18.0,17.3,18.3,4553,3.7,L'Harmonieuse -> Stele Des Enfant
L92,GUI001,CWT001,19.1,17.3,19.6,7665,9.2,Guillain -> Cimetiere
L91,HAL001,HDO003,18.3,17.3,17.4,6017,5.2,Centre Ville -> Douane
L1,SAN005,MOS002,18.9,17.3,18.0,14979,8.6,Mairie -> Moliere
34,KLI001,AID006,18.5,17.3,17.6,7498,6.3,Franklin -> Condition Publique
Z6,VIG004,NDR003,,17.3,,968,,La Vigne -> Flandre
15,LTI002,RPC002,19.6,17.4,19.1,11493,11.3,Cimetiere -> Petite Chapelle
L4,TGA007,TPO001,18.0,17.4,17.8,13679,3.3,Tourcoing Gare -> Poste
L3,PNL002,UST003,19.4,17.4,18.7,12694,10.3,Pn Lannoy -> Justice
CITH,SED001,LOS001,18.4,17.4,17.0,4551,5.6,Stele Des Enfant -> Loisel
L3,OTT002,ORT002,20.0,17.4,18.6,12712,12.7,Motte -> Pont Rouge
33,SFR001,TGE002,22.5,17.4,21.8,6761,22.9,Saint Francois -> Einstein
55,EPN001,ECS002,,17.4,19.4,1386,,Centre Commercial -> Ecole
L7,FAM001,JAP001,17.9,17.4,17.3,14352,2.5,Mairie -> La Jappe
50,RGB001,GLA001,19.5,17.4,19.5,8277,11.2,Rouges Barres -> Gladbeck
CITT,PDF001,EMI001,19.2,17.4,18.5,7978,9.3,Parc Des Francs -> Lemire
CO1,GDE002,CER001,,17.4,18.8,5020,,Coluche -> Le Cerf
L90,SHL001,QAI001,23.0,17.4,21.5,6279,24.2,Sainte Helene -> Quai 22
58,LGH001,DUT001,20.1,17.4,19.3,5062,13.6,Ghesquiere -> Dutrey
L7,PCG002,PVY002,19.0,17.4,18.0,11112,8.3,Place Garonne -> Prevoyance
L2,CDE002,LPX002,18.0,17.4,18.3,2456,3.0,College Descartes -> La Paix
81,LOC001,REB001,,17.4,19.2,738,,L'Octroi -> Republique
CITT,EMI001,ANO001,19.2,17.4,19.0,7963,9.3,Lemire -> Anor
33,RER002,GOB001,21.4,17.4,18.7,7486,18.3,Ermitage -> Les Gobelins
15,18J002,14J002,17.2,17.4,17.2,866,-1.3,18 Juin -> 14 Juillet
82,SDE002,SCO006,,17.4,18.0,2616,,Place De Gaulle -> Comines Mairie
CO1,LCI001,ARB001,,17.4,19.4,5031,,Wagner -> Arbrisseau
N1,MNA001,PHL001,,17.4,16.0,293,,Massena -> Philippe Lebon
L1,GST002,LFA002,19.9,17.4,17.2,14972,12.6,Gare -> Faidherbe
N1,NAT004,SAC001,,17.4,16.9,293,,Nationale -> Sacre Coeur
73,AQC001,BAT001,,17.4,19.0,372,,Ascq 4 Chemins -> Baratte
L8,HCH004,VGL002,19.0,17.4,17.5,12542,8.6,Les Hauts Champs -> Braille
84,SOC002,ROQ002,18.4,17.4,19.8,4166,5.6,Centre Social -> Roncq Place
87,PIP002,CPA002,22.3,17.4,18.2,3521,21.8,Place Saint Anne -> Théâtre De L'Idéal
9,THV001,CSK001,18.5,17.4,17.6,11149,6.2,Thionville -> Caserne Kleber
L91E,ROH001,SEM001,,17.4,,328,,Hotel De Ville -> Semard
Z1,DRO001,TBO098,,17.4,,549,,C.H. Dron -> Bourgogne
10,LOM002,LAY003,19.2,17.4,17.9,11810,9.1,Marais -> Lamy
L3,PNL001,BTM001,18.9,17.4,18.5,11358,7.9,Pn Lannoy -> Boutemy
L4,REM002,CGL002,19.8,17.4,18.7,13030,12.2,Saint Remi -> College
52,PDV001,PDO013,19.3,17.4,18.3,8806,9.4,Porte De Valenciennes -> Porte De Douai
MWR,LIE002,PLG002,19.9,17.4,18.1,1195,12.6,Saint Lievin -> De Gaulle
L7,RDJ002,RDG002,20.9,17.4,18.3,12849,16.9,Rue De Jemmapes -> Rue De Grenoble
L8,OJT001,JAC001,19.2,17.4,17.7,1561,9.4,Saint Joseph -> Jacquard
18,CTA001,PIS004,19.5,17.4,19.0,11579,10.4,Place Catinat -> Piscine M. Dormoy
78,VDM003,ADP002,,17.4,24.5,594,,Vélodrome -> Avenue Des Sports
50,GST002,ENG002,20.3,17.4,19.6,8180,14.2,Gare -> Salengro
68,RJA005,PTB002,23.6,17.5,19.9,3881,25.7,Jean Jaures -> Petit Bois
L92,LBE002,CAV002,19.6,17.5,19.9,7204,10.3,Courbet -> Cavell
10,RDS002,LGU001,17.6,17.5,18.5,3407,0.5,Saut Du Loup -> Guynemer
L91,SOC002,ROQ002,19.3,17.5,18.7,6148,9.0,Centre Social -> Roncq Place
50,LHO001,CAS001,19.3,17.5,18.6,7018,9.1,Hondschoote -> Cassel
58,LDL001,LMR003,20.1,17.5,17.1,864,12.9,Ch De La Barre -> La Marliere
78,PNL002,UST003,,17.5,19.0,741,,Pn Lannoy -> Justice
CO3,LCE002,YSE002,,17.5,18.9,4437,,La Cessoie -> Yser
87,MON001,FBO003,21.6,17.5,20.0,4267,19.0,La Montagne -> Blanc Four
911,MHM002,HTR002,,17.5,,261,,Mairie -> Elsa Triolet
CITT,NRE001,SCA001,19.5,17.5,18.8,8174,10.1,Verne -> Descartes
L7,FCI001,FAE001,19.0,17.5,18.4,12776,7.8,Cimetiere -> Eglise
CITL,TIM003,GEY001,19.4,17.5,18.5,8472,10.0,Tilmant -> De Geyter
CIT5,NDR003,FCH001,18.6,17.5,18.3,12317,6.0,Flandre -> Fosse Aux Chenes
CITL,TIM004,RDL002,21.3,17.5,19.6,8806,18.0,Tilmant -> Rue De L'Oise
CO1,ARB001,GID001,,17.5,20.6,5030,,Arbrisseau -> Gide
84,ARL002,COG004,18.5,17.5,19.1,4155,5.5,Charles Legrand -> Vieil Dieu
L91,ACH002,CRB002,23.4,17.5,23.3,6139,25.5,Bois D'Achelles -> Inst Cx Blanche
58,HRI001,HBA001,,17.5,18.1,288,,Les Riez -> La Bascule
L1,COP001,MSI002,18.6,17.5,18.3,14624,6.2,Colpin -> Esplanade
32,PSM002,CPL012,21.0,17.5,19.0,3849,17.0,Palais Des Metiers -> Croix Centre
L1,PEP001,PAS003,18.8,17.5,18.2,14910,6.8,Petit Paradis -> Pasteur
L6,COC012,CLL012,19.3,17.5,18.0,14383,9.6,Comices -> Courtilles
978,QCE002,QBP001,,17.5,,310,,Centre -> Blanche Porte
13,FLM001,FIA001,20.3,17.5,18.5,10893,13.5,Flers Masquelier -> Fiacres
13,CHD001,GNA001,20.3,17.5,17.2,11113,14.0,Chapelle D'Elocques -> Montagnards
L99,LEO002,JCT002,,17.5,18.9,5059,,Leo Lagrange -> Jacques Cartier
CITT,AUB001,LEF001,21.8,17.5,20.6,8053,19.9,Haubourdin -> Vigne
81,LPA001,MPE005,,17.5,23.5,404,,La Paix -> Hotel De Ville
32,CBA011,COO001,,17.5,18.7,3265,,Cite Babylone -> Louis Constant
13,MTR012,MBO012,19.6,17.5,18.8,10609,10.7,Trocadero -> Bourgogne
10,BZH001,PRT001,24.0,17.5,21.1,6336,27.3,Bazinghien -> Port Fluvial
80,MAT003,AHO001,20.6,17.5,19.2,3101,15.1,Maternite -> Ct Hospitalier
10,LJU002,LCL002,18.9,17.5,18.3,9328,7.4,Jussieu -> Clouet
62,RAP001,SOL001,,17.5,17.0,308,,Place Rd -> Parc Des Saules
L8,MIR001,TRE001,19.3,17.5,18.8,12315,9.2,Mirabeau -> Testelin
86,SDE001,COG001,18.8,17.6,17.6,3479,6.5,Place De Gaulle -> Comines Gare
33,TON002,SLU002,20.2,17.6,19.3,5653,12.6,Tonkin -> Saint Luc
CO1,CHB001,PHG002,,17.6,21.0,5034,,A. Dumas -> Philippe De Girard
66,VGE001,LEY001,22.9,17.6,21.0,5999,23.2,Verger -> Haley
82,TLC002,NEG002,,17.6,19.9,2319,,Le Christ -> Eglise
CITT,HAN001,RYS002,20.2,17.6,19.2,8101,13.0,Hts De Neuville -> Pépinière
55,TEU002,TEM002,21.8,17.6,18.6,4664,19.4,Pasteur -> Eglise
CO3,YSE001,LCE001,,17.6,19.2,4447,,Yser -> La Cessoie
65,RUH001,MAD001,,17.6,20.0,1494,,Rue D'Haubourdin -> Ste M. Madeleine
CITT,ANO001,TWA004,19.2,17.6,18.6,7964,8.4,Anor -> Watt
L5,EME002,REG002,21.3,17.6,19.7,9552,17.4,Clemenceau -> Rue De L'Eglise
67,RDJ001,FCI001,20.4,17.6,19.0,2772,13.5,Rue De Jemmapes -> Cimetiere
CO3,MDM001,SHW001,,17.6,18.9,5150,,Mairie De Mons -> Schweitzer
Z6,MET002,VIG002,,17.6,,987,,Boulevard De Metz -> La Vigne
76,CAN003,ETC004,21.2,17.6,19.2,3210,16.9,Canteleu -> Euratechnologies
L5,PAR001,HAV002,19.5,17.6,18.6,16436,9.8,Le Parc -> Vanderhaghen
14,SAL004,BAM003,22.4,17.6,22.6,5594,21.4,Salengro -> Bargues Marais
13,ANN002,MOA002,22.7,17.6,21.0,11279,22.6,Republique -> Montalembert
36,LEK004,EML002,19.8,17.6,18.9,5653,11.2,Laennec -> Calmette
L91E,PSR001,FAU001,,17.6,,365,,Piscine -> Faubourg De Roncq
CO1,JCU001,LEZ001,,17.6,19.7,4085,,Joliot Curie -> Mairie
CITA,AHO002,MAT004,,17.6,18.8,4604,,Ct Hospitalier -> Maternite
C12,PLT001,CAR003,,17.6,20.5,3399,,Place Du Travail -> Carpeaux
9,HOS001,CHU002,19.1,17.6,18.3,13722,7.9,Les Bateliers -> W. Churchill
Z3,PTB002,IVE002,,17.6,,481,,Petit Bois -> Rue De Verdun
35,WIN002,TGA007,24.6,17.6,20.2,6137,28.7,Levant -> Tourcoing Gare
CITA,IDH002,AHO002,,17.6,19.1,3870,,Faidherbe -> Ct Hospitalier
81,RBR002,NFR001,,17.7,21.2,591,,Rue Brune -> Nouvelle France
L2,LPX001,CDE001,17.9,17.7,18.5,2419,1.4,La Paix -> College Descartes
911,SPH002,ZAR001,,17.7,,200,,Eglise Saint Paul -> Zone Artisanale
L8,TPO002,TGA002,20.5,17.7,19.6,24494,13.7,Poste -> Tourcoing Gare
51,CON001,SMG001,21.3,17.7,17.6,5616,17.0,Conquerants -> Mont Garin
61,SPO002,SRP002,,17.7,15.8,1687,,Place Des Ecoles -> Rue Pasteur
C8,CBE002,THD002,,17.7,21.0,2292,,Colbert -> Hotel De Ville
MWR,WPL002,PNC002,22.8,17.7,19.9,1196,22.3,Wattrelos Place -> Centre Commercial
50,HIM003,PIM001,21.5,17.7,19.5,8147,17.5,Hippodrome -> Piscine
L5,REG001,EME001,20.0,17.7,18.7,9736,11.7,Rue De L'Eglise -> Clemenceau
MWR,RPE002,LRS001,22.3,17.7,18.6,1173,20.7,Rue De La Pepiniere -> L'Ours
L1,RJA002,MRN002,18.5,17.7,18.6,14941,4.4,Jean Jaures -> Marronniers
61,ZAC002,BLI001,,17.7,23.3,1694,,Zac Du Moulin -> Moulin Lamblin
73,ASC001,MAS001,,17.7,22.8,374,,Village -> Massena
35,TPO002,TGA006,20.8,17.7,19.1,6005,14.8,Poste -> Tourcoing Gare
926,STX001,POI001,,17.7,,373,,College Saint Exupery -> Pave Du Moulin
73,BAU002,PET002,,17.7,20.0,365,,Baudouin Ix -> Petit Boulevard
32,CPL011,PSM001,21.8,17.7,19.2,3746,19.2,Croix Centre -> Palais Des Metiers
CO3,GST002,ENG002,,17.7,20.7,5166,,Gare -> Salengro
C9,FEL002,DVE002,20.1,17.7,19.1,10073,11.7,Fenelon -> Derville
L5,LRD001,LOO001,19.5,17.7,18.4,16541,8.9,Rue De Londres -> Loos Mairie
CIT5,CRE002,CAP001,19.6,17.7,18.8,11374,9.8,Cretinier -> Pn Cartigny
RME1,MHE198,LZN199,16.4,17.7,16.5,875,-7.8,Mairie D'Hellemmes -> Square Flandres
L91,FBO006,FBO001,21.6,17.7,20.1,6133,18.1,Blanc Four -> Blanc Four
RME1,DFI199,MRB198,15.2,17.7,15.7,875,-16.5,Fives -> Marbrerie
17,RUN002,JOF002,19.8,17.7,19.1,10077,10.8,Leon Jouhaux -> Marechal Joffre
CO2,BTL001,3CH001,20.8,17.7,15.8,8131,15.1,Boutillerie -> Trois Chenes
84,DEV002,FBO002,24.3,17.7,19.4,4167,26.8,Corteville -> Blanc Four
CITT,TRC001,REN001,21.3,17.7,19.4,8237,16.6,Rochdale -> Florence
932,THB002,WGA001,,17.7,,233,,Theodore Brasme -> Vieux Tilleul
L4,RGA001,ROQ001,21.1,17.7,19.2,13244,16.2,Ancienne Gare -> Roncq Place
L3,HER001,ZBE006,17.8,17.7,18.7,15365,0.5,Herriot -> Quart. Beaulieu
CO3,TRO001,LPH001,,17.8,19.9,4329,,Trocmet -> La Phalecque
60E,MHM002,HTR002,,17.8,,968,,Mairie -> Elsa Triolet
13,MAS002,ASC002,21.0,17.8,19.3,11254,15.2,Massena -> Village
82,PDN038,TGC002,,17.8,17.6,2343,,Pt De Neuville -> Cimetière De Tourcoing
51,JUS001,CDO001,20.5,17.8,19.4,5604,13.2,Rue De Lille -> Canon D'Or
C11,JPS001,WMI001,,17.8,18.5,1848,,Jp Sartre -> Hotel De Ville
35,TET002,BTO002,19.9,17.8,18.4,6146,10.2,Potente -> Berthelot
L92,ESG001,GRS002,21.0,17.8,19.6,7629,15.4,Eglise -> Gare
61,LEV001,LBH001,,17.8,19.8,1851,,Place L.Orval -> La Bassee Hdv
CO3,LPH002,TRO002,,17.8,19.7,5164,,La Phalecque -> Trocmet
CO3,JOS003,ENG001,,17.8,21.8,5172,,Josephine -> Salengro
65,ARG082,IDH002,,17.8,19.1,1490,,Armentieres Gare -> Faidherbe
N1,LEU001,CIE199,,17.8,17.6,532,,Lille Europe -> Madeleine Caulier
65,HSP063,ALV002,,17.8,21.6,1478,,St. Philibert -> Calvaire
75,DMA001,BEL001,,17.8,19.3,992,,Deulemont Mairie -> Bel Arbre
13,VOS001,BEC001,20.7,17.8,18.1,11080,13.8,Prevost -> Bd Leclerc
58,HJA003,COD001,,17.8,,283,,Jardin Public -> College Jules Ferry
58,SGA001,SHD001,22.2,17.8,22.7,4958,19.9,Santes Gare -> Hotel De Ville
13,CSN003,LAD002,19.2,17.8,19.2,11327,7.1,La Chesnaie -> Ladriere
C9,ZIH003,ENI002,,17.8,19.7,2383,,Zi Hellu - Epine -> Avenir
81,POC001,RMI003,,17.8,18.8,738,,Pont Casier -> Ermitage
50,OCT002,BAI002,20.4,17.8,19.4,8280,12.8,Pont Courroy -> Bailly
907,CAS002,LHO002,,17.8,,218,,Cassel -> Hondschoote
L90,SDE002,SCO004,20.0,17.8,18.3,6180,11.2,Place De Gaulle -> Comines Mairie
58,HBA002,HRI002,,17.8,18.5,277,,La Bascule -> Les Riez
L4,OMN001,TOS001,20.0,17.8,19.0,12868,10.9,Omnibus -> Tossee
L8,MET001,ROL002,20.4,17.8,19.6,12390,12.9,Boulevard De Metz -> Rollin
86,REG002,MGA002,21.3,17.8,19.2,4675,16.4,Rue De L'Eglise -> Gare
Z4,TPO001,ADR003,,17.8,,739,,Poste -> Les Arcades
84,AUR001,KAE001,20.9,17.8,17.2,4241,15.0,Ctre Commercial -> Dronckaert
32,PPS002,VFO001,21.0,17.8,19.7,7235,15.4,Peupliers -> La Fontaine
18,DEF001,ERB001,19.5,17.8,19.2,9687,8.7,Defaux -> Faidherbe
L5,HLO002,PIM002,20.9,17.8,19.3,9541,14.8,Hautes Loges -> Piscine
922,GEN002,PRE002,,17.8,,320,,Gendarmerie -> Colpin
10,HOS002,RMD002,22.2,17.9,20.8,10380,19.2,Les Bateliers -> Ramadier
80,PPG002,MPE004,,17.9,22.2,2715,,Ph. De Girard -> Agache
10,LRD002,AUG002,22.5,17.9,20.9,6048,20.3,Rue De Londres -> Augereau
50,MBA001,DIE001,21.1,17.9,20.0,8248,15.2,Ballon -> Dieu De Marcq
50,MCL004,HIM003,19.5,17.9,19.2,7728,8.3,Clemenceau Hippodrome -> Hippodrome
L99,SSO001,GUS001,19.5,17.9,19.2,7454,7.9,Securite Sociale -> Jules Guesde
CITT,TRC002,GRA002,21.0,17.9,19.6,8085,14.9,Rochdale -> Malcense-Égalité
CITT,TWA004,TWA008,21.5,17.9,19.0,7945,16.6,Watt -> Lucie Aubrac
Z4,SFR002,AMS002,,17.9,,728,,Saint Francois -> Amsterdam
L8,VIR002,JAC002,20.3,17.9,19.4,2247,12.1,Virolois -> Jacquard
917,PDG001,OCR001,,17.9,,226,,Place De Gaulle -> Ocron
15,RON002,DES002,22.8,17.9,20.7,11404,21.6,Ronchin Mairie -> Destoop
CO1,GOU001,RUB001,,17.9,19.0,5039,,Gounod -> Rubens
72,BFR002,BCA002,20.9,17.9,19.9,2388,14.5,Frontiere -> Calmette
Z1,ODO001,DRO001,,17.9,,1246,,Berquier -> C.H. Dron
C11,CMS002,SPI001,,17.9,18.6,1816,,Centre Medico Social -> Croix Saint Pierre
50,HIM002,MCL005,22.6,17.9,20.5,8288,20.6,Hippodrome -> Clemenceau Hippodrome
L7,RDG002,ARO002,20.2,17.9,18.7,12845,11.3,Rue De Grenoble -> Av. De  Roubaix
61,RDF002,LMI006,,17.9,13.8,1720,,Rue Des Fusilles -> M.I.N.
C10,MCL004,CRL001,,17.9,19.6,3205,,Clemenceau Hippodrome -> Croise Laroche
62,BES001,AAU001,,17.9,18.4,1002,,Sacre Coeur -> Eglise
87,RDE001,VFE001,18.8,17.9,19.5,3849,5.0,Rue Des Ecoles -> Vert Feuillage
L8,CEO002,SAP012,22.3,17.9,21.1,12248,19.7,Rue Des Ecoles -> Delecourt
L3,WPL002,PNC002,21.3,17.9,18.9,15523,15.9,Wattrelos Place -> Centre Commercial
L1,RUB002,GOU002,19.8,17.9,19.0,14785,9.4,Rubens -> Gounod
C10,MA4001,DCQ001,,17.9,20.6,3156,,Place -> Ducroquet
36,PCB001,DHC001,20.8,17.9,20.0,5842,13.7,Parc Barbieux -> Edhec
62,RUH001,MAD001,,17.9,18.8,964,,Rue D'Haubourdin -> Ste M. Madeleine
CO3,FIE002,MGA002,,17.9,20.2,5174,,Montgolfier -> Gare
932,MMC001,MRS003,,17.9,,247,,Calvaire -> Route De Sainghin
Z8,ZON002,APC001,,17.9,,1235,,Pierre Brizon -> Arteparc
Z8,VOY001,ANF001,,18.0,21.1,1208,,Voyette -> Anatole France
RME1,LZN198,MHE001,17.7,18.0,15.6,852,-1.3,Square Flandres -> Mairie D'Hellemmes
62,AAU002,BES002,,18.0,17.9,953,,Eglise -> Sacre Coeur
CITH,LOS001,BAB001,17.3,18.0,16.8,2486,-4.4,Loisel -> Abbe Lemire
80,HHV002,REB002,22.7,18.0,18.3,2670,20.6,Hotel De Ville -> Republique
30,JEA002,VAU002,20.5,18.0,19.1,5597,12.1,Jean Xxiii -> Vauban
61,SRP002,SML002,,18.0,18.0,1686,,Rue Pasteur -> Millenaires
Z4,ADR002,TPO002,,18.0,,832,,Les Arcades -> Poste
86,CAU001,VAN001,18.3,18.0,19.4,4666,2.0,Castelnau -> Vandamme
75,SCO005,SDE001,,18.0,18.6,1043,,Comines Mairie -> Place De Gaulle
89,LOR001,SFR001,21.7,18.0,21.7,4587,17.1,Lorthiois -> Saint Francois
CO3,MME002,FOS002,,18.0,21.3,5162,,Lommelet -> Foch
87,LRO001,FBO006,21.3,18.0,21.2,4182,15.4,La Rousselle -> Blanc Four
84,SGE002,PCS002,18.9,18.0,19.6,4147,4.7,Gendarmerie -> Desire Ducarin
10,RMD001,HOS003,19.3,18.0,18.1,10647,7.0,Ramadier -> Les Bateliers
938,GUS002,SSO002,,18.0,,223,,Jules Guesde -> Securite Sociale
58,SEG001,SRA001,20.1,18.0,20.4,5013,10.4,Santes Eglise -> Ramponneau
Z4,PHY098,FLK001,,18.0,,534,,Pont Hydraulique -> FLK001
Z4,BRN001,ARR002,,18.0,,835,,Bondues Ravennes -> Carrel
55,CAL063,LSS002,23.0,18.0,19.5,4707,22.0,Chu Eurasanté -> Recherche
66,PNL002,UST003,20.3,18.0,19.4,2677,11.3,Pn Lannoy -> Justice
CITT,LEF002,AUB002,22.0,18.0,20.6,8154,18.1,Vigne -> Haubourdin
MWR,LUC003,GRM001,22.5,18.0,19.1,1180,20.3,Bocle -> Gare
MWR,OAE002,WJB001,21.2,18.0,18.2,1194,15.4,Pont Du Sartel -> Duthoit
82,LOC001,REB001,,18.0,20.6,3123,,L'Octroi -> Republique
L4,ROH001,SEM001,19.4,18.0,18.3,11964,7.6,Hotel De Ville -> Semard
Z6,CAP006,CRE005,,18.0,,816,,CAP006 -> CRE005
58,EDE002,GMO002,20.6,18.0,20.1,5168,12.7,Delory -> Guy Mocquet
CIT5,HOR001,RRL002,21.0,18.0,21.7,12344,14.6,Hopital Victor Provo -> Louis Loucheur
15,PCU001,BAS001,21.3,18.0,20.2,10741,15.5,Pierre Curie -> Basquin
N1,CIO001,VVA001,,18.0,17.1,350,,College Triolo -> Valmy
L7,RDJ001,FCI001,19.6,18.0,18.9,12780,8.2,Rue De Jemmapes -> Cimetiere
33,CGL001,REM001,22.1,18.0,19.7,7488,18.4,College -> Saint Remi
L4,ERU002,FGU001,20.5,18.0,19.0,13308,12.1,Parc Clemenceau -> Médiathèque Andrée Chedid
968,HEM002,HEB002,,18.0,,204,,Hem Eglise -> Bifur
10,CDO002,JUS002,19.1,18.0,18.4,3490,5.7,Canon D'Or -> Rue De Lille
CO1,LCA002,OUB002,,18.0,23.0,5015,,Carnot -> Coubertin
CITL,LCB001,CHQ002,20.9,18.0,20.3,7320,13.8,Colbert -> Rue Du Port
L5,MMA002,MMA011,20.8,18.0,19.5,9552,13.3,Quesne Mairie -> Mairie
945,GPO001,LDV001,,18.1,,395,,Grimonpont -> De Vinci
L2,WFL001,WBT002,19.6,18.1,18.9,14853,7.6,Fleming -> Bleriot
CO1,OUB001,LCA001,,18.1,21.2,5039,,Coubertin -> Carnot
34,BMA001,ROR003,18.6,18.1,18.4,7513,2.7,Verdun -> Rue D'Orchies
922,PAH011,FLM001,,18.1,,235,,Chappe -> Flers Masquelier
67,RDG001,RDJ001,22.5,18.1,21.2,2771,19.4,Rue De Grenoble -> Rue De Jemmapes
CO3,CSN003,LAD002,,18.1,19.8,5173,,La Chesnaie -> Ladriere
L4,NUI002,RUN004,20.8,18.1,19.4,12845,13.0,Guinguette -> Union
13,FIA001,FLO001,20.3,18.1,19.2,10827,10.8,Fiacres -> Florence
35,SGD003,VBR001,19.6,18.1,18.6,5963,7.8,Saint Gerard -> Vieux Bureau
58,HGA001,GLE001,21.2,18.1,21.1,5044,14.8,Gare -> Gambetta Leclerc
32,RLA001,COU011,21.1,18.1,20.8,7275,14.1,Rue De Lannoy -> Cousinerie
CO1,RFE002,LCA002,,18.1,22.3,4311,,Ferrer -> Carnot
66,AUL002,VEP002,22.1,18.1,19.7,2351,18.0,Centre Commercial -> Vert Pre
CO3,SJD004,MME002,,18.1,20.7,5161,,Saint Jean De Dieu -> Lommelet
84,PIP002,CPA002,22.3,18.1,20.1,3501,18.7,Place Saint Anne -> Théâtre De L'Idéal
CO2,CHM002,HSP010,19.4,18.1,19.5,8190,6.6,Chateau Du Molinel -> St. Philibert
64,MAI001,FWC002,,18.1,,250,,Mairie -> Carnot
933,HLI001,HML001,,18.1,,254,,Mairie -> Rue Du Moulin
C9,ENI002,LPZ002,,18.1,17.9,2461,,Avenir -> P.S. De Lezennes
14,GUI001,WTC001,18.8,18.1,18.5,6421,4.0,Guillain -> Cimetiere
35,FOC002,VAO002,22.0,18.1,21.3,3365,17.4,Foch -> Vallon
Z6,SPR002,CAR002,,18.1,,375,,Spriet -> Carpeaux
35,GEA010,NUR001,20.8,18.1,19.6,3457,12.7,Galon D'Eau -> Nations Unies
L91,REG001,PTM001,20.7,18.1,19.3,6129,12.9,Rue De L'Eglise -> Pont De Marcq
CO2,HMA002,HJA002,22.1,18.1,20.2,8163,18.3,Mairie -> Jardin Public
L7,SUE001,FHO001,19.6,18.1,18.7,14356,7.5,Guesde -> Hoche
13,MSA001,VOS001,20.7,18.1,19.1,11081,12.5,Mons Sarts -> Prevost
NVL,PNF001,CSK001,,18.1,18.9,8590,,Pont Neuf -> Caserne Kleber
Z6,VIG002,RXC002,,18.2,,987,,La Vigne -> Collège Rosa Parks
73,BAT001,ASC001,,18.2,21.6,275,,Baratte -> Village
14,KLE002,SAL004,20.3,18.2,20.1,5551,10.3,Kleber -> Salengro
Z6,NDR003,FCH001,,18.2,,973,,Flandre -> Fosse Aux Chenes
978,QPO002,GOY003,,18.2,,351,,Le Pont -> Gare
C10,CBG002,DMR002,,18.2,19.1,3393,,Cimetiere Bourg -> Doumer
84,KAE002,AUR002,21.6,18.2,18.9,4166,15.7,Dronckaert -> Ctre Commercial
L6,CRT001,COU011,20.4,18.2,19.3,14479,10.9,Courteline -> Cousinerie
68,IVE001,PTB001,21.0,18.2,18.8,3910,13.7,Rue De Verdun -> Petit Bois
55,MRL002,TEU002,21.7,18.2,17.8,4651,16.1,Mulier -> Pasteur
75,ABL002,SCO005,,18.2,20.2,1052,,Bonaparte -> Comines Mairie
L5,LVA002,HEU002,20.0,18.2,19.5,16455,9.4,Valmy -> Heurtebise
18,ZIH001,DEF001,20.1,18.2,19.1,12068,9.4,Zi Hellu - Epine -> Defaux
CIT5,NAU002,HEC002,19.0,18.2,19.7,10550,3.9,Blanchemaille -> Henri Carrette
18,ZIH002,ENI002,20.8,18.2,19.6,12068,12.6,Zi Hellu - Epine -> Avenir
CO2,RVA002,ALV001,18.5,18.2,17.2,873,1.6,Renovation -> Calvaire
932,MRS003,MQL002,,18.2,,248,,Route De Sainghin -> Mairie
CITL,GID002,ARB002,19.7,18.2,20.1,8753,7.4,Gide -> Arbrisseau
CIT5,CAP006,CRE001,21.2,18.2,20.0,9810,14.0,CAP006 -> Cretinier
82,POC001,RMI003,,18.2,19.8,3061,,Pont Casier -> Ermitage
33,BMA001,ROR003,21.3,18.2,18.8,7601,14.8,Verdun -> Rue D'Orchies
L4,REM001,HOM002,20.7,18.2,19.2,12885,12.1,Saint Remi -> Hommelet
67,JRO001,LMQ001,20.8,18.2,19.0,3107,12.6,Jean Rostand -> Moulin De Lesquin
L8,TIL002,RXA002,20.8,18.2,19.3,2216,12.7,Tilleul -> L'Atelier
L4,CGL002,EMO002,21.6,18.2,19.8,12984,15.7,College -> Emile Moreau
50,SJD001,LSM001,20.1,18.2,19.2,7012,9.5,Saint Jean De Dieu -> Samain
66,HIS001,VBO002,18.7,18.2,19.4,6006,2.7,Harrison -> Val Boise
67,RON002,JAP001,21.8,18.2,20.4,3101,16.7,Ronchin Mairie -> La Jappe
C11,DEN002,IAL001,,18.2,21.1,3691,,Adenauer -> Wasquehal C.Cial
Z6,ZWH004,ZWH001,,18.2,,969,,Zac Winhoute -> Egalite
L92,SFE004,SHO001,22.2,18.2,21.8,7583,17.8,Fenelon -> Hotel De Ville
926,MTT003,FRR002,,18.2,,665,,Mont De Terre -> Ferry
75,CEN001,ZAF001,,18.2,21.4,1007,,Centre -> Zone Artisanale
84,TBR001,RNI001,19.6,18.2,19.7,4221,7.2,Brossolette -> Orions
922,PRE002,BDM003,,18.2,,296,,Colpin -> Boulevard De Mons
14,WBO001,PHG001,20.4,18.2,19.6,12196,10.7,Bourget -> Philippe De Girard
66,4CA002,VGE001,20.7,18.2,20.1,5994,12.0,4 Cantons Stade -> Verger
18,DEF002,ZIH002,19.7,18.2,19.2,9691,7.3,Defaux -> Zi Hellu - Epine
55,TEM002,VPO002,21.3,18.3,19.6,4661,14.2,Eglise -> Mairie
Z2,RCT001,4CR001,,18.3,,1065,,Crt 3 -> Crt 4
MWR,MCA002,MPJ002,20.4,18.3,19.3,755,10.4,Casino -> Place De La Justice
18,4VE002,LEZ002,21.1,18.3,19.3,9691,13.1,4 Vents -> Mairie
78,VEP002,AGO001,,18.3,19.5,676,,Vert Pre -> Agora
933,LLY001,HLI001,,18.3,,336,,Rue Du Pilly -> Mairie
L3,UST001,PNL001,21.2,18.3,20.1,11358,13.7,Justice -> Pn Lannoy
L90,PLA004,PAS002,20.9,18.3,19.7,6278,12.4,Les Platanes -> Pasteur
32,ELA001,HDV032,18.5,18.3,18.0,4853,0.8,Epoux Labrousse -> Hotel De Ville
35,ZBE012,HER002,24.4,18.3,21.2,3368,25.0,Quart. Beaulieu -> Herriot
67,RJA002,MRN002,21.8,18.3,21.2,3101,15.9,Jean Jaures -> Marronniers
87,TBR001,RNI001,18.9,18.3,19.7,4234,3.3,Brossolette -> Orions
CO3,SAN005,MOS002,,18.3,20.3,5165,,Mairie -> Moliere
CO3,TPL001,MCL001,,18.3,24.8,5176,,Place Tiers -> Clemenceau Hippodrome
L91,LRO001,FBO006,21.0,18.3,20.2,6134,12.9,La Rousselle -> Blanc Four
L5,COR004,PDP008,21.8,18.3,19.6,15671,15.9,Cormontaigne -> Porte Des Postes
CIT5,3PO004,VDM002,15.5,18.3,,358,-18.4,Trois Ponts -> Vélodrome
60E,SLU004,PTO002,,18.3,,968,,Jeanne D'Arc -> Place
236,RUS002,HML002,,18.3,21.1,233,,Rue Du Stade -> Rue Du Moulin
Z3,IVE001,PTB001,,18.3,,494,,Rue De Verdun -> Petit Bois
C11,DMO002,CMS002,,18.3,18.6,1838,,Deux Moulins -> Centre Medico Social
L91,ROQ002,RGA002,20.3,18.3,19.1,6148,10.2,Roncq Place -> Ancienne Gare
CO1,LEZ002,JCU003,,18.3,20.4,4069,,Mairie -> Joliot Curie
80,PRD003,MPE002,,18.3,20.9,2623,,Picardie -> Hotel De Ville
L8,LEK005,BLN002,19.1,18.3,18.3,12102,4.5,Laennec -> Blanchisserie
CIT5,MOT002,SPR002,20.0,18.3,19.2,12200,8.7,Fourmies -> Spriet
968,EGL002,LAN002,,18.3,,203,,Les Aulnes -> Place
82,TGC001,PDN002,,18.3,19.4,2071,,Cimetière De Tourcoing -> Pt De Neuville
917,SWP001,PDG001,,18.3,,553,,Republique -> Place De Gaulle
13,FLO002,FLB001,20.3,18.3,19.5,11080,9.8,Florence -> Flers Bourg
L2,SFI001,LMB001,21.4,18.3,21.5,14944,14.5,Hopital Fontan -> Mirabeau
13,ISI001,CHD001,20.1,18.3,18.7,10964,8.9,Lavoisier -> Chapelle D'Elocques
88,ECL001,CGA001,,18.3,,517,,Leclerc -> Gambetta
50,GLA002,RGB002,19.9,18.3,20.0,7958,8.0,Gladbeck -> Rouges Barres
L1,MDF001,OCC001,22.3,18.3,16.9,14833,17.7,Moulin De Faches -> Ctre Commercial
13,CSN002,PDB013,21.8,18.3,20.9,11265,15.9,La Chesnaie -> Pont De Bois
72,4CA003,VGE001,,18.3,20.7,2401,,4 Cantons Stade -> Verger
L7,RDG001,RDJ001,20.3,18.3,19.9,12779,10.0,Rue De Grenoble -> Rue De Jemmapes
66,LEY002,VGE002,21.9,18.3,21.0,5706,16.2,Haley -> Verger
CO1,RDG002,ARO002,,18.3,20.5,4385,,Rue De Grenoble -> Av. De  Roubaix
55,DMY001,APO002,,18.3,,276,,College Demailly -> Apolda
51,LLE001,LCL001,20.3,18.3,19.9,4605,9.4,Lemire -> Clouet
50,BSS002,MCL004,23.8,18.3,22.6,8043,23.0,Buisson -> Clemenceau Hippodrome
L1,GST001,MOS001,19.9,18.4,19.9,15135,7.3,Gare -> Moliere
81,PPD002,VCE002,,18.4,23.1,404,,Pompidou -> Cheval Blanc
17,SQC002,SVD002,20.5,18.4,20.4,10028,10.3,Square Calmette -> Saint Vincent De Paul
Z2,PTB001,RJA003,,18.4,,729,,Petit Bois -> RJA003
13,DEH001,BDM001,,18.4,22.3,10154,,Campus -> Boulevard De Mons
L4,RTG001,NUI002,20.8,18.4,19.8,12849,11.7,Rue De Tourcoing -> Guinguette
61,CCE001,LMI005,,18.4,15.2,1699,,Ctre Commercial -> M.I.N.
87,BTT002,POE002,23.0,18.4,20.7,4209,19.9,Broutteux -> Pied De Boeuf
62,LMI006,CCE002,,18.4,16.9,965,,M.I.N. -> Ctre Commercial
L5,MMA001,MA4001,24.0,18.4,22.1,9691,23.1,Quesne Mairie -> Place
50,OCT001,MRC004,20.5,18.4,18.4,8087,10.3,Pont Courroy -> College
58,SRA002,SEG002,20.6,18.4,20.7,5110,10.4,Ramponneau -> Santes Eglise
Z4,RAV002,AMS001,,18.4,,843,,Calmette -> Amsterdam
C12,CAR003,URI007,,18.4,23.9,3400,,Carpeaux -> URI007
33,ZIL004,ZIL002,,18.4,,604,,Parc D'Activités -> Parc D'Activités
L91,MOR002,HAP002,19.2,18.4,18.8,6043,4.3,Monument Aux Morts -> Parc Des Sports
C11,GCR001,DEN002,,18.4,20.4,1831,,Gare -> Adenauer
30,JPS001,WMI001,19.9,18.4,18.7,5640,7.2,Jp Sartre -> Hotel De Ville
L1,RON002,DES002,22.2,18.4,20.2,14937,17.0,Ronchin Mairie -> Destoop
81,EPY002,RBR002,,18.4,26.7,597,,Saint Exupery -> Rue Brune
N1,PDB004,LZN198,,18.4,18.1,448,,Pont De Bois -> Square Flandres
Z6,TYR002,MGR004,,18.4,,309,,Musee -> Gare Jean Lebas
30,ICT011,COE001,21.4,18.4,20.7,5629,14.1,Victoire -> Sacre Coeur
10,BLC005,LOE002,20.9,18.4,19.7,11780,11.6,Blanchisseurs -> Lomme Hegel
CO3,FCL002,LBO003,,18.5,18.3,5165,,Foucault -> Lambersart Bourg
61,LEV002,SRE002,,18.5,22.4,1699,,Place L.Orval -> Republique
61,PDG002,SWP002,,18.5,19.3,1692,,Place De Gaulle -> Republique
L3,FTE001,ORT001,21.2,18.5,19.5,13154,12.6,Roubaix Man Fraternite -> Pont Rouge
61,SWR001,PDG002,,18.5,19.8,1692,,Renovation -> Place De Gaulle
61,SRP001,SPO001,,18.5,19.2,1846,,Rue Pasteur -> Place Des Ecoles
32,RDI001,NTB001,22.2,18.5,21.5,7258,16.9,Rondeloir -> Note Bleue
L4,AUR002,AFR003,20.0,18.5,17.8,13453,7.5,Ctre Commercial -> Anatole France
CO2,NDG002,LPX002,19.6,18.5,18.9,8144,6.0,Nd De Grace -> La Paix
CO1,JCU003,OGO001,,18.5,22.4,4070,,Joliot Curie -> Oree Du Golf
L92,SFE003,GRS001,21.1,18.5,20.7,7178,12.4,Fenelon -> Gare
236,LBH003,LEV002,,18.5,25.4,221,,La Bassee Hdv -> Place L.Orval
72,VGE001,LEY001,,18.5,22.3,2575,,Verger -> Haley
81,QCE002,QBP001,,18.5,20.3,783,,Centre -> Blanche Porte
CO2,ALV002,RVA001,19.2,18.5,18.1,905,3.3,Calvaire -> Renovation
L8,COT002,ZOL002,20.2,18.5,19.5,12501,8.4,Coty -> Zola
86,REG001,PTM001,20.8,18.5,20.1,4439,11.3,Rue De L'Eglise -> Pont De Marcq
923,SJD004,MME001,,18.5,,200,,Saint Jean De Dieu -> Lommelet
36,SPI001,CXM003,19.7,18.5,18.4,5105,6.4,Croix Saint Pierre -> Mairie De Croix
86,VAN002,CAU002,19.3,18.5,19.8,4422,3.8,Vandamme -> Castelnau
84,BTT002,POE002,23.7,18.5,20.3,4166,21.9,Broutteux -> Pied De Boeuf
Z2,INH002,RJA004,,18.5,,319,,INH002 -> RJA004
CO2,HSP010,ALV002,22.7,18.5,19.8,8196,18.4,St. Philibert -> Calvaire
Z6,ATT001,VAR001,,18.5,,369,,Clarisses -> Roussel
Z2,IVE002,PTB001,,18.5,,729,,Rue De Verdun -> Petit Bois
L90,LES001,QPO003,20.3,18.5,19.5,6303,9.0,Clos Du Rivage -> Le Pont
NVL,MAG001,LTA001,,18.5,19.0,8987,,Magasin -> Voltaire
L8,MSS002,CEO002,21.1,18.5,20.4,12224,12.6,Mousserie -> Rue Des Ecoles
968,MES002,EGL002,,18.5,,203,,Mesanges -> Les Aulnes
CO1,RDJ002,RDG002,,18.5,20.6,4385,,Rue De Jemmapes -> Rue De Grenoble
15,BAS002,VER001,20.7,18.6,19.5,11438,10.1,Basquin -> Verdun
942,PLI002,COS002,,18.6,,234,,Les Peupliers -> Complexe Sportif
81,THI002,ARG077,,18.6,19.7,402,,Place Thiers -> Armentieres Gare
922,RBE001,FLM001,,18.6,,293,,Faidherbe -> Flers Masquelier
CO3,MDM002,MTR008,,18.6,20.2,5168,,Mairie De Mons -> Trocadero
C11,MNL001,GAP001,,18.6,21.4,1846,,Molinel -> Place Gambetta
C11,IAL001,GCR002,,18.6,19.4,1850,,Wasquehal C.Cial -> Gare
CO2,EUP003,EUP001,19.3,18.6,19.1,8078,3.9,Europe -> Limousin
33,SLU002,DPH002,21.6,18.6,19.7,5715,14.0,Saint Luc -> Descartes Physicien
80,HSP002,ALV002,,18.6,20.8,2802,,St. Philibert -> Calvaire
80,RMI003,RBR001,23.4,18.6,20.3,3082,20.5,Ermitage -> Rue Brune
73,MOA001,ANN001,,18.6,25.1,371,,Montalembert -> Republique
CITT,TWA007,ANO002,20.6,18.6,20.6,8273,9.6,Watt -> Anor
78,PBT001,OIN001,,18.6,20.8,734,,Petit Baptiste -> Beau Coin
L8,QUI001,BEA001,21.1,18.6,21.1,12238,11.8,Jean Moulin -> Beaumont
CO3,LLE002,RDS002,,18.6,20.0,4312,,Lemire -> Saut Du Loup
C10,MMA001,MA4001,,18.6,24.7,3386,,Quesne Mairie -> Place
65,IDH001,ARG082,,18.6,20.6,1251,,Faidherbe -> Armentieres Gare
CO2,LMR002,LDL002,19.7,18.6,19.7,1335,5.8,La Marliere -> Ch De La Barre
Z6,PLT002,RRL001,,18.6,,375,,Place Du Travail -> Louis Loucheur
CITT,PMN002,TCC001,21.8,18.6,17.3,8266,14.6,Petit Menin -> Tourcoing C.Cial
908,PAS001,WBG001,,18.6,,233,,Pasteur -> Gare
L90,WBG002,PAS003,20.9,18.6,20.2,6242,11.0,Gare -> Pasteur
51,LCL002,LLE002,21.3,18.6,19.4,4675,12.5,Clouet -> Lemire
67,ORM001,HME001,21.9,18.6,20.3,3096,14.9,Les Ormeaux -> Hameau De L'Europe
67,PID002,RJA002,20.9,18.6,20.9,3102,11.4,P I De Douai -> Jean Jaures
CO1,RFE001,ROG001,,18.6,20.5,5013,,Ferrer -> Gambetta
L4,SOC002,ROQ002,20.7,18.6,19.9,13412,10.1,Centre Social -> Roncq Place
88,SGE002,SHC002,,18.6,,836,,Gendarmerie -> Hopital
MWR,HGL002,HCI002,21.4,18.6,21.0,1173,12.7,Les Glycines -> Citadelle
76,ROB002,MEM001,20.2,18.6,18.9,3133,7.9,Bayart -> Mermoz
CITT,DRO002,ODO002,20.9,18.6,19.3,8096,10.8,C.H. Dron -> Berquier
L7,JRO002,FAE002,21.5,18.6,19.4,14595,13.5,Jean Rostand -> Eglise
L7,JRO001,LMQ001,20.1,18.6,19.1,14553,7.6,Jean Rostand -> Moulin De Lesquin
67,FAE001,JRO001,22.5,18.6,20.2,3106,17.3,Eglise -> Jean Rostand
L90,COG003,ARL001,18.4,18.6,19.8,6112,-0.7,Vieil Dieu -> Charles Legrand
945,WCA001,GPO001,,18.6,,349,,Pole Emploi -> Grimonpont
L2,WBT002,WTE002,20.2,18.6,20.2,14902,7.5,Bleriot -> Terray
13,HDV007,VVA002,21.6,18.6,18.9,7722,13.7,Hotel De Ville -> Valmy
13,GEN001,PAH012,22.6,18.6,21.9,11011,17.6,Gendarmerie -> Chappe
50,YSE001,BLV001,22.4,18.6,20.6,7843,16.8,Yser -> Bel Air
Z6,ZWH002,ZWH004,,18.6,,630,,Egalite -> Zac Winhoute
L1,FVE002,LMQ001,22.6,18.7,18.7,14962,17.2,Verdun -> Moulin De Lesquin
L3,ORT001,OTT001,20.5,18.7,19.7,13170,8.4,Pont Rouge -> Motte
86,MGA001,REG001,20.9,18.7,20.0,4121,10.7,Gare -> Rue De L'Eglise
51,CDO002,JUS002,20.5,18.7,20.4,5506,8.7,Canon D'Or -> Rue De Lille
MWR,PLG001,LIE001,19.6,18.7,20.1,1195,4.6,De Gaulle -> Saint Lievin
CITT,GAD001,PDN004,20.6,18.7,20.9,8226,9.3,Rue De Gand -> Pt De Neuville
76,PLV002,ROB002,21.6,18.7,19.9,3168,13.5,Le Pont -> Bayart
968,EIF001,TOM001,,18.7,,203,,Tour Eiffel -> Meunier
32,VFO001,CMO001,21.0,18.7,20.6,7257,11.2,La Fontaine -> College Moliere
66,EIF001,TOM001,23.7,18.7,20.9,3002,21.1,Tour Eiffel -> Meunier
66,PBT001,OIN001,22.2,18.7,20.7,3204,16.0,Petit Baptiste -> Beau Coin
CIT5,FLE001,VDM003,24.6,18.7,21.4,11771,23.9,Salengro -> Vélodrome
MWR,LIU001,RLS001,21.6,18.7,20.0,1197,13.6,Eglise St Amand -> Rue De La Liesse
922,PAB001,CMO001,,18.7,,324,,Pave Bleu -> College Moliere
55,ECS001,EPN002,,18.7,21.2,2674,,Ecole -> Centre Commercial
L6,RDU002,PDB009,21.0,18.7,19.9,13910,11.0,Residence Univer -> Pont De Bois
33,REM002,CGL002,21.3,18.7,20.3,7248,12.2,Saint Remi -> College
50,BAI001,OCT001,21.9,18.7,20.2,8129,14.3,Bailly -> Pont Courroy
Z1,REN001,AVS002,,18.7,,1128,,Florence -> Avesnes
L91,MGA001,REG001,21.4,18.7,19.9,5706,12.8,Gare -> Rue De L'Eglise
64,HSP063,ALV002,,18.7,19.9,1624,,St. Philibert -> Calvaire
L92,SPV002,SMO002,21.0,18.7,20.8,7208,10.9,Prevert -> La Mouchonniere
61,LMI006,CCE002,,18.7,17.2,1720,,M.I.N. -> Ctre Commercial
C9,FRR002,JRS002,21.2,18.7,20.1,10041,12.0,Ferry -> Jean Jaures
60E,PTO001,SLU003,,18.7,,891,,Place -> Jeanne D'Arc
82,3BL002,SDE002,,18.7,19.3,1953,,3 Ballots -> Place De Gaulle
61,HSP063,ALV002,,18.7,20.3,1680,,St. Philibert -> Calvaire
72,VGE002,4CA003,,18.7,21.3,2290,,Verger -> 4 Cantons Stade
CITA,IDH001,ARG082,,18.7,19.0,3999,,Faidherbe -> Armentieres Gare
923,PNM001,PLA001,,18.7,,200,,Pn De Marquette -> Les Platanes
908,CLE001,WCV001,,18.7,,231,,Leclerc -> Cavle
L90,SSM001,SGR001,19.6,18.7,21.0,6134,4.5,Eglise -> Gravier De Lille
80,PLC002,JJA002,23.7,18.7,21.7,2610,21.0,Place Chanzy -> Jean Jaures
73,PMV001,GCA002,,18.7,21.5,219,,Le Poumon Vert -> Gruson Calvaire
C8,AIL001,TAI001,,18.7,19.8,2348,,Braille -> Voltaire
CO3,MTR009,MDM001,,18.7,20.2,5151,,Trocadero -> Mairie De Mons
35,LBW001,BIF001,21.3,18.7,20.2,3359,12.0,Bauwens -> Leers Bifur
87,FBO003,LRO003,22.0,18.7,20.3,4234,14.7,Blanc Four -> La Rousselle
L3,FTE004,SQP002,20.3,18.7,19.9,12662,7.5,Roubaix Man Fraternite -> Square Des Pres
RME1,MHE001,MRB199,17.0,18.7,16.3,852,-10.2,Mairie D'Hellemmes -> Marbrerie
87,CBF001,LRO001,21.2,18.7,20.1,4180,11.5,Cimetiere Du Blanc Four -> La Rousselle
64,LMI006,CCE002,,18.7,17.5,1608,,M.I.N. -> Ctre Commercial
L91,EAU001,ACH001,24.4,18.8,20.9,6126,22.8,Chateau D'Eau -> Bois D'Achelles
CO3,RVA002,BRG198,,18.8,20.6,825,,Renovation -> Bourg
66,EFF001,SIN001,20.0,18.8,19.5,3111,6.3,Deffontaines -> Sin
L90,QAI002,SHL002,21.8,18.8,20.3,6209,13.9,Quai 22 -> Sainte Helene
14,AMT001,DAC001,21.5,18.8,20.6,5652,12.6,Amiteuse -> Republique
78,EIF001,TOM001,,18.8,20.1,861,,Tour Eiffel -> Meunier
CO3,ALB004,MIT199,,18.8,20.6,3369,,ALB004 -> Mitterie
73,MAS002,ASC002,,18.8,21.4,364,,Massena -> Village
50,MMA002,MMA011,21.5,18.8,20.3,8277,12.8,Quesne Mairie -> Mairie
50,STA001,LHO001,19.6,18.8,19.3,6569,3.9,STA001 -> Hondschoote
CITT,PDN002,GAD002,18.9,18.8,17.3,8092,0.3,Pt De Neuville -> Rue De Gand
66,VEP002,AGO001,20.5,18.8,19.7,2348,8.2,Vert Pre -> Agora
Z6,FCH002,NDR002,,18.8,,905,,Fosse Aux Chenes -> Flandre
L91,HAP002,PIG002,19.1,18.8,19.4,6050,1.3,Parc Des Sports -> Noir Pignon
86,BHO001,BOE001,19.5,18.8,19.7,4659,3.4,Hospice -> Eglise
CITH,VIE004,PNE001,19.6,18.8,19.0,2055,4.2,Mont Fleuri -> Piscine
73,ANP001,PET001,,18.8,20.8,372,,Poste D'Annappes -> Petit Boulevard
L5,LBM001,RLE001,19.6,18.8,19.9,10878,4.2,Boulevard De Metz -> Renoir
17,WAG001,CIS001,20.4,18.8,20.8,10217,7.7,Wagner -> Cimetiere
35,TGA007,TPO001,19.1,18.8,18.7,6173,1.9,Tourcoing Gare -> Poste
N1,LIG112,REP072,,18.8,18.7,448,,Gare Lille Flandres -> République Beaux-Arts
78,SIN002,EFF003,,18.8,21.5,862,,Sin -> EFF003
10,CDT002,EGA002,24.6,18.8,21.0,11820,23.6,Croix Du Temple -> Egalite
L5,MGA001,MTG001,,18.8,19.8,6314,,Gare -> Montgolfier
76,ARY004,FCL001,22.1,18.8,19.8,3367,14.8,La Carnoy -> Foucault
64,CCE001,LMI005,,18.8,15.4,1558,,Ctre Commercial -> M.I.N.
80,REB001,HHV001,23.5,18.8,19.8,2876,20.1,Republique -> Hotel De Ville
CO3,ELA001,HDV044,,18.8,20.1,3431,,Epoux Labrousse -> Hotel De Ville
945,LBW001,BIF001,,18.8,,268,,Bauwens -> Leers Bifur
15,RFE001,ROG001,19.3,18.8,24.0,896,2.4,Ferrer -> Gambetta
61,JDL001,HPE001,,18.9,20.8,1706,,J. Luxembourg -> La Pepiniere
L8,RRN002,REI001,20.4,18.9,19.7,12233,7.6,Ernest Renan -> Boulevard De Reims
84,TWA001,TBR001,24.8,18.9,21.9,4221,23.9,Watt -> Brossolette
CO2,CCE001,LMI005,21.7,18.9,15.3,8127,12.8,Ctre Commercial -> M.I.N.
61,HEG002,HMI002,,18.9,17.8,1682,,Hantay Eglise -> Mirabeau
32,PAU002,RQU004,20.2,18.9,20.3,7282,6.5,L.A.M. -> La Marque
L90,SGE002,PCS002,20.0,18.9,19.9,6300,5.7,Gendarmerie -> Desire Ducarin
236,IDH001,ARG001,,18.9,24.8,236,,Faidherbe -> Armentieres Gare
L7,FCI002,RDJ002,20.7,18.9,19.8,12855,9.1,Cimetiere -> Rue De Jemmapes
34,EML002,GUY002,21.1,18.9,19.9,7448,10.2,Calmette -> Guynemer
33,AUL002,VEP002,21.6,18.9,19.7,5929,12.5,Centre Commercial -> Vert Pre
L2,EUL006,SOI004,20.6,18.9,22.9,14831,8.4,Eurasante -> Recherche
CITT,TCC001,RAC002,21.8,18.9,18.4,8269,13.5,Tourcoing C.Cial -> Racine
CITH,HAL001,HDO001,18.4,18.9,18.3,4573,-2.7,Centre Ville -> Douane
L3,PLG001,LIE001,20.8,18.9,20.0,15511,8.8,De Gaulle -> Saint Lievin
86,BMI001,COS001,20.3,18.9,20.6,3523,7.0,Mairie -> Complexe Sportif
81,RMI003,RBR001,,18.9,21.3,780,,Ermitage -> Rue Brune
32,COU011,CIM001,22.2,18.9,21.5,7298,14.8,Cousinerie -> Cimaise
17,WAT001,VIP002,21.0,18.9,20.1,10098,9.9,Centre -> Vieille Place
66,OIN002,PBT002,22.4,18.9,20.5,2927,15.5,Beau Coin -> Petit Baptiste
CIT5,MNI001,FTE002,21.2,18.9,19.9,12272,10.9,Paul Gelle -> FTE002
Z2,MRN001,RJA001,,18.9,,735,,Marronniers -> Jean Jaures
13,RBE002,PAT001,21.8,18.9,20.6,10873,13.5,Faidherbe -> Parmentier
10,LGU001,JUS001,21.7,18.9,19.4,3409,12.9,Guynemer -> Rue De Lille
72,LEY002,VGE002,,18.9,21.2,2291,,Haley -> Verger
10,LRD001,LOO001,22.3,18.9,21.1,6326,15.4,Rue De Londres -> Loos Mairie
Z1,DRO001,YOU001,,18.9,,573,,C.H. Dron -> Parc De L'Yser
33,REM001,HOM002,21.9,18.9,21.2,7519,13.6,Saint Remi -> Hommelet
18,NOT001,MTY002,20.3,18.9,19.5,10644,7.0,Anatole France -> Martyrs
76,LPA001,MPE005,25.0,18.9,22.3,6303,24.4,La Paix -> Hotel De Ville
78,ADP002,BUO002,,19.0,19.7,594,,Avenue Des Sports -> Coubertin
67,LMQ002,JRO002,21.1,19.0,19.7,2971,10.0,Moulin De Lesquin -> Jean Rostand
76,QCE002,QBP001,,19.0,18.8,2948,,Centre -> Blanche Porte
CO1,ARB002,LCI002,,19.0,21.5,5059,,Arbrisseau -> Wagner
50,SJD002,CAS002,20.6,19.0,19.9,8236,7.6,Saint Jean De Dieu -> Cassel
50,RMD002,BLE003,23.6,19.0,21.5,6780,19.4,Ramadier -> Lycee Pasteur
66,SIN002,EFF002,21.7,19.0,20.7,2964,12.6,Sin -> Deffontaines
908,WAM023,GHE001,,19.0,,233,,Agrippin -> Ghesquiere
L91,FBO003,LRO002,19.6,19.0,19.6,6164,3.4,Blanc Four -> Clinique St Roch
65,PRH002,CQE001,,19.0,22.2,1483,,La Perche -> La Choque
36,HPI001,VOI001,26.5,19.0,25.3,3426,28.5,4 Vents -> Voisinage
Z2,MRN002,RON002,,19.0,,746,,Marronniers -> Ronchin Mairie
88,SGE001,GLY001,,19.0,,589,,Gendarmerie -> Les Glycines
66,PNT003,CCH001,20.7,19.0,19.6,3115,8.4,P.N. De Tressin -> Chateau
L4,HOO001,OMN001,21.8,19.0,20.0,12868,12.8,Hondschoote -> Omnibus
84,FBO002,MON002,23.4,19.0,21.0,4168,18.9,Blanc Four -> La Montagne
87,TWA001,TBR001,23.5,19.0,22.5,4237,19.4,Watt -> Brossolette
L1,CLE001,WCV001,23.1,19.0,21.8,10892,17.6,Leclerc -> Cavle
Z1,TRC002,GRA002,,19.0,,1058,,Rochdale -> Malcense-Égalité
L7,FAE001,JRO001,21.3,19.0,19.8,14556,10.9,Eglise -> Jean Rostand
35,BTO001,TET001,20.2,19.0,19.5,5849,6.0,Berthelot -> Potente
10,LAY003,LLA003,20.3,19.0,19.5,11808,6.4,Lamy -> Leo Lagrange
17,SVD002,CIP002,21.5,19.0,21.3,9833,11.9,Saint Vincent De Paul -> Cite A. Prouvost
L8,TNA002,DRO001,21.3,19.0,20.2,12326,10.6,La Forgette -> C.H. Dron
L2,LMB002,SFI002,22.3,19.0,21.8,14836,14.9,Mirabeau -> Hopital Fontan
L2,LMR001,LCH001,19.8,19.0,20.5,2438,4.1,La Marliere -> Chatelet
73,ASC002,BAT002,,19.0,20.8,291,,Village -> Baratte
L8,FRU002,MSS002,20.9,19.0,20.4,12249,8.9,Faure -> Mousserie
L99,AJO002,BUI002,,19.0,,367,,AJO002 -> Renan Buisson
86,BCE002,BOE002,19.8,19.0,20.2,4417,4.0,Bondues Centre -> Eglise
65,LMI006,CCE002,,19.0,17.9,1495,,M.I.N. -> Ctre Commercial
14,SCR002,PLB002,22.5,19.0,20.6,12170,15.4,Scrive -> Place De La Boucherie
35,SAP002,CHN002,20.0,19.0,19.7,6024,4.7,Sapin Vert -> Chardonnet
Z6,CRM001,ATT001,,19.0,,373,,Creche -> Clarisses
72,EFF001,SIN001,22.0,19.0,19.8,2668,13.3,Deffontaines -> Sin
CITA,AHO001,IDH001,,19.0,20.7,4765,,Ct Hospitalier -> Faidherbe
CO1,HDV042,HVA004,,19.0,19.0,3349,,Hotel De Ville -> Valmy
CO3,RDS001,LLE001,,19.0,21.1,4309,,Saut Du Loup -> Lemire
84,ROQ002,RGA002,21.8,19.0,20.3,4166,13.1,Roncq Place -> Ancienne Gare
72,SIN002,EFF002,23.3,19.0,20.9,2388,18.5,Sin -> Deffontaines
L99,LEO001,ACI001,20.7,19.0,20.2,2181,8.3,Leo Lagrange -> Cimetiere
C11,SPI001,CMS001,,19.0,19.1,1815,,Croix Saint Pierre -> Centre Medico Social
80,JJA002,ARM083,24.1,19.0,22.1,2583,20.8,Jean Jaures -> Hotel De Ville
62,BMM002,CND001,,19.0,20.0,773,,Monument Aux Morts -> Coll Notre Dame
14,PTA002,SCR002,21.5,19.0,20.7,12171,11.8,Pont De L'Abbaye -> Scrive
35,CRA001,CAH002,21.9,19.0,19.8,3455,13.4,Charles Perrault -> Carihem
73,PNT001,NCI001,,19.0,19.2,217,,Boiseraie -> Cimetiere
34,GUY001,ALT003,21.0,19.0,20.5,7454,9.9,Guynemer -> Calmette
84,RNI001,AUR001,21.4,19.1,19.4,4162,10.4,Orions -> Ctre Commercial
L92,SAL004,BAM001,24.3,19.1,24.4,7421,21.5,Salengro -> Bargues Marais
L4,EMO002,FCH005,23.0,19.1,21.5,12805,16.9,Emile Moreau -> Fosse Aux Chenes
Z6,OTT003,HCH003,,19.1,,375,,Motte -> Les Hauts Champs
L91,HGO001,HAC001,21.4,19.1,19.8,6209,11.0,Gounod -> Lp Colbras
84,3BL002,COG003,21.0,19.1,20.3,3944,9.1,3 Ballots -> Vieil Dieu
Z4,ARR001,BRN001,,19.1,,741,,Carrel -> Bondues Ravennes
89,SFR001,LEF001,22.6,19.1,22.4,4339,15.4,Saint Francois -> Vigne
CITA,AAB001,PMT001,,19.1,20.6,4586,,Aristide Briand -> Place Aux Toiles
68,PTB002,IVE002,22.1,19.1,21.0,3878,13.6,Petit Bois -> Rue De Verdun
89,PAY002,BCE002,24.1,19.1,22.5,4484,20.8,La Payelle -> Bondues Centre
18,LEZ001,4VE001,21.9,19.1,20.2,9681,12.9,Mairie -> 4 Vents
CO3,VEG001,EUG001,,19.1,19.7,3364,,Verghelles -> Les Terres Ocres
Z6,CRE004,CAP001,,19.1,,810,,CRE004 -> Pn Cartigny
CO2,3CH002,BTL002,22.0,19.1,14.1,8217,13.1,Trois Chenes -> Boutillerie
CIT5,CMB001,HOR001,23.2,19.1,23.7,12344,17.5,Hospice Barbieux -> Hopital Victor Provo
34,MHM002,HTR002,21.7,19.1,20.3,7517,12.2,Mairie -> Elsa Triolet
86,CAU002,FDN002,19.4,19.1,20.4,4422,2.0,Castelnau -> Freres D'Halluin
RME1,MRB198,MHE198,18.6,19.1,18.4,875,-3.1,Marbrerie -> Mairie D'Hellemmes
L8,HUT002,FRU002,22.5,19.1,21.2,12254,15.0,Le Hutin -> Faure
35,BER002,BIF002,20.6,19.1,21.5,3359,7.4,Leclerc -> Leers Bifur
33,SFR002,LOR002,23.6,19.1,21.8,7133,18.9,Saint Francois -> Lorthiois
Z1,TGA005,TPO001,,19.1,,1063,,Tourcoing Gare -> Poste
N1,PDO002,TRV001,,19.1,19.0,530,,Porte De Douai -> Trevise
32,RBA002,BET002,21.6,19.1,19.7,3950,11.5,Rue De Babylone -> Jean Jaures
35,TGA006,WIN001,23.8,19.1,21.7,6004,19.6,Tourcoing Gare -> Levant
L8,MSS001,FRU001,21.7,19.1,21.1,12268,12.3,Mousserie -> Faure
CO3,LLE001,LCL001,,19.1,22.0,4314,,Lemire -> Clouet
902,V27001,PBD001,,19.1,,250,,Voie 227 -> Petit Bondues
72,PNT003,CCH001,21.1,19.1,23.3,2676,9.6,P.N. De Tressin -> Chateau
L5,MTG001,MGA002,21.2,19.1,20.3,15726,10.3,Montgolfier -> Gare
72,SIN001,BGA003,24.5,19.1,21.3,2664,22.2,Sin -> Gare
87,AUR001,KAE001,21.5,19.1,19.1,4264,11.2,Ctre Commercial -> Dronckaert
13,BDM001,PRE001,20.5,19.1,23.2,11001,7.0,Boulevard De Mons -> Colpin
86,3BL002,SDE001,20.3,19.1,20.0,3578,6.2,3 Ballots -> Place De Gaulle
33,VEP001,AUL001,22.7,19.1,19.4,7528,15.5,Vert Pre -> Centre Commercial
87,RNI001,AUR001,21.2,19.1,19.7,4187,9.6,Orions -> Ctre Commercial
50,RGB002,BSS002,21.4,19.2,20.9,8037,10.2,Rouges Barres -> Buisson
926,ZIH002,ENI002,,19.2,,752,,Zi Hellu - Epine -> Avenir
35,WAH002,PAL001,19.8,19.2,20.3,6217,2.9,WAH002 -> Parc Du Lion
C12,CAR002,PLT002,,19.2,22.0,3398,,Carpeaux -> Place Du Travail
75,SDE002,SCO006,,19.2,20.8,977,,Place De Gaulle -> Comines Mairie
L6,PAU002,COC012,20.4,19.2,20.0,14630,6.0,L.A.M. -> Comices
75,SDE001,COG001,,19.2,21.3,942,,Place De Gaulle -> Comines Gare
L8,DRO002,TNA001,21.0,19.2,20.5,12296,8.6,C.H. Dron -> La Forgette
L6,CHA002,VCH002,22.5,19.2,21.7,14655,14.8,Chanterelle -> Chateau
73,PET001,BAU001,,19.2,21.7,372,,Petit Boulevard -> Baudouin Ix
Z2,ANF001,IVE001,,19.2,,733,,Anatole France -> Rue De Verdun
L90,PAS002,WBG001,21.2,19.2,20.6,6315,9.4,Pasteur -> Gare
88,SSM002,MAL002,,19.2,,824,,Eglise -> Cat Malecot
55,TVI001,CDP001,21.1,19.2,19.8,3378,9.1,Vieux Moulin -> Commune De Paris
50,ESI001,BLV002,21.4,19.2,20.4,7054,10.5,Ulysse Trelat -> Bel Air
17,SVD001,SQC001,20.3,19.2,20.5,9984,5.5,Saint Vincent De Paul -> Square Calmette
50,TSU002,RMD001,21.7,19.2,20.5,6927,11.2,Lycee Pasteur -> Ramadier
87,VFE001,VGN001,21.1,19.2,20.6,3843,8.7,Vert Feuillage -> La Vignette
84,ROQ001,SOC001,22.5,19.2,20.6,4240,14.6,Roncq Place -> Centre Social
82,SDE001,COG001,,19.2,19.8,356,,Place De Gaulle -> Comines Gare
88,QAM001,EUQ001,,19.2,21.9,2316,,Marquette Mairie -> Les Alouettes
L2,JEF001,HSA001,22.8,19.2,22.8,14966,15.5,Fac De Medecine -> Hopital Salengro
C11,CMS001,DMO001,,19.2,19.7,1794,,Centre Medico Social -> Deux Moulins
82,VIE004,PNE001,,19.2,19.9,2298,,Mont Fleuri -> Piscine
82,THI002,ARG083,,19.2,19.9,2411,,Place Thiers -> Armentieres Gare
L91E,MOR002,HAP002,,19.2,,246,,Monument Aux Morts -> Parc Des Sports
942,BMI002,CAT002,,19.2,,235,,Mairie -> Bousbecque Cat
36,FEG001,MFO001,23.0,19.2,21.8,3415,16.4,Eglise -> Mairie
62,AAU001,AUC002,,19.3,20.7,1002,,Eglise -> Ecole
14,EUQ001,ZMO005,22.2,19.3,20.2,10355,12.8,Les Alouettes -> Les Voiles
88,SHC002,ECL002,,19.3,,597,,Hopital -> Leclerc
MWR,GRM001,MRO002,22.2,19.3,20.9,1193,12.8,Gare -> Rue De Rollegem
66,FEG001,MFO001,22.2,19.3,20.7,2788,13.3,Eglise -> Mairie
L90,QPO004,LES002,23.4,19.3,22.4,6224,17.5,Le Pont -> Clos Du Rivage
55,AMT001,VST001,25.0,19.3,22.1,4688,22.7,Amiteuse -> Villa Saint Eloi
17,MAR002,CIS002,21.0,19.3,21.1,9846,8.4,Voltaire -> Cimetiere
81,PLC002,JJA002,,19.3,26.5,488,,Place Chanzy -> Jean Jaures
L5,LBM002,PDP003,19.5,19.3,18.9,15072,1.0,Boulevard De Metz -> Porte Des Postes
66,VGE002,4CA002,22.3,19.3,21.4,5707,13.4,Verger -> 4 Cantons Stade
CIT5,HEC001,NAU001,21.2,19.3,21.0,12150,8.6,Henri Carrette -> Blanchemaille
89,LEF002,SFR002,25.0,19.3,23.9,4323,22.7,Vigne -> Saint Francois
CO2,BTL002,4OR002,23.9,19.3,17.1,8218,19.4,Boutillerie -> Quatre Ormeaux
C12,CQF002,SJN001,,19.3,20.2,3373,,Coq Francais -> Saint Jean
17,HON002,SQC002,22.0,19.3,22.5,9275,12.2,D'Hondt -> Square Calmette
L90,RYP002,WBG002,21.5,19.3,20.6,6228,10.3,Rue D'Ypres -> Gare
L92,SHO001,JUB001,23.3,19.3,22.8,7670,17.5,Hotel De Ville -> Jude Blanckaert
34,PET001,BAU001,21.6,19.3,21.3,7571,10.7,Petit Boulevard -> Baudouin Ix
32,PDB005,ELA001,22.0,19.3,20.5,4882,12.4,Pont De Bois -> Epoux Labrousse
CITA,LEO003,APH099,,19.3,21.7,584,,Leo Lagrange -> APH099
36,HTR001,HEB001,22.4,19.3,21.0,5806,13.9,Elsa Triolet -> Bifur
L5,MA4001,BAI001,22.6,19.3,20.6,9044,14.6,Place -> Bailly
78,BFR002,BCA002,,19.3,22.2,652,,Frontiere -> Calmette
13,LAD002,FLO002,20.5,19.3,20.8,11237,5.6,Ladriere -> Florence
Z6,SAV001,CRE004,,19.3,,816,,SAV001 -> CRE004
13,BAU001,PDB012,23.0,19.3,21.9,11301,16.1,Baudouin Ix -> Pont De Bois
Z1,DOC002,ZIT001,,19.3,,1058,,Docks De L'Oise -> Z.I Tourcoing Nord
78,TOM002,EIF002,,19.3,22.6,745,,Meunier -> Tour Eiffel
78,OIN002,PBT002,,19.3,20.2,849,,Beau Coin -> Petit Baptiste
72,BCA001,BFR001,22.1,19.3,21.8,2670,12.9,Calmette -> Frontiere
CO1,4VE002,LEZ002,,19.4,21.0,4072,,4 Vents -> Mairie
50,TSU002,HOS001,22.4,19.4,21.3,1338,13.4,Lycee Pasteur -> Les Bateliers
968,HTR002,DER005,,19.4,,202,,Elsa Triolet -> Lionderie
81,LTE003,LPA001,,19.4,25.9,404,,Le Temple -> La Paix
50,MMA001,MA4001,28.4,19.4,25.9,8141,31.8,Quesne Mairie -> Place
L90,QRA001,QUE002,21.7,19.4,21.9,6238,10.5,Traversiere -> Quesnoy Mairie
88,SHC001,SGE001,,19.4,,516,,Hopital -> Gendarmerie
L1,GOU001,RUB001,22.0,19.4,20.4,14674,11.6,Gounod -> Rubens
L8,JUI001,MRI001,21.9,19.4,20.8,12313,11.2,Juin -> Marliere
30,XRC001,LAV001,22.7,19.4,21.3,5631,14.6,Rue De Croix -> Lavoisier
72,BFR001,ACC001,21.5,19.4,20.3,2670,9.4,Frontiere -> Maison D'Accueil
L8,LEK006,SAT002,21.4,19.4,20.9,12507,9.0,Laennec -> Dunant
35,VAO002,HOP003,21.8,19.4,20.1,3362,11.0,Vallon -> Hopital
CO2,RDO002,JDL001,26.3,19.4,22.2,6985,26.2,Rue Dr Calmette -> J. Luxembourg
33,LOR001,SFR001,23.5,19.4,22.7,7050,17.7,Lorthiois -> Saint Francois
L3,EIF001,TOM001,22.9,19.4,22.8,9572,15.2,Tour Eiffel -> Meunier
75,PTE001,CEN001,,19.4,21.9,1005,,Petite Chapelle -> Centre
76,SCC006,CLN002,33.0,19.4,28.5,3367,41.1,Sainte Cecile -> Clinique De Lambersart
L5,LOO002,LRD002,20.7,19.4,20.1,16456,6.3,Loos Mairie -> Rue De Londres
14,TSU002,RMD001,22.0,19.4,20.7,12014,11.9,Lycee Pasteur -> Ramadier
14,RMD002,BLE003,23.5,19.4,21.8,10072,17.5,Ramadier -> Lycee Pasteur
L4,FCH004,EMO001,21.7,19.4,20.5,12794,10.6,Fosse Aux Chenes -> Emile Moreau
L4,KAE004,AUR002,20.4,19.4,20.2,13446,5.3,Dronckaert -> Ctre Commercial
L4,HAP002,PIG002,21.5,19.4,20.7,12913,9.8,Parc Des Sports -> Noir Pignon
61,WIM002,THB001,,19.4,20.2,1849,,Wicres Mairie -> Theodore Brasme
L92,SHO002,SFE003,22.3,19.4,21.5,7215,13.3,Hotel De Ville -> Fenelon
61,BLI002,ZAC001,,19.4,24.1,1695,,Moulin Lamblin -> Zac Du Moulin
C9,INN001,ECO001,23.2,19.4,21.4,9744,16.4,Innovation -> Ecole
L91E,HAP002,PIG002,,19.4,,246,,Parc Des Sports -> Noir Pignon
L91E,HAC001,SEM002,,19.4,,247,,Lp Colbras -> Semard
13,MTE002,MTR012,18.9,19.4,20.8,11064,-2.7,Montesquieu -> Trocadero
L3,VAO001,FOC001,21.0,19.4,21.1,15373,7.7,Vallon -> Foch
35,CUR001,OSE001,21.3,19.5,20.9,6012,8.7,Curie -> La Roseliere
10,JUS001,CDO001,21.8,19.5,20.4,3408,10.8,Rue De Lille -> Canon D'Or
86,BOE002,BHO002,20.5,19.5,20.1,4417,4.9,Eglise -> Hospice
86,COS002,BMI002,20.9,19.5,20.5,3903,6.5,Complexe Sportif -> Mairie
34,AMP001,DER001,21.4,19.5,20.3,7419,8.6,Ampere -> Lionderie
917,DON003,DCA001,,19.5,,238,,Mairie -> Calmette
L91,FBO001,DEV001,26.9,19.5,23.2,6122,27.6,Blanc Four -> Corteville
58,LMR002,LDL002,19.4,19.5,20.6,883,-0.4,La Marliere -> Ch De La Barre
L92,BAM002,SAL002,25.7,19.5,21.3,7244,24.1,Bargues Marais -> Salengro
CO2,LMI006,CCE002,20.6,19.5,17.8,8217,5.7,M.I.N. -> Ctre Commercial
CO2,HMA001,HCP001,23.4,19.5,21.1,8072,16.6,Mairie -> Caserne Des Pompiers
13,MTE001,ANM001,22.7,19.5,20.7,11123,14.4,Montesquieu -> Ancienne Mairie
84,BMI001,COS001,21.6,19.5,21.1,4173,9.6,Mairie -> Complexe Sportif
CO3,CMY002,ALB003,,19.5,22.5,854,,Cite Mouray -> A.Thomas
CO3,EUG002,VEG002,,19.5,20.1,3368,,Les Terres Ocres -> Verghelles
84,AUR002,AFR002,23.5,19.5,20.8,4166,17.0,Ctre Commercial -> Orions
CO1,CER001,GOU001,,19.5,21.1,5036,,Le Cerf -> Gounod
L5,HMA001,HCP001,21.8,19.5,20.9,16545,10.3,Mairie -> Caserne Des Pompiers
CO1,RDB001,RDJ002,,19.5,20.4,4621,,Rue De Bordeaux -> Rue De Jemmapes
18,HDV018,HVA004,22.9,19.5,19.3,8075,15.2,Hotel De Ville -> Valmy
60E,LAN002,PTO001,,19.5,,950,,Place -> Place
CO1,RUB002,GOU002,,19.5,21.8,5046,,Rubens -> Gounod
L4,ROQ002,RGA002,23.3,19.5,20.5,13413,16.3,Roncq Place -> Ancienne Gare
Z6,CRE005,SAV002,,19.5,,823,,CRE005 -> Savary
67,VLL001,ORM001,22.2,19.5,22.7,3098,12.1,Mairie -> Les Ormeaux
L1,GHE001,ERA001,22.6,19.5,21.3,10835,13.9,Ghesquiere -> Pare
32,CMO002,VFO002,22.4,19.5,21.8,7061,12.9,College Moliere -> La Fontaine
CO1,VSA001,HVA003,,19.5,19.1,3417,,Versailles -> Valmy
967,LAN003,EGL001,,19.5,,211,,Place -> Les Aulnes
N1,CIE198,EUR002,,19.5,19.4,448,,Madeleine Caulier -> Lille Europe
L8,ZOL001,COT001,20.3,19.5,20.5,12290,3.8,Zola -> Coty
81,HHV002,REB002,,19.5,24.1,527,,Hotel De Ville -> Republique
L4,HAC001,SEM002,21.9,19.5,20.8,13253,11.0,Lp Colbras -> Semard
58,SAM001,SHD002,19.7,19.5,20.1,5114,0.6,Santes Marais -> Hotel De Ville
L4,MIL001,ERU002,21.8,19.5,21.3,13295,10.4,École Des Douanes -> Parc Clemenceau
L4,HOM001,REM002,21.2,19.5,20.7,12997,8.1,Hommelet -> Saint Remi
L91,LAZ001,AER001,23.8,19.5,21.1,4554,18.1,Lazaro -> Aerodrome
14,RDL001,TIM003,22.0,19.5,21.0,12202,11.6,Rue De L'Oise -> Tilmant
78,BCA001,BFR001,,19.5,22.1,857,,Calmette -> Frontiere
34,DER005,AMP002,21.4,19.5,20.5,7385,8.9,Lionderie -> Ampere
76,BOC002,LOP009,23.1,19.5,21.0,3356,15.4,Le Bocage -> Mairie
Z1,TRC001,REN001,,19.5,,1130,,Rochdale -> Florence
30,JEA001,BNT001,22.0,19.5,21.0,5695,11.4,Jean Xxiii -> Point Central
80,IDH001,ARG082,23.2,19.6,21.5,2600,15.7,Faidherbe -> Armentieres Gare
N1,DOA002,TRV002,,19.6,18.2,293,,Douai Arras -> Trevise
CITA,PCI001,ISA001,,19.6,20.7,4611,,PCI001 -> Piscine
72,BGA004,SIN002,23.3,19.6,21.8,2387,16.0,Gare -> Sin
76,LRP001,LNG002,24.2,19.6,23.2,3364,18.9,Rue De Lompret -> Lenglet
76,ONT001,VCA002,,19.6,20.8,2939,,Fontaine -> Calvaire
10,TSU002,RMD001,22.0,19.6,21.0,12174,10.8,Lycee Pasteur -> Ramadier
36,SJO001,PHE001,23.0,19.6,22.1,5809,14.9,Eglise St Joseph -> Poste
50,CAS002,LHO002,20.6,19.6,20.3,8235,5.1,Cassel -> Hondschoote
64,FWL002,FWC002,,19.6,22.1,1394,,Lion Noir -> Carnot
58,MAH001,HLF001,21.5,19.6,20.9,4700,8.8,Hallennes Mairie -> Le Fort
58,HLF002,MAH002,21.6,19.6,21.1,4879,9.4,Le Fort -> Hallennes Mairie
CO3,MOS001,SAN003,,19.6,21.5,5168,,Moliere -> Mairie
36,PHE002,SJO002,23.5,19.6,22.3,5641,16.4,Poste -> Eglise St Joseph
CO1,GID002,ARB002,,19.6,22.0,5057,,Gide -> Arbrisseau
50,GAS002,PIL002,22.3,19.6,21.6,7957,12.1,Gassendi -> Pilon
L1,GDE001,TAL001,20.4,19.6,20.6,14790,3.8,Coluche -> Comtesse De Segur
32,CSN005,PDB005,23.6,19.6,23.1,7209,17.0,La Chesnaie -> Pont De Bois
N1,HDV018,VVA002,,19.6,19.7,356,,Hotel De Ville -> Valmy
911,PHE001,HTR001,,19.6,,202,,Poste -> Elsa Triolet
Z2,ANF001,IVE002,,19.6,,728,,Anatole France -> Rue De Verdun
81,GOY004,QPO001,,19.7,23.9,783,,Gare -> Le Pont
L1,FOS001,MME001,22.0,19.7,21.9,15142,10.3,Foch -> Lommelet
81,QBP001,QCE001,,19.7,20.6,501,,Blanche Porte -> Centre
60E,3FE002,LAN002,,19.7,,965,,Trois Fermes -> Place
Z6,EPE001,CRM001,,19.7,,375,,Ep. Montesquieu -> Creche
82,LUT001,NFR001,,19.7,23.1,2851,,Rue Lutun -> Nouvelle France
236,AAU003,AUC002,,19.7,23.3,234,,Eglise -> Ecole
82,DMA001,BEL001,,19.7,21.3,2878,,Deulemont Mairie -> Bel Arbre
61,WIM001,GNL001,,19.7,20.7,1685,,Wicres Mairie -> General Leclerc
13,MOA001,ANN001,25.4,19.7,23.1,11273,22.5,Montalembert -> Republique
84,CUE002,ERO002,22.9,19.7,22.2,4242,13.9,Curie -> Europe
84,COS002,BMI002,22.4,19.7,21.2,4241,12.1,Complexe Sportif -> Mairie
L91,JAU002,HDO002,21.0,19.7,20.3,6045,5.9,Jean Jaures -> Douane
L99,JCT002,AJO002,,19.7,,371,,Jacques Cartier -> AJO002
14,PRC001,RPA001,22.2,19.7,22.1,12149,11.3,Pre Catelan -> Rue Du Parc
82,PLC002,JJA002,,19.7,24.0,2415,,Place Chanzy -> Jean Jaures
CO2,LPX001,NDG001,21.1,19.7,20.3,1338,6.9,La Paix -> Nd De Grace
62,CND001,LBG070,,19.7,19.7,991,,Coll Notre Dame -> Gare
CITH,ROU001,HRM001,21.8,19.7,20.9,4553,9.9,Rouge Porte -> L'Harmonieuse
75,HSP002,CHM001,,19.7,20.2,1067,,St. Philibert -> Chateau Du Molinel
923,PAS002,WBG001,,19.7,,200,,Pasteur -> Gare
78,AID005,ARN004,,19.7,19.9,861,,Condition Publique -> Pile Place-Carnot
80,IDH002,AHO002,22.3,19.7,21.1,2583,11.6,Faidherbe -> Ct Hospitalier
907,SJD002,CAS002,,19.7,,221,,Saint Jean De Dieu -> Cassel
L7,ARO001,RDG001,22.0,19.7,20.7,12656,10.3,Av. De  Roubaix -> Rue De Grenoble
CO3,LRP001,VRS001,,19.7,21.4,5166,,Rue De Lompret -> Viersen
RME1,HDV005,PDB004,19.3,19.7,15.6,366,-2.5,HDV005 -> Pont De Bois
RME1,PDB020,HDV198,19.6,19.7,17.4,872,-1.0,Pont De Bois -> HDV198
L91,ROQ001,SOC001,22.4,19.7,21.0,6112,12.1,Roncq Place -> Centre Social
86,BMI002,CAT002,21.9,19.7,16.5,3902,10.1,Mairie -> Bousbecque Cat
86,ERO001,CUE001,19.7,19.7,20.8,3526,0.0,Europe -> Curie
86,FDN001,CAU001,21.1,19.8,21.4,4666,5.9,Freres D'Halluin -> Castelnau
86,LAZ001,AER001,24.6,19.8,21.4,3289,19.4,Lazaro -> Aerodrome
34,KLI002,ILO002,21.9,19.8,21.1,7578,9.6,Franklin -> Moliere
76,LTE003,LPA001,26.0,19.8,22.8,6304,23.8,Le Temple -> La Paix
L7,FAE002,FCI002,22.0,19.8,20.7,14589,9.8,Eglise -> Cimetiere
L7,LMQ002,JRO002,21.8,19.8,20.2,14641,9.2,Moulin De Lesquin -> Jean Rostand
L1,PNM001,PLA001,23.0,19.8,22.3,15131,13.9,Pn De Marquette -> Les Platanes
35,PLG001,LIE001,23.6,19.8,21.7,6017,16.0,De Gaulle -> Saint Lievin
L6,CHA003,PAU002,21.5,19.8,21.5,14631,8.2,Chanterelle -> L.A.M.
L6,COU012,CRT002,21.6,19.8,20.8,14420,8.6,Cousinerie -> Courteline
81,ONT001,VCA002,,19.8,22.1,404,,Fontaine -> Calvaire
CO1,OGO003,JCU001,,19.8,21.8,4089,,Oree Du Golf -> Joliot Curie
CITA,LEO001,ACI001,,19.8,21.2,575,,Leo Lagrange -> Cimetiere
CITT,RSR002,PMN001,23.8,19.8,16.2,8038,17.0,Roseraie -> Petit Menin
CITT,RAC001,RSR002,23.5,19.8,18.9,8049,15.8,Racine -> Roseraie
78,BPO002,TOM002,,19.8,20.8,746,,Bon Poste -> Meunier
80,RMI002,POC002,22.3,19.8,20.7,3057,11.2,Ermitage -> Pont Casier
Z4,TGA005,TPO001,,19.8,,738,,Tourcoing Gare -> Poste
67,ARO001,RDG001,23.8,19.8,21.6,2768,17.1,Av. De  Roubaix -> Rue De Grenoble
66,TOM002,EIF002,24.4,19.8,22.5,3286,18.9,Meunier -> Tour Eiffel
L90,GST002,LFA002,22.9,19.8,21.2,6231,13.2,Gare -> Faidherbe
C9,SHW001,MYT011,26.8,19.8,19.7,10074,26.0,Schweitzer -> Coty
65,CQE002,PRH001,,19.8,21.8,1494,,La Choque -> La Perche
61,LBH003,LEV002,,19.8,22.9,1310,,La Bassee Hdv -> Place L.Orval
58,MAH004,AST002,,19.8,19.0,278,,St Vaast -> Maison D'Arret
58,HWA002,CCD002,23.9,19.8,23.8,5210,17.1,Hop J De Flandre -> Coeur Poumon
82,NEG001,TLC001,,19.8,21.2,2582,,Eglise -> Le Christ
15,STV002,18J002,21.5,19.8,21.8,11373,7.6,Saint Venant -> 18 Juin
Z6,FON001,SAV001,,19.8,,943,,La Fontaine -> SAV001
Z6,FLE002,OTT003,,19.8,,375,,Salengro -> Motte
236,CQE002,PRH001,,19.8,21.1,237,,La Choque -> La Perche
55,VPO001,TEM001,22.9,19.8,20.6,4658,13.7,Mairie -> Eglise
L92,EUL006,SOI004,23.6,19.8,24.3,7253,16.1,Eurasante -> Recherche
C11,GCR002,PSM002,,19.8,21.7,1839,,Gare -> Palais Des Metiers
14,GUI002,WFL002,21.8,19.8,20.8,6349,9.2,Guillain -> Fleming
CO3,BRG199,RVA001,,19.8,21.6,829,,Bourg -> Renovation
64,CND001,LBG070,,19.8,20.6,1238,,Coll Notre Dame -> Gare
CO2,RPO001,SEQ002,,19.8,23.0,2354,,Rue Du Pont -> Sequedin Centre
64,HLI002,LLY002,,19.9,20.2,1554,,Mairie -> Rue Du Pilly
14,RPA002,PRC002,21.8,19.9,20.8,11937,8.6,Rue Du Parc -> Pre Catelan
61,PDG001,SWR002,,19.9,21.0,1862,,Place De Gaulle -> Renovation
CO2,LPH002,TRO002,20.3,19.9,21.0,898,2.1,La Phalecque -> Trocmet
L3,TOM002,EIF002,23.3,19.9,22.8,9464,14.7,Meunier -> Tour Eiffel
L3,TOM001,BPO001,23.3,19.9,22.7,9569,14.8,Meunier -> Bon Poste
CO2,LVA002,HEU002,24.2,19.9,22.4,8160,17.7,Valmy -> Heurtebise
61,KOE003,WRP002,,19.9,19.2,1693,,Koenig -> Republique
L4,MOR002,HAP002,21.9,19.9,20.8,12913,9.4,Monument Aux Morts -> Parc Des Sports
C12,URI007,AMM001,,19.9,21.6,3396,,URI007 -> Mozart
78,BUO002,AUL001,,19.9,19.0,477,,Coubertin -> Centre Commercial
L5,HEU001,LVA001,22.7,19.9,22.1,16556,12.2,Heurtebise -> Valmy
C9,PEO001,SHW001,21.6,19.9,21.2,8379,7.9,Mairie De Mons -> Schweitzer
CO1,ROG001,14J001,,19.9,21.5,1690,,Gambetta -> 14 Juillet
L99,ALV002,NIZ002,24.3,19.9,22.8,7557,17.9,Calvaire -> Enizant
30,LAV002,XRC002,23.1,19.9,22.1,5641,13.8,Lavoisier -> Rue De Croix
72,LEY001,HNE001,,19.9,23.7,2574,,Haley -> Haute Borne
33,ADP002,BUO002,22.4,19.9,21.5,5534,11.2,Avenue Des Sports -> Coubertin
L6,STU002,CSN005,22.6,19.9,20.6,14632,11.8,Stadium -> La Chesnaie
CITA,GAA002,KEM002,,19.9,20.6,4597,,Gare Annexe -> Resistants
33,MAC002,OUE002,22.1,19.9,20.9,388,9.7,Mackellerie -> Rue De L'Ouest
35,KLI001,AID006,21.3,19.9,19.2,3463,6.7,Franklin -> Condition Publique
33,LER001,BIF001,23.6,19.9,21.7,5777,15.7,Eglise -> Leers Bifur
L6,VCH001,CHA003,22.1,19.9,21.6,14608,10.0,Chateau -> Chanterelle
84,TBR002,TWA002,26.5,19.9,23.8,4170,24.9,Brossolette -> Watt
76,HIP001,MAF001,27.0,19.9,25.9,3368,26.2,Hippodrome -> Marechal Foch
58,HMA001,HCP001,22.8,19.9,21.9,5065,12.7,Mairie -> Caserne Des Pompiers
968,LCT002,CRT099,,19.9,,204,,Lac De Canteleu -> 8 Mai 1945
L99,BLT002,ABI001,21.0,19.9,20.0,6915,4.9,Louis Bleriot -> Le Bizet
34,REC001,AMP001,23.3,20.0,21.6,7428,14.1,Rue Des Ecoles -> Ampere
10,ENC003,GEE001,22.2,20.0,21.3,6312,9.9,Clemenceau -> Château Bigo Danel
76,SCC005,LBL001,21.9,20.0,21.2,3223,8.9,Sainte Cecile -> Blanchisseurs
CITT,AUB002,CAI002,23.2,20.0,21.9,8239,13.8,Haubourdin -> Calais
35,HOP001,VAO001,23.2,20.0,22.9,3136,13.9,Hopital -> Vallon
L99,VIC001,CHP001,25.1,20.0,23.4,7452,20.4,Hotel De Ville -> Poste
55,ECS002,TVI002,22.2,20.0,21.3,4673,9.6,Ecole -> Vieux Moulin
CO1,LEZ001,4VE001,,20.0,21.0,4088,,Mairie -> 4 Vents
967,MTD002,BPO002,,20.0,,223,,Mont Saint Bernard -> Bon Poste
68,AP2002,LDE002,21.9,20.0,21.7,3912,8.7,Aeroport -> Descat
L1,GOU002,CER002,21.3,20.0,20.7,14788,5.9,Gounod -> Le Cerf
L5,PIM001,HLO001,21.9,20.0,20.9,9705,8.5,Piscine -> Hautes Loges
87,AUR002,AFR002,22.8,20.0,21.3,4209,12.6,Ctre Commercial -> Orions
13,MBO012,FOR004,22.7,20.0,21.6,10607,12.1,Bourgogne -> FOR004
Z6,RXC002,ACO002,,20.0,,975,,Collège Rosa Parks -> Rue D'Alger
10,ARY002,LMA002,24.0,20.0,22.2,12884,16.7,La Carnoy -> Hotel De Ville
968,MTD001,PTO001,,20.0,,203,,Mont Saint Bernard -> Place
82,HHV002,REB002,,20.0,23.4,2504,,Hotel De Ville -> Republique
58,FEN001,LDL001,20.1,20.0,20.5,864,0.7,Ferme D'Ennequin -> Ch De La Barre
88,MGA001,REG001,,20.0,20.7,2500,,Gare -> Rue De L'Eglise
88,ROC001,PBL001,,20.0,22.3,685,,Chapelle St Roch -> Pont Blanc
L2,LOL003,CDE002,19.3,20.0,20.4,6404,-3.6,Les Oliveaux -> College Descartes
61,CND001,LBG070,,20.0,20.8,1418,,Coll Notre Dame -> Gare
L91,FFO001,LAQ001,22.5,20.0,20.2,6123,11.3,Fort De Bondues -> La Quenouille
14,WFL001,GUI001,21.2,20.0,21.1,6453,5.7,Fleming -> Guillain
17,FON002,MAR002,22.2,20.0,21.7,9849,9.7,La Fontaine -> Voltaire
L99,HSP003,ALV002,25.4,20.0,22.6,7212,21.2,St. Philibert -> Calvaire
14,WTC001,GUI002,21.1,20.0,20.9,6382,5.1,Cimetiere -> Guillain
80,FMA001,MAT001,24.5,20.0,23.4,2492,18.4,Fort Mahieu -> Maternite
76,LOP008,BOC001,25.0,20.0,22.9,3205,20.0,Mairie -> Le Bocage
35,WAG001,CIS001,23.2,20.0,22.3,5856,13.7,Wagner -> Cimetiere
36,ROU098,PCB001,,20.1,21.0,440,,Euroteleport -> Parc Barbieux
80,AHO001,IDH001,22.6,20.1,21.7,3101,11.3,Ct Hospitalier -> Faidherbe
Z2,RON002,DES003,,20.1,,746,,Ronchin Mairie -> DES003
55,APO002,JUB001,,20.1,,277,,Apolda -> Jude Blanckaert
58,GMO002,LMR002,21.9,20.1,23.1,883,8.2,Guy Mocquet -> La Marliere
L1,CAW001,PEP001,22.0,20.1,20.5,10894,8.8,Mairie -> Petit Paradis
L90,AVN004,MDP002,22.9,20.1,20.8,6213,12.3,Lommelet -> Moulins
236,BCR002,ILC002,,20.1,19.9,232,,Bouchery -> Centre
55,WBT001,WFL002,20.6,20.1,20.5,4680,2.6,Bleriot -> Fleming
L4,TOS001,RUN003,22.0,20.1,20.5,12865,8.8,Tossee -> Union
88,GLY002,SGE002,,20.1,,835,,Les Glycines -> Gendarmerie
C10,DMR002,EME001,,20.1,22.1,3400,,Doumer -> Clemenceau
L92,ZIR002,CAF002,30.2,20.1,27.5,7209,33.4,Zi Rouge Bouton -> Lorival
L2,WBT001,WFL002,20.7,20.1,20.5,15032,3.2,Bleriot -> Fleming
L91E,HGO001,HAC001,,20.1,,373,,Gounod -> Lp Colbras
10,LOE001,BLC001,22.2,20.1,20.1,12605,9.6,Lomme Hegel -> Blanchisseurs
CO3,LGO001,RDS001,,20.1,22.3,5141,,Alliance Nord-Ouest -> Saut Du Loup
36,PSC001,REC003,22.7,20.1,22.1,5812,11.4,Pascal -> Rue Des Ecoles
CITT,PMN001,PRF001,22.0,20.1,19.0,16244,8.5,Petit Menin -> Prom De Flandre
Z6,ACO001,RXC001,,20.1,,966,,Rue D'Alger -> Collège Rosa Parks
CITA,APH099,MSG002,,20.1,21.7,577,,APH099 -> MSG002
35,OSE003,CUR002,21.3,20.1,21.3,6205,5.7,La Roseliere -> Curie
33,ESC002,PTD002,22.9,20.1,22.3,7517,12.2,ESC002 -> PTD002
923,CLE001,WCV001,,20.1,,200,,Leclerc -> Cavle
75,PRD003,MPE002,,20.1,24.3,1003,,Picardie -> Hotel De Ville
10,RMD002,BLE003,24.6,20.1,23.3,10394,18.0,Ramadier -> Lycee Pasteur
L8,BOU002,DRO002,22.5,20.1,21.7,12281,10.6,O. De Bousbecque -> C.H. Dron
34,BMA002,3PO002,21.4,20.1,20.9,7559,5.7,Verdun -> Trois Ponts
76,GOY004,QPO001,,20.1,23.3,2955,,Gare -> Le Pont
86,CAT001,BMI001,21.7,20.1,21.7,3524,7.5,Bousbecque Cat -> Mairie
C11,DMO001,TRS001,,20.2,21.1,1802,,Deux Moulins -> Trois Sources
10,LOE002,PRT002,21.5,20.2,20.6,6083,5.9,Lomme Hegel -> Port Fluvial
C10,CVB001,PGI001,,20.2,19.8,6725,,Cheval Blanc -> Pave Strategique
Z6,NAU002,HEC002,,20.2,,851,,Blanchemaille -> Henri Carrette
L91,TSU002,CHF001,22.5,20.2,21.2,6106,10.2,Lycee Pasteur -> Chaufour
CO3,CMY001,MDE001,,20.2,22.0,857,,Cite Mouray -> Maison Des Enfants
84,COG004,3BL001,21.7,20.2,21.1,4149,6.7,Vieil Dieu -> 3 Ballots
L91,PHA002,FCO002,23.7,20.2,21.3,6158,14.9,Porte D'Halluin -> P.A Mauroy
34,PSC002,TTE002,21.8,20.2,21.2,7425,7.0,Pascal -> Watteeuw
13,MAS001,MOA001,24.1,20.2,23.1,11277,16.4,Massena -> Montalembert
917,SWP002,LNM002,,20.2,,416,,Republique -> Lotissement Nouveau Monde
Z6,SAV002,FON002,,20.2,,982,,Savary -> La Fontaine
76,QPO002,GOY003,,20.2,24.4,2945,,Le Pont -> Gare
917,BML001,WRP001,,20.2,,543,,College Blum -> Republique
CITT,DRO001,YOU001,22.8,20.2,21.6,8222,11.2,C.H. Dron -> Parc De L'Yser
35,CAH001,CRA002,21.4,20.2,21.0,3372,5.9,Carihem -> Charles Perrault
L5,FAY001,MMA007,23.1,20.2,21.5,9702,12.8,La Fayette -> Mairie
CITA,ABI001,BUI001,,20.2,21.8,590,,Le Bizet -> Renan Buisson
CO1,ARO001,RDG001,,20.2,22.5,4350,,Av. De  Roubaix -> Rue De Grenoble
236,FDF002,RAD002,,20.2,21.5,231,,Ferme Du Faux -> Radinghem Place
967,TOM002,EIF002,,20.2,,222,,Meunier -> Tour Eiffel
942,DRE002,PLI002,,20.2,,234,,La Dreve -> Les Peupliers
32,PQU001,LFG001,27.1,20.2,22.6,3921,25.6,Pont Du Breucq -> Lafargue
Z6,HEC001,NAU001,,20.2,,952,,Henri Carrette -> Blanchemaille
CO3,LCL002,LLE002,,20.2,23.0,4904,,Clouet -> Lemire
Z6,GRI001,MAR001,,20.2,,965,,Grimomprez -> Voltaire
C9,MTT003,FRR002,22.3,20.2,20.8,10045,9.5,Mont De Terre -> Ferry
88,ZMO002,EUQ002,,20.2,23.9,2564,,P.A. Du Moulin -> Les Alouettes
L99,BLT001,HRO001,22.4,20.2,22.2,7265,9.7,Louis Bleriot -> Herons
15,DES002,STV002,23.1,20.2,23.5,11302,12.5,Destoop -> Saint Venant
L90,RIA001,QRA001,23.3,20.2,22.7,6239,13.2,Floriade Renaissance -> Traversiere
82,ZAF002,CEN002,,20.2,22.9,3426,,Zone Artisanale -> Centre
35,LDV002,GPO002,21.3,20.2,22.5,3122,5.1,De Vinci -> Grimonpont
73,PDB021,BAU002,,20.2,22.2,360,,Pont De Bois -> Baudouin Ix
78,BFR001,ACC001,,20.3,20.9,856,,Frontiere -> Maison D'Accueil
78,BMA002,3PO002,,20.3,23.4,858,,Verdun -> Trois Ponts
10,MLM002,LAF006,24.3,20.3,20.6,4605,16.2,Hotel De Ville -> LAF006
76,PPD002,VCE002,,20.3,21.9,2944,,Pompidou -> Cheval Blanc
922,PAT001,GEN002,,20.3,,324,,Parmentier -> Gendarmerie
34,CUI001,COU011,23.1,20.3,23.2,7579,11.8,Rue De Lannoy -> Cousinerie
58,EUL001,FDP001,22.2,20.3,22.1,5061,8.4,Eurasante Epi De Soil -> Faculte De Pharmacie
CO1,RDG001,RDJ001,,20.3,23.1,4393,,Rue De Grenoble -> Rue De Jemmapes
L1,CER001,GOU001,21.7,20.3,20.7,14676,6.7,Le Cerf -> Gounod
51,SCL002,NMI002,22.7,20.3,21.8,5496,10.7,St Clement -> Cimetiere Nord
58,LMR003,EDE001,22.1,20.3,22.9,868,8.2,La Marliere -> Delory
65,ALV001,HSP063,,20.3,23.5,1485,,Calvaire -> St. Philibert
82,SCO006,BNO001,,20.3,20.9,2613,,Comines Mairie -> Bonaparte
61,GNL002,WIM002,,20.3,20.6,1851,,General Leclerc -> Wicres Mairie
L1,GHE002,WAM001,27.7,20.3,23.6,11029,26.7,Ghesquiere -> Agrippin
CITA,PCI002,CJR004,,20.3,25.0,4764,,PCI002 -> College Jean Rostand
30,VAU001,JEA001,24.2,20.3,22.1,5696,16.2,Vauban -> Jean Xxiii
942,CUE002,ERO002,,20.3,,234,,Curie -> Europe
73,ANB002,AMA002,,20.3,21.3,230,,Branly -> Mairie
CO3,PDB005,ELA001,,20.3,21.4,3471,,Pont De Bois -> Epoux Labrousse
N1,VVA002,CIO002,,20.3,19.4,356,,Valmy -> College Triolo
CITT,CAI001,AUB001,24.1,20.3,22.1,8055,16.0,Calais -> Haubourdin
75,CEN002,PTE002,,20.3,22.1,1133,,Centre -> Petite Chapelle
L1,TAL002,GDE002,20.9,20.3,20.7,14324,3.2,Comtesse De Segur -> Coluche
Z6,HCH003,LEM002,,20.3,,375,,Les Hauts Champs -> Leon Marlot
50,MA4001,BAI001,24.7,20.3,22.1,7562,18.0,Place -> Bailly
81,PLC001,LOC001,,20.3,22.7,735,,Place Chanzy -> L'Octroi
Z6,BDO002,EPE001,,20.3,,375,,Boulevard De Douai -> Ep. Montesquieu
81,QPO002,GOY003,,20.3,26.9,598,,Le Pont -> Gare
CITH,BAB001,PNE001,19.0,20.3,19.3,2486,-6.5,Abbe Lemire -> Piscine
87,VFE002,RDE002,24.9,20.3,22.9,3878,18.6,Vert Feuillage -> Rue Des Ecoles
82,REB001,HHV001,,20.3,22.6,3121,,Republique -> Hotel De Ville
L92,DMY001,APO002,23.3,20.3,23.4,7209,12.9,College Demailly -> Apolda
62,LBH004,BMM001,,20.3,21.5,733,,La Bassee Hdv -> Monument Aux Morts
84,COG003,ARL001,21.2,20.3,21.3,4179,4.4,Vieil Dieu -> Charles Legrand
14,WFL002,LCN002,22.9,20.3,21.6,6347,11.4,Fleming -> Laennec
64,LBH003,LEV002,,20.3,22.1,1193,,La Bassee Hdv -> Place L.Orval
80,PLC001,LOC001,25.0,20.4,21.8,2878,18.3,Place Chanzy -> L'Octroi
CITA,BUI002,ABI001,,20.4,21.0,578,,Renan Buisson -> Le Bizet
35,CIC002,ARI002,22.7,20.4,21.9,3135,10.5,Cimetiere Centre -> Carin
86,TSU002,CHF001,22.5,20.4,22.1,4434,9.6,Lycee Pasteur -> Chaufour
RME1,HDV198,CIO002,14.3,20.4,12.3,276,-42.8,HDV198 -> College Triolo
CITH,PNE001,HCA002,21.5,20.4,21.9,4571,5.0,Piscine -> Cimetiere
911,RIO001,MUS001,,20.4,,202,,Brigode -> Musee Du Terroir
73,NCI001,AMA001,,20.4,22.3,351,,Cimetiere -> Mairie
73,PET002,ANP002,,20.4,22.6,364,,Petit Boulevard -> Poste D'Annappes
55,EUL006,SOI004,27.5,20.4,24.6,4672,26.0,Eurasante -> Recherche
81,RMI002,POC002,,20.4,25.7,591,,Ermitage -> Pont Casier
32,VFO002,PPS001,22.6,20.4,21.6,7281,9.6,La Fontaine -> Peupliers
Z2,FVE002,LMQ003,,20.4,,745,,Verdun -> Moulin De Lesquin
CO3,LAD002,FLO002,,20.4,22.1,5130,,Ladriere -> Florence
80,NFR001,RMI002,23.5,20.4,22.5,3057,13.4,Nouvelle France -> Ermitage
30,LAV001,GAP001,23.6,20.4,22.8,5628,13.4,Lavoisier -> Place Gambetta
14,PAP001,LAL001,24.5,20.4,23.2,12076,16.8,Papeterie -> Lalau
17,RUN001,SAP011,22.2,20.4,20.3,10216,8.1,Leon Jouhaux -> Delecourt
L99,PAA002,CHP002,23.8,20.4,23.7,7555,14.0,La Chapelle Parc -> Poste
968,TOM001,BPO001,,20.4,,203,,Meunier -> Bon Poste
60E,3FE001,HTR001,,20.4,,963,,Trois Fermes -> Elsa Triolet
L91,FAU002,SOC002,21.9,20.4,20.6,6162,6.8,Faubourg De Roncq -> Centre Social
55,TEM001,TEU001,20.7,20.4,18.8,4652,1.5,Eglise -> Pasteur
L4,ROQ001,SOC001,24.2,20.4,21.7,13246,15.9,Roncq Place -> Centre Social
58,HLF002,MAH004,,20.4,19.5,291,,Le Fort -> St Vaast
L91E,HAP001,MOR001,,20.4,,359,,Parc Des Sports -> Monument Aux Morts
L91E,SEM001,HAC003,,20.4,,355,,Semard -> Lp Colbras
L91,SOC001,FAU001,21.6,20.4,21.7,6111,5.8,Centre Social -> Faubourg De Roncq
Z6,MOT002,SPR002,,20.4,,375,,Fourmies -> Spriet
L4,AFR004,AUR001,22.2,20.4,20.7,13332,8.2,Anatole France -> Ctre Commercial
CO3,ALB003,CNL002,,20.4,21.6,3363,,A.Thomas -> Clinique De La Mitterie
L4,AID005,ARN004,21.8,20.5,18.9,12537,6.0,Condition Publique -> Pile Place-Carnot
C9,FOR041,PEO001,21.4,20.5,21.4,8452,4.5,Fort De Mons -> Mairie De Mons
64,FDG001,BTP001,,20.5,20.5,1689,,Fin De La Guerre -> Bon Temps
CO2,HSP009,CHM001,22.8,20.5,20.6,8099,9.8,St. Philibert -> Chateau Du Molinel
CO2,4OR001,BTL001,22.9,20.5,19.0,8131,10.5,Quatre Ormeaux -> Boutillerie
82,PTE001,CEN001,,20.5,22.8,2854,,Petite Chapelle -> Centre
88,TSU002,CHF001,,20.5,22.4,2706,,Lycee Pasteur -> Chaufour
84,ERO001,CUE001,21.2,20.5,21.6,4173,3.6,Europe -> Curie
MWR,LUC002,LIU002,24.2,20.5,21.0,1179,15.0,La Carpe -> Eglise St Amand
81,REB001,HHV001,,20.5,21.8,736,,Republique -> Hotel De Ville
55,WFL002,LCN002,23.1,20.5,21.3,4682,10.9,Fleming -> Laennec
967,MES001,BLN003,,20.5,,222,,Mesanges -> Blanchisserie
L4,SEM001,HAC003,22.3,20.5,21.5,12806,8.0,Semard -> Lp Colbras
CO1,ROG002,RFE002,,20.5,21.7,4312,,Gambetta -> Ferrer
L99,RAY001,LEO002,,20.5,22.5,5107,,Raymond Lis -> Leo Lagrange
L90,SGE001,GLY001,21.6,20.5,21.5,6235,5.1,Gendarmerie -> Les Glycines
L8,TRE002,MIR002,22.7,20.5,21.7,12300,9.7,Testelin -> Mirabeau
51,LGU002,RDS001,21.6,20.5,21.4,5506,5.2,Guynemer -> Saut Du Loup
CITT,ODO001,DRO001,22.1,20.5,21.2,8173,7.4,Berquier -> C.H. Dron
CITH,HAP002,MAO001,22.1,20.5,20.3,4564,7.1,Parc Des Sports -> Cense Manoir
CITH,EXU001,SEM002,21.3,20.5,19.9,4559,3.9,Saint Exupery -> Semard
72,VBO001,DOU003,25.6,20.5,24.4,2389,20.1,Val Boise -> Doumer
N1,MHE099,LZN099,,20.5,19.8,454,,Mairie D'Hellemmes -> Square Flandres
911,CUI002,HPM002,,20.5,,259,,Rue De Lannoy -> Hempempont
80,ALV002,NIZ002,,20.5,23.5,2807,,Calvaire -> Enizant
938,VIC002,RIN002,,20.5,,223,,Hotel De Ville -> Ringot
Z2,MDS001,VOY001,,20.5,,981,,Mont De Sainghin -> Voyette
CIT5,MNI002,3PO004,21.4,20.5,22.8,12317,3.8,Paul Gelle -> Trois Ponts
50,LSM002,SJD002,24.5,20.5,22.1,7023,16.7,Samain -> Saint Jean De Dieu
50,MRC004,MRC001,22.1,20.5,21.1,8198,7.2,College -> College
L5,MGA001,FIE001,22.0,20.5,21.4,9090,6.9,Gare -> Montgolfier
L1,STV002,18J002,21.4,20.5,21.5,14661,4.2,Saint Venant -> 18 Juin
33,PMI002,POD001,,20.5,22.2,699,,Frontiere -> Porte De France
923,GHE001,ERA001,,20.5,,200,,Ghesquiere -> Pare
34,HTR001,MHM001,23.6,20.5,22.4,7539,13.2,Elsa Triolet -> Mairie
34,VDM002,FLE002,23.8,20.5,23.1,7458,13.7,Vélodrome -> Salengro
10,LGU002,RDS002,21.0,20.5,20.1,1504,2.6,Guynemer -> Saut Du Loup
50,BLR002,GST002,24.2,20.6,22.8,7846,14.9,Resistance -> Gare
82,RMI002,POC002,,20.6,22.8,2745,,Ermitage -> Pont Casier
L92,WBT002,WTE002,20.1,20.6,21.5,7222,-2.2,Bleriot -> Terray
36,EML002,GUY002,23.8,20.6,22.3,5653,13.7,Calmette -> Guynemer
36,CXM004,CKL001,22.1,20.6,21.7,4851,6.7,Mairie De Croix -> Kleber
N1,EUR002,LIG112,,20.6,20.1,448,,Lille Europe -> Gare Lille Flandres
L6,RDU001,CCO001,25.3,20.6,22.1,13765,18.8,Residence Univer -> Vda C. Cial
CITA,AAB002,ACI001,,20.6,21.8,592,,Aristide Briand -> Cimetiere
L1,LMQ002,FVE001,21.7,20.6,21.5,15088,4.9,Moulin De Lesquin -> Verdun
10,CHR001,LCD001,24.5,20.6,23.7,5975,15.9,Chu-Centre O. Lambret -> Chasseurs De Driant
917,LNM001,SWP001,,20.6,,553,,Lotissement Nouveau Monde -> Republique
82,CEN001,ZAF001,,20.6,21.9,2850,,Centre -> Zone Artisanale
64,LLY001,HLI001,,20.6,22.3,1607,,Rue Du Pilly -> Mairie
14,QAM001,EUQ001,23.5,20.6,22.0,10381,12.3,Marquette Mairie -> Les Alouettes
L2,HWA002,CCD002,24.8,20.6,24.6,15083,17.1,Hop J De Flandre -> Coeur Poumon
81,JJA002,ARM083,,20.6,24.9,482,,Jean Jaures -> Hotel De Ville
L90,PAS003,PLA003,23.9,20.6,22.6,6243,13.9,Pasteur -> Les Platanes
58,LDL002,FEN002,21.0,20.6,21.9,883,1.9,Ch De La Barre -> Ferme D'Ennequin
82,BMI001,ETE001,,20.6,21.3,2515,,Mairie -> Papeterie
13,RBE001,FLM001,25.1,20.6,22.4,10894,18.2,Faidherbe -> Flers Masquelier
L91,RGA002,OMO002,22.9,20.6,22.1,6149,10.0,Ancienne Gare -> La Vallee
62,ALV001,HSP063,,20.6,23.2,1007,,Calvaire -> St. Philibert
84,GLY002,SGE002,21.9,20.6,20.9,4159,6.1,Les Glycines -> Gendarmerie
14,CPS002,WRE005,24.4,20.6,22.7,5732,15.6,Creps -> Republique
82,ETE002,BMI002,,20.7,21.7,2151,,Papeterie -> Mairie
CO2,HEU001,LVA001,26.5,20.7,23.0,8076,21.7,Heurtebise -> Valmy
CO2,RPO001,MUC001,23.8,20.7,21.9,5759,13.0,Rue Du Pont -> Muchembus
72,HNE001,DOU002,,20.7,23.4,2575,,Haute Borne -> Doumer
33,ILO003,KLI001,27.3,20.7,21.9,7599,24.3,Moliere -> Franklin
L1,PNM002,MFA002,23.0,20.7,22.3,14981,9.7,Pn De Marquette -> Faure
33,HOM001,REM002,22.2,20.7,22.1,7236,6.7,Hommelet -> Saint Remi
65,CCE002,RUH001,,20.7,21.4,1494,,Ctre Commercial -> Rue D'Haubourdin
L91,HAC001,HGO002,22.0,20.7,20.7,6155,5.9,Lp Colbras -> Gounod
CO1,TAL002,GDE002,,20.7,22.4,4868,,Comtesse De Segur -> Coluche
89,BCE002,BOE002,23.9,20.7,23.3,4394,13.6,Bondues Centre -> Eglise
32,CIM001,RQU003,23.5,20.7,22.9,7209,12.1,Cimaise -> La Marque
80,VCN001,EBO001,24.6,20.7,23.2,2491,15.7,Vieux Chene -> Le Bourg
81,NFR001,RMI002,,20.7,23.5,590,,Nouvelle France -> Ermitage
L4,VDM003,ADP002,21.8,20.7,23.0,6610,5.0,Vélodrome -> Avenue Des Sports
58,MAH002,HRI002,23.9,20.7,23.1,4858,13.4,Hallennes Mairie -> Les Riez
MWR,ALF002,LIE002,24.3,20.7,23.3,1195,14.8,Flandre -> Saint Lievin
MWR,ALF001,AEI001,23.2,20.7,23.2,1197,10.9,Flandre -> Carriere Andre
L1,WCV002,CLE002,24.5,20.7,23.1,11102,15.5,Cavle -> Leclerc
62,AUC001,AAU002,,20.7,20.2,953,,Ecole -> Eglise
62,CSC001,BMM002,,20.7,20.7,835,,Coll Schweitzer -> Monument Aux Morts
64,ALV001,HSP063,,20.7,22.6,1807,,Calvaire -> St. Philibert
82,PLC001,LOC001,,20.7,23.0,3121,,Place Chanzy -> L'Octroi
L3,VAO003,LIE002,22.7,20.7,22.2,15374,9.2,Vallon -> Saint Lievin
L1,PEP002,CAW002,22.0,20.7,20.8,15008,6.1,Petit Paradis -> Mairie
68,RJA007,LQM002,23.1,20.7,22.1,3910,10.6,Jean Jaures -> La Motte
L1,DES002,STV002,21.9,20.7,22.0,14668,5.3,Destoop -> Saint Venant
L7,MDF001,OCC002,21.2,20.7,20.6,14496,2.3,Moulin De Faches -> Ctre Commercial
35,FOC001,HER001,23.9,20.7,23.2,3138,13.5,Foch -> Herriot
33,KLI002,ILO002,23.2,20.7,22.1,7614,10.9,Franklin -> Moliere
86,CUE002,ERO002,22.4,20.7,20.9,3901,7.6,Curie -> Europe
34,HTR002,DER005,23.1,20.7,21.8,7476,10.1,Elsa Triolet -> Lionderie
13,LAD001,CSN002,22.1,20.7,22.2,11211,6.3,Ladriere -> La Chesnaie
RME1,LZN199,PDB020,19.8,20.7,19.0,874,-4.6,Square Flandres -> Pont De Bois
CITH,HDO001,KNI001,20.7,20.8,19.8,4581,-0.5,Douane -> Koninginnestraat
32,CHA002,VCH002,26.0,20.8,25.5,7291,20.1,Chanterelle -> Chateau
55,TVI001,ECS001,,20.8,21.1,1304,,Vieux Moulin -> Ecole
922,CMO001,PAB002,,20.8,,446,,College Moliere -> Pave Bleu
CITA,MSG001,APH098,,20.8,23.3,582,,MSG001 -> APH098
CO3,GST001,MOS001,,20.8,23.4,5173,,Gare -> Moliere
MWR,HGL001,HFE001,22.8,20.8,22.4,1171,8.4,Les Glycines -> Ferme Lassus
L5,HJA002,LVA002,23.0,20.8,22.3,16492,9.6,Jardin Public -> Valmy
51,SMG002,DNS001,25.1,20.8,23.8,5474,17.3,Mont Garin -> Ingenieur Bertin
17,MAR001,FON001,23.3,20.8,23.3,9936,10.5,Voltaire -> La Fontaine
66,ADP002,BUO002,,20.8,,240,,Avenue Des Sports -> Coubertin
CITL,RDL001,TIM003,23.8,20.8,22.6,8769,12.7,Rue De L'Oise -> Tilmant
Z1,YOU001,RYS001,,20.8,,579,,Parc De L'Yser -> Pépinière
MWR,WJB001,STS001,24.4,20.8,21.3,1193,14.5,Duthoit -> Stephenson
50,GST001,ESI003,22.3,20.8,21.3,8272,6.8,Gare -> Resistance
32,STU002,CSN005,24.1,20.8,23.1,7280,13.8,Stadium -> La Chesnaie
34,AID005,KLI002,22.2,20.8,22.2,7584,6.3,Condition Publique -> Franklin
L8,ANL002,SLS005,22.9,20.8,22.6,12432,9.4,Canal De Roubaix -> Visitation
35,CBO004,WHO002,21.9,20.8,22.1,6214,5.0,College Neruda -> La Houzarde
CO3,VRS001,VEG001,,20.8,22.2,3364,,Viersen -> Verghelles
L99,ABI001,BLT001,21.8,20.8,21.5,7270,4.5,Le Bizet -> Louis Bleriot
82,TLC001,MLN001,,20.8,22.3,2577,,Le Christ -> Moulin
65,MAD002,CCE001,,20.8,19.7,1488,,Ste M. Madeleine -> Ctre Commercial
C10,RCO001,STL001,,20.8,23.1,3098,,Charcot -> Eglise Saint Louis
84,KAE001,POE001,24.4,20.8,22.3,4241,14.7,Dronckaert -> Pied De Boeuf
CO3,MGA001,FIE001,,20.9,23.1,4815,,Gare -> Montgolfier
82,JJA002,ARM083,,20.9,23.4,2382,,Jean Jaures -> Hotel De Ville
L90,GLY002,SGE002,22.5,20.9,22.1,6299,7.3,Les Glycines -> Gendarmerie
MWR,LIE001,ALF001,24.0,20.9,23.1,1196,12.9,Saint Lievin -> Flandre
55,WFL001,WBT002,22.8,20.9,21.3,4665,8.6,Fleming -> Bleriot
L4,PIG001,HAP001,22.9,20.9,21.6,13155,8.3,Noir Pignon -> Parc Des Sports
968,COU012,HEM002,,20.9,,204,,Cousinerie -> Hem Eglise
L2,HSA002,JEF002,24.0,20.9,23.6,14832,12.9,Hopital Salengro -> Fac De Medecine
33,LEN001,IMP002,,20.9,21.9,710,,Leers Nord Belgique -> Cite
87,LRO003,CBF002,25.1,20.9,21.0,4236,16.6,La Rousselle -> Cimetiere Du Blanc Four
13,BEC002,VOS002,23.4,20.9,21.2,11043,10.9,Bd Leclerc -> Prevost
L92,APO002,SPV002,24.4,20.9,24.1,7213,14.6,Apolda -> Prevert
13,PDB013,BAU002,23.1,20.9,22.6,11299,9.4,Pont De Bois -> Baudouin Ix
15,14J001,18J001,19.6,20.9,19.3,343,-6.3,14 Juillet -> 18 Juin
36,GUY001,ALT003,22.8,20.9,22.0,5827,8.2,Guynemer -> Calmette
33,ZIL001,ZIL003,,20.9,,409,,Parc D'Activités -> ZIL003
N1,MRB198,MHE099,,20.9,20.4,454,,Marbrerie -> Mairie D'Hellemmes
923,PLA001,PAS002,,20.9,,200,,Les Platanes -> Pasteur
87,FBO002,MON002,24.3,20.9,23.2,4212,14.0,Blanc Four -> La Montagne
911,CUI001,COU011,,20.9,,202,,Rue De Lannoy -> Cousinerie
67,MDF001,OCC001,23.7,20.9,20.5,3110,11.7,Moulin De Faches -> Ctre Commercial
36,CKL001,ALL001,22.4,20.9,22.0,4947,6.9,Kleber -> L'Allumette
80,MAT002,FMA002,28.1,20.9,22.8,2718,25.8,Maternite -> Fort Mahieu
911,PHE003,ZAR002,,20.9,,259,,Poste -> Zone Artisanale
L99,ACI001,LEO003,22.8,20.9,21.4,4365,8.3,Cimetiere -> Leo Lagrange
61,SWP001,PDG001,,20.9,21.4,1862,,Republique -> Place De Gaulle
L92,APO001,DMY002,25.0,20.9,25.3,7611,16.4,Apolda -> College Demailly
Z8,MDS001,VOY001,,21.0,24.8,1208,,Mont De Sainghin -> Voyette
33,GOB001,CGL001,24.0,21.0,22.6,7488,12.3,Les Gobelins -> College
80,AHO002,MAT004,,21.0,23.2,371,,Ct Hospitalier -> Maternite
33,ADP001,VDM004,28.0,21.0,23.6,5365,25.1,Avenue Des Sports -> Vélodrome
L8,SAT001,LEK005,22.2,21.0,21.9,12252,5.6,Dunant -> Laennec
75,SCO006,BNO001,,21.0,22.6,981,,Comines Mairie -> Bonaparte
N1,MRB199,DFI001,,21.0,20.7,449,,Marbrerie -> Lille Fives
10,LGU002,RDS001,22.6,21.0,21.8,1985,6.9,Guynemer -> Saut Du Loup
34,ILO003,KLI001,24.8,21.0,22.0,7487,15.2,Moliere -> Franklin
N1,PDB020,HDV018,,21.0,20.5,541,,Pont De Bois -> Hotel De Ville
35,SGD004,TET002,23.7,21.0,22.3,6152,11.6,Saint Gerard -> Potente
34,REC002,PSC002,24.2,21.0,23.0,7423,13.0,Rue Des Ecoles -> Pascal
35,UQU001,BTO001,25.1,21.0,22.1,5959,16.6,Touquet -> Berthelot
L4,ADP001,VDM004,25.8,21.0,23.1,8872,18.7,Avenue Des Sports -> Vélodrome
14,PHG002,WBO002,23.6,21.0,22.2,12154,10.9,Philippe De Girard -> Bourget
Z4,APK002,ZPE002,,21.0,,843,,APK002 -> ZPE002
82,HUR002,3BL001,,21.0,21.9,2932,,Place De Gaulle -> 3 Ballots
L4,SOC001,FAU001,22.1,21.0,22.1,13247,4.9,Centre Social -> Faubourg De Roncq
CO2,FEN001,LDL001,22.0,21.0,20.4,1339,4.3,Ferme D'Ennequin -> Ch De La Barre
61,CCE002,RUH004,,21.0,20.5,1719,,Ctre Commercial -> Rue D'Haubourdin
L91,LAQ002,FFO002,22.8,21.0,20.9,6156,7.9,La Quenouille -> Fort De Bondues
L4,AUR001,KAE003,22.7,21.0,20.3,13378,7.3,Ctre Commercial -> Dronckaert
87,TBR002,TWA002,25.2,21.0,24.6,4209,16.8,Brossolette -> Watt
13,MOA002,MAS002,24.8,21.0,23.7,11257,15.3,Montalembert -> Massena
14,DAC001,CPS001,24.1,21.0,24.2,5651,13.0,Republique -> Creps
L91,PIG001,HAP001,22.0,21.0,21.7,6113,4.4,Noir Pignon -> Parc Des Sports
L91,PIG002,BFO002,21.5,21.0,19.0,6158,2.2,Noir Pignon -> Bellefontaine
L99,GUS001,RIN001,21.9,21.0,22.1,7453,4.3,Jules Guesde -> Ringot
L4,BUO002,AUL001,23.4,21.0,21.2,10131,10.4,Coubertin -> Centre Commercial
33,ERE001,HUG011,,21.0,25.0,713,,Repos -> Victor Hugo
76,RLO001,CSL001,23.4,21.0,22.1,263,10.1,Rue De Lomme -> Cite Saint Leger
N1,DOA001,ARJ005,,21.0,19.7,355,,Douai Arras -> Jeanne D'Arc
L2,CCD001,HWA001,25.2,21.0,25.1,14964,16.7,Coeur Poumon -> Hop J De Flandre
30,BNT002,JEA002,23.9,21.0,22.3,5597,12.3,Point Central -> Jean Xxiii
55,VST002,AMT002,25.7,21.0,24.0,4685,18.5,Villa Saint Eloi -> Amiteuse
52,PDO012,PDV002,26.4,21.0,25.2,8832,20.3,Porte De Douai -> Porte De Valenciennes
MWR,HPL001,CPH001,23.1,21.0,21.2,941,8.9,Place -> Chapelle
66,SIN001,BGA001,24.2,21.0,23.0,3111,13.1,Sin -> Gare
CO3,VIS002,MDE002,,21.0,24.5,834,,Beau Visage -> Maison Des Enfants
MWR,MPH002,GRM001,24.2,21.0,24.3,1188,13.3,Phenix -> Gare
62,CCE002,RUH001,,21.1,22.0,965,,Ctre Commercial -> Rue D'Haubourdin
L4,PHA002,FCO002,26.2,21.1,22.5,13260,19.4,Porte D'Halluin -> P.A Mauroy
L4,HAP001,MOR001,23.1,21.1,22.4,12810,8.6,Parc Des Sports -> Monument Aux Morts
58,CCD001,HWA001,25.1,21.1,24.6,5067,15.9,Coeur Poumon -> Hop J De Flandre
CIT5,RHO002,TYR002,21.4,21.1,21.5,10142,1.1,Watremez -> Musee
58,SHD001,SAM001,22.7,21.1,22.2,4957,6.9,Hotel De Ville -> Santes Marais
L90,SSM002,MAL002,25.2,21.1,23.8,6183,16.3,Eglise -> Cat Malecot
61,MQL001,VEM001,,21.1,19.5,1851,,Mairie -> Verdun
Z2,IVE001,PTB001,,21.1,,723,,Rue De Verdun -> Petit Bois
86,COG001,3BL001,22.4,21.1,21.9,3227,5.8,Comines Gare -> 3 Ballots
923,LSM002,SJD004,,21.1,,200,,Samain -> Saint Jean De Dieu
35,LER001,HUG002,25.9,21.1,23.9,2632,18.4,Eglise -> Victor Hugo
L8,RUN001,SAP011,22.7,21.1,22.2,12286,7.1,Leon Jouhaux -> Delecourt
78,PUR001,PBT001,,21.1,22.5,733,,Pureur -> Petit Baptiste
33,CGL002,GOB002,26.0,21.1,23.7,7245,18.7,College -> Les Gobelins
33,IMP001,LEN001,,21.1,22.8,684,,Cite -> Leers Nord Belgique
Z1,TBO099,DRO001,,21.1,,942,,Bourgogne -> C.H. Dron
58,HBA001,AST001,,21.1,21.4,273,,La Bascule -> Maison D'Arret
C10,STL002,RCO002,,21.2,23.8,3108,,Eglise Saint Louis -> Charcot
61,ALV001,HSP063,,21.2,22.8,1698,,Calvaire -> St. Philibert
L91,DEV002,FBO003,22.8,21.2,22.1,6162,6.9,Corteville -> Blanc Four
66,VBO001,HIS002,22.4,21.2,22.4,5739,5.1,Val Boise -> Harrison
80,RBR001,EPY001,30.9,21.2,23.6,3092,31.2,Rue Brune -> Saint Exupery
58,HMA003,GLE002,22.7,21.2,22.7,5139,6.7,Mairie -> Gambetta Leclerc
66,PNT002,PLS002,22.2,21.2,21.2,2911,4.8,Boiseraie -> Place
CO1,GOU002,CER002,,21.2,22.4,5047,,Gounod -> Le Cerf
17,CIS001,MAR001,22.7,21.2,22.9,9955,7.0,Cimetiere -> Voltaire
CO2,RLO001,CSL001,23.6,21.2,23.0,373,10.0,Rue De Lomme -> Cite Saint Leger
C11,TRS002,DMO002,,21.2,21.5,1840,,Trois Sources -> Deux Moulins
L4,BMA002,3PO002,23.8,21.2,23.1,12505,11.1,Verdun -> Trois Ponts
L99,ALV001,HSP079,24.5,21.2,22.4,7441,13.5,Calvaire -> St. Philibert
14,PTA001,AMI001,22.8,21.2,23.8,12085,6.8,Pont De L'Abbaye -> Amidonnerie
84,CAT001,BMI001,24.7,21.2,22.9,4173,14.0,Bousbecque Cat -> Mairie
CITA,ACI001,LEO003,,21.2,22.2,1156,,Cimetiere -> Leo Lagrange
33,BUO002,AUL002,23.9,21.2,21.3,5959,11.3,Coubertin -> Centre Commercial
L1,ERA002,GHE002,24.0,21.2,23.0,11104,11.7,Pare -> Ghesquiere
CITT,LUR001,RAC001,24.4,21.2,22.3,2386,13.1,Denis Papin -> Racine
33,IMP002,PMI002,,21.2,26.2,697,,Cite -> Frontiere
33,VEL002,MXC002,23.9,21.2,22.8,7022,11.4,Le Velo -> Cimetiere
938,CHP002,VIC002,,21.2,,223,,Poste -> Hotel De Ville
73,AMA001,ANB001,,21.2,22.2,351,,Mairie -> Branly
N1,HDV043,PDB004,,21.2,21.0,296,,Hotel De Ville -> Pont De Bois
CITT,REN002,TRC002,24.6,21.2,22.8,8084,13.8,Florence -> Rochdale
36,DHC001,VAI001,25.0,21.2,25.0,5836,15.5,Edhec -> Edouard Vaillant
L91E,PIG001,HAP001,,21.2,,365,,Noir Pignon -> Parc Des Sports
L91E,PIG002,BFO002,,21.2,,369,,Noir Pignon -> Bellefontaine
34,FLE001,VDM005,25.8,21.3,23.9,7282,17.3,Salengro -> Vélodrome
76,LNG003,LRP002,25.7,21.3,23.4,3219,17.1,Lenglet -> Rue De Lompret
RME1,CHR063,CAL007,19.0,21.3,17.5,895,-12.3,Chu-Centre O. Lambret -> Chu Eurasanté
14,PLB001,SCR001,24.1,21.3,23.1,11988,11.6,Place De La Boucherie -> Scrive
L1,PAS002,PEP002,23.5,21.3,22.7,15069,9.1,Pasteur -> Petit Paradis
L8,RIS002,TNA002,23.6,21.3,22.3,12282,10.0,Risquons Tout -> La Forgette
CO2,CSL002,RLO002,23.6,21.3,22.0,8141,9.6,Cite Saint Leger -> Rue De Lomme
L6,COA001,CRT001,22.9,21.3,21.8,14473,7.0,Cocteau -> Courteline
78,UST003,BUO002,,21.3,22.3,742,,Justice -> Coubertin
L4,HGO001,HAC001,24.0,21.3,22.9,13329,11.4,Gounod -> Lp Colbras
L4,OMO002,UAN002,23.6,21.3,22.6,13414,9.7,La Vallee -> Chats Huants
L90,ARL002,COG004,22.6,21.3,22.8,6296,5.7,Charles Legrand -> Vieil Dieu
76,VCA001,ONT002,,21.3,22.5,2944,,Calvaire -> Fontaine
968,HEB002,HTR002,,21.3,,204,,Bifur -> Elsa Triolet
80,TAG001,PPG002,,21.3,27.3,2808,,La Montagne -> Ph. De Girard
32,ELA002,PDB006,23.7,21.3,24.5,4877,10.0,Epoux Labrousse -> Pont De Bois
Z3,PCV001,RJA005,,21.3,,481,,Pic Au Vent -> Jean Jaures
66,PMS001,PLS001,24.8,21.3,21.9,2773,14.0,Bicentenaire -> Place
82,BEL002,DMA002,,21.3,22.5,3365,,Bel Arbre -> Deulemont Mairie
MWR,CPH002,HPL002,23.9,21.3,22.5,1074,11.0,Chapelle -> Place
L8,TNA001,RIS002,23.6,21.3,22.7,12183,9.4,La Forgette -> Risquons Tout
66,LEY001,HMN001,25.1,21.3,24.4,6000,15.0,Haley -> Harmonie
CO2,MUC001,PCO001,24.6,21.3,22.7,8153,13.6,Muchembus -> Petite Couture
15,11N001,RPC001,24.9,21.4,23.1,11248,13.9,11 Novembre -> Petite Chapelle
CO3,LMI006,CCE002,,21.4,19.7,5131,,M.I.N. -> Ctre Commercial
CO3,SHW001,MYT011,,21.4,22.2,5163,,Schweitzer -> Coty
35,ZWH002,THO002,23.6,21.4,23.8,5963,9.5,Egalite -> Place Thomas
67,HME001,ORM002,25.4,21.4,24.4,2894,15.8,Hameau De L'Europe -> Les Ormeaux
80,JJA001,PLC001,27.1,21.4,23.7,2616,20.9,Jean Jaures -> Place Chanzy
76,LOP009,FLP002,22.9,21.4,22.5,3352,6.6,Mairie -> Fort De Lompret
L8,CEO001,MSS001,23.1,21.4,23.3,12299,7.5,Rue Des Ecoles -> Mousserie
35,GPO001,LDV001,23.4,21.4,22.4,3347,8.3,Grimonpont -> De Vinci
82,HHV001,POC001,,21.4,24.8,2275,,Hotel De Ville -> Pont Casier
86,FFO001,LAQ001,23.6,21.4,21.3,4427,9.5,Fort De Bondues -> La Quenouille
87,VHU002,VGN002,23.4,21.4,23.0,4236,8.5,Victor Hugo -> La Vignette
CITT,YOU001,RYS001,27.2,21.4,24.2,8235,21.4,Parc De L'Yser -> Pépinière
80,POC002,HHV002,27.9,21.4,23.4,2850,23.3,Pont Casier -> Hotel De Ville
CO3,VEG002,VRS002,,21.4,22.4,3369,,Verghelles -> Viersen
58,HRI001,MAH001,24.7,21.4,23.5,4696,13.6,Les Riez -> Hallennes Mairie
L5,RLE002,LBM002,22.7,21.4,22.8,8993,5.6,Renoir -> Boulevard De Metz
945,BIF001,CED001,,21.4,,263,,Leers Bifur -> Chateau D'Eau
L99,LEO001,RAY002,25.6,21.4,22.6,7379,16.6,Leo Lagrange -> Raymond Lis
84,COS001,PLI001,22.4,21.4,21.9,4174,4.8,Complexe Sportif -> Les Peupliers
35,THO001,ZWH001,22.9,21.4,22.3,5554,6.4,Place Thomas -> Egalite
917,WRP001,KOE002,,21.4,,276,,Republique -> Koenig
13,PAT001,DEH001,,21.4,23.9,10162,,Parmentier -> Campus
Z6,CLO003,RDC002,,21.4,,312,,Colisee -> Rue Des Champs
CO2,HWA002,CCD002,26.6,21.4,25.4,8169,19.4,Hop J De Flandre -> Coeur Poumon
L90,MDP002,QAI002,27.3,21.4,23.8,6211,21.8,Moulins -> Quai 22
82,JJA001,PLC001,,21.4,24.6,2853,,Jean Jaures -> Place Chanzy
CO3,ERP001,RDH002,,21.5,23.9,5162,,Europe -> Rue Du Hem
35,VAO001,FOC001,23.6,21.5,23.3,3135,9.1,Vallon -> Foch
CIT5,3PO003,MNI001,22.2,21.5,23.1,12288,2.7,Trois Ponts -> Paul Gelle
CITH,2NA001,ROU001,24.4,21.5,21.1,4593,12.0,2 Nations -> Rouge Porte
L8,SLS004,ANL001,28.3,21.5,26.5,12440,24.1,Visitation -> Canal De Roubaix
64,HLI001,HEP002,,21.5,23.8,1607,,Mairie -> Piscine Herlies
66,HMN001,HOZ003,26.0,21.5,25.1,5976,17.3,Harmonie -> Horizon
67,OCC001,VEZ001,25.5,21.5,24.5,3108,15.6,Ctre Commercial -> Z I Vendeville
33,BMA002,3PO002,23.8,21.5,22.3,7607,9.4,Verdun -> Trois Ponts
L90,PLA003,AVN004,24.5,21.5,23.1,6209,12.2,Les Platanes -> Lommelet
33,AID005,KLI002,22.7,21.5,22.2,7634,5.1,Condition Publique -> Franklin
N1,LZN198,MHE001,,21.5,19.8,449,,Square Flandres -> Mairie D'Hellemmes
L91,PAY002,BCE003,25.5,21.5,23.9,6153,15.8,La Payelle -> Bondues Centre
33,PTD002,CSE002,23.8,21.5,22.8,6718,9.8,PTD002 -> Descat
10,LVI001,LMA001,26.0,21.5,24.7,12538,17.2,Victoire -> Hotel De Ville
14,CHU001,PRC001,24.3,21.5,25.0,12056,11.8,W. Churchill -> Pre Catelan
13,PRE001,GEN001,25.1,21.5,25.1,11009,14.3,Colpin -> Gendarmerie
86,FDN002,LIC006,22.2,21.5,22.8,3900,2.8,Freres D'Halluin -> Cimetiere
87,KAE001,POE001,25.0,21.5,23.5,4259,14.0,Dronckaert -> Pied De Boeuf
L7,JAP002,FAM002,22.3,21.5,21.2,12707,3.5,La Jappe -> Mairie
15,11N002,BAS002,25.0,21.6,23.1,11447,13.4,11 Novembre -> Basquin
CITT,NSC002,NEU001,25.6,21.6,23.4,8174,15.4,Schuman -> Centre
62,ALV002,RDF002,,21.6,21.8,965,,Calvaire -> Rue Des Fusilles
Z6,MNI002,3PO004,,21.6,,375,,Paul Gelle -> Trois Ponts
L99,VIC002,RIN002,25.6,21.6,24.6,7553,15.7,Hotel De Ville -> Ringot
236,PRH002,CQE001,,21.6,21.9,246,,La Perche -> La Choque
84,PLI002,COS002,23.0,21.6,22.3,4208,6.0,Les Peupliers -> Complexe Sportif
CO3,MYT012,SHW002,,21.6,22.8,5178,,Coty -> Schweitzer
62,MAD002,CCE001,,21.6,21.9,1002,,Ste M. Madeleine -> Ctre Commercial
13,PRE002,BDM002,22.4,21.6,19.4,812,3.6,Colpin -> Boulevard De Mons
33,SLU007,TON001,22.8,21.6,23.1,7535,5.3,Saint Luc -> Tonkin
73,PMS001,PLS001,,21.6,19.8,217,,Bicentenaire -> Place
66,HMN002,LEY002,26.3,21.6,24.9,5679,17.8,Harmonie -> Haley
L1,WAM023,GHE001,23.6,21.6,22.4,10807,8.4,Agrippin -> Ghesquiere
80,EPY002,RBR002,26.6,21.6,21.9,3076,18.8,Saint Exupery -> Rue Brune
L99,PMT004,BRV002,22.5,21.6,22.8,7351,3.7,Place Aux Toiles -> Pierre Beregovoy
L6,FOR010,CCO002,24.9,21.6,22.8,11450,13.1,Fort De Mons -> Vda C. Cial
C10,PGI001,CVB002,,21.6,21.9,6765,,Pave Strategique -> Cheval Blanc
76,QBP001,QCE001,,21.6,21.2,2956,,Blanche Porte -> Centre
L99,CHP001,PAA001,24.7,21.6,24.2,7452,12.6,Poste -> La Chapelle Parc
C10,MMA002,VED002,,21.6,24.5,3404,,Quesne Mairie -> Verdun
15,BAS001,11N001,23.9,21.6,22.7,11241,9.8,Basquin -> 11 Novembre
C8,TCL001,AIL003,,21.6,22.4,2340,,Clinquet -> Braille
75,ZAF002,CEN002,,21.6,22.8,1081,,Zone Artisanale -> Centre
76,LAC001,LNG003,25.4,21.6,23.5,3218,14.7,Cite Familiale -> Lenglet
CO3,RDH001,ERP002,,21.6,23.4,5139,,Rue Du Hem -> Europe
CO3,FLO003,LAD001,,21.6,23.0,5161,,Florence -> Ladriere
66,HOZ002,HMN002,29.3,21.7,26.8,5708,26.2,Horizon -> Harmonie
82,NFR001,RMI002,,21.7,24.8,2821,,Nouvelle France -> Ermitage
36,HEB002,HTR002,23.6,21.7,22.9,5652,7.8,Bifur -> Elsa Triolet
67,OCC002,MDF002,23.0,21.7,20.7,2965,5.6,Ctre Commercial -> Moulin De Faches
50,PIM001,HLO001,25.0,21.7,24.2,8145,13.2,Piscine -> Hautes Loges
CIT5,ACO002,CAP006,23.6,21.7,22.5,9795,7.8,Rue D'Alger -> CAP006
910,LPI001,BPO003,,21.7,,231,,Le Pincon -> Bon Poste
76,CSL002,RLO002,24.6,21.7,22.7,6302,11.8,Cite Saint Leger -> Rue De Lomme
35,ALF002,LIE002,25.2,21.7,24.6,6208,14.1,Flandre -> Saint Lievin
CO2,LDL002,FEN002,22.3,21.7,22.4,1335,2.8,Ch De La Barre -> Ferme D'Ennequin
35,LIE001,ALF001,25.9,21.7,24.3,6018,16.0,Saint Lievin -> Flandre
73,EFF001,SIN001,,21.7,22.7,219,,Deffontaines -> Sin
917,MAV002,KOE003,,21.7,,241,,Marais -> Koenig
L3,PTO002,MTD002,24.3,21.7,22.7,9145,10.9,Place -> Mont Saint Bernard
13,BDM002,PAT002,25.1,21.7,24.5,10836,13.6,Boulevard De Mons -> Parmentier
10,LOO002,LRD002,23.9,21.7,22.8,6050,9.2,Loos Mairie -> Rue De Londres
CITT,SCA002,NRE002,24.2,21.7,23.2,8053,10.5,Descartes -> Verne
55,SMO001,RIE004,,21.7,,276,,La Mouchonniere -> Le Riez
Z3,LDE002,PCV001,,21.7,,482,,Descat -> Pic Au Vent
CITT,NRE002,FDE002,25.1,21.8,23.2,8050,13.0,Verne -> Ferme Des Enfants
L4,RGA002,OMO002,25.3,21.8,24.1,13414,13.7,Ancienne Gare -> La Vallee
68,PCV001,RJA005,25.1,21.8,23.4,3871,13.2,Pic Au Vent -> Jean Jaures
907,MME005,SJD002,,21.8,,222,,Lommelet -> Saint Jean De Dieu
Z2,RJA002,MRN002,,21.8,,746,,Jean Jaures -> Marronniers
72,HNE002,LEY002,,21.8,24.3,2292,,Haute Borne -> Haley
35,WAG002,SAP002,24.5,21.8,24.3,6017,11.2,Wagner -> Sapin Vert
L92,CWT001,SAL004,23.8,21.8,23.3,7394,8.4,Cimetiere -> Salengro
15,ROG002,RFE002,21.6,21.8,23.7,763,-1.0,Gambetta -> Ferrer
33,VDM003,ADP002,24.7,21.8,25.0,5533,11.9,Vélodrome -> Avenue Des Sports
L99,HRO002,BLT002,24.0,21.8,24.3,6916,8.9,Herons -> Louis Bleriot
32,RQU004,CIM002,23.9,21.8,23.9,7173,8.9,La Marque -> Cimaise
51,JUS002,LGU002,23.8,21.8,23.7,5506,8.1,Rue De Lille -> Guynemer
81,JJA001,PLC001,,21.8,24.8,723,,Jean Jaures -> Place Chanzy
L2,LCN001,WFL001,23.7,21.8,23.1,14859,8.2,Laennec -> Fleming
L91,CHF002,BLE003,23.3,21.8,22.3,6157,6.5,Chaufour -> Lycee Pasteur
33,PTD001,ESC001,25.1,21.8,24.5,6626,13.0,PTD001 -> ESC001
88,CHF002,BLE003,,21.8,23.5,2568,,Chaufour -> Lycee Pasteur
17,WAG002,SAP002,24.6,21.8,24.3,10103,11.2,Wagner -> Sapin Vert
L8,VGL001,HCH002,24.5,21.8,22.4,12318,10.9,Braille -> Les Hauts Champs
35,HER002,FOC002,26.1,21.9,24.4,3362,16.1,Herriot -> Foch
76,FLP001,LOP008,24.4,21.9,22.9,3213,10.4,Fort De Lompret -> Mairie
CIT5,BUO002,AUL001,24.1,21.9,22.1,13330,9.1,Coubertin -> Centre Commercial
82,CUE002,ERO002,,21.9,22.2,2266,,Curie -> Europe
CO1,GDE001,TAL001,,21.9,24.0,5032,,Coluche -> Comtesse De Segur
36,PSC002,TTE002,24.3,21.9,23.8,5640,10.1,Pascal -> Watteeuw
80,LOC002,PLC002,26.9,21.9,24.4,2850,18.6,L'Octroi -> Place Chanzy
Z2,PID002,RJA002,,21.9,,746,,P I De Douai -> Jean Jaures
L4,ADP002,BUO002,23.4,21.9,21.9,6611,6.5,Avenue Des Sports -> Coubertin
917,MRS001,MMC002,,21.9,,218,,Route De Sainghin -> Calvaire
CO3,DEL002,RAL002,,21.9,23.4,5158,,Delivrance -> Rabelais
14,WBL002,RSS002,23.7,21.9,21.9,12151,7.7,Wattignies Blum -> Roussel
CITT,GRA001,TRC001,25.6,21.9,24.3,8224,14.5,Malcense-Égalité -> Rochdale
73,AMA002,NCI002,,21.9,23.6,230,,Mairie -> Cimetiere
L6,CSN004,STU001,23.9,21.9,23.0,14609,8.1,La Chesnaie -> Stadium
L90,QRA002,RIA002,23.5,21.9,23.2,6304,6.8,Traversiere -> Floriade Renaissance
80,ALV001,HSP002,,21.9,23.1,2789,,Calvaire -> St. Philibert
MWR,WHO002,AEI002,26.9,21.9,22.7,1195,18.6,La Houzarde -> Carriere Andre
L91,HAP001,MOR001,23.5,21.9,22.8,6033,6.9,Parc Des Sports -> Monument Aux Morts
61,GMA001,MMC002,,21.9,21.6,1680,,Gare Marquillies -> Calvaire
32,VAH001,RDI001,26.7,21.9,25.6,7259,18.0,Hopital Prive -> Rondeloir
36,HEM002,HEB002,23.2,21.9,23.1,5652,5.7,Hem Eglise -> Bifur
36,HLV001,HEM002,26.4,21.9,24.8,2248,17.2,Hem La Vallee -> Hem Eglise
L1,MFA002,MME002,23.4,21.9,22.9,14978,6.3,Faure -> Lommelet
L92,LSS002,EUL005,25.2,21.9,24.8,7717,13.0,Recherche -> Eurasante
CO2,PCO002,MUC002,25.4,21.9,23.0,7998,13.8,Petite Couture -> Muchembus
CO2,MUC002,SEQ002,,21.9,23.7,2362,,Muchembus -> Sequedin Centre
14,AMT002,WHD002,25.7,21.9,23.7,5734,14.8,Amiteuse -> Hotel De Ville
CO2,MUC002,RPO002,26.3,21.9,23.7,5875,16.6,Muchembus -> Rue Du Pont
967,RYE001,PTO002,,21.9,,201,,Trieu Du Quesnoy -> Place
CIT5,OTT004,FLE001,22.1,21.9,22.1,12149,1.2,Motte -> Salengro
236,ILC001,BCR001,,21.9,20.8,201,,Centre -> Bouchery
34,COU012,CUI002,24.1,22.0,24.4,7501,8.8,Cousinerie -> Rue De Lannoy
75,CSL002,RLO002,,22.0,24.1,1001,,Cite Saint Leger -> Rue De Lomme
35,THO002,PAL002,24.3,22.0,24.3,5389,9.3,Place Thomas -> Parc Du Lion
34,DER001,HTR001,24.6,22.0,23.5,7440,10.5,Lionderie -> Elsa Triolet
65,ALV002,RDF002,,22.0,23.5,1495,,Calvaire -> Rue Des Fusilles
84,BMI002,CAT002,25.9,22.0,25.0,4241,15.3,Mairie -> Bousbecque Cat
84,BTT001,MON001,27.3,22.0,24.5,4246,19.4,Broutteux -> La Montagne
C11,PSF002,DEN002,,22.0,22.4,1850,,Pole Sportif -> Adenauer
32,VCH001,CHA003,23.8,22.0,24.4,7272,7.7,Chateau -> Chanterelle
33,POD002,PMI001,,22.0,24.4,687,,Porte De France -> Frontiere
L91,HGO002,EGO004,23.2,22.0,22.5,6052,5.1,Gounod -> Eglise Du Colbras
36,REC003,SJO001,26.7,22.0,25.3,5809,17.6,Rue Des Ecoles -> Eglise St Joseph
73,GCA001,GCC001,,22.0,23.6,364,,Gruson Calvaire -> Clef Des Champs
50,FAY001,MMA007,25.6,22.0,24.0,8143,14.1,La Fayette -> Mairie
17,VIP002,HON002,24.3,22.0,24.4,10030,9.5,Vieille Place -> D'Hondt
86,VIT001,ERO001,22.8,22.0,23.2,3526,3.5,Victoire -> Europe
13,PRE002,DEH001,,22.0,23.9,9613,,Colpin -> Campus
10,JUS002,LGU002,23.2,22.0,22.3,3489,5.0,Rue De Lille -> Guynemer
84,MON002,BTT002,26.6,22.0,23.7,4167,17.4,La Montagne -> Broutteux
L3,MTD001,PTO001,25.9,22.1,24.0,9565,14.8,Mont Saint Bernard -> Place
L99,RIN001,VIC001,25.1,22.1,24.1,7272,12.0,Ringot -> Hotel De Ville
CITA,LEO001,AAB001,,22.1,23.1,580,,Leo Lagrange -> Aristide Briand
N1,ARJ002,DOA002,,22.1,20.1,293,,Jeanne D'Arc -> Douai Arras
L1,WAY001,PEP001,,22.1,22.4,4026,,Chateau -> Petit Paradis
907,PAS003,PLA002,,22.1,,222,,Pasteur -> Les Platanes
MWR,HFE002,HGL002,23.7,22.1,22.6,1173,6.9,Ferme Lassus -> Les Glycines
76,BOC001,LGA001,24.2,22.1,23.8,3212,8.7,Le Bocage -> Lompret Gare
33,VEP002,TON002,24.7,22.1,23.6,5925,10.7,Vert Pre -> Tonkin
33,PLN002,PIN002,,22.1,,604,,La Plaine -> PIN002
76,PPD001,VCA001,,22.1,26.1,2944,,Pompidou -> Calvaire
CO3,ATH002,DEL002,,22.1,23.9,5157,,A. Thoor -> Delivrance
N1,DFI199,MRB198,,22.1,21.4,542,,Fives -> Marbrerie
CO2,CCD001,HWA001,25.2,22.1,25.4,8090,12.1,Coeur Poumon -> Hop J De Flandre
72,CCH002,PNT004,24.7,22.1,25.1,2368,10.4,Chateau -> P.N. De Tressin
L99,RAY001,ACI001,24.1,22.1,22.2,2266,8.4,Raymond Lis -> Cimetiere
917,KOE003,WRP002,,22.1,,241,,Koenig -> Republique
35,IXR002,FEH002,24.6,22.1,23.9,3373,10.3,Mirabeau -> Ferme D'Halluin
76,HSP001,CHM001,25.1,22.1,23.0,6067,11.8,St. Philibert -> Chateau Du Molinel
CO3,RAL002,RVA002,,22.1,23.6,1524,,Rabelais -> Renovation
35,FEH001,IXR001,25.3,22.1,22.3,3459,12.7,Ferme D'Halluin -> Mirabeau
35,FEH002,AUL006,23.6,22.1,20.4,3362,6.4,Ferme D'Halluin -> AUL006
C11,GAP001,WAS051,,22.1,24.1,1843,,Place Gambetta -> Centre
CIT5,VIP002,HON002,24.8,22.2,24.4,12202,10.5,Vieille Place -> D'Hondt
32,CHA003,PAU002,24.0,22.2,24.2,7282,7.6,Chanterelle -> L.A.M.
CO3,LAD001,CSN002,,22.2,23.7,5128,,Ladriere -> La Chesnaie
Z2,RJA003,INH001,,22.2,,312,,RJA003 -> INH001
73,BFR001,ACC001,,22.2,25.6,217,,Frontiere -> Maison D'Accueil
65,CCE001,LMI005,,22.2,17.7,1488,,Ctre Commercial -> M.I.N.
35,WHO001,CBO002,24.6,22.2,23.8,6014,9.7,La Houzarde -> College Neruda
66,HIS002,HOZ002,28.5,22.2,26.1,5712,22.1,Harrison -> Horizon
13,DFI002,SQM002,23.8,22.2,22.7,11219,6.8,Lille Fives -> Square Des Meres
33,TGE001,SFR002,27.6,22.2,26.0,7244,19.6,Einstein -> Saint Francois
73,MOA002,MAS002,,22.2,25.4,365,,Montalembert -> Massena
L91,BCE001,PAY001,23.0,22.2,24.5,6127,3.3,Bondues Centre -> La Payelle
L91,AER002,LAZ002,26.2,22.2,22.1,6130,15.2,Aerodrome -> Lazaro
L91,LRO005,LRO001,27.3,22.2,26.6,6130,18.5,Clinique St Roch -> La Rousselle
30,WAC002,RIB002,24.2,22.2,23.9,5641,8.2,Clemenceau -> Ribot
81,VCA001,ONT002,,22.2,23.4,502,,Calvaire -> Fontaine
64,ALV002,RDF002,,22.2,24.0,1703,,Calvaire -> Rue Des Fusilles
86,CHF002,BLE003,24.5,22.2,23.3,4670,9.6,Chaufour -> Lycee Pasteur
84,VIT001,ERO001,24.5,22.2,23.3,4173,9.1,Victoire -> Europe
L92,CAF002,ATO002,27.3,22.2,26.8,7209,18.8,Lorival -> Marcel Paul
10,PSU001,LVI001,24.5,22.2,23.3,12615,9.6,Pont Superieur -> Victoire
87,POE002,KAE002,28.6,22.2,22.5,4203,22.2,Pied De Boeuf -> Dronckaert
Z3,4CA001,ZON002,,22.2,,490,,4 Cantons Stade -> Pierre Brizon
15,RPC002,11N002,25.7,22.3,24.3,11494,13.1,Petite Chapelle -> 11 Novembre
CITT,FDE001,NRE001,25.4,22.3,24.1,8172,12.0,Ferme Des Enfants -> Verne
32,PSM001,JPS001,26.9,22.3,24.6,3797,17.2,Palais Des Metiers -> Jp Sartre
58,AST001,MAH003,,22.3,24.2,273,,Maison D'Arret -> St Vaast
89,LOR002,FOU002,27.6,22.3,27.1,4497,19.3,Lorthiois -> Les Fougères
Z6,ACO002,CAP006,,22.3,,811,,Rue D'Alger -> CAP006
78,ADP001,VDM004,,22.3,19.9,433,,Avenue Des Sports -> Vélodrome
64,RUH002,CCE001,,22.3,20.7,1544,,Rue D'Haubourdin -> Ctre Commercial
86,COS001,BCI001,23.7,22.3,23.8,3522,5.9,Complexe Sportif -> Cimetiere
L8,MRI002,JUI002,24.8,22.3,24.1,12298,10.0,Marliere -> Juin
MWR,WHO001,HCI001,23.4,22.4,24.3,1197,4.6,La Houzarde -> Citadelle
68,4CA001,ZON002,26.3,22.4,24.7,3774,14.8,4 Cantons Stade -> Pierre Brizon
66,BUO002,AUL001,24.1,22.4,22.4,2647,6.8,Coubertin -> Centre Commercial
66,BGA002,SIN002,24.7,22.4,23.2,2963,9.3,Gare -> Sin
82,JAU002,HDO002,,22.4,23.0,2558,,Jean Jaures -> Douane
Z6,RHO002,TYR002,,22.4,,309,,Watremez -> Musee
18,LPZ001,ENI001,24.8,22.4,24.3,12069,9.8,P.S. De Lezennes -> Avenir
236,RAD001,FDF001,,22.4,22.0,246,,Radinghem Place -> Ferme Du Faux
35,RBU001,AUL006,25.0,22.4,21.3,3456,10.2,Buisson -> AUL006
35,PAL001,THO001,23.7,22.4,24.0,5554,5.4,Parc Du Lion -> Place Thomas
34,OTT004,FLE001,22.0,22.4,21.9,7290,-2.0,Motte -> Salengro
L8,FRU001,HUT001,23.5,22.4,23.6,12293,4.8,Faure -> Le Hutin
34,CRT098,LCT001,25.3,22.4,24.8,7577,11.4,8 Mai 1945 -> Lac De Canteleu
17,SQC001,VIP001,24.5,22.4,24.6,10138,8.4,Square Calmette -> Vieille Place
911,HTR002,PHE003,,22.4,,259,,Elsa Triolet -> Poste
L2,WFL002,LCN002,23.4,22.4,23.2,14970,4.2,Fleming -> Laennec
72,BPT001,GBA001,24.5,22.4,23.2,2670,8.6,Les Poetes -> Grand Baisieux
CIT5,ACO002,CAP002,23.3,22.4,23.4,2304,3.7,Rue D'Alger -> CAP002
902,BMN001,BHO001,,22.4,,250,,Bas Chemin -> Hospice
35,BIF001,BER001,26.3,22.4,24.3,3396,15.0,Leers Bifur -> Leclerc
917,DCA002,LED002,,22.4,,241,,Calmette -> Lotissement Edf
L91E,HAC003,HGO002,,22.4,,361,,Lp Colbras -> Gounod
35,ALF001,AEI001,26.7,22.5,25.5,6020,15.9,Flandre -> Carriere Andre
RME1,CSC199,4CA006,21.6,22.5,20.4,863,-4.2,Cité Scientifique -> 4CA006
L3,ZBE005,HER002,23.2,22.5,23.3,15534,2.8,Quart. Beaulieu -> Herriot
86,LAQ002,FFO002,22.2,22.5,22.0,4655,-1.4,La Quenouille -> Fort De Bondues
L3,MTD002,BPO002,24.5,22.5,23.8,9434,8.0,Mont Saint Bernard -> Bon Poste
L4,BUO001,ADP001,24.9,22.5,23.7,7237,9.8,Coubertin -> Avenue Des Sports
73,BAU001,PDB021,,22.5,26.3,371,,Baudouin Ix -> Pont De Bois
68,LDE002,PCV001,27.1,22.5,25.9,3872,16.9,Descat -> Pic Au Vent
35,PAL002,WAH001,25.0,22.5,23.8,5389,10.1,Parc Du Lion -> WAH001
L92,WTE001,WBT001,24.1,22.5,24.6,7693,6.7,Terray -> Bleriot
932,VEM003,MMC001,,22.5,,244,,Verdun -> Calvaire
L92,ATO001,LVR001,27.0,22.5,26.4,7707,16.5,Marcel Paul -> Lorival
L4,UAN001,OMO001,24.0,22.5,23.7,13243,6.4,Chats Huants -> La Vallee
Z8,ZAS001,ZAS002,,22.5,23.7,563,,ZAS001 -> Za Du Melantois
80,MPE003,PPG003,,22.5,23.5,2794,,Agache -> Ph. De Girard
87,VGN002,VFE002,26.9,22.5,25.0,3147,16.5,La Vignette -> Vert Feuillage
CO3,CSN002,PDB005,,22.5,26.1,4382,,La Chesnaie -> Pont De Bois
17,CIP001,SVD001,25.4,22.5,25.8,9797,11.4,Cite A. Prouvost -> Saint Vincent De Paul
64,CCE002,RUH001,,22.6,22.3,1608,,Ctre Commercial -> Rue D'Haubourdin
L92,SMO001,SPV001,24.0,22.6,24.1,7668,5.7,La Mouchonniere -> Prevert
Z4,SFR001,APK002,,22.6,,816,,Saint Francois -> APK002
33,MXC002,IRA002,27.5,22.6,26.1,7293,18.1,Cimetiere -> College Van Der Meersch
76,FCL002,ARY003,27.1,22.6,24.8,3218,16.7,Foucault -> La Carnoy
L6,PAU001,CHA002,23.5,22.6,23.9,14655,3.8,L.A.M. -> Chanterelle
86,3BL001,FDH001,24.0,22.6,24.0,1941,5.9,3 Ballots -> Faidherbe
78,SIN001,BGA001,,22.6,26.3,649,,Sin -> Gare
L91E,FCO001,PHA001,,22.6,,365,,P.A Mauroy -> Porte D'Halluin
17,SAP001,WAG001,25.5,22.6,25.3,10212,11.5,Sapin Vert -> Wagner
35,AEI002,ALF002,25.5,22.6,25.8,6209,11.2,Carriere Andre -> Flandre
86,BCI001,GCH001,23.3,22.6,23.4,3522,2.9,Cimetiere -> Gros Chene
Z8,PTQ001,MDS001,,22.6,26.0,1211,,Petit Quinquin -> Mont De Sainghin
CO3,ELA002,PDB006,,22.6,24.9,3477,,Epoux Labrousse -> Pont De Bois
35,ILO003,KLI001,27.2,22.6,22.8,3464,16.9,Moliere -> Franklin
81,LOC002,PLC002,,22.6,28.8,565,,L'Octroi -> Place Chanzy
55,LSS002,EUL005,25.5,22.6,24.4,4708,11.4,Recherche -> Eurasante
30,GAP001,WAS051,24.8,22.6,23.9,5628,8.7,Place Gambetta -> Centre
15,ROG001,14J001,22.4,22.6,24.1,345,-0.5,Gambetta -> 14 Juillet
66,PUR001,PBT001,25.5,22.6,22.8,3203,11.4,Pureur -> Petit Baptiste
Z2,DES003,RUB003,,22.6,,745,,DES003 -> RUB003
50,BLV002,YSE002,25.1,22.6,24.0,7054,10.1,Bel Air -> Yser
76,CLN001,SCC005,34.7,22.7,30.5,3220,34.4,Clinique De Lambersart -> Sainte Cecile
86,CUE001,VAC001,22.6,22.7,23.1,3527,-0.5,Curie -> Chem Des Vaches
Z6,GRI002,ACQ002,,22.7,,983,,Grimomprez -> Jacquard
C11,PSF001,MNL001,,22.7,22.1,1843,,Pole Sportif -> Molinel
CO3,MTR008,EOL001,,22.7,25.4,5169,,Trocadero -> Leon Blum
Z8,4CA001,ZON002,,22.7,,1239,,4 Cantons Stade -> Pierre Brizon
66,PUR002,BGA002,24.4,22.7,23.6,2888,7.1,Pureur -> Gare
L5,LVA001,HJA001,25.0,22.7,24.3,16548,9.5,Valmy -> Jardin Public
80,EBO001,BOS001,27.6,22.7,25.6,2492,17.7,Le Bourg -> Le Bosquiel
236,AUC001,AAU002,,22.7,24.7,245,,Ecole -> Eglise
L92,SAL002,CWT002,25.0,22.7,24.1,7255,9.1,Salengro -> Cimetiere
L99,HRO001,JCT001,24.7,22.7,23.7,7265,8.3,Herons -> Jacques Cartier
35,SAP001,WAG001,26.4,22.7,25.8,5854,13.9,Sapin Vert -> Wagner
CITT,TCC001,PMN001,24.5,22.7,20.2,8282,7.3,Tourcoing C.Cial -> Petit Menin
CIT5,VDM005,3PO003,18.8,22.7,,378,-20.6,Vélodrome -> Trois Ponts
72,DOU003,HNE002,,22.7,25.6,2297,,Doumer -> Haute Borne
L6,CRT002,COA002,24.2,22.8,23.7,14446,5.8,Courteline -> Cocteau
933,ANG001,LLY001,,22.8,,336,,Ancienne Gare -> Rue Du Pilly
L1,DES001,RON001,24.1,22.8,23.3,15101,5.2,Destoop -> Ronchin Mairie
CO2,ALV001,HSP009,28.4,22.8,24.0,8102,19.6,Calvaire -> St. Philibert
84,SGE001,GLY001,23.5,22.8,24.1,4205,2.7,Gendarmerie -> Les Glycines
64,RDF001,ALV001,,22.8,24.0,1809,,Rue Des Fusilles -> Calvaire
86,BCI002,COS002,23.1,22.8,23.9,3904,1.1,Cimetiere -> Complexe Sportif
86,AER002,LAZ002,26.2,22.8,23.2,4642,13.0,Aerodrome -> Lazaro
35,CHN001,SAP001,24.5,22.8,24.0,5852,6.9,Chardonnet -> Sapin Vert
50,HOS001,CHU001,25.0,22.8,23.4,8166,8.8,Les Bateliers -> W. Churchill
81,LBA001,PRD003,,22.8,26.7,503,,Le Bas -> Picardie
MWR,HCI002,WHO002,24.0,22.8,23.1,1196,4.8,Citadelle -> La Houzarde
Z2,DES001,RON001,,22.8,,735,,Destoop -> Ronchin Mairie
61,ALV002,RDF002,,22.8,22.8,1720,,Calvaire -> Rue Des Fusilles
30,LYC001,PCE001,28.0,22.8,27.2,5629,18.5,Lycee Gambetta -> Carliers
32,CPT002,LFG002,28.2,22.8,25.7,3937,19.2,Pont De Croix -> Lafargue
N1,4CA001,CSC198,,22.8,22.5,449,,4 Cantons Stade -> Cité Scientifique
10,LMA002,LVI002,27.2,22.8,24.9,12685,15.9,Hotel De Ville -> Victoire
15,DES001,RON001,24.6,22.8,24.5,11214,7.3,Destoop -> Ronchin Mairie
84,POE002,KAE002,29.8,22.8,22.2,4161,23.5,Pied De Boeuf -> Dronckaert
907,PNM002,MFA002,,22.8,,222,,Pn De Marquette -> Faure
CO3,RDH002,LPH002,,22.8,29.0,5161,,Rue Du Hem -> La Phalecque
86,FDN002,LIC002,,22.8,24.0,452,,Freres D'Halluin -> Cimetiere
35,TET001,SGD003,24.9,22.8,24.2,5972,8.4,Potente -> Saint Gerard
35,CUR002,CBO004,25.9,22.8,25.6,6219,12.0,Curie -> College Neruda
CO3,CCE001,LMI005,,22.8,18.9,5127,,Ctre Commercial -> M.I.N.
34,PDB411,BAU002,25.0,22.9,24.4,7501,8.4,Pont De Bois -> Baudouin Ix
34,MHM001,HPM001,26.2,22.9,25.2,7583,12.4,Mairie -> Hempempont
CO3,TPL002,ZPI002,,22.9,26.4,5164,,Place Tiers -> Pilaterie
52,PTT001,PMA001,30.6,22.9,26.1,8791,25.1,Pont De Tournai -> G. Lyon
15,RFE002,LCA002,21.9,22.9,20.8,762,-4.5,Ferrer -> Carnot
61,VEM002,MQL002,,22.9,23.3,1681,,Verdun -> Mairie
L2,WTE001,WBT001,23.5,22.9,24.2,15035,2.3,Terray -> Bleriot
902,PBD002,V27002,,22.9,,203,,Petit Bondues -> Voie 227
55,TEU001,MRL001,24.4,22.9,21.5,4650,6.4,Pasteur -> Mulier
923,MFA001,PNM001,,22.9,,200,,Faure -> Pn De Marquette
78,PUR002,BGA002,,22.9,22.4,849,,Pureur -> Gare
911,HPM002,MHM002,,22.9,,260,,Hempempont -> Mairie
35,WHO002,AEI002,23.7,22.9,24.1,6212,3.5,La Houzarde -> Carriere Andre
CO2,PCO001,4OR001,25.3,22.9,23.0,7918,9.6,Petite Couture -> Quatre Ormeaux
34,BAU001,PDB411,25.1,22.9,24.7,7538,9.1,Baudouin Ix -> Pont De Bois
CITT,NEU002,NSC001,26.0,22.9,24.1,8039,11.8,Centre -> Schuman
34,TTE001,PSC001,24.6,22.9,23.7,7498,7.0,Watteeuw -> Pascal
CO1,14J002,ROG002,,22.9,24.6,4313,,14 Juillet -> Gambetta
64,RUH002,LMI005,,22.9,,251,,Rue D'Haubourdin -> M.I.N.
L92,CAF001,ZIR001,31.2,22.9,27.9,7663,26.6,Cafeteria -> Zi Rouge Bouton
L4,FAU002,SOC002,26.0,22.9,24.4,13451,11.8,Faubourg De Roncq -> Centre Social
65,IDH002,PRH002,,22.9,25.6,1252,,Faidherbe -> La Perche
CO3,GUB001,RAL006,,22.9,24.1,3314,,GUB001 -> RAL006
CO1,PHG002,WBO002,,22.9,24.6,5033,,Philippe De Girard -> Bourget
CITT,YOU002,DRO002,24.6,22.9,23.7,8113,6.6,Parc De L'Yser -> C.H. Dron
82,HDO003,JAU001,,22.9,23.1,2289,,Douane -> Jean Jaures
75,BEL002,DMA002,,23.0,23.4,1062,,Bel Arbre -> Deulemont Mairie
84,PCS002,ARL002,24.5,23.0,24.7,4150,6.2,Desire Ducarin -> Charles Legrand
62,CCE001,LMI005,,23.0,20.6,1007,,Ctre Commercial -> M.I.N.
76,LGA002,BOC002,24.5,23.0,24.1,3364,5.9,Lompret Gare -> Le Bocage
82,MLN001,RYS004,,23.0,24.8,2581,,Moulin -> Pépinière
32,JPS001,PSM002,26.2,23.0,25.2,3890,12.3,Jp Sartre -> Palais Des Metiers
L2,SFI002,HSA002,25.5,23.0,25.7,14836,9.9,Hopital Fontan -> Hopital Salengro
14,HOS001,CHU001,25.0,23.0,25.0,12010,7.7,Les Bateliers -> W. Churchill
MWR,AEI002,ALF002,25.8,23.0,23.0,1195,10.7,Carriere Andre -> Flandre
60E,ZIL002,EEG003,,23.0,,915,,Parc D'Activités -> Coeur De Ville
L4,PIG002,BFO002,25.2,23.0,24.3,13258,8.5,Noir Pignon -> Bellefontaine
L91,FFO002,AER002,28.1,23.0,23.5,6152,18.1,Fort De Bondues -> Aerodrome
66,PBT002,PUR002,25.2,23.0,23.8,2925,8.9,Petit Baptiste -> Pureur
L90,QAI001,MDP001,25.9,23.0,24.8,6272,10.9,Quai 22 -> Moulins
L91,DAR001,JAM001,26.9,23.0,25.3,6121,14.3,Le Damier -> Le Jambon
L91,PTM001,MCM001,28.2,23.0,26.6,6095,18.4,Pont De Marcq -> Cimetiere
35,CIS001,GRI002,26.7,23.0,25.5,5856,13.9,Cimetiere -> Grimomprez
L1,PLA001,PAS002,25.8,23.0,24.7,15124,11.2,Les Platanes -> Pasteur
30,RIB001,WAC001,25.3,23.0,22.7,5627,8.9,Ribot -> Clemenceau
76,VCE001,PPD001,,23.1,25.4,2944,,Cheval Blanc -> Pompidou
18,PTT001,PMA001,24.9,23.1,23.7,12069,7.3,Pont De Tournai -> G. Lyon
L6,CCO001,FOR010,28.1,23.1,24.2,13645,17.8,Vda C. Cial -> Fort De Mons
32,RDI002,VAH002,27.4,23.1,25.4,7237,15.7,Rondeloir -> Hopital Prive
32,CSN004,STU001,25.3,23.1,25.1,7274,8.7,La Chesnaie -> Stadium
89,VEL001,FOU001,29.2,23.1,28.5,4589,21.0,Le Velo -> Les Fougères
81,HHV001,POC001,,23.1,23.8,542,,Hotel De Ville -> Pont Casier
60E,HTR002,3FE002,,23.1,,954,,Elsa Triolet -> Trois Fermes
87,MON002,BTT002,26.3,23.1,24.8,4211,12.4,La Montagne -> Broutteux
66,HOZ003,HIS001,27.9,23.1,27.1,6007,17.3,Horizon -> Harrison
66,CCH002,PNT004,25.7,23.1,24.5,2956,10.0,Chateau -> P.N. De Tressin
L91,HDO003,JAU001,23.5,23.1,23.5,6020,1.8,Douane -> Jean Jaures
C9,MYT012,SHW002,26.9,23.1,23.6,10069,14.2,Coty -> Schweitzer
CITL,LBM001,RLE001,25.8,23.1,24.5,5867,10.4,Boulevard De Metz -> Renoir
L91,EGO004,RNG002,24.7,23.1,24.0,6049,6.6,Eglise Du Colbras -> Sangnier
84,3BL001,FDH001,24.3,23.1,24.6,2342,5.1,3 Ballots -> Faidherbe
CIT5,CRE001,CAG001,24.8,23.1,25.0,11633,7.2,Cretinier -> Ma Campagne
910,BPO003,LPI002,,23.1,,231,,Bon Poste -> Le Pincon
55,WBT002,WTE002,23.3,23.1,23.1,4662,1.0,Bleriot -> Terray
84,RGA002,OMO002,25.1,23.1,25.2,4165,8.0,Ancienne Gare -> La Vallee
Z8,ZAS002,PTQ001,,23.1,22.5,1798,,Za Du Melantois -> Petit Quinquin
L99,NIZ001,ALV001,27.3,23.2,25.4,7459,15.1,Enizant -> Calvaire
82,LOC002,PLC002,,23.2,26.7,2707,,L'Octroi -> Place Chanzy
89,FOU001,LOR001,28.6,23.2,28.3,4587,18.7,Les Fougères -> Lorthiois
Z2,LMQ002,FVE001,,23.2,,735,,Moulin De Lesquin -> Verdun
CO2,HJA002,LVA002,27.9,23.2,25.9,8158,16.7,Jardin Public -> Valmy
CO2,LVA001,HJA001,27.1,23.2,25.0,8075,14.6,Valmy -> Jardin Public
907,MFA002,MME005,,23.2,,223,,Faure -> Lommelet
L1,OCC001,MDF002,25.0,23.2,22.3,15073,7.2,Ctre Commercial -> Moulin De Faches
902,V21301,V27001,,23.2,,250,,Voie 213 -> Voie 227
C10,MEU001,GPE001,,23.2,26.4,3384,,Meunier -> Peri
CO3,ZPI001,TPL001,,23.2,27.9,5168,,Pilaterie -> Place Tiers
61,MAV002,KOE003,,23.2,24.3,1693,,Marais -> Koenig
65,PRH001,IDH001,,23.2,25.1,1493,,La Perche -> Faidherbe
CIT5,ADP002,BUO002,25.3,23.2,24.2,12396,8.4,Avenue Des Sports -> Coubertin
Z1,GRA001,TRC001,,23.2,,1130,,Malcense-Égalité -> Rochdale
C10,DMR001,CBG001,,23.2,24.3,3393,,Doumer -> Cimetiere Bourg
236,BGR001,LTQ001,,23.2,29.3,246,,Bois Grenier Cimetiere -> Le Touquet
33,MXC001,VEL001,27.2,23.2,26.1,6836,14.7,Cimetiere -> Le Velo
CO2,4OR002,PCO002,26.1,23.2,23.4,8217,11.0,Quatre Ormeaux -> Petite Couture
66,TOM001,BPO003,28.3,23.2,26.1,3000,18.1,Meunier -> Bon Poste
14,RSS001,WBL001,25.8,23.2,24.5,12191,10.2,Roussel -> Wattignies Blum
80,NIZ001,ALV001,,23.2,25.5,2791,,Enizant -> Calvaire
81,LPA002,LTE001,,23.2,25.5,502,,La Paix -> Le Temple
32,PAU001,CHA002,25.0,23.2,25.5,7292,7.1,L.A.M. -> Chanterelle
50,LSM001,YSE001,27.1,23.3,25.4,7832,13.8,Samain -> Yser
33,RYE002,PLN002,,23.3,,604,,Trieu Du Quesnoy -> La Plaine
33,RYE001,RTO001,,23.3,,472,,Trieu Du Quesnoy -> RTO001
L1,PLA002,PNM002,28.3,23.3,26.9,14980,17.8,Les Platanes -> Pn De Marquette
CO3,EOL002,MTR009,,23.3,25.4,5151,,Leon Blum -> Trocadero
36,VAI001,URI006,25.4,23.3,24.3,5840,8.2,Edouard Vaillant -> Roubaix Charles Fourier
CIT5,CAG001,VIP001,24.1,23.3,24.4,11644,3.3,Ma Campagne -> Vieille Place
33,PMI001,IMP001,,23.3,30.2,685,,Frontiere -> Cite
66,PLS001,PNT001,25.3,23.3,23.2,2777,8.1,Place -> Boiseraie
64,LEV002,LBS002,,23.3,25.2,1556,,Place L.Orval -> Saint Roch
L8,TIL002,JOF001,23.0,23.3,24.2,12353,-1.4,Tilleul -> Marechal Joffre
84,ERO002,VIT002,27.1,23.3,25.0,4239,14.1,Europe -> Victoire
Z6,CAR002,PLT002,,23.3,,375,,Carpeaux -> Place Du Travail
34,CRT099,COU012,23.9,23.3,25.0,7502,2.5,8 Mai 1945 -> Cousinerie
81,RBR001,EPY001,,23.3,24.4,778,,Rue Brune -> Saint Exupery
78,PBT002,PUR002,,23.3,23.5,848,,Petit Baptiste -> Pureur
82,HCA001,VIE003,,23.3,23.1,2550,,Cimetiere -> Mont Fleuri
58,HCO002,HCM002,23.6,23.3,23.8,5170,1.1,La Colle -> Cimetiere
82,RNG001,EGO003,,23.4,24.5,2294,,Sangnier -> Eglise Du Colbras
L91,RNG002,JAU002,24.9,23.4,24.3,6046,6.0,Sangnier -> Jean Jaures
73,PLS001,PNT001,,23.4,20.4,218,,Place -> Boiseraie
L91,MCM002,PTM002,29.1,23.4,26.6,6128,19.5,Cimetiere -> Pont De Marcq
35,IXR001,CRA001,25.9,23.4,24.3,3462,9.8,Mirabeau -> Charles Perrault
L1,MFA001,PNM001,25.2,23.4,25.2,15130,7.3,Faure -> Pn De Marquette
Z1,TBO098,ROI004,,23.4,,550,,Bourgogne -> Roitelet
33,BIF001,CED001,26.5,23.4,24.6,6488,11.4,Leers Bifur -> Chateau D'Eau
55,APE003,WTE001,27.0,23.4,25.6,4701,13.3,Happe Qui Peut -> Terray
82,ERO001,CUE001,,23.4,23.5,3089,,Europe -> Curie
CO2,DEL002,RAL002,23.6,23.4,24.0,872,1.0,Delivrance -> Rabelais
82,GAI002,VRO002,,23.4,27.2,3132,,Gaie Perche -> Chevron D'Or
78,TOM001,BPO003,,23.4,26.5,862,,Meunier -> Bon Poste
76,VCA002,PPD002,,23.4,24.4,2944,,Calvaire -> Pompidou
61,RDF001,ALV001,,23.4,25.0,1697,,Rue Des Fusilles -> Calvaire
36,HEB001,HEM001,25.1,23.4,25.3,5832,7.0,Bifur -> Hem Eglise
CO2,ALV002,RDF002,,23.5,23.7,7335,,Calvaire -> Rue Des Fusilles
CITT,TWA008,LUR001,26.8,23.5,25.9,2683,12.5,Lucie Aubrac -> Denis Papin
Z4,FLK001,ZPE001,,23.5,,534,,FLK001 -> ZPE001
L99,CHP002,VIC002,26.2,23.5,25.3,7555,10.0,Poste -> Hotel De Ville
86,PTM001,MCM001,27.4,23.5,26.6,4404,14.4,Pont De Marcq -> Cimetiere
61,HBA001,AST500,,23.5,25.0,1688,,La Bascule -> Maison D'Arret
Z1,REN002,TRC002,,23.5,,1058,,Florence -> Rochdale
66,UST003,BUO002,26.5,23.5,25.0,2537,11.4,Justice -> Coubertin
CIT5,ADP001,VDM004,30.5,23.5,26.6,16930,23.1,Avenue Des Sports -> Vélodrome
CO3,PDB006,CSN003,,23.5,25.9,4385,,Pont De Bois -> La Chesnaie
L90,RYP001,WAM090,25.5,23.5,24.4,6283,7.7,Rue D'Ypres -> Agrippin
81,POC002,HHV002,,23.5,31.4,564,,Pont Casier -> Hotel De Ville
L1,RUB001,FVE002,25.8,23.5,24.7,14680,9.1,Rubens -> Verdun
89,FOU002,VEL002,28.9,23.5,29.2,4496,18.7,Les Fougères -> Le Velo
82,PNE001,HCA002,,23.5,25.1,2286,,Piscine -> Cimetiere
60E,EEG003,ZIL004,,23.5,,969,,Coeur De Ville -> Parc D'Activités
L1,PAS003,PLA002,26.9,23.5,25.8,14975,12.7,Pasteur -> Les Platanes
80,VCN002,ERM002,28.2,23.5,25.8,2714,16.4,Vieux Chene -> Rue Du Moulin
14,BAM003,CPS002,25.6,23.5,25.2,5675,8.0,Bargues Marais -> Creps
13,PAH002,GEN002,28.4,23.5,26.4,11060,17.1,Chappe -> Gendarmerie
13,FOR005,MBO001,21.0,23.6,24.4,11180,-12.0,Fort De Mons -> Bourgogne
14,CPS001,BAM004,26.5,23.6,25.8,5651,10.9,Creps -> Bargues Marais
66,PMS002,TGR002,24.0,23.6,24.1,2909,1.8,Bicentenaire -> Gressart
Z6,VDM002,FLE002,,23.6,,375,,Vélodrome -> Salengro
33,BUO001,ADP001,27.0,23.6,24.4,4453,12.6,Coubertin -> Avenue Des Sports
82,3BL001,FDH001,,23.6,26.0,1708,,3 Ballots -> Faidherbe
32,UEI003,RLA001,30.6,23.6,30.9,7275,22.9,Iut Recueil -> Rue De Lannoy
82,NEG002,BYR002,,23.6,25.1,2294,,Eglise -> Labyrinthe
61,WPT002,WDG002,,23.6,28.7,1712,,Petites Haies -> Gare
L6,CCO002,RDU002,27.9,23.6,24.5,13924,15.4,Vda C. Cial -> Residence Univer
35,CBO002,CUR001,26.8,23.6,27.1,6017,11.9,College Neruda -> Curie
L4,FCO001,PHA001,29.4,23.6,24.5,13179,19.7,P.A Mauroy -> Porte D'Halluin
30,WAS050,GAP002,25.8,23.6,24.7,5639,8.3,Centre -> Place Gambetta
78,BUO001,ADP001,,23.6,22.8,260,,Coubertin -> Avenue Des Sports
64,BTP001,RLG001,,23.6,25.1,1666,,Bon Temps -> Route De Fournes
C11,MNL002,PSF002,,23.6,23.5,1850,,Molinel -> Pole Sportif
CITA,BUI001,MSG001,,23.6,29.3,578,,Renan Buisson -> MSG001
73,NOI001,PMV001,,23.6,23.1,346,,Noisetiers -> Le Poumon Vert
84,PLI001,DRE001,26.5,23.6,25.4,4135,11.0,Les Peupliers -> La Dreve
73,BGA001,OGI001,,23.6,29.4,213,,Gare -> Ogimont
61,KOE002,MAV001,,23.7,23.9,1714,,Koenig -> Marais
908,RYP001,WAM023,,23.7,,233,,Rue D'Ypres -> Agrippin
78,BGA001,PUR001,,23.7,26.9,738,,Gare -> Pureur
86,VAC001,CAT001,24.3,23.7,25.0,3519,2.4,Chem Des Vaches -> Bousbecque Cat
CO2,RDF001,ALV001,,23.7,23.4,7237,,Rue Des Fusilles -> Calvaire
64,RLG002,BTP002,,23.7,24.9,1799,,Route De Fournes -> Bon Temps
33,LOR002,FOU002,28.4,23.7,27.0,7249,16.5,Lorthiois -> Les Fougères
78,AUL001,BUO001,,23.7,20.4,393,,Centre Commercial -> Coubertin
Z3,ZON001,4CA001,,23.7,,485,,Pierre Brizon -> 4 Cantons Stade
L92,APE003,WTE001,27.3,23.7,26.3,7720,13.1,Happe Qui Peut -> Terray
MWR,HPL002,HFE002,29.9,23.7,25.7,943,20.6,Place -> Ferme Lassus
88,SGR002,SSM002,,23.7,,824,,Gravier De Lille -> Eglise
L91,OMO001,RGA001,25.8,23.7,26.0,6111,8.2,La Vallee -> Ancienne Gare
66,VDM003,ADP002,,23.7,,239,,Vélodrome -> Avenue Des Sports
L90,AVN003,PLA004,26.4,23.7,25.8,6279,10.2,Lommelet -> Les Platanes
L91,FCO001,PHA001,28.5,23.7,24.5,6126,17.0,P.A Mauroy -> Porte D'Halluin
65,RDF001,ALV001,,23.7,26.2,1486,,Rue Des Fusilles -> Calvaire
Z4,RAV001,ARR001,,23.8,,742,,Calmette -> Carrel
236,HML002,LNO002,,23.8,22.2,232,,Rue Du Moulin -> Les Nonennes
55,WTE001,WBT001,24.0,23.8,24.2,4681,0.7,Terray -> Bleriot
33,PIN001,PLN001,,23.8,,405,,PIN001 -> La Plaine
N1,LZN099,PDB020,,23.8,22.9,454,,Square Flandres -> Pont De Bois
82,COI002,ZAF002,,23.8,26.1,3429,,Bon Coin -> Zone Artisanale
51,SMG001,NMI001,25.5,23.8,24.3,5582,6.7,Mont Garin -> Cimetiere Nord
89,DAR001,JAM001,29.5,23.8,27.9,4582,19.2,Le Damier -> Le Jambon
CO3,RAL002,RAL005,,23.8,25.1,3302,,Rabelais -> RAL005
CO3,LSM002,SJD004,,23.8,27.3,5162,,Samain -> Saint Jean De Dieu
35,ACQ001,GRI001,30.6,23.8,30.0,6148,22.2,Jacquard -> Grimomprez
73,VBO001,DOU001,,23.8,28.9,210,,Val Boise -> Doumer
62,RDF001,ALV001,,23.8,25.8,1008,,Rue Des Fusilles -> Calvaire
34,HPM002,MHM002,25.7,23.8,25.0,7516,7.4,Hempempont -> Mairie
35,CRA002,IXR002,25.0,23.8,24.5,3369,4.5,Charles Perrault -> Mirabeau
Z3,BEN001,CRG001,,23.8,,490,,Bois D'Enchemont -> Croix Bougard
61,DCA002,LED002,,23.8,24.3,1691,,Calmette -> Lotissement Edf
Z6,MAR001,FON001,,23.8,,941,,Voltaire -> La Fontaine
15,14J002,ROG002,23.1,23.8,24.1,763,-3.1,14 Juillet -> Gambetta
36,MFO002,FEG002,26.3,23.8,25.4,2366,9.4,Mairie -> Eglise
82,BMI002,CAT002,,23.9,26.4,2152,,Mairie -> Bousbecque Cat
82,MPL001,EGO004,,23.9,25.1,2511,,Malplaquet -> Eglise Du Colbras
51,NMI002,SMG002,25.9,23.9,24.9,5442,7.7,Cimetiere Nord -> Mont Garin
78,BGA002,SIN002,,23.9,25.5,862,,Gare -> Sin
82,FDH002,3BL002,,23.9,24.8,2262,,Faidherbe -> 3 Ballots
61,LNM001,SWP001,,23.9,25.0,1862,,Lotissement Nouveau Monde -> Republique
82,VIT001,ERO001,,23.9,24.7,3085,,Victoire -> Europe
84,POE001,BTT001,29.1,23.9,26.1,4246,18.0,Pied De Boeuf -> Broutteux
64,BTP002,FDG002,,23.9,27.3,1094,,Bon Temps -> Fin De La Guerre
30,LYC002,COE002,25.6,23.9,25.3,5727,6.6,Lycee Gambetta -> Sacre Coeur
66,TGR001,PMS001,26.7,23.9,24.7,2766,10.5,Gressart -> Bicentenaire
32,PDB006,CSN004,26.8,24.0,26.8,7080,10.3,Pont De Bois -> La Chesnaie
L4,TOS002,OMN002,26.2,24.0,24.7,13105,8.5,Tossee -> Omnibus
C10,EME002,DMR001,,24.0,27.3,3395,,Clemenceau -> Doumer
C10,GPE002,MEU002,,24.0,27.1,3394,,Peri -> Meunier
922,PRE001,GEN001,,24.0,,302,,Colpin -> Gendarmerie
N1,MHE001,MRB199,,24.0,23.8,449,,Mairie D'Hellemmes -> Marbrerie
81,VCA002,PPD002,,24.0,26.8,404,,Calvaire -> Pompidou
Z2,4CR001,PTQ001,,24.0,,1477,,Crt 4 -> Petit Quinquin
MWR,MRO002,MLE002,27.8,24.0,26.5,994,13.6,Rue De Rollegem -> Rue Leopold
917,KOE002,MAV001,,24.0,,276,,Koenig -> Marais
938,RIN002,GUS002,,24.0,,223,,Ringot -> Jules Guesde
60E,ZIL004,SLU004,,24.0,,960,,Parc D'Activités -> Jeanne D'Arc
84,DRE002,PLI002,26.2,24.0,25.0,4197,8.5,La Dreve -> Les Peupliers
CO3,MME005,SJD005,,24.0,26.4,5166,,Lommelet -> Saint Jean De Dieu
RME1,4CA001,CSC198,23.0,24.0,22.4,1006,-4.5,4 Cantons Stade -> Cité Scientifique
64,LEV001,LBH001,,24.0,25.4,1596,,Place L.Orval -> La Bassee Hdv
86,LJO002,VAN002,24.7,24.0,26.3,4421,3.2,Lotissement Joffre -> Vandamme
Z6,HOR002,CMB002,,24.1,,375,,Hopital Victor Provo -> Hospice Barbieux
CO2,SEE002,MUC001,,24.1,24.7,2337,,Sequedin Eglise -> Muchembus
MWR,HCI001,HGL001,25.0,24.1,24.3,1197,3.5,Citadelle -> Les Glycines
75,ZAF001,COI001,,24.1,28.3,1004,,Zone Artisanale -> Bon Coin
L3,APT002,VLG002,25.4,24.1,25.1,13943,5.1,Place Chaptal-Cimetière -> Avelghem
CO3,RAL005,GUB002,,24.1,25.6,3300,,RAL005 -> GUB002
C9,ENI001,ZIH003,,24.1,26.9,2380,,Avenir -> Zi Hellu - Epine
L91E,BFO001,PIG001,,24.1,,339,,Bellefontaine -> Noir Pignon
L90,SGR002,SSM002,26.3,24.1,24.9,6186,8.4,Gravier De Lille -> Eglise
82,VRO002,ABL002,,24.2,26.1,3131,,Chevron D'Or -> Bonaparte
84,CUE001,VAC001,25.6,24.2,25.2,4175,5.3,Curie -> Chem Des Vaches
CITT,SCA001,CNE002,26.6,24.2,25.9,8174,9.1,Descartes -> College Jules Verne
L4,HAC003,HGO002,28.0,24.2,26.9,12994,13.4,Lp Colbras -> Gounod
C11,IAL001,PSF001,,24.2,24.9,1844,,Wasquehal C.Cial -> Pole Sportif
89,CRB001,ABE001,31.1,24.2,30.2,4579,22.1,Inst Cx Blanche -> Jb Lebas
36,REC002,PSC002,27.8,24.2,26.8,5641,12.7,Rue Des Ecoles -> Pascal
62,EWM001,MAD002,,24.2,26.8,1002,,Mairie -> Ste M. Madeleine
61,RUH003,CCE001,,24.2,21.5,1695,,Rue D'Haubourdin -> Ctre Commercial
66,PLS002,PMS002,26.5,24.2,25.9,2912,8.8,Place -> Bicentenaire
L1,MME001,MFA001,26.4,24.2,26.1,15132,8.3,Lommelet -> Faure
902,DOV001,BMN001,,24.3,,250,,Dom De La Vigne -> Bas Chemin
CITT,PRF002,PMN002,26.6,24.3,22.6,16358,8.6,Prom De Flandre -> Petit Menin
68,ZON002,PPC002,28.4,24.3,27.1,3761,14.7,Pierre Brizon -> Centre Culturel
L3,VLG001,APT001,26.6,24.3,25.8,13949,8.8,Avelghem -> Place Chaptal-Cimetière
82,RYS003,MLN002,,24.3,25.2,2318,,Pépinière -> Moulin
64,ANG001,LLY001,,24.3,24.9,1606,,Ancienne Gare -> Rue Du Pilly
236,PRH001,IDH001,,24.3,24.8,237,,La Perche -> Faidherbe
Z4,ARR002,RAV002,,24.3,,842,,Carrel -> Calmette
78,LPI001,BPO002,,24.3,24.9,745,,Le Pincon -> Bon Poste
82,CAT001,BMI001,,24.3,25.7,2518,,Bousbecque Cat -> Mairie
84,VAC001,CAT001,28.2,24.3,26.1,4176,13.8,Chem Des Vaches -> Bousbecque Cat
61,ORE002,THB002,,24.3,24.2,1685,,Rue D'Oresmieux -> Theodore Brasme
Z3,ZON002,PPC002,,24.3,,494,,Pierre Brizon -> Centre Culturel
89,BCE001,PAY001,29.4,24.4,29.1,4548,16.8,Bondues Centre -> La Payelle
81,PRD004,LBA002,,24.4,29.2,404,,Picardie -> Le Bas
89,ABE002,CRB002,30.5,24.4,30.0,4496,19.8,Jb Lebas -> Inst Cx Blanche
72,NET002,OGI002,27.6,24.4,25.9,2387,11.5,Jean Monnet -> Ogimont
CO2,RDH001,ERP002,24.2,24.4,24.8,896,-1.1,Rue Du Hem -> Europe
61,RDW002,SBE002,,24.4,25.3,1694,,Rue De Wavrin -> Santes Eglise
CITL,RLE002,LBM002,27.5,24.4,26.8,4798,11.3,Renoir -> Boulevard De Metz
82,POC002,HHV002,,24.4,28.4,2708,,Pont Casier -> Hotel De Ville
CO2,LMI005,RDF001,,24.4,23.9,7221,,M.I.N. -> Rue Des Fusilles
942,BBO002,DRE002,,24.4,,234,,Les Bois -> La Dreve
CO3,EOL001,ZPI001,,24.4,34.3,5165,,Leon Blum -> Pilaterie
CO3,RVA001,RAL001,,24.4,25.7,829,,Renovation -> Rabelais
942,CAT002,VAC002,,24.4,,235,,Bousbecque Cat -> Chem Des Vaches
61,SWP002,LNM002,,24.5,25.7,1693,,Republique -> Lotissement Nouveau Monde
917,VEM002,MQL002,,24.5,,214,,Verdun -> Mairie
75,COI002,ZAF002,,24.5,26.0,1082,,Bon Coin -> Zone Artisanale
CO3,RAL001,DEL001,,24.5,26.2,4887,,Rabelais -> Delivrance
907,PLA002,PNM002,,24.5,,222,,Les Platanes -> Pn De Marquette
MWR,ATA002,AVG002,24.8,24.5,24.6,1196,1.5,Place Chaptal-Cimetière -> Avelghem
61,MMC001,GMA002,,24.5,24.7,1844,,Calvaire -> Gare Marquillies
933,FWV001,FWC001,,24.5,,329,,Victor Hugo -> Carnot
14,PRC002,CHU002,26.5,24.5,25.6,12180,7.7,Pre Catelan -> W. Churchill
CO3,CNL002,EUG002,,24.5,25.5,3367,,Clinique De La Mitterie -> Les Terres Ocres
CO2,JDL002,RDO001,28.5,24.5,25.8,8085,13.9,J. Luxembourg -> Rue Dr Calmette
86,MCM002,PTM002,28.3,24.5,26.2,4653,13.4,Cimetiere -> Pont De Marcq
CITH,KNI001,ZUI001,27.4,24.5,24.2,4593,10.6,Koninginnestraat -> Zuidstraadt
35,GRI001,CIS002,26.7,24.5,26.4,6142,8.4,Grimomprez -> Cimetiere
32,LFG001,CPT001,29.7,24.5,27.3,3920,17.8,Lafargue -> Pont De Croix
L91,RNG001,EGO003,26.8,24.5,26.3,6023,8.7,Sangnier -> Eglise Du Colbras
C11,WAS050,GAP002,,24.5,26.6,1850,,Centre -> Place Gambetta
Z2,PTB001,RJA007,,24.5,,723,,Petit Bois -> Jean Jaures
CITA,MSG002,BUI002,,24.5,29.4,577,,MSG002 -> Renan Buisson
68,RTN001,AP2002,24.3,24.5,25.3,3908,-0.9,Centre Retention -> Aeroport
66,TNB001,TAB001,28.0,24.5,25.4,3202,12.7,Tourne Bride -> Tabac
84,OMO001,RGA001,26.4,24.5,27.8,4235,7.4,La Vallee -> Ancienne Gare
L4,OMO001,RGA001,26.8,24.6,27.1,13244,8.2,La Vallee -> Ancienne Gare
L3,BPO001,MTD001,26.9,24.6,26.1,9562,8.6,Bon Poste -> Mont Saint Bernard
Z2,BEN001,CRG001,,24.6,,1468,,Bois D'Enchemont -> Croix Bougard
64,LMI005,RDF001,,24.6,25.7,1808,,M.I.N. -> Rue Des Fusilles
86,ERO002,VIT002,25.7,24.6,25.8,3902,4.3,Europe -> Victoire
CO1,OGO001,OUB001,,24.6,30.8,4073,,Oree Du Golf -> Coubertin
66,LPI001,BPO002,26.5,24.6,25.5,3285,7.0,Le Pincon -> Bon Poste
968,DER005,3FE002,,24.6,,203,,Lionderie -> Trois Fermes
917,LNM002,DAE001,,24.6,,416,,Lotissement Nouveau Monde -> Lardé
968,MUS002,RIO002,,24.6,,204,,Musee Du Terroir -> Brigode
82,RBR002,LUT002,,24.6,26.8,3429,,Rue Brune -> Rue Lutun
35,UQU002,WIN002,26.8,24.6,25.6,6142,8.1,Touquet -> Levant
N1,PHL001,ARJ002,,24.6,22.4,293,,Philippe Lebon -> Jeanne D'Arc
C11,PSM001,GCR001,,24.6,26.4,1826,,Palais Des Metiers -> Gare
13,PAT001,BDM001,24.4,24.6,23.9,848,-0.9,Parmentier -> Boulevard De Mons
50,PRC002,CHU002,27.0,24.6,25.7,8147,9.0,Pre Catelan -> W. Churchill
33,AUL001,BUO001,29.5,24.6,24.2,7538,16.4,Centre Commercial -> Coubertin
55,PAC004,PAC001,,24.7,,7298,,Parc D'Activites -> Rue D'Ennetieres
33,CRB003,ABE001,,24.7,,274,,Inst Cx Blanche -> Jb Lebas
N1,CSC099,4CA001,,24.7,23.2,453,,Cité Scientifique -> 4 Cantons Stade
50,YSE002,LSM002,27.0,24.7,26.3,7052,8.7,Yser -> Samain
36,3SI001,HLV001,,24.7,27.0,458,,Hem La Vallee 2 -> Hem La Vallee
CITA,GAA005,ISA002,,24.7,26.0,4763,,Gare Annexe -> Piscine
33,POD001,ERE001,,24.7,26.4,709,,Porte De France -> Repos
CITA,PMT002,AAB002,,24.7,26.3,4758,,Place Aux Toiles -> Aristide Briand
80,LBA001,PRD003,,24.7,26.5,2794,,Le Bas -> Picardie
78,TNB001,TAB001,,24.7,25.1,732,,Tourne Bride -> Tabac
78,EFF004,SIN001,,24.7,26.0,648,,EFF004 -> Sin
76,ARY003,MAF002,35.0,24.7,32.4,3220,29.4,La Carnoy -> Marechal Foch
CO3,DEL001,ATH001,,24.7,26.7,5051,,Delivrance -> A. Thoor
61,SBE001,RDW001,,24.8,24.8,1711,,Santes Eglise -> Rue De Wavrin
L99,RIN002,GUS002,26.0,24.8,25.6,7458,4.5,Ringot -> Jules Guesde
80,ERM001,VCN001,26.6,24.8,25.2,2495,6.8,Rue Du Moulin -> Vieux Chene
945,NSE001,DPH001,,24.8,,267,,Fresnoy -> Descartes Physicien
Z4,AMS002,RAV001,,24.8,,743,,Amsterdam -> Calmette
66,MFO002,FEG002,27.8,24.8,26.3,2039,10.9,Mairie -> Eglise
55,PAC001,MRL002,,24.8,,3653,,Rue D'Ennetieres -> Mulier
L91E,PHA002,FCO002,,24.8,,247,,Porte D'Halluin -> P.A Mauroy
929,FWV001,FWC001,,24.8,,259,,Victor Hugo -> Carnot
Z6,FON002,MAR002,,24.8,,962,,La Fontaine -> Voltaire
76,LPA002,LTE001,27.9,24.8,26.5,6157,11.4,La Paix -> Le Temple
33,FOU001,LOR001,30.4,24.8,29.1,6835,18.4,Les Fougères -> Lorthiois
72,BEB002,CCH002,27.2,24.8,27.5,2379,9.1,Beau Bouquet -> Chateau
82,BYR001,NEG001,,24.8,25.8,2580,,Labyrinthe -> Eglise
L2,APE003,WTE001,27.0,24.8,26.7,14977,8.2,Happe Qui Peut -> Terray
10,PRT001,LOE001,28.3,24.8,26.6,6368,12.3,Port Fluvial -> Lomme Hegel
CO2,ARP001,CSL002,27.3,24.8,26.2,8156,9.2,Gare -> Cite Saint Leger
84,FDH002,3BL002,27.1,24.8,26.7,4239,8.5,Faidherbe -> 3 Ballots
35,WCA001,GPO001,31.1,24.8,28.8,3371,20.2,Pole Emploi -> Grimonpont
61,SRH001,SWR001,,24.8,24.7,1675,,Rue Du 8 Mai 45 -> Renovation
902,V41001,V22001,,24.9,,250,,Voie 41 -> Voie 22
61,HMI001,HEG001,,24.9,25.4,1845,,Mirabeau -> Hantay Eglise
902,V22001,V21301,,24.9,,250,,Voie 22 -> Voie 213
MWR,WJB002,OAE001,27.6,24.9,25.6,1193,9.9,Duthoit -> Pont Du Sartel
81,VCE001,PPD001,,24.9,27.2,502,,Cheval Blanc -> Pompidou
Z2,HPO001,RCT001,,24.9,,1468,,Haie Plouvier -> Crt 3
CO3,LRP002,FCL002,,24.9,26.4,5162,,Rue De Lompret -> Foucault
33,IRA001,MXC001,30.4,24.9,29.6,6511,18.1,College Van Der Meersch -> Cimetiere
88,EUQ001,ZMO001,,24.9,28.3,2316,,Les Alouettes -> P.A. Du Moulin
33,RTO001,ENT001,,24.9,,452,,RTO001 -> ENT001
35,GRI002,ACQ002,31.5,24.9,30.1,5974,21.1,Grimomprez -> Jacquard
66,BGA001,PUR001,27.4,24.9,25.0,3113,9.0,Gare -> Pureur
CITL,PDP004,LBM001,27.1,24.9,26.1,8266,8.1,Porte Des Postes -> Boulevard De Metz
L99,JCT002,HRO002,26.1,24.9,25.8,6943,4.5,Jacques Cartier -> Herons
87,BTT001,MON001,27.4,25.0,27.3,4264,8.9,Broutteux -> La Montagne
35,AID005,KLI002,25.3,25.0,25.0,3371,1.2,Condition Publique -> Franklin
84,CAA001,LIR001,27.5,25.0,25.9,4169,8.8,Casanova -> Lierre
Z2,LMQ003,INH002,,25.0,,319,,Moulin De Lesquin -> INH002
902,DSA001,V41001,,25.0,,248,,Les Saules -> Voie 41
CO3,YSE002,LSM002,,25.0,27.2,4465,,Yser -> Samain
82,ERO002,VIT002,,25.0,25.8,2263,,Europe -> Victoire
CIT5,BUO001,ADP001,27.2,25.0,25.7,14077,8.2,Coubertin -> Avenue Des Sports
CIT5,AUL001,BUO001,27.0,25.0,24.6,13365,7.2,Centre Commercial -> Coubertin
35,BTO002,UQU002,30.7,25.0,25.6,6141,18.4,Berthelot -> Touquet
61,HMI002,GLL002,,25.0,24.9,1683,,Mirabeau -> Gallodrome
14,WHD001,AMT001,27.9,25.0,26.9,5652,10.4,Hotel De Ville -> Amiteuse
Z8,APC001,ZAS002,,25.0,,1235,,Arteparc -> Za Du Melantois
61,GLL001,HMI001,,25.0,25.7,1848,,Gallodrome -> Mirabeau
33,DPH002,NSE002,28.9,25.1,27.8,6920,13.0,Descartes Physicien -> Fresnoy
MWR,AEI001,WHO001,28.3,25.1,27.5,1197,11.3,Carriere Andre -> La Houzarde
62,ILC002,LGY002,,25.1,26.4,1009,,Centre -> Ligny-Le-Grand
86,VAN001,LJO001,26.6,25.1,26.4,4666,5.6,Vandamme -> Lotissement Joffre
Z6,RRL001,HOR002,,25.1,,375,,Louis Loucheur -> Hopital Victor Provo
65,HOE001,EAI001,,25.1,30.8,1490,,La Houssoie -> Av Industrielle
64,LLY002,ANG002,,25.1,25.2,1556,,Rue Du Pilly -> Ancienne Gare
Z6,ACQ001,GRI001,,25.1,,966,,Jacquard -> Grimomprez
CO3,SJD005,LSM001,,25.1,27.1,5166,,Saint Jean De Dieu -> Samain
61,LED001,DCA001,,25.2,25.7,1713,,Lotissement Edf -> Calmette
CITH,MAO001,EXU001,25.7,25.2,24.1,4584,1.9,Cense Manoir -> Saint Exupery
35,AUL006,FEH001,27.0,25.2,24.9,3458,6.7,AUL006 -> Ferme D'Halluin
942,VAC002,CUE002,,25.2,,234,,Chem Des Vaches -> Curie
73,GCC001,INE001,,25.2,25.6,354,,Clef Des Champs -> La Plaine
88,CHT001,BIH001,,25.2,,836,,Chariot D'Or -> Le Bihamel
66,BEB002,CCH002,27.8,25.2,27.0,2963,9.5,Beau Bouquet -> Chateau
36,VOI002,HEM002,31.6,25.2,30.4,3404,20.3,Voisinage -> Hem Eglise
55,AMT002,WHD002,30.6,25.2,27.0,4686,17.8,Amiteuse -> Hotel De Ville
911,MUS002,CUI002,,25.2,,240,,Musee Du Terroir -> Rue De Lannoy
80,PRD004,LBA002,,25.2,27.9,2635,,Picardie -> Le Bas
L92,NSM002,BAM002,31.3,25.3,29.6,7243,19.2,Moulin -> Bargues Marais
CO2,ERP001,RDH002,25.5,25.3,25.7,898,0.7,Europe -> Rue Du Hem
L92,RDP002,ZIR002,31.6,25.3,29.4,7182,20.0,Rte Pt A Marcq -> Zi Rouge Bouton
76,FCL001,LRP001,27.3,25.3,25.9,3366,7.2,Foucault -> Rue De Lompret
35,AUL006,RBU002,28.3,25.3,25.7,3360,10.6,AUL006 -> Buisson
62,CSC004,AUV001,,25.3,31.5,997,,Clg Schweitzer -> Les Auvilliers
76,LRP002,FCL002,29.5,25.3,27.0,3220,14.2,Rue De Lompret -> Foucault
35,WIN001,UQU001,28.8,25.3,26.6,5960,12.3,Levant -> Touquet
68,ZON001,4CA001,29.0,25.3,28.1,3906,12.8,Pierre Brizon -> 4 Cantons Stade
Z3,HPO002,CRG002,,25.3,,602,,Haie Plouvier -> Croix Bougard
13,GEN002,PRE002,33.0,25.4,30.5,11078,23.0,Gendarmerie -> Colpin
CITT,CNE002,ODO001,27.6,25.4,26.6,8175,8.0,College Jules Verne -> Berquier
72,OGI002,BGA004,26.6,25.4,26.0,2387,4.4,Ogimont -> Gare
N1,VVA001,HDV043,,25.4,22.2,426,,Valmy -> Hotel De Ville
61,LMI005,RDF001,,25.4,25.3,1697,,M.I.N. -> Rue Des Fusilles
17,JOF002,TIL001,26.1,25.4,26.6,10078,2.8,Marechal Joffre -> Tilleul
81,LBA002,VOT002,,25.4,31.2,404,,Le Bas -> La Prevote
CO2,SEE002,RPO002,,25.4,26.9,2337,,Sequedin Eglise -> Rue Du Pont
C8,TWA008,LUR001,,25.4,28.7,841,,Lucie Aubrac -> Denis Papin
87,POE001,BTT001,29.1,25.4,27.4,4263,12.6,Pied De Boeuf -> Broutteux
36,HTR002,PHE002,28.1,25.4,26.7,5626,9.9,Elsa Triolet -> Poste
CO3,LSM001,YSE001,,25.4,28.0,5168,,Samain -> Yser
36,TTE001,PSC001,27.6,25.4,26.3,5813,8.0,Watteeuw -> Pascal
Z4,APK001,SFR002,,25.5,,534,,APK001 -> Saint Francois
76,ARP001,CSL002,30.4,25.5,27.3,6317,16.1,Gare -> Cite Saint Leger
80,VOT001,LBA001,,25.5,27.6,2794,,La Prevote -> Le Bas
L90,LES002,VIN002,28.4,25.5,27.2,6224,10.1,Clos Du Rivage -> Vingtieme Siecle
73,TGR001,PMS001,,25.5,24.3,217,,Gressart -> Bicentenaire
82,EGO003,MPL002,,25.5,26.9,2130,,Eglise Du Colbras -> Malplaquet
34,CUI002,HPM002,29.4,25.5,28.5,7512,13.5,Rue De Lannoy -> Hempempont
CITT,CNE001,SCA002,27.9,25.5,27.2,8057,8.5,College Jules Verne -> Descartes
L90,PCS002,ARL002,27.6,25.5,26.4,6296,7.7,Desire Ducarin -> Charles Legrand
L8,SQD005,VGL001,27.1,25.5,26.3,12319,5.7,Square Des Platanes -> Braille
L91,EGO003,HGO001,27.1,25.5,25.8,6017,5.9,Eglise Du Colbras -> Gounod
86,LAQ001,BCE002,30.7,25.5,27.5,4416,16.8,La Quenouille -> Bondues Centre
80,LBA002,VOT002,,25.5,28.5,2807,,Le Bas -> La Prevote
73,BPT001,GBA001,,25.6,29.0,213,,Les Poetes -> Grand Baisieux
C9,SHW002,PEO002,29.1,25.6,27.0,10069,12.2,Schweitzer -> Mairie De Mons
33,CED002,BIF002,28.1,25.6,26.5,7520,8.9,Chateau D'Eau -> Leers Bifur
65,LMI005,RDF001,,25.6,26.4,1488,,M.I.N. -> Rue Des Fusilles
55,LCN001,WFL001,27.4,25.6,26.4,4664,6.5,Laennec -> Fleming
932,ORE002,THB002,,25.6,,255,,Rue D'Oresmieux -> Theodore Brasme
968,BPO001,MTD001,,25.6,,203,,Bon Poste -> Mont Saint Bernard
58,HCM001,HCO001,28.5,25.7,27.3,5009,9.7,Cimetiere -> La Colle
C10,DCQ001,CVB001,,25.7,28.4,6764,,Ducroquet -> Cheval Blanc
Z2,PTQ001,MDS001,,25.7,,981,,Petit Quinquin -> Mont De Sainghin
L7,OCC002,MDF002,27.1,25.7,23.6,14669,5.1,Ctre Commercial -> Moulin De Faches
Z1,ROI003,TBO099,,25.7,,942,,Roitelet -> Bourgogne
86,GCH002,BCI002,27.4,25.7,26.8,3906,6.2,Gros Chene -> Cimetiere
L4,KAE003,LIO001,27.6,25.7,27.2,13378,6.8,Dronckaert -> Parc Des Lions
72,BPT002,NET002,28.7,25.7,28.1,2388,10.6,Les Poetes -> Jean Monnet
Z4,ZPE002,FLK002,,25.7,,843,,ZPE002 -> FLK002
945,LDV001,LBW001,,25.8,,399,,De Vinci -> Bauwens
75,LBA001,PRD003,,25.8,29.7,1005,,Le Bas -> Picardie
35,BLD001,CAH001,29.1,25.8,28.7,3366,11.5,Bois Le Duc -> Carihem
CO2,RAL001,DEL001,25.6,25.8,26.7,878,-0.8,Rabelais -> Delivrance
CO3,TRO002,ATH002,,25.8,27.7,5157,,Trocmet -> A. Thoor
73,MAS001,MOA001,,25.8,28.4,371,,Massena -> Montalembert
88,BIH002,CHT002,,25.8,,588,,Le Bihamel -> Chariot D'Or
CO1,PHG004,CHB002,,25.8,28.3,5054,,Philippe De Girard -> A. Dumas
CO3,GUB002,ALB004,,25.8,27.4,2763,,GUB002 -> ALB004
33,HUG012,ERE002,,25.8,28.4,687,,Victor Hugo -> Repos
75,LBA002,VOT002,,25.8,28.6,1076,,Le Bas -> La Prevote
L91E,BFO002,PHA002,,25.8,,349,,Bellefontaine -> Porte D'Halluin
RME1,CHR001,PDP055,24.3,25.9,21.7,842,-6.6,Chu-Centre O. Lambret -> Porte Des Postes
86,FFO002,AER002,23.1,25.9,24.3,4668,-12.0,Fort De Bondues -> Aerodrome
82,EGO004,RNG002,,25.9,27.4,2560,,Eglise Du Colbras -> Sangnier
73,BCA001,BFR001,,25.9,30.8,217,,Calmette -> Frontiere
33,ENT001,DPH001,,25.9,,473,,ENT001 -> Descartes Physicien
33,ERE002,POD002,,25.9,27.9,688,,Repos -> Porte De France
55,MRL001,PAC003,,25.9,,334,,Mulier -> Rue D'Ennetieres
55,PAC003,PAC004,,25.9,,7287,,Rue D'Ennetieres -> Parc D'Activites
62,DHT001,RAD001,,25.9,26.3,958,,Rue Duthoit -> Radinghem Place
917,DAE002,LNM001,,25.9,,553,,Lardé -> Lotissement Nouveau Monde
62,LMI005,RDF001,,25.9,27.2,1007,,M.I.N. -> Rue Des Fusilles
978,SPP004,OLY002,,25.9,,348,,Petit Perle -> Les Olympiades
61,AST002,HBA002,,25.9,26.9,1707,,Maison D'Arret -> La Bascule
236,IDH002,PRH002,,25.9,26.5,246,,Faidherbe -> La Perche
61,SCI001,SRE001,,25.9,27.9,1844,,Coisne -> Republique
15,RRE002,LTI002,29.1,25.9,27.9,11469,10.8,Republique -> Cimetiere
66,PNT001,PTP001,30.4,25.9,26.8,2778,15.0,Boiseraie -> Petit Paris
917,LED001,DCA001,,26.0,,287,,Lotissement Edf -> Calmette
L92,CTD004,CDM002,41.9,26.0,39.8,7240,37.8,Cote D'Or -> Lhermitte
CIT5,VDM003,ADP002,31.1,26.0,28.5,12397,16.4,Vélodrome -> Avenue Des Sports
L91,JAM002,DAR002,28.4,26.0,27.4,6148,8.6,Le Jambon -> Le Damier
82,CUE001,VAC001,,26.0,26.5,2518,,Curie -> Chem Des Vaches
33,DPH002,ENT002,,26.0,,609,,Descartes Physicien -> ENT002
L91E,PHA001,BFO001,,26.0,,365,,Porte D'Halluin -> Bellefontaine
CITT,ODO002,CNE001,29.6,26.0,27.8,8040,12.2,Berquier -> College Jules Verne
Z8,ZON001,4CA001,,26.0,29.6,1952,,Pierre Brizon -> 4 Cantons Stade
L91,BFO001,PIG001,27.7,26.0,27.2,5707,6.0,Bellefontaine -> Noir Pignon
86,FDH002,3BL002,26.3,26.0,27.2,3897,1.1,Faidherbe -> 3 Ballots
236,DHT001,RAD001,,26.1,27.9,246,,Rue Duthoit -> Radinghem Place
L91,CRB002,JAM002,28.6,26.1,28.0,6148,8.7,Inst Cx Blanche -> Le Jambon
CIT5,VDM002,FLE002,24.9,26.1,,358,-4.6,Vélodrome -> Salengro
81,NEL001,VOT001,,26.1,31.5,501,,Le Fresnel -> La Prevote
L92,SPV001,APO001,29.4,26.1,28.8,7672,11.2,Prevert -> Apolda
236,LTQ002,BGR002,,26.1,25.4,237,,Le Touquet -> Bois Grenier Cimetiere
61,VEM001,MMC001,,26.1,26.3,1848,,Verdun -> Calvaire
73,GCA002,ANB002,,26.1,27.0,227,,Gruson Calvaire -> Branly
14,AMI001,PAP001,29.6,26.1,29.2,12079,11.8,Amidonnerie -> Papeterie
CITA,CJR003,PCI001,,26.1,29.4,4612,,College Jean Rostand -> PCI001
58,JEF001,FEN001,28.4,26.2,28.6,5067,7.6,Fac De Medecine -> Ferme D'Ennequin
15,LTI001,RRE001,28.8,26.2,27.9,11290,8.8,Cimetiere -> Republique
236,LEV002,LBS002,,26.2,29.4,229,,Place L.Orval -> Saint Roch
84,VAC002,CUE002,27.8,26.2,27.2,4241,5.7,Chem Des Vaches -> Curie
82,ZAF001,COI001,,26.2,27.0,2846,,Zone Artisanale -> Bon Coin
CO3,FCL001,LRP001,,26.2,27.6,5166,,Foucault -> Rue De Lompret
CO2,ATH002,DEL002,26.5,26.3,25.4,872,0.8,A. Thoor -> Delivrance
L92,BAM001,NSM001,31.0,26.3,29.6,7436,15.2,Bargues Marais -> Moulin
67,VEZ002,OCC002,29.2,26.3,27.2,2966,10.2,Z I Vendeville -> Ctre Commercial
MWR,HFE001,HPL001,29.0,26.4,27.0,1172,9.1,Ferme Lassus -> Place
902,PBD001,DOV001,,26.4,,250,,Petit Bondues -> Dom De La Vigne
35,LBW002,LDV002,28.8,26.4,30.8,3120,8.1,Bauwens -> De Vinci
L92,CDM001,CTD003,43.4,26.4,41.0,7429,39.2,Lhermitte -> Cote D'Or
236,LNO001,HML001,,26.4,26.1,244,,Les Nonennes -> Rue Du Moulin
75,PRD004,LBA002,,26.4,28.3,1075,,Picardie -> Le Bas
76,MAF001,ARY004,34.7,26.4,31.6,3367,24.1,Marechal Foch -> La Carnoy
CO2,TRO002,ATH002,31.0,26.4,31.6,872,14.8,Trocmet -> A. Thoor
CO3,ATH001,TRO001,,26.4,28.3,5134,,A. Thoor -> Trocmet
L4,BFO001,PIG001,29.1,26.4,27.9,12247,9.2,Bellefontaine -> Noir Pignon
L92,EUL005,APE003,37.4,26.4,35.5,7717,29.5,Eurasante -> Happe Qui Peut
80,EBO002,VCN002,29.5,26.4,28.0,2717,10.8,Le Bourg -> Vieux Chene
14,LCN001,WFL001,28.7,26.4,27.8,6461,7.9,Laennec -> Fleming
923,MME001,MFA001,,26.5,,200,,Lommelet -> Faure
80,PPG003,TAG002,,26.5,26.8,2793,,Ph. De Girard -> La Montagne
L92,LVR001,CAF001,35.3,26.5,34.1,7665,24.9,Lorival -> Cafeteria
58,HLF001,HCM001,28.4,26.5,28.2,5010,6.9,Le Fort -> Cimetiere
Z6,ACQ002,WHT002,,26.5,,983,,Jacquard -> Winhoute
L2,EUL005,APE003,35.1,26.5,34.7,14980,24.4,Eurasante -> Happe Qui Peut
L2,WTE002,APE004,27.7,26.5,28.5,14901,4.3,Terray -> Happe Qui Peut
86,VAC002,CUE002,27.1,26.5,26.6,3898,2.2,Chem Des Vaches -> Curie
55,WHD001,AMT001,31.4,26.5,27.9,4674,15.5,Hotel De Ville -> Amiteuse
72,DOU002,VBO002,31.1,26.5,29.2,2678,14.9,Doumer -> Val Boise
CO2,ATH001,TRO001,27.5,26.6,29.5,878,3.6,A. Thoor -> Trocmet
967,DAU001,PLN001,,26.6,,222,,College Daudet -> La Plaine
82,RNG002,JAU002,,26.6,28.0,2558,,Sangnier -> Jean Jaures
75,WMA001,RDD001,,26.6,28.2,826,,Mairie -> Rte Deulemont
L5,FAY002,HLO002,30.7,26.6,28.1,9546,13.2,La Fayette -> Hautes Loges
75,VOT001,LBA001,,26.6,30.9,1005,,La Prevote -> Le Bas
80,NEL001,VOT001,,26.6,29.1,2795,,Le Fresnel -> La Prevote
82,JAU001,RNG001,,26.7,27.9,2293,,Jean Jaures -> Sangnier
81,PPD001,VCA001,,26.7,29.4,503,,Pompidou -> Calvaire
73,SIN001,BGA001,,26.7,29.8,213,,Sin -> Gare
75,ARP001,CSL002,,26.7,30.8,1002,,Gare -> Cite Saint Leger
945,ARI001,CIC001,,26.7,,225,,Carin -> Cimetiere Centre
33,ENT002,RTO002,,26.7,,604,,ENT002 -> RTO002
34,MUS002,RIO002,28.2,26.8,27.8,7504,4.9,Musee Du Terroir -> Brigode
L4,LIO001,UAN001,30.5,26.8,29.6,13250,12.1,Parc Des Lions -> Chats Huants
35,BLD002,ILO003,30.4,26.8,27.7,3457,11.8,Bois Le Duc -> Moliere
61,GLL002,GMA001,,26.8,26.8,1682,,Gallodrome -> Gare Marquillies
36,HEM001,HPI001,28.4,26.8,28.0,5817,5.8,Hem Eglise -> 4 Vents
L90,ARL001,PCS001,27.3,26.8,28.0,6140,2.1,Charles Legrand -> Desire Ducarin
62,BCR001,BDR001,,26.8,26.9,963,,Bouchery -> Botte D'Or
CO3,RDS002,LGO002,,26.8,27.4,4313,,Saut Du Loup -> Alliance Nord-Ouest
58,AST002,HBA002,,26.8,26.7,278,,Maison D'Arret -> La Bascule
CO2,RAL002,RVA002,26.8,26.8,25.9,873,-0.1,Rabelais -> Renovation
10,GEE001,BZH001,32.1,26.8,31.1,6312,16.5,Château Bigo Danel -> Bazinghien
33,VEL001,FOU001,32.2,26.8,31.1,6838,16.7,Le Velo -> Les Fougères
66,BEB001,CMA001,27.9,26.9,27.8,3113,3.6,Beau Bouquet -> Marequaix
33,NSE001,DPH001,31.0,26.9,29.4,7013,13.3,Fresnoy -> Descartes Physicien
36,HPI001,HLV001,28.9,26.9,28.9,1777,6.8,4 Vents -> Hem La Vallee
33,FOU002,VEL002,31.4,26.9,30.8,7021,14.1,Les Fougères -> Le Velo
CO3,ALB005,GUB001,,26.9,28.0,3352,,ALB005 -> GUB001
911,HPM001,CUI001,,26.9,,202,,Hempempont -> Rue De Lannoy
80,VEF002,PEN006,,26.9,29.6,2807,,Vert Feuillage -> Centre
67,VEZ001,VEN003,35.7,27.0,33.8,3102,24.5,Z I Vendeville -> Eglise
66,TAB002,TNB002,29.2,27.0,27.1,2927,7.4,Tabac -> Tourne Bride
908,AVN003,PEP001,,27.0,,231,,Lommelet -> Petit Paradis
CITH,BVI002,VIE004,29.3,27.0,26.6,2056,7.7,Basse Ville -> Mont Fleuri
73,ANB001,GCA001,,27.0,30.7,350,,Branly -> Gruson Calvaire
82,BNO001,VRO001,,27.0,29.0,2625,,Bonaparte -> Chevron D'Or
82,VAC001,CAT001,,27.0,27.6,2516,,Chem Des Vaches -> Bousbecque Cat
CO3,ZPI002,EOL002,,27.0,35.8,5150,,Pilaterie -> Leon Blum
L91,JAU001,RNG001,28.4,27.1,28.5,6021,4.8,Jean Jaures -> Sangnier
CIT5,FLE001,VDM005,25.5,27.1,,378,-6.3,Salengro -> Vélodrome
35,HUG002,LBW002,28.5,27.1,29.0,2603,5.2,Victor Hugo -> Bauwens
75,VRO002,ABL002,,27.1,29.1,1049,,Chevron D'Or -> Bonaparte
80,VOT002,NEL002,,27.1,31.5,2807,,La Prevote -> Le Fresnel
35,AEI001,WHO001,31.1,27.1,29.3,6018,12.8,Carriere Andre -> La Houzarde
35,KLI002,ILO004,27.7,27.1,28.1,3374,2.3,Franklin -> Moliere
81,VOT001,LBA001,,27.1,31.1,502,,La Prevote -> Le Bas
50,FAY002,HLO002,32.3,27.2,29.5,8274,15.8,La Fayette -> Hautes Loges
81,VOT002,NEL002,,27.2,33.7,404,,La Prevote -> Le Fresnel
L91,BFO002,PHA002,29.4,27.2,27.3,5825,7.4,Bellefontaine -> Porte D'Halluin
L4,LIO002,KAE004,28.8,27.2,28.3,13449,5.5,Parc Des Lions -> Dronckaert
65,EAI002,HOE002,,27.2,31.1,1495,,Av Industrielle -> La Houssoie
L91,FCO002,FAU002,28.7,27.2,28.5,6163,5.2,P.A Mauroy -> Faubourg De Roncq
17,TIL002,JOF001,29.6,27.2,28.4,10165,7.9,Tilleul -> Marechal Joffre
61,SBE002,ZAC002,,27.2,28.0,1694,,Santes Eglise -> Zac Du Moulin
32,NTB001,UEI003,32.0,27.2,32.1,7275,15.3,Note Bleue -> Iut Recueil
72,BGA003,OGI001,28.3,27.2,27.8,2669,4.0,Gare -> Ogimont
32,RLA002,UEI002,29.9,27.2,32.7,7246,9.1,Rue De Lannoy -> Iut Recueil
CO2,DEL001,ATH001,27.8,27.3,27.9,878,1.7,Delivrance -> A. Thoor
CIT5,RFR001,MNI002,27.6,27.3,27.5,12207,1.2,Roubaix Man Fraternité -> Paul Gelle
L4,PHA001,BFO001,32.6,27.4,29.5,13171,15.8,Porte D'Halluin -> Bellefontaine
78,CIB002,EFF004,,27.4,33.4,647,,CIB002 -> EFF004
86,FDH001,CRI001,28.5,27.4,28.2,3527,3.9,Faidherbe -> Le Christ
84,LIR002,CAA002,29.3,27.4,28.2,4242,6.7,Lierre -> Casanova
C10,CVB002,DCQ002,,27.4,31.8,6843,,Cheval Blanc -> Ducroquet
72,GBA001,BCA001,29.1,27.4,28.6,2674,6.0,Grand Baisieux -> Calmette
62,HRU001,RAD002,,27.4,31.2,312,,Haute Rue -> Radinghem Place
CO3,LPH001,RDH001,,27.4,29.9,5144,,La Phalecque -> Rue Du Hem
62,TFE001,EWL001,,27.4,25.4,1002,,Trois Fetus -> La Vallee
73,DOU001,AQC001,,27.4,32.8,374,,Doumer -> Ascq 4 Chemins
L2,APE004,EUL006,33.1,27.4,35.5,14837,17.2,Happe Qui Peut -> Eurasante
902,V21302,V22002,,27.4,,203,,Voie 213 -> Voie 22
CO3,EUG001,CNL001,,27.5,29.1,3354,,Les Terres Ocres -> Clinique De La Mitterie
L8,BOU001,JUI001,32.3,27.5,30.9,12298,15.0,O. De Bousbecque -> Juin
L99,LAP001,NIZ001,33.3,27.5,32.3,7459,17.4,La Perdriere -> Enizant
L90,VIN001,LES001,28.7,27.5,28.4,6300,4.2,Vingtieme Siecle -> Clos Du Rivage
C8,TWA001,TBR001,,27.6,29.7,2348,,Watt -> Brossolette
35,ILO004,BLD001,29.8,27.6,28.4,3370,7.2,Moliere -> Bois Le Duc
35,GPO002,WCA002,31.2,27.6,30.0,3103,11.5,Grimonpont -> Pole Emploi
902,V41002,ASA002,,27.6,,201,,Voie 41 -> Les Genêts
82,HOT001,MPL001,,27.6,30.3,2512,,L'Octroi -> Malplaquet
236,AEE002,CQE002,,27.6,28.4,237,,L'Armee -> La Choque
33,IRA002,LON002,32.9,27.6,30.8,6586,16.0,College Van Der Meersch -> Rue De Londres
82,BVI002,VIE004,,27.6,30.1,2295,,Basse Ville -> Mont Fleuri
72,BEB001,CMA001,29.3,27.6,29.3,2660,5.7,Beau Bouquet -> Marequaix
84,CRI001,VIT001,30.9,27.6,29.0,4175,10.5,Le Christ -> Victoire
14,ZMO005,EUQ002,31.2,27.6,29.2,12152,11.7,Les Voiles -> Les Alouettes
84,BBO002,DRE002,31.5,27.7,29.5,4198,12.1,Les Bois -> La Dreve
78,TAB002,TNB002,,27.7,29.2,844,,Tabac -> Tourne Bride
35,ARI001,CIC001,31.9,27.7,29.0,3363,13.0,Carin -> Cimetiere Centre
C10,MEU002,CBG002,,27.7,31.7,3397,,Meunier -> Cimetiere Bourg
L1,FVE001,RUB002,29.7,27.7,28.8,15090,6.8,Verdun -> Rubens
89,JAM002,DAR002,31.7,27.7,30.4,4495,12.6,Le Jambon -> Le Damier
L2,HSA001,SFI001,30.1,27.7,31.1,14951,7.9,Hopital Salengro -> Hopital Fontan
32,UEI002,NTB002,32.0,27.8,32.1,7248,13.0,Iut Recueil -> Note Bleue
64,ANG002,WIC002,,27.8,28.1,1556,,Ancienne Gare -> 4 Chemins
Z6,RFR001,MNI002,,27.8,,374,,Roubaix Man Fraternité -> Paul Gelle
CITT,RYS002,YOU002,30.8,27.8,29.6,8102,9.6,Pépinière -> Parc De L'Yser
MWR,LIU002,LUI002,32.4,27.8,28.8,1197,14.3,Eglise St Amand -> Au Chevalier
236,RAD002,DHT002,,27.8,29.4,236,,Radinghem Place -> Rue Duthoit
61,THB001,ORE001,,27.8,27.9,1844,,Theodore Brasme -> Rue D'Oresmieux
L4,UAN002,LIO002,30.4,27.8,29.2,13412,8.6,Chats Huants -> Parc Des Lions
61,SRE002,SCI002,,27.9,28.2,1684,,Republique -> Coisne
L99,NIZ002,LAP002,32.1,27.9,31.3,7556,12.9,Enizant -> La Perdriere
C9,LPZ001,ENI001,,27.9,29.1,2378,,P.S. De Lezennes -> Avenir
L6,STU001,VCH001,29.4,27.9,28.6,14607,5.1,Stadium -> Chateau
72,GBA002,BPT002,28.7,27.9,28.5,2390,3.0,Grand Baisieux -> Les Poetes
CO2,RVA001,RAL001,28.7,27.9,27.9,878,2.8,Renovation -> Rabelais
86,CRI001,VIT001,29.7,27.9,29.0,3526,5.9,Le Christ -> Victoire
64,WIC002,FWL002,,27.9,32.3,1558,,4 Chemins -> Lion Noir
L91,PHA001,BFO001,31.3,28.0,29.5,6126,10.6,Porte D'Halluin -> Bellefontaine
L92,CDM002,NSM002,37.8,28.0,35.9,7242,25.9,Lhermitte -> Moulin
236,BGR002,BGP002,,28.0,29.1,237,,Bois Grenier Cimetiere -> Gris Pot
65,BGP001,BGR003,,28.0,32.2,1492,,Gris Pot -> Mairie
66,CCH001,BEB001,30.0,28.0,28.9,3114,6.5,Chateau -> Beau Bouquet
65,AEE002,CQE002,,28.0,29.7,1494,,L'Armee -> La Choque
84,FDH001,CRI001,29.8,28.0,29.2,4178,6.0,Faidherbe -> Le Christ
10,ROY001,MAG001,29.6,28.1,29.0,12602,5.2,Pont Royal -> Magasin
907,AVN003,PEP001,,28.1,,217,,Lommelet -> Petit Paradis
55,EUL005,APE003,37.8,28.1,34.3,4702,25.7,Eurasante -> Happe Qui Peut
65,EWM001,MAD002,,28.1,31.8,1488,,Mairie -> Ste M. Madeleine
L6,VCH002,STU002,30.6,28.1,28.9,14633,8.3,Chateau -> Stadium
58,ZAC001,SEG001,30.8,28.1,30.2,5013,9.0,Zac Du Moulin -> Santes Eglise
58,FEN002,JEF002,30.7,28.1,30.9,883,8.6,Ferme D'Ennequin -> Fac De Medecine
65,BGR004,BGP002,,28.1,31.9,1495,,Mairie -> Gris Pot
73,PNT004,PTP001,,28.1,34.0,209,,P.N. De Tressin -> Petit Paris
33,PIN002,ZIL004,,28.2,,604,,PIN002 -> Parc D'Activités
61,MMC002,VEM002,,28.2,28.0,1682,,Calvaire -> Verdun
L91E,FAU001,FCO001,,28.2,,365,,Faubourg De Roncq -> P.A Mauroy
72,CMA002,BEB002,29.8,28.2,29.2,2390,5.5,Marequaix -> Beau Bouquet
33,ZIL001,NSE001,31.3,28.3,30.1,6080,9.6,Parc D'Activités -> Fresnoy
33,CED001,ZIL001,34.3,28.3,32.9,6491,17.4,Chateau D'Eau -> Parc D'Activités
66,PTP002,PNT002,29.6,28.3,29.1,2896,4.5,Petit Paris -> Boiseraie
80,BOS001,FMA001,31.2,28.3,29.5,2084,9.4,Le Bosquiel -> Fort Mahieu
82,VAC002,CUE002,,28.3,28.2,2148,,Chem Des Vaches -> Curie
68,LQM002,RTN001,34.1,28.3,33.3,3910,17.0,La Motte -> Centre Retention
58,HCM002,HLF002,29.9,28.3,29.3,5170,5.5,Cimetiere -> Le Fort
64,WIC001,ANG001,,28.3,28.5,1608,,4 Chemins -> Ancienne Gare
L92,WTE002,APE004,30.2,28.3,30.4,7220,6.5,Terray -> Happe Qui Peut
75,VRO001,GAI001,,28.3,30.6,985,,Chevron D'Or -> Gaie Perche
L91,OMO002,DEV002,29.1,28.3,29.0,6152,2.7,La Vallee -> Corteville
L91,DEV001,OMO001,31.2,28.3,30.5,6123,9.2,Corteville -> La Vallee
L92,ZIR001,RDP005,36.2,28.4,33.3,7674,21.6,Zi Rouge Bouton -> Rte Pt A Marcq
75,BNO001,VRO001,,28.4,31.3,984,,Bonaparte -> Chevron D'Or
61,SCI002,SMC002,,28.4,28.6,1682,,Coisne -> Saint Michel Sur  Loire
L4,BFO002,PHA002,32.8,28.4,30.0,12524,13.5,Bellefontaine -> Porte D'Halluin
917,LED002,MAV002,,28.4,,241,,Lotissement Edf -> Marais
Z4,CAM002,PHY099,,28.4,,843,,Ma Campagne -> Pont Hydraulique
933,WIC001,ANG001,,28.5,,326,,4 Chemins -> Ancienne Gare
88,SGR001,GRP002,,28.5,,583,,Gravier De Lille -> Grand Perne
33,MXC001,ABE002,,28.5,,361,,Cimetiere -> Jb Lebas
36,PHE001,HTR001,32.0,28.5,30.0,5825,10.8,Poste -> Elsa Triolet
61,ZAC001,SBE001,,28.5,29.8,1711,,Zac Du Moulin -> Santes Eglise
61,WAE002,WPT001,,28.5,29.3,1653,,Eglise -> Petites Haies
61,GMA002,GLL001,,28.5,29.6,1844,,Gare Marquillies -> Gallodrome
61,SML002,HEG002,,28.5,28.5,1684,,Millenaires -> Hantay Eglise
72,NET001,BPT001,32.0,28.6,30.2,2670,10.7,Jean Monnet -> Les Poetes
61,SWR002,SRH002,,28.6,30.2,1862,,Renovation -> Rue Du 8 Mai 45
61,LNM002,DAE001,,28.6,29.4,1693,,Lotissement Nouveau Monde -> Lardé
L91E,LIO003,LTR001,,28.6,,365,,Parc Des Lions -> Latte
65,CQE001,AEE001,,28.7,31.6,1492,,La Choque -> L'Armee
L8,JUI002,BOU002,34.0,28.7,32.4,12300,15.5,Juin -> O. De Bousbecque
75,BEL001,PTG001,,28.7,31.0,993,,Bel Arbre -> Pont Rouge
62,FRO002,FRB002,,28.7,30.1,1009,,Mairie -> Calvaire
73,INE001,NOI001,,28.7,29.1,351,,La Plaine -> Noisetiers
66,PNT004,PTP001,28.4,28.7,30.6,2964,-1.2,P.N. De Tressin -> Petit Paris
66,CMA002,BEB002,29.6,28.7,29.1,2961,3.0,Marequaix -> Beau Bouquet
CO1,OUB002,OGO003,,28.7,33.7,5054,,Coubertin -> Oree Du Golf
61,RUH004,AST002,,28.7,29.8,1714,,Rue D'Haubourdin -> Maison D'Arret
82,VRO001,GAI001,,28.7,30.0,2622,,Chevron D'Or -> Gaie Perche
65,EWL001,EWM001,,28.7,32.3,1488,,La Vallee -> Mairie
L90,MMI002,WAM091,30.9,28.7,29.5,6233,7.1,Maisons Militaires -> Agrippin
L4,AUL001,BUO001,31.1,28.7,28.5,10446,7.6,Centre Commercial -> Coubertin
32,VCH002,STU002,32.2,28.8,31.6,7281,10.5,Chateau -> Stadium
86,LIC006,STE002,29.7,28.8,29.5,2914,2.9,Cimetiere -> Stemberg
36,HLV002,3SI001,,28.8,30.3,542,,Hem La Vallee -> Hem La Vallee 2
Z2,CRG001,HPO001,,28.8,,1469,,Croix Bougard -> Haie Plouvier
76,LGA001,GAR001,31.8,28.8,35.7,3218,9.5,Lompret Gare -> Les Garennes
72,CCH001,BEB001,30.8,28.9,29.8,2676,6.1,Chateau -> Beau Bouquet
L92,ATO002,CTD004,39.9,28.9,38.2,7241,27.7,Marcel Paul -> Cote D'Or
89,CRB002,JAM002,34.5,29.0,33.5,4496,16.0,Inst Cx Blanche -> Le Jambon
33,PLN001,RYE001,,29.0,,472,,La Plaine -> Trieu Du Quesnoy
967,EGL001,MES001,,29.0,,211,,Les Aulnes -> Mesanges
62,EWL001,EWM001,,29.0,29.1,1002,,La Vallee -> Mairie
L4,FCO002,FAU002,33.4,29.0,32.5,13266,13.1,P.A Mauroy -> Faubourg De Roncq
L91,BCE003,LAQ002,31.6,29.0,29.3,6154,8.1,Bondues Centre -> La Quenouille
35,CHN002,ENO002,36.4,29.0,34.9,6016,20.1,Chardonnet -> La Martinoire
L5,HLO001,FAY001,32.2,29.0,30.3,9704,9.9,Hautes Loges -> La Fayette
62,MAD001,EWM002,,29.1,29.8,960,,Ste M. Madeleine -> Mairie
72,PNT004,PTP001,33.2,29.1,33.0,2383,12.3,P.N. De Tressin -> Petit Paris
84,DEV001,OMO001,31.3,29.1,30.7,4241,7.1,Corteville -> La Vallee
34,RIO002,LCT002,29.4,29.1,29.1,7507,1.1,Brigode -> Lac De Canteleu
65,EWS002,RGR002,,29.1,31.1,1495,,Centre Equestre -> Rue De La Gare
35,RBU002,BER002,31.4,29.1,32.6,3361,7.4,Buisson -> Leclerc
902,V22002,V41002,,29.1,,203,,Voie 22 -> Voie 41
80,LAP001,NIZ001,,29.2,32.9,2791,,La Perdriere -> Enizant
L91,JAM001,CRB001,31.1,29.2,31.4,6118,6.1,Le Jambon -> Inst Cx Blanche
78,GBA001,BCA001,,29.2,28.1,857,,Grand Baisieux -> Calmette
902,UVR002,BHO002,,29.2,,205,,Ouvroir -> Hospice
33,RTO002,RYE002,,29.2,,604,,RTO002 -> Trieu Du Quesnoy
33,ABE001,MXC002,,29.2,,264,,Jb Lebas -> Cimetiere
65,ZLC001,HOE001,,29.2,37.0,1490,,Zi La Chapelle -> La Houssoie
72,OGI001,NET001,32.4,29.2,31.1,2669,9.8,Ogimont -> Jean Monnet
L92,APE004,EUL006,39.3,29.2,37.9,7253,25.7,Happe Qui Peut -> Eurasante
60E,PRS001,MHM002,,29.2,,967,,Les Pres-E. Pisani -> Mairie
L91E,FCO002,FAU002,,29.2,,247,,P.A Mauroy -> Faubourg De Roncq
80,BOS002,EBO002,32.6,29.2,31.5,2406,10.6,Le Bosquiel -> Le Bourg
Z6,WHT002,ZWH002,,29.3,,975,,Winhoute -> Egalite
64,MBL002,RLG002,,29.3,30.8,1808,,Beaucamps Mairie -> Route De Fournes
35,CAH002,BLD002,31.9,29.3,30.8,3465,8.1,Carihem -> Bois Le Duc
84,CAT002,VAC002,33.0,29.3,31.1,4244,11.3,Bousbecque Cat -> Chem Des Vaches
33,LON001,IRA001,34.3,29.4,32.3,7198,14.2,Rue De Londres -> College Van Der Meersch
945,CED001,ZIL001,,29.4,,267,,Chateau D'Eau -> Parc D'Activités
L90,LFA002,BLE003,36.3,29.4,34.0,6229,18.9,Faidherbe -> Lycee Pasteur
75,GAI002,VRO002,,29.4,31.5,1050,,Gaie Perche -> Chevron D'Or
65,RGR002,EAI002,,29.5,34.6,1495,,Rue De La Gare -> Av Industrielle
CO2,FEN002,JEF002,33.3,29.5,32.2,1336,11.2,Ferme D'Ennequin -> Fac De Medecine
902,BMN002,DOV002,,29.5,,203,,Bas Chemin -> Dom De La Vigne
14,PAP002,AMI002,31.6,29.5,30.9,12176,6.7,Papeterie -> Amidonnerie
86,CAT002,VAC002,30.5,29.5,29.9,3901,3.3,Bousbecque Cat -> Chem Des Vaches
65,MAD001,EWM002,,29.5,32.1,1494,,Ste M. Madeleine -> Mairie
82,MPL002,HOT002,,29.6,32.6,2153,,Malplaquet -> L'Octroi
68,PPC001,ZON001,32.4,29.6,32.6,3906,8.9,Centre Culturel -> Pierre Brizon
L4,FAU001,FCO001,35.5,29.6,33.9,13182,16.5,Faubourg De Roncq -> P.A Mauroy
945,ZIL001,NSE001,,29.6,,267,,Parc D'Activités -> Fresnoy
L90,SGR001,GRP002,32.1,29.6,31.1,6140,7.7,Gravier De Lille -> Grand Perne
902,V27002,V21302,,29.6,,203,,Voie 227 -> Voie 213
80,NIZ002,LAP002,,29.6,33.3,2808,,Enizant -> La Perdriere
61,MQL002,ORE002,,29.6,28.3,1683,,Mairie -> Rue D'Oresmieux
76,GAR001,LAC001,31.6,29.6,31.3,3217,6.5,Les Garennes -> Cite Familiale
62,RAD002,DHT002,,29.6,29.6,306,,Radinghem Place -> Rue Duthoit
CO2,LPH001,RDH001,31.0,29.7,33.3,900,4.2,La Phalecque -> Rue Du Hem
L92,NSM001,CDM001,36.4,29.7,37.5,7433,18.4,Moulin -> Lhermitte
64,FWV001,FWC001,,29.7,31.0,1705,,Victor Hugo -> Carnot
86,STE001,LIC003,32.3,29.7,30.1,3271,7.8,Stemberg -> Cimetiere
932,MOI002,VEM003,,29.7,,244,,Rue Du Moisnil -> Verdun
55,WTE002,APE004,32.9,29.7,31.5,4656,9.8,Terray -> Happe Qui Peut
60E,SLU003,ZIL002,,29.7,,923,,Jeanne D'Arc -> Parc D'Activités
67,VEN001,VEZ002,34.9,29.8,32.3,2966,14.5,Eglise -> Z I Vendeville
L91,AER001,FFO001,32.5,29.8,30.6,6103,8.1,Aerodrome -> Fort De Bondues
89,ABE001,VEL001,33.4,29.8,32.6,4579,10.9,Jb Lebas -> Le Velo
942,PPA002,BBO002,,29.8,,233,,Petit Paris -> Les Bois
62,AUV001,CSC001,,29.8,28.3,890,,Les Auvilliers -> Coll Schweitzer
62,RAD001,HRU002,,29.8,29.8,303,,Radinghem Place -> Haute Rue
66,PTP002,PNT003,33.7,29.8,31.9,3111,11.4,Petit Paris -> P.N. De Tressin
65,HOE002,ZLC002,,29.9,36.3,1495,,La Houssoie -> Zi La Chapelle
58,SEG002,ZAC002,33.0,29.9,31.8,5168,9.3,Santes Eglise -> Zac Du Moulin
Z3,CRG001,HPO001,,29.9,,489,,Croix Bougard -> Haie Plouvier
C8,TBR002,TWA002,,29.9,34.4,2294,,Brossolette -> Watt
236,FDF001,MBL001,,29.9,32.8,221,,Ferme Du Faux -> Beaucamps Mairie
L91,FAU001,FCO001,34.5,30.0,34.2,6129,13.0,Faubourg De Roncq -> P.A Mauroy
75,CHM001,RLO001,,30.0,31.4,1076,,Chateau Du Molinel -> Rue De Lomme
51,ROY001,EUR002,34.7,30.0,30.7,5613,13.6,Pont Royal -> Lille Europe
64,LBN001,LBS001,,30.0,31.8,1597,,Le Nouveau Monde -> Saint Roch
L91E,LIO002,KAE004,,30.0,,247,,Parc Des Lions -> Dronckaert
Z6,WHT001,ACQ001,,30.0,,964,,Winhoute -> Jacquard
78,BCA002,GBA002,,30.0,31.3,653,,Calmette -> Grand Baisieux
61,LED002,MAV002,,30.0,30.4,1693,,Lotissement Edf -> Marais
78,BPO003,LPI002,,30.0,32.4,861,,Bon Poste -> Le Pincon
34,RIO001,MUS005,34.0,30.1,32.4,7582,11.5,Brigode -> Musee Du Terroir
Z3,HPO001,RCT001,,30.1,,489,,Haie Plouvier -> Crt 3
60E,MHM001,PRS001,,30.1,,964,,Mairie -> Les Pres-E. Pisani
CO3,RAL006,RAL001,,30.2,32.2,3357,,RAL006 -> Rabelais
32,STU001,VCH001,32.3,30.2,32.6,7275,6.7,Stadium -> Chateau
34,HPM001,CUI001,33.8,30.2,32.7,7579,10.6,Hempempont -> Rue De Lannoy
82,FDH001,CRI001,,30.3,31.3,3086,,Faidherbe -> Le Christ
L90,TSU002,LFA001,33.5,30.3,32.8,6277,9.5,Lycee Pasteur -> Faidherbe
81,FLP001,VCE001,,30.3,33.6,502,,Fort De Lompret -> Cheval Blanc
72,BCA002,GBA002,31.7,30.3,30.7,2390,4.5,Calmette -> Grand Baisieux
917,MMC002,VEM002,,30.3,,218,,Calvaire -> Verdun
76,CHM001,RLO001,33.0,30.3,31.4,6108,8.2,Chateau Du Molinel -> Rue De Lomme
33,NSE002,ZIL002,34.9,30.3,33.7,6935,13.3,Fresnoy -> Parc D'Activités
L99,FEC002,WEZ002,33.8,30.3,32.8,7564,10.4,Fleur D'Ecosse -> Wez-Macquart
66,BPO003,LPI002,34.4,30.4,31.6,2998,11.6,Bon Poste -> Le Pincon
L5,URB001,TGI001,33.7,30.4,34.5,16454,10.0,Coubertin -> Tgi
932,FRA002,MOI002,,30.4,,244,,Rue De La Franquise -> Rue Du Moisnil
89,JAM001,CRB001,35.9,30.4,35.0,4580,15.2,Le Jambon -> Inst Cx Blanche
MWR,LUI001,LIU001,33.8,30.4,31.7,1197,9.9,Au Chevalier -> Eglise St Amand
L91,LAQ001,BCE001,34.6,30.5,32.7,6128,11.7,La Quenouille -> Bondues Centre
65,EWM002,EWL002,,30.6,32.2,1495,,Mairie -> La Vallee
968,CRT099,COU012,,30.6,,204,,8 Mai 1945 -> Cousinerie
CO2,JEF001,FEN001,33.4,30.6,32.9,8097,8.4,Fac De Medecine -> Ferme D'Ennequin
75,FUN002,VOT001,,30.6,37.3,1005,,Le Funquereau -> La Prevote
62,SOL001,FRB001,,30.6,26.3,309,,Parc Des Saules -> Calvaire
L91,DAR002,PAY002,33.4,30.7,32.0,6149,8.2,Le Damier -> La Payelle
84,ARL001,PCS001,33.4,30.7,33.0,4209,8.1,Charles Legrand -> Desire Ducarin
61,DAE002,LNM001,,30.7,31.8,1862,,Lardé -> Lotissement Nouveau Monde
64,RLG001,MBL001,,30.7,31.3,1702,,Route De Fournes -> Beaucamps Mairie
35,LDV001,LBW001,35.1,30.8,31.9,3362,12.2,De Vinci -> Bauwens
945,CIN001,WCA001,,30.8,,350,,Cimetiere Intercommunal -> Pole Emploi
73,GBA001,BCA001,,30.8,35.8,217,,Grand Baisieux -> Calmette
82,BEL001,PTG001,,30.8,31.1,2832,,Bel Arbre -> Pont Rouge
Z8,PPC001,ZON001,,30.9,34.6,1952,,Centre Culturel -> Pierre Brizon
82,CAT002,VAC002,,31.0,31.2,2148,,Bousbecque Cat -> Chem Des Vaches
L5,PTS002,BAI002,33.0,31.0,31.8,9614,6.1,Ferme Aux Oies -> Bailly
87,CBF002,NMO002,32.8,31.0,31.4,4232,5.4,Cimetiere Du Blanc Four -> Nouveau Monde
MWR,OAE001,AVG001,32.6,31.1,33.8,1193,4.6,Pont Du Sartel -> Avelghem
76,FLP001,VCE001,,31.1,32.2,2944,,Fort De Lompret -> Cheval Blanc
62,EWM002,EWL002,,31.1,29.9,960,,Mairie -> La Vallee
236,CQE001,AEE001,,31.1,31.7,248,,La Choque -> L'Armee
84,OMO002,DEV002,34.7,31.2,32.3,4167,10.1,La Vallee -> Corteville
Z3,PPC001,ZON001,,31.2,,486,,Centre Culturel -> Pierre Brizon
62,FRB001,FRO001,,31.2,30.3,962,,Calvaire -> Mairie
61,MAV001,LED001,,31.3,31.7,1713,,Marais -> Lotissement Edf
82,CRI001,VIT001,,31.3,32.7,3082,,Le Christ -> Victoire
64,LBS001,ILL001,,31.3,30.3,1596,,Saint Roch -> Rue De Lille
L92,CTD003,ATO001,41.9,31.3,39.8,7707,25.2,Cote D'Or -> Marcel Paul
82,VIE003,BVI001,,31.4,32.3,2579,,Mont Fleuri -> Basse Ville
L1,MSI002,LFA001,34.1,31.4,34.0,14616,8.0,Esplanade -> Faidherbe
917,MAV001,LED001,,31.4,,373,,Marais -> Lotissement Edf
Z2,PCV002,LDE001,,31.4,,1479,,PCV002 -> LDE001
236,JOI002,FRB001,,31.4,32.9,236,,La Joierie -> Calvaire
MWR,AVG001,ATA001,34.0,31.4,32.4,1196,7.9,Avelghem -> Place Chaptal-Cimetière
88,GLY001,MAL001,,31.5,,589,,Les Glycines -> Cat Malecot
35,CIN001,WCA001,36.4,31.6,33.5,3389,13.3,Cimetiere Intercommunal -> Pole Emploi
82,PTG002,BEL002,,31.6,35.3,3424,,Pont Rouge -> Bel Arbre
Z3,PCV002,LDE001,,31.7,,494,,PCV002 -> LDE001
L99,VEF001,LAP001,34.9,31.7,35.3,7460,9.2,Vert Feuillage -> La Perdriere
236,FRO002,FRB002,,31.7,33.2,236,,Mairie -> Calvaire
55,APE004,EUL006,44.4,31.7,38.6,4669,28.8,Happe Qui Peut -> Eurasante
73,BEB001,CMA001,,31.8,35.4,219,,Beau Bouquet -> Marequaix
35,BER001,RBU001,36.7,31.8,34.0,3454,13.4,Leclerc -> Buisson
84,DRE001,BBO001,34.3,31.8,32.5,4127,7.3,La Dreve -> Les Bois
236,BGP001,BGR001,,31.8,32.1,246,,Gris Pot -> Bois Grenier Cimetiere
65,RGR001,EWS001,,31.8,34.8,1489,,Rue De La Gare -> Centre Equestre
236,FWV001,FWC001,,31.8,31.7,244,,Victor Hugo -> Carnot
33,ZIL002,CED002,36.9,31.8,36.3,7556,13.9,Parc D'Activités -> Chateau D'Eau
87,CYG002,VHU002,35.6,31.8,33.7,4236,10.7,Enclos Du Cygne -> Victor Hugo
C10,CBG001,MEU001,,31.8,35.7,3387,,Cimetiere Bourg -> Meunier
CO3,LMI005,ERP001,,31.8,34.0,5165,,M.I.N. -> Europe
86,AER001,FFO001,33.4,31.9,32.3,4412,4.5,Aerodrome -> Fort De Bondues
86,BCE003,LAQ002,34.4,31.9,31.4,4652,7.3,Bondues Centre -> La Quenouille
L91,PAY001,DAR001,34.1,31.9,34.1,6123,6.4,La Payelle -> Le Damier
88,MAL002,GLY002,,31.9,,824,,Cat Malecot -> Les Glycines
CO2,CHM001,RLO001,33.2,31.9,32.6,8115,4.0,Chateau Du Molinel -> Rue De Lomme
L90,CHE001,VIN001,35.9,32.0,31.6,6299,10.9,Chemin De Sainghin -> Vingtieme Siecle
72,PTP002,PNT003,34.9,32.0,35.1,2677,8.3,Petit Paris -> P.N. De Tressin
73,CCH001,BEB001,,32.0,35.1,219,,Chateau -> Beau Bouquet
66,RTR002,TGR001,33.5,32.0,32.0,2768,4.5,Rue De Tressin -> Gressart
62,AUC002,FRO002,,32.0,32.0,1001,,Ecole -> Mairie
Z2,RUB003,FVE002,,32.0,,745,,RUB003 -> Verdun
Z1,DOC001,ODO001,,32.0,,1242,,Docks De L'Oise -> Berquier
902,BHO002,BMN002,,32.1,,203,,Hospice -> Bas Chemin
73,TIE001,VBO001,,32.1,42.5,208,,Rue Thiers -> Val Boise
35,CIN002,CIC002,34.9,32.1,31.0,3137,8.0,Cimetiere Intercommunal -> Cimetiere Centre
80,PEN007,VEF004,,32.1,28.4,2791,,Centre -> Vert Feuillage
86,BMN001,BHO001,34.2,32.1,33.5,4659,6.0,Bas Chemin -> Hospice
236,FRB002,JOI002,,32.1,30.4,236,,Calvaire -> La Joierie
L90,CMF002,MMI002,35.1,32.1,33.6,6222,8.4,Chemin Du Fort -> Maisons Militaires
236,AUC002,FRO002,,32.2,31.9,237,,Ecole -> Mairie
82,HEL002,GAI002,,32.2,34.1,3195,,Le Hel -> Gaie Perche
89,DAR002,PAY002,39.1,32.2,37.9,4486,17.6,Le Damier -> La Payelle
61,HEG001,SML001,,32.2,33.1,1847,,Hantay Eglise -> Millenaires
10,MSI002,ROY002,34.1,32.3,33.3,12671,5.4,Esplanade -> Pont Royal
81,EPY001,LPT001,,32.3,33.1,777,,Saint Exupery -> La Chapelette
84,CRI002,FDH002,35.7,32.3,34.7,4236,9.4,Le Christ -> Faidherbe
RME1,PDP098,CHR063,31.7,32.4,28.9,890,-2.3,Porte Des Postes -> Chu-Centre O. Lambret
82,MHA002,BVI002,,32.4,34.4,2291,,Mont D'Halluin -> Basse Ville
10,BZH002,GEE002,35.6,32.4,34.3,6058,9.1,Bazinghien -> Château Bigo Danel
61,HPE001,BLI002,,32.4,35.8,1707,,La Pepiniere -> Moulin Lamblin
61,GNL001,SRH001,,32.4,32.4,1684,,General Leclerc -> Rue Du 8 Mai 45
Z6,ZWH001,WHT001,,32.4,,964,,Egalite -> Winhoute
87,VHU001,CYG001,33.2,32.4,32.5,4183,2.6,Victor Hugo -> Enclos Du Cygne
78,LPI002,TAB002,,32.5,32.8,861,,Le Pincon -> Tabac
84,VIT002,CRI002,37.0,32.5,36.0,4240,12.3,Victoire -> Le Christ
Z2,FVE001,RUB004,,32.5,,735,,Verdun -> RUB004
50,HLO001,FAY001,37.2,32.5,35.5,8143,12.6,Hautes Loges -> La Fayette
978,WHC002,SPP004,,32.6,,349,,La Chapelle -> Petit Perle
L1,LFA002,MSI001,34.5,32.6,29.0,14967,5.4,Faidherbe -> Esplanade
236,AVT002,RUS002,,32.6,33.1,233,,L'Aventure -> Rue Du Stade
L90,WAM090,MMI001,36.4,32.6,33.9,6298,10.4,Agrippin -> Maisons Militaires
62,EWS002,BRD001,,32.7,32.6,958,,Centre Equestre -> Bridoux
51,TSU002,ROY002,35.6,32.7,34.6,5489,8.0,Lycee Pasteur -> Pont Royal
89,VEL002,ABE002,36.6,32.7,35.7,4497,10.8,Le Velo -> Jb Lebas
64,FWC002,FWV002,,32.7,33.3,1809,,Carnot -> Victor Hugo
35,ACQ002,WHT002,37.4,32.7,36.9,5972,12.4,Jacquard -> Winhoute
236,MBL003,FDF002,,32.8,32.4,231,,Mairie -> Ferme Du Faux
933,BSM006,FWD001,,32.8,,323,,Inst Ste Marie -> Desprez
35,WCA002,CIN002,37.4,32.8,35.5,3139,12.3,Pole Emploi -> Cimetiere Intercommunal
82,CRI002,FDH002,,32.8,33.5,2262,,Le Christ -> Faidherbe
35,ZWH001,WHT001,39.2,32.8,38.3,6164,16.3,Egalite -> Winhoute
66,OIN001,AQU001,35.8,32.9,34.7,3201,8.1,Beau Coin -> Baraques
CO2,RLO002,CHM002,35.7,32.9,33.6,5911,7.9,Rue De Lomme -> Chateau Du Molinel
64,FWL001,WIC001,,32.9,34.7,1608,,Lion Noir -> 4 Chemins
CO3,ERP002,LMI006,,32.9,33.8,5149,,Europe -> M.I.N.
76,RLO002,CHM002,36.5,33.1,34.4,4552,9.2,Rue De Lomme -> Chateau Du Molinel
L90,GLY001,MAL001,35.9,33.1,34.8,6233,7.8,Les Glycines -> Cat Malecot
81,FLP002,LTE003,,33.1,36.6,404,,Fort De Lompret -> Le Temple
62,BDR001,AUV001,,33.2,39.6,962,,Botte D'Or -> Les Auvilliers
34,LCT001,RIO001,34.8,33.2,34.3,7597,4.8,Lac De Canteleu -> Brigode
64,LBS002,LBN002,,33.2,35.0,1558,,Saint Roch -> Le Nouveau Monde
61,ORE001,MQL001,,33.3,33.2,1845,,Rue D'Oresmieux -> Mairie
80,EPY001,LPT001,,33.3,36.0,2795,,Saint Exupery -> La Chapelette
80,VEF004,LAP001,,33.3,34.8,2791,,Vert Feuillage -> La Perdriere
80,EPY001,RSA001,31.1,33.3,32.2,297,-7.1,Saint Exupery -> College
938,RSA001,PAA002,,33.4,,214,,College -> La Chapelle Parc
64,FWD002,MBL002,,33.4,35.9,1806,,Desprez -> Beaucamps Mairie
86,DOV001,BMN001,35.3,33.4,34.6,4656,5.5,Dom De La Vigne -> Bas Chemin
64,MBL001,FWD001,,33.4,36.9,1701,,Beaucamps Mairie -> Desprez
L90,MMI001,CMF001,36.2,33.5,34.7,6299,7.6,Maisons Militaires -> Chemin Du Fort
75,RLO002,CHM002,,33.5,36.1,715,,Rue De Lomme -> Chateau Du Molinel
82,PTE002,CFA002,,33.5,36.0,3391,,Petite Chapelle -> Cite Faucheur
978,LEA002,WHC002,,33.5,,350,,Le Cheneau -> La Chapelle
L90,GRP001,SGR002,35.6,33.6,35.1,6304,5.6,Grand Perne -> Gravier De Lille
61,AST500,RUH003,,33.6,33.2,1696,,Maison D'Arret -> Rue D'Haubourdin
89,PAY001,DAR001,38.3,33.6,37.9,4578,12.3,La Payelle -> Le Damier
82,RDD002,WMA002,,33.6,34.8,2557,,Rte Deulemont -> Mairie
76,LAC002,GAR002,38.0,33.7,35.6,3364,11.4,Cite Familiale -> Les Garennes
929,BSM006,FWD001,,33.7,,260,,Inst Ste Marie -> Desprez
86,CRI002,FDH002,35.3,33.7,35.5,3898,4.6,Le Christ -> Faidherbe
CO2,RDH002,LPH002,33.6,33.7,35.4,897,-0.3,Rue Du Hem -> La Phalecque
75,RDD001,DMA001,,33.7,35.3,828,,Rte Deulemont -> Deulemont Mairie
35,WHT001,ACQ001,37.0,33.8,36.9,6147,8.8,Winhoute -> Jacquard
933,FWL001,WIC001,,33.8,,328,,Lion Noir -> 4 Chemins
88,GRP001,SGR002,,33.8,,835,,Grand Perne -> Gravier De Lille
80,TAG002,PEN007,,33.8,35.5,2793,,La Montagne -> Centre
62,AUV001,BDR002,,33.8,39.4,990,,Les Auvilliers -> Botte D'Or
L91,LRO002,LOI002,38.7,33.9,37.4,6138,12.5,Clinique St Roch -> Le Boulois
65,BGR003,ZLC001,,33.9,40.3,1491,,Mairie -> Zi La Chapelle
35,ENO001,CHN001,36.4,33.9,36.5,5863,6.8,La Martinoire -> Chardonnet
81,VCE002,FLP002,,34.0,37.7,404,,Cheval Blanc -> Fort De Lompret
L99,SJA002,PAA002,39.1,34.0,37.6,7556,13.1,Saint Jacques -> La Chapelle Parc
978,FDN001,TFT002,,34.0,,354,,Freres D'Halluin -> Les Trois Fetus
MWR,CPH001,LUI001,36.5,34.0,34.8,1197,6.7,Chapelle -> Au Chevalier
932,MQL002,ORE002,,34.0,,255,,Mairie -> Rue D'Oresmieux
236,LBN002,BDR002,,34.0,41.4,230,,Le Nouveau Monde -> Botte D'Or
76,FLP002,LTE003,35.0,34.0,34.3,6303,2.9,Fort De Lompret -> Le Temple
236,BGP002,AEE002,,34.0,32.9,237,,Gris Pot -> L'Armee
76,VCE002,FLP002,,34.0,34.8,2944,,Cheval Blanc -> Fort De Lompret
61,BLI001,HPE002,,34.0,35.4,1678,,Moulin Lamblin -> La Pepiniere
Z3,RJA004,PCV002,,34.1,,494,,RJA004 -> PCV002
236,FRB001,FRO001,,34.1,32.8,237,,Calvaire -> Mairie
62,LGY001,ILC001,,34.1,32.5,963,,Ligny Le Grand -> Centre
82,BYR002,MHA002,,34.1,35.4,2290,,Labyrinthe -> Mont D'Halluin
917,OCR001,MRS001,,34.2,,223,,Ocron -> Route De Sainghin
L90,MAL002,GLY002,37.2,34.2,35.9,6187,8.0,Cat Malecot -> Les Glycines
82,VIT002,CRI002,,34.2,35.6,2264,,Victoire -> Le Christ
86,BHO002,BMN002,35.4,34.2,36.0,4419,3.4,Hospice -> Bas Chemin
73,RTR002,TGR001,,34.3,33.5,217,,Rue De Tressin -> Gressart
66,LPI002,TAB002,36.3,34.3,34.1,2998,5.6,Le Pincon -> Tabac
73,NET001,BPT001,,34.4,37.9,213,,Jean Monnet -> Les Poetes
36,VOI001,FEG001,38.4,34.4,37.5,3447,10.3,Voisinage -> Eglise
82,WMA001,RDD001,,34.4,34.1,2173,,Mairie -> Rte Deulemont
CO2,RPO002,RDO002,37.8,34.4,34.0,8172,9.0,Rue Du Pont -> Rue Dr Calmette
MWR,LUI002,CPH002,36.2,34.5,34.8,1196,4.8,Au Chevalier -> Chapelle
62,EWL002,TFE002,,34.5,30.1,959,,La Vallee -> Trois Fetus
236,JOI002,FWL006,,34.5,34.3,237,,La Joierie -> Rue Thiers
C10,BAR001,VED001,,34.5,41.7,3388,,Barrois -> Verdun
82,BVI001,MHA001,,34.6,37.7,2577,,Basse Ville -> Mont D'Halluin
35,WHT002,ZWH002,42.4,34.6,42.6,5967,18.4,Winhoute -> Egalite
81,NEL001,FUN001,,34.7,,272,,Le Fresnel -> Le Funquereau
76,QUA002,GOY004,,34.7,37.5,2667,,4 Bonniers -> Gare
81,LTE001,FLP001,,34.7,37.4,502,,Le Temple -> Fort De Lompret
87,NMO001,CBF001,35.0,34.8,34.3,4181,0.4,Nouveau Monde -> Cimetiere Du Blanc Four
236,ILC002,LGY002,,34.8,33.9,232,,Centre -> Ligny-Le-Grand
65,ZLC002,BGR004,,34.8,38.1,1495,,Zi La Chapelle -> Mairie
CO2,RDO001,RPO001,39.5,34.8,36.1,8115,11.9,Rue Dr Calmette -> Rue Du Pont
62,FRO001,AUC001,,34.8,29.6,964,,Mairie -> Ecole
51,CMN001,CON001,,34.9,36.0,877,,Chemin Noir -> Conquerants
75,PTG002,BEL002,,34.9,37.6,1079,,Pont Rouge -> Bel Arbre
75,HEL002,GAI002,,35.0,37.5,1077,,Le Hel -> Gaie Perche
66,TGR002,RTR001,36.5,35.0,36.0,2894,4.1,Gressart -> Rue De Tressin
61,SMC001,SCI001,,35.0,35.9,1846,,Saint Michel Sur  Loire -> Coisne
65,EAI001,RGR001,,35.1,38.5,1490,,Av Industrielle -> Rue De La Gare
75,PTE002,CFA002,,35.1,36.7,1079,,Petite Chapelle -> Cite Faucheur
82,LEH001,HOT001,,35.1,35.4,2513,,Le Ham -> L'Octroi
75,RDD002,WMA002,,35.2,36.3,872,,Rte Deulemont -> Mairie
86,PBD001,DOV001,36.9,35.2,36.2,4656,4.6,Petit Bondues -> Dom De La Vigne
CO2,LMI005,ERP001,35.1,35.2,33.6,906,-0.2,M.I.N. -> Europe
910,TAB001,LPI001,,35.3,,231,,Tabac -> Le Pincon
65,BGP002,AEE002,,35.3,37.5,1495,,Gris Pot -> L'Armee
236,FWL005,JOI002,,35.3,35.4,236,,Rue Thiers -> La Joierie
76,LTE001,FLP001,35.9,35.3,36.0,6157,1.6,Le Temple -> Fort De Lompret
80,FMA002,BOS002,36.8,35.3,36.1,2311,4.2,Fort Mahieu -> Le Bosquiel
L99,WEZ001,FEC001,38.5,35.3,37.8,7451,8.4,Wez-Macquart -> Fleur D'Ecosse
L5,TGI002,URB002,37.3,35.4,36.5,16854,5.1,Tgi -> Coubertin
33,ZIL003,PIN001,,35.4,,405,,ZIL003 -> PIN001
86,VIT002,CRI002,37.5,35.5,38.5,3897,5.3,Victoire -> Le Christ
81,LPT002,EPY002,,35.5,39.2,592,,La Chapelette -> Saint Exupery
73,OGI001,NET001,,35.5,40.2,212,,Ogimont -> Jean Monnet
80,RSA001,EPY002,34.0,35.6,34.6,269,-4.6,College -> Saint Exupery
80,PEN006,TAG001,,35.6,38.6,2807,,Centre -> La Montagne
62,BRD001,DHT001,,35.6,35.2,958,,Bridoux -> Rue Duthoit
78,TAB001,LPI001,,35.6,38.3,747,,Tabac -> Le Pincon
236,FWD002,MBL003,,35.6,33.9,235,,Desprez -> Mairie
62,FRB002,SOL001,,35.7,35.7,1009,,Calvaire -> Parc Des Saules
902,DOV002,PBD002,,35.7,,203,,Dom De La Vigne -> Petit Bondues
61,WPT001,RDW002,,35.7,35.7,1694,,Petites Haies -> Rue De Wavrin
L90,VIN002,CHE002,39.7,35.8,38.8,6221,9.9,Vingtieme Siecle -> Chemin De Sainghin
L99,PAA001,SJA001,40.4,35.9,39.4,7451,11.2,La Chapelle Parc -> Saint Jacques
82,DMA002,RDD002,,35.9,37.5,2558,,Deulemont Mairie -> Rte Deulemont
66,VBO002,TIE002,36.1,35.9,38.0,6028,0.7,Val Boise -> Rue Thiers
84,BBO001,CAA001,38.5,36.0,36.2,4126,6.4,Les Bois -> Casanova
82,RDD001,DMA001,,36.0,36.6,2172,,Rte Deulemont -> Deulemont Mairie
L5,BAI001,PTS001,38.4,36.0,36.7,7484,6.3,Bailly -> Ferme Aux Oies
Z3,4CA001,RCT002,,36.1,,608,,4 Cantons Stade -> Crt 3
88,SWL002,BIH002,,36.1,,589,,Trois Louches -> Le Bihamel
L91E,SMP001,LIO003,,36.2,,364,,St Maurice Pellevoisin -> Parc Des Lions
65,EWL002,TFE002,,36.2,38.1,1494,,La Vallee -> Trois Fetus
82,HOT002,LEH002,,36.3,36.0,2150,,L'Octroi -> Le Ham
Z2,RJA004,PCV002,,36.3,,1461,,RJA004 -> PCV002
86,BMN002,DOV002,36.9,36.3,37.3,4418,1.6,Bas Chemin -> Dom De La Vigne
62,DHT002,BRD002,,36.3,36.1,999,,Rue Duthoit -> Bridoux
C10,VED002,BAR002,,36.3,39.2,3402,,Verdun -> Barrois
75,GAI001,HEL001,,36.4,38.4,986,,Gaie Perche -> Le Hel
Z3,RCT001,4CA001,,36.4,,354,,Crt 3 -> 4 Cantons Stade
236,FWC002,FWV002,,36.5,33.8,236,,Carnot -> Victor Hugo
55,PAC001,TVI001,,36.5,,3656,,Rue D'Ennetieres -> Vieux Moulin
66,TAB001,LPI001,40.2,36.5,37.1,3285,9.2,Tabac -> Le Pincon
73,DOU004,GRU002,,36.6,39.2,217,,Doumer -> Grand Ruage
78,OIN001,AQU001,,36.6,38.8,733,,Beau Coin -> Baraques
L91,LOI002,ACH002,40.0,36.6,39.7,6139,8.6,Le Boulois -> Bois D'Achelles
236,LBS002,LBN002,,36.7,40.3,230,,Saint Roch -> Le Nouveau Monde
236,LGY002,AVT002,,36.7,34.1,232,,Ligny-Le-Grand -> L'Aventure
81,QUA002,GOY004,,36.7,39.7,690,,4 Bonniers -> Gare
L91,LOI001,LRO005,44.0,36.7,42.8,6096,16.7,Le Boulois -> Clinique St Roch
76,GAR002,LGA002,37.1,36.7,37.9,3363,1.2,Les Garennes -> Lompret Gare
CO2,ERP002,LMI006,36.8,36.7,32.8,904,0.3,Europe -> M.I.N.
36,FEG002,VOI002,40.1,36.9,39.1,3403,7.8,Eglise -> Voisinage
65,AEE001,BGP001,,36.9,39.8,1491,,L'Armee -> Gris Pot
L90,LEP001,RIA001,40.8,36.9,39.2,6234,9.7,Le Pacau -> Floriade Renaissance
978,TFT002,LEA002,,36.9,,350,,Les Trois Fetus -> Le Cheneau
62,LGY002,AVT002,,36.9,37.3,1010,,Ligny-Le-Grand -> L'Aventure
55,TVI002,PAC003,,37.0,,3667,,Vieux Moulin -> Rue D'Ennetieres
82,LEH002,ETE002,,37.2,37.6,2149,,Le Ham -> Papeterie
82,LUT002,COI002,,37.2,38.4,3429,,Rue Lutun -> Bon Coin
64,RUH001,FDG001,,37.2,37.1,1693,,Rue D'Haubourdin -> Fin De La Guerre
82,MHA001,BYR001,,37.3,37.7,2577,,Mont D'Halluin -> Labyrinthe
72,TIE001,VBO001,41.3,37.3,42.3,2387,9.8,Rue Thiers -> Val Boise
82,GAI001,HEL001,,37.3,37.9,2622,,Gaie Perche -> Le Hel
L99,SJA001,WEZ001,41.9,37.3,41.7,7450,11.1,Saint Jacques -> Wez-Macquart
66,TIE001,VBO001,41.4,37.3,41.2,5722,10.0,Rue Thiers -> Val Boise
L90,GRP002,LEP001,40.4,37.4,38.5,6238,7.5,Grand Perne -> Le Pacau
82,ETE001,LEH001,,37.4,39.3,2516,,Papeterie -> Le Ham
236,AEE001,BGP001,,37.5,37.5,246,,L'Armee -> Gris Pot
82,COI001,LUT001,,37.5,37.3,2846,,Bon Coin -> Rue Lutun
236,AAU002,LNO001,,37.5,34.8,239,,Eglise -> Les Nonennes
236,LNO002,AAU003,,37.5,35.8,234,,Les Nonennes -> Eglise
236,BRD001,DHT001,,37.5,39.8,246,,Bridoux -> Rue Duthoit
80,LPT002,EPY002,,37.7,38.7,2806,,La Chapelette -> Saint Exupery
51,DNS001,CMN002,,37.7,39.5,800,,Ingenieur Bertin -> Chemin Noir
62,AVT001,LGY001,,37.7,37.0,963,,L'Aventure -> Ligny Le Grand
75,VUE001,WMA001,,37.7,41.6,827,,Belle Vue -> Mairie
942,COQ002,PPA002,,37.7,,235,,Coq Anglais -> Petit Paris
82,WMA002,VUE002,,37.8,39.9,2558,,Mairie -> Belle Vue
78,AQU002,OIN002,,37.9,38.0,847,,Baraques -> Beau Coin
66,AQU002,OIN002,39.6,37.9,37.8,2927,4.3,Baraques -> Beau Coin
62,RAP002,HRU001,,38.0,38.3,311,,Place Rd -> Haute Rue
236,RUS001,AVT001,,38.1,36.9,243,,Rue Du Stade -> L'Aventure
86,DOV002,PBD002,38.2,38.1,39.0,4417,0.3,Dom De La Vigne -> Petit Bondues
75,CFA001,PTE001,,38.1,40.3,1006,,Cite Faucheur -> Petite Chapelle
61,SRH002,GNL002,,38.2,37.6,1846,,Rue Du 8 Mai 45 -> General Leclerc
62,BRD002,EWS001,,38.3,36.6,998,,Bridoux -> Centre Equestre
L90,CHE002,CMF002,43.0,38.3,41.3,6224,11.0,Chemin De Sainghin -> Chemin Du Fort
84,CAA002,BBO002,40.6,38.4,38.0,4242,5.4,Casanova -> Les Bois
80,LAP002,VEF002,,38.4,40.9,2807,,La Perdriere -> Vert Feuillage
64,FDG002,RUH002,,38.5,43.1,1795,,Fin De La Guerre -> Rue D'Haubourdin
75,DMA002,RDD002,,38.5,39.7,872,,Deulemont Mairie -> Rte Deulemont
75,VOT002,FUN001,,38.5,40.3,1075,,La Prevote -> Le Funquereau
L99,LAP002,VEF002,41.1,38.6,38.9,7556,6.1,La Perdriere -> Vert Feuillage
87,ISC001,NMO001,39.1,38.6,38.2,4175,1.2,La Viscourt -> Nouveau Monde
911,LCT001,RIO001,,38.7,,202,,Lac De Canteleu -> Brigode
Z1,ODO002,DOC002,,38.7,,1057,,Berquier -> Docks De L'Oise
929,FWD001,FWV001,,38.9,,260,,Desprez -> Victor Hugo
62,HRU002,RAP001,,39.0,38.3,308,,Haute Rue -> Place Rd
51,CMN002,OLP002,,39.0,38.4,801,,Chemin Noir -> Olympiade
L99,WEZ002,SJA002,42.9,39.1,42.0,7556,9.0,Wez-Macquart -> Saint Jacques
64,LBN002,HEP001,,39.1,44.2,1558,,Le Nouveau Monde -> Piscine Herlies
Z3,RCT002,HPO002,,39.3,,608,,Crt 3 -> Haie Plouvier
64,HEP002,LBN001,,39.3,47.6,1607,,Piscine Herlies -> Le Nouveau Monde
MWR,AVG002,OAE002,40.2,39.5,38.4,1195,1.6,Avelghem -> Pont Du Sartel
978,QUA001,LPL001,,39.5,,224,,4 Bonniers -> Le Plaquet
73,CMA001,EFF001,,39.5,46.3,219,,Marequaix -> Deffontaines
968,RIO002,LCT002,,39.5,,204,,Brigode -> Lac De Canteleu
88,GRP002,LET002,,39.7,,590,,Grand Perne -> Le Tilleul
86,RIT001,PBD001,40.2,39.8,40.1,4661,1.0,Le Christ -> Petit Bondues
967,PLN001,RYE001,,39.8,,201,,La Plaine -> Trieu Du Quesnoy
81,GOY003,QUA001,,39.9,42.6,599,,Gare -> 4 Bonniers
236,LGY001,ILC001,,39.9,38.7,243,,Ligny Le Grand -> Centre
86,LJO001,RIT001,41.7,40.0,40.8,4662,4.1,Lotissement Joffre -> Le Christ
82,CFA001,PTE001,,40.0,40.7,2846,,Cite Faucheur -> Petite Chapelle
Z8,4CA001,ZAS001,,40.0,40.7,592,,4 Cantons Stade -> ZAS001
76,LPL001,CAB001,,40.1,41.3,2953,,Le Plaquet -> Croix Au Bois
236,DHT002,BRD002,,40.1,39.9,237,,Rue Duthoit -> Bridoux
86,PBD002,RIT002,40.2,40.2,41.3,4416,0.1,Petit Bondues -> Le Christ
L91E,LTR001,PSR001,,40.2,,336,,Latte -> Piscine
88,CHI002,PTC002,,40.3,,582,,Le Chien -> Le Petit Chat
66,CMA001,EFF001,42.2,40.3,39.8,3111,4.6,Marequaix -> Deffontaines
75,WMA002,VUE002,,40.3,41.7,873,,Mairie -> Belle Vue
76,GOY003,QUA001,,40.4,42.7,2953,,Gare -> 4 Bonniers
933,FWD001,FWV001,,40.4,,328,,Desprez -> Victor Hugo
87,CYG001,ISC001,40.8,40.5,40.2,4173,0.7,Enclos Du Cygne -> La Viscourt
73,PTP001,TIE001,,40.5,50.4,210,,Petit Paris -> Rue Thiers
236,FRO001,AUC001,,40.6,40.1,237,,Mairie -> Ecole
64,FWD001,FWV001,,40.8,40.4,1705,,Desprez -> Victor Hugo
81,LPL001,CAB001,,40.9,41.2,409,,Le Plaquet -> Croix Au Bois
88,LET002,SPP002,,40.9,,590,,Le Tilleul -> Petit Perle
L90,LEP002,GRP001,43.2,40.9,41.4,6299,5.2,Le Pacau -> Grand Perne
236,AVT001,LGY001,,41.0,40.3,243,,L'Aventure -> Ligny Le Grand
978,GOY003,QUA001,,41.0,,351,,Gare -> 4 Bonniers
L90,RIA002,LEP002,44.0,41.3,43.4,6302,6.1,Floriade Renaissance -> Le Pacau
72,VBO002,TIE002,40.4,41.4,43.3,2673,-2.4,Val Boise -> Rue Thiers
72,CMA001,EFF001,42.5,41.5,41.2,2657,2.6,Marequaix -> Deffontaines
82,VUE001,WMA001,,41.6,41.0,2173,,Belle Vue -> Mairie
62,AVT002,BES001,,41.6,39.4,1010,,L'Aventure -> Sacre Coeur
62,BES002,AVT001,,41.8,40.2,953,,Sacre Coeur -> L'Aventure
62,TFE002,EWS002,,41.8,32.1,958,,Trois Fetus -> Centre Equestre
L90,CMF001,CHE001,44.2,41.9,41.9,6299,5.2,Chemin Du Fort -> Chemin De Sainghin
61,RDW001,WPT002,,41.9,41.9,1712,,Rue De Wavrin -> Petites Haies
236,FWD001,FWV001,,41.9,43.2,244,,Desprez -> Victor Hugo
62,EWS001,TFE001,,41.9,34.9,1001,,Centre Equestre -> Trois Fetus
932,IGR002,FRA002,,42.0,,250,,Gravelin -> Rue De La Franquise
L91,ACH001,LOI001,45.1,42.1,44.2,6124,6.7,Bois D'Achelles -> Le Boulois
236,BRD002,LTQ002,,42.2,40.3,237,,Bridoux -> Le Touquet
64,FWV002,FWD002,,42.3,41.4,1805,,Victor Hugo -> Desprez
72,PTP001,TIE001,50.5,42.3,48.5,2367,16.2,Petit Paris -> Rue Thiers
55,MRL001,TVI001,42.9,42.8,39.8,1023,0.0,Mulier -> Vieux Moulin
236,FWV002,FWD002,,42.9,39.5,236,,Victor Hugo -> Desprez
81,CAB001,ONT001,,43.1,44.8,404,,Croix Au Bois -> Fontaine
L99,VEF002,FEC002,46.2,43.1,43.6,7555,6.6,Vert Feuillage -> Fleur D'Ecosse
81,CAB003,LPL002,,43.2,,271,,Croix Au Bois -> Le Plaquet
51,OLP001,CMN001,,43.3,45.4,876,,Olympiade -> Chemin Noir
86,RIT002,LJO002,44.1,43.4,45.0,4406,1.6,Le Christ -> Lotissement Joffre
78,GBA002,CIB002,,43.5,45.2,647,,Grand Baisieux -> CIB002
86,GCH001,COQ001,46.1,43.6,45.3,3520,5.3,Gros Chene -> Coq Anglais
66,EFF002,CMA002,45.1,43.9,43.7,2962,2.7,Deffontaines -> Marequaix
81,NEL002,AVE002,,44.1,49.2,592,,Le Fresnel -> L'Aventure
72,EFF002,CMA002,45.9,44.1,42.4,2391,4.0,Deffontaines -> Marequaix
88,PTC002,SWL002,,44.2,,588,,Le Petit Chat -> Trois Louches
76,CAB001,ONT001,,44.3,45.0,2938,,Croix Au Bois -> Fontaine
73,GRU002,HDL002,,44.5,47.7,217,,Grand Ruage -> Hameau Du Lac
55,TVI002,MRL002,43.1,44.5,39.9,1014,-3.2,Vieux Moulin -> Mulier
236,LTQ001,BRD001,,44.5,46.4,245,,Le Touquet -> Bridoux
78,ANC001,TNB001,,44.6,45.2,730,,Lapin Blanc -> Tourne Bride
65,TFE001,EWL001,,44.7,46.3,1488,,Trois Fetus -> La Vallee
66,TIE002,PTP002,49.2,45.1,47.1,5952,8.5,Rue Thiers -> Petit Paris
81,AVE001,NEL001,,45.3,46.9,774,,L'Aventure -> Le Fresnel
66,ANC001,TNB001,49.5,45.3,45.6,3180,8.6,Lapin Blanc -> Tourne Bride
945,CIC001,CIN001,,45.4,,318,,Cimetiere Centre -> Cimetiere Intercommunal
66,PTP001,TIE001,51.9,45.4,47.9,5561,12.5,Petit Paris -> Rue Thiers
88,LPP002,CHI002,,45.5,,583,,Le Plat Parez -> Le Chien
75,COI001,LAH001,,45.6,47.4,910,,Bon Coin -> La Houlette
76,CAB002,LPL002,,45.7,45.6,2943,,Croix Au Bois -> Le Plaquet
88,BIH001,SWL001,,45.7,,836,,Le Bihamel -> Trois Louches
236,MBL001,FWD001,,45.8,44.2,204,,Beaucamps Mairie -> Desprez
87,ISC002,CYG002,47.6,45.9,45.8,4214,3.6,La Viscourt -> Enclos Du Cygne
87,NMO002,ISC002,46.7,45.9,46.0,4208,1.6,Nouveau Monde -> La Viscourt
81,AVE002,LPT002,,46.1,49.9,590,,L'Aventure -> La Chapelette
81,LPT001,AVE001,,46.1,47.6,771,,La Chapelette -> L'Aventure
75,SBA001,VUE001,,46.4,48.5,1003,,Sainte Barbe -> Belle Vue
78,ANC002,AQU002,,46.9,46.5,845,,Lapin Blanc -> Baraques
76,ONT002,CAB002,,47.0,46.5,2941,,Fontaine -> Croix Au Bois
88,LPP001,SPP001,,47.1,,835,,Le Plat Parez -> Petit Perle
72,TIE002,PTP002,50.5,47.4,50.2,2644,6.2,Rue Thiers -> Petit Paris
81,ONT002,CAB002,,47.4,48.1,502,,Fontaine -> Croix Au Bois
75,CAB004,FUN002,,47.5,51.1,1005,,Croix Au Bois -> Le Funquereau
78,AQU001,ANC001,,47.5,48.2,731,,Baraques -> Lapin Blanc
75,PTG001,CFA001,,47.5,54.1,980,,Pont Rouge -> Cite Faucheur
35,CIC001,CIN001,52.6,47.7,47.5,3090,9.4,Cimetiere Centre -> Cimetiere Intercommunal
80,AVE001,NEL001,,47.8,48.4,2795,,L'Aventure -> Le Fresnel
66,ANC002,AQU002,49.9,48.0,47.4,2919,3.9,Lapin Blanc -> Baraques
81,CAB002,LPL002,,48.1,49.0,502,,Croix Au Bois -> Le Plaquet
88,LET001,GRP001,,48.2,,835,,Le Tilleul -> Grand Perne
80,NEL002,AVE002,,48.3,49.5,2806,,Le Fresnel -> L'Aventure
82,SBA001,VUE001,,48.5,48.9,2666,,Sainte Barbe -> Belle Vue
76,LPL002,QUA002,,48.6,53.1,2774,,Le Plaquet -> 4 Bonniers
81,FUN001,CAB003,,48.7,,271,,Le Funquereau -> Croix Au Bois
66,TNB002,ANC002,51.5,48.8,48.1,2801,5.2,Tourne Bride -> Lapin Blanc
82,PTG001,CFA001,,48.8,52.5,2678,,Pont Rouge -> Cite Faucheur
66,AQU001,ANC001,51.8,49.0,48.6,3188,5.4,Baraques -> Lapin Blanc
80,LPT001,AVE001,,49.1,49.3,2793,,La Chapelette -> L'Aventure
78,CIB001,GBA001,,49.2,45.9,853,,CIB001 -> Grand Baisieux
75,LAH002,COI002,,49.2,50.2,992,,La Houlette -> Bon Coin
88,PTC001,CHI001,,49.2,,799,,Le Petit Chat -> Le Chien
82,CFA002,PTG002,,49.5,52.0,3305,,Cite Faucheur -> Pont Rouge
78,TNB002,ANC002,,49.5,47.8,828,,Tourne Bride -> Lapin Blanc
82,VUE002,SBA002,,49.7,50.8,2557,,Belle Vue -> Sainte Barbe
81,QUA001,LPL001,,49.8,53.8,435,,4 Bonniers -> Le Plaquet
88,SWL001,PTC001,,49.8,,821,,Trois Louches -> Le Petit Chat
88,SPP002,LPP002,,50.2,,589,,Petit Perle -> Le Plat Parez
L99,FEC001,VEF001,51.2,50.5,52.1,7407,1.3,Fleur D'Ecosse -> Vert Feuillage
80,AVE002,LPT002,,50.7,51.2,2795,,L'Aventure -> La Chapelette
86,COQ001,STE001,54.4,51.1,52.0,3236,6.0,Coq Anglais -> Stemberg
88,CHI001,LPP001,,51.2,,792,,Le Chien -> Le Plat Parez
76,QUA001,LPL001,,51.2,53.9,2093,,4 Bonniers -> Le Plaquet
86,COQ002,GCH002,53.8,51.3,50.9,3871,4.6,Coq Anglais -> Gros Chene
75,CAB003,LAH002,,51.3,52.3,1078,,Croix Au Bois -> La Houlette
75,LAH001,CAB004,,51.4,53.1,1004,,La Houlette -> Croix Au Bois
L91E,KAE004,SMP002,,51.4,,239,,Dronckaert -> St Maurice Pellevoisin
75,FUN001,CAB003,,51.7,53.4,1073,,Le Funquereau -> Croix Au Bois
75,CFA002,PTG002,,51.7,56.8,985,,Cite Faucheur -> Pont Rouge
78,EFF003,CIB001,,51.8,50.0,847,,EFF003 -> CIB001
65,TFE002,EWS002,,51.9,53.7,1458,,Trois Fetus -> Centre Equestre
65,EWS001,TFE001,,52.3,54.6,1468,,Centre Equestre -> Trois Fetus
75,VUE002,SBA002,,52.4,53.9,871,,Belle Vue -> Sainte Barbe
81,LPL002,QUA002,,52.5,57.4,666,,Le Plaquet -> 4 Bonniers
82,SBA002,HEL002,,53.0,57.4,3125,,Sainte Barbe -> Le Hel
75,HEL001,SBA001,,53.4,55.7,991,,Le Hel -> Sainte Barbe
82,HEL001,SBA001,,54.4,55.5,2722,,Le Hel -> Sainte Barbe
942,STE002,COQ002,,54.6,,227,,Stemberg -> Coq Anglais
86,STE002,COQ002,56.9,55.9,55.4,3683,1.7,Stemberg -> Coq Anglais
88,SPP001,LET001,,56.3,,805,,Petit Perle -> Le Tilleul
75,SBA002,HEL002,,57.7,61.6,998,,Sainte Barbe -> Le Hel
10,LAF003,MLM003,,,13.7,905,,Anatole France -> Hotel De Ville
10,LLO002,MLM004,,,8.2,413,,Lomme-Lambersart -> Hotel De Ville
10,MLM003,LLO001,,,13.1,384,,Hotel De Ville -> Lomme-Lambersart
10,MLM004,LAF002,,,17.2,366,,Hotel De Ville -> Anatole France
