code_insee,rang,commune,dep,PMUN,dans_MEL,score_meilleur_temps_vers_lille_min,score_ratio_alternatif_vs_voiture,score_option_sans_voiture,score_trains_arr_lille_matin,score_cout_mensuel_meilleur_mode_eur,score_indice_congestion,score_acces_gare_proche_moy_min,score_cyclable_util_km_1000hab,score_prix_maison_m2,score_prix_appart_m2,score_loyers_maison_m2,score_apl_mg_m65,score_apl_dent,score_acces_urgences_moy_min,score_acces_maternite_moy_min,score_apl_mg_evol_pct,score_couverture_petite_enfance_epci,score_acces_college_moy_min,score_acces_lycee_moy_min,score_college_sur_place,score_commerces_essentiels_sur_place,score_acces_supermarche_moy_min,score_resto_pour_1000hab,score_surf_ev_m2_par_hab,score_clubs_pour_1000hab,score_acces_piscine_moy_min,score_acces_randonnee_moy_min,score_cambriolages_taux,score_degradations_taux,score_vols_sans_violence_taux,score_vols_vehicules_taux,score_air_pct_jours_degrades,score_artif_pct_2009_2024,score_imper_pct_2021,score_risque_minier,score_catnat_inondation_depuis_2010_n,score_rga_pct_moyen_fort,score_part_logts_vacants,score_part_passoires_pct,score_evol_pop_2016_2022_pct,score_transport,score_prix_immobilier,score_sante,score_education,score_commerces,score_sport_nature,score_securite,score_environnement,score_cadre_urbain,score_global_brut,score_global
59386,1,Marquette-lez-Lille,59,11213,True,17.64,13.48,20.0,7.14,20.0,11.9,16.44,5.25,2.09,0.0,0.0,15.05,13.65,13.02,13.97,14.94,11.02,15.66,15.87,20.0,20.0,18.8,10.89,0.63,8.61,16.7,12.98,9.11,11.75,11.36,0.0,3.63,10.76,2.55,20.0,15.56,14.58,15.53,17.89,20.0,14.11,1.25,14.14,14.58,18.08,8.44,8.62,12.76,17.61,13.31,20.0
59266,2,Gondecourt,59,4050,False,15.47,13.7,20.0,17.14,14.86,6.23,8.64,5.87,8.6,6.61,0.8,5.96,5.79,17.81,17.83,4.97,18.16,16.87,18.02,20.0,17.14,17.59,6.53,1.78,19.34,9.55,18.78,2.36,14.22,18.4,13.53,7.27,16.78,14.69,20.0,11.11,20.0,13.18,13.22,9.09,13.23,6.64,10.35,17.96,15.52,11.42,11.43,16.02,12.08,13.28,19.92
59343,3,Lesquin,59,9241,True,17.11,7.61,20.0,8.57,16.29,16.2,18.47,16.83,3.44,0.0,1.97,16.39,16.63,13.53,13.23,14.7,11.02,17.59,9.26,20.0,20.0,17.29,20.0,1.12,9.76,14.36,6.72,10.18,9.1,0.0,0.0,7.27,0.0,4.0,20.0,20.0,20.0,12.0,18.83,20.0,14.82,2.46,15.14,13.59,19.1,7.19,5.46,13.02,16.67,13.14,19.46
59527,4,Saint-André-lez-Lille,59,12942,True,18.82,15.0,20.0,7.14,20.0,11.26,18.47,10.66,2.41,0.0,14.05,6.48,6.41,13.14,14.85,19.41,11.02,17.83,17.19,20.0,20.0,18.2,12.32,0.34,6.51,18.63,12.82,11.08,12.44,10.98,2.48,3.63,17.2,0.0,20.0,15.56,16.62,12.0,16.61,12.24,15.15,4.26,10.48,15.53,18.12,8.14,9.78,14.12,13.74,13.07,19.24
59560,5,Seclin,59,12834,True,17.49,15.22,20.0,17.14,14.86,5.72,17.46,8.42,9.69,4.41,9.38,8.37,8.61,19.47,18.44,6.4,11.02,16.39,16.69,20.0,20.0,16.39,20.0,1.47,10.3,16.84,12.52,7.5,0.0,0.0,0.0,8.17,16.66,10.95,20.0,15.56,15.02,10.82,16.49,11.52,14.82,8.57,12.31,14.99,18.8,9.11,2.34,15.45,13.07,12.94,18.83
59295,6,Hazebrouck,59,21498,False,12.99,12.83,20.0,20.0,5.71,8.05,17.46,9.88,11.18,10.18,13.2,3.85,6.92,20.0,19.41,17.71,17.43,17.83,18.51,20.0,20.0,17.59,11.85,1.97,14.04,17.53,12.52,19.31,8.19,10.3,17.78,2.72,15.49,13.38,20.0,0.0,1.26,9.18,9.36,6.79,13.31,11.38,11.82,18.1,17.84,10.41,13.99,9.32,8.59,12.75,18.19
59507,7,Ronchin,59,19437,True,18.04,10.87,20.0,7.14,20.0,10.48,17.8,7.72,9.21,7.29,11.29,13.01,13.64,17.41,16.93,14.29,11.02,18.07,15.21,20.0,17.14,17.29,4.94,0.16,13.61,18.35,7.63,7.21,7.59,10.35,6.3,6.36,15.12,0.01,20.0,15.56,20.0,13.65,5.26,8.48,14.06,9.24,14.86,15.14,15.16,8.88,7.92,14.56,9.19,12.7,18.03
59202,8,Erquinghem-Lys,59,5356,True,14.92,13.48,20.0,20.0,12.0,0.0,16.1,2.93,7.36,8.3,7.97,10.57,9.41,18.62,18.1,14.38,11.02,14.7,15.7,0.0,14.29,16.69,10.89,3.23,11.27,15.33,1.53,13.81,13.4,18.59,14.64,4.55,10.88,15.38,20.0,20.0,2.54,15.06,14.27,12.61,12.83,7.67,13.7,11.91,14.52,7.45,15.06,13.04,14.1,12.67,17.95
59017,9,Armentières,59,25581,True,16.92,18.26,20.0,20.0,12.0,13.16,17.46,6.25,11.32,14.34,11.95,4.9,4.99,19.63,19.06,8.37,11.02,18.07,18.84,20.0,20.0,17.89,16.2,0.72,11.08,16.98,0.92,11.71,1.74,3.57,10.97,4.55,19.91,0.0,20.0,11.11,11.22,4.24,13.8,11.52,15.86,12.05,10.78,15.99,18.66,6.77,7.04,12.75,9.7,12.66,17.93
59648,10,Wattignies,59,15531,True,16.07,7.39,20.0,7.14,20.0,11.44,17.63,4.4,8.27,13.23,16.16,5.48,5.5,16.71,17.26,5.42,11.02,17.59,11.57,20.0,20.0,16.99,5.47,0.27,10.06,18.76,16.49,6.83,8.23,6.86,5.01,7.27,11.0,7.14,20.0,15.56,20.0,12.0,16.84,16.85,13.02,10.84,9.83,14.14,16.58,9.82,6.85,14.75,15.08,12.66,17.91
59383,11,Marly,59,12024,False,8.87,5.0,20.0,18.57,5.14,12.38,12.03,9.96,16.94,7.99,13.7,10.05,10.37,15.66,15.32,14.92,4.72,15.66,16.69,20.0,20.0,17.29,4.83,0.53,10.54,16.98,12.98,14.17,3.51,10.21,12.28,4.55,17.47,7.98,20.0,20.0,20.0,8.47,14.97,11.27,11.24,14.5,12.66,12.55,16.57,8.98,10.16,16.86,11.6,12.63,17.82
59466,12,Pont-à-Marcq,59,2883,False,14.05,6.74,20.0,11.43,14.0,7.67,7.46,18.15,5.08,2.67,0.14,10.84,11.14,9.04,8.42,10.52,18.16,19.28,3.31,20.0,17.14,17.89,12.91,0.62,12.53,18.76,15.88,13.69,11.53,15.79,15.28,7.27,0.02,6.08,20.0,11.11,18.5,14.82,16.49,12.85,12.3,3.61,10.09,15.21,16.68,10.48,13.97,11.22,14.89,12.57,17.61
59360,13,Loos,59,23013,True,17.25,11.09,20.0,7.14,20.0,11.07,18.64,9.73,7.35,7.58,16.94,3.4,2.39,18.1,16.29,10.0,11.02,17.83,18.02,20.0,20.0,18.5,14.56,0.41,9.16,16.84,16.95,12.51,3.13,5.83,4.93,6.36,10.25,2.3,20.0,20.0,20.0,4.71,15.91,10.91,14.25,9.31,9.18,15.73,18.59,9.34,7.07,14.78,10.47,12.54,17.54
59317,14,Houplines,59,7897,True,15.03,11.96,20.0,20.0,12.0,11.5,12.88,12.36,7.52,11.48,8.01,7.78,7.39,15.98,15.56,7.99,11.02,16.39,14.05,20.0,14.29,15.79,3.35,1.56,14.52,12.03,5.5,14.38,12.59,15.57,13.2,5.45,19.16,14.27,20.0,15.56,0.96,10.35,13.92,7.27,14.63,8.41,10.79,14.37,12.97,7.9,14.01,13.4,10.81,12.48,17.32
62865,15,Vitry-en-Artois,62,4787,False,11.7,10.43,20.0,15.71,8.57,2.54,18.81,3.09,16.22,13.41,14.95,4.9,4.79,12.98,12.41,10.05,12.44,13.73,3.8,20.0,20.0,17.89,7.76,4.64,12.59,19.18,0.0,13.2,14.33,14.56,16.43,8.17,15.64,17.67,20.0,20.0,16.5,12.47,10.29,11.52,11.28,15.4,8.37,11.68,17.26,8.74,14.43,17.33,11.42,12.46,17.27
59328,16,Lambersart,59,27121,True,18.23,14.13,20.0,7.14,20.0,9.71,13.56,7.88,0.0,2.71,13.51,9.98,9.69,15.63,18.02,20.0,11.02,17.83,18.35,20.0,20.0,18.5,7.65,0.24,6.87,18.63,12.52,4.54,10.67,12.61,6.32,3.63,17.02,0.0,20.0,15.56,11.82,10.12,14.39,3.88,14.03,3.24,13.37,15.8,17.44,8.14,8.42,13.12,9.97,12.42,17.15
59286,17,Haubourdin,59,14757,True,15.54,9.78,20.0,7.14,15.43,6.44,18.14,11.97,8.49,7.21,16.82,7.08,5.67,14.37,12.8,15.84,11.02,17.83,15.87,20.0,20.0,17.89,6.48,1.02,9.82,16.29,13.74,11.86,6.12,10.09,6.86,6.36,11.3,3.43,20.0,20.0,20.0,12.24,13.1,6.06,12.77,9.9,10.2,15.22,17.04,8.96,9.04,15.14,10.87,12.42,17.14
59079,18,Beuvrages,59,6784,False,8.5,2.61,20.0,18.57,5.14,10.72,18.64,1.31,19.11,19.8,16.67,5.41,6.8,15.28,14.58,17.47,4.72,17.83,12.56,20.0,17.14,17.29,3.13,0.65,13.31,14.78,10.84,18.82,8.26,16.02,15.95,5.45,12.29,7.38,20.0,15.56,20.0,9.41,17.19,8.61,10.49,18.76,10.48,12.22,14.85,8.89,14.94,14.92,12.02,12.4,17.06
59449,19,Orchies,59,8455,False,15.6,12.61,20.0,18.57,11.43,2.81,17.97,16.91,11.51,9.16,8.95,9.59,7.12,0.0,0.0,19.24,18.16,15.42,16.53,20.0,20.0,16.99,17.58,1.19,12.83,17.66,13.28,15.81,7.2,7.4,9.38,6.36,14.28,12.11,20.0,11.11,10.78,8.24,14.04,2.79,14.37,10.53,6.39,17.19,18.59,10.01,10.35,13.27,8.86,12.39,17.05
59350,20,Lille,59,236710,True,20.0,20.0,20.0,7.14,20.0,11.55,15.59,8.42,0.0,1.35,11.79,10.29,9.43,17.41,17.01,20.0,11.02,17.83,17.69,20.0,20.0,18.8,20.0,0.2,6.81,16.56,12.82,6.55,0.52,0.0,0.0,4.55,18.22,0.0,20.0,20.0,13.06,4.24,12.51,9.45,15.57,2.63,13.71,15.65,19.6,7.76,2.18,14.56,8.67,12.39,17.04
59278,21,Hallennes-lez-Haubourdin,59,4718,True,13.78,4.78,20.0,7.14,14.57,0.0,14.58,20.0,7.19,5.86,6.69,18.88,15.64,14.27,12.68,16.81,11.02,15.42,11.4,0.0,8.57,15.79,18.01,0.76,8.92,12.85,12.06,15.93,9.76,13.62,6.41,6.36,7.03,9.05,20.0,20.0,6.02,16.71,14.85,20.0,11.31,6.82,16.08,11.11,12.55,7.61,12.02,12.24,16.93,12.37,16.97
59368,22,La Madeleine,59,22488,True,19.8,16.09,20.0,7.14,20.0,15.29,18.64,7.64,0.0,0.48,12.18,6.87,6.98,14.94,14.6,20.0,11.02,17.59,17.69,20.0,20.0,19.1,13.44,0.05,6.45,18.9,14.05,9.79,10.09,5.14,2.53,4.55,19.67,0.0,20.0,20.0,2.02,2.35,15.09,11.39,15.72,2.53,11.17,15.58,18.61,8.33,7.34,12.64,9.45,12.34,16.89
59586,23,Templeuve-en-Pévèle,59,6705,False,16.02,12.17,20.0,11.43,14.0,13.32,17.8,7.57,5.27,0.44,0.0,6.0,4.53,3.08,2.79,16.05,18.16,11.57,8.26,0.0,20.0,15.49,7.92,7.56,9.88,17.66,18.32,16.27,13.02,12.54,16.39,8.17,12.9,16.33,20.0,15.56,10.28,8.47,13.92,20.0,14.04,3.25,5.52,11.76,16.48,12.35,14.55,14.47,13.6,12.34,16.89
59034,24,Avelin,59,2600,False,14.68,6.09,20.0,17.14,14.86,5.72,8.98,20.0,0.0,1.75,1.38,14.76,15.12,11.47,10.75,7.5,18.16,8.92,6.94,0.0,17.14,13.68,20.0,10.63,18.55,13.68,11.91,0.0,9.91,18.4,9.16,6.36,16.45,16.44,20.0,15.56,15.42,10.82,17.54,0.36,13.4,0.63,12.78,10.67,16.46,13.61,8.8,16.1,10.41,12.3,16.76
59378,25,Marcq-en-Barœul,59,39356,True,17.06,5.65,20.0,7.14,20.0,16.76,15.93,7.95,0.0,0.0,11.33,9.28,9.15,13.04,13.01,17.08,11.02,17.11,17.52,20.0,20.0,17.59,14.56,0.4,8.55,17.8,13.44,1.5,12.07,7.29,8.71,3.63,16.81,1.46,20.0,15.56,9.06,10.12,16.02,9.7,13.83,2.27,11.43,15.4,18.29,8.66,6.94,12.72,12.15,12.26,16.63
59009,26,Villeneuve-d'Ascq,59,62067,True,16.84,4.57,20.0,5.71,11.93,18.4,16.78,11.12,1.65,1.37,9.42,8.73,9.69,13.2,14.61,15.26,11.02,18.07,16.86,20.0,20.0,17.59,20.0,1.22,10.36,16.84,14.2,6.91,3.81,0.0,0.0,2.72,11.45,4.18,20.0,20.0,14.68,14.35,17.43,6.18,13.02,3.15,11.44,15.52,19.2,9.38,3.11,13.96,13.24,12.25,16.6
59043,27,Bailleul,59,14869,False,15.15,14.78,20.0,20.0,9.14,1.55,16.95,12.36,6.52,8.52,8.6,7.25,5.59,8.15,8.08,19.68,17.43,15.18,16.53,20.0,17.14,15.49,11.42,5.56,12.53,15.19,16.79,12.22,7.95,10.77,14.99,4.55,16.15,16.58,20.0,0.0,1.08,12.0,11.93,8.36,13.81,7.34,8.45,16.86,15.64,11.59,11.31,9.96,10.98,12.18,16.35
59143,28,La Chapelle-d'Armentières,59,8719,True,15.53,12.83,20.0,20.0,12.0,0.0,16.1,9.73,4.78,3.2,10.94,11.99,11.33,17.97,17.47,13.17,11.02,15.18,13.72,20.0,20.0,16.99,8.55,1.18,11.08,13.4,0.46,0.26,12.39,15.24,11.21,4.55,4.89,11.05,20.0,20.0,0.0,13.41,12.63,11.27,13.5,5.7,14.18,13.94,17.09,6.12,9.09,10.75,12.54,12.17,16.32
59410,29,Mons-en-Barœul,59,21467,True,19.21,11.09,20.0,1.43,20.0,16.34,15.76,4.25,1.04,13.72,12.11,8.28,8.45,14.65,14.64,19.21,11.02,18.8,15.54,20.0,20.0,17.89,5.68,0.1,7.59,18.76,11.45,3.91,10.02,10.68,6.76,6.36,20.0,0.0,20.0,20.0,0.0,8.0,15.44,9.21,13.68,5.79,11.78,15.43,16.91,8.1,7.66,12.42,11.04,12.15,16.26
59462,30,Phalempin,59,4849,False,14.96,11.74,20.0,7.14,13.43,1.63,17.63,10.27,8.67,3.29,5.95,7.22,7.98,15.36,14.44,3.21,18.16,3.86,10.58,0.0,17.14,15.49,6.59,7.18,19.88,10.38,14.81,14.11,14.98,16.66,7.72,8.17,17.26,14.73,20.0,15.56,14.94,11.53,12.98,8.85,11.86,7.05,9.95,10.03,14.83,12.73,13.77,16.06,11.33,12.13,16.2
59544,31,Saint-Saulve,59,11117,False,8.97,5.65,20.0,18.57,5.14,12.06,9.83,10.89,13.68,14.47,13.12,7.94,9.63,12.97,18.75,16.02,4.72,17.11,14.71,20.0,20.0,16.69,4.78,2.14,9.22,17.66,16.34,16.35,10.56,14.94,15.63,4.55,15.4,11.56,0.0,15.56,20.0,7.53,15.91,5.7,11.19,13.73,11.77,12.51,16.36,9.97,14.42,12.04,10.08,12.1,16.1
59165,32,Cuincy,59,6472,False,12.37,9.78,20.0,15.71,8.57,0.08,11.19,5.1,16.12,14.2,15.65,7.68,9.95,16.09,15.39,0.0,7.45,16.14,15.21,0.0,17.14,18.2,9.03,2.43,12.11,15.88,15.42,5.9,11.6,17.13,12.14,7.27,15.67,8.52,20.0,20.0,16.36,12.0,14.04,7.03,10.54,15.64,10.48,10.96,16.14,10.3,11.3,16.03,11.39,12.1,16.1
59630,33,Wahagnies,59,2605,False,15.0,13.26,20.0,17.14,12.29,7.81,15.59,20.0,10.92,3.63,10.23,4.11,4.38,8.78,8.08,4.65,18.16,13.73,12.07,0.0,11.43,11.88,4.09,6.77,11.57,17.25,15.27,10.86,12.78,13.9,16.1,9.08,16.03,16.97,20.0,15.56,13.5,13.41,10.53,5.7,14.88,9.32,5.89,13.29,10.36,11.85,13.08,15.89,10.26,12.1,16.09
62004,34,Achicourt,62,7938,False,10.01,10.43,20.0,2.86,2.57,9.47,13.39,2.7,13.74,9.34,13.47,6.89,8.46,13.57,13.27,14.11,12.86,17.11,13.06,20.0,20.0,15.49,3.35,0.7,10.6,18.08,8.7,14.21,7.8,14.44,14.66,6.36,14.76,10.47,20.0,20.0,20.0,9.65,14.27,9.7,8.56,12.81,10.38,15.0,15.72,8.42,12.75,16.77,11.34,12.08,16.03
59456,35,Pecquencourt,59,6232,False,11.25,8.91,20.0,2.86,6.57,11.58,14.92,13.82,17.38,19.37,18.19,9.31,6.37,7.59,7.07,5.94,7.66,17.11,14.21,20.0,20.0,17.29,5.95,6.8,11.63,9.14,15.42,13.94,7.26,15.97,13.47,5.45,15.46,14.66,0.0,20.0,20.0,6.35,16.84,9.94,10.53,17.94,7.7,13.43,16.76,10.28,12.69,13.41,11.14,11.96,15.66
59129,36,Cappelle-en-Pévèle,59,2262,False,14.78,10.87,20.0,11.43,14.0,9.6,14.58,20.0,5.02,0.32,1.73,6.63,6.13,4.23,3.82,16.16,18.16,16.39,6.45,20.0,11.43,11.58,7.07,7.66,8.01,15.88,18.02,14.67,13.99,18.4,16.1,6.36,12.08,16.96,20.0,6.67,4.7,12.0,17.78,7.64,14.01,3.42,6.47,15.1,10.75,11.47,15.7,11.38,12.91,11.95,15.63
59557,37,Saultain,59,2553,False,8.01,3.91,0.0,18.57,5.14,12.33,6.95,14.59,12.98,14.11,11.48,9.11,8.2,12.46,13.12,11.3,4.72,13.73,17.52,0.0,14.29,13.98,6.27,1.76,14.16,12.99,15.73,12.62,12.56,17.93,13.53,5.45,14.1,15.08,20.0,15.56,20.0,11.76,17.08,15.88,9.06,12.91,10.52,9.83,12.85,10.11,14.1,16.31,14.82,11.95,15.61
59168,38,Cysoing,59,4722,False,13.48,5.65,20.0,8.57,15.14,13.53,6.78,16.99,3.5,0.0,0.0,6.27,5.26,1.69,1.9,17.05,18.16,16.87,8.6,20.0,20.0,16.39,19.12,14.89,16.57,6.25,18.63,13.06,15.26,12.47,14.85,6.36,14.25,17.61,20.0,6.67,19.74,9.41,10.06,0.0,12.3,2.1,5.39,15.75,18.65,14.36,13.8,14.9,7.08,11.94,15.59
59653,39,Wavrin,59,7773,True,13.97,10.22,20.0,7.14,13.43,0.0,19.49,13.9,9.27,7.93,3.1,8.83,7.61,8.76,8.53,14.42,11.02,16.14,8.93,20.0,17.14,13.68,3.4,2.72,13.19,6.53,9.62,15.81,8.92,11.88,13.31,5.45,17.11,14.41,20.0,20.0,11.06,14.35,13.22,8.61,11.77,7.77,9.07,13.09,13.7,7.65,12.64,15.92,12.37,11.91,15.5
62764,40,Saint-Nicolas,62,4603,False,9.01,6.74,20.0,2.86,2.57,8.66,13.56,1.93,13.7,7.66,8.36,8.44,9.83,17.83,17.33,9.83,12.86,16.63,14.88,20.0,11.43,16.09,2.28,0.66,13.07,17.8,14.05,19.12,5.0,14.59,16.43,7.27,18.13,9.54,20.0,20.0,20.0,9.65,17.54,0.0,7.75,11.42,12.34,15.28,11.46,10.08,13.95,17.38,9.89,11.91,15.49
62263,41,Dainville,62,5703,False,9.03,9.57,20.0,2.86,2.57,9.55,6.44,10.89,12.11,8.95,12.07,6.7,7.18,16.64,16.23,20.0,12.86,12.05,14.55,20.0,17.14,15.19,3.72,1.83,10.54,13.81,16.64,9.7,11.9,10.75,16.12,6.36,13.5,14.16,20.0,20.0,20.0,10.82,12.63,9.33,8.37,11.47,11.79,13.86,14.25,9.51,11.72,17.01,11.07,11.89,15.44
59431,42,Nieppe,59,7606,False,13.78,11.52,20.0,7.14,10.86,0.0,16.78,10.97,5.93,1.25,9.34,8.92,8.41,17.15,16.69,15.91,17.43,16.87,13.55,20.0,20.0,12.48,9.77,3.43,15.06,15.6,3.82,1.6,8.62,12.32,11.89,5.45,16.3,15.09,20.0,20.0,1.56,10.12,8.77,10.06,11.06,5.68,12.56,16.65,15.79,9.04,7.96,13.95,9.61,11.87,15.36
59044,43,Baisieux,59,5177,True,15.49,5.22,20.0,5.71,14.86,13.96,17.46,18.76,3.38,0.45,1.81,8.01,8.37,6.2,6.42,14.67,11.02,3.86,9.59,0.0,20.0,18.2,9.24,2.49,15.12,5.15,14.96,12.03,14.83,14.59,17.31,3.63,10.52,14.87,20.0,11.11,14.96,13.88,14.15,20.0,13.39,2.48,8.05,7.28,17.61,8.88,14.36,13.54,15.65,11.86,15.33
59526,44,Saint-Amand-les-Eaux,59,15980,False,13.13,10.87,20.0,18.57,8.29,10.24,16.44,14.83,13.42,14.32,20.0,7.3,5.02,6.69,6.7,16.5,6.04,15.18,16.36,20.0,20.0,16.09,13.65,3.65,13.55,16.7,1.68,18.3,2.61,8.58,11.11,7.27,13.26,15.25,20.0,15.56,20.0,0.0,11.7,5.33,13.82,14.92,7.51,12.8,17.64,8.51,10.6,16.28,5.71,11.85,15.3
59523,45,Sainghin-en-Mélantois,59,2848,True,14.94,0.0,20.0,8.57,16.29,13.64,11.02,20.0,0.0,0.0,0.0,10.89,10.63,10.46,10.29,16.25,11.02,6.27,6.78,0.0,20.0,17.89,14.93,6.37,14.82,12.03,10.69,3.91,14.18,12.54,11.05,5.45,13.17,14.46,20.0,15.56,20.0,10.59,14.74,13.21,12.73,0.0,11.16,7.33,18.45,10.62,9.97,16.04,12.81,11.82,15.21
59158,46,Coutiches,59,3246,False,13.41,8.91,20.0,18.57,11.43,2.33,7.12,4.17,8.04,8.11,0.8,9.93,8.63,0.0,0.0,19.93,18.16,6.02,8.26,0.0,17.14,3.46,3.29,11.97,13.01,9.69,10.53,12.97,19.16,18.4,16.1,5.45,14.91,18.54,20.0,15.56,13.86,13.18,14.39,19.88,11.25,6.61,6.85,10.12,10.27,11.5,16.46,15.7,15.45,11.82,15.2
62528,47,Loos-en-Gohelle,62,6896,False,9.6,7.39,20.0,17.14,7.71,5.64,14.07,11.97,17.24,14.84,15.54,9.14,8.19,15.04,14.23,6.62,3.73,15.9,12.73,20.0,20.0,16.99,10.04,1.72,16.63,11.34,12.82,11.46,0.71,12.47,13.16,6.36,12.08,14.89,0.0,20.0,20.0,8.47,13.92,9.94,11.33,16.42,10.85,11.34,17.34,9.84,9.34,12.83,10.85,11.82,15.2
59156,48,Courchelettes,59,2881,False,12.86,12.83,20.0,15.71,8.57,5.91,14.24,0.54,17.74,11.45,15.93,3.28,4.55,17.98,17.19,0.0,7.45,12.05,12.56,0.0,8.57,18.8,3.67,0.54,14.64,14.78,5.8,14.67,10.52,18.4,16.1,7.27,19.01,5.31,20.0,20.0,16.28,15.06,13.8,8.97,11.58,16.12,8.7,9.13,11.16,8.2,14.83,16.25,12.94,11.81,15.17
62836,49,Vaudricourt,62,1104,False,9.87,11.3,20.0,11.43,6.57,10.19,11.02,0.69,12.23,16.63,4.04,7.56,7.97,15.62,15.17,9.38,7.45,12.53,10.58,0.0,8.57,15.79,4.83,7.31,10.9,11.89,9.92,16.2,14.16,18.05,17.7,4.55,12.05,16.37,20.0,15.56,10.28,16.94,11.23,20.0,10.11,11.47,10.82,8.8,10.35,9.71,16.43,14.06,15.7,11.8,15.13
59329,50,Lambres-lez-Douai,59,4926,False,13.48,13.04,20.0,15.71,8.57,2.59,13.05,16.22,16.61,14.42,16.04,3.76,6.0,19.87,18.94,0.05,7.45,15.66,16.03,20.0,20.0,17.59,17.26,2.57,18.37,17.25,8.85,0.0,9.83,11.74,9.77,6.36,0.0,8.99,20.0,20.0,16.34,5.65,12.4,0.24,12.65,16.06,9.84,13.36,18.74,10.98,7.22,12.89,6.63,11.72,14.88
59051,51,La Bassée,59,6622,True,14.15,13.48,20.0,11.43,10.29,0.0,19.15,11.2,14.19,12.41,8.91,8.66,7.53,7.17,7.14,17.23,11.02,19.04,18.18,20.0,20.0,17.59,18.43,0.13,10.9,9.97,6.56,17.32,7.56,9.15,13.68,4.55,6.16,5.97,20.0,11.11,4.16,7.06,12.28,11.03,12.19,12.78,8.69,16.12,18.94,6.26,12.16,9.39,10.04,11.72,14.86
59592,52,Thumeries,59,4029,False,10.99,3.91,20.0,7.14,11.14,12.22,9.83,0.46,11.05,4.51,6.14,4.19,3.98,5.39,4.93,6.49,18.16,16.63,8.6,20.0,17.14,16.69,3.93,7.85,14.94,12.16,18.47,14.08,14.1,15.53,16.06,9.08,16.06,15.06,20.0,20.0,18.1,11.76,3.63,12.0,9.47,8.76,4.76,15.68,14.79,12.73,14.82,17.45,8.87,11.71,14.85
59585,53,Templemars,59,3635,True,16.53,8.91,20.0,7.14,16.0,10.48,19.32,10.42,6.76,3.47,1.85,7.44,8.07,14.78,15.51,7.07,11.02,14.94,9.09,0.0,11.43,13.98,11.69,0.55,9.94,15.88,14.35,3.41,8.3,15.36,7.64,7.27,16.9,10.45,20.0,15.56,20.0,12.24,10.29,16.12,13.4,5.12,10.43,10.42,12.32,8.88,8.41,16.37,12.59,11.7,14.81
59220,54,Faches-Thumesnil,59,18110,True,17.25,9.78,20.0,7.14,20.0,14.14,16.78,2.78,9.38,7.74,13.47,3.37,4.92,17.47,17.38,8.47,11.02,17.59,14.71,20.0,20.0,17.29,11.42,0.16,7.29,16.01,11.15,0.43,7.99,7.26,0.0,6.36,2.15,0.0,20.0,11.11,20.0,13.41,13.1,11.15,13.66,9.87,9.51,14.88,17.67,7.43,3.95,11.08,12.68,11.7,14.8
59271,55,Grande-Synthe,59,20331,False,2.34,0.22,20.0,5.71,0.0,15.13,11.69,7.49,13.73,19.96,8.79,3.95,6.44,19.4,8.8,20.0,9.03,19.04,18.68,20.0,20.0,17.89,8.34,3.14,13.61,18.21,18.47,18.01,1.4,11.15,12.94,1.81,14.01,6.07,20.0,20.0,6.18,13.88,18.25,0.0,6.78,13.99,10.32,15.54,17.35,12.01,11.19,12.97,11.68,11.69,14.77
59414,56,Montigny-en-Ostrevent,59,4681,False,12.35,11.96,20.0,2.86,6.57,11.58,17.8,9.42,16.2,18.83,16.39,4.74,4.01,9.3,8.18,6.62,7.66,15.18,17.85,0.0,14.29,17.89,5.68,3.26,10.3,9.42,19.08,14.67,11.55,18.09,16.1,5.45,12.75,12.73,20.0,20.0,20.0,11.76,13.1,1.21,11.0,16.76,6.36,11.37,14.06,9.53,15.01,16.61,9.37,11.67,14.72
59553,57,Santes,59,5660,True,14.76,10.43,20.0,7.14,14.57,2.41,19.15,10.12,6.62,4.91,0.0,7.2,6.37,11.31,10.24,14.29,11.02,11.08,11.07,0.0,17.14,16.69,4.67,5.08,10.66,9.83,18.17,10.77,15.99,16.92,12.96,6.36,16.03,11.34,20.0,20.0,13.82,16.24,10.18,3.88,12.01,4.95,9.13,9.75,14.91,10.14,14.02,15.91,10.67,11.65,14.64
59011,58,Annœullin,59,10780,True,12.21,9.13,20.0,7.14,11.14,3.61,14.41,5.48,11.22,9.11,16.47,4.67,4.28,10.03,10.34,9.57,11.02,16.87,8.6,20.0,20.0,16.39,5.42,0.79,10.6,5.57,15.27,15.74,7.44,16.49,16.88,6.36,5.13,12.33,20.0,15.56,20.0,14.82,11.46,10.79,10.19,11.85,7.15,13.23,16.37,7.26,14.07,14.21,12.5,11.64,14.63
59452,59,Ostricourt,59,5829,False,12.99,8.91,20.0,7.14,11.14,2.33,16.78,5.71,15.25,14.61,13.9,4.52,4.19,8.45,5.39,4.93,18.16,17.59,13.39,20.0,17.14,16.09,5.47,5.61,10.36,15.33,14.05,14.32,7.56,13.22,13.45,8.17,9.29,13.4,0.0,20.0,15.9,4.71,12.63,20.0,10.41,14.85,5.56,17.09,14.84,10.51,12.19,11.37,11.76,11.64,14.61
59611,60,Verlinghem,59,2673,True,14.9,6.74,20.0,7.14,20.0,10.16,11.69,20.0,0.0,0.0,0.0,10.33,9.56,13.81,15.12,16.34,11.02,11.08,10.25,0.0,11.43,10.38,3.98,8.62,13.49,11.2,18.32,0.12,15.88,15.27,9.55,1.81,16.24,16.84,20.0,11.11,0.28,16.24,13.92,17.7,13.41,0.0,12.27,9.56,9.84,12.37,9.62,11.89,15.79,11.64,14.6
59170,61,Dechy,59,5351,False,13.05,13.04,20.0,15.71,8.57,5.24,16.44,5.56,20.0,19.46,16.59,4.95,5.68,16.82,15.38,1.65,7.45,17.35,15.37,20.0,14.29,17.29,6.96,3.28,6.75,16.15,7.79,6.99,4.53,7.29,11.56,6.36,13.56,14.37,0.0,20.0,19.64,10.59,14.62,7.03,12.22,19.21,9.09,13.7,14.07,7.68,7.31,12.98,11.08,11.62,14.57
59155,62,Coudekerque-Branche,59,20765,False,3.71,1.09,20.0,5.71,0.0,14.73,18.31,5.71,11.73,16.02,9.38,5.12,8.05,17.36,16.89,14.59,9.03,19.76,18.51,20.0,20.0,18.2,6.91,0.82,7.83,13.26,13.13,15.2,9.42,14.73,16.39,3.63,19.16,4.85,20.0,20.0,0.0,11.76,15.09,4.12,7.57,12.12,11.18,15.71,17.22,7.64,13.86,12.72,10.89,11.62,14.56
62173,63,Brebières,62,5169,False,12.5,11.96,20.0,15.71,8.57,5.24,18.14,2.47,15.34,13.03,16.16,5.33,5.77,16.32,15.6,7.47,12.44,7.23,8.93,0.0,17.14,14.59,5.15,2.48,5.84,14.5,2.75,16.46,10.26,16.0,15.69,8.17,0.0,13.58,20.0,20.0,16.92,10.82,14.15,13.7,11.85,15.04,9.7,8.62,14.29,5.83,14.65,13.74,12.82,11.6,14.5
59299,64,Hem,59,18713,True,13.99,0.0,20.0,5.71,16.29,16.5,7.12,8.26,5.91,6.72,5.48,10.5,10.51,16.36,16.04,12.44,11.02,15.9,13.55,20.0,20.0,16.99,4.57,0.96,8.37,17.66,9.92,0.0,11.18,13.41,4.89,2.72,12.69,6.85,20.0,20.0,3.98,13.41,16.14,4.0,11.02,5.99,12.87,14.11,16.42,8.07,7.06,12.43,11.84,11.58,14.43
59250,65,Fournes-en-Weppes,59,2190,True,12.23,5.65,20.0,7.14,13.43,0.0,10.34,20.0,1.79,5.38,2.71,10.14,8.53,8.16,7.05,17.13,11.02,17.59,12.4,20.0,14.29,14.29,12.11,3.56,11.02,14.64,18.78,14.67,15.32,18.4,13.8,5.45,17.74,17.35,20.0,15.56,1.38,12.71,11.23,3.52,10.57,2.69,9.59,14.33,13.93,10.81,15.6,13.61,9.67,11.58,14.41
59015,66,Arleux,59,3151,False,11.09,11.3,20.0,15.71,8.57,8.8,16.95,0.0,17.61,15.75,18.07,2.75,2.3,10.07,7.96,11.07,7.45,15.66,0.0,20.0,17.14,13.68,6.75,4.62,19.1,7.35,12.37,15.45,10.97,9.78,15.05,9.08,15.46,17.64,20.0,20.0,17.66,9.18,11.11,6.91,11.57,17.33,5.94,9.59,14.26,10.58,12.84,17.58,9.26,11.57,14.39
59088,67,Bois-Grenier,59,1793,True,15.49,13.04,20.0,20.0,12.0,0.0,13.56,1.62,3.62,2.01,3.57,13.66,11.83,16.35,15.92,15.21,11.02,11.33,10.91,0.0,8.57,6.47,14.82,2.7,20.0,11.2,7.94,0.0,14.24,18.4,16.1,3.63,16.21,17.04,20.0,20.0,0.0,4.94,14.15,19.88,12.55,3.29,14.42,9.79,8.91,10.06,11.18,13.76,12.36,11.56,14.34
59457,68,Pérenchies,59,8519,True,15.74,11.3,20.0,7.14,14.57,10.13,17.63,2.7,7.31,4.26,0.88,6.94,7.2,17.1,15.79,15.57,11.02,15.66,10.91,20.0,20.0,16.69,5.63,0.13,10.6,11.2,11.6,11.29,8.66,11.43,9.16,4.55,14.97,1.74,20.0,11.11,0.0,12.47,15.79,7.88,12.45,5.41,11.49,13.42,16.5,7.43,10.27,9.75,12.43,11.56,14.34
62276,69,Douvrin,62,5795,False,13.07,12.17,20.0,11.43,10.29,2.25,14.58,16.68,15.04,13.79,14.21,7.82,6.81,9.55,9.42,13.9,7.45,15.66,12.23,20.0,20.0,16.69,9.19,3.09,10.42,4.88,2.44,16.06,10.84,13.36,13.84,4.55,1.88,11.96,0.0,6.67,20.0,12.71,12.63,17.94,12.16,14.62,8.85,12.47,17.1,5.27,13.66,7.61,14.11,11.52,14.25
59512,70,Roubaix,59,98892,True,16.47,10.0,20.0,5.71,15.43,12.65,15.25,7.34,16.98,14.07,8.4,7.75,5.86,18.82,18.28,4.46,11.02,18.8,18.84,20.0,20.0,18.5,20.0,0.04,6.33,18.35,6.87,5.23,0.0,0.0,0.0,2.72,19.91,0.0,20.0,15.56,0.62,0.94,14.62,10.06,12.85,14.68,11.22,16.2,19.5,6.75,1.63,11.4,8.4,11.51,14.21
59228,71,Férin,59,1447,False,12.91,12.39,20.0,15.71,8.57,4.3,10.34,13.75,15.39,17.46,12.61,3.35,2.78,18.12,15.76,1.55,7.45,6.99,12.73,0.0,11.43,10.68,20.0,2.94,4.16,13.4,5.19,14.67,10.6,18.4,7.35,7.27,15.33,16.94,20.0,20.0,20.0,14.59,14.97,3.64,12.19,15.25,8.36,7.68,12.61,5.81,13.21,17.81,11.74,11.51,14.2
62744,72,Sainte-Catherine,62,3594,False,9.09,7.17,20.0,2.86,2.57,7.7,10.34,18.07,11.06,8.42,4.27,6.6,7.56,17.79,17.33,10.21,12.86,14.46,14.55,0.0,14.29,16.69,5.9,1.98,8.37,14.91,17.25,11.84,14.29,18.8,14.66,7.27,12.02,10.62,20.0,20.0,20.0,4.94,14.74,7.39,8.88,9.17,11.32,12.22,13.69,9.32,14.72,16.3,9.17,11.5,14.17
59401,73,Méteren,59,2256,False,13.33,11.96,20.0,20.0,9.14,4.81,10.85,20.0,8.08,5.36,9.96,10.86,9.55,8.38,8.31,18.58,17.43,10.12,12.23,0.0,14.29,6.77,14.13,10.48,13.37,14.23,13.28,0.0,15.26,18.23,16.1,4.55,15.24,18.07,20.0,11.11,2.84,8.47,10.53,3.52,13.62,7.91,10.39,12.01,11.76,12.56,11.39,12.55,7.87,11.5,14.15
62128,74,Biache-Saint-Vaast,62,4481,False,8.13,4.13,20.0,8.57,8.86,3.18,17.97,0.0,16.18,13.72,15.5,2.27,2.03,8.03,7.68,18.31,12.44,16.87,0.0,20.0,17.14,16.69,4.73,3.78,20.0,13.26,0.0,16.2,16.94,16.73,14.97,6.36,14.73,16.0,20.0,20.0,18.48,11.06,3.98,20.0,8.43,15.55,5.9,11.71,14.92,9.25,16.29,17.2,10.92,11.49,14.14
59126,75,Cantin,59,1770,False,12.09,11.74,20.0,15.71,8.57,7.06,20.0,20.0,16.54,15.55,19.55,4.55,3.46,16.15,13.55,7.15,7.45,3.37,8.1,0.0,8.57,7.97,2.97,5.3,6.81,9.0,5.19,14.67,16.59,18.4,16.1,9.08,14.88,18.25,20.0,20.0,13.5,7.06,11.93,20.0,13.72,16.94,8.64,5.53,7.44,6.42,16.35,16.71,12.36,11.49,14.12
59636,76,Wambrechies,59,10798,True,15.29,8.04,20.0,7.14,20.0,4.81,9.83,15.06,0.0,0.0,0.0,12.54,11.92,11.87,13.44,16.44,11.02,9.4,9.42,0.0,20.0,13.98,16.25,2.4,11.14,11.48,16.03,8.0,13.6,9.31,5.38,2.72,10.88,14.08,20.0,15.56,4.6,12.71,15.67,11.27,12.39,0.0,12.76,8.87,17.37,9.27,9.24,12.27,13.39,11.48,14.11
59508,77,Roncq,59,13784,True,12.35,0.0,20.0,5.71,14.57,11.12,5.42,17.68,5.26,0.0,0.37,11.0,9.55,11.81,11.58,13.77,11.02,15.42,13.72,20.0,20.0,17.59,14.24,1.13,9.64,17.53,17.1,7.88,8.26,0.0,0.0,4.55,12.14,7.54,20.0,15.56,0.82,16.0,18.36,9.82,10.52,3.23,11.26,14.01,18.24,9.87,4.53,11.01,15.17,11.48,14.09
59064,78,Bellaing,59,1329,False,7.91,1.96,0.0,18.57,5.14,12.11,12.88,20.0,14.88,18.24,18.07,4.55,2.64,15.56,15.17,4.67,6.04,10.36,8.6,0.0,11.43,16.69,0.0,9.84,18.13,8.04,7.79,14.67,8.26,18.4,17.08,5.45,13.47,16.2,20.0,20.0,20.0,15.06,8.19,15.03,9.81,16.19,8.34,7.2,11.28,11.28,14.45,17.22,12.55,11.47,14.06
59670,79,Don,59,1412,True,13.13,10.87,20.0,11.43,12.57,1.76,19.66,16.22,10.75,8.43,15.11,3.09,3.02,7.21,7.69,12.7,11.02,12.29,4.79,0.0,8.57,10.38,7.54,5.27,8.55,8.87,11.3,14.67,11.92,18.4,16.1,6.36,20.0,13.84,20.0,20.0,20.0,9.41,14.5,14.91,12.65,11.16,5.63,8.63,9.0,8.07,15.18,18.27,12.76,11.45,14.0
59014,80,Anzin,59,13422,False,9.79,5.87,20.0,18.57,5.14,11.1,16.61,2.16,20.0,18.17,10.23,5.53,7.98,18.32,17.56,19.86,4.72,17.11,17.02,20.0,20.0,16.69,11.9,0.28,8.98,13.13,14.2,13.06,2.54,5.07,8.67,4.55,9.26,0.0,20.0,15.56,20.0,0.0,13.8,6.06,11.09,17.68,12.13,13.06,17.55,7.95,7.61,13.27,6.67,11.45,14.0
59435,81,Nomain,59,2585,False,14.23,11.3,20.0,18.57,11.43,7.57,14.24,20.0,8.01,7.55,4.19,7.34,5.71,0.0,0.0,19.93,18.16,5.54,11.24,0.0,11.43,3.76,6.16,11.97,16.33,8.59,7.79,10.14,14.55,18.4,16.1,6.36,17.53,18.86,20.0,15.56,11.02,11.06,8.89,12.0,14.44,7.15,5.43,10.68,8.0,11.62,14.42,15.76,10.53,11.44,13.98
59346,82,Lezennes,59,3019,True,17.64,6.3,20.0,1.43,20.0,19.01,16.44,20.0,3.56,8.04,2.44,18.28,18.14,15.11,14.74,16.12,11.02,13.73,13.22,0.0,14.29,15.49,20.0,0.88,13.98,15.6,7.79,0.0,0.84,0.08,0.0,6.36,0.0,0.0,20.0,20.0,20.0,10.12,15.09,0.0,14.58,4.23,16.79,11.04,15.64,8.7,0.23,12.42,9.17,11.44,13.97
59421,83,Mouvaux,59,13173,True,14.78,0.0,20.0,5.71,15.43,15.88,13.56,6.56,0.0,0.0,0.0,11.6,11.42,13.7,13.39,14.38,11.02,15.66,15.87,20.0,20.0,17.29,7.65,0.33,9.58,14.78,9.77,0.0,14.14,12.0,1.93,5.45,18.4,0.0,20.0,20.0,0.02,12.24,17.08,5.33,11.44,0.0,12.59,14.58,17.04,7.57,6.9,12.05,12.12,11.43,13.93
59654,84,Waziers,59,7354,False,13.46,13.26,20.0,15.71,8.57,4.36,13.56,4.86,20.0,17.99,16.35,7.06,7.46,13.9,13.28,3.49,7.45,16.39,16.86,20.0,20.0,16.99,12.27,1.21,9.04,18.63,9.77,7.69,7.89,14.68,7.86,5.45,14.31,6.31,0.0,15.56,15.72,7.29,11.7,3.52,11.9,18.87,9.31,13.77,17.71,8.49,9.52,10.32,7.87,11.4,13.84
62041,85,Arras,62,42600,False,11.36,11.52,20.0,2.86,2.57,8.45,14.07,11.12,12.04,7.45,9.49,5.74,7.93,17.83,17.45,10.33,12.86,17.35,17.85,20.0,20.0,18.8,20.0,0.47,12.47,17.66,13.74,16.66,0.0,0.0,13.2,7.27,7.48,0.0,20.0,15.56,20.0,0.0,8.89,11.39,9.68,10.61,11.15,16.19,19.6,9.76,7.68,13.09,6.34,11.39,13.81
59120,86,Caëstre,59,2006,False,9.81,5.87,0.0,7.14,7.14,6.12,12.37,18.69,9.98,8.76,9.53,6.79,7.67,14.84,14.48,18.1,17.43,4.34,6.94,0.0,14.29,18.5,13.23,5.26,20.0,8.32,14.2,12.58,16.9,18.4,16.1,3.63,17.77,18.25,20.0,15.56,1.06,12.0,14.5,7.52,8.31,9.65,11.05,9.06,15.52,11.59,15.78,13.55,11.69,11.38,13.76
62817,87,Tilloy-lès-Mofflaines,62,1519,False,9.72,7.61,20.0,2.86,2.57,7.33,13.39,20.0,12.81,7.1,10.47,7.87,9.19,13.14,12.86,12.9,12.86,8.67,14.21,0.0,5.71,10.08,0.0,5.42,20.0,15.6,7.33,16.2,8.92,12.82,6.57,6.36,13.53,14.99,20.0,15.56,20.0,9.18,17.89,16.85,9.47,11.2,10.57,10.43,6.22,11.73,11.73,16.24,14.44,11.37,13.75
62240,88,Corbehem,62,2266,False,12.42,11.96,20.0,15.71,8.57,5.13,18.14,0.0,17.38,14.28,16.55,3.66,4.72,16.81,16.08,2.28,12.44,5.78,9.75,0.0,14.29,19.1,2.34,4.09,15.96,10.38,3.21,16.2,16.49,18.05,16.71,8.17,0.0,12.79,20.0,20.0,18.06,11.06,12.75,1.58,11.59,16.59,8.64,8.38,13.9,8.34,16.83,13.86,9.09,11.36,13.71
59005,89,Allennes-les-Marais,59,3567,True,11.54,7.39,20.0,11.43,12.57,1.34,9.66,6.87,10.09,8.19,3.96,4.57,4.41,13.32,13.54,6.29,11.02,14.46,13.72,0.0,14.29,15.19,4.46,1.93,6.75,3.51,19.39,14.67,14.46,18.4,13.78,7.27,12.33,15.3,20.0,20.0,20.0,15.53,8.54,9.21,10.08,8.48,8.07,11.37,12.95,7.02,15.38,16.99,11.26,11.36,13.71
59032,90,Aulnoy-lez-Valenciennes,59,7183,False,8.66,5.0,20.0,1.43,8.29,12.62,16.27,0.77,16.53,12.31,13.12,9.71,9.04,14.06,13.73,11.82,4.72,16.87,13.39,20.0,20.0,17.59,7.38,1.37,12.59,15.6,7.18,15.97,8.15,0.18,11.36,5.45,15.61,12.81,20.0,11.11,20.0,8.94,14.97,3.03,8.56,15.0,11.39,12.13,17.09,8.37,9.2,15.42,9.52,11.35,13.69
62338,91,Fleurbaix,62,2862,False,14.82,13.26,0.0,20.0,12.0,0.99,9.15,1.0,4.59,8.81,11.75,11.1,9.81,13.69,13.38,15.28,16.85,3.37,7.11,0.0,14.29,15.49,1.86,4.13,14.76,8.18,7.18,0.0,17.72,18.23,16.71,3.63,15.94,17.87,20.0,15.56,0.0,14.35,15.09,17.82,10.28,6.87,12.19,8.61,12.62,8.38,12.12,12.92,15.57,11.35,13.68
59569,92,Sin-le-Noble,59,15603,False,13.5,13.04,20.0,15.71,8.57,3.58,17.12,6.8,18.99,20.0,16.28,7.3,7.54,16.85,15.67,2.03,7.45,14.7,16.03,20.0,20.0,16.39,8.5,1.66,9.28,18.35,6.87,8.61,3.73,9.38,9.1,4.55,4.02,8.34,0.0,15.56,20.0,6.59,12.51,9.82,12.29,18.65,10.31,13.08,16.88,8.07,7.67,9.33,9.62,11.35,13.67
59080,93,Beuvry-la-Forêt,59,2834,False,12.05,6.74,20.0,8.57,10.86,7.49,14.41,20.0,11.48,7.17,6.02,6.08,4.18,0.23,0.84,19.24,18.16,2.41,7.44,0.0,14.29,13.98,11.26,19.93,10.6,11.48,7.79,14.67,16.85,15.88,16.1,5.45,16.06,17.36,20.0,15.56,19.46,11.76,3.74,11.03,11.84,9.53,4.83,8.87,13.68,13.32,15.79,16.89,8.64,11.33,13.63
59193,94,Emmerin,59,3053,True,15.29,8.48,20.0,7.14,20.0,10.29,15.25,20.0,8.13,0.0,0.14,7.46,6.12,15.08,13.84,10.33,11.02,9.16,16.86,0.0,11.43,18.8,3.51,4.2,13.8,14.5,18.93,8.07,12.74,17.34,11.05,7.27,15.46,15.86,20.0,15.56,20.0,6.82,3.04,0.48,14.05,4.91,10.2,10.55,12.57,11.77,12.11,16.8,3.72,11.33,13.61
59509,95,Roost-Warendin,59,5976,False,10.11,6.96,20.0,7.14,9.43,9.33,13.56,8.19,16.98,14.41,15.77,5.96,6.06,10.22,9.78,10.57,7.45,16.63,13.55,20.0,17.14,17.29,9.77,3.97,9.1,13.4,9.31,11.63,16.12,18.94,14.8,7.27,14.46,12.83,0.0,15.56,20.0,8.47,14.27,1.82,10.14,16.22,7.98,13.06,15.96,8.29,15.17,12.2,8.77,11.32,13.6
59632,96,Wallers,59,5598,False,10.87,5.0,20.0,18.57,8.29,8.56,15.42,15.52,16.36,19.62,15.15,5.22,3.41,13.74,14.25,6.64,6.04,13.49,9.42,20.0,17.14,14.59,8.55,11.03,10.78,10.79,9.92,14.69,11.42,16.47,12.07,5.45,15.76,18.18,0.0,2.22,20.0,5.65,11.58,8.97,12.4,16.77,8.33,10.67,14.86,10.69,13.83,10.38,8.71,11.32,13.6
59599,97,Tourcoing,59,99011,True,15.68,8.7,20.0,5.71,14.57,11.98,14.58,6.25,12.91,14.34,9.96,6.22,6.57,16.16,15.74,9.1,11.02,18.31,17.69,20.0,20.0,18.8,13.49,0.03,7.11,17.25,9.77,9.64,4.65,1.42,2.22,4.55,17.89,0.0,20.0,15.56,0.64,1.65,15.09,8.24,12.18,12.61,10.29,15.79,18.51,7.31,4.95,11.12,8.33,11.32,13.58
59603,98,Trith-Saint-Léger,59,6124,False,10.19,7.83,20.0,1.43,8.29,12.75,18.81,5.1,19.13,17.96,15.38,4.26,4.75,15.29,14.93,9.24,6.04,16.39,16.69,20.0,17.14,12.48,5.21,1.37,17.71,17.66,5.04,16.71,7.35,12.37,10.8,4.55,19.58,5.19,20.0,15.56,20.0,2.35,12.51,2.3,9.87,18.15,8.98,13.23,13.6,9.72,12.18,16.02,6.03,11.3,13.53
59367,99,Lys-lez-Lannoy,59,13793,True,13.68,0.0,20.0,5.71,15.43,12.89,6.27,3.55,6.53,11.34,4.78,5.53,5.3,15.52,15.13,8.82,11.02,14.94,15.54,20.0,20.0,17.59,10.78,0.2,9.16,16.84,5.8,4.69,6.59,12.21,0.0,3.63,18.01,0.0,20.0,20.0,1.78,12.47,18.95,12.12,9.91,7.14,9.55,14.29,17.66,7.04,6.17,12.2,14.73,11.28,13.46
62617,100,Nœux-les-Mines,62,11520,False,9.4,10.0,20.0,11.43,6.57,9.79,17.29,3.78,19.28,16.03,15.46,5.38,6.27,12.37,12.06,9.51,7.45,15.42,16.69,20.0,20.0,17.89,12.01,0.81,10.96,18.63,16.95,17.97,6.31,7.22,12.77,6.36,10.64,8.99,0.0,15.56,17.1,5.41,14.62,0.0,10.65,17.87,8.56,13.44,17.96,10.31,11.39,10.28,7.28,11.21,13.24
59279,101,Halluin,59,20829,True,11.99,0.0,20.0,5.71,14.57,9.17,0.0,9.11,12.19,8.01,8.87,2.73,2.73,11.35,11.15,18.5,11.02,18.31,16.69,20.0,17.14,19.1,8.18,1.44,8.98,18.35,13.89,12.13,6.25,12.75,10.64,4.55,12.78,8.63,20.0,20.0,2.8,11.76,15.44,6.06,8.93,10.69,7.49,15.55,16.3,9.32,10.54,12.57,11.54,11.21,13.24
59090,102,Bondues,59,9713,True,14.5,5.0,20.0,1.43,11.93,9.81,8.81,20.0,0.0,0.0,0.0,13.11,12.89,8.95,9.4,16.18,11.02,10.6,12.23,20.0,20.0,13.68,19.12,2.8,17.35,10.65,16.34,0.0,13.53,10.77,2.94,3.63,12.42,12.16,20.0,15.56,0.4,15.06,17.19,1.58,10.97,0.0,11.84,12.24,17.75,10.96,6.63,11.54,12.16,11.2,13.21
59112,103,Bruay-sur-l'Escaut,59,11309,False,8.79,4.35,20.0,18.57,5.14,11.44,11.69,4.02,19.68,14.74,20.0,5.5,7.08,13.12,15.19,12.13,4.72,15.18,9.09,20.0,20.0,16.39,7.07,1.4,5.84,9.55,9.31,13.29,5.21,15.74,14.15,4.55,13.62,7.27,20.0,15.56,20.0,5.18,11.35,5.58,10.46,18.76,9.63,10.62,16.64,5.8,12.04,15.11,7.53,11.2,13.18
59646,104,Wasquehal,59,20836,True,16.86,3.7,20.0,1.43,16.29,15.21,16.78,7.72,0.0,0.97,0.33,6.05,6.79,15.8,15.82,16.85,11.02,16.14,15.04,20.0,20.0,18.5,12.01,0.24,8.67,16.43,9.77,0.0,10.73,6.13,0.0,4.55,15.21,0.0,20.0,15.56,8.84,9.65,17.43,5.94,12.11,0.26,10.94,14.53,18.17,7.63,4.22,12.23,11.47,11.18,13.14
62498,105,Lens,62,32618,False,11.6,10.65,20.0,17.14,7.71,5.08,16.1,4.09,19.39,14.55,11.52,9.11,7.33,17.9,17.18,5.83,3.73,16.87,17.85,20.0,20.0,16.69,20.0,0.58,8.31,16.15,16.03,8.51,0.0,0.15,5.42,7.27,18.4,0.0,0.0,15.56,19.94,0.0,10.53,14.06,11.55,16.85,11.7,12.83,18.9,8.85,3.71,11.26,7.66,11.16,13.07
59197,106,Ennevelin,59,2356,False,14.82,8.7,20.0,8.57,15.14,12.91,12.54,16.22,1.04,2.67,0.0,6.72,8.01,6.67,6.22,9.1,18.16,5.78,1.16,0.0,5.71,5.56,4.52,8.19,17.89,13.54,18.63,14.67,15.19,18.4,15.54,7.27,12.63,17.49,20.0,11.11,16.16,11.29,9.71,19.03,13.33,1.16,7.11,8.38,5.46,13.93,15.9,14.8,12.83,11.16,13.05
59178,107,Douai,59,39648,False,15.21,16.74,20.0,15.71,8.57,3.93,14.07,15.21,18.41,15.89,11.05,3.66,5.94,17.25,16.45,1.46,7.45,17.35,17.85,20.0,20.0,17.59,19.28,0.79,11.27,17.66,13.44,9.53,0.0,0.0,3.33,4.55,16.66,2.09,0.0,11.11,18.96,0.0,12.63,6.67,13.63,16.43,8.95,14.29,19.08,9.49,3.6,9.93,6.41,11.15,13.04
59163,108,Croix,59,20778,True,16.04,3.91,20.0,1.43,11.93,15.61,17.97,3.86,6.53,4.91,5.98,10.74,10.05,18.69,18.17,11.75,11.02,18.07,16.2,20.0,20.0,18.5,11.0,0.18,5.48,18.21,8.7,1.19,9.22,7.24,2.98,5.45,17.08,0.0,20.0,20.0,2.62,0.47,15.79,4.36,11.23,6.1,13.66,15.37,18.0,6.9,5.05,12.3,7.1,11.14,13.01
59183,109,Dunkerque,59,86788,False,5.08,3.91,20.0,5.71,0.0,15.05,13.73,14.52,9.56,15.12,9.57,4.07,6.55,17.31,15.8,5.43,9.03,18.8,18.02,20.0,20.0,18.8,20.0,0.7,10.54,17.39,14.81,12.95,1.87,0.0,12.3,0.0,17.86,1.7,20.0,20.0,10.56,6.82,13.1,4.73,8.63,10.67,9.5,15.31,19.6,9.48,6.82,13.91,8.53,11.14,13.0
59588,110,Téteghem-Coudekerque-Village,59,8384,False,4.69,3.04,20.0,4.29,0.0,14.49,9.83,18.53,4.07,16.79,8.4,7.42,8.8,15.6,15.2,18.65,9.03,10.12,11.07,0.0,20.0,16.99,4.41,7.54,12.23,12.03,9.47,9.3,15.34,18.07,16.3,2.72,14.73,17.49,20.0,20.0,0.04,8.0,17.66,8.61,8.17,7.48,11.81,8.77,16.4,10.07,14.32,13.47,11.68,11.13,12.97
59258,111,Genech,59,2825,False,14.48,10.65,20.0,11.43,14.0,14.79,11.19,1.78,4.53,1.72,3.84,6.51,5.32,0.0,0.0,17.33,18.16,1.2,19.34,0.0,11.43,0.0,7.54,11.99,19.22,10.52,11.76,14.67,16.47,11.55,16.1,7.27,13.59,15.79,20.0,15.56,13.42,8.0,16.02,11.88,12.58,3.83,4.83,11.31,6.97,13.58,14.61,15.1,11.97,11.11,12.91
59477,112,Provin,59,4469,True,12.93,10.87,20.0,7.14,11.14,3.96,19.66,3.78,11.52,10.84,15.3,4.9,4.77,6.59,7.02,7.47,11.02,15.9,6.61,20.0,14.29,15.19,7.12,0.36,10.78,2.82,10.23,15.7,10.02,15.69,15.42,6.36,7.42,11.39,20.0,15.56,20.0,8.94,13.33,12.24,10.92,12.14,5.83,12.47,13.4,5.6,14.22,14.54,11.44,11.08,12.82
62765,113,Saint-Omer,62,14661,False,8.62,11.52,20.0,5.71,0.57,16.98,17.29,12.43,17.03,13.52,15.07,3.78,4.84,9.42,8.76,0.16,13.91,18.31,18.51,20.0,20.0,17.59,20.0,1.7,15.6,16.01,6.87,16.79,0.0,0.0,12.55,3.63,17.11,14.35,20.0,0.0,19.4,0.0,10.18,5.45,10.74,15.94,5.69,17.0,19.2,9.3,7.6,13.46,5.19,11.08,12.8
62587,114,Montigny-en-Gohelle,62,9870,False,11.11,8.04,20.0,8.57,8.86,0.35,15.59,1.7,17.94,18.37,11.44,9.16,7.71,18.96,9.05,5.38,4.78,19.04,15.87,20.0,17.14,15.49,3.24,0.53,11.63,18.9,6.72,10.44,6.6,16.52,12.38,9.08,7.81,1.82,0.0,20.0,18.42,15.53,14.15,0.0,9.14,16.73,10.84,13.37,14.27,8.4,11.36,10.09,10.79,11.07,12.79
59122,115,Cambrai,59,31425,False,6.65,7.17,20.0,2.86,1.43,12.94,16.27,6.02,18.25,16.5,18.77,2.94,8.34,18.65,19.14,0.0,13.39,17.35,18.35,20.0,20.0,16.69,20.0,0.87,13.61,17.8,9.16,14.42,0.0,0.0,11.29,7.27,15.94,5.64,20.0,20.0,20.0,0.0,6.32,2.06,8.3,18.0,9.74,16.5,18.9,9.31,6.62,16.42,2.86,11.07,12.78
59098,116,Bousbecque,59,4847,True,11.36,0.0,20.0,5.71,14.57,10.86,0.0,19.54,6.12,2.37,3.06,6.94,5.41,7.33,7.3,12.32,11.02,9.16,12.07,0.0,17.14,15.49,5.47,3.23,16.14,11.89,18.47,12.6,16.83,18.4,12.32,2.72,15.88,12.81,20.0,20.0,2.56,15.29,12.51,9.21,9.95,4.76,7.31,9.42,14.65,11.45,15.06,13.58,12.62,11.07,12.77
59029,117,Auchy-lez-Orchies,59,1486,False,13.8,8.91,20.0,18.57,11.43,4.44,13.22,20.0,8.56,6.79,2.48,11.05,9.7,0.18,0.0,18.2,18.16,7.95,12.07,0.0,2.86,4.36,10.73,2.54,12.17,12.71,18.63,12.55,16.9,18.4,16.1,5.45,15.94,18.04,20.0,15.56,13.86,6.82,10.76,7.03,13.58,6.99,7.31,11.59,4.67,10.36,15.77,15.84,8.31,11.07,12.77
59027,118,Aubry-du-Hainaut,59,1726,False,8.3,1.3,20.0,18.57,5.14,10.32,11.53,15.37,13.81,15.92,11.64,9.16,8.01,17.79,17.3,10.78,4.72,14.7,12.07,0.0,2.86,13.98,12.32,4.55,3.49,12.58,10.84,14.67,3.34,18.4,16.1,5.45,14.61,16.94,0.0,20.0,20.0,14.35,11.11,10.91,10.87,13.8,12.31,8.83,8.14,7.13,13.04,13.54,12.23,11.06,12.75
59252,119,Frelinghien,59,2581,True,14.03,7.61,20.0,7.14,14.57,10.86,7.8,20.0,1.11,2.74,4.78,7.46,6.64,12.15,11.87,10.23,11.02,12.29,8.76,0.0,11.43,7.67,4.09,5.76,6.99,7.08,11.76,5.25,14.7,13.38,16.1,4.55,17.95,17.62,20.0,15.56,0.94,14.59,16.02,17.09,12.41,2.17,9.31,9.57,8.95,7.55,11.68,13.54,15.79,11.05,12.71
59375,120,Marchiennes,59,4539,False,10.28,4.78,0.0,8.57,10.86,9.25,7.12,14.98,14.67,7.63,9.77,7.01,4.75,2.17,2.8,12.03,7.66,16.14,9.75,20.0,17.14,16.09,11.69,20.0,20.0,9.69,11.15,15.53,14.1,17.55,16.1,5.45,18.01,18.93,0.0,15.56,20.0,5.65,11.23,3.88,8.51,12.28,5.3,12.1,15.88,16.17,15.78,13.6,7.2,11.05,12.7
59173,121,Deûlémont,59,1819,True,13.07,6.3,20.0,7.14,14.57,13.5,0.17,20.0,4.58,0.0,0.72,6.99,6.29,7.73,7.74,8.58,11.02,5.54,4.13,0.0,2.86,15.49,5.84,9.88,13.25,1.72,16.79,14.67,18.19,16.85,15.15,4.55,17.29,17.98,20.0,20.0,3.42,14.12,20.0,14.91,11.67,2.89,7.29,6.49,7.57,10.53,16.19,14.84,16.47,11.05,12.7
62037,122,Anzin-Saint-Aubin,62,2806,False,8.5,6.96,20.0,2.86,2.57,9.39,10.34,20.0,8.93,0.08,6.18,6.84,7.05,17.34,17.1,14.15,12.86,14.94,12.07,20.0,14.29,11.88,3.77,1.71,10.72,13.54,17.86,2.93,16.77,17.48,16.71,7.27,10.64,13.91,20.0,11.11,20.0,0.0,14.5,9.58,9.11,6.61,11.54,14.13,11.73,9.71,12.61,14.69,7.89,11.04,12.69
59434,123,Nivelle,59,1379,False,9.99,8.04,20.0,18.57,8.29,19.76,8.47,20.0,9.13,14.92,3.61,6.58,4.33,3.02,3.18,15.63,6.04,8.43,12.4,0.0,5.71,7.67,7.7,20.0,4.4,11.62,1.07,14.67,16.9,18.4,16.1,7.27,13.83,17.59,20.0,20.0,20.0,7.76,6.67,14.79,13.71,9.18,5.68,7.53,6.7,10.38,16.43,17.6,9.28,11.04,12.69
59247,124,Forest-sur-Marque,59,1659,True,15.07,1.09,20.0,5.71,16.29,14.39,11.69,4.79,0.0,5.69,0.1,7.54,7.94,10.73,12.77,12.67,11.02,7.23,9.42,0.0,8.57,8.57,12.8,2.01,20.0,13.4,12.37,0.0,14.72,18.4,4.99,7.27,10.61,9.07,20.0,11.11,20.0,14.59,18.71,20.0,11.23,1.16,9.61,8.23,9.28,11.16,9.22,14.04,17.56,11.04,12.68
62516,125,Lillers,62,9988,False,8.79,10.65,20.0,11.43,6.57,13.69,18.64,2.7,20.0,20.0,17.72,4.31,3.75,7.73,3.95,12.3,7.45,16.63,17.52,20.0,20.0,16.69,11.16,3.41,11.45,16.84,0.0,17.32,2.56,12.68,16.9,4.55,13.65,16.22,20.0,0.0,14.1,0.71,11.46,7.88,11.1,19.54,5.73,14.0,17.42,7.56,12.39,12.02,6.57,11.03,12.65
59052,126,Bauvin,59,4999,True,13.39,12.39,20.0,7.14,11.14,5.45,19.32,2.16,12.78,11.42,16.55,3.66,3.56,5.24,5.6,8.36,11.02,17.35,7.44,0.0,17.14,17.59,1.06,1.33,13.25,1.58,7.63,15.53,10.49,17.1,14.29,6.36,14.76,10.8,20.0,20.0,20.0,9.88,13.45,3.76,11.21,13.26,4.74,10.74,14.61,5.82,14.43,16.82,9.51,11.02,12.61
62557,127,Marœuil,62,2441,False,7.75,6.96,20.0,2.86,2.57,7.54,18.81,1.47,11.22,5.37,9.38,7.01,5.3,13.72,15.06,17.93,12.86,4.58,6.45,0.0,11.43,15.49,8.71,5.08,19.76,10.65,18.47,11.99,18.3,18.05,16.71,6.36,16.84,18.2,20.0,15.56,20.0,12.94,9.59,3.88,7.81,9.68,10.47,7.4,12.33,12.79,15.97,17.33,9.25,11.01,12.58
62637,128,Oignies,62,10210,False,15.13,13.26,20.0,17.14,12.29,1.15,13.9,3.71,15.76,15.94,15.69,5.93,6.0,10.16,5.46,4.56,4.78,13.25,17.69,20.0,20.0,15.49,10.94,0.91,9.46,15.46,13.89,8.25,8.96,14.54,13.63,9.08,4.23,5.01,0.0,20.0,13.6,7.06,9.94,13.33,12.46,15.78,6.75,12.1,16.99,8.7,11.01,8.84,9.82,11.0,12.55
62099,129,Beaurains,62,5515,False,9.4,8.26,20.0,2.86,2.57,9.49,12.37,8.26,13.15,9.46,13.86,7.27,8.48,11.31,11.11,9.24,12.86,14.7,11.24,0.0,14.29,13.68,15.41,0.75,18.55,16.98,4.73,15.72,8.32,12.68,15.28,6.36,0.0,10.51,20.0,20.0,20.0,12.0,14.62,2.67,8.58,12.55,9.2,11.51,14.27,9.54,13.03,13.83,10.41,11.0,12.55
59133,130,Carnin,59,1076,True,11.6,5.22,20.0,7.14,11.14,2.86,10.85,2.24,7.85,9.28,1.11,6.65,6.6,12.94,13.17,6.64,11.02,10.6,10.91,0.0,0.0,10.98,4.94,0.39,11.2,7.08,15.88,10.46,16.9,18.4,16.1,7.27,15.52,16.03,20.0,20.0,19.1,15.29,15.09,19.52,8.88,6.79,9.07,9.57,4.48,7.71,15.11,17.55,16.37,10.98,12.48
59491,131,Raismes,59,12055,False,6.32,0.87,20.0,18.57,5.14,13.29,16.27,9.96,19.59,19.46,17.99,9.55,8.38,13.81,13.92,10.36,6.04,15.18,10.41,20.0,20.0,15.49,8.39,4.07,8.01,15.6,10.23,11.57,0.76,14.09,9.12,4.55,19.22,17.63,0.0,11.11,20.0,2.12,11.46,1.33,10.7,19.24,11.04,11.4,16.56,8.66,9.04,12.72,5.3,10.94,12.37
59524,132,Sainghin-en-Weppes,59,5641,True,13.95,11.74,20.0,11.43,12.57,0.0,17.8,8.57,9.17,8.07,15.42,5.24,4.12,6.97,5.71,12.8,11.02,7.95,7.44,0.0,17.14,11.88,10.36,1.95,8.55,12.03,12.37,15.91,16.85,17.74,12.94,6.36,17.41,15.68,20.0,20.0,11.34,8.24,10.18,6.67,11.85,10.2,6.23,7.98,14.26,7.81,16.05,16.26,8.52,10.94,12.37
59501,133,Rieulay,59,1243,False,8.58,2.83,20.0,2.86,5.14,9.22,12.03,20.0,14.82,11.42,16.2,6.84,4.36,7.92,8.3,3.48,7.66,10.36,14.38,0.0,5.71,15.19,12.8,20.0,9.7,13.81,18.47,14.67,10.02,18.4,10.62,4.55,18.89,18.53,20.0,20.0,20.0,10.12,9.47,0.0,9.07,14.42,6.51,9.13,10.05,15.71,13.68,18.55,7.12,10.94,12.36
59327,134,Lallaing,59,6250,False,10.85,7.61,20.0,2.86,6.57,9.2,7.63,4.17,17.84,17.77,16.74,5.79,5.15,8.74,7.65,8.5,7.45,13.49,10.25,20.0,20.0,14.29,6.8,3.38,5.78,9.97,13.59,16.2,12.13,17.67,16.88,5.45,12.45,11.42,0.0,20.0,20.0,10.35,13.57,7.15,8.46,17.61,6.89,11.36,15.9,7.38,15.68,12.38,10.65,10.9,12.24
62753,135,Saint-Laurent-Blangy,62,6507,False,9.3,6.96,20.0,2.86,2.57,7.17,13.22,14.13,12.47,7.45,9.45,9.88,10.99,15.28,14.9,11.72,12.86,13.01,11.4,0.0,20.0,14.59,8.18,3.29,8.31,16.29,10.69,13.69,5.13,7.4,10.8,7.27,1.79,10.01,20.0,20.0,20.0,5.88,15.32,3.15,8.73,10.86,12.27,11.05,16.23,8.71,9.44,14.18,8.57,10.9,12.21
59486,136,Râches,59,2660,False,9.93,4.13,20.0,7.14,9.43,6.47,8.98,20.0,17.13,15.23,15.15,8.4,7.19,8.59,8.2,8.12,7.45,13.73,11.07,0.0,11.43,18.5,6.0,8.05,6.81,11.07,14.35,4.04,13.25,18.52,14.78,6.36,13.05,15.13,20.0,15.56,19.36,8.94,12.28,2.06,10.07,16.35,8.16,9.27,12.88,9.58,11.98,16.04,8.28,10.87,12.12
62032,137,Angres,62,4842,False,8.69,7.61,0.0,17.14,7.71,6.26,9.66,0.0,16.26,13.81,17.91,3.49,2.84,16.21,8.44,0.33,3.73,17.35,16.2,20.0,17.14,18.5,6.59,2.1,12.47,16.7,16.95,13.39,13.41,18.42,16.71,5.45,8.05,12.27,0.0,15.56,19.18,15.53,2.81,13.82,7.93,16.1,6.8,12.58,15.84,10.76,15.28,10.56,10.44,10.86,12.1
62013,138,Agny,62,1879,False,9.52,8.91,20.0,2.86,2.57,9.65,7.63,7.64,14.39,9.46,15.22,6.34,6.49,12.54,12.29,15.08,12.86,12.53,8.26,0.0,11.43,7.37,11.31,2.19,19.22,15.74,8.55,16.2,12.48,18.05,16.71,6.36,18.8,17.61,20.0,20.0,20.0,9.41,5.61,1.94,8.22,13.57,9.53,10.17,10.06,10.71,15.83,18.53,5.99,10.86,12.08
59650,139,Wattrelos,59,40836,True,13.94,3.04,20.0,5.71,14.57,10.96,11.69,4.56,12.32,15.07,10.04,5.91,4.38,14.21,13.88,3.82,11.02,17.59,18.02,20.0,20.0,16.69,9.88,0.37,5.3,13.26,1.83,7.2,2.26,11.19,0.0,2.72,15.94,2.59,20.0,11.11,4.06,13.88,15.09,4.85,10.58,12.41,8.53,15.66,17.21,4.55,5.61,10.75,11.86,10.85,12.07
59470,140,Prémesques,59,2060,True,14.56,9.57,20.0,7.14,14.57,12.46,13.73,8.49,0.0,0.29,0.57,10.22,9.54,15.38,14.06,14.07,11.02,10.36,8.26,0.0,5.71,11.28,10.31,7.14,17.53,8.87,7.94,11.48,12.82,18.4,16.1,3.63,15.49,16.68,20.0,11.11,0.08,16.94,13.1,0.0,12.44,0.17,12.23,8.88,8.33,10.42,14.41,11.8,10.92,10.84,12.04
59408,141,Moncheaux,59,1703,False,10.5,3.26,20.0,7.14,10.57,11.44,11.69,4.17,10.83,4.71,13.39,4.67,4.12,5.76,2.18,7.05,18.16,11.81,3.97,0.0,8.57,11.58,9.35,1.87,10.6,7.9,18.78,14.67,15.9,18.4,16.1,8.17,13.5,17.49,20.0,20.0,19.16,13.41,2.34,20.0,9.63,10.12,4.7,10.82,9.7,8.79,16.18,17.41,11.18,10.83,12.0
59114,142,Bruille-Saint-Amand,59,1682,False,10.91,8.26,0.0,18.57,8.29,19.65,3.39,11.66,10.07,18.7,13.2,7.2,5.03,0.91,3.42,9.92,6.04,6.27,9.26,0.0,8.57,1.95,9.46,20.0,20.0,7.9,8.55,14.67,16.9,18.4,16.1,7.27,16.84,18.09,20.0,20.0,19.64,12.24,8.19,7.64,10.88,12.42,5.01,6.15,6.51,15.29,16.43,18.19,9.51,10.83,11.99
59390,143,Masny,59,4056,False,10.54,10.22,20.0,2.86,6.57,14.28,12.37,9.96,18.72,19.99,18.81,2.73,1.3,10.56,9.39,3.16,7.66,17.35,9.26,20.0,14.29,16.69,9.19,1.92,7.41,12.16,17.4,14.67,11.27,11.55,16.1,5.45,18.01,15.31,0.0,20.0,17.18,8.47,11.23,3.15,10.28,18.99,5.31,12.34,14.24,8.53,13.31,13.44,8.02,10.83,11.99
59320,144,Illies,59,1664,True,9.48,3.04,20.0,2.86,10.86,0.0,13.39,20.0,10.42,8.37,3.02,12.66,9.86,4.05,4.08,15.8,11.02,9.88,11.57,0.0,5.71,17.59,6.37,2.09,14.46,13.54,10.84,14.67,9.5,18.4,16.1,4.55,10.13,17.31,20.0,20.0,2.36,15.76,11.11,17.33,8.98,8.53,9.15,9.52,9.78,9.43,14.58,13.11,14.5,10.83,11.99
59028,145,Auby,59,7188,False,11.42,8.26,20.0,7.14,10.57,0.67,14.58,10.5,19.56,14.11,11.13,5.96,7.12,10.55,9.88,6.73,7.45,15.9,16.03,20.0,20.0,10.98,3.72,2.38,12.59,16.98,12.06,15.85,8.04,17.46,15.81,7.27,13.77,8.49,0.0,15.56,15.84,6.35,8.89,4.24,9.97,16.78,7.91,13.43,14.28,9.96,14.29,10.65,6.7,10.82,11.98
62119,146,Béthune,62,24992,False,11.85,13.7,20.0,11.43,6.57,9.2,14.92,7.88,17.83,14.7,12.3,3.76,3.89,18.34,15.71,10.57,7.45,18.55,17.19,20.0,20.0,18.2,20.0,0.27,12.77,16.43,16.03,15.39,0.0,0.0,14.48,2.72,16.27,0.0,0.0,0.0,12.8,0.0,13.92,6.91,11.71,16.1,9.61,14.48,19.4,9.99,7.52,6.0,6.95,10.82,11.96
62497,147,Leforest,62,7179,False,12.21,9.13,20.0,7.14,10.57,5.75,18.14,0.31,16.28,13.53,14.95,4.52,4.19,9.21,5.37,4.77,4.78,17.11,8.93,20.0,20.0,17.89,7.38,2.29,11.75,11.89,12.82,15.68,14.53,16.09,14.37,8.17,13.89,11.91,0.0,20.0,10.16,11.76,8.07,6.3,10.25,15.46,5.72,11.17,17.19,8.84,15.25,10.94,8.93,10.81,11.95
59399,148,Merris,59,1049,False,10.03,5.87,20.0,7.14,7.14,5.03,15.42,5.1,7.46,9.38,12.92,8.44,8.04,11.39,11.18,17.92,17.43,0.0,5.79,0.0,5.71,0.0,15.19,17.78,17.23,7.22,16.18,14.67,16.9,18.4,16.1,4.55,18.04,18.86,20.0,11.11,0.52,13.88,12.63,12.48,9.08,8.94,10.36,7.51,5.39,15.2,16.43,12.75,13.04,10.81,11.92
59606,149,Valenciennes,59,42991,False,11.09,8.7,20.0,18.57,5.14,10.0,15.93,7.95,16.07,14.88,10.35,5.96,8.68,19.01,18.43,20.0,4.72,17.11,18.02,20.0,20.0,17.59,20.0,0.27,12.17,15.88,12.06,13.69,0.0,0.0,0.02,4.55,16.75,0.0,0.0,2.22,20.0,0.0,12.51,4.24,12.04,14.69,12.7,13.29,19.2,8.92,4.28,8.1,5.71,10.8,11.89
59459,150,Petite-Forêt,59,5058,False,8.75,1.74,20.0,18.57,5.14,9.76,13.22,4.17,16.46,19.76,16.2,5.96,5.78,18.05,17.55,10.72,4.72,16.14,14.38,20.0,14.29,17.59,18.91,0.69,9.52,13.54,13.89,14.63,0.0,0.0,0.0,5.45,4.68,3.41,0.0,15.56,20.0,9.18,17.66,10.3,10.09,17.07,10.91,12.15,16.16,8.25,4.57,8.87,12.57,10.79,11.87
62132,151,Billy-Berclau,62,5059,False,11.95,9.57,20.0,7.14,11.14,4.28,13.05,15.29,13.74,11.53,16.63,5.96,5.95,8.41,8.34,12.44,7.45,12.53,7.11,0.0,17.14,14.29,6.32,3.5,15.48,4.19,2.14,16.2,14.44,17.6,16.51,5.45,0.0,9.37,0.0,20.0,20.0,13.41,8.3,19.88,11.04,13.88,7.5,7.99,14.39,6.56,16.17,9.61,13.32,10.77,11.82
62848,152,Verquin,62,3459,False,10.38,11.52,20.0,11.43,6.57,8.74,12.71,7.57,18.19,16.53,15.77,6.6,7.12,16.6,16.11,11.17,7.45,14.46,12.89,0.0,11.43,13.68,3.08,1.5,12.17,12.58,11.45,14.65,12.01,17.06,16.71,5.45,4.59,11.02,0.0,15.56,6.18,11.29,14.74,7.15,10.85,17.37,10.87,9.92,10.79,8.55,14.98,7.1,11.42,10.76,11.77
62274,153,Dourges,62,5997,False,13.72,12.17,20.0,8.57,10.57,5.61,18.31,5.64,16.56,16.92,14.91,8.4,8.25,15.0,7.45,3.85,4.78,16.63,10.91,20.0,17.14,16.09,8.87,3.61,10.06,12.03,6.56,11.57,3.4,17.27,9.16,9.08,0.0,9.61,0.0,20.0,10.1,8.94,10.41,11.15,11.64,16.3,9.37,11.5,15.41,7.6,10.5,7.91,10.08,10.75,11.76
59609,154,Vendeville,59,1546,True,14.9,0.0,20.0,7.14,20.0,13.37,14.07,4.32,1.03,2.48,0.0,20.0,20.0,12.61,12.65,12.53,11.02,9.4,8.1,0.0,0.0,13.98,20.0,2.61,0.0,13.13,9.47,0.0,12.71,18.4,13.49,7.27,6.28,10.39,20.0,20.0,20.0,13.65,10.06,5.33,11.78,1.11,16.48,8.56,7.99,5.39,10.31,15.13,10.08,10.76,11.76
59146,155,Chéreng,59,3001,True,14.17,3.91,20.0,5.71,14.86,12.73,13.05,15.6,0.0,2.58,0.29,6.34,6.72,6.24,6.66,12.59,11.02,4.34,5.62,0.0,14.29,8.57,1.75,4.45,18.07,9.83,15.57,0.0,18.15,18.4,13.18,5.45,15.15,14.09,20.0,20.0,18.5,16.0,13.57,8.24,12.11,0.57,7.03,6.49,10.29,11.38,11.61,16.97,13.0,10.76,11.76
62847,156,Verquigneul,62,2016,False,9.93,10.87,20.0,11.43,6.57,10.11,12.37,18.69,16.35,16.63,14.56,4.5,5.41,17.28,16.76,13.29,7.45,11.81,13.39,0.0,2.86,16.39,5.26,1.72,17.95,12.58,11.6,16.2,16.68,18.05,16.71,5.45,12.14,12.51,0.0,11.11,4.5,12.94,5.38,14.3,11.82,16.05,10.3,9.25,7.77,10.2,16.88,7.58,10.56,10.75,11.73
59426,157,Neuville-en-Ferrain,59,10160,True,13.01,0.0,20.0,5.71,14.57,8.4,7.63,8.19,7.11,4.22,0.0,12.37,11.78,17.65,17.17,14.22,11.02,16.63,13.39,20.0,17.14,16.99,10.46,1.11,11.87,13.95,10.69,4.18,10.28,5.24,0.0,5.45,4.53,2.11,20.0,20.0,1.82,15.76,8.77,3.27,9.67,5.11,14.38,14.28,15.98,8.46,5.19,9.91,9.81,10.74,11.72
62480,158,Labourse,62,2894,False,10.34,11.52,20.0,11.43,6.57,11.84,14.24,10.89,15.56,16.96,14.02,4.52,5.26,15.83,15.32,14.95,7.45,8.92,11.74,0.0,14.29,11.28,3.67,2.11,6.27,11.89,11.15,16.2,15.76,18.05,16.71,5.45,0.0,12.82,0.0,6.67,20.0,12.24,14.04,10.91,11.66,15.53,9.89,8.02,11.52,6.98,16.65,7.41,12.53,10.74,11.7
59335,159,Lecelles,59,3004,False,11.8,7.83,20.0,18.57,8.29,9.33,11.19,20.0,7.47,10.55,6.84,7.37,4.8,0.79,1.05,19.52,6.04,6.99,9.75,0.0,14.29,4.96,7.07,15.95,8.01,9.97,0.15,12.7,15.49,18.4,16.1,7.27,16.12,18.15,20.0,11.11,20.0,9.18,4.33,17.33,13.06,7.96,5.57,6.48,9.98,9.48,15.46,16.35,9.64,10.72,11.64
59479,160,Quarouble,59,3131,False,8.11,2.83,0.0,18.57,5.14,19.89,0.85,10.27,16.56,18.9,17.76,6.1,5.21,6.4,11.8,6.54,4.72,9.64,8.26,0.0,14.29,16.39,8.5,20.0,17.29,12.99,8.09,13.22,6.85,18.3,15.42,5.45,17.98,17.8,20.0,20.0,20.0,2.59,2.34,11.27,8.92,17.27,6.86,6.44,14.02,15.49,13.31,18.33,4.87,10.71,11.61
59135,161,Cassel,59,2227,False,9.21,7.39,20.0,4.29,3.14,10.83,15.76,0.0,11.08,7.65,14.87,3.59,4.35,9.28,9.16,11.96,17.43,17.35,2.31,20.0,17.14,16.39,20.0,20.0,18.92,2.96,9.31,10.56,6.68,17.53,16.1,4.55,18.04,18.71,20.0,11.11,4.92,0.24,9.94,1.45,8.44,11.15,6.68,14.15,17.37,14.17,12.37,13.61,4.1,10.7,11.58
59566,162,Sequedin,59,4762,True,15.68,10.22,20.0,7.14,20.0,8.98,11.69,10.58,5.65,10.97,4.23,8.9,7.13,15.6,14.32,15.6,11.02,12.29,12.89,0.0,8.57,11.28,8.92,0.74,10.12,13.13,9.16,2.86,6.16,16.26,5.61,6.36,11.03,4.19,20.0,20.0,10.18,10.12,12.51,6.79,13.0,6.43,11.57,10.54,9.53,7.4,7.55,13.22,10.08,10.69,11.56
59332,163,Lannoy,59,1800,True,13.5,0.0,20.0,5.71,15.43,12.3,5.93,1.54,11.56,11.97,3.02,4.5,3.74,15.26,14.88,2.58,11.02,13.01,15.04,0.0,17.14,19.7,17.69,0.05,16.75,17.11,6.41,14.67,3.12,9.81,0.0,5.45,20.0,0.0,20.0,20.0,0.0,4.24,19.3,8.85,9.59,9.93,8.22,11.25,18.08,9.19,7.82,12.36,10.97,10.69,11.53
62035,164,Annezin,62,5813,False,10.26,11.74,20.0,11.43,6.57,9.76,16.95,5.79,17.67,16.94,14.44,4.9,4.89,19.17,13.13,8.64,7.45,14.7,14.21,20.0,14.29,14.59,2.76,1.61,5.18,15.46,13.89,17.08,9.83,16.82,16.32,2.72,13.74,10.32,0.0,15.56,3.58,9.18,6.55,4.73,11.2,16.88,9.83,12.65,12.47,7.79,15.06,8.13,7.01,10.68,11.52
62310,165,Essars,62,1755,False,6.83,4.78,20.0,2.86,8.0,9.41,11.36,7.26,14.84,16.93,13.94,8.01,6.65,18.14,15.44,13.79,7.45,14.22,15.37,0.0,8.57,18.5,6.06,1.0,13.73,13.54,17.56,16.2,15.62,18.05,17.39,1.81,8.35,15.37,20.0,15.56,2.42,8.0,5.5,10.18,8.08,15.08,11.77,10.43,11.46,10.21,16.74,11.44,7.69,10.68,11.51
59025,166,Aubers,59,1722,True,8.75,1.09,20.0,2.86,11.93,4.39,5.08,0.0,6.72,7.41,2.79,8.25,6.88,3.58,3.64,19.93,11.02,18.55,3.47,0.0,14.29,4.36,6.16,15.33,20.0,13.95,14.96,14.67,15.56,18.4,16.1,3.63,16.27,18.52,20.0,15.56,0.0,11.53,13.92,16.36,6.68,6.07,7.33,10.16,9.62,16.23,16.09,13.08,13.72,10.68,11.5
62014,167,Aire-sur-la-Lys,62,9585,False,8.95,9.78,0.0,20.0,5.71,14.12,4.58,15.14,18.26,18.21,16.12,5.19,3.86,1.83,2.06,15.42,13.91,16.14,14.21,20.0,20.0,15.49,13.86,8.41,17.59,17.25,4.73,15.53,8.17,8.39,17.02,2.72,13.53,16.39,20.0,0.0,11.32,0.0,6.9,2.55,10.31,17.82,4.66,15.35,17.47,11.89,12.18,11.34,3.2,10.67,11.49
59212,168,Estaires,59,6496,False,10.4,7.39,0.0,7.14,10.29,5.91,4.58,5.25,12.93,12.98,15.11,7.39,5.86,5.45,5.51,17.76,16.85,18.55,17.36,20.0,20.0,17.59,7.38,2.25,15.78,0.0,8.85,15.51,8.36,12.0,16.12,2.72,12.9,15.89,20.0,6.67,1.22,9.41,8.65,8.97,7.04,13.38,7.36,17.84,17.09,6.73,12.96,10.46,9.01,10.67,11.49
62224,169,Chocques,62,2824,False,10.23,12.39,20.0,11.43,6.57,11.79,19.83,20.0,19.55,16.9,15.89,4.64,4.85,15.79,10.02,7.51,7.45,6.27,9.92,0.0,20.0,14.29,5.63,5.06,4.28,11.75,9.16,16.2,14.01,17.81,16.71,4.55,14.07,16.48,20.0,15.56,8.34,4.0,0.94,1.58,13.07,18.29,8.38,6.81,15.7,7.01,16.15,14.09,2.23,10.66,11.46
59663,170,Wormhout,59,5705,False,5.73,1.96,20.0,4.29,0.0,11.52,11.02,17.53,9.07,12.41,11.83,3.92,3.93,0.29,0.13,19.8,20.0,18.31,13.22,20.0,20.0,13.38,9.3,3.71,13.73,0.0,18.93,15.81,10.8,14.35,16.1,3.63,14.31,17.66,20.0,0.0,2.36,10.35,13.92,7.15,7.91,10.29,4.03,17.91,16.01,8.68,14.25,9.93,10.78,10.65,11.43
59487,171,Radinghem-en-Weppes,59,1393,True,14.56,11.3,20.0,20.0,12.0,0.0,7.29,1.16,0.0,0.0,0.0,12.06,10.35,11.62,11.25,12.9,11.02,10.84,13.39,0.0,2.86,10.08,0.0,5.09,12.95,6.25,10.08,14.67,17.28,18.4,16.1,4.55,17.05,18.49,20.0,15.56,0.0,12.24,10.88,9.7,11.53,0.0,11.59,10.23,4.79,8.42,16.52,13.29,11.05,10.65,11.42
59602,172,Tressin,59,1395,True,14.66,3.26,20.0,5.71,16.29,12.73,10.51,20.0,0.19,0.13,0.68,6.6,6.68,8.41,8.94,13.5,11.02,7.95,7.27,0.0,5.71,9.17,19.02,1.1,8.61,12.3,13.28,0.0,16.9,18.4,16.1,6.36,16.84,12.23,20.0,20.0,20.0,15.76,12.98,4.73,12.48,0.28,8.04,7.94,9.08,7.78,11.84,17.42,11.74,10.65,11.41
62249,173,Courcelles-lès-Lens,62,8213,False,12.15,8.91,20.0,8.57,10.57,0.0,12.37,3.86,16.97,13.65,16.51,8.92,8.44,12.98,9.42,6.15,4.78,16.39,11.07,20.0,20.0,13.98,4.52,0.92,5.84,12.44,8.55,11.25,7.67,14.94,8.38,9.08,0.0,8.3,0.0,15.56,18.18,11.06,14.85,12.24,9.53,16.21,9.6,11.47,15.41,6.06,10.74,8.46,12.76,10.63,11.36
62525,174,Longuenesse,62,10568,False,7.11,8.48,20.0,5.71,0.57,14.87,12.54,4.25,15.75,11.67,16.82,4.4,5.31,12.86,11.87,7.4,13.91,15.9,17.19,20.0,17.14,17.29,8.02,1.86,14.82,18.35,9.31,11.46,5.19,6.63,17.45,3.63,7.36,9.18,20.0,2.22,11.2,14.12,8.19,0.97,8.62,15.15,7.94,15.98,15.67,10.1,9.81,9.62,8.38,10.63,11.36
59392,175,Maubeuge,59,29066,False,4.49,4.13,20.0,4.29,0.0,16.66,17.63,5.17,20.0,20.0,20.0,3.76,5.39,16.81,16.37,9.89,0.0,17.35,16.86,20.0,20.0,17.59,13.17,1.36,11.63,17.11,11.15,12.43,0.0,4.63,13.33,5.45,11.27,6.78,20.0,15.56,19.86,2.59,12.16,2.91,8.01,20.0,9.56,11.42,18.06,9.21,7.54,14.61,6.16,10.62,11.33
59302,176,Hérin,59,4129,False,8.32,2.61,20.0,18.57,5.14,11.07,7.63,3.47,17.64,18.91,18.5,6.34,5.27,15.76,15.36,9.72,6.04,10.6,11.07,0.0,11.43,8.57,5.15,0.72,11.69,8.87,7.79,17.15,7.46,16.33,14.33,5.45,15.79,14.16,0.0,20.0,20.0,8.0,16.02,9.94,9.69,18.07,9.99,7.85,9.43,6.69,13.99,13.41,11.45,10.62,11.32
62735,177,Sailly-Labourse,62,2577,False,6.42,3.91,20.0,2.86,8.0,7.11,11.36,12.05,15.77,16.91,15.61,6.56,7.06,16.85,16.22,13.17,7.45,9.4,10.58,0.0,8.57,12.18,10.31,1.37,6.99,8.87,8.24,14.57,10.8,18.05,16.71,4.55,14.28,16.62,0.0,11.11,20.0,15.53,11.81,18.91,8.05,15.97,11.11,7.88,10.06,5.74,14.9,11.6,15.1,10.61,11.3
62279,178,Duisans,62,1383,False,7.95,8.04,0.0,2.86,2.57,9.63,12.88,0.69,10.15,9.52,10.23,7.32,5.43,14.83,16.12,20.0,10.66,5.78,8.26,0.0,2.86,5.26,15.35,11.77,13.07,12.03,15.11,16.2,13.79,18.05,16.71,7.27,10.58,17.47,20.0,20.0,20.0,13.18,10.76,16.36,5.81,10.04,11.21,7.41,5.74,12.84,16.16,16.93,13.17,10.61,11.3
59263,179,Gœulzin,59,1042,False,12.54,12.17,0.0,15.71,8.57,6.23,14.07,14.05,15.11,17.33,13.0,4.4,3.51,17.11,14.8,8.43,7.45,5.3,11.24,0.0,0.0,7.67,5.1,7.7,5.78,11.48,5.65,14.67,16.9,18.4,16.1,8.17,15.33,17.81,20.0,20.0,17.78,13.41,7.13,9.33,10.87,15.13,9.13,6.83,3.41,7.53,16.43,17.54,10.01,10.61,11.3
59574,180,Somain,59,11790,False,11.17,8.91,20.0,2.86,5.14,10.16,17.8,9.19,18.77,20.0,17.25,4.64,2.49,9.55,9.85,3.54,7.66,16.63,18.02,20.0,20.0,17.29,15.78,1.57,12.29,17.53,14.81,16.37,0.24,7.07,9.79,5.45,16.51,10.85,0.0,20.0,8.82,4.71,11.11,0.48,10.01,18.71,6.04,14.19,18.39,10.27,8.78,10.88,5.88,10.61,11.29
59166,181,Curgies,59,1347,False,7.81,3.91,0.0,1.43,8.29,12.49,5.76,0.0,12.01,14.09,10.35,10.91,9.4,10.35,12.23,11.51,4.72,9.4,14.38,0.0,5.71,8.27,3.93,12.45,8.92,11.89,15.57,14.67,16.9,18.4,16.1,6.36,7.45,17.78,20.0,20.0,20.0,13.41,9.47,20.0,5.39,12.09,10.73,7.81,6.27,12.02,16.43,16.28,13.77,10.59,11.24
62033,182,Annay,62,4517,False,11.95,8.48,20.0,7.14,10.0,1.28,16.44,12.05,16.11,15.61,12.53,6.79,6.14,11.68,10.63,6.91,3.73,12.77,10.08,0.0,14.29,17.29,5.9,0.91,5.36,17.53,8.7,10.73,13.69,18.3,15.42,9.08,4.92,11.12,20.0,6.67,20.0,8.71,10.64,13.09,10.42,15.29,8.39,7.44,13.89,6.98,14.24,12.41,10.61,10.59,11.22
59398,183,Mérignies,59,3360,False,13.8,8.04,20.0,11.43,14.0,8.53,4.41,13.67,0.0,0.0,0.14,5.77,5.88,5.63,5.17,9.51,18.16,14.22,0.0,0.0,8.57,10.98,7.92,5.73,8.98,16.15,18.02,0.0,15.43,17.27,16.1,8.17,2.6,15.98,20.0,11.11,11.68,11.29,16.49,20.0,11.83,0.03,6.03,10.59,9.26,11.14,11.19,11.75,15.56,10.59,11.22
59284,184,Hasnon,59,3874,False,10.85,5.43,20.0,18.57,8.29,9.2,10.85,16.06,12.01,16.2,18.54,5.67,5.12,8.89,9.09,14.14,6.04,5.3,4.46,0.0,11.43,15.79,6.85,13.93,7.77,7.9,5.04,14.67,16.7,17.22,13.29,5.45,17.05,17.41,0.0,15.56,20.0,10.12,11.58,5.7,12.16,14.15,7.63,4.74,12.12,9.3,15.56,13.21,9.45,10.58,11.2
59189,185,Eecke,59,1221,False,10.4,8.04,0.0,20.0,5.71,8.42,7.29,0.0,10.41,13.15,17.6,5.93,7.38,12.69,12.42,18.26,17.43,10.12,3.8,0.0,2.86,12.78,8.71,13.66,0.0,5.29,12.82,14.67,16.9,18.4,16.1,6.36,17.17,18.97,20.0,20.0,1.24,11.53,12.98,5.58,8.59,12.4,9.92,10.02,7.14,8.18,16.43,14.64,10.43,10.58,11.19
59578,186,Steenbecque,59,1650,False,10.89,11.3,20.0,20.0,5.71,10.99,16.1,0.0,13.58,12.3,16.78,3.85,3.98,11.71,11.49,17.61,17.43,2.41,8.1,0.0,8.57,0.0,12.86,11.23,14.58,9.14,18.78,14.67,16.9,18.4,16.1,2.72,17.71,18.21,20.0,2.22,0.58,11.06,11.11,0.48,12.02,13.96,8.15,8.77,6.43,13.22,16.43,10.71,8.19,10.57,11.16
62863,187,Violaines,62,3831,False,12.68,11.96,20.0,11.43,10.29,4.73,15.76,0.93,12.92,16.7,15.5,6.87,5.84,6.06,5.93,18.96,7.45,13.25,13.72,0.0,14.29,15.79,5.52,2.46,12.59,7.08,3.21,16.14,14.59,14.91,16.71,3.63,13.92,15.97,0.0,15.56,7.76,6.59,12.98,14.06,11.03,14.19,7.5,9.75,13.33,6.24,15.55,9.82,10.95,10.57,11.15
59314,188,Hornaing,59,3535,False,8.03,3.48,20.0,2.86,5.14,12.94,9.49,1.7,16.53,20.0,18.19,3.85,1.52,10.88,11.53,4.55,7.66,5.54,9.59,0.0,17.14,18.5,6.0,4.12,17.05,19.18,18.78,14.67,15.22,18.4,16.1,5.45,3.57,16.91,0.0,15.56,19.76,20.0,10.29,5.09,7.59,17.56,6.24,6.59,15.74,13.51,16.01,10.4,12.4,10.54,11.06
59179,189,Douchy-les-Mines,59,10207,False,7.14,3.48,0.0,1.43,8.29,11.76,11.36,3.47,19.52,20.0,20.0,7.73,5.22,15.84,15.88,6.56,6.04,16.14,14.21,20.0,17.14,17.59,5.21,2.23,7.65,14.91,0.0,16.67,6.44,14.84,13.43,5.45,12.45,12.99,0.0,20.0,20.0,13.41,13.22,0.0,5.93,19.71,10.24,12.58,15.3,5.77,13.05,12.59,9.68,10.54,11.05
59369,190,Maing,59,4004,False,8.64,6.52,20.0,1.43,8.29,12.33,13.56,12.28,17.89,17.74,16.32,3.95,4.09,11.66,12.08,9.1,4.72,13.49,11.9,0.0,17.14,16.09,6.64,6.35,4.52,13.26,6.41,14.92,15.65,18.4,16.1,5.45,16.63,17.06,20.0,15.56,20.0,3.06,5.15,3.03,9.51,17.55,7.46,8.43,15.04,7.26,16.19,17.08,3.81,10.52,10.99
59128,191,Capinghem,59,2474,True,14.5,7.39,20.0,7.14,20.0,0.0,10.68,12.43,2.24,4.74,0.0,17.61,15.32,18.68,16.31,17.96,11.02,12.53,11.74,0.0,8.57,14.59,12.91,0.35,0.0,11.89,6.26,9.85,5.28,5.76,0.0,5.45,7.27,9.57,20.0,15.56,0.0,5.41,18.01,15.03,11.4,2.29,17.28,10.34,11.3,3.75,5.84,10.21,12.62,10.52,10.99
62737,192,Sains-en-Gohelle,62,5995,False,8.64,7.83,0.0,11.43,6.57,8.29,15.42,14.9,17.23,17.58,15.93,5.24,4.66,10.4,8.33,2.99,3.73,18.31,10.74,20.0,17.14,18.2,5.31,0.28,7.05,15.19,18.02,14.4,11.19,17.25,16.9,6.36,16.36,11.35,0.0,20.0,20.0,3.29,12.16,1.45,9.07,17.04,6.59,11.58,15.52,8.62,14.78,13.21,6.01,10.52,10.99
62160,193,Boulogne-sur-Mer,62,40910,False,6.26,12.61,20.0,1.43,0.0,19.6,18.31,4.17,16.17,14.4,10.04,6.89,7.12,17.55,17.45,2.17,7.98,17.83,18.68,20.0,20.0,17.89,20.0,0.22,10.0,17.11,0.0,7.86,0.0,0.88,10.06,20.0,19.67,0.0,20.0,2.22,11.04,3.06,11.35,4.36,9.31,14.59,10.53,14.81,19.3,6.16,4.56,11.92,6.43,10.51,10.97
62040,194,Arques,62,9655,False,5.99,6.09,20.0,5.71,0.57,14.41,10.0,4.48,16.74,13.45,16.28,3.85,5.01,11.84,11.82,2.3,13.91,16.87,13.39,20.0,20.0,15.19,7.17,10.42,18.07,18.21,15.42,15.53,3.04,15.5,14.66,2.72,0.0,12.55,20.0,2.22,5.76,11.76,5.38,2.18,7.82,15.99,6.96,15.37,16.26,15.02,12.24,7.45,6.83,10.5,10.93
59504,195,Rœulx,59,3779,False,7.73,5.65,20.0,2.86,5.14,13.42,19.15,3.01,19.92,20.0,20.0,4.67,1.88,13.95,14.06,0.74,6.04,15.9,11.24,0.0,14.29,19.4,5.63,0.52,11.14,13.68,4.89,14.65,13.51,18.99,15.26,6.36,8.62,13.4,0.0,20.0,20.0,10.82,11.35,4.24,8.84,19.95,7.32,9.45,14.55,6.86,15.56,11.93,9.22,10.49,10.91
59071,196,Bersée,59,2296,False,13.23,8.91,0.0,11.43,14.0,10.53,7.12,20.0,7.22,1.94,1.31,7.58,6.33,1.98,1.67,14.74,18.16,5.78,4.79,0.0,8.57,13.98,11.58,11.6,10.48,11.89,18.02,6.49,17.11,18.4,13.18,7.27,16.9,18.07,20.0,11.11,10.38,9.41,9.12,10.3,11.06,4.98,5.85,9.24,10.88,12.64,13.38,14.57,9.55,10.49,10.9
62351,197,Fouquières-lès-Lens,62,6233,False,10.99,8.26,20.0,8.57,8.86,0.53,16.95,0.15,19.36,18.08,13.63,7.73,6.57,15.55,9.01,3.17,3.73,16.87,11.9,20.0,17.14,16.69,2.55,3.51,8.67,17.39,6.56,4.29,9.89,16.47,11.36,10.0,14.34,8.89,0.0,20.0,20.0,5.41,13.33,2.06,9.14,17.96,9.12,11.43,14.56,8.27,10.06,12.72,7.38,10.47,10.85
59123,198,Camphin-en-Carembault,59,1714,False,13.8,9.78,20.0,7.14,13.43,2.89,12.54,20.0,8.66,3.62,2.51,8.4,8.25,14.05,13.15,1.72,18.16,9.16,8.76,0.0,8.57,7.37,3.08,4.08,7.05,13.13,10.08,7.1,14.07,18.4,16.1,6.36,13.47,17.63,20.0,15.56,9.92,6.82,3.86,12.0,11.95,6.42,9.76,11.16,7.26,7.88,13.36,14.56,7.16,10.46,10.81
62250,199,Courrières,62,10199,False,11.97,8.7,20.0,8.57,10.57,0.0,9.83,2.47,15.84,16.31,12.61,7.51,7.21,17.06,5.76,4.24,4.78,17.35,12.23,20.0,20.0,18.2,6.75,2.69,10.06,17.25,8.85,8.17,4.65,13.57,9.98,9.08,12.66,10.92,0.0,20.0,8.92,11.53,10.88,1.33,9.11,15.29,9.17,12.02,17.19,8.8,8.98,10.38,8.51,10.46,10.8
59660,200,Willems,59,2996,True,14.84,4.57,20.0,5.71,14.86,13.45,17.12,10.35,4.26,0.41,7.35,5.19,5.32,8.21,8.41,10.71,11.02,0.0,5.12,0.0,14.29,18.5,7.12,5.19,20.0,7.35,14.5,6.58,12.87,15.31,13.96,1.81,14.13,16.36,20.0,15.56,7.04,10.59,16.26,4.36,12.31,4.11,6.92,5.09,14.5,11.43,11.72,13.65,10.95,10.45,10.77
59535,201,Saint-Jans-Cappel,59,1642,False,12.88,12.17,20.0,20.0,9.14,7.91,7.46,0.0,6.27,7.61,9.73,3.54,2.47,2.08,2.29,20.0,17.43,10.36,10.08,0.0,2.86,2.86,16.2,16.06,11.02,10.24,14.5,9.39,16.1,18.4,16.1,7.27,18.16,18.18,20.0,15.56,3.66,13.65,11.7,0.0,11.8,7.23,4.38,11.57,5.08,13.24,14.58,14.38,9.22,10.44,10.76
59002,202,Abscon,59,4203,False,8.38,5.65,20.0,2.86,5.14,12.41,13.39,9.03,19.61,20.0,17.45,7.11,3.3,13.24,13.39,1.16,6.04,15.9,14.71,0.0,14.29,17.29,6.32,1.21,10.06,14.91,10.84,16.48,13.3,16.63,16.1,6.36,18.07,16.41,0.0,20.0,9.22,8.71,9.36,0.0,8.88,19.26,8.17,10.27,13.96,8.24,15.65,12.07,6.57,10.44,10.75
59564,203,La Sentinelle,59,3143,False,8.62,2.39,20.0,1.43,8.29,10.88,13.73,3.71,18.64,18.2,20.0,14.52,11.78,18.63,18.11,9.6,6.04,16.87,17.19,0.0,20.0,16.09,20.0,0.41,11.51,14.09,9.92,13.64,0.0,0.0,0.0,4.55,0.0,7.99,0.0,20.0,20.0,3.53,12.75,5.82,8.06,18.82,15.02,11.14,18.7,8.01,4.26,9.37,7.51,10.42,10.69
59221,204,Famars,59,2475,False,8.87,5.43,20.0,1.43,8.29,12.35,15.08,8.8,13.75,15.44,15.3,6.94,7.02,12.13,11.89,14.9,4.72,13.01,16.2,0.0,8.57,18.5,6.43,3.72,9.76,13.26,8.4,15.43,13.13,12.49,14.6,7.27,0.0,14.99,20.0,20.0,20.0,5.65,11.23,4.0,9.25,14.4,9.66,9.3,11.52,8.17,13.96,14.48,7.23,10.42,10.66
62401,205,Haisnes,62,4427,False,12.78,12.39,20.0,11.43,10.29,4.95,14.92,16.29,14.77,13.72,15.58,5.55,5.2,10.14,9.98,18.51,7.45,9.64,9.59,0.0,11.43,11.88,6.0,0.86,5.42,3.78,2.29,16.2,13.02,17.72,15.89,5.45,8.74,14.93,0.0,11.11,20.0,12.24,13.33,8.24,12.45,14.72,8.44,7.72,10.68,2.95,15.73,10.32,11.55,10.41,10.64
59316,206,Houplin-Ancoisne,59,3275,True,13.35,5.87,20.0,7.14,14.57,8.1,12.37,2.01,8.87,6.31,12.14,8.28,7.78,12.87,12.23,8.41,11.02,5.3,8.26,0.0,11.43,13.38,1.65,2.84,9.22,12.16,16.49,2.34,15.26,16.92,5.17,8.17,18.65,16.18,20.0,15.56,20.0,11.53,10.53,1.33,10.5,9.01,9.85,7.39,10.45,9.14,9.75,17.54,8.38,10.4,10.62
62841,207,Vendin-lès-Béthune,62,2393,False,10.01,11.74,20.0,11.43,6.57,10.83,15.25,8.03,17.8,17.0,12.88,6.39,5.89,19.17,12.29,8.98,7.45,14.22,12.23,0.0,11.43,19.1,6.64,0.46,10.06,13.4,12.98,16.2,17.85,18.05,16.71,2.72,11.39,13.59,0.0,15.56,0.88,12.24,0.0,3.76,11.32,16.66,10.43,9.69,13.19,8.11,17.17,7.56,5.48,10.4,10.62
59647,208,Watten,59,2577,False,6.34,8.91,20.0,2.86,0.0,17.25,18.14,0.0,17.55,11.06,18.38,2.15,2.12,0.33,0.55,8.53,20.0,18.31,0.0,20.0,20.0,15.79,10.31,13.08,20.0,2.27,6.26,14.67,12.33,16.49,16.1,8.17,18.5,17.74,20.0,6.67,7.4,5.88,1.75,6.42,8.42,16.42,2.09,14.8,16.98,11.4,14.81,13.42,4.53,10.39,10.59
62810,209,Thélus,62,1271,False,8.66,6.52,0.0,2.86,2.57,8.24,13.56,5.41,13.22,7.58,13.35,9.67,9.24,11.15,10.93,9.51,12.86,1.45,6.12,0.0,0.0,3.16,16.73,9.47,14.22,11.07,12.21,16.2,15.6,18.05,16.71,7.27,15.73,17.76,20.0,20.0,20.0,12.47,11.58,15.64,6.1,12.12,10.11,6.41,3.84,11.6,16.61,18.0,13.01,10.39,10.57
59419,210,Mouchin,59,1441,False,14.11,10.22,0.0,18.57,11.43,18.66,8.14,20.0,9.08,8.85,6.34,6.63,5.19,0.0,0.0,19.51,18.16,0.48,7.77,0.0,2.86,0.0,7.38,18.99,16.75,5.29,5.8,12.6,16.9,18.4,16.1,8.17,17.47,18.56,20.0,11.11,13.84,5.65,7.72,12.12,13.25,8.49,5.06,8.38,2.66,13.01,15.78,15.5,8.17,10.37,10.53
62510,211,Liévin,62,30149,False,9.83,7.83,20.0,17.14,7.71,4.36,15.59,0.62,18.35,17.75,13.43,5.98,5.44,18.46,12.18,2.64,3.73,16.39,16.86,20.0,20.0,16.99,11.47,0.74,9.82,17.53,16.49,12.72,3.54,9.15,12.01,4.55,1.76,0.92,0.0,6.67,19.2,8.0,10.76,2.91,10.39,17.25,9.42,12.46,17.58,9.67,9.4,5.95,7.62,10.37,10.51
59388,212,Marquillies,59,1982,True,11.95,7.39,20.0,2.86,11.43,0.0,19.32,7.72,9.21,8.01,3.68,7.01,5.47,4.22,3.89,15.96,11.02,4.82,7.11,0.0,8.57,8.87,5.37,5.19,9.1,13.95,10.84,14.67,14.65,18.4,16.1,5.45,19.55,17.96,20.0,20.0,17.18,11.76,13.57,5.21,9.53,7.86,6.46,6.98,8.14,9.11,15.87,18.1,10.63,10.34,10.43
59356,213,Lompret,59,2182,True,15.88,10.87,20.0,7.14,20.0,10.8,13.9,1.93,0.0,4.42,0.0,4.88,5.46,16.08,17.55,20.0,11.02,14.46,13.55,0.0,5.71,12.48,2.44,1.36,13.8,14.09,13.13,11.82,14.96,16.61,11.31,3.63,13.83,11.24,20.0,11.11,0.18,10.12,11.11,0.0,12.76,0.88,10.91,11.33,7.42,9.58,13.71,10.76,7.72,10.34,10.43
59022,214,Attiches,59,2238,False,13.94,7.39,20.0,7.14,13.43,2.51,6.44,6.64,4.17,3.35,3.26,4.83,5.79,12.3,11.54,6.02,18.16,1.69,8.26,0.0,8.57,1.35,14.24,11.74,13.43,9.42,11.6,14.67,14.76,18.26,14.76,8.17,14.82,17.65,20.0,11.11,11.0,12.24,14.74,4.73,9.87,3.82,7.86,8.85,7.11,11.7,15.61,14.28,11.1,10.34,10.43
59330,215,Landas,59,2447,False,13.39,9.78,20.0,8.57,10.86,8.16,16.78,3.94,8.63,6.89,7.39,8.44,6.22,0.0,0.29,20.0,18.16,2.17,8.1,0.0,11.43,9.47,4.36,10.29,4.94,7.77,5.8,11.23,17.67,18.42,16.1,6.36,15.43,17.63,20.0,20.0,11.82,10.12,5.03,10.18,11.33,8.03,5.94,8.95,9.6,7.46,15.55,16.22,8.29,10.34,10.41
59292,216,Haveluy,59,3250,False,6.81,0.0,0.0,1.43,8.29,10.56,14.75,1.85,19.78,20.0,20.0,3.88,1.96,17.65,18.34,0.0,6.04,13.73,16.36,0.0,11.43,20.0,8.18,3.37,11.14,13.4,8.55,14.67,12.87,18.4,15.89,5.45,13.8,15.73,0.0,20.0,20.0,8.94,11.7,9.82,5.46,19.87,8.49,10.02,13.74,8.48,15.38,13.22,10.18,10.34,10.41
62034,217,Annequin,62,2145,False,8.26,6.09,20.0,2.86,8.86,7.11,13.39,9.34,17.25,16.94,14.02,6.39,6.58,15.52,14.95,14.42,7.45,6.99,8.43,0.0,8.57,18.8,2.5,2.05,8.43,4.6,5.8,14.23,15.45,18.02,16.71,3.63,14.19,15.91,0.0,15.56,20.0,13.41,18.01,1.21,8.74,16.54,10.59,6.67,10.97,5.01,15.95,12.31,11.76,10.34,10.41
59345,218,Lewarde,59,2403,False,10.89,10.43,20.0,2.86,6.57,7.11,12.37,6.18,18.68,19.06,17.17,3.56,2.94,13.37,12.03,0.49,7.66,12.05,10.08,0.0,11.43,15.79,6.64,2.44,17.53,12.44,13.44,14.67,10.78,17.69,16.1,7.27,10.04,15.56,0.0,20.0,16.94,8.94,12.4,4.48,9.17,18.45,6.7,8.62,12.08,10.66,14.72,11.96,8.98,10.33,10.4
59019,219,Artres,59,1064,False,8.05,5.43,20.0,1.43,8.29,12.38,7.12,0.0,14.82,15.44,11.72,3.76,4.52,6.73,6.73,16.29,4.72,0.72,9.42,0.0,8.57,2.56,19.97,11.65,11.33,6.12,9.92,14.67,16.9,18.4,16.1,6.36,17.17,18.94,20.0,20.0,20.0,15.53,14.5,8.48,7.55,14.32,6.23,4.09,8.47,10.11,16.43,18.38,13.23,10.33,10.38
62065,220,Avion,62,17672,False,10.23,7.83,20.0,17.14,7.71,3.05,16.44,4.79,18.6,18.04,15.03,7.34,5.69,14.01,12.35,4.21,3.73,15.9,14.88,20.0,20.0,16.39,9.61,2.03,10.24,16.01,9.01,9.26,3.4,14.44,13.06,6.36,4.02,9.86,0.0,15.56,19.56,7.53,2.57,4.0,10.77,17.77,9.03,11.85,17.07,8.41,9.8,9.57,4.76,10.33,10.37
59550,221,Salomé,59,3051,True,11.17,7.39,20.0,2.86,10.86,0.0,17.8,0.23,12.12,13.6,16.12,10.0,7.82,8.79,8.7,14.52,11.02,10.12,13.06,0.0,8.57,11.28,5.21,1.03,15.78,10.1,6.72,14.67,13.26,15.57,16.1,4.55,9.77,15.14,20.0,20.0,12.72,8.24,6.2,12.24,8.47,13.22,9.54,9.94,8.91,7.92,14.81,14.82,8.59,10.31,10.33
59352,222,Linselles,59,8192,True,12.35,0.43,20.0,5.71,11.93,9.28,0.85,10.58,3.48,0.0,0.14,4.69,3.99,5.35,5.49,11.16,11.02,17.59,11.24,20.0,17.14,16.39,5.21,2.24,13.25,8.32,12.98,10.41,12.5,16.75,8.52,2.72,17.11,14.62,20.0,15.56,0.0,15.29,12.05,3.64,8.97,2.12,5.44,14.06,14.9,8.54,12.16,12.66,10.93,10.31,10.32
59203,223,Erre,59,1574,False,8.38,4.57,20.0,2.86,5.14,11.39,12.88,0.23,16.48,20.0,15.03,5.62,2.6,11.13,11.36,2.76,7.66,7.95,12.56,0.0,8.57,16.69,6.75,4.81,3.86,16.15,16.18,14.67,14.24,18.4,16.1,5.45,17.86,18.13,20.0,15.56,18.26,10.35,7.72,4.85,7.78,16.89,6.9,8.0,10.97,9.1,15.76,17.12,7.89,10.3,10.29
59124,224,Camphin-en-Pévèle,59,2501,False,13.74,0.0,20.0,5.71,14.86,15.8,8.47,0.0,0.32,0.0,1.97,6.34,6.7,7.0,6.99,16.37,18.16,0.0,16.69,0.0,5.71,8.27,6.37,5.05,4.82,3.51,9.31,0.0,20.0,18.4,14.64,6.36,11.78,16.6,20.0,11.11,20.0,15.76,17.66,13.58,10.08,0.59,7.61,10.34,6.67,5.53,12.34,15.22,15.86,10.3,10.28
62178,225,Bruay-la-Buissière,62,21827,False,8.69,10.0,0.0,11.43,6.57,12.78,11.02,3.63,20.0,17.52,17.52,3.18,3.72,13.28,12.99,0.0,7.45,18.07,17.85,20.0,20.0,17.29,17.05,2.03,8.86,16.98,6.56,12.81,0.0,8.18,13.96,5.45,14.04,8.84,0.0,11.11,16.36,2.82,13.92,4.97,8.46,19.01,6.79,14.5,18.6,7.75,8.67,9.84,7.44,10.29,10.27
62846,226,Vermelles,62,4748,False,7.83,5.0,20.0,2.86,8.86,6.39,10.17,4.4,17.55,16.18,15.58,6.15,6.6,10.84,10.48,13.35,7.45,16.39,4.13,20.0,17.14,17.59,10.09,1.55,10.12,5.57,4.27,15.89,6.98,17.32,14.23,5.45,16.3,16.81,0.0,15.56,20.0,8.71,8.77,6.42,7.69,16.88,8.66,10.77,16.11,5.18,13.71,12.98,8.11,10.29,10.25
59214,227,Estrées,59,1116,False,11.32,11.52,0.0,15.71,8.57,9.2,10.17,0.0,14.65,17.23,9.34,2.78,1.6,13.43,11.28,9.02,7.45,11.33,5.45,0.0,2.86,8.27,0.0,3.46,16.2,7.35,12.37,14.67,16.9,18.4,16.1,9.08,17.8,18.68,20.0,20.0,17.12,14.59,7.84,6.42,9.26,14.1,6.9,7.24,4.19,9.42,16.43,18.08,9.91,10.29,10.24
62048,228,Auchel,62,10062,False,7.6,9.57,0.0,11.43,6.57,14.65,11.19,0.08,20.0,20.0,20.0,2.85,1.92,13.45,13.15,0.0,7.45,17.35,18.02,20.0,20.0,18.2,12.16,0.49,10.78,18.35,10.53,20.0,0.0,13.81,17.8,6.36,16.57,6.21,0.0,15.56,20.0,0.0,6.55,2.42,8.1,20.0,6.4,14.33,18.09,8.81,13.04,11.68,3.04,10.28,10.22
59475,229,Prouvy,59,2173,False,7.83,3.04,20.0,1.43,8.29,12.41,18.64,3.63,17.09,17.85,15.54,5.79,5.0,15.36,16.05,5.63,4.72,16.87,14.05,0.0,14.29,13.38,17.1,5.21,16.63,13.95,0.15,14.67,1.96,13.05,8.23,4.55,0.0,8.16,20.0,20.0,20.0,8.0,10.88,1.58,8.6,16.93,9.37,9.93,14.45,8.99,9.88,13.39,7.3,10.27,10.2
59656,230,Wervicq-Sud,59,5299,True,10.7,0.22,20.0,5.71,14.57,12.3,0.0,6.56,7.2,2.88,4.19,5.26,3.96,4.95,5.02,7.44,11.02,8.19,8.6,0.0,17.14,17.59,3.98,2.39,13.61,8.73,18.47,14.21,14.27,15.93,12.11,2.72,11.09,12.09,20.0,20.0,3.68,15.29,15.91,6.91,8.83,5.73,5.11,8.32,15.1,9.87,14.26,12.75,13.23,10.27,10.2
62291,231,Éleu-dit-Leauwette,62,2829,False,10.54,8.48,20.0,17.14,7.71,2.27,13.56,1.31,17.81,16.23,12.81,6.15,5.11,17.59,14.65,7.26,3.73,13.01,13.39,0.0,11.43,14.89,5.63,1.63,20.0,15.05,12.37,16.2,10.06,11.27,15.91,8.17,18.71,0.44,0.0,20.0,18.54,7.29,6.32,0.24,10.24,16.49,10.0,8.29,11.62,11.36,13.38,12.05,5.01,10.27,10.19
62386,232,Grenay,62,6704,False,8.69,7.17,0.0,17.14,7.71,7.83,17.63,0.77,18.81,16.98,14.33,5.24,5.33,13.11,10.62,8.79,3.73,15.66,11.4,20.0,17.14,16.39,7.12,0.16,11.69,12.44,10.69,9.6,3.99,15.39,11.7,5.45,8.47,2.59,0.0,15.56,20.0,13.88,13.92,2.42,8.87,17.55,8.24,10.96,15.22,7.8,10.04,9.51,10.77,10.27,10.19
59013,233,Anstaing,59,1601,True,14.31,1.96,20.0,5.71,16.29,15.51,9.83,6.1,1.28,0.0,0.0,6.75,7.18,7.73,7.68,12.34,11.02,7.23,6.45,0.0,2.86,8.57,9.93,2.61,3.73,11.62,11.76,7.1,18.75,18.4,16.1,5.45,9.26,14.92,20.0,15.56,20.0,16.47,8.54,20.0,11.26,0.77,7.73,7.53,5.94,6.54,14.52,15.32,14.55,10.27,10.19
59084,234,Blaringhem,59,2043,False,9.58,10.0,0.0,20.0,5.71,13.24,9.15,0.0,11.97,19.58,16.2,5.5,5.64,5.69,5.88,9.01,17.43,0.0,0.99,0.0,11.43,16.99,5.21,20.0,5.9,7.35,5.19,14.67,16.9,18.4,17.8,2.72,12.99,17.73,20.0,11.11,8.06,10.82,12.51,4.48,9.4,14.34,5.96,6.38,12.25,10.75,16.75,12.98,9.71,10.25,10.12
59172,235,Denain,59,20640,False,6.91,2.83,20.0,1.43,8.29,12.73,17.97,4.09,20.0,20.0,20.0,3.8,1.72,19.78,19.88,0.0,6.04,18.55,18.51,20.0,20.0,15.49,15.72,0.62,8.73,17.11,5.8,11.0,0.0,0.0,9.28,4.55,5.55,6.81,0.0,20.0,20.0,0.0,11.81,11.76,8.4,20.0,9.14,14.3,17.78,7.12,5.18,10.32,7.5,10.25,10.12
59489,236,Raimbeaucourt,59,4015,False,9.91,6.52,20.0,7.14,10.57,15.51,11.02,3.24,15.64,6.62,15.77,3.13,2.91,6.13,5.65,9.78,7.45,9.64,7.93,0.0,17.14,16.99,2.66,8.6,10.48,10.1,13.13,10.6,19.18,18.21,14.48,7.27,17.29,17.02,20.0,15.56,16.0,6.12,3.04,4.85,10.25,13.86,4.8,7.33,14.68,10.31,15.38,16.52,4.65,10.24,10.09
59522,237,Sailly-lez-Lannoy,59,1949,True,14.39,4.57,20.0,5.71,14.86,13.9,10.85,20.0,0.0,1.35,0.0,1.2,1.77,10.57,10.84,6.05,11.02,0.72,8.1,0.0,5.71,9.77,5.47,4.17,20.0,10.65,9.92,0.0,16.77,16.35,10.1,1.81,13.77,16.93,20.0,20.0,1.22,16.71,18.13,17.33,12.58,0.27,5.38,6.01,7.02,10.84,10.17,13.38,17.4,10.24,10.09
59416,238,Morbecque,59,2509,False,11.07,11.3,0.0,20.0,5.71,11.93,14.07,6.49,11.74,13.06,16.74,5.55,7.83,13.39,13.09,19.79,17.43,6.27,10.58,0.0,8.57,2.56,8.45,20.0,9.58,11.07,17.25,14.21,15.71,18.14,16.1,0.0,18.47,20.0,20.0,6.67,1.64,0.0,1.29,5.33,10.76,13.0,10.28,10.49,6.55,14.89,15.92,12.02,1.92,10.24,10.08
62194,239,Calonne-Ricouart,62,5463,False,8.22,9.57,20.0,0.0,3.43,12.54,17.8,1.39,20.0,20.0,16.51,3.76,2.77,16.89,16.44,0.0,7.45,15.66,13.72,20.0,17.14,18.8,4.89,1.31,9.94,13.95,16.18,16.2,4.38,12.96,14.91,6.36,14.58,9.28,0.0,2.22,20.0,0.47,14.5,5.09,8.4,19.3,8.15,12.82,15.65,9.11,12.19,9.02,6.83,10.24,10.08
59113,240,Bruille-lez-Marchiennes,59,1350,False,9.6,6.3,20.0,2.86,5.14,12.25,14.75,9.88,16.32,19.97,16.16,5.12,3.16,6.19,6.22,0.85,7.66,9.16,10.58,0.0,2.86,7.37,3.93,4.49,13.37,14.09,17.56,14.67,14.51,18.4,16.1,5.45,19.13,18.02,20.0,20.0,14.12,19.53,0.0,8.0,9.4,17.02,4.75,7.89,4.54,11.39,15.83,17.42,9.28,10.23,10.07
62609,241,Neuville-Saint-Vaast,62,1603,False,7.95,6.3,0.0,2.86,2.57,9.71,8.64,0.0,8.97,2.58,12.34,8.95,8.58,10.96,10.94,8.79,12.86,5.3,3.8,0.0,8.57,7.67,0.0,20.0,20.0,10.1,12.67,6.13,16.53,18.05,16.71,6.36,16.75,18.58,20.0,15.56,20.0,13.18,7.72,15.27,5.16,8.37,9.63,6.99,6.84,16.55,13.69,17.36,11.76,10.23,10.07
59651,242,Wavrechain-sous-Denain,59,1616,False,7.4,3.26,0.0,1.43,8.29,13.16,16.61,7.72,20.0,17.84,20.0,7.08,5.27,19.47,20.0,5.38,6.04,17.35,20.0,0.0,8.57,14.29,6.59,3.25,11.2,15.88,3.97,14.67,2.29,18.4,16.1,4.55,17.41,15.56,0.0,20.0,20.0,2.59,11.58,2.67,6.99,19.57,11.37,11.94,10.15,8.04,12.78,13.86,5.88,10.23,10.07
62626,243,Noyelles-lès-Vermelles,62,2294,False,8.5,6.3,20.0,2.86,8.86,6.42,11.36,6.64,15.6,17.79,13.55,5.43,5.76,13.01,12.56,14.91,7.45,10.36,4.79,0.0,8.57,15.19,4.62,2.33,7.89,5.57,2.9,16.2,9.96,17.01,16.71,5.45,16.96,12.23,20.0,15.56,20.0,13.18,15.67,0.0,8.31,15.63,9.22,6.8,10.12,4.57,14.94,16.5,10.49,10.23,10.06
62215,244,Carvin,62,17852,False,11.7,6.3,20.0,7.14,11.14,0.0,9.66,10.73,15.54,12.82,14.95,6.77,6.19,11.1,8.79,3.76,4.78,16.63,14.88,20.0,20.0,15.79,15.46,0.96,11.45,11.62,13.28,9.07,4.83,9.33,5.36,7.27,5.22,12.0,0.0,15.56,12.1,7.76,11.11,11.88,9.35,14.88,7.69,12.43,17.84,8.35,7.38,8.66,10.1,10.23,10.05
62491,245,Laventie,62,4969,False,7.93,1.09,0.0,2.86,10.86,5.7,0.0,3.86,10.31,7.79,13.2,8.9,7.76,4.74,4.76,15.73,16.85,17.11,4.96,20.0,20.0,15.49,7.49,1.87,15.78,3.09,15.42,15.91,16.55,16.14,15.71,2.72,17.77,17.97,20.0,11.11,0.2,7.06,11.58,6.67,4.61,10.38,7.75,14.5,16.41,8.53,16.09,12.39,8.6,10.22,10.02
59339,246,Leers,59,9588,True,13.48,0.87,20.0,5.71,15.43,12.41,4.24,5.48,6.84,1.91,8.36,4.93,3.87,11.83,11.6,2.41,11.02,16.14,11.74,20.0,20.0,12.78,8.87,0.49,12.59,12.58,1.98,0.0,7.03,0.0,0.0,3.63,14.88,5.61,20.0,20.0,6.4,13.65,17.66,6.3,9.91,6.16,7.08,13.75,15.74,6.43,1.76,13.25,13.1,10.21,10.01
62801,247,Souchez,62,2658,False,8.18,7.39,0.0,17.14,7.71,7.06,4.41,0.0,14.17,2.98,14.25,4.55,4.78,12.42,6.01,0.78,3.73,9.16,10.25,0.0,17.14,10.38,12.01,7.3,11.33,12.44,12.21,3.51,13.96,18.05,16.71,5.45,17.47,16.3,20.0,15.56,19.8,10.35,9.59,13.7,7.42,11.95,6.32,6.42,14.03,10.38,12.23,17.1,10.99,10.2,9.97
59580,248,Steenvoorde,59,4324,False,6.81,2.17,0.0,4.29,3.14,8.9,2.2,19.15,10.11,14.8,18.15,7.27,7.5,9.97,9.82,17.82,17.43,17.59,0.17,20.0,17.14,15.79,9.83,10.09,12.53,2.54,18.02,12.51,13.82,16.63,14.83,6.36,16.66,18.04,20.0,6.67,1.36,4.94,7.37,5.21,5.76,12.66,9.33,13.72,15.47,10.82,14.3,11.77,5.9,10.2,9.97
59185,249,Écaillon,59,1910,False,11.34,10.43,20.0,2.86,6.57,12.91,12.37,14.29,18.28,19.99,18.23,3.68,1.71,9.2,8.1,4.58,7.66,15.9,9.92,0.0,5.71,15.79,2.76,2.64,6.33,13.81,17.86,14.67,7.22,15.76,16.1,5.45,15.46,17.04,20.0,20.0,17.72,6.12,4.8,2.55,10.71,18.61,5.34,9.71,8.58,8.9,13.35,17.27,4.67,10.2,9.96
62443,250,Hersin-Coupigny,62,6147,False,8.07,6.74,0.0,11.43,6.57,9.41,9.66,1.85,18.09,18.51,16.08,4.76,5.12,9.36,8.33,5.77,7.45,16.63,11.74,20.0,14.29,13.08,4.3,5.41,11.75,18.63,13.13,16.83,12.41,18.92,16.98,5.45,3.18,15.77,0.0,15.56,19.36,9.18,9.36,3.52,7.24,17.77,6.53,12.64,12.22,11.29,16.28,10.09,7.7,10.18,9.92
62413,251,Harnes,62,12317,False,11.13,6.96,20.0,7.14,10.0,1.34,13.73,1.47,17.79,17.79,16.94,5.19,5.34,13.97,9.78,5.7,3.73,16.14,9.75,20.0,20.0,17.29,4.73,2.3,7.83,18.35,8.55,10.06,8.41,15.1,11.91,8.17,7.57,9.67,0.0,15.56,20.0,6.12,11.93,3.64,8.86,17.62,8.01,10.71,16.55,8.23,11.25,10.46,7.56,10.18,9.88
62193,252,Calais,62,67380,False,3.12,6.3,20.0,2.86,0.0,18.29,17.97,10.04,16.75,12.5,12.3,4.0,4.88,16.46,16.03,9.48,7.51,17.59,17.69,20.0,20.0,18.5,14.02,0.89,8.92,16.7,9.16,17.42,0.0,3.26,5.05,7.27,11.36,3.63,20.0,11.11,10.88,0.0,12.51,0.0,8.44,15.01,9.37,14.34,18.5,7.85,7.21,11.64,4.55,10.17,9.86
62200,253,Cambrin,62,1228,False,8.87,6.52,20.0,2.86,8.86,4.6,16.44,0.0,14.37,17.11,14.05,7.73,7.11,14.25,13.73,15.53,7.45,7.47,6.61,0.0,8.57,15.49,8.66,2.94,0.0,3.09,3.97,16.2,14.09,18.05,16.71,5.45,3.12,14.48,20.0,15.56,20.0,7.76,16.02,12.36,8.05,14.85,10.76,6.38,10.89,2.39,16.23,14.03,12.02,10.15,9.82
62464,254,Hulluch,62,3367,False,10.13,8.04,20.0,7.14,10.0,4.84,11.69,14.83,13.99,13.12,15.58,8.97,7.36,14.03,13.71,10.83,3.73,8.43,10.91,0.0,14.29,18.5,6.32,1.82,12.53,8.18,7.63,11.95,8.04,18.63,12.87,5.45,14.73,15.35,0.0,15.56,20.0,12.94,3.04,4.36,10.23,14.13,10.72,6.36,14.36,7.11,12.82,12.47,7.0,10.15,9.79
59348,255,Lieu-Saint-Amand,59,1461,False,6.58,4.57,0.0,2.86,5.14,13.42,18.14,4.94,17.22,18.18,20.0,5.05,2.26,9.32,9.88,0.0,6.04,7.71,4.13,0.0,5.71,15.79,10.89,2.63,20.0,6.67,2.9,14.67,14.37,18.4,16.1,6.36,12.6,10.69,20.0,20.0,20.0,14.12,9.94,18.91,6.73,17.97,5.74,5.37,9.93,8.12,15.8,16.37,13.91,10.15,9.79
59340,256,Leffrinckoucke,59,4124,False,2.36,1.3,0.0,5.71,0.0,16.31,5.93,17.07,6.31,8.21,9.69,2.56,4.42,15.77,15.37,16.34,9.03,13.73,13.22,0.0,14.29,17.89,11.58,5.8,11.69,18.08,8.55,14.67,13.49,14.28,16.1,3.63,14.46,13.14,20.0,15.56,8.88,12.24,12.75,1.21,5.59,7.37,9.2,10.34,15.04,10.38,14.55,13.77,9.42,10.14,9.78
59256,257,Fretin,59,3227,True,16.33,8.26,20.0,8.57,15.14,14.68,16.95,13.36,4.62,0.0,0.0,8.13,8.57,7.26,7.16,12.91,11.02,3.13,0.0,0.0,14.29,0.0,18.11,7.69,11.2,11.34,13.44,14.67,12.67,11.83,2.53,5.45,15.79,11.87,20.0,11.11,20.0,7.53,11.93,0.48,13.95,2.77,8.32,4.81,10.16,10.51,11.18,15.33,7.21,10.13,9.75
62907,258,Libercourt,62,8138,False,16.11,13.91,20.0,17.14,12.29,0.0,18.14,12.2,16.24,14.48,15.65,5.26,5.38,9.69,8.27,1.72,4.78,17.35,15.21,20.0,17.14,16.69,9.14,2.27,8.13,18.76,16.49,5.27,5.49,9.76,6.02,10.0,12.39,4.65,0.0,15.56,8.64,0.0,9.12,1.09,13.77,15.77,6.43,12.72,15.66,9.97,6.59,8.6,3.61,10.13,9.74
59303,259,Herlies,59,2323,True,10.3,3.91,20.0,2.86,11.43,3.16,10.34,18.53,5.56,7.22,3.18,9.09,6.97,5.3,4.35,16.34,11.02,11.57,8.26,0.0,8.57,5.56,9.14,1.89,18.13,20.0,14.2,10.44,13.79,18.4,13.61,4.55,11.87,16.76,20.0,20.0,0.0,17.88,12.63,0.12,9.3,5.42,7.8,9.24,7.66,12.3,13.86,12.91,11.13,10.12,9.7
59234,260,Flers-en-Escrebieux,59,5642,False,11.42,8.26,20.0,7.14,9.43,0.51,14.92,9.58,17.47,14.1,14.29,11.05,10.78,13.36,12.76,5.46,7.45,14.22,14.05,0.0,17.14,13.98,14.13,2.34,8.55,14.64,15.73,11.21,3.38,3.43,3.94,6.36,14.76,9.64,0.0,20.0,10.72,5.65,12.63,0.0,9.76,16.16,11.26,10.12,15.58,9.13,5.94,10.81,6.65,10.12,9.69
59082,261,Bierne,59,1772,False,6.16,3.48,20.0,4.29,0.0,13.07,15.42,20.0,7.45,9.06,11.87,5.57,5.97,9.8,6.81,20.0,20.0,11.57,6.78,0.0,2.86,11.58,6.0,5.93,10.18,7.22,7.94,14.67,16.59,18.4,16.1,4.55,15.58,17.11,20.0,20.0,0.0,11.06,12.16,1.33,9.0,8.66,8.2,12.06,6.29,7.72,16.35,13.7,8.81,10.11,9.68
62842,262,Vendin-le-Vieil,62,8381,False,11.36,9.13,20.0,7.14,10.0,5.83,16.1,1.39,15.69,15.22,15.03,8.78,7.62,12.54,12.27,9.01,3.73,15.42,14.21,20.0,17.14,12.48,11.42,2.14,10.78,11.89,7.94,13.33,10.06,8.98,8.4,4.55,3.36,9.98,0.0,15.56,20.0,8.94,5.03,4.97,9.93,15.46,9.97,11.55,14.63,7.55,10.5,9.42,6.44,10.11,9.67
59152,263,Comines,59,12671,True,12.37,4.57,20.0,7.14,14.57,9.41,0.0,12.82,10.45,7.45,8.17,3.85,3.01,1.46,1.8,6.24,11.02,17.35,0.5,20.0,20.0,14.89,5.05,1.97,8.07,2.27,17.86,14.11,10.65,12.54,11.66,1.81,17.11,12.93,20.0,11.11,1.66,11.06,12.75,8.97,10.15,9.39,3.06,11.46,15.8,6.83,12.39,11.82,11.1,10.1,9.66
59511,264,Rosult,59,1973,False,12.6,8.04,20.0,8.57,9.71,7.3,18.14,20.0,6.91,10.77,10.62,9.21,7.09,5.51,5.56,17.17,6.04,7.47,6.78,0.0,8.57,4.36,8.07,10.71,3.07,8.04,11.6,3.05,16.9,18.4,16.1,7.27,10.31,16.41,20.0,15.56,20.0,10.82,4.33,11.88,12.29,8.42,8.16,5.92,7.08,8.32,12.8,15.85,8.75,10.1,9.63
62019,265,Aix-Noulette,62,3913,False,8.18,6.74,0.0,17.14,7.71,8.45,10.68,2.55,15.52,11.9,16.04,5.31,4.65,11.43,8.35,0.61,3.73,11.33,14.21,0.0,11.43,9.17,6.8,5.33,9.22,11.07,12.52,10.73,11.72,16.66,10.62,5.45,10.73,16.33,20.0,15.56,17.86,11.29,14.27,6.67,8.31,14.9,6.63,7.99,9.9,8.95,12.44,15.37,11.11,10.1,9.63
62895,266,Wingles,62,8742,False,9.05,5.0,20.0,2.86,10.86,2.94,12.88,0.0,16.6,13.79,15.77,8.35,7.5,11.67,11.45,10.76,3.73,13.98,17.36,20.0,20.0,16.69,12.16,2.17,13.07,6.8,6.11,15.01,7.35,15.39,11.7,6.36,9.68,7.83,0.0,6.67,20.0,6.59,10.88,5.58,7.62,15.87,9.65,11.87,17.59,6.79,12.57,8.74,7.87,10.09,9.62
59276,267,Guesnain,59,4656,False,10.5,9.57,20.0,2.86,6.57,7.81,14.58,5.64,18.18,20.0,18.11,2.89,3.0,14.93,13.57,2.37,7.45,14.7,12.56,0.0,14.29,18.2,6.85,0.54,7.77,14.36,10.69,7.31,5.43,17.2,15.87,7.27,15.06,10.92,0.0,20.0,16.68,7.53,9.82,6.06,9.22,18.53,7.25,9.91,14.35,7.26,10.92,12.29,7.96,10.08,9.58
59094,268,Bourbourg,59,7023,False,2.14,1.52,20.0,2.86,0.0,16.23,18.31,2.16,15.11,13.43,16.39,3.33,4.09,8.96,3.25,20.0,9.03,19.28,2.15,20.0,17.14,19.1,9.83,2.98,11.14,19.45,19.24,17.17,5.91,14.82,13.26,4.55,15.27,18.44,20.0,11.11,0.0,4.0,11.93,3.52,6.72,15.03,6.39,11.72,16.58,11.7,13.03,12.04,6.75,10.08,9.58
59615,269,Vieux-Berquin,59,2649,False,10.05,7.39,20.0,7.14,7.14,7.73,15.93,0.0,12.85,12.97,9.84,8.68,9.43,10.66,10.49,18.5,17.43,1.69,7.6,0.0,14.29,0.0,2.02,20.0,6.81,5.84,13.13,14.67,18.12,18.4,16.1,1.81,17.77,19.28,20.0,0.0,1.26,5.41,5.85,12.36,9.18,12.27,10.49,8.44,7.48,12.28,16.73,10.5,7.47,10.08,9.57
59559,270,Sebourg,59,1977,False,7.73,4.13,0.0,18.57,5.14,13.96,0.0,0.0,9.79,14.08,8.01,7.63,6.05,4.06,7.05,9.88,4.72,16.87,5.62,20.0,11.43,0.0,8.07,16.45,20.0,6.39,13.13,14.67,17.84,18.4,16.1,5.45,18.1,19.06,20.0,11.11,20.0,8.71,2.34,6.55,7.27,10.29,6.61,10.3,7.06,14.72,16.66,16.75,5.8,10.08,9.57
62861,271,Vimy,62,4307,False,9.56,7.61,20.0,17.14,7.71,4.57,18.14,6.72,13.84,7.96,15.07,6.67,6.16,11.0,9.87,8.86,3.73,7.71,10.41,0.0,14.29,14.89,1.22,6.35,13.98,9.28,8.85,13.44,12.97,18.16,16.71,7.27,16.63,16.36,0.0,15.56,18.94,11.29,0.47,6.18,11.11,12.91,8.27,6.03,12.31,9.47,15.12,12.89,5.96,10.07,9.55
59253,272,Fresnes-sur-Escaut,59,7486,False,8.16,5.22,0.0,18.57,5.14,19.2,0.0,9.88,20.0,19.26,20.0,6.58,5.82,5.18,10.34,7.63,4.72,16.87,6.61,20.0,20.0,11.88,7.12,6.02,9.64,3.92,3.05,9.41,5.6,15.76,14.31,5.45,16.66,15.08,0.0,20.0,20.0,4.71,10.18,4.12,9.03,19.85,6.74,10.54,15.15,5.97,10.96,13.71,6.54,10.07,9.55
62170,273,Bouvigny-Boyeffles,62,2371,False,8.38,6.74,0.0,17.14,7.71,8.13,7.97,0.0,15.05,14.14,13.2,4.4,4.23,9.47,7.27,1.44,3.73,17.35,9.09,20.0,8.57,5.56,4.46,11.23,17.77,11.89,18.47,16.2,17.07,18.09,16.71,5.45,16.42,17.91,0.0,15.56,19.48,9.88,7.13,4.0,7.84,14.5,5.7,10.91,6.88,14.55,16.99,13.04,7.28,10.06,9.5
62724,274,Rouvroy,62,8797,False,11.11,8.48,20.0,8.57,8.86,2.99,15.59,1.47,16.78,18.17,16.16,4.02,3.25,12.0,6.3,6.04,4.78,15.66,11.57,20.0,17.14,17.29,5.42,0.76,10.3,13.95,1.53,10.85,8.6,15.62,13.22,8.17,0.92,9.75,0.0,15.56,20.0,7.29,15.91,5.82,9.49,16.93,6.29,11.37,15.24,6.1,11.92,9.14,10.02,10.06,9.5
62520,275,Locon,62,2342,False,6.44,3.91,20.0,2.86,8.0,12.57,6.44,20.0,13.24,16.63,11.17,7.03,5.87,14.98,12.37,13.36,7.45,7.23,10.58,0.0,11.43,7.97,4.52,2.68,7.71,9.42,13.13,15.24,17.65,18.05,16.71,0.91,16.96,17.73,20.0,15.56,1.3,14.12,6.32,2.79,8.99,13.5,10.07,7.25,9.12,7.46,16.82,13.19,8.19,10.06,9.5
62126,276,Beuvry,62,9111,False,8.62,7.39,20.0,2.86,8.0,9.71,14.75,8.11,17.7,17.63,12.38,6.36,6.18,18.51,17.84,13.38,7.45,13.25,13.72,20.0,17.14,14.59,7.01,3.75,9.28,9.83,12.21,12.89,5.32,10.68,13.9,0.91,14.01,14.6,0.0,0.0,14.0,3.76,12.98,0.0,9.2,16.62,11.53,12.11,14.6,8.13,10.63,7.61,6.09,10.06,9.5
59418,277,Mortagne-du-Nord,59,1584,False,9.99,4.13,0.0,18.57,8.29,19.06,0.0,8.65,17.03,18.89,20.0,3.71,2.56,0.0,0.0,15.37,6.04,17.59,2.64,20.0,8.57,19.7,13.44,7.48,11.39,3.78,0.0,14.67,9.27,18.4,16.1,7.27,13.38,13.08,20.0,20.0,19.72,4.47,9.71,1.7,9.53,18.0,3.19,10.28,13.09,6.29,14.52,16.85,5.62,10.05,9.49
62620,278,Norrent-Fontes,62,1362,False,6.4,8.26,0.0,20.0,5.71,14.57,10.0,0.46,19.18,19.85,12.81,3.4,2.78,1.37,0.0,14.84,7.45,18.8,7.93,20.0,11.43,7.97,0.0,12.59,20.0,9.0,0.0,16.2,13.62,18.05,17.64,5.45,16.54,17.15,20.0,11.11,20.0,8.24,0.0,2.91,8.8,18.04,3.4,12.38,8.37,11.33,16.29,16.18,3.79,10.05,9.49
59205,279,Escaudain,59,9253,False,8.46,5.43,0.0,2.86,5.14,13.21,14.24,6.41,20.0,19.65,20.0,6.41,3.43,16.12,16.15,0.0,6.04,16.39,13.72,20.0,20.0,18.5,5.15,1.55,11.08,18.63,10.99,8.8,4.66,16.8,13.59,4.55,13.68,13.29,0.0,15.56,20.0,3.06,7.95,0.0,6.99,19.93,8.94,12.53,17.03,9.4,10.66,11.92,4.0,10.05,9.48
59423,280,Neuf-Berquin,59,1403,False,9.5,6.96,0.0,7.14,7.14,8.88,11.19,12.28,10.5,13.56,14.09,7.08,7.03,6.14,6.17,18.41,17.43,11.57,14.55,0.0,5.71,6.77,3.77,2.96,12.89,0.0,8.85,14.67,14.98,18.4,16.1,2.72,16.12,18.37,20.0,6.67,0.6,12.71,6.2,20.0,8.02,11.83,7.8,12.98,5.74,6.19,15.95,11.31,12.33,10.04,9.45
59042,281,Bachy,59,1883,False,13.13,4.78,0.0,11.43,14.0,17.09,2.71,20.0,3.1,3.79,7.7,5.36,3.77,0.0,0.0,18.14,18.16,4.34,7.11,0.0,2.86,5.56,2.82,9.58,0.0,0.89,12.21,14.67,16.9,18.4,16.1,9.08,14.28,18.31,20.0,15.56,13.94,11.76,11.58,20.0,10.93,4.16,4.23,9.36,3.75,5.81,16.43,15.8,13.94,10.03,9.42
59257,282,Fromelles,59,1076,True,9.36,0.87,20.0,2.86,11.43,2.27,2.2,0.0,4.3,5.03,2.75,9.35,7.96,6.89,6.86,16.36,11.02,12.53,5.62,0.0,0.0,10.08,4.94,20.0,11.2,12.71,19.08,10.39,16.9,18.4,16.1,3.63,14.76,19.21,20.0,15.56,0.0,14.82,9.71,20.0,6.2,4.14,8.81,8.9,4.18,16.01,15.09,12.87,14.37,10.02,9.39
62321,283,Évin-Malmaison,62,4674,False,12.27,8.91,20.0,7.14,11.14,0.0,18.47,0.0,15.76,13.81,14.13,10.33,9.41,12.38,8.19,5.69,4.78,14.46,10.58,0.0,11.43,11.58,10.25,2.57,11.63,10.93,9.62,12.91,9.98,16.54,11.31,8.17,3.66,12.35,0.0,20.0,11.02,11.29,10.41,8.24,9.61,15.04,9.9,8.43,11.28,8.07,12.78,9.13,10.14,10.01,9.34
62624,284,Noyelles-Godault,62,5906,False,12.78,9.57,20.0,8.57,10.57,0.0,15.08,9.42,17.19,16.69,15.85,12.92,11.74,14.78,8.51,7.74,4.78,14.94,11.74,0.0,20.0,13.68,20.0,1.53,14.28,12.3,7.33,6.81,0.0,0.0,0.0,9.08,0.0,4.45,0.0,20.0,14.84,6.82,12.87,6.79,10.5,16.82,12.01,8.84,17.89,8.24,2.13,8.17,9.01,10.0,9.31
62427,285,Hénin-Beaumont,62,26035,False,12.93,11.52,20.0,8.57,9.71,1.95,17.63,3.63,18.55,17.67,15.85,6.34,6.13,17.95,6.95,5.39,4.78,17.11,16.86,20.0,20.0,16.09,16.1,1.4,7.41,17.25,3.05,10.12,0.0,2.7,3.39,8.17,5.22,7.86,0.0,15.56,19.38,0.0,10.29,5.58,10.6,17.83,9.06,13.04,18.05,6.5,4.47,9.62,5.26,9.99,9.29
62489,286,Lapugnoy,62,3518,False,8.97,11.52,0.0,11.43,6.57,14.3,17.63,0.0,17.89,17.27,17.49,3.66,3.31,11.91,10.48,3.44,7.45,11.57,13.88,0.0,14.29,12.18,4.52,12.69,11.99,9.28,10.38,16.2,17.5,18.05,16.71,6.36,15.3,17.22,0.0,6.67,7.12,6.59,7.95,7.88,9.16,17.69,6.51,9.3,11.96,11.36,17.08,8.54,7.44,9.99,9.27
62133,287,Billy-Montigny,62,8117,False,12.15,10.65,20.0,8.57,8.86,0.48,19.83,0.15,18.23,18.12,11.48,7.85,6.83,15.42,7.47,5.52,3.73,16.39,11.4,20.0,20.0,18.2,9.83,0.58,14.1,18.49,4.27,7.81,0.0,12.07,9.38,8.17,12.08,0.97,0.0,15.56,20.0,2.59,7.6,4.12,9.93,16.86,9.18,11.17,17.71,8.51,7.22,10.2,4.83,9.98,9.26
62383,288,Gouy-sous-Bellonne,62,1396,False,11.85,11.52,0.0,15.71,8.57,6.87,11.02,0.0,16.04,17.34,11.75,1.94,2.6,14.55,12.57,0.95,12.44,2.65,7.27,0.0,5.71,8.87,11.42,1.99,12.95,8.87,7.79,16.2,16.62,18.05,17.7,9.08,15.7,18.32,20.0,20.0,13.5,14.12,0.23,8.97,9.16,15.44,6.49,6.88,7.72,7.45,17.05,16.89,7.66,9.98,9.24
62284,289,Écourt-Saint-Quentin,62,1691,False,10.42,11.09,0.0,15.71,8.57,10.91,5.93,0.0,19.19,15.64,19.51,1.41,2.39,5.68,3.87,20.0,12.44,3.13,0.0,0.0,11.43,18.2,9.4,4.39,20.0,8.45,4.58,16.2,15.69,18.05,16.71,8.17,19.19,18.85,20.0,15.56,18.18,7.29,0.0,7.88,8.84,18.54,4.74,5.31,13.35,9.4,16.63,17.64,4.8,9.96,9.18
59210,290,Esquelbecq,59,2134,False,7.63,6.09,20.0,4.29,0.0,12.17,18.64,10.81,9.69,14.06,18.85,3.09,3.77,0.21,0.0,20.0,20.0,12.77,15.7,0.0,14.29,10.98,12.43,5.07,8.49,0.0,14.66,14.67,16.9,18.4,16.1,3.63,15.64,17.84,20.0,0.0,1.0,10.59,6.67,7.27,8.98,12.4,3.7,14.51,12.88,6.89,16.43,9.95,8.26,9.96,9.18
59458,291,Péronne-en-Mélantois,59,1004,True,15.49,8.7,20.0,8.57,15.14,13.21,13.73,0.0,0.0,0.0,0.0,7.97,7.88,6.76,6.75,15.44,11.02,0.72,0.5,0.0,0.0,4.06,0.0,4.18,11.99,9.69,15.42,14.67,16.9,18.4,16.1,9.08,8.2,11.3,20.0,20.0,20.0,7.76,13.33,19.39,12.14,0.0,8.2,4.22,1.35,9.61,16.43,15.75,12.96,9.95,9.17
59024,292,Auberchicourt,59,4626,False,10.26,9.78,20.0,2.86,6.57,14.44,8.47,1.78,19.78,19.99,16.71,3.37,1.47,7.97,8.26,0.0,7.66,14.7,10.74,0.0,14.29,16.99,5.74,3.1,6.51,16.84,13.28,10.44,14.24,13.29,14.56,6.36,17.35,15.43,0.0,11.11,14.84,10.59,5.73,12.24,9.09,19.21,4.48,9.55,13.76,8.79,12.88,11.14,9.27,9.95,9.16
62770,293,Saint-Venant,62,3022,False,8.69,10.0,0.0,20.0,5.71,13.53,6.95,18.69,17.37,18.99,14.44,4.19,3.35,7.59,2.84,16.61,7.45,15.9,0.99,20.0,14.29,15.79,14.08,9.51,7.95,5.57,6.87,16.2,14.09,13.9,16.71,3.63,16.03,17.63,20.0,2.22,4.34,2.35,3.16,7.39,10.75,17.11,5.83,9.89,14.75,7.78,15.19,11.11,4.02,9.95,9.16
62476,294,Izel-lès-Équerchin,62,1058,False,10.6,7.83,0.0,8.57,9.71,4.22,10.34,0.0,15.12,17.37,10.78,4.81,4.8,9.3,8.88,11.65,12.44,2.17,5.45,0.0,0.0,8.87,10.04,5.22,17.11,14.64,1.68,16.2,16.46,18.05,16.71,8.17,18.83,18.95,20.0,20.0,20.0,9.65,6.55,13.94,7.12,14.7,7.11,6.31,4.63,9.57,16.82,18.84,9.69,9.92,9.08
59598,295,Toufflers,59,3910,True,13.13,0.0,20.0,5.71,14.86,12.73,6.44,8.19,6.99,4.84,3.02,4.76,4.53,12.42,12.17,8.25,11.02,9.88,10.91,0.0,11.43,13.98,4.09,0.4,13.86,12.3,5.19,5.7,14.4,17.34,1.11,2.72,18.07,5.92,20.0,15.56,1.26,11.06,17.66,7.39,10.14,5.77,7.93,9.36,11.06,7.33,9.92,11.95,12.46,9.92,9.08
59629,296,Vred,59,1311,False,9.97,5.0,20.0,2.86,6.57,10.37,9.49,3.86,12.6,20.0,16.51,7.42,5.22,6.06,5.39,6.04,7.66,10.6,14.38,0.0,2.86,9.77,4.04,14.86,9.22,8.59,20.0,14.67,12.07,18.4,16.1,6.36,18.68,17.12,20.0,20.0,20.0,4.94,6.9,0.0,8.24,14.86,6.26,9.2,5.36,13.13,15.22,18.44,4.31,9.92,9.06
62051,297,Auchy-les-Mines,62,4623,False,8.2,5.0,20.0,2.86,8.86,5.48,13.73,5.1,15.72,13.73,15.03,7.2,6.86,8.32,8.08,16.27,7.45,14.7,8.26,20.0,20.0,17.29,17.21,0.94,10.42,1.44,0.0,16.04,7.54,8.56,16.28,5.45,9.92,12.61,0.0,2.22,20.0,10.82,12.51,5.58,8.05,15.18,8.39,11.25,18.63,3.38,12.09,8.47,10.01,9.92,9.05
59482,298,Quesnoy-sur-Deûle,59,6920,True,13.33,5.22,20.0,7.14,14.57,12.62,1.86,12.36,5.04,1.18,1.07,8.04,7.47,6.14,7.96,13.97,11.02,0.0,0.0,0.0,20.0,16.39,6.91,2.79,9.58,2.41,17.4,10.06,13.51,15.6,10.64,1.81,17.02,16.1,20.0,11.11,1.22,12.47,13.33,7.64,10.95,3.47,8.03,3.89,16.61,7.45,12.42,12.14,11.47,9.91,9.02
62628,299,Noyelles-sous-Lens,62,6659,False,6.95,0.65,20.0,2.86,8.0,0.0,16.78,0.15,19.85,16.93,15.15,12.3,9.67,12.78,11.63,4.75,3.73,17.83,14.71,20.0,14.29,16.09,4.78,2.44,9.94,13.54,10.53,0.0,8.41,15.83,13.55,9.08,13.41,3.02,0.0,20.0,20.0,6.82,7.25,8.0,6.31,18.33,11.1,12.37,13.3,8.28,8.6,11.69,7.3,9.9,9.0
59207,300,Escautpont,59,4152,False,7.65,4.78,0.0,18.57,5.14,20.0,3.9,7.88,20.0,12.26,20.0,6.08,5.57,8.31,11.95,7.09,6.04,16.39,2.64,20.0,14.29,14.59,3.82,2.27,10.18,5.29,4.58,5.67,6.53,15.24,12.96,6.36,11.69,14.28,0.0,20.0,20.0,7.06,14.62,5.09,9.13,18.45,7.45,9.93,12.64,5.45,9.64,12.67,9.27,9.9,8.99
59268,301,La Gorgue,59,5599,False,11.23,8.91,0.0,7.14,10.86,4.73,1.19,0.93,14.75,13.96,14.29,7.11,5.99,5.07,5.08,17.86,16.85,15.9,14.38,0.0,17.14,17.59,9.51,1.97,12.89,0.0,9.16,12.72,11.68,13.34,16.37,1.81,17.68,15.33,20.0,0.0,3.26,5.41,13.8,3.64,6.63,14.5,7.14,14.01,16.02,5.93,13.3,10.35,7.98,9.86,8.86
59400,302,Merville,59,9652,False,8.52,6.52,0.0,7.14,7.14,11.26,1.69,3.01,15.3,14.08,14.76,6.75,7.29,3.83,3.57,18.41,16.85,16.87,7.77,20.0,20.0,16.39,12.64,5.22,12.47,0.0,1.83,16.5,1.96,12.0,14.91,2.72,16.21,16.0,20.0,0.0,3.2,7.53,11.35,4.85,6.34,14.95,6.81,15.09,17.57,5.43,11.44,10.2,8.19,9.85,8.83
59026,303,Aubigny-au-Bac,59,1159,False,8.62,7.39,20.0,2.86,6.57,9.04,19.32,9.11,18.6,17.59,20.0,3.97,4.45,9.73,7.41,10.54,7.45,0.0,0.0,0.0,11.43,16.69,18.33,9.35,5.18,18.49,0.76,14.67,13.79,11.41,16.1,9.08,15.52,17.43,20.0,20.0,19.9,8.0,2.92,4.48,9.45,18.68,6.55,2.63,14.33,8.35,13.9,18.01,5.19,9.84,8.81
59447,304,Onnaing,59,8719,False,8.22,4.57,0.0,18.57,5.14,13.37,2.37,5.17,18.22,18.44,18.23,7.44,7.62,7.81,14.5,10.79,4.72,14.22,8.76,20.0,20.0,16.69,6.11,3.94,6.93,11.2,10.84,11.36,2.97,12.14,12.57,5.45,7.66,11.02,0.0,20.0,20.0,4.71,9.82,3.27,8.04,18.27,8.89,10.26,16.58,7.57,9.68,11.36,6.18,9.84,8.81
59594,305,Thun-Saint-Amand,59,1110,False,10.76,6.09,0.0,18.57,8.29,18.8,4.41,17.45,12.05,18.8,15.46,6.05,4.12,0.0,0.0,16.49,6.04,10.84,6.94,0.0,0.0,9.17,0.0,9.22,5.42,7.35,0.0,14.67,16.9,18.4,16.1,7.27,14.7,17.2,20.0,20.0,20.0,16.94,6.78,3.03,11.11,14.08,4.37,6.95,3.06,5.99,16.43,17.72,9.45,9.84,8.79
59239,306,Flines-lez-Raches,59,5610,False,9.56,3.26,0.0,2.86,6.57,6.98,1.36,10.97,11.09,9.87,5.48,3.97,3.05,1.78,1.39,20.0,7.45,15.42,3.14,20.0,20.0,13.98,7.6,12.37,17.17,4.88,10.23,14.99,15.0,18.4,14.46,6.36,16.45,17.76,0.0,15.56,19.0,10.82,8.42,9.09,5.62,9.72,4.43,10.26,15.93,11.72,15.75,12.99,9.48,9.84,8.79
59546,307,Saint-Sylvestre-Cappel,59,1154,False,10.76,9.13,0.0,20.0,5.71,8.9,7.97,0.0,12.15,13.56,16.74,5.45,6.99,15.14,14.77,16.2,17.43,6.99,7.77,0.0,2.86,8.87,13.81,8.04,10.42,8.32,12.21,14.67,16.9,18.4,16.1,5.45,13.35,18.25,20.0,15.56,0.42,4.94,4.21,4.12,8.91,13.35,10.41,10.04,6.69,9.56,16.43,12.66,4.45,9.83,8.77
62371,308,Givenchy-en-Gohelle,62,2026,False,9.24,7.83,0.0,17.14,7.71,5.7,11.19,1.78,15.26,5.96,12.22,5.65,5.61,15.21,8.02,7.94,3.73,10.6,14.88,0.0,8.57,13.08,2.6,11.14,11.87,14.23,14.05,13.88,13.62,18.05,16.71,7.27,14.91,17.65,0.0,11.11,17.38,12.24,0.7,11.52,8.31,12.79,8.48,7.94,9.08,12.53,15.39,11.52,7.85,9.82,8.74
59309,309,Hondschoote,59,4026,False,3.63,0.22,0.0,4.29,0.0,13.82,0.0,6.49,12.05,6.16,18.93,1.29,0.84,1.87,2.08,20.0,20.0,19.28,0.0,20.0,20.0,17.59,7.92,3.73,20.0,1.31,9.77,14.67,10.54,16.35,16.1,4.55,13.68,18.7,20.0,20.0,0.42,9.41,13.8,3.64,3.71,12.25,3.24,15.08,17.18,8.79,14.33,13.62,9.43,9.81,8.71
62400,310,Haillicourt,62,4884,False,9.03,9.78,0.0,11.43,6.57,11.36,5.59,0.0,19.18,17.57,15.65,4.23,5.1,11.48,11.25,5.27,7.45,15.9,12.56,0.0,17.14,16.09,5.42,0.07,7.41,14.64,4.27,15.09,9.03,16.28,15.83,5.45,0.0,12.35,0.0,20.0,20.0,9.18,10.99,6.91,7.51,18.15,7.22,10.26,14.84,5.78,14.01,10.01,9.22,9.8,8.66
59616,311,Vieux-Condé,59,10446,False,8.97,1.52,0.0,18.57,8.29,19.22,0.0,3.09,19.25,18.87,20.0,4.81,2.98,0.0,4.06,5.46,4.72,15.18,13.06,20.0,17.14,13.68,7.65,3.12,7.47,0.0,6.72,12.6,10.97,16.89,15.85,5.45,17.2,12.94,0.0,20.0,20.0,11.53,4.09,6.91,8.52,19.32,3.27,11.56,14.4,4.38,13.87,13.53,7.56,9.79,8.64
59096,312,Bourghelles,59,1673,False,12.31,0.43,0.0,5.71,14.86,16.04,1.69,20.0,2.68,0.0,0.0,3.21,1.96,0.0,0.0,18.75,18.16,9.88,8.1,0.0,5.71,12.78,9.51,15.05,0.0,1.99,14.96,14.67,16.9,18.4,16.1,6.36,15.4,18.23,20.0,15.56,18.48,9.41,9.94,6.3,9.25,1.61,3.23,11.22,8.7,8.41,16.43,16.74,8.75,9.78,8.61
62771,313,Sallaumines,62,9650,False,7.83,2.61,20.0,2.86,8.0,1.02,19.49,0.15,19.27,15.38,16.08,7.94,6.5,13.1,12.63,4.89,3.73,16.39,16.86,20.0,20.0,16.99,8.82,0.66,6.27,13.13,10.69,0.0,0.86,12.28,13.22,7.27,13.32,2.16,0.0,20.0,20.0,4.71,12.87,4.12,7.11,17.85,9.27,12.46,17.13,6.66,5.76,11.44,7.52,9.77,8.59
59497,314,Renescure,59,2128,False,5.75,3.91,20.0,5.71,0.57,12.27,18.98,0.69,14.78,13.54,17.6,4.23,4.72,8.73,9.29,3.66,17.43,6.02,3.8,0.0,17.14,2.86,9.99,19.46,14.16,11.07,8.24,14.67,16.9,18.4,16.1,2.72,17.5,18.29,20.0,11.11,2.12,6.82,0.0,8.61,7.72,15.1,6.06,8.82,11.19,14.12,16.43,12.77,4.83,9.78,8.59
59641,315,Warhem,59,2022,False,4.51,2.39,0.0,4.29,0.0,14.25,6.78,17.84,9.17,16.1,12.53,4.14,4.36,6.14,6.17,20.0,20.0,6.51,2.15,0.0,8.57,7.67,10.52,8.31,8.92,0.89,18.78,14.67,17.28,18.4,17.08,1.81,18.62,19.63,20.0,15.56,0.0,17.41,12.05,5.21,5.86,11.23,6.46,9.48,8.59,9.08,16.71,13.57,12.13,9.76,8.54
59004,316,Aix-en-Pévèle,59,1358,False,11.84,6.3,20.0,8.57,10.86,8.88,10.17,4.02,9.87,7.8,7.66,7.39,5.03,0.0,0.0,18.78,18.16,0.96,7.44,0.0,0.0,0.0,0.0,4.54,8.86,5.43,3.21,14.67,16.9,18.4,16.1,7.27,14.43,17.98,20.0,20.0,12.88,10.12,12.28,20.0,10.07,9.01,5.21,8.44,0.0,5.6,16.43,16.34,13.6,9.76,8.54
62186,317,Bully-les-Mines,62,12221,False,8.62,7.17,20.0,17.14,7.71,7.35,17.12,2.47,17.92,15.44,14.33,5.57,5.57,12.4,9.94,3.72,3.73,16.14,15.7,20.0,20.0,15.19,6.11,0.28,9.34,11.89,12.37,10.79,6.96,15.93,12.28,6.36,0.0,7.25,0.0,6.67,20.0,2.12,7.13,4.97,10.72,16.71,7.64,12.11,16.08,7.44,11.4,6.72,4.72,9.74,8.47
59227,318,Fenain,59,5529,False,9.21,5.22,20.0,2.86,5.14,10.05,14.58,1.0,17.24,20.0,14.72,3.54,1.6,9.13,9.46,2.13,7.66,9.4,14.21,0.0,20.0,18.2,3.82,2.24,11.99,14.36,13.28,16.85,13.79,16.26,16.43,5.45,14.16,13.62,0.0,6.67,11.34,8.47,4.56,10.91,8.1,17.29,5.21,8.81,16.7,9.47,15.86,8.61,7.71,9.7,8.36
59471,319,Préseau,59,2065,False,7.79,3.48,0.0,1.43,8.29,13.13,4.07,8.88,13.92,15.01,10.35,5.81,5.25,9.33,9.21,11.3,4.72,6.02,10.41,0.0,14.29,1.05,10.31,7.54,8.73,8.87,9.47,14.67,16.9,18.4,16.1,7.27,15.15,18.16,20.0,20.0,20.0,9.18,2.81,16.48,6.06,13.42,7.55,5.89,9.21,8.51,16.43,17.94,8.85,9.7,8.34
62793,320,Servins,62,1134,False,7.81,6.74,0.0,11.43,6.57,9.3,7.29,0.0,13.48,15.53,19.32,5.38,5.09,5.41,3.42,5.1,3.73,9.88,10.91,0.0,0.0,0.0,9.35,5.54,10.6,12.44,11.45,16.2,16.62,18.05,18.09,7.27,16.21,18.76,20.0,15.56,20.0,10.59,16.26,12.97,6.79,15.06,5.03,6.79,1.56,9.45,17.12,17.34,13.3,9.69,8.33
59361,321,Lourches,59,3814,False,7.99,5.43,0.0,2.86,5.14,12.67,17.97,1.08,20.0,20.0,20.0,6.24,3.1,16.45,16.46,0.0,6.04,19.52,15.04,20.0,14.29,16.39,6.96,1.29,9.46,14.36,5.04,6.09,0.0,13.43,11.68,5.45,14.58,8.26,0.0,20.0,20.0,0.0,15.67,0.48,6.68,20.0,8.94,13.76,13.77,6.83,7.45,12.38,5.83,9.68,8.27
62083,322,Barlin,62,7366,False,8.71,8.48,0.0,11.43,6.57,10.16,5.42,4.86,19.36,16.45,17.41,2.75,4.42,8.73,8.62,0.39,7.45,16.63,8.6,20.0,20.0,16.09,5.79,1.06,13.92,18.76,9.16,14.3,4.35,14.94,13.55,5.45,13.74,11.85,0.0,6.67,19.32,4.24,13.8,0.0,7.57,18.39,5.11,11.9,16.33,9.65,11.83,9.89,6.56,9.68,8.27
62350,323,Fouquières-lès-Béthune,62,1115,False,10.6,11.74,20.0,11.43,6.57,8.9,15.08,13.9,14.7,16.63,13.0,7.22,7.17,15.54,15.1,9.24,7.45,13.98,10.91,0.0,8.57,14.89,9.51,5.24,0.0,12.58,10.08,16.2,5.93,0.0,16.71,4.55,12.66,10.52,0.0,15.56,4.9,11.29,0.0,10.3,11.73,14.75,10.51,9.31,10.83,6.28,9.68,8.33,6.91,9.67,8.26
59275,324,Gruson,59,1237,True,14.07,4.35,20.0,5.71,14.86,14.68,9.49,9.42,0.0,0.03,2.16,5.6,5.22,3.0,3.16,16.47,11.02,6.02,1.16,0.0,0.0,4.66,8.61,3.88,4.88,5.43,16.03,14.67,16.9,18.4,16.1,6.36,14.67,16.99,20.0,11.11,20.0,13.88,16.14,8.12,11.49,0.44,5.6,5.93,2.99,6.89,16.43,15.85,13.13,9.67,8.25
62736,325,Sailly-sur-la-Lys,62,3883,False,11.66,8.26,0.0,7.14,10.86,3.56,7.97,1.39,10.05,10.07,5.2,9.74,8.52,12.72,12.45,17.03,16.85,5.78,7.93,0.0,14.29,16.69,13.71,2.05,10.84,8.73,8.55,8.04,16.62,18.14,16.26,4.55,15.09,16.74,20.0,6.67,2.26,9.65,4.33,3.52,7.16,9.08,11.3,9.51,14.99,7.03,14.25,11.34,6.04,9.67,8.24
59297,326,Hélesmes,59,1921,False,7.26,0.65,0.0,2.86,5.14,11.52,12.2,0.0,17.1,20.0,18.42,5.24,2.63,12.99,13.68,6.38,6.04,9.4,6.94,0.0,8.57,13.68,2.76,7.83,15.66,16.29,16.34,8.48,16.9,18.4,16.1,5.45,16.9,18.29,20.0,20.0,20.0,7.76,4.91,1.94,5.18,17.94,7.9,6.53,9.3,13.31,14.49,18.18,5.14,9.64,8.15
59196,327,Ennetières-en-Weppes,59,1293,True,14.09,7.83,20.0,7.14,14.57,4.3,7.63,20.0,0.0,2.2,0.0,17.46,14.88,13.68,12.57,16.79,11.02,7.47,8.26,0.0,8.57,5.86,16.41,10.24,13.98,7.08,4.89,8.63,1.19,0.0,0.0,2.72,16.39,17.28,20.0,2.22,1.28,12.24,10.53,3.64,11.64,0.44,15.31,8.03,8.97,9.54,2.99,10.46,9.27,9.62,8.09
59008,328,Aniche,59,9997,False,8.54,6.3,20.0,2.86,5.14,11.66,9.66,1.47,20.0,18.43,17.29,3.95,1.88,8.67,9.03,0.0,7.66,17.11,13.72,20.0,20.0,17.59,10.09,1.11,10.24,18.63,11.76,9.43,4.63,13.15,11.11,6.36,16.45,9.19,0.0,20.0,3.26,1.18,11.23,2.67,7.87,19.14,5.03,13.32,17.55,9.18,9.48,9.59,5.24,9.6,8.03
62454,329,Hinges,62,2417,False,9.09,9.78,0.0,11.43,6.57,12.97,6.61,0.0,12.4,16.63,10.23,5.41,4.26,16.04,10.66,12.79,7.45,8.19,7.93,0.0,8.57,5.86,8.76,6.03,12.47,9.14,11.6,16.2,17.67,18.05,17.64,0.91,11.66,17.46,20.0,15.56,0.56,11.29,8.42,4.85,7.81,12.81,9.17,6.9,7.7,9.48,17.3,11.94,8.49,9.6,8.02
62666,330,Pont-à-Vendin,62,3136,False,12.4,9.78,20.0,7.14,10.0,2.83,17.97,0.0,18.99,14.32,13.74,4.88,4.63,7.99,7.29,6.73,3.73,8.67,10.41,0.0,11.43,8.57,5.1,1.2,11.51,12.58,9.01,15.05,9.7,16.19,16.71,7.27,15.73,8.86,20.0,15.56,20.0,3.29,7.95,3.15,9.9,17.01,6.09,6.32,9.42,7.79,14.31,15.92,4.95,9.56,7.89
62573,331,Meurchin,62,3717,False,10.19,5.43,20.0,2.86,10.86,0.43,19.83,0.31,15.78,12.18,12.53,7.03,6.68,8.15,8.04,9.74,3.73,12.53,13.39,0.0,14.29,16.99,5.74,1.44,6.51,4.74,7.63,16.45,14.2,18.05,15.85,7.27,9.26,14.47,0.0,15.56,20.0,9.88,8.54,3.27,8.27,14.41,7.63,8.15,13.76,4.69,16.18,11.38,7.59,9.55,7.87
59260,332,Ghyvelde,59,4119,False,2.92,1.74,0.0,4.29,0.0,15.96,3.39,4.56,7.72,7.24,14.52,3.8,5.01,10.45,10.28,20.0,9.03,11.33,4.3,0.0,14.29,12.18,10.31,11.71,10.24,14.09,14.5,14.67,14.51,18.28,16.1,0.91,14.49,18.95,20.0,20.0,2.38,13.65,9.47,4.24,4.14,8.98,8.08,7.53,12.92,12.35,15.8,13.96,9.56,9.55,7.87
59305,333,Herzeele,59,1634,False,4.89,0.0,0.0,4.29,0.0,10.4,2.37,0.62,9.82,13.22,16.9,6.08,5.49,1.5,1.6,20.0,20.0,7.23,7.44,0.0,11.43,18.2,9.77,11.39,14.76,0.0,19.24,12.64,16.9,18.4,16.1,6.36,16.15,18.82,20.0,15.56,2.5,10.12,11.58,6.06,3.22,11.92,5.56,10.94,13.41,11.58,15.79,13.78,9.54,9.54,7.84
62563,334,Mazingarbe,62,8068,False,6.67,5.0,0.0,2.86,8.86,9.39,15.59,3.32,18.34,18.56,15.5,4.21,4.99,9.13,8.38,12.55,3.73,13.73,8.43,20.0,20.0,14.89,7.92,1.4,14.16,9.69,9.16,13.81,5.5,17.83,11.6,5.45,13.2,12.52,0.0,11.11,20.0,9.41,5.38,8.48,6.39,17.82,6.92,9.69,16.28,8.01,12.32,10.89,7.69,9.52,7.78
59244,335,Fontaine-Notre-Dame,59,1763,False,4.49,2.39,0.0,2.86,1.43,12.51,5.08,20.0,16.88,16.75,16.71,4.95,8.44,13.48,13.18,3.44,13.39,7.71,9.09,0.0,5.71,6.77,12.06,10.47,10.24,12.16,10.08,14.67,8.15,18.4,16.1,8.17,18.34,17.26,20.0,20.0,19.48,5.65,0.7,4.61,5.65,16.82,8.68,9.13,7.12,10.67,14.24,18.41,3.57,9.52,7.77
59117,336,Bugnicourt,59,1074,False,9.48,7.83,0.0,2.86,6.57,7.43,15.76,8.73,17.81,16.04,19.55,3.37,1.62,13.58,11.09,9.03,7.45,4.82,4.13,0.0,2.86,18.5,0.0,5.66,11.2,13.95,5.34,14.67,16.9,15.03,16.1,9.08,14.88,18.4,20.0,15.56,12.82,11.06,0.12,17.33,7.32,17.8,7.11,5.02,7.6,8.73,15.59,15.71,8.79,9.51,7.72
59054,337,Bavinchove,59,1046,False,9.99,9.78,20.0,4.29,3.14,12.51,19.32,0.0,12.62,13.58,16.86,3.35,4.08,9.35,9.23,6.45,17.43,10.6,2.64,0.0,2.86,5.56,10.15,9.38,0.0,3.51,2.9,14.67,16.9,18.4,17.08,4.55,17.8,18.97,20.0,11.11,0.94,9.88,3.74,17.09,9.43,13.66,6.05,9.89,4.98,4.41,16.61,12.8,9.61,9.49,7.68
59334,338,Lauwin-Planque,59,1582,False,9.95,5.43,20.0,7.14,9.43,1.36,10.0,20.0,14.89,17.39,14.95,5.67,7.05,14.24,13.62,0.0,7.45,13.98,12.56,0.0,8.57,14.59,6.69,4.1,0.0,13.54,14.35,14.67,8.15,6.16,16.1,7.27,0.0,7.97,20.0,20.0,8.82,6.59,10.29,0.0,9.7,15.4,8.57,9.7,10.26,6.94,11.18,11.31,6.14,9.49,7.68
59519,339,Rumegies,59,1740,False,10.89,6.09,20.0,8.57,9.71,19.12,7.46,15.21,7.23,16.97,8.83,6.96,4.55,0.0,0.0,20.0,6.04,0.0,0.66,0.0,11.43,0.0,18.33,11.06,10.36,2.68,0.0,14.67,17.97,18.4,16.1,7.27,15.03,18.12,20.0,11.11,20.0,12.0,6.78,4.48,11.72,9.5,5.09,2.29,8.77,6.99,16.7,16.13,8.05,9.49,7.66
62693,340,Rebreuve-Ranchicourt,62,1071,False,7.85,7.61,0.0,11.43,6.57,11.55,0.0,0.0,16.19,15.96,12.92,3.85,4.1,10.07,9.92,0.0,7.45,7.95,4.79,0.0,0.0,9.77,9.93,20.0,0.0,10.93,6.26,16.2,16.62,18.05,18.62,6.36,18.16,19.43,20.0,15.56,20.0,11.53,8.19,5.33,6.52,15.49,5.88,6.09,4.91,10.1,17.22,17.76,8.62,9.48,7.65
62540,341,Maisnil-lès-Ruitz,62,1691,False,9.17,8.26,0.0,11.43,6.57,8.77,2.2,12.2,14.39,18.62,14.91,4.67,5.46,11.08,10.89,1.16,7.45,9.64,6.78,0.0,0.0,10.08,3.13,7.3,7.11,14.36,9.92,16.2,16.31,14.66,16.71,5.45,13.98,16.65,0.0,15.56,18.82,12.24,14.62,8.36,7.85,15.34,6.9,7.06,3.88,9.19,15.94,12.26,12.05,9.48,7.63
62349,342,Fouquereuil,62,1632,False,10.68,12.61,20.0,11.43,6.57,10.32,18.14,0.0,16.84,16.99,15.07,7.03,7.22,14.12,12.72,8.92,7.45,7.47,9.09,0.0,5.71,6.77,3.24,0.9,0.0,11.07,8.4,16.2,15.19,18.05,19.01,4.55,10.43,13.51,0.0,2.22,5.08,11.06,11.11,12.73,11.04,16.52,9.75,6.97,5.65,4.19,16.94,5.65,11.53,9.46,7.57
59153,343,Condé-sur-l'Escaut,59,9396,False,6.87,0.0,0.0,18.57,5.14,18.64,0.0,10.66,20.0,20.0,20.0,5.05,4.52,0.0,5.32,6.97,4.72,15.66,14.88,20.0,20.0,16.69,13.55,12.36,11.57,0.0,1.83,8.51,3.58,12.04,14.66,5.45,15.58,16.73,0.0,15.56,20.0,0.0,7.84,1.33,8.12,20.0,3.97,12.13,17.82,7.57,9.31,12.82,3.21,9.43,7.49
62277,344,Drocourt,62,2943,False,10.64,6.3,20.0,8.57,8.86,0.11,13.73,0.0,16.79,18.28,14.72,5.26,4.53,13.35,6.09,8.77,4.78,11.08,11.9,0.0,8.57,13.68,9.03,0.76,6.14,12.44,0.0,7.92,8.82,17.81,13.26,9.08,11.93,13.61,20.0,20.0,20.0,4.71,7.13,6.79,8.47,16.67,7.5,7.75,10.35,4.38,11.62,16.81,6.16,9.43,7.49
59411,345,Mons-en-Pévèle,59,2089,False,10.34,0.0,0.0,7.14,11.14,10.96,3.56,17.92,7.82,2.6,2.4,4.93,4.9,1.89,1.5,10.27,18.16,8.92,1.98,0.0,14.29,14.89,10.15,9.13,5.78,9.55,18.17,10.27,14.27,18.4,16.1,7.27,16.24,18.38,20.0,11.11,16.26,7.76,4.68,3.39,7.91,5.69,4.22,9.5,13.8,10.13,14.4,15.66,5.45,9.43,7.49
62262,346,Cuinchy,62,1754,False,9.6,7.39,20.0,2.86,8.86,4.57,19.66,0.0,15.83,16.78,15.5,6.51,5.93,11.59,11.19,16.51,7.45,6.75,4.79,0.0,8.57,8.87,0.0,5.3,10.3,0.0,0.46,14.06,11.57,18.05,16.71,3.63,15.3,16.33,0.0,11.11,19.84,9.65,14.39,8.85,8.6,15.95,9.23,5.74,7.24,4.61,14.93,11.67,11.16,9.41,7.42
59581,347,Steenwerck,59,3540,False,11.87,8.7,20.0,7.14,10.29,2.03,13.39,0.0,7.61,10.72,9.57,9.21,7.6,8.05,7.99,16.25,17.43,0.0,5.79,0.0,17.14,2.86,7.49,9.35,13.61,6.39,6.72,10.58,12.22,18.4,16.22,4.55,17.59,18.49,20.0,0.0,1.46,8.94,9.82,1.21,9.18,8.62,9.12,7.51,10.77,9.37,14.0,10.58,7.15,9.41,7.42
59638,348,Wannehain,59,1331,False,13.17,0.0,0.0,5.71,14.86,15.08,0.51,2.63,2.1,0.62,1.07,2.51,2.79,2.01,2.21,15.87,18.16,2.17,14.05,0.0,0.0,3.46,0.0,11.86,4.52,0.0,9.31,14.67,16.9,18.4,16.1,8.17,11.45,18.05,20.0,11.11,18.2,12.24,18.36,20.0,7.57,1.6,3.67,10.35,1.15,7.02,16.43,15.1,16.58,9.41,7.4
62073,349,Bailleul-Sir-Berthoult,62,1430,False,8.73,5.43,20.0,2.86,2.57,6.66,20.0,0.0,12.78,6.9,15.69,6.46,6.18,10.23,10.08,11.68,12.86,1.45,3.31,0.0,8.57,0.0,3.72,5.77,4.22,9.97,6.26,16.2,11.79,18.05,16.71,8.17,7.09,17.92,20.0,20.0,20.0,12.71,8.3,8.73,7.7,12.19,8.32,5.74,4.9,6.29,15.66,16.35,10.02,9.4,7.39
62570,350,Méricourt,62,11431,False,6.05,0.0,20.0,2.86,8.0,3.88,16.95,3.55,17.94,16.1,16.08,3.61,2.42,10.84,9.63,6.83,3.73,16.14,16.2,20.0,17.14,14.89,3.72,0.54,7.89,14.78,6.26,0.0,7.18,16.14,11.85,6.36,10.7,10.01,0.0,11.11,19.9,12.24,11.46,5.82,6.84,17.2,6.27,12.23,14.15,6.49,8.05,10.1,10.21,9.38,7.33
62452,351,Heuringhem,62,1379,False,5.85,6.52,0.0,5.71,0.57,14.97,2.71,0.0,13.63,15.25,17.06,5.5,4.77,16.02,15.33,5.14,13.91,1.2,5.62,0.0,2.86,2.86,3.88,20.0,13.13,9.42,4.27,16.2,16.62,18.05,19.01,5.45,12.75,17.91,20.0,0.0,11.0,14.12,10.18,11.64,5.03,14.64,9.24,6.58,3.03,12.91,17.29,11.5,12.01,9.34,7.2
62457,352,Houdain,62,7030,False,8.52,8.04,0.0,11.43,6.57,10.24,5.93,1.47,19.26,17.55,16.63,2.94,2.87,13.79,13.47,0.0,7.45,16.87,11.57,20.0,17.14,17.89,7.54,1.77,9.4,15.6,5.65,9.78,9.18,1.47,16.06,5.45,12.66,11.27,0.0,11.11,20.0,2.82,10.88,0.48,7.22,18.39,6.73,12.67,15.79,7.35,8.73,10.62,5.11,9.32,7.11
62391,353,Guarbecque,62,1369,False,7.69,9.57,0.0,20.0,5.71,14.63,15.25,2.86,16.95,19.69,12.88,3.9,3.4,2.64,0.0,16.27,7.45,11.08,4.63,0.0,2.86,18.5,3.88,2.13,17.59,8.59,0.0,16.2,13.75,18.05,17.39,3.63,9.47,17.42,20.0,20.0,3.42,13.88,4.09,1.21,9.93,16.68,4.13,6.98,8.24,7.12,16.27,13.14,6.86,9.29,7.02
59639,354,Wargnies-le-Grand,59,1101,False,6.83,2.17,0.0,7.14,0.86,12.86,1.69,20.0,13.99,14.09,10.27,6.36,5.33,5.51,6.59,11.83,7.45,0.0,5.29,0.0,5.71,0.0,0.0,14.31,20.0,4.33,14.5,14.67,16.9,18.4,16.1,7.27,14.94,17.47,20.0,20.0,20.0,11.53,6.2,8.61,6.43,13.27,6.52,3.87,2.86,13.87,16.43,17.8,8.8,9.28,6.99
62376,355,Gonnehem,62,2507,False,9.07,11.3,0.0,11.43,6.57,12.49,11.86,0.0,14.83,16.63,15.58,4.71,4.78,13.49,7.7,10.62,7.45,3.61,5.45,0.0,11.43,3.46,10.57,9.77,9.64,7.9,9.77,16.2,19.05,17.88,16.71,2.72,17.08,18.67,20.0,0.0,6.36,9.18,7.02,5.33,8.41,15.34,7.8,4.97,8.63,9.36,17.43,11.36,7.34,9.28,6.98
62529,356,Lorgies,62,1609,False,8.3,2.61,20.0,2.86,10.86,8.24,11.19,0.0,8.08,8.23,12.18,9.59,7.37,4.97,3.49,18.51,7.45,8.19,10.74,0.0,2.86,7.07,6.59,4.91,3.73,7.35,6.11,16.2,15.82,18.05,16.71,4.55,15.91,17.64,20.0,15.56,3.16,14.82,9.12,9.58,7.66,8.93,8.05,7.57,4.88,5.32,16.66,13.58,11.32,9.27,6.96
59089,357,Bollezeele,59,1423,False,6.05,5.65,0.0,4.29,0.0,15.08,8.81,0.0,14.32,11.44,16.24,2.32,2.09,0.0,0.0,16.43,20.0,0.0,0.0,0.0,20.0,14.89,11.21,12.83,16.93,0.0,19.24,14.67,16.9,18.4,18.21,3.63,17.26,19.45,20.0,11.11,1.86,6.82,9.12,4.85,5.25,14.13,2.74,7.06,16.83,12.64,16.82,12.88,7.12,9.26,6.94
62875,358,Wardrecques,62,1346,False,5.87,4.78,0.0,5.71,0.57,13.05,10.68,0.0,15.1,18.78,18.07,6.34,7.38,10.5,11.14,7.15,13.91,3.37,5.79,0.0,8.57,13.68,0.0,5.5,4.46,9.55,5.65,16.2,16.62,18.05,16.71,4.55,10.43,14.82,20.0,15.56,2.96,13.41,11.7,6.79,5.31,16.43,8.29,7.26,8.85,6.06,16.86,12.07,10.98,9.26,6.94
62471,359,Bellinghem,62,1087,False,4.89,6.52,0.0,5.71,0.57,15.72,0.0,0.0,15.45,15.53,17.45,6.08,3.92,14.79,11.83,6.25,13.91,8.19,0.0,0.0,2.86,0.75,19.55,11.62,11.08,1.72,0.0,16.2,16.62,19.84,20.0,9.08,12.99,18.38,20.0,6.67,18.62,11.53,12.16,6.42,4.67,15.87,8.58,7.32,4.94,7.17,17.93,14.71,10.37,9.26,6.93
59551,360,Saméon,59,1738,False,11.91,6.96,20.0,8.57,9.71,8.53,15.76,3.86,4.12,7.12,6.06,7.51,5.01,1.44,1.67,19.48,18.16,0.0,1.32,0.0,2.86,0.0,3.08,6.94,6.93,2.27,5.04,14.67,16.9,18.4,17.89,7.27,13.89,18.46,20.0,15.56,18.76,12.24,4.68,12.12,10.48,5.11,5.89,6.72,1.94,5.62,16.76,16.59,9.46,9.26,6.91
62042,361,Athies,62,1059,False,9.01,5.22,20.0,2.86,2.57,5.56,10.17,20.0,13.79,6.28,10.55,5.26,6.68,10.97,10.78,16.4,12.86,3.37,5.29,0.0,0.0,3.46,4.99,6.39,5.66,10.93,5.5,16.2,16.46,18.05,16.71,7.27,0.0,14.67,20.0,20.0,20.0,10.59,3.86,12.97,8.52,11.64,8.74,6.77,1.98,6.93,16.82,14.44,8.79,9.25,6.89
59281,362,Hantay,59,1259,True,10.91,7.17,20.0,2.86,11.43,3.88,16.1,2.7,8.84,7.89,16.12,4.55,4.08,4.19,4.3,15.36,11.02,4.82,3.8,0.0,0.0,4.06,8.45,0.79,9.58,7.49,3.66,14.67,15.93,18.4,16.1,5.45,15.06,15.88,20.0,20.0,20.0,16.47,9.82,1.21,9.0,10.11,5.37,6.2,2.76,5.05,16.19,17.49,9.89,9.16,6.62
62684,363,Racquinghem,62,2214,False,5.44,4.35,0.0,5.71,0.57,13.45,8.47,0.0,15.98,19.0,17.52,6.34,5.53,8.76,9.48,8.53,13.91,0.0,3.14,0.0,17.14,15.79,7.22,7.09,8.19,8.04,3.21,16.2,17.0,18.05,16.71,5.45,11.36,16.1,20.0,11.11,5.1,11.29,10.99,0.97,5.02,16.89,7.42,5.65,15.04,6.8,16.96,12.02,8.37,9.17,6.62
62373,364,Givenchy-lès-la-Bassée,62,1006,False,8.83,5.0,20.0,2.86,8.86,5.19,17.46,0.0,14.08,16.73,15.11,5.81,4.98,9.17,8.87,16.64,7.45,6.02,6.45,0.0,0.0,3.76,5.26,3.35,11.99,0.21,0.0,16.2,16.62,18.05,16.71,4.55,17.26,18.44,20.0,15.56,8.54,12.0,14.27,3.52,8.02,14.82,7.92,5.92,2.13,4.36,16.86,15.03,10.51,9.16,6.59
62331,365,Feuchy,62,1015,False,9.01,6.09,20.0,2.86,2.57,7.22,9.66,3.17,15.85,9.46,17.29,5.43,7.71,10.9,10.72,15.96,12.86,0.0,6.94,0.0,2.86,4.36,10.46,6.3,5.96,11.07,4.12,16.2,15.71,18.05,16.71,6.36,16.06,16.85,20.0,20.0,20.0,10.59,0.0,2.18,7.25,14.86,8.93,6.17,4.63,6.73,16.64,17.88,4.45,9.14,6.55
59180,366,Le Doulieu,59,1454,False,12.84,11.96,0.0,20.0,9.14,7.03,3.73,0.0,6.87,9.41,9.26,8.47,6.8,2.27,2.46,19.21,17.43,4.82,6.61,0.0,2.86,0.0,7.33,7.2,20.0,1.99,2.9,14.67,17.15,18.4,16.1,4.55,17.41,19.07,20.0,0.0,0.4,15.76,7.37,4.73,9.5,7.86,6.84,9.12,2.65,8.71,16.49,10.41,9.7,9.14,6.53
62188,367,Burbure,62,2819,False,8.2,9.78,0.0,11.43,6.57,13.88,12.71,0.0,20.0,19.52,17.88,4.14,3.55,7.43,7.39,7.99,7.45,9.4,14.38,0.0,14.29,10.38,1.86,3.49,12.83,13.13,2.29,16.2,12.16,18.05,16.71,6.36,18.43,16.07,0.0,15.56,19.96,4.0,0.12,2.06,8.29,19.48,5.64,8.78,10.92,7.67,15.75,13.36,2.06,9.13,6.51
59262,368,Godewaersvelde,59,2053,False,8.5,4.35,0.0,7.14,7.14,7.41,1.19,0.0,8.98,6.32,16.78,4.9,5.2,7.45,7.41,18.12,17.43,6.99,0.0,0.0,11.43,2.26,20.0,15.65,2.95,1.86,10.53,13.08,18.32,18.4,16.1,7.27,16.81,18.09,20.0,15.56,3.38,13.41,5.85,5.09,5.28,10.01,7.18,8.21,9.8,8.48,16.29,14.05,8.39,9.13,6.5
59499,369,Rexpoëde,59,1992,False,4.06,0.0,0.0,4.29,0.0,12.91,1.02,6.95,11.06,14.35,16.59,2.68,2.04,0.6,0.86,20.0,20.0,4.34,5.95,0.0,14.29,19.1,8.02,4.93,6.02,0.0,19.85,14.67,13.13,18.4,16.1,5.45,14.97,18.92,20.0,15.56,0.68,12.71,14.74,3.64,3.8,12.82,3.45,9.74,14.85,7.22,15.49,13.13,10.97,9.12,6.47
62523,370,Loison-sous-Lens,62,5255,False,8.42,2.39,20.0,2.86,8.57,2.67,18.98,1.47,18.04,17.72,13.2,10.67,8.63,14.73,14.37,7.67,3.73,13.25,13.88,0.0,17.14,15.79,10.09,1.2,10.3,13.54,14.2,3.95,3.21,4.51,0.0,8.17,3.33,5.12,0.0,11.11,20.0,12.24,9.36,1.33,7.55,17.01,11.49,8.48,15.52,8.69,3.16,8.12,8.22,9.1,6.42
59105,371,Bouvignies,59,1548,False,13.01,9.57,0.0,18.57,11.43,8.24,3.05,0.0,11.63,7.13,8.64,3.4,2.5,0.0,0.0,17.86,18.16,4.1,2.81,0.0,0.0,0.75,0.0,20.0,15.54,7.63,4.27,14.67,16.9,18.4,17.89,5.45,16.3,18.94,20.0,15.56,20.0,5.65,1.17,8.12,9.39,10.13,3.31,8.28,0.25,13.19,16.76,17.26,4.69,9.09,6.37
62181,372,Bucquoy,62,1480,False,6.32,7.83,0.0,2.86,2.57,14.17,9.83,0.0,19.63,10.36,16.94,3.35,1.09,0.0,0.0,0.0,12.81,0.0,0.0,0.0,17.14,17.29,3.61,11.36,12.23,0.0,1.37,16.2,16.62,18.05,16.71,5.45,19.43,19.75,20.0,20.0,20.0,5.65,5.15,9.45,5.65,17.24,1.32,4.52,14.94,7.32,16.86,18.88,6.5,9.06,6.28
62718,373,Rœux,62,1390,False,8.01,4.35,20.0,2.86,2.57,6.9,19.49,0.0,14.72,6.63,13.0,3.09,3.77,4.47,4.49,18.21,12.86,7.71,0.0,0.0,8.57,0.45,0.0,8.52,13.01,7.63,0.0,16.2,16.62,18.05,16.71,8.17,18.65,16.82,20.0,20.0,11.04,13.18,7.72,0.36,7.4,12.76,5.19,6.81,4.43,7.84,16.86,16.73,7.7,9.05,6.26
59086,374,Boeschepe,59,2179,False,11.85,11.3,0.0,20.0,9.14,10.37,0.0,4.02,8.84,5.3,16.82,2.44,1.48,1.42,1.65,17.65,17.43,0.0,0.0,0.0,11.43,0.0,12.16,18.74,13.8,0.0,17.4,14.67,18.88,18.4,16.1,7.27,15.09,18.24,20.0,6.67,5.12,8.71,1.4,7.64,9.64,9.73,3.35,6.15,7.74,13.41,16.92,12.29,5.76,9.03,6.19
59222,375,Faumont,59,2251,False,9.24,1.09,0.0,7.14,10.57,10.72,1.53,20.0,8.7,7.93,5.17,5.81,5.31,1.93,1.74,15.59,7.45,0.0,1.16,0.0,8.57,9.47,11.79,10.29,10.72,7.35,12.52,14.67,15.69,18.4,16.1,7.27,15.18,18.35,20.0,15.56,5.68,11.53,8.3,12.24,7.71,7.84,5.14,2.9,9.41,10.26,16.13,14.22,10.55,9.02,6.14
59293,376,Haverskerque,59,1401,False,9.83,10.43,0.0,20.0,5.71,13.72,11.02,3.71,15.7,17.6,14.33,4.21,5.12,7.26,6.93,18.8,16.85,8.67,0.99,0.0,2.86,7.67,7.6,13.35,8.61,3.23,7.79,14.67,11.4,18.4,16.1,3.63,17.11,18.45,20.0,6.67,3.02,6.12,0.0,1.45,10.07,15.81,6.89,8.73,5.25,8.95,15.05,12.06,2.62,8.98,6.03
62584,377,Mont-Bernanchon,62,1316,False,9.03,9.13,0.0,11.43,6.57,11.95,3.9,0.0,14.75,16.72,13.7,5.19,4.78,13.0,7.55,12.9,7.45,3.61,2.98,0.0,2.86,1.05,4.04,20.0,4.58,5.29,16.64,16.2,16.62,18.05,18.69,0.91,18.04,19.0,20.0,20.0,1.28,9.41,6.2,2.3,7.35,14.93,8.04,4.39,2.45,12.27,17.23,14.46,6.3,8.96,5.97
62727,378,Ruitz,62,1509,False,9.11,9.35,0.0,11.43,6.57,11.12,1.69,12.97,16.97,17.96,13.66,4.86,5.76,10.22,10.05,4.94,7.45,10.12,7.27,0.0,2.86,9.17,7.07,3.36,11.99,13.68,8.09,16.2,10.62,17.15,16.71,5.45,0.0,11.36,0.0,15.56,19.7,15.29,10.41,0.0,8.27,16.51,7.06,7.32,5.66,8.67,15.14,8.93,9.35,8.95,5.92
62502,379,Lestrem,62,5073,False,4.73,0.0,0.0,2.86,8.0,9.17,0.0,6.25,11.72,14.69,12.85,5.57,4.51,6.73,4.59,18.27,16.85,4.1,6.78,0.0,14.29,4.96,9.4,4.02,13.07,0.0,3.05,16.2,14.29,17.67,16.71,1.81,12.78,16.78,20.0,0.0,2.42,10.59,13.33,20.0,4.09,12.54,6.71,8.75,10.36,5.44,16.19,9.4,14.15,8.92,5.82
59238,380,Flines-lès-Mortagne,59,1649,False,9.01,2.17,0.0,18.57,8.29,19.73,0.0,0.0,13.5,18.99,9.38,2.63,1.72,0.0,0.0,19.69,6.04,7.95,0.0,0.0,2.86,9.77,16.1,20.0,10.96,0.0,0.0,14.67,15.21,18.4,16.1,6.36,18.28,19.53,20.0,15.56,17.62,10.35,0.23,7.03,8.38,13.77,3.08,4.47,7.37,9.59,16.01,17.32,5.76,8.9,5.75
59265,381,Gommegnies,59,2300,False,7.12,5.43,20.0,7.14,0.86,15.43,5.08,0.0,14.66,14.99,12.18,2.94,2.53,0.0,0.0,10.0,7.45,0.0,5.45,0.0,11.43,0.0,9.24,20.0,15.72,0.0,15.42,14.67,16.9,18.4,17.08,6.36,17.2,18.9,20.0,20.0,20.0,6.35,0.0,5.33,7.5,14.23,2.41,3.91,7.26,13.94,16.61,18.38,3.76,8.86,5.65
59301,382,Hergnies,59,4463,False,9.48,4.13,0.0,18.57,8.29,19.63,0.0,0.0,16.27,18.23,15.81,3.92,2.7,0.0,0.43,7.39,4.72,4.82,4.63,0.0,11.43,1.35,3.56,11.65,17.53,0.07,13.44,11.74,18.21,18.4,16.1,5.45,14.97,16.89,0.0,20.0,20.0,5.88,9.36,7.76,8.71,16.57,2.59,4.17,6.76,11.26,15.84,13.61,7.66,8.83,5.54
62905,383,Zudausques,62,1040,False,5.73,7.83,0.0,5.71,0.57,16.07,0.0,0.0,13.88,6.17,12.14,3.18,4.11,5.45,4.01,0.89,12.97,0.0,2.48,0.0,5.71,0.0,0.0,12.76,5.78,4.88,3.97,16.2,16.62,18.05,19.01,10.0,12.99,18.75,20.0,2.22,20.0,12.71,17.43,20.0,5.05,11.99,3.8,5.16,2.86,7.56,17.29,14.21,16.41,8.81,5.47
59637,384,Wandignies-Hamage,59,1318,False,8.18,2.39,0.0,2.86,5.14,8.96,6.27,0.0,10.92,11.13,15.34,5.02,3.43,4.81,5.49,12.07,7.66,7.95,9.59,0.0,2.86,6.77,4.04,20.0,13.73,12.58,10.53,14.67,16.34,18.4,16.1,5.45,16.9,18.44,20.0,20.0,20.0,2.82,1.17,8.24,4.74,11.85,5.41,7.3,4.36,14.95,16.29,18.2,3.7,8.77,5.36
62323,385,Fampoux,62,1219,False,8.42,5.0,0.0,2.86,2.57,7.11,16.44,0.0,11.75,6.48,8.67,3.06,3.42,6.83,6.82,16.13,12.86,2.41,0.33,0.0,5.71,0.0,13.07,10.99,9.88,6.12,0.0,16.2,16.62,18.05,16.71,7.27,18.13,18.76,20.0,15.56,18.22,12.24,3.27,14.3,5.49,10.08,5.81,5.33,5.03,7.52,16.86,17.37,9.54,8.77,5.35
62330,386,Festubert,62,1266,False,9.05,6.09,20.0,2.86,8.86,5.86,14.75,0.0,12.01,16.63,12.22,7.97,6.8,9.22,8.9,15.21,7.45,0.0,1.49,0.0,8.57,0.0,12.59,13.69,0.0,0.62,3.05,16.2,16.62,18.05,16.71,2.72,17.56,18.89,20.0,15.56,8.02,8.71,9.12,0.48,8.03,12.98,8.87,2.98,6.38,5.3,16.86,14.93,6.61,8.77,5.33
62479,387,Labeuvrière,62,1654,False,10.48,12.61,20.0,11.43,6.57,12.35,15.08,0.0,18.67,16.9,18.65,4.04,4.48,12.51,7.79,5.57,7.45,0.48,8.93,0.0,5.71,4.96,9.61,8.27,7.29,8.04,5.8,16.2,16.62,18.05,18.4,4.55,16.09,16.66,0.0,6.67,7.14,9.88,0.0,5.21,10.97,18.31,6.82,4.87,6.11,7.47,17.18,8.5,5.01,8.76,5.32
59502,388,Rieux-en-Cambrésis,59,1438,False,4.0,2.61,0.0,2.86,1.43,11.74,14.58,7.72,20.0,16.53,17.88,3.16,4.46,6.13,8.1,3.13,13.39,9.4,0.99,0.0,8.57,10.38,7.38,3.72,4.22,1.86,12.06,14.67,16.9,18.4,16.1,6.36,18.59,18.67,20.0,20.0,20.0,6.82,0.0,3.88,5.22,18.88,4.82,7.72,8.98,5.15,16.43,18.63,3.54,8.76,5.31
59018,389,Arnèke,59,1561,False,8.81,8.91,20.0,4.29,1.43,14.01,20.0,0.0,12.16,8.02,16.74,2.11,2.36,0.69,0.96,11.27,17.43,3.61,4.3,0.0,14.29,1.35,10.2,9.02,19.28,0.0,8.7,14.67,16.9,18.4,16.1,5.45,15.61,18.95,20.0,0.0,1.1,7.76,8.07,0.0,9.11,12.25,2.53,8.23,9.3,9.89,16.43,10.23,5.76,8.72,5.19
62638,390,Oisy-le-Verger,62,1188,False,2.92,0.0,0.0,2.86,1.43,11.23,10.0,0.0,18.6,16.27,18.07,2.63,4.8,4.46,2.57,13.76,12.44,3.13,0.0,0.0,8.57,5.86,8.92,20.0,10.12,11.62,3.97,16.2,16.31,18.05,16.71,8.17,18.74,19.61,20.0,20.0,14.22,10.82,0.58,3.15,3.5,18.03,4.53,5.31,7.72,12.48,16.79,17.75,5.0,8.64,4.91
62543,391,Mametz,62,1998,False,3.75,4.57,0.0,5.71,0.57,15.83,0.0,0.0,16.77,19.58,16.2,3.95,1.78,4.71,4.38,12.65,13.91,5.78,4.3,0.0,14.29,5.86,5.31,9.7,9.04,9.42,0.0,16.2,14.38,18.05,16.71,8.17,14.43,17.79,20.0,0.0,16.3,13.41,4.68,5.82,4.2,17.22,4.61,7.62,9.98,7.53,16.3,13.06,8.17,8.59,4.77
62190,392,Busnes,62,1245,False,8.11,9.13,0.0,11.43,6.57,13.82,10.51,0.46,17.96,19.55,15.96,4.64,3.79,6.12,0.68,15.18,7.45,6.51,8.1,0.0,5.71,7.37,4.25,6.38,20.0,11.75,5.04,16.2,16.08,18.05,16.71,3.63,13.86,18.22,20.0,15.56,1.94,1.41,0.0,1.58,8.03,17.88,5.27,6.45,6.02,10.82,16.73,12.94,0.94,8.42,4.2
62869,393,Wailly,62,1081,False,8.79,8.91,0.0,2.86,2.57,10.99,3.22,2.39,13.73,13.08,10.47,6.51,6.73,9.58,9.86,15.28,12.86,2.89,3.47,0.0,0.0,1.35,0.0,8.18,0.0,10.24,7.02,16.2,16.62,18.05,16.71,6.36,18.98,19.3,20.0,20.0,19.96,8.71,1.4,2.79,5.53,12.95,8.6,6.21,0.45,6.18,16.86,18.79,4.44,8.4,4.16
62164,394,Bourlon,62,1140,False,3.42,0.0,0.0,2.86,1.43,10.99,0.0,0.0,19.63,16.86,20.0,2.82,6.0,7.4,7.37,10.66,12.44,20.0,0.66,20.0,5.71,1.35,4.67,20.0,10.54,9.42,5.34,16.2,8.82,0.0,16.71,8.17,19.4,19.28,20.0,20.0,14.88,1.88,0.0,3.39,2.66,19.15,5.91,12.78,4.08,12.43,10.4,17.97,1.61,8.38,4.08
62713,395,Robecq,62,1329,False,8.4,9.13,0.0,11.43,6.57,12.7,3.56,0.0,15.54,18.03,16.24,6.6,5.61,11.2,5.5,14.81,7.45,7.47,1.98,0.0,5.71,7.37,12.01,6.95,4.52,5.84,13.13,16.2,16.62,18.05,16.71,2.72,16.6,18.89,20.0,0.0,3.32,8.94,0.0,1.94,7.28,16.18,8.13,5.29,7.31,7.32,16.86,10.68,3.78,8.3,3.83
62712,396,Rivière,62,1124,False,7.91,8.7,0.0,2.86,2.57,12.78,1.36,0.46,14.83,13.08,10.27,5.62,3.38,6.05,7.04,11.35,12.86,0.0,0.0,0.0,5.71,4.06,0.0,18.65,5.36,4.74,2.6,16.2,16.62,18.05,16.71,6.36,18.83,19.22,20.0,20.0,19.86,5.65,0.0,6.18,5.19,13.57,6.04,4.54,4.21,9.11,16.86,18.72,3.74,8.29,3.8
62311,397,Estevelles,62,2024,False,8.71,1.52,20.0,2.86,10.86,0.86,13.05,0.0,14.8,14.52,12.92,4.64,4.72,9.91,6.28,4.84,3.73,7.47,13.39,0.0,5.71,7.37,2.6,1.63,2.95,12.85,14.2,12.13,17.18,18.05,16.71,8.17,0.0,14.7,0.0,15.56,20.0,13.41,6.67,3.52,6.89,14.37,6.16,6.66,5.74,6.74,15.73,9.62,8.26,8.22,3.58
59387,398,Marquette-en-Ostrevant,59,1931,False,7.71,5.87,0.0,2.86,5.14,12.75,7.97,0.0,19.25,19.66,17.52,2.94,1.03,3.43,4.01,2.61,6.04,7.95,3.14,0.0,11.43,4.96,2.76,0.51,6.27,9.55,0.0,14.67,14.68,18.4,16.1,7.27,16.87,18.52,20.0,15.56,14.32,8.71,2.22,12.12,5.67,18.99,2.81,5.21,7.83,3.75,15.87,16.3,7.28,8.21,3.54
59610,399,Verchain-Maugré,59,1102,False,7.48,5.22,0.0,1.43,8.29,13.13,4.58,0.0,17.54,15.44,12.22,3.52,3.0,7.73,8.76,0.0,4.72,1.45,1.65,0.0,0.0,0.75,0.0,14.68,10.9,5.15,13.28,14.67,16.9,18.4,16.1,5.45,17.02,19.37,20.0,20.0,20.0,0.0,3.16,20.0,5.45,16.06,4.84,2.48,0.25,11.49,16.43,18.35,6.6,8.19,3.46
62252,400,La Couture,62,2616,False,6.22,1.96,20.0,2.86,8.0,11.02,2.03,0.0,12.19,16.63,11.05,7.42,5.49,10.47,8.07,18.05,7.45,0.0,3.64,0.0,11.43,0.0,8.13,1.53,13.8,3.64,6.72,16.2,17.76,18.05,16.71,1.81,15.94,18.38,20.0,0.0,3.14,11.53,8.42,0.0,6.3,12.85,8.88,3.49,7.07,6.26,17.15,10.39,7.25,8.14,3.31
59662,401,Winnezeele,59,1300,False,6.73,1.09,0.0,4.29,3.14,8.32,1.86,0.0,12.04,13.6,18.11,4.14,3.44,5.79,5.81,19.34,17.43,9.16,0.0,0.0,5.71,4.66,4.09,15.39,4.64,0.0,14.35,14.67,16.9,20.0,16.1,8.17,17.56,18.85,20.0,11.11,2.02,9.88,0.0,6.3,3.77,13.57,6.09,8.85,5.09,9.24,16.83,13.2,5.31,8.13,3.27
59409,402,Monchecourt,59,2501,False,9.91,9.78,0.0,2.86,6.57,15.08,4.75,0.0,20.0,19.94,17.68,2.11,0.73,5.76,4.31,0.0,7.66,6.51,1.82,0.0,11.43,5.86,2.12,1.6,7.23,9.83,8.85,14.67,9.57,18.4,16.1,8.17,15.85,17.91,0.0,20.0,12.72,10.35,5.5,5.94,6.78,19.52,2.83,5.05,8.02,6.2,14.6,12.65,7.38,8.12,3.23
62412,403,Hardinghen,62,1219,False,8.95,15.43,0.0,2.86,0.0,19.89,10.68,0.0,15.52,5.3,16.82,0.0,0.97,0.0,0.0,5.35,12.23,0.0,3.97,0.0,11.43,10.68,0.0,20.0,4.94,2.54,0.0,16.2,16.62,18.05,16.71,15.45,16.72,19.03,0.0,15.56,15.88,6.82,0.0,10.06,7.58,13.74,0.69,5.25,9.28,8.49,16.86,13.2,5.22,8.08,3.12
62606,404,Neuve-Chapelle,62,1419,False,8.58,3.26,0.0,2.86,10.86,8.05,7.8,0.0,9.09,9.09,12.18,7.99,6.58,6.22,4.01,18.21,7.45,5.78,7.11,0.0,2.86,2.56,3.72,0.0,4.22,6.12,7.02,16.2,16.62,18.05,16.71,4.55,7.93,14.31,20.0,15.56,0.0,12.24,16.49,3.27,5.65,9.71,7.7,6.0,2.9,3.75,16.86,10.91,11.34,8.03,2.97
59382,405,Maretz,59,1417,False,0.06,2.61,20.0,2.86,0.0,17.49,16.27,9.42,20.0,20.0,20.0,3.44,2.92,7.88,7.82,3.52,8.29,0.0,0.33,0.0,8.57,0.0,0.0,17.25,4.28,1.03,1.83,14.67,16.32,18.4,16.1,5.45,18.68,19.26,20.0,15.56,20.0,0.0,0.0,1.33,7.04,20.0,5.03,3.0,4.28,7.46,16.28,17.78,0.36,7.91,2.55
59485,406,Quiévy,59,1801,False,0.0,0.0,0.0,2.86,0.0,16.04,2.71,0.0,20.0,20.0,19.94,4.0,5.13,6.0,6.03,0.0,8.29,3.13,6.61,0.0,11.43,3.16,0.0,6.83,3.37,7.77,5.5,14.67,16.18,18.4,16.1,6.36,18.01,17.92,20.0,20.0,20.0,3.53,0.0,8.61,2.62,19.99,4.6,5.4,6.77,5.83,16.25,18.42,3.63,7.79,2.18
59038,407,Avesnes-le-Sec,59,1447,False,2.75,0.0,0.0,2.86,1.43,13.61,8.98,0.0,19.16,17.44,18.46,2.06,1.24,5.26,5.75,5.42,6.04,2.65,0.0,0.0,8.57,4.36,0.0,5.38,8.31,1.44,2.29,14.67,16.9,18.4,16.1,6.36,16.21,19.31,20.0,20.0,20.0,8.71,0.82,4.73,3.66,18.68,3.51,2.91,5.74,4.76,16.43,18.24,4.76,7.46,1.12
62195,408,Calonne-sur-la-Lys,62,1560,False,4.85,1.74,0.0,2.86,8.0,10.4,0.0,2.7,14.03,14.74,14.33,6.89,5.54,6.56,3.41,15.94,7.45,2.89,1.49,0.0,5.71,1.05,10.2,9.64,0.0,0.0,6.41,16.2,16.62,18.05,16.71,1.81,17.41,18.73,20.0,6.67,2.48,8.24,5.61,7.15,4.15,14.23,6.92,3.83,4.9,4.5,16.86,11.93,6.99,7.35,0.77
59622,409,Villers-en-Cauchies,59,1161,False,3.22,0.43,0.0,2.86,1.43,14.73,10.85,0.0,17.64,17.2,18.62,1.53,1.99,3.7,5.54,6.08,13.39,4.1,0.0,0.0,2.86,5.56,0.0,5.41,5.18,2.27,4.12,14.67,15.15,18.4,16.1,6.36,18.98,19.11,20.0,20.0,20.0,6.12,0.0,0.0,4.11,17.75,3.14,5.93,3.28,4.46,15.99,18.77,2.23,7.33,0.7
62706,410,Richebourg,62,2618,False,5.87,0.0,0.0,2.86,8.0,10.37,3.9,0.0,10.37,14.37,11.91,7.66,5.78,7.13,4.95,17.02,7.45,0.24,4.13,0.0,14.29,0.15,2.02,3.55,11.51,0.62,5.65,11.57,14.24,17.69,16.71,1.81,16.69,18.69,20.0,6.67,0.58,11.06,0.0,8.36,4.26,11.48,7.68,3.67,7.53,5.51,14.73,11.4,6.3,7.31,0.63
59224,411,Féchain,59,1658,False,3.02,0.0,0.0,2.86,1.43,11.07,11.36,0.0,16.61,16.89,15.93,1.24,0.0,4.71,2.74,0.0,7.45,0.0,0.0,0.0,11.43,18.8,6.43,1.8,10.9,12.03,0.0,14.67,11.19,18.4,16.1,8.17,15.06,16.07,20.0,20.0,18.36,0.0,2.22,0.0,3.62,16.53,1.93,2.63,13.05,5.91,15.0,17.37,0.81,7.12,0.0
