code_insee,commune,dep,PMUN,dans_MEL,acces_gare_proche_min_min,acces_gare_proche_moy_min,gare_utile,gare_utile_uic,gare_utile_commune,gare_utile_sur_place,acces_gare_utile_min,desserte_directe_faible,trains_directs_jour,trains_pointe_matin,trains_arr_lille_matin,trains_pointe_soir,tps_trajet_median_min,tps_trajet_min_min,premier_train,dernier_train,amplitude_h,gares_lille_desservies,lignes,retour_trains_directs_jour,retour_pointe_soir,retour_dernier_depart_lille,autocars_directs_jour,attente_ter_min,egress_lille_min,porte_a_porte_median_min,trajet_ter_realiste_min,tc_trajets_jour,tc_arr_lille_matin,tc_trajet_median_min,tc_trajet_min_min,tc_trajet_realiste_min,tc_premier_arr_lille,tc_dernier_dep,tc_part_direct,tc_metro_sur_place,meilleur_temps_vers_lille_min,meilleur_mode_vers_lille,ter_billet_normal_eur,ter_abo_hebdo_eur,ter_abo_mensuel_eur,ter_abo_mensuel_estime,ter_abo_mensuel_reste_a_charge_eur,velo_min,velo_ter_min,voiture_min,voiture_bouchons_min,voiture_km,voiture_cout_carburant_eur,voiture_cout_mensuel_est_eur,ilevia_abo_mensuel_eur,ilevia_abo_reste_a_charge_eur,gare_sur_territoire,cout_mensuel_meilleur_mode_eur,temps_sans_voiture_min,mode_sans_voiture,cout_sans_voiture_eur,surcout_temps_sans_voiture_min,ratio_alternatif_vs_voiture,option_sans_voiture,cout_transit_min_eur,ratio_sansvoiture_vs_voiture
59002,Abscon,59,4203,False,4.2,5.6,Somain,87345314,Somain,False,15.2,False,11.0,4.0,3.0,2.0,37.0,36.0,06:01,20:59,15.0,Flandres,K40,11.0,3.0,20:23,0.0,12.0,6,52.2,70.2,,,,,,,,,,70.2,TER ~ velo+TER,10.8,29.1,105.0,False,52.0,,73.0,65.0,16.0,47.4,398.0,498.0,,,False,52.0,73.0,velo+TER,52.0,3.0,1.08,1,52.0,1.12
59004,Aix-en-Pévèle,59,1358,False,4.2,7.5,Landas,87286575,Landas,False,8.9,False,27.0,7.0,7.0,7.0,27.0,25.0,05:54,21:54,16.0,Flandres,C60,26.0,7.0,21:39,0.0,10.7,6,35.9,52.6,,,,,,,,,,52.6,TER,6.5,18.1,65.0,False,32.0,,61.0,50.0,15.0,31.8,267.0,367.0,,,False,32.0,61.0,velo+TER,32.0,8.0,1.05,1,32.0,1.22
59005,Allennes-les-Marais,59,3567,True,6.0,7.8,Don - Sainghin,87286435,Sainghin-en-Weppes,False,13.3,False,32.0,11.0,9.0,9.0,28.0,21.0,06:13,20:42,14.5,Flandres,"C50, C51, K51",37.0,10.0,21:06,0.0,6.8,6,41.3,54.1,,,,,,,,,,54.1,TER ~ velo+TER,4.9,14.4,52.0,False,26.0,,55.0,54.0,21.0,23.5,197.0,297.0,56.5,28.25,False,26.0,55.0,velo+TER,26.0,1.0,1.0,1,26.0,1.02
59008,Aniche,59,9997,False,4.4,7.8,Somain,87345314,Somain,False,14.4,False,11.0,4.0,3.0,2.0,37.0,36.0,06:01,20:59,15.0,Flandres,K40,11.0,3.0,20:23,0.0,12.0,6,51.4,69.4,,,,,,,,,,69.4,TER ~ velo+TER,10.8,29.1,105.0,False,52.0,,71.0,66.0,17.0,46.4,390.0,490.0,,,False,52.0,71.0,velo+TER,52.0,2.0,1.05,1,52.0,1.08
59011,Annœullin,59,10780,True,2.7,5.0,Bauvin - Provin,87345280,Bauvin,False,7.0,False,21.0,7.0,6.0,6.0,27.0,27.0,06:07,20:35,14.5,Flandres,"C51, K51",24.0,7.0,20:47,0.0,10.7,6,34.0,50.7,,,,,,,,,,50.7,TER,6.0,17.1,61.0,False,31.0,,56.0,55.0,20.0,29.4,247.0,347.0,56.5,28.25,False,31.0,56.0,velo+TER,31.0,5.0,0.92,1,28.25,1.02
59013,Anstaing,59,1601,True,5.8,7.7,Ascq,87286864,Villeneuve-d'Ascq,False,12.0,False,17.0,5.0,5.0,5.0,10.0,8.0,06:40,21:42,15.0,Flandres,P81,16.0,4.0,22:08,0.0,12.0,6,22.0,40.0,,,,,,,,,,40.0,TER ~ velo+TER,2.4,,25.0,False,13.0,47.0,43.0,32.0,5.0,13.6,114.0,214.0,56.5,28.25,False,13.0,43.0,velo+TER ~ velo,13.0,3.0,1.25,1,13.0,1.34
59014,Anzin,59,13422,False,1.5,3.7,Valenciennes,87343004,Valenciennes,False,11.2,False,53.0,14.0,14.0,13.0,44.0,34.0,05:35,21:49,16.2,Flandres,"C60, K60, K61",52.0,14.0,21:39,0.0,5.4,6,55.2,66.6,,,,,,,,,,63.0,velo+TER ~ TER,10.8,29.1,105.0,False,52.0,,63.0,59.0,16.0,49.7,417.0,517.0,,,False,52.0,63.0,velo+TER,52.0,0.0,1.07,1,52.0,1.07
59015,Arleux,59,3151,False,1.0,3.5,Douai,87345009,Douai,False,22.0,False,46.0,14.0,12.0,12.0,23.0,19.0,05:51,21:57,16.1,Flandres,"C40, K40, K44, K45",48.0,13.0,22:27,0.0,5.4,6,45.0,56.4,,,,,,,,,,56.4,TER,8.3,22.1,79.0,False,40.0,,,69.0,21.0,51.2,430.0,530.0,,,True,40.0,56.4,TER,40.0,0.0,0.82,1,40.0,0.82
59017,Armentières,59,25581,True,1.0,3.2,Armentières,87286146,Armentières,True,1.0,False,45.0,16.0,15.0,11.0,15.0,14.0,05:13,21:33,16.3,Flandres,"C70, K70, K71",47.0,16.0,22:13,0.0,4.7,6,16.0,26.7,556.0,119.0,52.6,38.7,65.6,06:20,21:36,0.0,False,26.7,TER,5.3,15.5,56.0,False,28.0,,32.0,53.0,12.0,20.8,175.0,275.0,56.5,28.25,True,28.0,26.7,TER,28.0,0.0,0.5,1,28.0,0.5
59018,Arnèke,59,1561,False,1.0,1.7,Arnèke,87281121,Arnèke,True,1.0,False,11.0,4.0,4.0,3.0,49.0,48.0,05:31,20:31,15.0,Flandres,K70,12.0,4.0,20:40,0.0,12.0,6,50.0,68.0,,,,,,,,,,68.0,TER,13.4,36.0,130.0,False,65.0,,74.0,73.0,17.0,66.8,561.0,661.0,,,True,65.0,68.0,TER,65.0,0.0,0.93,1,65.0,0.93
59019,Artres,59,1064,False,8.1,9.3,Le Poirier Université,87343210,Trith-Saint-Léger,False,11.9,False,11.0,3.0,2.0,2.0,42.0,41.0,06:13,21:14,15.0,Flandres,K61,11.0,3.0,20:05,0.0,12.0,6,53.9,71.9,,,,,,,,,,71.9,TER,,,,False,,,83.0,66.0,17.0,59.0,496.0,596.0,,,False,,83.0,velo+TER,,11.0,1.09,1,,1.26
59022,Attiches,59,2238,False,6.9,9.7,Phalempin,87286500,Phalempin,False,6.2,False,21.0,7.0,6.0,6.0,19.0,18.0,06:14,21:14,15.0,Flandres,C40,22.0,6.0,22:27,0.0,10.7,6,25.2,41.9,,,,,,,,,,41.9,TER,4.4,12.7,46.0,False,23.0,,51.0,42.0,15.0,18.2,153.0,253.0,,,False,23.0,51.0,velo+TER,23.0,9.0,1.0,1,23.0,1.21
59024,Auberchicourt,59,4626,False,6.0,8.5,Montigny-en-Ostrevent,87345306,Montigny-en-Ostrevent,False,11.6,False,11.0,4.0,3.0,2.0,31.0,29.0,06:08,21:05,15.0,Flandres,K40,11.0,3.0,20:23,0.0,12.0,6,42.6,60.6,,,,,,,,,,60.6,TER,9.7,26.1,94.0,False,47.0,,72.0,68.0,15.0,47.6,400.0,500.0,,,False,47.0,72.0,velo+TER,47.0,11.0,0.89,1,47.0,1.06
59025,Aubers,59,1722,True,8.1,10.5,Salomé,87342451,Salomé,False,14.0,False,11.0,4.0,3.0,3.0,37.0,37.0,06:07,20:07,14.0,Flandres,C50,12.0,3.0,20:16,0.0,12.0,6,51.0,69.0,56.0,12.0,55.3,40.7,68.3,07:43,18:44,0.0,False,68.3,TC urbain ~ TER,6.5,,64.0,True,32.0,,,53.0,19.0,25.1,211.0,311.0,56.5,28.25,False,28.25,68.3,TC urbain,28.25,0.0,1.29,1,28.25,1.29
59026,Aubigny-au-Bac,59,1159,False,1.0,2.1,Montigny-en-Ostrevent,87345306,Montigny-en-Ostrevent,False,20.0,False,11.0,4.0,3.0,2.0,31.0,29.0,06:08,21:05,15.0,Flandres,K40,11.0,3.0,20:23,0.0,12.0,6,51.0,69.0,,,,,,,,,,69.0,TER,9.7,26.1,94.0,False,47.0,,,69.0,21.0,54.4,457.0,557.0,,,True,47.0,69.0,TER,47.0,0.0,1.0,1,47.0,1.0
59027,Aubry-du-Hainaut,59,1726,False,5.2,6.7,Valenciennes,87343004,Valenciennes,False,15.2,False,53.0,14.0,14.0,13.0,44.0,34.0,05:35,21:49,16.2,Flandres,"C60, K60, K61",52.0,14.0,21:39,0.0,5.4,6,59.2,70.6,,,,,,,,,,70.6,TER,10.8,29.1,105.0,False,52.0,,80.0,55.0,15.0,47.7,401.0,501.0,,,False,52.0,80.0,velo+TER,52.0,9.0,1.28,1,52.0,1.45
59028,Auby,59,7188,False,1.1,4.9,Leforest,87345223,Leforest,False,5.0,False,21.0,7.0,6.0,7.0,33.0,31.0,06:00,21:00,15.0,Flandres,C40,22.0,6.0,22:27,0.0,10.7,6,38.0,54.7,,,,,,,,,,54.7,TER ~ velo+TER,6.8,18.6,67.0,False,33.0,,58.0,57.0,22.0,37.1,312.0,412.0,,,False,33.0,58.0,velo+TER,33.0,3.0,0.96,1,33.0,1.02
59029,Auchy-lez-Orchies,59,1486,False,2.8,5.7,Orchies,87286583,Orchies,False,10.2,False,53.0,14.0,14.0,13.0,21.0,15.0,05:58,22:09,16.2,Flandres,"C60, K60, K61",52.0,14.0,21:39,0.0,5.4,6,31.2,42.6,,,,,,,,,,42.6,TER,5.8,16.6,60.0,False,30.0,,52.0,46.0,16.0,28.1,236.0,336.0,,,False,30.0,52.0,velo+TER,30.0,9.0,0.93,1,30.0,1.13
59032,Aulnoy-lez-Valenciennes,59,7183,False,1.1,3.9,Le Poirier Université,87343210,Trith-Saint-Léger,False,8.8,False,11.0,3.0,2.0,2.0,42.0,41.0,06:13,21:14,15.0,Flandres,K61,11.0,3.0,20:05,0.0,12.0,6,50.8,68.8,,,,,,,,,,68.8,TER ~ velo+TER,,,,False,,,73.0,62.0,15.0,55.5,466.0,566.0,,,False,,73.0,velo+TER,,4.0,1.11,1,,1.18
59034,Avelin,59,2600,False,6.0,8.2,Seclin,87286518,Seclin,False,15.3,False,44.0,13.0,13.0,13.0,11.0,10.0,05:27,21:18,15.8,Flandres,"C40, C41",42.0,13.0,22:27,0.0,5.8,6,26.3,38.1,,,,,,,,,,38.1,TER ~ velo+TER,3.5,10.1,36.0,False,18.0,55.0,42.0,36.0,11.0,15.5,130.0,230.0,,,False,18.0,42.0,velo+TER,18.0,4.0,1.06,1,18.0,1.17
59038,Avesnes-le-Sec,59,1447,False,6.8,8.2,Cambrai,87345520,Cambrai,False,20.9,False,11.0,3.0,3.0,3.0,60.0,59.0,05:38,20:38,15.0,Flandres,K40,11.0,3.0,20:23,0.0,12.0,6,80.9,98.9,,,,,,,,,,98.9,TER,13.4,36.0,130.0,False,65.0,,,71.0,17.0,66.7,560.0,660.0,,,False,65.0,,,,,1.39,0,65.0,
59042,Bachy,59,1883,False,8.6,11.9,Templeuve,87286625,Templeuve-en-Pévèle,False,15.7,False,29.0,9.0,9.0,7.0,16.0,11.0,06:04,22:05,16.0,Flandres,"C60, K61",27.0,8.0,21:39,0.0,8.3,6,31.7,46.0,,,,,,,,,,46.0,TER,4.1,11.9,43.0,False,21.0,,,41.0,6.0,24.4,205.0,305.0,,,False,21.0,,,,,1.12,0,21.0,
59043,Bailleul,59,14869,False,1.0,3.5,Bailleul,87286179,Bailleul,True,1.0,False,45.0,16.0,15.0,12.0,24.0,22.0,05:01,21:25,16.4,Flandres,"C70, K70, K71",47.0,16.0,22:13,0.0,4.7,6,25.0,35.7,,,,,,,,,,35.7,TER ~ velo+TER,8.0,21.1,76.0,False,38.0,,37.0,54.0,21.0,32.6,274.0,374.0,,,True,38.0,35.7,TER ~ velo+TER,38.0,0.0,0.66,1,38.0,0.66
59044,Baisieux,59,5177,True,1.0,3.2,Baisieux,87286872,Baisieux,True,1.0,False,18.0,5.0,5.0,5.0,15.0,13.0,06:35,21:37,15.0,Flandres,P81,16.0,4.0,22:08,0.0,12.0,6,16.0,34.0,15.0,9.0,61.0,55.0,74.0,07:13,17:10,0.0,False,34.0,TER ~ velo+TER,3.5,10.1,36.0,False,18.0,,39.0,31.0,6.0,18.1,152.0,252.0,56.5,28.25,True,18.0,34.0,TER ~ velo+TER,18.0,0.0,1.1,1,18.0,1.1
59052,Bauvin,59,4999,True,1.0,2.1,Bauvin - Provin,87345280,Bauvin,True,1.0,False,21.0,7.0,6.0,6.0,27.0,27.0,06:07,20:35,14.5,Flandres,"C51, K51",24.0,7.0,20:47,0.0,10.7,6,28.0,44.7,,,,,,,,,,44.7,TER,6.0,17.1,61.0,False,31.0,,50.0,58.0,20.0,31.6,265.0,365.0,56.5,28.25,True,31.0,44.7,TER,31.0,0.0,0.77,1,28.25,0.77
59054,Bavinchove,59,1046,False,1.0,2.1,Cassel,87281139,Bavinchove,True,1.0,False,11.0,3.0,4.0,3.0,43.0,42.0,05:37,20:37,15.0,Flandres,K70,12.0,4.0,20:40,0.0,12.0,6,44.0,62.0,,,,,,,,,,62.0,TER,12.2,32.8,118.0,False,59.0,,72.0,70.0,18.0,58.2,489.0,589.0,,,True,59.0,62.0,TER,59.0,0.0,0.89,1,59.0,0.89
59064,Bellaing,59,1329,False,3.9,5.9,Valenciennes,87343004,Valenciennes,False,17.2,False,53.0,14.0,14.0,13.0,44.0,34.0,05:35,21:49,16.2,Flandres,"C60, K60, K61",52.0,14.0,21:39,0.0,5.4,6,61.2,72.6,,,,,,,,,,72.6,TER,10.8,29.1,105.0,False,52.0,,,58.0,15.0,48.3,406.0,506.0,,,False,52.0,,,,,1.25,0,52.0,
59071,Bersée,59,2296,False,5.1,9.3,Templeuve,87286625,Templeuve-en-Pévèle,False,15.2,False,29.0,9.0,9.0,7.0,16.0,11.0,06:04,22:05,16.0,Flandres,"C60, K61",27.0,8.0,21:39,0.0,8.3,6,31.2,45.5,,,,,,,,,,45.5,TER,4.1,11.9,43.0,False,21.0,,,49.0,13.0,24.2,203.0,303.0,,,False,21.0,,,,,0.93,0,21.0,
59079,Beuvrages,59,6784,False,1.0,2.5,Valenciennes,87343004,Valenciennes,False,14.2,False,53.0,14.0,14.0,13.0,44.0,34.0,05:35,21:49,16.2,Flandres,"C60, K60, K61",52.0,14.0,21:39,0.0,5.4,6,58.2,69.6,,,,,,,,,,69.6,TER ~ velo+TER,10.8,29.1,105.0,False,52.0,,71.0,57.0,16.0,49.6,417.0,517.0,,,True,52.0,69.6,TER ~ velo+TER,52.0,0.0,1.22,1,52.0,1.22
59080,Beuvry-la-Forêt,59,2834,False,1.0,5.0,Landas,87286575,Landas,False,7.8,False,27.0,7.0,7.0,7.0,27.0,25.0,05:54,21:54,16.0,Flandres,C60,26.0,7.0,21:39,0.0,10.7,6,34.8,51.5,,,,,,,,,,51.5,TER ~ velo+TER,6.5,18.1,65.0,False,32.0,,55.0,50.0,15.0,30.3,255.0,355.0,,,False,32.0,55.0,velo+TER,32.0,4.0,1.03,1,32.0,1.1
59082,Bierne,59,1772,False,2.1,4.4,Bergues,87281105,Bergues,False,2.5,False,11.0,4.0,4.0,3.0,61.0,61.0,05:19,20:19,15.0,Flandres,K70,12.0,4.0,20:40,0.0,12.0,6,63.5,81.5,,,,,,,,,,81.5,TER,16.0,42.9,154.0,False,77.0,,88.0,69.0,17.0,70.2,590.0,690.0,,,False,77.0,88.0,velo+TER,77.0,6.0,1.18,1,77.0,1.28
59084,Blaringhem,59,2043,False,3.6,8.1,Hazebrouck,87286302,Hazebrouck,False,18.4,False,45.0,16.0,15.0,13.0,35.0,32.0,04:51,21:14,16.4,Flandres,"C70, K70, K71",47.0,16.0,22:13,0.0,4.7,6,53.4,64.1,,,,,,,,,,64.1,TER,10.4,28.1,101.0,False,50.0,,,73.0,18.0,60.5,508.0,608.0,,,False,50.0,,,,,0.88,0,50.0,
59086,Boeschepe,59,2179,False,10.6,16.2,Bailleul,87286179,Bailleul,False,17.8,False,45.0,16.0,15.0,12.0,24.0,22.0,05:01,21:25,16.4,Flandres,"C70, K70, K71",47.0,16.0,22:13,0.0,4.7,6,41.8,52.5,,,,,,,,,,52.5,TER,8.0,21.1,76.0,False,38.0,,,64.0,18.0,46.0,386.0,486.0,,,False,38.0,,,,,0.82,0,38.0,
59088,Bois-Grenier,59,1793,True,2.8,5.5,Armentières,87286146,Armentières,False,8.3,False,45.0,16.0,15.0,11.0,15.0,14.0,05:13,21:33,16.3,Flandres,"C70, K70, K71",47.0,16.0,22:13,0.0,4.7,6,23.3,34.0,52.0,10.0,50.1,24.2,63.1,07:48,18:59,0.0,False,34.0,TER,5.3,15.5,56.0,False,28.0,,44.0,46.0,19.0,20.6,173.0,273.0,56.5,28.25,False,28.0,44.0,velo+TER,28.0,10.0,0.74,1,28.0,0.96
59089,Bollezeele,59,1423,False,3.6,8.3,Esquelbecq,87281113,Esquelbecq,False,9.1,False,11.0,4.0,4.0,3.0,55.0,54.0,05:25,20:25,15.0,Flandres,K70,12.0,4.0,20:40,0.0,12.0,6,64.1,82.1,,,,,,,,,,82.1,TER,14.6,38.8,140.0,False,70.0,,,76.0,16.0,78.1,656.0,756.0,,,False,70.0,,,,,1.08,0,70.0,
59090,Bondues,59,9713,True,4.0,8.3,Croix - Wasquehal,87286716,Wasquehal,False,20.6,False,5.0,2.0,2.0,2.0,8.0,8.0,07:43,18:43,11.0,Flandres,K80,4.0,2.0,18:09,0.0,12.0,6,28.6,46.6,549.0,95.0,26.0,17.0,39.0,06:15,22:05,0.96,False,39.0,TC urbain ~ velo,2.4,,25.0,False,13.0,43.0,49.0,35.0,9.0,13.4,113.0,213.0,56.5,28.25,False,28.25,39.0,TC urbain ~ velo,28.25,0.0,1.11,1,13.0,1.11
59094,Bourbourg,59,7023,False,1.0,2.7,Audruicq,87281428,Audruicq,False,20.0,False,9.0,3.0,3.0,4.0,64.0,64.0,05:43,20:42,15.0,Flandres,K71,9.0,3.0,21:13,0.0,12.0,6,84.0,102.0,,,,,,,,,,102.0,TER,17.5,47.2,170.0,False,85.0,,,80.0,15.0,88.6,744.0,844.0,,,True,85.0,102.0,TER,85.0,0.0,1.27,1,85.0,1.27
59096,Bourghelles,59,1673,False,10.6,12.5,Baisieux,87286872,Baisieux,False,17.2,False,18.0,5.0,5.0,5.0,15.0,13.0,06:35,21:37,15.0,Flandres,P81,16.0,4.0,22:08,0.0,12.0,6,32.2,50.2,,,,,,,,,,50.2,TER,3.5,10.1,36.0,False,18.0,,,38.0,6.0,23.3,196.0,296.0,,,False,18.0,,,,,1.32,0,18.0,
59098,Bousbecque,59,4847,True,11.9,15.4,Tourcoing,87286542,Tourcoing,False,23.0,False,15.0,5.0,5.0,5.0,14.0,14.0,06:37,21:37,15.0,Flandres,"K80, P80",14.0,4.0,22:09,3.0,12.0,6,37.0,55.0,168.0,49.0,47.0,37.0,60.0,06:54,21:46,1.0,False,55.0,TER ~ TC urbain,3.7,10.7,38.0,False,19.0,,,40.0,10.0,20.1,169.0,269.0,56.5,28.25,False,19.0,60.0,TC urbain,28.25,5.0,1.38,1,19.0,1.5
59105,Bouvignies,59,1548,False,8.1,11.7,Orchies,87286583,Orchies,False,14.2,False,53.0,14.0,14.0,13.0,21.0,15.0,05:58,22:09,16.2,Flandres,"C60, K60, K61",52.0,14.0,21:39,0.0,5.4,6,35.2,46.6,,,,,,,,,,46.6,TER,5.8,16.6,60.0,False,30.0,,,52.0,16.0,32.2,270.0,370.0,,,False,30.0,,,,,0.9,0,30.0,
59112,Bruay-sur-l'Escaut,59,11309,False,2.5,6.6,Valenciennes,87343004,Valenciennes,False,12.7,False,53.0,14.0,14.0,13.0,44.0,34.0,05:35,21:49,16.2,Flandres,"C60, K60, K61",52.0,14.0,21:39,0.0,5.4,6,56.7,68.1,,,,,,,,,,68.1,TER,10.8,29.1,105.0,False,52.0,,76.0,60.0,16.0,51.7,434.0,534.0,,,False,52.0,76.0,velo+TER,52.0,8.0,1.14,1,52.0,1.27
59114,Bruille-Saint-Amand,59,1682,False,8.5,11.5,Saint-Amand-les-Eaux,87343103,Saint-Amand-les-Eaux,False,12.3,False,53.0,15.0,14.0,14.0,34.0,24.0,05:45,22:00,16.2,Flandres,"C60, K60, K61",52.0,14.0,21:39,0.0,5.0,6,46.3,57.3,,,,,,,,,,57.3,TER,8.5,22.6,81.0,False,41.0,,,60.0,6.0,54.8,460.0,560.0,,,False,41.0,,,,,0.96,0,41.0,
59113,Bruille-lez-Marchiennes,59,1350,False,3.6,4.8,Somain,87345314,Somain,False,9.0,False,11.0,4.0,3.0,2.0,37.0,36.0,06:01,20:59,15.0,Flandres,K40,11.0,3.0,20:23,0.0,12.0,6,46.0,64.0,,,,,,,,,,64.0,TER ~ velo+TER,10.8,29.1,105.0,False,52.0,,68.0,61.0,16.0,42.5,357.0,457.0,,,False,52.0,68.0,velo+TER,52.0,4.0,1.05,1,52.0,1.11
59117,Bugnicourt,59,1074,False,2.4,4.2,Montigny-en-Ostrevent,87345306,Montigny-en-Ostrevent,False,15.6,False,11.0,4.0,3.0,2.0,31.0,29.0,06:08,21:05,15.0,Flandres,K40,11.0,3.0,20:23,0.0,12.0,6,46.6,64.6,,,,,,,,,,64.6,TER,9.7,26.1,94.0,False,47.0,,,66.0,22.0,51.2,430.0,530.0,,,False,47.0,,,,,0.98,0,47.0,
59122,Cambrai,59,31425,False,1.0,3.9,Cambrai,87345520,Cambrai,True,1.0,False,11.0,3.0,3.0,3.0,60.0,59.0,05:38,20:38,15.0,Flandres,K40,11.0,3.0,20:23,0.0,12.0,6,61.0,79.0,,,,,,,,,,79.0,TER ~ velo+TER,13.4,36.0,130.0,False,65.0,,82.0,78.0,20.0,80.3,675.0,775.0,,,True,65.0,79.0,TER ~ velo+TER,65.0,0.0,1.01,1,65.0,1.01
59123,Camphin-en-Carembault,59,1714,False,3.7,6.1,Phalempin,87286500,Phalempin,False,6.9,False,21.0,7.0,6.0,6.0,19.0,18.0,06:14,21:14,15.0,Flandres,C40,22.0,6.0,22:27,0.0,10.7,6,25.9,42.6,,,,,,,,,,42.6,TER ~ velo+TER,4.4,12.7,46.0,False,23.0,,47.0,48.0,17.0,21.0,176.0,276.0,,,False,23.0,47.0,velo+TER,23.0,4.0,0.89,1,23.0,0.98
59124,Camphin-en-Pévèle,59,2501,False,5.3,8.5,Baisieux,87286872,Baisieux,False,9.9,False,18.0,5.0,5.0,5.0,15.0,13.0,06:35,21:37,15.0,Flandres,P81,16.0,4.0,22:08,0.0,12.0,6,24.9,42.9,,,,,,,,,,42.9,TER,3.5,10.1,36.0,False,18.0,,50.0,30.0,5.0,17.9,150.0,250.0,,,False,18.0,50.0,velo+TER,18.0,7.0,1.43,1,18.0,1.67
59126,Cantin,59,1770,False,1.0,1.7,Douai,87345009,Douai,False,16.9,False,46.0,14.0,12.0,12.0,23.0,19.0,05:51,21:57,16.1,Flandres,"C40, K40, K44, K45",48.0,13.0,22:27,0.0,5.4,6,39.9,51.3,,,,,,,,,,51.3,TER,8.3,22.1,79.0,False,40.0,,,64.0,21.0,47.6,400.0,500.0,,,True,40.0,51.3,TER,40.0,0.0,0.8,1,40.0,0.8
59128,Capinghem,59,2474,True,5.8,7.2,Pérenchies,87286278,Pérenchies,False,8.8,False,20.0,7.0,6.0,6.0,15.0,14.0,06:22,20:22,14.0,Flandres,C70,19.0,7.0,20:23,0.0,10.7,6,23.8,40.5,421.0,77.0,27.5,23.7,40.5,06:20,22:16,0.0,False,39.0,velo ~ TER,3.7,10.7,38.0,False,19.0,39.0,44.0,39.0,14.0,15.7,132.0,232.0,56.5,28.25,False,0.0,39.0,velo ~ TC urbain,0.0,0.0,1.0,1,19.0,1.0
59129,Cappelle-en-Pévèle,59,2262,False,1.0,4.9,Templeuve,87286625,Templeuve-en-Pévèle,False,7.3,False,29.0,9.0,9.0,7.0,16.0,11.0,06:04,22:05,16.0,Flandres,"C60, K61",27.0,8.0,21:39,0.0,8.3,6,23.3,37.6,,,,,,,,,,37.6,TER,4.1,11.9,43.0,False,21.0,,44.0,45.0,12.0,23.4,197.0,297.0,,,False,21.0,44.0,velo+TER,21.0,6.0,0.84,1,21.0,0.98
59133,Carnin,59,1076,True,5.6,7.1,Bauvin - Provin,87345280,Bauvin,False,10.1,False,21.0,7.0,6.0,6.0,27.0,27.0,06:07,20:35,14.5,Flandres,"C51, K51",24.0,7.0,20:47,0.0,10.7,6,37.1,53.8,,,,,,,,,,53.8,TER,6.0,17.1,61.0,False,31.0,,64.0,49.0,18.0,22.2,186.0,286.0,56.5,28.25,False,31.0,64.0,velo+TER,31.0,10.0,1.1,1,28.25,1.31
59135,Cassel,59,2227,False,1.4,4.2,Cassel,87281139,Bavinchove,False,5.0,False,11.0,3.0,4.0,3.0,43.0,42.0,05:37,20:37,15.0,Flandres,K70,12.0,4.0,20:40,0.0,12.0,6,48.0,66.0,,,,,,,,,,66.0,TER,12.2,32.8,118.0,False,59.0,,74.0,66.0,18.0,51.4,432.0,532.0,,,False,59.0,74.0,velo+TER,59.0,8.0,1.0,1,59.0,1.12
59120,Caëstre,59,2006,False,3.7,6.2,Strazeele,87286203,Strazeele,False,6.2,False,20.0,7.0,6.0,7.0,40.0,39.0,05:57,19:57,14.0,Flandres,C70,19.0,7.0,20:23,0.0,10.7,6,46.2,62.9,,,,,,,,,,62.9,TER,9.4,,90.0,False,45.0,,,59.0,20.0,42.7,359.0,459.0,,,False,45.0,,,,,1.07,0,45.0,
59146,Chéreng,59,3001,True,3.0,5.8,Baisieux,87286872,Baisieux,False,7.7,False,18.0,5.0,5.0,5.0,15.0,13.0,06:35,21:37,15.0,Flandres,P81,16.0,4.0,22:08,0.0,12.0,6,22.7,40.7,15.0,9.0,65.4,59.0,78.4,07:13,17:05,0.0,False,40.7,TER ~ velo+TER,3.5,10.1,36.0,False,18.0,52.0,44.0,35.0,8.0,14.1,118.0,218.0,56.5,28.25,False,18.0,44.0,velo+TER,18.0,3.0,1.16,1,18.0,1.26
59152,Comines,59,12671,True,14.7,19.5,Pérenchies,87286278,Pérenchies,False,18.2,False,20.0,7.0,6.0,6.0,15.0,14.0,06:22,20:22,14.0,Flandres,C70,19.0,7.0,20:23,0.0,10.7,6,33.2,49.9,463.0,100.0,53.0,35.0,66.0,05:48,22:47,0.92,False,49.9,TER,3.7,10.7,38.0,False,19.0,,,44.0,12.0,21.8,183.0,283.0,56.5,28.25,False,19.0,66.0,TC urbain,28.25,16.0,1.13,1,19.0,1.5
59153,Condé-sur-l'Escaut,59,9396,False,14.3,19.1,Valenciennes,87343004,Valenciennes,False,22.5,False,53.0,14.0,14.0,13.0,44.0,34.0,05:35,21:49,16.2,Flandres,"C60, K60, K61",52.0,14.0,21:39,0.0,5.4,6,66.5,77.9,,,,,,,,,,77.9,TER,10.8,29.1,105.0,False,52.0,,,58.0,7.0,56.9,478.0,578.0,,,False,52.0,,,,,1.34,0,52.0,
59155,Coudekerque-Branche,59,20765,False,1.0,2.7,Dunkerque,87281006,Dunkerque,False,8.0,False,19.0,6.0,5.0,5.0,68.0,31.0,05:12,20:12,15.0,Europe+Flandres,"K70, K90+",20.0,7.0,20:40,0.0,12.0,6,76.0,94.0,,,,,,,,,,94.0,TER ~ velo+TER,17.4,46.7,168.0,False,84.0,,98.0,73.0,16.0,82.3,691.0,791.0,,,True,84.0,94.0,TER ~ velo+TER,84.0,0.0,1.29,1,84.0,1.29
59156,Courchelettes,59,2881,False,2.3,5.1,Douai,87345009,Douai,False,13.0,False,46.0,14.0,12.0,12.0,23.0,19.0,05:51,21:57,16.1,Flandres,"C40, K40, K44, K45",48.0,13.0,22:27,0.0,5.4,6,36.0,47.4,,,,,,,,,,47.4,TER,8.3,22.1,79.0,False,40.0,,54.0,63.0,22.0,43.0,361.0,461.0,,,False,40.0,54.0,velo+TER,40.0,7.0,0.75,1,40.0,0.86
59158,Coutiches,59,3246,False,5.4,9.3,Orchies,87286583,Orchies,False,12.2,False,53.0,14.0,14.0,13.0,21.0,15.0,05:58,22:09,16.2,Flandres,"C60, K60, K61",52.0,14.0,21:39,0.0,5.4,6,33.2,44.6,,,,,,,,,,44.6,TER,5.8,16.6,60.0,False,30.0,,57.0,48.0,17.0,28.4,239.0,339.0,,,False,30.0,57.0,velo+TER,30.0,12.0,0.93,1,30.0,1.19
59163,Croix,59,20778,True,1.0,2.9,Croix - Wasquehal,87286716,Wasquehal,False,5.9,False,5.0,2.0,2.0,2.0,8.0,8.0,07:43,18:43,11.0,Flandres,K80,4.0,2.0,18:09,0.0,12.0,6,13.9,31.9,2535.0,505.0,18.2,13.0,31.2,05:33,24:16,0.37,True,31.2,TC urbain ~ TER,2.4,,25.0,False,13.0,37.0,33.0,27.0,4.0,9.0,76.0,176.0,56.5,28.25,True,28.25,31.2,TC urbain ~ TER,28.25,0.0,1.16,1,13.0,1.16
59165,Cuincy,59,6472,False,4.5,6.9,Douai,87345009,Douai,False,15.5,False,46.0,14.0,12.0,12.0,23.0,19.0,05:51,21:57,16.1,Flandres,"C40, K40, K44, K45",48.0,13.0,22:27,0.0,5.4,6,38.5,49.9,,,,,,,,,,49.9,TER,8.3,22.1,79.0,False,40.0,,55.0,56.0,22.0,37.6,316.0,416.0,,,False,40.0,55.0,velo+TER,40.0,5.0,0.89,1,40.0,0.98
59166,Curgies,59,1347,False,8.2,10.1,Le Poirier Université,87343210,Trith-Saint-Léger,False,13.1,False,11.0,3.0,2.0,2.0,42.0,41.0,06:13,21:14,15.0,Flandres,K61,11.0,3.0,20:05,0.0,12.0,6,55.1,73.1,,,,,,,,,,73.1,TER,,,,False,,,,63.0,16.0,60.5,508.0,608.0,,,False,,,,,,1.16,0,,
59168,Cysoing,59,4722,False,6.2,9.5,Fretin,87286641,Fretin,False,15.5,False,27.0,7.0,7.0,7.0,12.0,11.0,06:09,22:09,16.0,Flandres,C60,26.0,7.0,21:39,0.0,10.7,6,27.5,44.2,,,,,,,,,,44.2,TER,3.3,9.5,34.0,False,17.0,,52.0,41.0,9.0,24.1,202.0,302.0,,,False,17.0,52.0,velo+TER,17.0,8.0,1.08,1,17.0,1.27
59170,Dechy,59,5351,False,2.1,3.8,Douai,87345009,Douai,False,12.0,False,46.0,14.0,12.0,12.0,23.0,19.0,05:51,21:57,16.1,Flandres,"C40, K40, K44, K45",48.0,13.0,22:27,0.0,5.4,6,35.0,46.4,,,,,,,,,,46.4,TER,8.3,22.1,79.0,False,40.0,,54.0,63.0,22.0,45.8,385.0,485.0,,,False,40.0,54.0,velo+TER,40.0,8.0,0.74,1,40.0,0.86
59172,Denain,59,20640,False,1.0,2.9,Le Poirier Université,87343210,Trith-Saint-Léger,False,17.7,False,11.0,3.0,2.0,2.0,42.0,41.0,06:13,21:14,15.0,Flandres,K61,11.0,3.0,20:05,0.0,12.0,6,59.7,77.7,,,,,,,,,,77.7,TER,,,,False,,,,64.0,16.0,50.1,421.0,521.0,,,True,,77.7,TER,,0.0,1.21,1,,1.21
59173,Deûlémont,59,1819,True,11.4,13.4,Pérenchies,87286278,Pérenchies,False,14.6,False,20.0,7.0,6.0,6.0,15.0,14.0,06:22,20:22,14.0,Flandres,C70,19.0,7.0,20:23,0.0,10.7,6,29.6,46.3,30.0,9.0,51.4,37.0,64.4,07:22,16:53,0.0,False,46.3,TER,3.7,10.7,38.0,False,19.0,,,44.0,10.0,15.7,132.0,232.0,56.5,28.25,False,19.0,64.4,TC urbain,28.25,18.0,1.05,1,19.0,1.46
59670,Don,59,1412,True,1.0,1.9,Don - Sainghin,87286435,Sainghin-en-Weppes,False,6.2,False,32.0,11.0,9.0,9.0,28.0,21.0,06:13,20:42,14.5,Flandres,"C50, C51, K51",37.0,10.0,21:06,0.0,6.8,6,34.2,47.0,,,,,,,,,,46.0,velo+TER ~ TER,4.9,14.4,52.0,False,26.0,,46.0,55.0,21.0,24.7,207.0,307.0,56.5,28.25,False,26.0,46.0,velo+TER,26.0,0.0,0.84,1,26.0,0.84
59178,Douai,59,39648,False,1.0,5.2,Douai,87345009,Douai,True,1.0,False,46.0,14.0,12.0,12.0,23.0,19.0,05:51,21:57,16.1,Flandres,"C40, K40, K44, K45",48.0,13.0,22:27,0.0,5.4,6,24.0,35.4,,,,,,,,,,35.4,TER,8.3,22.1,79.0,False,40.0,,41.0,62.0,22.0,42.2,354.0,454.0,,,True,40.0,35.4,TER,40.0,0.0,0.57,1,40.0,0.57
59179,Douchy-les-Mines,59,10207,False,4.2,6.8,Le Poirier Université,87343210,Trith-Saint-Léger,False,16.5,False,11.0,3.0,2.0,2.0,42.0,41.0,06:13,21:14,15.0,Flandres,K61,11.0,3.0,20:05,0.0,12.0,6,58.5,76.5,,,,,,,,,,76.5,TER,,,,False,,,,65.0,17.0,60.0,504.0,604.0,,,False,,,,,,1.18,0,,
59183,Dunkerque,59,86788,False,1.0,5.4,Dunkerque,87281006,Dunkerque,True,1.0,False,19.0,6.0,5.0,5.0,68.0,31.0,05:12,20:12,15.0,Europe+Flandres,"K70, K90+",20.0,7.0,20:40,0.0,12.0,6,69.0,87.0,,,,,,,,,,87.0,TER,17.4,46.7,168.0,False,84.0,,98.0,75.0,16.0,80.4,675.0,775.0,,,True,84.0,87.0,TER,84.0,0.0,1.16,1,84.0,1.16
59189,Eecke,59,1221,False,6.6,9.2,Hazebrouck,87286302,Hazebrouck,False,14.2,False,45.0,16.0,15.0,13.0,35.0,32.0,04:51,21:14,16.4,Flandres,"C70, K70, K71",47.0,16.0,22:13,0.0,4.7,6,49.2,59.9,,,,,,,,,,59.9,TER,10.4,28.1,101.0,False,50.0,,,62.0,19.0,50.3,423.0,523.0,,,False,50.0,,,,,0.97,0,50.0,
59193,Emmerin,59,3053,True,2.3,4.5,Haubourdin,87286096,Haubourdin,False,8.8,False,21.0,7.0,6.0,6.0,16.0,16.0,06:28,20:55,14.4,Flandres,"C50, C51",25.0,7.0,20:47,0.0,10.7,6,24.8,41.5,72.0,12.0,27.8,22.6,40.8,06:14,21:20,0.0,False,35.0,velo,3.0,8.9,32.0,False,16.0,35.0,44.0,37.0,9.0,13.1,110.0,210.0,56.5,28.25,False,0.0,35.0,velo,0.0,0.0,0.95,1,16.0,0.95
59196,Ennetières-en-Weppes,59,1293,True,6.4,9.0,Pérenchies,87286278,Pérenchies,False,9.4,False,20.0,7.0,6.0,6.0,15.0,14.0,06:22,20:22,14.0,Flandres,C70,19.0,7.0,20:23,0.0,10.7,6,24.4,41.1,422.0,74.0,32.2,24.2,45.2,06:20,22:14,0.0,False,41.1,TER ~ TC urbain,3.7,10.7,38.0,False,19.0,50.0,54.0,42.0,14.0,16.7,140.0,240.0,56.5,28.25,False,19.0,45.2,TC urbain ~ velo,28.25,4.0,0.98,1,19.0,1.08
59197,Ennevelin,59,2356,False,1.5,6.1,Fretin,87286641,Fretin,False,8.7,False,27.0,7.0,7.0,7.0,12.0,11.0,06:09,22:09,16.0,Flandres,C60,26.0,7.0,21:39,0.0,10.7,6,20.7,37.4,,,,,,,,,,37.4,TER,3.3,9.5,34.0,False,17.0,58.0,43.0,40.0,9.0,16.8,141.0,241.0,,,False,17.0,43.0,velo+TER,17.0,6.0,0.94,1,17.0,1.08
59202,Erquinghem-Lys,59,5356,True,2.1,4.0,Armentières,87286146,Armentières,False,11.2,False,45.0,16.0,15.0,11.0,15.0,14.0,05:13,21:33,16.3,Flandres,"C70, K70, K71",47.0,16.0,22:13,0.0,4.7,6,26.2,36.9,75.0,15.0,72.7,61.4,85.7,06:31,19:40,0.0,False,36.9,TER ~ velo+TER,5.3,15.5,56.0,False,28.0,,41.0,51.0,21.0,25.2,212.0,312.0,56.5,28.25,False,28.0,41.0,velo+TER,28.0,4.0,0.72,1,28.0,0.8
59203,Erre,59,1574,False,4.7,5.9,Somain,87345314,Somain,False,15.2,False,11.0,4.0,3.0,2.0,37.0,36.0,06:01,20:59,15.0,Flandres,K40,11.0,3.0,20:23,0.0,12.0,6,52.2,70.2,,,,,,,,,,70.2,TER ~ velo+TER,10.8,29.1,105.0,False,52.0,,71.0,62.0,17.0,40.6,341.0,441.0,,,False,52.0,71.0,velo+TER,52.0,1.0,1.13,1,52.0,1.15
59205,Escaudain,59,9253,False,1.4,5.1,Somain,87345314,Somain,False,14.8,False,11.0,4.0,3.0,2.0,37.0,36.0,06:01,20:59,15.0,Flandres,K40,11.0,3.0,20:23,0.0,12.0,6,51.8,69.8,,,,,,,,,,69.8,TER,10.8,29.1,105.0,False,52.0,,,64.0,15.0,51.2,430.0,530.0,,,False,52.0,,,,,1.09,0,52.0,
59207,Escautpont,59,4152,False,8.5,11.2,Valenciennes,87343004,Valenciennes,False,18.5,False,53.0,14.0,14.0,13.0,44.0,34.0,05:35,21:49,16.2,Flandres,"C60, K60, K61",52.0,14.0,21:39,0.0,5.4,6,62.5,73.9,,,,,,,,,,73.9,TER,10.8,29.1,105.0,False,52.0,,,66.0,6.0,59.0,496.0,596.0,,,False,52.0,,,,,1.12,0,52.0,
59210,Esquelbecq,59,2134,False,1.0,2.5,Esquelbecq,87281113,Esquelbecq,True,1.0,False,11.0,4.0,4.0,3.0,55.0,54.0,05:25,20:25,15.0,Flandres,K70,12.0,4.0,20:40,0.0,12.0,6,56.0,74.0,,,,,,,,,,74.0,TER,14.6,38.8,140.0,False,70.0,,80.0,70.0,18.0,63.5,533.0,633.0,,,True,70.0,74.0,TER,70.0,0.0,1.06,1,70.0,1.06
59212,Estaires,59,6496,False,7.8,10.8,Steenwerck,87286161,Bailleul,False,14.2,False,21.0,7.0,6.0,6.0,29.0,22.0,05:05,20:08,15.0,Flandres,C70,19.0,7.0,20:23,0.0,10.7,6,43.2,59.9,,,,,,,,,,59.9,TER,7.0,19.1,69.0,False,34.0,,,60.0,20.0,35.3,297.0,397.0,,,False,34.0,,,,,1.0,0,34.0,
59214,Estrées,59,1116,False,6.5,7.5,Douai,87345009,Douai,False,20.8,False,46.0,14.0,12.0,12.0,23.0,19.0,05:51,21:57,16.1,Flandres,"C40, K40, K44, K45",48.0,13.0,22:27,0.0,5.4,6,43.8,55.2,,,,,,,,,,55.2,TER,8.3,22.1,79.0,False,40.0,,,68.0,21.0,49.9,419.0,519.0,,,False,40.0,,,,,0.81,0,40.0,
59220,Faches-Thumesnil,59,18110,True,1.2,3.6,Ronchin,87286534,Ronchin,False,6.3,False,21.0,7.0,6.0,6.0,7.0,6.0,06:26,21:26,15.0,Flandres,C40,22.0,6.0,22:27,0.0,10.7,6,13.3,30.0,1004.0,154.0,23.0,13.3,36.0,05:25,24:13,0.05,False,25.0,velo ~ TER,2.0,6.7,24.0,False,12.0,25.0,31.0,28.0,5.0,10.8,91.0,191.0,56.5,28.25,False,0.0,25.0,velo,0.0,0.0,0.89,1,12.0,0.89
59221,Famars,59,2475,False,2.3,4.6,Le Poirier Université,87343210,Trith-Saint-Léger,False,7.7,False,11.0,3.0,2.0,2.0,42.0,41.0,06:13,21:14,15.0,Flandres,K61,11.0,3.0,20:05,0.0,12.0,6,49.7,67.7,,,,,,,,,,67.7,TER,,,,False,,,73.0,62.0,16.0,56.1,471.0,571.0,,,False,,73.0,velo+TER,,5.0,1.09,1,,1.18
59222,Faumont,59,2251,False,10.0,12.6,Leforest,87345223,Leforest,False,16.1,False,21.0,7.0,6.0,7.0,33.0,31.0,06:00,21:00,15.0,Flandres,C40,22.0,6.0,22:27,0.0,10.7,6,49.1,65.8,,,,,,,,,,65.8,TER,6.8,18.6,67.0,False,33.0,,,51.0,14.0,26.7,224.0,324.0,,,False,33.0,,,,,1.29,0,33.0,
59227,Fenain,59,5529,False,2.6,4.9,Somain,87345314,Somain,False,11.4,False,11.0,4.0,3.0,2.0,37.0,36.0,06:01,20:59,15.0,Flandres,K40,11.0,3.0,20:23,0.0,12.0,6,48.4,66.4,,,,,,,,,,66.0,velo+TER ~ TER,10.8,29.1,105.0,False,52.0,,66.0,60.0,17.0,39.5,332.0,432.0,,,False,52.0,66.0,velo+TER,52.0,0.0,1.1,1,52.0,1.1
59234,Flers-en-Escrebieux,59,5642,False,1.0,4.7,Pont de la Deûle,87345207,Flers-en-Escrebieux,True,1.0,False,21.0,7.0,6.0,6.0,37.0,35.0,05:56,20:56,15.0,Flandres,C40,22.0,6.0,22:27,0.0,10.7,6,38.0,54.7,,,,,,,,,,54.7,TER,7.7,20.6,74.0,False,37.0,,67.0,57.0,22.0,36.1,303.0,403.0,,,True,37.0,54.7,TER,37.0,0.0,0.96,1,37.0,0.96
59239,Flines-lez-Raches,59,5610,False,9.2,12.7,Montigny-en-Ostrevent,87345306,Montigny-en-Ostrevent,False,15.2,False,11.0,4.0,3.0,2.0,31.0,29.0,06:08,21:05,15.0,Flandres,K40,11.0,3.0,20:23,0.0,12.0,6,46.2,64.2,,,,,,,,,,64.2,TER,9.7,26.1,94.0,False,47.0,,,54.0,18.0,32.4,272.0,372.0,,,False,47.0,,,,,1.19,0,47.0,
59238,Flines-lès-Mortagne,59,1649,False,14.5,18.2,Saint-Amand-les-Eaux,87343103,Saint-Amand-les-Eaux,False,22.0,False,53.0,15.0,14.0,14.0,34.0,24.0,05:45,22:00,16.2,Flandres,"C60, K60, K61",52.0,14.0,21:39,0.0,5.0,6,56.0,67.0,,,,,,,,,,67.0,TER,8.5,22.6,81.0,False,41.0,,,54.0,5.0,49.9,419.0,519.0,,,False,41.0,,,,,1.24,0,41.0,
59244,Fontaine-Notre-Dame,59,1763,False,6.7,10.5,Cambrai,87345520,Cambrai,False,12.0,False,11.0,3.0,3.0,3.0,60.0,59.0,05:38,20:38,15.0,Flandres,K40,11.0,3.0,20:23,0.0,12.0,6,72.0,90.0,,,,,,,,,,90.0,TER,13.4,36.0,130.0,False,65.0,,,73.0,18.0,72.1,606.0,706.0,,,False,65.0,,,,,1.23,0,65.0,
59247,Forest-sur-Marque,59,1659,True,5.2,6.6,Ascq,87286864,Villeneuve-d'Ascq,False,8.1,False,17.0,5.0,5.0,5.0,10.0,8.0,06:40,21:42,15.0,Flandres,P81,16.0,4.0,22:08,0.0,12.0,6,18.1,36.1,54.0,15.0,45.0,38.0,58.0,07:13,21:31,0.0,False,36.1,TER ~ velo+TER,2.4,,25.0,False,13.0,42.0,40.0,28.0,5.0,12.7,107.0,207.0,56.5,28.25,False,13.0,40.0,velo+TER ~ velo,13.0,4.0,1.29,1,13.0,1.43
59250,Fournes-en-Weppes,59,2190,True,5.4,7.4,Wavrin,87286419,Wavrin,False,9.9,False,21.0,7.0,6.0,6.0,24.0,23.0,06:21,20:48,14.4,Flandres,"C50, C51",25.0,7.0,20:47,0.0,10.7,6,33.9,50.6,110.0,18.0,52.4,37.2,65.4,07:30,20:01,0.0,False,50.6,TER,4.4,12.7,46.0,False,23.0,,59.0,47.0,19.0,19.6,165.0,265.0,56.5,28.25,False,23.0,59.0,velo+TER,23.0,8.0,1.08,1,23.0,1.26
59252,Frelinghien,59,2581,True,5.5,8.9,Pérenchies,87286278,Pérenchies,False,9.7,False,20.0,7.0,6.0,6.0,15.0,14.0,06:22,20:22,14.0,Flandres,C70,19.0,7.0,20:23,0.0,10.7,6,24.7,41.4,155.0,36.0,42.4,28.0,55.4,06:14,20:02,0.0,False,41.4,TER,3.7,10.7,38.0,False,19.0,57.0,54.0,42.0,11.0,13.8,116.0,216.0,56.5,28.25,False,19.0,54.0,velo+TER ~ TC urbain,19.0,13.0,0.99,1,19.0,1.29
59253,Fresnes-sur-Escaut,59,7486,False,10.7,14.6,Valenciennes,87343004,Valenciennes,False,15.9,False,53.0,14.0,14.0,13.0,44.0,34.0,05:35,21:49,16.2,Flandres,"C60, K60, K61",52.0,14.0,21:39,0.0,5.4,6,59.9,71.3,,,,,,,,,,71.3,TER,10.8,29.1,105.0,False,52.0,,,65.0,7.0,57.9,486.0,586.0,,,False,52.0,,,,,1.1,0,52.0,
59256,Fretin,59,3227,True,1.0,3.5,Fretin,87286641,Fretin,True,1.0,False,27.0,7.0,7.0,7.0,12.0,11.0,06:09,22:09,16.0,Flandres,C60,26.0,7.0,21:39,0.0,10.7,6,13.0,29.7,123.0,36.0,46.0,37.0,59.0,06:14,19:03,0.0,False,29.7,TER,3.3,9.5,34.0,False,17.0,46.0,36.0,31.0,5.0,13.3,112.0,212.0,56.5,28.25,True,17.0,29.7,TER,17.0,0.0,0.96,1,17.0,0.96
59257,Fromelles,59,1076,True,9.4,12.2,Marquillies,87342469,Marquillies,False,14.2,False,11.0,4.0,3.0,3.0,33.0,33.0,06:11,20:11,14.0,Flandres,C50,12.0,3.0,20:16,0.0,12.0,6,47.2,65.2,43.0,11.0,57.7,38.7,70.7,07:43,18:50,0.0,False,65.2,TER,5.8,16.6,60.0,False,30.0,,,50.0,19.0,22.1,186.0,286.0,56.5,28.25,False,30.0,70.7,TC urbain,28.25,6.0,1.3,1,28.25,1.41
59224,Féchain,59,1658,False,4.1,6.8,Cambrai,87345520,Cambrai,False,19.5,False,11.0,3.0,3.0,3.0,60.0,59.0,05:38,20:38,15.0,Flandres,K40,11.0,3.0,20:23,0.0,12.0,6,79.5,97.5,,,,,,,,,,97.5,TER,13.4,36.0,130.0,False,65.0,,,73.0,20.0,58.3,490.0,590.0,,,False,65.0,,,,,1.34,0,65.0,
59228,Férin,59,1447,False,4.4,7.4,Douai,87345009,Douai,False,12.7,False,46.0,14.0,12.0,12.0,23.0,19.0,05:51,21:57,16.1,Flandres,"C40, K40, K44, K45",48.0,13.0,22:27,0.0,5.4,6,35.7,47.1,,,,,,,,,,47.1,TER,8.3,22.1,79.0,False,40.0,,58.0,61.0,22.0,44.5,374.0,474.0,,,False,40.0,58.0,velo+TER,40.0,11.0,0.77,1,40.0,0.95
59258,Genech,59,2825,False,4.8,6.9,Templeuve,87286625,Templeuve-en-Pévèle,False,8.8,False,29.0,9.0,9.0,7.0,16.0,11.0,06:04,22:05,16.0,Flandres,"C60, K61",27.0,8.0,21:39,0.0,8.3,6,24.8,39.1,,,,,,,,,,39.1,TER,4.1,11.9,43.0,False,21.0,,47.0,46.0,9.0,23.4,197.0,297.0,,,False,21.0,47.0,velo+TER,21.0,8.0,0.85,1,21.0,1.02
59260,Ghyvelde,59,4119,False,7.2,11.5,Bergues,87281105,Bergues,False,19.0,False,11.0,4.0,4.0,3.0,61.0,61.0,05:19,20:19,15.0,Flandres,K70,12.0,4.0,20:40,0.0,12.0,6,80.0,98.0,,,,,,,,,,98.0,TER,16.0,42.9,154.0,False,77.0,,,78.0,15.0,74.6,627.0,727.0,,,False,77.0,,,,,1.26,0,77.0,
59262,Godewaersvelde,59,2053,False,9.3,12.8,Strazeele,87286203,Strazeele,False,12.9,False,20.0,7.0,6.0,7.0,40.0,39.0,05:57,19:57,14.0,Flandres,C70,19.0,7.0,20:23,0.0,10.7,6,52.9,69.6,,,,,,,,,,69.6,TER,9.4,,90.0,False,45.0,,,61.0,20.0,44.2,371.0,471.0,,,False,45.0,,,,,1.14,0,45.0,
59265,Gommegnies,59,2300,False,3.6,10.5,Le Quesnoy,87295857,Quesnoy,False,9.6,False,24.0,6.0,6.0,6.0,49.0,47.0,05:36,21:37,16.0,Flandres,"K60, K61",22.0,6.0,20:35,0.0,12.0,6,58.6,76.6,,,,,,,,,,76.6,TER,14.1,37.4,134.0,False,67.0,,91.0,70.0,14.0,70.8,595.0,695.0,,,False,67.0,91.0,velo+TER,67.0,14.0,1.09,1,67.0,1.3
59266,Gondecourt,59,4050,False,4.7,8.4,Seclin,87286518,Seclin,False,11.3,False,44.0,13.0,13.0,13.0,11.0,10.0,05:27,21:18,15.8,Flandres,"C40, C41",42.0,13.0,22:27,0.0,5.8,6,22.3,34.1,,,,,,,,,,34.1,TER,3.5,10.1,36.0,False,18.0,59.0,43.0,48.0,15.0,21.8,183.0,283.0,,,False,18.0,43.0,velo+TER,18.0,9.0,0.71,1,18.0,0.9
59271,Grande-Synthe,59,20331,False,1.0,6.6,Dunkerque,87281006,Dunkerque,False,15.0,False,19.0,6.0,5.0,5.0,68.0,31.0,05:12,20:12,15.0,Europe+Flandres,"K70, K90+",20.0,7.0,20:40,0.0,12.0,6,83.0,101.0,,,,,,,,,,101.0,TER,17.4,46.7,168.0,False,84.0,,,76.0,16.0,81.1,681.0,781.0,,,True,84.0,101.0,TER,84.0,0.0,1.33,1,84.0,1.33
59275,Gruson,59,1237,True,4.5,7.9,Baisieux,87286872,Baisieux,False,8.2,False,18.0,5.0,5.0,5.0,15.0,13.0,06:35,21:37,15.0,Flandres,P81,16.0,4.0,22:08,0.0,12.0,6,23.2,41.2,,,,,,,,,,41.2,TER,3.5,10.1,36.0,False,18.0,57.0,50.0,36.0,7.0,21.9,184.0,284.0,56.5,28.25,False,18.0,50.0,velo+TER,18.0,9.0,1.14,1,18.0,1.39
59276,Guesnain,59,4656,False,2.8,4.9,Montigny-en-Ostrevent,87345306,Montigny-en-Ostrevent,False,10.4,False,11.0,4.0,3.0,2.0,31.0,29.0,06:08,21:05,15.0,Flandres,K40,11.0,3.0,20:23,0.0,12.0,6,41.4,59.4,,,,,,,,,,59.4,TER,9.7,26.1,94.0,False,47.0,,66.0,66.0,21.0,48.2,405.0,505.0,,,False,47.0,66.0,velo+TER,47.0,7.0,0.9,1,47.0,1.0
59263,Gœulzin,59,1042,False,2.6,5.2,Douai,87345009,Douai,False,14.6,False,46.0,14.0,12.0,12.0,23.0,19.0,05:51,21:57,16.1,Flandres,"C40, K40, K44, K45",48.0,13.0,22:27,0.0,5.4,6,37.6,49.0,,,,,,,,,,49.0,TER,8.3,22.1,79.0,False,40.0,,,63.0,21.0,47.1,396.0,496.0,,,False,40.0,,,,,0.78,0,40.0,
59278,Hallennes-lez-Haubourdin,59,4718,True,2.3,4.9,Santes,87286401,Santes,False,6.0,False,21.0,7.0,6.0,6.0,20.0,20.0,06:24,20:51,14.4,Flandres,"C50, C51",25.0,7.0,20:47,0.0,10.7,6,26.0,42.7,301.0,56.0,40.5,25.2,53.5,06:14,21:11,0.0,False,42.7,TER ~ velo,3.7,10.7,38.0,False,19.0,44.0,49.0,38.0,14.0,14.0,118.0,218.0,56.5,28.25,False,19.0,44.0,velo ~ velo+TER,0.0,1.0,1.12,1,19.0,1.16
59279,Halluin,59,20829,True,10.5,14.3,Tourcoing,87286542,Tourcoing,False,19.8,False,15.0,5.0,5.0,5.0,14.0,14.0,06:37,21:37,15.0,Flandres,"K80, P80",14.0,4.0,22:09,3.0,12.0,6,33.8,51.8,791.0,107.0,61.0,23.0,74.0,06:22,23:07,0.58,False,51.8,TER,3.7,10.7,38.0,False,19.0,,,37.0,10.0,19.1,160.0,260.0,56.5,28.25,False,19.0,74.0,TC urbain,28.25,22.0,1.4,1,19.0,2.0
59281,Hantay,59,1259,True,1.9,4.0,Marquillies,87342469,Marquillies,False,6.3,False,11.0,4.0,3.0,3.0,33.0,33.0,06:11,20:11,14.0,Flandres,C50,12.0,3.0,20:16,0.0,12.0,6,39.3,57.3,48.0,15.0,87.4,54.7,100.4,07:06,19:42,0.0,False,57.3,TER ~ velo+TER,5.8,16.6,60.0,False,30.0,,58.0,57.0,20.0,26.1,219.0,319.0,56.5,28.25,False,30.0,58.0,velo+TER,30.0,1.0,1.01,1,28.25,1.02
59284,Hasnon,59,3874,False,4.2,7.1,Saint-Amand-les-Eaux,87343103,Saint-Amand-les-Eaux,False,12.6,False,53.0,15.0,14.0,14.0,34.0,24.0,05:45,22:00,16.2,Flandres,"C60, K60, K61",52.0,14.0,21:39,0.0,5.0,6,46.6,57.6,,,,,,,,,,57.6,TER,8.5,22.6,81.0,False,41.0,,66.0,53.0,16.0,41.0,344.0,444.0,,,False,41.0,66.0,velo+TER,41.0,8.0,1.09,1,41.0,1.25
59286,Haubourdin,59,14757,True,1.0,2.8,Haubourdin,87286096,Haubourdin,True,1.0,False,21.0,7.0,6.0,6.0,16.0,16.0,06:28,20:55,14.4,Flandres,"C50, C51",25.0,7.0,20:47,0.0,10.7,6,17.0,33.7,934.0,138.0,26.8,16.2,39.8,05:24,24:07,0.01,False,33.7,TER ~ velo,3.0,8.9,32.0,False,16.0,36.0,36.0,38.0,12.0,11.3,95.0,195.0,56.5,28.25,True,16.0,33.7,TER ~ velo,16.0,0.0,0.89,1,16.0,0.89
59292,Haveluy,59,3250,False,3.5,4.8,Le Poirier Université,87343210,Trith-Saint-Léger,False,18.2,False,11.0,3.0,2.0,2.0,42.0,41.0,06:13,21:14,15.0,Flandres,K61,11.0,3.0,20:05,0.0,12.0,6,60.2,78.2,,,,,,,,,,78.2,TER,,,,False,,,,58.0,16.0,46.7,392.0,492.0,,,False,,,,,,1.35,0,,
59293,Haverskerque,59,1401,False,3.9,7.0,Hazebrouck,87286302,Hazebrouck,False,17.1,False,45.0,16.0,15.0,13.0,35.0,32.0,04:51,21:14,16.4,Flandres,"C70, K70, K71",47.0,16.0,22:13,0.0,4.7,6,52.1,62.8,,,,,,,,,,62.8,TER,10.4,28.1,101.0,False,50.0,,,73.0,17.0,55.6,467.0,567.0,,,False,50.0,,,,,0.86,0,50.0,
59295,Hazebrouck,59,21498,False,1.0,3.2,Hazebrouck,87286302,Hazebrouck,True,1.0,False,45.0,16.0,15.0,13.0,35.0,32.0,04:51,21:14,16.4,Flandres,"C70, K70, K71",47.0,16.0,22:13,0.0,4.7,6,36.0,46.7,,,,,,,,,,46.7,TER ~ velo+TER,10.4,28.1,101.0,False,50.0,,48.0,62.0,19.0,46.8,393.0,493.0,,,True,50.0,46.7,TER ~ velo+TER,50.0,0.0,0.75,1,50.0,0.75
59299,Hem,59,18713,True,6.2,9.3,Ascq,87286864,Villeneuve-d'Ascq,False,13.6,False,17.0,5.0,5.0,5.0,10.0,8.0,06:40,21:42,15.0,Flandres,P81,16.0,4.0,22:08,0.0,12.0,6,23.6,41.6,900.0,128.0,36.6,19.4,49.6,06:15,23:34,0.0,False,41.6,TER ~ velo,2.4,,25.0,False,13.0,45.0,50.0,27.0,4.0,11.4,96.0,196.0,56.5,28.25,False,13.0,45.0,velo ~ TC urbain,0.0,3.0,1.54,1,13.0,1.67
59301,Hergnies,59,4463,False,14.2,17.3,Saint-Amand-les-Eaux,87343103,Saint-Amand-les-Eaux,False,19.6,False,53.0,15.0,14.0,14.0,34.0,24.0,05:45,22:00,16.2,Flandres,"C60, K60, K61",52.0,14.0,21:39,0.0,5.0,6,53.6,64.6,,,,,,,,,,64.6,TER,8.5,22.6,81.0,False,41.0,,,56.0,6.0,52.3,439.0,539.0,,,False,41.0,,,,,1.15,0,41.0,
59303,Herlies,59,2323,True,5.4,7.4,Marquillies,87342469,Marquillies,False,9.4,False,11.0,4.0,3.0,3.0,33.0,33.0,06:11,20:11,14.0,Flandres,C50,12.0,3.0,20:16,0.0,12.0,6,42.4,60.4,90.0,16.0,58.2,40.8,71.2,07:30,19:55,0.0,False,60.4,TER,5.8,16.6,60.0,False,30.0,,71.0,52.0,19.0,24.5,206.0,306.0,56.5,28.25,False,30.0,71.0,velo+TER ~ TC urbain,30.0,11.0,1.16,1,28.25,1.37
59305,Herzeele,59,1634,False,9.2,12.1,Esquelbecq,87281113,Esquelbecq,False,15.0,False,11.0,4.0,4.0,3.0,55.0,54.0,05:25,20:25,15.0,Flandres,K70,12.0,4.0,20:40,0.0,12.0,6,70.0,88.0,,,,,,,,,,88.0,TER,14.6,38.8,140.0,False,70.0,,,64.0,18.0,58.2,489.0,589.0,,,False,70.0,,,,,1.38,0,70.0,
59309,Hondschoote,59,4026,False,12.6,15.5,Bergues,87281105,Bergues,False,15.4,False,11.0,4.0,4.0,3.0,61.0,61.0,05:19,20:19,15.0,Flandres,K70,12.0,4.0,20:40,0.0,12.0,6,76.4,94.4,,,,,,,,,,94.4,TER,16.0,42.9,154.0,False,77.0,,,71.0,16.0,66.1,555.0,655.0,,,False,77.0,,,,,1.33,0,77.0,
59314,Hornaing,59,3535,False,6.0,7.9,Somain,87345314,Somain,False,17.0,False,11.0,4.0,3.0,2.0,37.0,36.0,06:01,20:59,15.0,Flandres,K40,11.0,3.0,20:23,0.0,12.0,6,54.0,72.0,,,,,,,,,,72.0,TER,10.8,29.1,105.0,False,52.0,,78.0,61.0,15.0,48.6,408.0,508.0,,,False,52.0,78.0,velo+TER,52.0,6.0,1.18,1,52.0,1.28
59316,Houplin-Ancoisne,59,3275,True,3.2,6.2,Santes,87286401,Santes,False,8.2,False,21.0,7.0,6.0,6.0,20.0,20.0,06:24,20:51,14.4,Flandres,"C50, C51",25.0,7.0,20:47,0.0,10.7,6,28.2,44.9,,,,,,,,,,44.9,TER ~ velo,3.7,10.7,38.0,False,19.0,47.0,54.0,42.0,12.0,14.8,124.0,224.0,56.5,28.25,False,19.0,47.0,velo,0.0,2.0,1.07,1,19.0,1.12
59317,Houplines,59,7897,True,3.4,5.9,Armentières,87286146,Armentières,False,10.6,False,45.0,16.0,15.0,11.0,15.0,14.0,05:13,21:33,16.3,Flandres,"C70, K70, K71",47.0,16.0,22:13,0.0,4.7,6,25.6,36.3,129.0,18.0,51.7,43.9,64.7,06:31,19:56,0.0,False,36.3,TER,5.3,15.5,56.0,False,28.0,58.0,44.0,46.0,12.0,17.4,146.0,246.0,56.5,28.25,False,28.0,44.0,velo+TER,28.0,8.0,0.79,1,28.0,0.96
59297,Hélesmes,59,1921,False,3.1,6.3,Somain,87345314,Somain,False,20.9,False,11.0,4.0,3.0,2.0,37.0,36.0,06:01,20:59,15.0,Flandres,K40,11.0,3.0,20:23,0.0,12.0,6,57.9,75.9,,,,,,,,,,75.9,TER,10.8,29.1,105.0,False,52.0,,,58.0,15.0,46.9,394.0,494.0,,,False,52.0,,,,,1.31,0,52.0,
59302,Hérin,59,4129,False,6.6,9.0,Valenciennes,87343004,Valenciennes,False,15.1,False,53.0,14.0,14.0,13.0,44.0,34.0,05:35,21:49,16.2,Flandres,"C60, K60, K61",52.0,14.0,21:39,0.0,5.4,6,59.1,70.5,,,,,,,,,,70.5,TER,10.8,29.1,105.0,False,52.0,,80.0,58.0,16.0,49.3,414.0,514.0,,,False,52.0,80.0,velo+TER,52.0,10.0,1.22,1,52.0,1.38
59320,Illies,59,1664,True,2.1,5.6,Salomé,87342451,Salomé,False,9.6,False,11.0,4.0,3.0,3.0,37.0,37.0,06:07,20:07,14.0,Flandres,C50,12.0,3.0,20:16,0.0,12.0,6,46.6,64.6,99.0,25.0,69.2,44.7,82.2,07:43,18:38,0.0,False,64.6,TER ~ velo+TER,6.5,,64.0,True,32.0,,68.0,54.0,22.0,25.4,213.0,313.0,56.5,28.25,False,32.0,68.0,velo+TER,32.0,3.0,1.2,1,28.25,1.26
59051,La Bassée,59,6622,True,1.0,2.2,La Bassée,87342436,Bassée,True,1.0,False,30.0,11.0,9.0,9.0,27.0,25.0,06:04,20:57,14.9,Flandres,"C50, K50",31.0,10.0,21:06,0.0,6.8,6,28.0,40.8,154.0,33.0,75.0,50.2,88.0,07:06,19:43,0.0,False,40.8,TER,7.0,19.1,69.0,False,34.0,,47.0,57.0,23.0,28.1,236.0,336.0,56.5,28.25,True,34.0,40.8,TER,34.0,0.0,0.72,1,28.25,0.72
59143,La Chapelle-d'Armentières,59,8719,True,1.0,4.0,Armentières,87286146,Armentières,False,8.1,False,45.0,16.0,15.0,11.0,15.0,14.0,05:13,21:33,16.3,Flandres,"C70, K70, K71",47.0,16.0,22:13,0.0,4.7,6,23.1,33.8,355.0,80.0,39.7,31.7,52.7,06:20,21:43,0.0,False,33.8,TER ~ velo+TER,5.3,15.5,56.0,False,28.0,,37.0,45.0,18.0,20.0,168.0,268.0,56.5,28.25,False,28.0,37.0,velo+TER,28.0,3.0,0.75,1,28.0,0.82
59268,La Gorgue,59,5599,False,10.4,12.8,Nieppe,87287151,Nieppe,False,14.0,False,21.0,7.0,6.0,6.0,25.0,18.0,05:09,20:12,15.0,Flandres,C70,19.0,7.0,20:23,0.0,10.7,6,39.0,55.7,,,,,,,,,,55.7,TER,6.3,17.6,63.0,False,32.0,,,60.0,21.0,35.1,295.0,395.0,,,False,32.0,,,,,0.93,0,32.0,
59368,La Madeleine,59,22488,True,1.0,2.5,La Madeleine,87286187,Madeleine,True,1.0,False,20.0,7.0,6.0,7.0,7.0,6.0,06:30,20:30,14.0,Flandres,C70,19.0,7.0,20:23,0.0,10.7,6,8.0,24.7,2126.0,341.0,9.0,1.7,22.0,05:12,24:26,0.7,False,12.0,velo,2.2,,24.0,True,12.0,12.0,28.0,20.0,3.0,3.3,28.0,128.0,56.5,28.25,True,0.0,12.0,velo,0.0,0.0,0.6,1,12.0,0.6
59564,La Sentinelle,59,3143,False,3.3,5.4,Le Poirier Université,87343210,Trith-Saint-Léger,False,9.0,False,11.0,3.0,2.0,2.0,42.0,41.0,06:13,21:14,15.0,Flandres,K61,11.0,3.0,20:05,0.0,12.0,6,51.0,69.0,,,,,,,,,,69.0,TER,,,,False,,,75.0,56.0,15.0,49.7,417.0,517.0,,,False,,75.0,velo+TER,,6.0,1.23,1,,1.34
59327,Lallaing,59,6250,False,4.0,9.0,Montigny-en-Ostrevent,87345306,Montigny-en-Ostrevent,False,8.6,False,11.0,4.0,3.0,2.0,31.0,29.0,06:08,21:05,15.0,Flandres,K40,11.0,3.0,20:23,0.0,12.0,6,39.6,57.6,,,,,,,,,,57.6,TER,9.7,26.1,94.0,False,47.0,,65.0,58.0,17.0,36.7,308.0,408.0,,,False,47.0,65.0,velo+TER,47.0,7.0,0.99,1,47.0,1.12
59328,Lambersart,59,27121,True,1.4,5.5,Saint-André,87286195,Saint-André-lez-Lille,False,8.5,False,20.0,7.0,6.0,6.0,10.0,9.0,06:27,20:27,14.0,Flandres,C70,19.0,7.0,20:23,0.0,10.7,6,18.5,35.2,1877.0,305.0,18.7,7.0,31.7,05:20,24:42,0.62,True,20.0,velo,2.6,,26.0,True,13.0,20.0,35.0,29.0,7.0,7.1,60.0,160.0,56.5,28.25,False,0.0,20.0,velo,0.0,0.0,0.69,1,13.0,0.69
59329,Lambres-lez-Douai,59,4926,False,1.1,5.8,Douai,87345009,Douai,False,9.8,False,46.0,14.0,12.0,12.0,23.0,19.0,05:51,21:57,16.1,Flandres,"C40, K40, K44, K45",48.0,13.0,22:27,0.0,5.4,6,32.8,44.2,,,,,,,,,,44.2,TER,8.3,22.1,79.0,False,40.0,,51.0,60.0,22.0,41.1,345.0,445.0,,,False,40.0,51.0,velo+TER,40.0,7.0,0.74,1,40.0,0.85
59330,Landas,59,2447,False,1.0,3.6,Landas,87286575,Landas,True,1.0,False,27.0,7.0,7.0,7.0,27.0,25.0,05:54,21:54,16.0,Flandres,C60,26.0,7.0,21:39,0.0,10.7,6,28.0,44.7,,,,,,,,,,44.7,TER ~ velo+TER,6.5,18.1,65.0,False,32.0,,47.0,50.0,15.0,30.9,260.0,360.0,,,True,32.0,44.7,TER ~ velo+TER,32.0,0.0,0.89,1,32.0,0.89
59332,Lannoy,59,1800,True,9.4,10.0,Roubaix,87286732,Roubaix,False,16.1,False,15.0,5.0,5.0,5.0,10.0,9.0,06:41,21:41,15.0,Flandres,"K80, P80",14.0,4.0,22:09,0.0,12.0,6,26.1,44.1,104.0,21.0,41.7,27.4,54.7,06:15,23:07,0.0,False,44.1,TER,3.0,,32.0,False,16.0,52.0,52.0,32.0,7.0,15.4,129.0,229.0,56.5,28.25,False,16.0,52.0,velo ~ velo+TER,0.0,8.0,1.38,1,16.0,1.62
59334,Lauwin-Planque,59,1582,False,5.9,7.6,Pont de la Deûle,87345207,Flers-en-Escrebieux,False,8.5,False,21.0,7.0,6.0,6.0,37.0,35.0,05:56,20:56,15.0,Flandres,C40,22.0,6.0,22:27,0.0,10.7,6,45.5,62.2,,,,,,,,,,62.2,TER,7.7,20.6,74.0,False,37.0,,74.0,57.0,22.0,36.3,305.0,405.0,,,False,37.0,74.0,velo+TER,37.0,12.0,1.09,1,37.0,1.3
59180,Le Doulieu,59,1454,False,4.6,11.3,Bailleul,87286179,Bailleul,False,12.8,False,45.0,16.0,15.0,12.0,24.0,22.0,05:01,21:25,16.4,Flandres,"C70, K70, K71",47.0,16.0,22:13,0.0,4.7,6,36.8,47.5,,,,,,,,,,47.5,TER,8.0,21.1,76.0,False,38.0,,,60.0,19.0,39.1,328.0,428.0,,,False,38.0,,,,,0.79,0,38.0,
59335,Lecelles,59,3004,False,3.5,6.9,Saint-Amand-les-Eaux,87343103,Saint-Amand-les-Eaux,False,7.8,False,53.0,15.0,14.0,14.0,34.0,24.0,05:45,22:00,16.2,Flandres,"C60, K60, K61",52.0,14.0,21:39,0.0,5.0,6,41.8,52.8,,,,,,,,,,52.8,TER,8.5,22.6,81.0,False,41.0,,64.0,54.0,16.0,40.1,337.0,437.0,,,False,41.0,64.0,velo+TER,41.0,11.0,0.98,1,41.0,1.19
59339,Leers,59,9588,True,7.3,11.0,Roubaix,87286732,Roubaix,False,16.2,False,15.0,5.0,5.0,5.0,10.0,9.0,06:41,21:41,15.0,Flandres,"K80, P80",14.0,4.0,22:09,0.0,12.0,6,26.2,44.2,526.0,78.0,41.7,31.4,54.7,06:15,21:35,0.0,False,44.2,TER,3.0,,32.0,False,16.0,,,34.0,8.0,17.8,150.0,250.0,56.5,28.25,False,16.0,54.7,TC urbain,28.25,10.0,1.3,1,16.0,1.61
59340,Leffrinckoucke,59,4124,False,7.8,10.0,Dunkerque,87281006,Dunkerque,False,14.9,False,19.0,6.0,5.0,5.0,68.0,31.0,05:12,20:12,15.0,Europe+Flandres,"K70, K90+",20.0,7.0,20:40,0.0,12.0,6,82.9,100.9,,,,,,,,,,100.9,TER,17.4,46.7,168.0,False,84.0,,,79.0,15.0,89.1,748.0,848.0,,,False,84.0,,,,,1.28,0,84.0,
59343,Lesquin,59,9241,True,1.0,2.6,Lesquin,87286849,Lesquin,True,1.0,False,27.0,7.0,7.0,7.0,8.0,7.0,06:13,22:13,16.0,Flandres,C60,26.0,7.0,21:39,0.0,10.7,6,9.0,25.7,599.0,98.0,31.8,23.0,44.8,05:25,24:12,0.07,False,25.7,TER ~ velo+TER,2.4,7.1,25.0,False,13.0,31.0,28.0,26.0,4.0,10.3,87.0,187.0,56.5,28.25,True,13.0,25.7,TER ~ velo+TER,13.0,0.0,0.99,1,13.0,0.99
59345,Lewarde,59,2403,False,4.9,6.2,Montigny-en-Ostrevent,87345306,Montigny-en-Ostrevent,False,8.4,False,11.0,4.0,3.0,2.0,31.0,29.0,06:08,21:05,15.0,Flandres,K40,11.0,3.0,20:23,0.0,12.0,6,39.4,57.4,,,,,,,,,,57.4,TER,9.7,26.1,94.0,False,47.0,,65.0,67.0,22.0,48.8,410.0,510.0,,,False,47.0,65.0,velo+TER,47.0,8.0,0.86,1,47.0,0.97
59346,Lezennes,59,3019,True,1.7,3.8,Hellemmes,87286062,Lille,False,8.3,False,5.0,2.0,2.0,2.0,8.0,6.0,07:13,17:14,10.0,Flandres,P81,3.0,1.0,17:32,0.0,12.0,6,16.3,34.3,520.0,76.0,21.6,15.0,34.6,05:59,24:14,0.21,False,23.0,velo,,,,False,,23.0,33.0,22.0,2.0,7.6,64.0,164.0,56.5,28.25,False,0.0,23.0,velo,0.0,0.0,1.05,1,28.25,1.05
59348,Lieu-Saint-Amand,59,1461,False,1.0,2.8,Somain,87345314,Somain,False,24.4,False,11.0,4.0,3.0,2.0,37.0,36.0,06:01,20:59,15.0,Flandres,K40,11.0,3.0,20:23,0.0,12.0,6,61.4,79.4,,,,,,,,,,79.4,TER,10.8,29.1,105.0,False,52.0,,,70.0,17.0,65.3,549.0,649.0,,,False,52.0,,,,,1.13,0,52.0,
59350,Lille,59,236710,True,1.0,4.3,Saint-André,87286195,Saint-André-lez-Lille,False,8.1,False,20.0,7.0,6.0,6.0,10.0,9.0,06:27,20:27,14.0,Flandres,C70,19.0,7.0,20:23,0.0,10.7,6,18.1,34.8,19077.0,3511.0,7.7,1.3,20.7,05:06,24:54,0.6,True,11.0,velo,2.6,,26.0,True,13.0,11.0,40.0,26.0,5.0,5.9,50.0,150.0,56.5,28.25,True,0.0,11.0,velo,0.0,0.0,0.42,1,13.0,0.42
59352,Linselles,59,8192,True,10.0,13.0,Tourcoing,87286542,Tourcoing,False,20.8,False,15.0,5.0,5.0,5.0,14.0,14.0,06:37,21:37,15.0,Flandres,"K80, P80",14.0,4.0,22:09,3.0,12.0,6,34.8,52.8,172.0,42.0,37.0,29.0,50.0,06:54,21:54,1.0,False,50.0,TC urbain ~ TER,3.7,10.7,38.0,False,19.0,56.0,,38.0,10.0,16.4,138.0,238.0,56.5,28.25,False,28.25,50.0,TC urbain,28.25,0.0,1.32,1,19.0,1.32
59356,Lompret,59,2182,True,2.7,5.3,Pérenchies,87286278,Pérenchies,False,6.3,False,20.0,7.0,6.0,6.0,15.0,14.0,06:22,20:22,14.0,Flandres,C70,19.0,7.0,20:23,0.0,10.7,6,21.3,38.0,252.0,44.0,35.2,24.9,48.2,05:50,20:32,0.0,False,32.0,velo,3.7,10.7,38.0,False,19.0,32.0,39.0,38.0,10.0,11.4,96.0,196.0,56.5,28.25,False,0.0,32.0,velo,0.0,0.0,0.84,1,19.0,0.84
59360,Loos,59,23013,True,1.0,2.5,Loos lez Lille,87286112,Loos,True,1.0,False,21.0,6.0,6.0,7.0,13.0,13.0,06:31,20:58,14.4,Flandres,"C50, C51",25.0,7.0,20:47,0.0,12.0,6,14.0,32.0,1055.0,150.0,13.8,10.0,26.8,05:18,24:14,0.0,False,25.0,velo ~ TC urbain,2.6,,28.0,False,14.0,25.0,35.0,30.0,7.0,8.6,72.0,172.0,56.5,28.25,True,0.0,25.0,velo ~ TC urbain,0.0,0.0,0.83,1,14.0,0.83
59361,Lourches,59,3814,False,1.0,2.9,Somain,87345314,Somain,False,17.2,False,11.0,4.0,3.0,2.0,37.0,36.0,06:01,20:59,15.0,Flandres,K40,11.0,3.0,20:23,0.0,12.0,6,54.2,72.2,,,,,,,,,,72.2,TER,10.8,29.1,105.0,False,52.0,,,66.0,16.0,50.8,427.0,527.0,,,False,52.0,,,,,1.09,0,52.0,
59367,Lys-lez-Lannoy,59,13793,True,8.1,9.8,Roubaix,87286732,Roubaix,False,15.2,False,15.0,5.0,5.0,5.0,10.0,9.0,06:41,21:41,15.0,Flandres,"K80, P80",14.0,4.0,22:09,0.0,12.0,6,25.2,43.2,635.0,110.0,39.0,32.0,52.0,06:03,23:40,0.0,False,43.2,TER,3.0,,32.0,False,16.0,56.0,51.0,32.0,7.0,15.2,128.0,228.0,56.5,28.25,False,16.0,51.0,velo+TER ~ TC urbain,16.0,8.0,1.35,1,16.0,1.59
59369,Maing,59,4004,False,1.8,5.5,Le Poirier Université,87343210,Trith-Saint-Léger,False,8.9,False,11.0,3.0,2.0,2.0,42.0,41.0,06:13,21:14,15.0,Flandres,K61,11.0,3.0,20:05,0.0,12.0,6,50.9,68.9,,,,,,,,,,68.9,TER,,,,False,,,76.0,66.0,17.0,57.9,486.0,586.0,,,False,,76.0,velo+TER,,7.0,1.04,1,,1.15
59375,Marchiennes,59,4539,False,6.1,9.3,Landas,87286575,Landas,False,16.8,False,27.0,7.0,7.0,7.0,27.0,25.0,05:54,21:54,16.0,Flandres,C60,26.0,7.0,21:39,0.0,10.7,6,43.8,60.5,,,,,,,,,,60.5,TER,6.5,18.1,65.0,False,32.0,,,54.0,16.0,34.1,286.0,386.0,,,False,32.0,,,,,1.12,0,32.0,
59378,Marcq-en-Barœul,59,39356,True,1.0,4.1,La Madeleine,87286187,Madeleine,False,11.1,False,20.0,7.0,6.0,7.0,7.0,6.0,06:30,20:30,14.0,Flandres,C70,19.0,7.0,20:23,0.0,10.7,6,18.1,34.8,3733.0,611.0,17.0,5.8,30.0,05:12,24:22,0.58,False,26.0,velo ~ TC urbain,2.2,,24.0,True,12.0,26.0,37.0,24.0,3.0,6.5,55.0,155.0,56.5,28.25,False,0.0,26.0,velo ~ TC urbain,0.0,0.0,1.08,1,12.0,1.08
59382,Maretz,59,1417,False,1.0,3.9,Busigny,87296244,Busigny,False,3.6,False,11.0,3.0,3.0,3.0,91.0,90.0,05:07,20:07,15.0,Flandres,K40,11.0,3.0,20:23,0.0,12.0,6,94.6,112.6,,,,,,,,,,112.6,TER,17.8,,176.0,True,88.0,,120.0,92.0,15.0,107.2,900.0,1000.0,,,False,88.0,120.0,velo+TER,88.0,7.0,1.22,1,88.0,1.3
59383,Marly,59,12024,False,2.9,6.4,Valenciennes,87343004,Valenciennes,False,12.3,False,53.0,14.0,14.0,13.0,44.0,34.0,05:35,21:49,16.2,Flandres,"C60, K60, K61",52.0,14.0,21:39,0.0,5.4,6,56.3,67.7,,,,,,,,,,67.7,TER ~ velo+TER,10.8,29.1,105.0,False,52.0,,71.0,61.0,15.0,57.3,481.0,581.0,,,False,52.0,71.0,velo+TER,52.0,3.0,1.11,1,52.0,1.16
59387,Marquette-en-Ostrevant,59,1931,False,6.8,8.8,Somain,87345314,Somain,False,18.6,False,11.0,4.0,3.0,2.0,37.0,36.0,06:01,20:59,15.0,Flandres,K40,11.0,3.0,20:23,0.0,12.0,6,55.6,73.6,,,,,,,,,,73.6,TER,10.8,29.1,105.0,False,52.0,,,69.0,17.0,50.6,425.0,525.0,,,False,52.0,,,,,1.07,0,52.0,
59386,Marquette-lez-Lille,59,11213,True,1.6,3.8,La Madeleine,87286187,Madeleine,False,10.9,False,20.0,7.0,6.0,7.0,7.0,6.0,06:30,20:30,14.0,Flandres,C70,19.0,7.0,20:23,0.0,10.7,6,17.9,34.6,848.0,136.0,20.0,13.0,33.0,05:23,24:19,0.96,False,23.0,velo,2.2,,24.0,True,12.0,23.0,33.0,32.0,7.0,6.8,57.0,157.0,56.5,28.25,False,0.0,23.0,velo,0.0,0.0,0.72,1,12.0,0.72
59388,Marquillies,59,1982,True,1.0,2.1,Marquillies,87342469,Marquillies,True,1.0,False,11.0,4.0,3.0,3.0,33.0,33.0,06:11,20:11,14.0,Flandres,C50,12.0,3.0,20:16,0.0,12.0,6,34.0,52.0,49.0,15.0,81.2,51.7,94.2,07:06,19:48,0.0,False,52.0,TER ~ velo+TER,5.8,16.6,60.0,False,30.0,,53.0,52.0,21.0,23.4,197.0,297.0,56.5,28.25,True,30.0,52.0,TER ~ velo+TER,30.0,0.0,1.0,1,28.25,1.0
59390,Masny,59,4056,False,2.5,6.2,Montigny-en-Ostrevent,87345306,Montigny-en-Ostrevent,False,10.2,False,11.0,4.0,3.0,2.0,31.0,29.0,06:08,21:05,15.0,Flandres,K40,11.0,3.0,20:23,0.0,12.0,6,41.2,59.2,,,,,,,,,,59.2,TER ~ velo+TER,9.7,26.1,94.0,False,47.0,,61.0,68.0,15.0,47.4,398.0,498.0,,,False,47.0,61.0,velo+TER,47.0,2.0,0.87,1,47.0,0.9
59392,Maubeuge,59,29066,False,1.0,3.1,Maubeuge,87295006,Maubeuge,True,1.0,False,13.0,3.0,4.0,3.0,71.0,70.0,05:12,21:14,16.0,Flandres,K60,12.0,4.0,20:35,0.0,12.0,6,72.0,90.0,,,,,,,,,,90.0,TER,18.7,50.5,182.0,False,91.0,,96.0,78.0,14.0,87.2,732.0,832.0,,,True,91.0,90.0,TER,91.0,0.0,1.15,1,91.0,1.15
59399,Merris,59,1049,False,1.0,4.4,Strazeele,87286203,Strazeele,False,5.1,False,20.0,7.0,6.0,7.0,40.0,39.0,05:57,19:57,14.0,Flandres,C70,19.0,7.0,20:23,0.0,10.7,6,45.1,61.8,,,,,,,,,,61.8,TER,9.4,,90.0,False,45.0,,67.0,58.0,20.0,40.0,336.0,436.0,,,False,45.0,67.0,velo+TER,45.0,5.0,1.07,1,45.0,1.16
59400,Merville,59,9652,False,6.9,12.5,Strazeele,87286203,Strazeele,False,12.8,False,20.0,7.0,6.0,7.0,40.0,39.0,05:57,19:57,14.0,Flandres,C70,19.0,7.0,20:23,0.0,10.7,6,52.8,69.5,,,,,,,,,,69.5,TER,9.4,,90.0,False,45.0,,,67.0,18.0,48.9,411.0,511.0,,,False,45.0,,,,,1.04,0,45.0,
59408,Moncheaux,59,1703,False,4.0,6.6,Leforest,87345223,Leforest,False,9.7,False,21.0,7.0,6.0,7.0,33.0,31.0,06:00,21:00,15.0,Flandres,C40,22.0,6.0,22:27,0.0,10.7,6,42.7,59.4,,,,,,,,,,59.4,TER,6.8,18.6,67.0,False,33.0,,69.0,50.0,13.0,26.4,222.0,322.0,,,False,33.0,69.0,velo+TER,33.0,10.0,1.19,1,33.0,1.38
59409,Monchecourt,59,2501,False,8.5,10.7,Montigny-en-Ostrevent,87345306,Montigny-en-Ostrevent,False,13.4,False,11.0,4.0,3.0,2.0,31.0,29.0,06:08,21:05,15.0,Flandres,K40,11.0,3.0,20:23,0.0,12.0,6,44.4,62.4,,,,,,,,,,62.4,TER,9.7,26.1,94.0,False,47.0,,,70.0,14.0,49.8,418.0,518.0,,,False,47.0,,,,,0.89,0,47.0,
59410,Mons-en-Barœul,59,21467,True,1.8,4.2,Hellemmes,87286062,Lille,False,11.2,False,5.0,2.0,2.0,2.0,8.0,6.0,07:13,17:14,10.0,Flandres,P81,3.0,1.0,17:32,0.0,12.0,6,19.2,37.2,3536.0,661.0,8.2,2.8,21.2,05:15,24:26,0.39,True,15.0,velo,,,,False,,15.0,38.0,18.0,2.0,3.3,28.0,128.0,56.5,28.25,False,0.0,15.0,velo,0.0,0.0,0.83,1,28.25,0.83
59411,Mons-en-Pévèle,59,2089,False,8.5,11.4,Ostricourt,87345249,Ostricourt,False,14.5,False,21.0,7.0,6.0,6.0,29.0,27.0,06:04,21:04,15.0,Flandres,C40,22.0,6.0,22:27,0.0,10.7,6,43.5,60.2,,,,,,,,,,60.2,TER,6.0,17.1,61.0,False,31.0,,,45.0,12.0,22.9,192.0,292.0,,,False,31.0,,,,,1.34,0,31.0,
59414,Montigny-en-Ostrevent,59,4681,False,1.0,3.0,Montigny-en-Ostrevent,87345306,Montigny-en-Ostrevent,True,1.0,False,11.0,4.0,3.0,2.0,31.0,29.0,06:08,21:05,15.0,Flandres,K40,11.0,3.0,20:23,0.0,12.0,6,32.0,50.0,,,,,,,,,,50.0,TER ~ velo+TER,9.7,26.1,94.0,False,47.0,,55.0,63.0,17.0,39.8,334.0,434.0,,,True,47.0,50.0,TER ~ velo+TER,47.0,0.0,0.79,1,47.0,0.79
59416,Morbecque,59,2509,False,1.0,5.2,Hazebrouck,87286302,Hazebrouck,False,10.8,False,45.0,16.0,15.0,13.0,35.0,32.0,04:51,21:14,16.4,Flandres,"C70, K70, K71",47.0,16.0,22:13,0.0,4.7,6,45.8,56.5,,,,,,,,,,56.5,TER,10.4,28.1,101.0,False,50.0,,,69.0,18.0,53.0,445.0,545.0,,,False,50.0,,,,,0.82,0,50.0,
59418,Mortagne-du-Nord,59,1584,False,11.2,13.9,Saint-Amand-les-Eaux,87343103,Saint-Amand-les-Eaux,False,17.0,False,53.0,15.0,14.0,14.0,34.0,24.0,05:45,22:00,16.2,Flandres,"C60, K60, K61",52.0,14.0,21:39,0.0,5.0,6,51.0,62.0,,,,,,,,,,62.0,TER,8.5,22.6,81.0,False,41.0,,,54.0,6.0,49.9,419.0,519.0,,,False,41.0,,,,,1.15,0,41.0,
59419,Mouchin,59,1441,False,5.5,8.7,Orchies,87286583,Orchies,False,8.6,False,53.0,14.0,14.0,13.0,21.0,15.0,05:58,22:09,16.2,Flandres,"C60, K60, K61",52.0,14.0,21:39,0.0,5.4,6,29.6,41.0,,,,,,,,,,41.0,TER,5.8,16.6,60.0,False,30.0,,,47.0,6.0,33.8,284.0,384.0,,,False,30.0,,,,,0.87,0,30.0,
59421,Mouvaux,59,13173,True,3.4,5.5,Roubaix,87286732,Roubaix,False,9.6,False,15.0,5.0,5.0,5.0,10.0,9.0,06:41,21:41,15.0,Flandres,"K80, P80",14.0,4.0,22:09,0.0,12.0,6,19.6,37.6,764.0,132.0,38.5,20.1,51.5,06:03,23:53,0.26,False,37.6,TER ~ velo+TER,3.0,,32.0,False,16.0,45.0,39.0,27.0,4.0,10.7,90.0,190.0,56.5,28.25,False,16.0,39.0,velo+TER,16.0,1.0,1.39,1,16.0,1.44
59398,Mérignies,59,3360,False,5.9,10.9,Templeuve,87286625,Templeuve-en-Pévèle,False,12.3,False,29.0,9.0,9.0,7.0,16.0,11.0,06:04,22:05,16.0,Flandres,"C60, K61",27.0,8.0,21:39,0.0,8.3,6,28.3,42.6,,,,,,,,,,42.6,TER,4.1,11.9,43.0,False,21.0,,53.0,44.0,13.0,20.2,170.0,270.0,,,False,21.0,53.0,velo+TER,21.0,10.0,0.97,1,21.0,1.2
59401,Méteren,59,2256,False,1.5,7.1,Bailleul,87286179,Bailleul,False,10.3,False,45.0,16.0,15.0,12.0,24.0,22.0,05:01,21:25,16.4,Flandres,"C70, K70, K71",47.0,16.0,22:13,0.0,4.7,6,34.3,45.0,,,,,,,,,,45.0,TER,8.0,21.1,76.0,False,38.0,,58.0,57.0,20.0,39.0,328.0,428.0,,,False,38.0,58.0,velo+TER,38.0,13.0,0.79,1,38.0,1.02
59423,Neuf-Berquin,59,1403,False,4.7,6.9,Strazeele,87286203,Strazeele,False,7.8,False,20.0,7.0,6.0,7.0,40.0,39.0,05:57,19:57,14.0,Flandres,C70,19.0,7.0,20:23,0.0,10.7,6,47.8,64.5,,,,,,,,,,64.5,TER,9.4,,90.0,False,45.0,,,63.0,19.0,44.7,375.0,475.0,,,False,45.0,,,,,1.02,0,45.0,
59426,Neuville-en-Ferrain,59,10160,True,6.9,9.0,Tourcoing,87286542,Tourcoing,False,14.6,False,15.0,5.0,5.0,5.0,14.0,14.0,06:37,21:37,15.0,Flandres,"K80, P80",14.0,4.0,22:09,3.0,12.0,6,28.6,46.6,513.0,80.0,43.5,37.0,56.5,05:51,22:25,0.0,False,46.6,TER,3.7,10.7,38.0,False,19.0,,53.0,34.0,9.0,18.4,155.0,255.0,56.5,28.25,False,19.0,53.0,velo+TER ~ TC urbain,19.0,6.0,1.37,1,19.0,1.56
59431,Nieppe,59,7606,False,1.0,3.6,Nieppe,87287151,Nieppe,True,1.0,False,21.0,7.0,6.0,6.0,25.0,18.0,05:09,20:12,15.0,Flandres,C70,19.0,7.0,20:23,0.0,10.7,6,26.0,42.7,,,,,,,,,,42.7,TER ~ velo+TER,6.3,17.6,63.0,False,32.0,,44.0,53.0,21.0,26.5,223.0,323.0,,,True,32.0,42.7,TER ~ velo+TER,32.0,0.0,0.81,1,32.0,0.81
59434,Nivelle,59,1379,False,5.6,8.5,Saint-Amand-les-Eaux,87343103,Saint-Amand-les-Eaux,False,17.0,False,53.0,15.0,14.0,14.0,34.0,24.0,05:45,22:00,16.2,Flandres,"C60, K60, K61",52.0,14.0,21:39,0.0,5.0,6,51.0,62.0,,,,,,,,,,62.0,TER ~ velo+TER,8.5,22.6,81.0,False,41.0,,66.0,64.0,6.0,53.4,449.0,549.0,,,False,41.0,66.0,velo+TER,41.0,4.0,0.97,1,41.0,1.03
59435,Nomain,59,2585,False,1.0,5.1,Orchies,87286583,Orchies,False,8.0,False,53.0,14.0,14.0,13.0,21.0,15.0,05:58,22:09,16.2,Flandres,"C60, K60, K61",52.0,14.0,21:39,0.0,5.4,6,29.0,40.4,,,,,,,,,,40.4,TER,5.8,16.6,60.0,False,30.0,,47.0,49.0,15.0,30.1,253.0,353.0,,,True,30.0,40.4,TER,30.0,0.0,0.82,1,30.0,0.82
59447,Onnaing,59,8719,False,8.8,12.1,Valenciennes,87343004,Valenciennes,False,15.6,False,53.0,14.0,14.0,13.0,44.0,34.0,05:35,21:49,16.2,Flandres,"C60, K60, K61",52.0,14.0,21:39,0.0,5.4,6,59.6,71.0,,,,,,,,,,71.0,TER,10.8,29.1,105.0,False,52.0,,,63.0,15.0,63.0,529.0,629.0,,,False,52.0,,,,,1.13,0,52.0,
59449,Orchies,59,8455,False,1.0,2.9,Orchies,87286583,Orchies,True,1.0,False,53.0,14.0,14.0,13.0,21.0,15.0,05:58,22:09,16.2,Flandres,"C60, K60, K61",52.0,14.0,21:39,0.0,5.4,6,22.0,33.4,,,,,,,,,,33.4,TER,5.8,16.6,60.0,False,30.0,,39.0,44.0,15.0,25.7,216.0,316.0,,,True,30.0,33.4,TER,30.0,0.0,0.76,1,30.0,0.76
59452,Ostricourt,59,5829,False,1.0,3.6,Ostricourt,87345249,Ostricourt,True,1.0,False,21.0,7.0,6.0,6.0,29.0,27.0,06:04,21:04,15.0,Flandres,C40,22.0,6.0,22:27,0.0,10.7,6,30.0,46.7,,,,,,,,,,46.7,TER,6.0,17.1,61.0,False,31.0,,53.0,50.0,18.0,26.8,225.0,325.0,,,True,31.0,46.7,TER,31.0,0.0,0.93,1,31.0,0.93
59456,Pecquencourt,59,6232,False,1.8,4.7,Montigny-en-Ostrevent,87345306,Montigny-en-Ostrevent,False,6.6,False,11.0,4.0,3.0,2.0,31.0,29.0,06:08,21:05,15.0,Flandres,K40,11.0,3.0,20:23,0.0,12.0,6,37.6,55.6,,,,,,,,,,55.6,TER,9.7,26.1,94.0,False,47.0,,63.0,60.0,16.0,40.9,344.0,444.0,,,False,47.0,63.0,velo+TER,47.0,7.0,0.93,1,47.0,1.05
59459,Petite-Forêt,59,5058,False,2.9,5.7,Valenciennes,87343004,Valenciennes,False,12.9,False,53.0,14.0,14.0,13.0,44.0,34.0,05:35,21:49,16.2,Flandres,"C60, K60, K61",52.0,14.0,21:39,0.0,5.4,6,56.9,68.3,,,,,,,,,,68.3,TER ~ velo+TER,10.8,29.1,105.0,False,52.0,,72.0,54.0,15.0,46.8,393.0,493.0,,,False,52.0,72.0,velo+TER,52.0,4.0,1.26,1,52.0,1.33
59462,Phalempin,59,4849,False,1.0,3.1,Phalempin,87286500,Phalempin,True,1.0,False,21.0,7.0,6.0,6.0,19.0,18.0,06:14,21:14,15.0,Flandres,C40,22.0,6.0,22:27,0.0,10.7,6,20.0,36.7,,,,,,,,,,36.7,TER ~ velo+TER,4.4,12.7,46.0,False,23.0,,38.0,46.0,17.0,19.6,165.0,265.0,,,True,23.0,36.7,TER ~ velo+TER,23.0,0.0,0.8,1,23.0,0.8
59466,Pont-à-Marcq,59,2883,False,7.1,9.1,Templeuve,87286625,Templeuve-en-Pévèle,False,11.0,False,29.0,9.0,9.0,7.0,16.0,11.0,06:04,22:05,16.0,Flandres,"C60, K61",27.0,8.0,21:39,0.0,8.3,6,27.0,41.3,,,,,,,,,,41.3,TER,4.1,11.9,43.0,False,21.0,,52.0,40.0,12.0,18.5,155.0,255.0,,,False,21.0,52.0,velo+TER,21.0,11.0,1.03,1,21.0,1.3
59475,Prouvy,59,2173,False,1.0,2.5,Le Poirier Université,87343210,Trith-Saint-Léger,False,13.0,False,11.0,3.0,2.0,2.0,42.0,41.0,06:13,21:14,15.0,Flandres,K61,11.0,3.0,20:05,0.0,12.0,6,55.0,73.0,,,,,,,,,,73.0,TER ~ velo+TER,,,,False,,,77.0,61.0,15.0,55.1,463.0,563.0,,,True,,73.0,TER ~ velo+TER,,0.0,1.2,1,,1.2
59477,Provin,59,4469,True,1.0,1.9,Bauvin - Provin,87345280,Bauvin,False,4.3,False,21.0,7.0,6.0,6.0,27.0,27.0,06:07,20:35,14.5,Flandres,"C51, K51",24.0,7.0,20:47,0.0,10.7,6,31.3,48.0,,,,,,,,,,47.0,velo+TER ~ TER,6.0,17.1,61.0,False,31.0,,47.0,56.0,20.0,30.3,255.0,355.0,56.5,28.25,False,31.0,47.0,velo+TER,31.0,0.0,0.84,1,28.25,0.84
59470,Prémesques,59,2060,True,3.2,5.4,Pérenchies,87286278,Pérenchies,False,7.0,False,20.0,7.0,6.0,6.0,15.0,14.0,06:22,20:22,14.0,Flandres,C70,19.0,7.0,20:23,0.0,10.7,6,22.0,38.7,108.0,22.0,33.7,28.7,46.7,06:20,21:46,0.0,False,38.7,TER ~ velo+TER,3.7,10.7,38.0,False,19.0,46.0,43.0,43.0,10.0,14.3,120.0,220.0,56.5,28.25,False,19.0,43.0,velo+TER ~ velo,19.0,4.0,0.9,1,19.0,1.0
59471,Préseau,59,2065,False,9.9,11.1,Le Poirier Université,87343210,Trith-Saint-Léger,False,13.2,False,11.0,3.0,2.0,2.0,42.0,41.0,06:13,21:14,15.0,Flandres,K61,11.0,3.0,20:05,0.0,12.0,6,55.2,73.2,,,,,,,,,,73.2,TER,,,,False,,,,62.0,15.0,59.3,498.0,598.0,,,False,,,,,,1.18,0,,
59457,Pérenchies,59,8519,True,1.0,3.1,Pérenchies,87286278,Pérenchies,True,1.0,False,20.0,7.0,6.0,6.0,15.0,14.0,06:22,20:22,14.0,Flandres,C70,19.0,7.0,20:23,0.0,10.7,6,16.0,32.7,524.0,91.0,31.4,24.7,44.4,05:50,21:38,0.0,False,32.7,TER ~ velo+TER,3.7,10.7,38.0,False,19.0,42.0,36.0,40.0,11.0,12.7,107.0,207.0,56.5,28.25,True,19.0,32.7,TER ~ velo+TER,19.0,0.0,0.82,1,19.0,0.82
59458,Péronne-en-Mélantois,59,1004,True,3.3,5.4,Fretin,87286641,Fretin,False,5.3,False,27.0,7.0,7.0,7.0,12.0,11.0,06:09,22:09,16.0,Flandres,C60,26.0,7.0,21:39,0.0,10.7,6,17.3,34.0,,,,,,,,,,34.0,TER ~ velo+TER,3.3,9.5,34.0,False,17.0,54.0,37.0,36.0,8.0,14.7,123.0,223.0,56.5,28.25,False,17.0,37.0,velo+TER,17.0,3.0,0.94,1,17.0,1.03
59479,Quarouble,59,3131,False,10.9,13.0,Valenciennes,87343004,Valenciennes,False,16.2,False,53.0,14.0,14.0,13.0,44.0,34.0,05:35,21:49,16.2,Flandres,"C60, K60, K61",52.0,14.0,21:39,0.0,5.4,6,60.2,71.6,,,,,,,,,,71.6,TER,10.8,29.1,105.0,False,52.0,,,59.0,6.0,73.9,621.0,721.0,,,False,52.0,,,,,1.21,0,52.0,
59482,Quesnoy-sur-Deûle,59,6920,True,9.0,12.4,Pérenchies,87286278,Pérenchies,False,13.3,False,20.0,7.0,6.0,6.0,15.0,14.0,06:22,20:22,14.0,Flandres,C70,19.0,7.0,20:23,0.0,10.7,6,28.3,45.0,373.0,89.0,42.0,30.0,55.0,05:48,22:55,0.8,False,45.0,TER ~ velo,3.7,10.7,38.0,False,19.0,49.0,,41.0,9.0,12.9,108.0,208.0,56.5,28.25,False,19.0,49.0,velo,0.0,4.0,1.1,1,19.0,1.2
59485,Quiévy,59,1801,False,9.6,11.9,Caudry,87345561,Caudry,False,12.9,False,11.0,3.0,3.0,3.0,82.0,81.0,05:16,20:16,15.0,Flandres,K40,11.0,3.0,20:23,0.0,12.0,6,94.9,112.9,,,,,,,,,,112.9,TER,16.2,43.4,156.0,False,78.0,,,84.0,16.0,76.9,646.0,746.0,,,False,78.0,,,,,1.34,0,78.0,
59487,Radinghem-en-Weppes,59,1393,True,6.6,9.2,Armentières,87286146,Armentières,False,13.0,False,45.0,16.0,15.0,11.0,15.0,14.0,05:13,21:33,16.3,Flandres,"C70, K70, K71",47.0,16.0,22:13,0.0,4.7,6,28.0,38.7,67.0,13.0,37.5,32.7,50.5,07:43,19:01,0.0,False,38.7,TER,5.3,15.5,56.0,False,28.0,,,47.0,18.0,19.0,160.0,260.0,56.5,28.25,False,28.0,50.5,TC urbain,28.25,12.0,0.82,1,28.0,1.07
59489,Raimbeaucourt,59,4015,False,3.2,7.0,Leforest,87345223,Leforest,False,12.7,False,21.0,7.0,6.0,7.0,33.0,31.0,06:00,21:00,15.0,Flandres,C40,22.0,6.0,22:27,0.0,10.7,6,45.7,62.4,,,,,,,,,,62.4,TER ~ velo+TER,6.8,18.6,67.0,False,33.0,,66.0,60.0,12.0,30.5,256.0,356.0,,,False,33.0,66.0,velo+TER,33.0,4.0,1.04,1,33.0,1.1
59491,Raismes,59,12055,False,1.0,3.9,Valenciennes,87343004,Valenciennes,False,25.3,False,53.0,14.0,14.0,13.0,44.0,34.0,05:35,21:49,16.2,Flandres,"C60, K60, K61",52.0,14.0,21:39,0.0,5.4,6,69.3,80.7,,,,,,,,,,80.7,TER,10.8,29.1,105.0,False,52.0,,,62.0,14.0,46.7,392.0,492.0,,,True,52.0,80.7,TER,52.0,0.0,1.3,1,52.0,1.3
59497,Renescure,59,2128,False,1.0,2.3,Saint-Omer,87281444,Saint-Omer,False,15.6,False,11.0,5.0,5.0,4.0,50.0,48.0,05:57,20:57,15.0,Flandres,K71,11.0,5.0,21:13,0.0,12.0,6,65.6,83.6,,,,,,,,,,83.6,TER,14.2,37.9,136.0,False,68.0,,,72.0,18.0,60.6,509.0,609.0,,,True,68.0,83.6,TER,68.0,0.0,1.16,1,68.0,1.16
59499,Rexpoëde,59,1992,False,10.1,12.9,Bergues,87281105,Bergues,False,13.2,False,11.0,4.0,4.0,3.0,61.0,61.0,05:19,20:19,15.0,Flandres,K70,12.0,4.0,20:40,0.0,12.0,6,74.2,92.2,,,,,,,,,,92.2,TER,16.0,42.9,154.0,False,77.0,,,69.0,17.0,63.4,533.0,633.0,,,False,77.0,,,,,1.34,0,77.0,
59501,Rieulay,59,1243,False,4.8,6.4,Somain,87345314,Somain,False,14.2,False,11.0,4.0,3.0,2.0,37.0,36.0,06:01,20:59,15.0,Flandres,K40,11.0,3.0,20:23,0.0,12.0,6,51.2,69.2,,,,,,,,,,69.2,TER ~ velo+TER,10.8,29.1,105.0,False,52.0,,74.0,57.0,17.0,36.8,309.0,409.0,,,False,52.0,74.0,velo+TER,52.0,5.0,1.21,1,52.0,1.3
59502,Rieux-en-Cambrésis,59,1438,False,3.2,4.9,Cambrai,87345520,Cambrai,False,14.5,False,11.0,3.0,3.0,3.0,60.0,59.0,05:38,20:38,15.0,Flandres,K40,11.0,3.0,20:23,0.0,12.0,6,74.5,92.5,,,,,,,,,,92.5,TER,13.4,36.0,130.0,False,65.0,,,76.0,20.0,72.9,612.0,712.0,,,False,65.0,,,,,1.22,0,65.0,
59507,Ronchin,59,19437,True,1.0,3.0,Ronchin,87286534,Ronchin,True,1.0,False,21.0,7.0,6.0,6.0,7.0,6.0,06:26,21:26,15.0,Flandres,C40,22.0,6.0,22:27,0.0,10.7,6,8.0,24.7,1044.0,141.0,17.0,9.0,30.0,05:25,24:25,0.34,False,21.0,velo ~ TER,2.0,6.7,24.0,False,12.0,21.0,30.0,25.0,6.0,7.2,60.0,160.0,56.5,28.25,True,0.0,21.0,velo ~ TER,0.0,0.0,0.84,1,12.0,0.84
59508,Roncq,59,13784,True,7.0,10.3,Tourcoing,87286542,Tourcoing,False,18.0,False,15.0,5.0,5.0,5.0,14.0,14.0,06:37,21:37,15.0,Flandres,"K80, P80",14.0,4.0,22:09,3.0,12.0,6,32.0,50.0,841.0,115.0,50.0,16.0,63.0,06:22,23:17,0.53,False,50.0,TER,3.7,10.7,38.0,False,19.0,,57.0,33.0,8.0,15.5,130.0,230.0,56.5,28.25,False,19.0,57.0,velo+TER,19.0,7.0,1.52,1,19.0,1.73
59509,Roost-Warendin,59,5976,False,2.4,5.5,Pont de la Deûle,87345207,Flers-en-Escrebieux,False,7.7,False,21.0,7.0,6.0,6.0,37.0,35.0,05:56,20:56,15.0,Flandres,C40,22.0,6.0,22:27,0.0,10.7,6,44.7,61.4,,,,,,,,,,61.4,TER ~ velo+TER,7.7,20.6,74.0,False,37.0,,66.0,60.0,18.0,37.2,312.0,412.0,,,False,37.0,66.0,velo+TER,37.0,5.0,1.02,1,37.0,1.1
59511,Rosult,59,1973,False,1.0,2.8,Rosult,87286567,Rosult,True,1.0,False,27.0,7.0,7.0,7.0,31.0,29.0,05:50,21:50,16.0,Flandres,C60,26.0,7.0,21:39,0.0,10.7,6,32.0,48.7,,,,,,,,,,48.7,TER,7.5,20.1,72.0,False,36.0,,54.0,50.0,16.0,35.6,299.0,399.0,,,True,36.0,48.7,TER,36.0,0.0,0.97,1,36.0,0.97
59512,Roubaix,59,98892,True,1.0,4.5,Roubaix,87286732,Roubaix,True,1.0,False,15.0,5.0,5.0,5.0,10.0,9.0,06:41,21:41,15.0,Flandres,"K80, P80",14.0,4.0,22:09,0.0,12.0,6,11.0,29.0,6789.0,1198.0,22.2,15.7,35.2,05:33,24:13,0.38,True,29.0,TER,3.0,,32.0,False,16.0,49.0,36.0,33.0,7.0,12.5,105.0,205.0,56.5,28.25,True,16.0,29.0,TER,16.0,0.0,0.88,1,16.0,0.88
59519,Rumegies,59,1740,False,5.6,9.1,Rosult,87286567,Rosult,False,9.7,False,27.0,7.0,7.0,7.0,31.0,29.0,05:50,21:50,16.0,Flandres,C60,26.0,7.0,21:39,0.0,10.7,6,40.7,57.4,,,,,,,,,,57.4,TER,7.5,20.1,72.0,False,36.0,,68.0,54.0,6.0,39.5,332.0,432.0,,,False,36.0,68.0,velo+TER,36.0,11.0,1.06,1,36.0,1.26
59486,Râches,59,2660,False,6.5,8.2,Pont de la Deûle,87345207,Flers-en-Escrebieux,False,8.6,False,21.0,7.0,6.0,6.0,37.0,35.0,05:56,20:56,15.0,Flandres,C40,22.0,6.0,22:27,0.0,10.7,6,45.6,62.3,,,,,,,,,,62.3,TER,7.7,20.6,74.0,False,37.0,,76.0,54.0,18.0,34.3,288.0,388.0,,,False,37.0,76.0,velo+TER,37.0,14.0,1.15,1,37.0,1.41
59504,Rœulx,59,3779,False,1.0,2.2,Somain,87345314,Somain,False,18.5,False,11.0,4.0,3.0,2.0,37.0,36.0,06:01,20:59,15.0,Flandres,K40,11.0,3.0,20:23,0.0,12.0,6,55.5,73.5,,,,,,,,,,73.5,TER,10.8,29.1,105.0,False,52.0,,,68.0,16.0,50.1,421.0,521.0,,,True,52.0,73.5,TER,52.0,0.0,1.08,1,52.0,1.08
59522,Sailly-lez-Lannoy,59,1949,True,4.5,7.1,Baisieux,87286872,Baisieux,False,6.6,False,18.0,5.0,5.0,5.0,15.0,13.0,06:35,21:37,15.0,Flandres,P81,16.0,4.0,22:08,0.0,12.0,6,21.6,39.6,15.0,9.0,51.0,47.0,64.0,07:13,17:20,0.0,False,39.6,TER,3.5,10.1,36.0,False,18.0,56.0,49.0,35.0,7.0,17.4,146.0,246.0,56.5,28.25,False,18.0,49.0,velo+TER,18.0,9.0,1.13,1,18.0,1.4
59523,Sainghin-en-Mélantois,59,2848,True,4.0,7.0,Lesquin,87286849,Lesquin,False,12.1,False,27.0,7.0,7.0,7.0,8.0,7.0,06:13,22:13,16.0,Flandres,C60,26.0,7.0,21:39,0.0,10.7,6,20.1,36.8,5.0,3.0,76.4,70.0,89.4,07:13,16:51,0.0,False,36.8,TER,2.4,7.1,25.0,False,13.0,43.0,42.0,27.0,5.0,11.1,93.0,193.0,56.5,28.25,False,13.0,42.0,velo+TER ~ velo,13.0,5.0,1.36,1,13.0,1.56
59524,Sainghin-en-Weppes,59,5641,True,1.0,3.0,Don - Sainghin,87286435,Sainghin-en-Weppes,True,1.0,False,32.0,11.0,9.0,9.0,28.0,21.0,06:13,20:42,14.5,Flandres,"C50, C51, K51",37.0,10.0,21:06,0.0,6.8,6,29.0,41.8,94.0,29.0,66.7,43.7,79.7,07:06,20:03,0.0,False,41.8,TER,4.9,14.4,52.0,False,26.0,,49.0,52.0,21.0,22.1,186.0,286.0,56.5,28.25,True,26.0,41.8,TER,26.0,0.0,0.8,1,26.0,0.8
59526,Saint-Amand-les-Eaux,59,15980,False,1.0,3.8,Saint-Amand-les-Eaux,87343103,Saint-Amand-les-Eaux,True,1.0,False,53.0,15.0,14.0,14.0,34.0,24.0,05:45,22:00,16.2,Flandres,"C60, K60, K61",52.0,14.0,21:39,0.0,5.0,6,35.0,46.0,,,,,,,,,,46.0,TER,8.5,22.6,81.0,False,41.0,,55.0,55.0,15.0,43.7,367.0,467.0,,,True,41.0,46.0,TER,41.0,0.0,0.84,1,41.0,0.84
59527,Saint-André-lez-Lille,59,12942,True,1.0,2.6,Saint-André,87286195,Saint-André-lez-Lille,True,1.0,False,20.0,7.0,6.0,6.0,10.0,9.0,06:27,20:27,14.0,Flandres,C70,19.0,7.0,20:23,0.0,10.7,6,11.0,27.7,865.0,137.0,15.0,8.0,28.0,05:23,24:25,0.9,False,17.0,velo,2.6,,26.0,True,13.0,17.0,31.0,26.0,5.0,5.0,42.0,142.0,56.5,28.25,True,0.0,17.0,velo,0.0,0.0,0.65,1,13.0,0.65
59535,Saint-Jans-Cappel,59,1642,False,6.9,9.1,Bailleul,87286179,Bailleul,False,12.6,False,45.0,16.0,15.0,12.0,24.0,22.0,05:01,21:25,16.4,Flandres,"C70, K70, K71",47.0,16.0,22:13,0.0,4.7,6,36.6,47.3,,,,,,,,,,47.3,TER,8.0,21.1,76.0,False,38.0,,57.0,61.0,19.0,42.9,360.0,460.0,,,False,38.0,57.0,velo+TER,38.0,10.0,0.78,1,38.0,0.93
59544,Saint-Saulve,59,11117,False,4.5,7.7,Valenciennes,87343004,Valenciennes,False,11.8,False,53.0,14.0,14.0,13.0,44.0,34.0,05:35,21:49,16.2,Flandres,"C60, K60, K61",52.0,14.0,21:39,0.0,5.4,6,55.8,67.2,,,,,,,,,,67.2,TER,10.8,29.1,105.0,False,52.0,,75.0,62.0,16.0,54.5,458.0,558.0,,,False,52.0,75.0,velo+TER,52.0,8.0,1.08,1,52.0,1.21
59546,Saint-Sylvestre-Cappel,59,1154,False,6.8,8.8,Hazebrouck,87286302,Hazebrouck,False,12.4,False,45.0,16.0,15.0,13.0,35.0,32.0,04:51,21:14,16.4,Flandres,"C70, K70, K71",47.0,16.0,22:13,0.0,4.7,6,47.4,58.1,,,,,,,,,,58.1,TER,10.4,28.1,101.0,False,50.0,,,63.0,19.0,46.6,391.0,491.0,,,False,50.0,,,,,0.92,0,50.0,
59550,Salomé,59,3051,True,1.0,3.0,Salomé,87342451,Salomé,True,1.0,False,11.0,4.0,3.0,3.0,37.0,37.0,06:07,20:07,14.0,Flandres,C50,12.0,3.0,20:16,0.0,12.0,6,38.0,56.0,87.0,27.0,96.9,58.7,109.9,07:06,19:35,0.0,False,56.0,TER ~ velo+TER,6.5,,64.0,True,32.0,,59.0,56.0,23.0,28.0,235.0,335.0,56.5,28.25,True,32.0,56.0,TER ~ velo+TER,32.0,0.0,1.0,1,28.25,1.0
59551,Saméon,59,1738,False,1.0,4.2,Rosult,87286567,Rosult,False,4.5,False,27.0,7.0,7.0,7.0,31.0,29.0,05:50,21:50,16.0,Flandres,C60,26.0,7.0,21:39,0.0,10.7,6,35.5,52.2,,,,,,,,,,52.2,TER,7.5,20.1,72.0,False,36.0,,61.0,51.0,15.0,38.0,319.0,419.0,,,False,36.0,61.0,velo+TER,36.0,9.0,1.02,1,36.0,1.2
59553,Santes,59,5660,True,1.0,2.2,Santes,87286401,Santes,True,1.0,False,21.0,7.0,6.0,6.0,20.0,20.0,06:24,20:51,14.4,Flandres,"C50, C51",25.0,7.0,20:47,0.0,10.7,6,21.0,37.7,178.0,34.0,48.8,35.7,61.8,06:14,21:04,0.0,False,37.7,TER ~ velo+TER,3.7,10.7,38.0,False,19.0,47.0,39.0,44.0,16.0,16.6,139.0,239.0,56.5,28.25,True,19.0,37.7,TER ~ velo+TER,19.0,0.0,0.86,1,19.0,0.86
59557,Saultain,59,2553,False,6.8,9.4,Valenciennes,87343004,Valenciennes,False,16.7,False,53.0,14.0,14.0,13.0,44.0,34.0,05:35,21:49,16.2,Flandres,"C60, K60, K61",52.0,14.0,21:39,0.0,5.4,6,60.7,72.1,,,,,,,,,,72.1,TER,10.8,29.1,105.0,False,52.0,,,62.0,16.0,59.5,500.0,600.0,,,False,52.0,,,,,1.16,0,52.0,
59559,Sebourg,59,1977,False,12.0,15.9,Valenciennes,87343004,Valenciennes,False,18.1,False,53.0,14.0,14.0,13.0,44.0,34.0,05:35,21:49,16.2,Flandres,"C60, K60, K61",52.0,14.0,21:39,0.0,5.4,6,62.1,73.5,,,,,,,,,,73.5,TER,10.8,29.1,105.0,False,52.0,,,64.0,14.0,65.4,549.0,649.0,,,False,52.0,,,,,1.15,0,52.0,
59560,Seclin,59,12834,True,1.0,3.2,Seclin,87286518,Seclin,True,1.0,False,44.0,13.0,13.0,13.0,11.0,10.0,05:27,21:18,15.8,Flandres,"C40, C41",42.0,13.0,22:27,0.0,5.8,6,12.0,23.8,626.0,116.0,36.8,23.5,49.8,06:06,22:25,0.0,False,23.8,TER ~ velo+TER,3.5,10.1,36.0,False,18.0,52.0,25.0,37.0,11.0,15.0,126.0,226.0,56.5,28.25,True,18.0,23.8,TER ~ velo+TER,18.0,0.0,0.64,1,18.0,0.64
59566,Sequedin,59,4762,True,3.6,6.6,Haubourdin,87286096,Haubourdin,False,9.4,False,21.0,7.0,6.0,6.0,16.0,16.0,06:28,20:55,14.4,Flandres,"C50, C51",25.0,7.0,20:47,0.0,10.7,6,25.4,42.1,513.0,87.0,36.7,28.2,49.7,06:20,22:11,0.0,False,33.0,velo,3.0,8.9,32.0,False,16.0,33.0,44.0,38.0,10.0,12.6,106.0,206.0,56.5,28.25,False,0.0,33.0,velo,0.0,0.0,0.87,1,16.0,0.87
59569,Sin-le-Noble,59,15603,False,1.0,3.4,Douai,87345009,Douai,False,9.7,False,46.0,14.0,12.0,12.0,23.0,19.0,05:51,21:57,16.1,Flandres,"C40, K40, K44, K45",48.0,13.0,22:27,0.0,5.4,6,32.7,44.1,,,,,,,,,,44.1,TER ~ velo+TER,8.3,22.1,79.0,False,40.0,,46.0,60.0,22.0,43.3,364.0,464.0,,,True,40.0,44.1,TER ~ velo+TER,40.0,0.0,0.74,1,40.0,0.74
59574,Somain,59,11790,False,1.0,3.0,Somain,87345314,Somain,True,1.0,False,11.0,4.0,3.0,2.0,37.0,36.0,06:01,20:59,15.0,Flandres,K40,11.0,3.0,20:23,0.0,12.0,6,38.0,56.0,,,,,,,,,,56.0,TER ~ velo+TER,10.8,29.1,105.0,False,52.0,,58.0,60.0,17.0,39.6,333.0,433.0,,,True,52.0,56.0,TER ~ velo+TER,52.0,0.0,0.93,1,52.0,0.93
59578,Steenbecque,59,1650,False,1.0,4.0,Hazebrouck,87286302,Hazebrouck,False,11.7,False,45.0,16.0,15.0,13.0,35.0,32.0,04:51,21:14,16.4,Flandres,"C70, K70, K71",47.0,16.0,22:13,0.0,4.7,6,46.7,57.4,,,,,,,,,,57.4,TER,10.4,28.1,101.0,False,50.0,,,70.0,19.0,56.7,476.0,576.0,,,True,50.0,57.4,TER,50.0,0.0,0.82,1,50.0,0.82
59580,Steenvoorde,59,4324,False,8.0,12.2,Cassel,87281139,Bavinchove,False,17.2,False,11.0,3.0,4.0,3.0,43.0,42.0,05:37,20:37,15.0,Flandres,K70,12.0,4.0,20:40,0.0,12.0,6,60.2,78.2,,,,,,,,,,78.2,TER,12.2,32.8,118.0,False,59.0,,,63.0,19.0,49.7,417.0,517.0,,,False,59.0,,,,,1.24,0,59.0,
59581,Steenwerck,59,3540,False,1.0,5.6,Steenwerck,87286161,Bailleul,False,6.7,False,21.0,7.0,6.0,6.0,29.0,22.0,05:05,20:08,15.0,Flandres,C70,19.0,7.0,20:23,0.0,10.7,6,35.7,52.4,,,,,,,,,,52.4,TER,7.0,19.1,69.0,False,34.0,,62.0,56.0,21.0,30.7,258.0,358.0,,,False,34.0,62.0,velo+TER,34.0,10.0,0.94,1,34.0,1.11
59585,Templemars,59,3635,True,1.0,2.1,Wattignies - Templemars,87286526,Templemars,True,1.0,False,21.0,7.0,6.0,6.0,11.0,10.0,06:22,21:22,15.0,Flandres,C40,22.0,6.0,22:27,0.0,10.7,6,12.0,28.7,246.0,56.0,27.6,20.2,40.6,07:05,21:04,0.0,False,28.7,TER,2.6,,28.0,False,14.0,38.0,34.0,31.0,8.0,11.6,97.0,197.0,56.5,28.25,True,14.0,28.7,TER,14.0,0.0,0.93,1,14.0,0.93
59586,Templeuve-en-Pévèle,59,6705,False,1.0,3.0,Templeuve,87286625,Templeuve-en-Pévèle,True,1.0,False,29.0,9.0,9.0,7.0,16.0,11.0,06:04,22:05,16.0,Flandres,"C60, K61",27.0,8.0,21:39,0.0,8.3,6,17.0,31.3,,,,,,,,,,31.3,TER ~ velo+TER,4.1,11.9,43.0,False,21.0,,34.0,40.0,9.0,20.0,168.0,268.0,,,True,21.0,31.3,TER ~ velo+TER,21.0,0.0,0.78,1,21.0,0.78
59592,Thumeries,59,4029,False,5.6,7.7,Ostricourt,87345249,Ostricourt,False,11.2,False,21.0,7.0,6.0,6.0,29.0,27.0,06:04,21:04,15.0,Flandres,C40,22.0,6.0,22:27,0.0,10.7,6,40.2,56.9,,,,,,,,,,56.9,TER,6.0,17.1,61.0,False,31.0,,65.0,49.0,12.0,24.2,203.0,303.0,,,False,31.0,65.0,velo+TER,31.0,8.0,1.16,1,31.0,1.33
59594,Thun-Saint-Amand,59,1110,False,8.0,10.9,Saint-Amand-les-Eaux,87343103,Saint-Amand-les-Eaux,False,13.1,False,53.0,15.0,14.0,14.0,34.0,24.0,05:45,22:00,16.2,Flandres,"C60, K60, K61",52.0,14.0,21:39,0.0,5.0,6,47.1,58.1,,,,,,,,,,58.1,TER,8.5,22.6,81.0,False,41.0,,,55.0,7.0,51.2,430.0,530.0,,,False,41.0,,,,,1.06,0,41.0,
59598,Toufflers,59,3910,True,7.1,9.7,Baisieux,87286872,Baisieux,False,13.0,False,18.0,5.0,5.0,5.0,15.0,13.0,06:35,21:37,15.0,Flandres,P81,16.0,4.0,22:08,0.0,12.0,6,28.0,46.0,339.0,58.0,47.2,31.5,60.2,06:15,23:04,0.0,False,46.0,TER,3.5,10.1,36.0,False,18.0,59.0,57.0,34.0,7.0,15.8,133.0,233.0,56.5,28.25,False,18.0,57.0,velo+TER ~ velo,18.0,11.0,1.35,1,18.0,1.68
59599,Tourcoing,59,99011,True,1.0,4.9,Tourcoing,87286542,Tourcoing,True,1.0,False,15.0,5.0,5.0,5.0,14.0,14.0,06:37,21:37,15.0,Flandres,"K80, P80",14.0,4.0,22:09,3.0,12.0,6,15.0,33.0,7589.0,1170.0,30.6,23.0,43.6,05:33,24:06,0.47,True,33.0,TER,3.7,10.7,38.0,False,19.0,59.0,39.0,35.0,8.0,15.0,126.0,226.0,56.5,28.25,True,19.0,33.0,TER,19.0,0.0,0.94,1,19.0,0.94
59602,Tressin,59,1395,True,5.1,7.3,Ascq,87286864,Villeneuve-d'Ascq,False,10.2,False,17.0,5.0,5.0,5.0,10.0,8.0,06:40,21:42,15.0,Flandres,P81,16.0,4.0,22:08,0.0,12.0,6,20.2,38.2,10.0,6.0,69.2,62.0,82.2,07:13,17:01,0.0,False,38.2,TER ~ velo+TER,2.4,,25.0,False,13.0,44.0,39.0,32.0,7.0,12.8,108.0,208.0,56.5,28.25,False,13.0,39.0,velo+TER ~ velo,13.0,1.0,1.19,1,13.0,1.22
59603,Trith-Saint-Léger,59,6124,False,1.0,2.4,Le Poirier Université,87343210,Trith-Saint-Léger,True,1.0,False,11.0,3.0,2.0,2.0,42.0,41.0,06:13,21:14,15.0,Flandres,K61,11.0,3.0,20:05,0.0,12.0,6,43.0,61.0,,,,,,,,,,61.0,TER,,,,False,,,67.0,62.0,15.0,55.7,468.0,568.0,,,True,,61.0,TER,,0.0,0.98,1,,0.98
59588,Téteghem-Coudekerque-Village,59,8384,False,2.6,7.7,Bergues,87281105,Bergues,False,10.0,False,11.0,4.0,4.0,3.0,61.0,61.0,05:19,20:19,15.0,Flandres,K70,12.0,4.0,20:40,0.0,12.0,6,71.0,89.0,,,,,,,,,,89.0,TER,16.0,42.9,154.0,False,77.0,,102.0,74.0,16.0,76.6,643.0,743.0,,,False,77.0,102.0,velo+TER,77.0,13.0,1.2,1,77.0,1.38
59606,Valenciennes,59,42991,False,1.0,4.1,Valenciennes,87343004,Valenciennes,True,1.0,False,53.0,14.0,14.0,13.0,44.0,34.0,05:35,21:49,16.2,Flandres,"C60, K60, K61",52.0,14.0,21:39,0.0,5.4,6,45.0,56.4,,,,,,,,,,56.4,TER ~ velo+TER,10.8,29.1,105.0,False,52.0,,59.0,60.0,17.0,51.3,431.0,531.0,,,True,52.0,56.4,TER ~ velo+TER,52.0,0.0,0.94,1,52.0,0.94
59609,Vendeville,59,1546,True,3.9,5.2,Wattignies - Templemars,87286526,Templemars,False,10.4,False,21.0,7.0,6.0,6.0,11.0,10.0,06:22,21:22,15.0,Flandres,C40,22.0,6.0,22:27,0.0,10.7,6,21.4,38.1,79.0,18.0,38.9,31.4,51.9,05:56,19:13,0.0,False,37.0,velo ~ TER,2.6,,28.0,False,14.0,37.0,39.0,21.0,4.0,9.3,78.0,178.0,56.5,28.25,False,0.0,37.0,velo ~ velo+TER,0.0,0.0,1.76,1,14.0,1.76
59610,Verchain-Maugré,59,1102,False,8.4,10.8,Le Poirier Université,87343210,Trith-Saint-Léger,False,14.8,False,11.0,3.0,2.0,2.0,42.0,41.0,06:13,21:14,15.0,Flandres,K61,11.0,3.0,20:05,0.0,12.0,6,56.8,74.8,,,,,,,,,,74.8,TER,,,,False,,,,68.0,16.0,64.0,538.0,638.0,,,False,,,,,,1.1,0,,
59611,Verlinghem,59,2673,True,2.8,6.6,Pérenchies,87286278,Pérenchies,False,7.7,False,20.0,7.0,6.0,6.0,15.0,14.0,06:22,20:22,14.0,Flandres,C70,19.0,7.0,20:23,0.0,10.7,6,22.7,39.4,224.0,51.0,36.0,22.0,49.0,05:48,22:56,0.26,False,37.0,velo ~ TER,3.7,10.7,38.0,False,19.0,37.0,44.0,36.0,9.0,9.7,81.0,181.0,56.5,28.25,False,0.0,37.0,velo,0.0,0.0,1.03,1,19.0,1.03
59615,Vieux-Berquin,59,2649,False,1.2,4.1,Strazeele,87286203,Strazeele,False,5.0,False,20.0,7.0,6.0,7.0,40.0,39.0,05:57,19:57,14.0,Flandres,C70,19.0,7.0,20:23,0.0,10.7,6,45.0,61.7,,,,,,,,,,61.7,TER,9.4,,90.0,False,45.0,,69.0,62.0,20.0,45.1,379.0,479.0,,,False,45.0,69.0,velo+TER,45.0,7.0,1.0,1,45.0,1.11
59616,Vieux-Condé,59,10446,False,14.8,18.6,Saint-Amand-les-Eaux,87343103,Saint-Amand-les-Eaux,False,22.2,False,53.0,15.0,14.0,14.0,34.0,24.0,05:45,22:00,16.2,Flandres,"C60, K60, K61",52.0,14.0,21:39,0.0,5.0,6,56.2,67.2,,,,,,,,,,67.2,TER,8.5,22.6,81.0,False,41.0,,,53.0,6.0,51.7,434.0,534.0,,,False,41.0,,,,,1.27,0,41.0,
59009,Villeneuve-d'Ascq,59,62067,True,1.0,3.6,Ascq,87286864,Villeneuve-d'Ascq,True,1.0,False,17.0,5.0,5.0,5.0,10.0,8.0,06:40,21:42,15.0,Flandres,P81,16.0,4.0,22:08,0.0,12.0,6,11.0,29.0,7107.0,1343.0,14.1,7.0,27.1,05:14,24:22,0.45,True,27.1,TC urbain ~ TER,2.4,,25.0,False,13.0,30.0,35.0,24.0,2.0,10.2,86.0,186.0,56.5,28.25,True,28.25,27.1,TC urbain ~ TER,28.25,0.0,1.13,1,13.0,1.13
59622,Villers-en-Cauchies,59,1161,False,5.8,7.1,Cambrai,87345520,Cambrai,False,18.5,False,11.0,3.0,3.0,3.0,60.0,59.0,05:38,20:38,15.0,Flandres,K40,11.0,3.0,20:23,0.0,12.0,6,78.5,96.5,,,,,,,,,,96.5,TER,13.4,36.0,130.0,False,65.0,,,73.0,16.0,69.5,584.0,684.0,,,False,65.0,,,,,1.32,0,65.0,
59629,Vred,59,1311,False,5.6,7.9,Montigny-en-Ostrevent,87345306,Montigny-en-Ostrevent,False,13.1,False,11.0,4.0,3.0,2.0,31.0,29.0,06:08,21:05,15.0,Flandres,K40,11.0,3.0,20:23,0.0,12.0,6,44.1,62.1,,,,,,,,,,62.1,TER,9.7,26.1,94.0,False,47.0,,73.0,56.0,16.0,37.7,317.0,417.0,,,False,47.0,73.0,velo+TER,47.0,11.0,1.11,1,47.0,1.3
59630,Wahagnies,59,2605,False,1.5,4.3,Libercourt,87345256,Libercourt,False,6.7,False,44.0,13.0,13.0,13.0,18.0,16.0,05:21,21:09,15.8,Flandres,"C40, C41",42.0,13.0,22:27,0.0,5.8,6,24.7,36.5,,,,,,,,,,36.5,TER ~ velo+TER,5.1,14.9,54.0,False,27.0,,38.0,50.0,15.0,23.1,194.0,294.0,,,False,27.0,38.0,velo+TER,27.0,2.0,0.73,1,27.0,0.76
59632,Wallers,59,5598,False,1.0,4.4,Saint-Amand-les-Eaux,87343103,Saint-Amand-les-Eaux,False,12.5,False,53.0,15.0,14.0,14.0,34.0,24.0,05:45,22:00,16.2,Flandres,"C60, K60, K61",52.0,14.0,21:39,0.0,5.0,6,46.5,57.5,,,,,,,,,,57.5,TER,8.5,22.6,81.0,False,41.0,,,52.0,16.0,43.3,364.0,464.0,,,True,41.0,57.5,TER,41.0,0.0,1.11,1,41.0,1.11
59636,Wambrechies,59,10798,True,4.5,7.7,La Madeleine,87286187,Madeleine,False,16.6,False,20.0,7.0,6.0,7.0,7.0,6.0,06:30,20:30,14.0,Flandres,C70,19.0,7.0,20:23,0.0,10.7,6,23.6,40.3,728.0,127.0,26.0,17.0,39.0,05:23,24:16,1.0,False,35.0,velo ~ TC urbain,2.2,,24.0,True,12.0,35.0,46.0,36.0,11.0,14.7,123.0,223.0,56.5,28.25,False,0.0,35.0,velo ~ TC urbain,0.0,0.0,0.97,1,12.0,0.97
59637,Wandignies-Hamage,59,1318,False,7.3,9.8,Somain,87345314,Somain,False,16.2,False,11.0,4.0,3.0,2.0,37.0,36.0,06:01,20:59,15.0,Flandres,K40,11.0,3.0,20:23,0.0,12.0,6,53.2,71.2,,,,,,,,,,71.2,TER,10.8,29.1,105.0,False,52.0,,,58.0,17.0,38.0,319.0,419.0,,,False,52.0,,,,,1.23,0,52.0,
59638,Wannehain,59,1331,False,10.8,13.2,Baisieux,87286872,Baisieux,False,12.8,False,18.0,5.0,5.0,5.0,15.0,13.0,06:35,21:37,15.0,Flandres,P81,16.0,4.0,22:08,0.0,12.0,6,27.8,45.8,,,,,,,,,,45.8,TER,3.5,10.1,36.0,False,18.0,,,33.0,6.0,20.4,171.0,271.0,,,False,18.0,,,,,1.39,0,18.0,
59639,Wargnies-le-Grand,59,1101,False,10.5,12.5,Le Quesnoy,87295857,Quesnoy,False,11.1,False,24.0,6.0,6.0,6.0,49.0,47.0,05:36,21:37,16.0,Flandres,"K60, K61",22.0,6.0,20:35,0.0,12.0,6,60.1,78.1,,,,,,,,,,78.1,TER,14.1,37.4,134.0,False,67.0,,,63.0,15.0,64.3,540.0,640.0,,,False,67.0,,,,,1.24,0,67.0,
59641,Warhem,59,2022,False,6.3,9.5,Bergues,87281105,Bergues,False,10.9,False,11.0,4.0,4.0,3.0,61.0,61.0,05:19,20:19,15.0,Flandres,K70,12.0,4.0,20:40,0.0,12.0,6,71.9,89.9,,,,,,,,,,89.9,TER,16.0,42.9,154.0,False,77.0,,,73.0,16.0,73.6,618.0,718.0,,,False,77.0,,,,,1.23,0,77.0,
59646,Wasquehal,59,20836,True,1.0,3.6,Croix - Wasquehal,87286716,Wasquehal,True,1.0,False,5.0,2.0,2.0,2.0,8.0,8.0,07:43,18:43,11.0,Flandres,K80,4.0,2.0,18:09,0.0,12.0,6,9.0,27.0,3305.0,635.0,15.8,10.1,28.8,05:33,24:18,0.42,True,27.0,TER ~ TC urbain,2.4,,25.0,False,13.0,31.0,31.0,23.0,4.0,9.1,76.0,176.0,56.5,28.25,True,13.0,27.0,TER ~ TC urbain,13.0,0.0,1.17,1,13.0,1.17
59647,Watten,59,2577,False,1.0,2.8,Watten - Éperlecques,87281436,Éperlecques,False,6.6,False,9.0,3.0,3.0,4.0,56.0,55.0,05:51,20:50,15.0,Flandres,K71,9.0,3.0,21:13,0.0,12.0,6,62.6,80.6,,,,,,,,,,80.6,TER ~ velo+TER,15.7,42.0,151.0,False,75.0,,83.0,87.0,14.0,76.0,638.0,738.0,,,False,75.0,83.0,velo+TER,75.0,2.0,0.93,1,75.0,0.95
59648,Wattignies,59,15531,True,1.0,3.1,Wattignies - Templemars,87286526,Templemars,False,6.2,False,21.0,7.0,6.0,6.0,11.0,10.0,06:22,21:22,15.0,Flandres,C40,22.0,6.0,22:27,0.0,10.7,6,17.2,33.9,921.0,137.0,18.3,14.0,31.3,05:18,24:17,0.15,False,31.0,velo ~ TC urbain,2.6,,28.0,False,14.0,31.0,34.0,31.0,7.0,10.5,88.0,188.0,56.5,28.25,False,0.0,31.0,velo ~ TC urbain,0.0,0.0,1.0,1,14.0,1.0
59650,Wattrelos,59,40836,True,1.7,6.6,Tourcoing,87286542,Tourcoing,False,9.9,False,15.0,5.0,5.0,5.0,14.0,14.0,06:37,21:37,15.0,Flandres,"K80, P80",14.0,4.0,22:09,3.0,12.0,6,23.9,41.9,1039.0,152.0,33.4,26.0,46.4,05:39,23:55,0.0,False,41.9,TER ~ TC urbain,3.7,10.7,38.0,False,19.0,,51.0,35.0,8.0,15.8,133.0,233.0,56.5,28.25,False,19.0,46.4,TC urbain ~ velo+TER,28.25,4.0,1.2,1,19.0,1.33
59651,Wavrechain-sous-Denain,59,1616,False,3.1,3.7,Le Poirier Université,87343210,Trith-Saint-Léger,False,15.2,False,11.0,3.0,2.0,2.0,42.0,41.0,06:13,21:14,15.0,Flandres,K61,11.0,3.0,20:05,0.0,12.0,6,57.2,75.2,,,,,,,,,,75.2,TER,,,,False,,,,63.0,15.0,53.1,446.0,546.0,,,False,,,,,,1.19,0,,
59653,Wavrin,59,7773,True,1.0,2.0,Wavrin,87286419,Wavrin,True,1.0,False,21.0,7.0,6.0,6.0,24.0,23.0,06:21,20:48,14.4,Flandres,"C50, C51",25.0,7.0,20:47,0.0,10.7,6,25.0,41.7,143.0,41.0,56.7,28.8,69.7,07:06,20:14,0.0,False,41.7,TER ~ velo+TER,4.4,12.7,46.0,False,23.0,,43.0,48.0,20.0,19.3,162.0,262.0,56.5,28.25,True,23.0,41.7,TER ~ velo+TER,23.0,0.0,0.87,1,23.0,0.87
59654,Waziers,59,7354,False,3.1,5.5,Douai,87345009,Douai,False,9.9,False,46.0,14.0,12.0,12.0,23.0,19.0,05:51,21:57,16.1,Flandres,"C40, K40, K44, K45",48.0,13.0,22:27,0.0,5.4,6,32.9,44.3,,,,,,,,,,44.3,TER ~ velo+TER,8.3,22.1,79.0,False,40.0,,46.0,61.0,22.0,41.6,349.0,449.0,,,False,40.0,46.0,velo+TER,40.0,2.0,0.73,1,40.0,0.75
59656,Wervicq-Sud,59,5299,True,14.6,18.0,Tourcoing,87286542,Tourcoing,False,26.4,False,15.0,5.0,5.0,5.0,14.0,14.0,06:37,21:37,15.0,Flandres,"K80, P80",14.0,4.0,22:09,3.0,12.0,6,40.4,58.4,72.0,21.0,53.0,45.0,66.0,06:54,21:38,1.0,False,58.4,TER,3.7,10.7,38.0,False,19.0,,,44.0,10.0,22.4,188.0,288.0,56.5,28.25,False,19.0,66.0,TC urbain,28.25,8.0,1.33,1,19.0,1.5
59660,Willems,59,2996,True,1.5,3.4,Baisieux,87286872,Baisieux,False,4.3,False,18.0,5.0,5.0,5.0,15.0,13.0,06:35,21:37,15.0,Flandres,P81,16.0,4.0,22:08,0.0,12.0,6,19.3,37.3,20.0,12.0,55.2,50.0,68.2,07:13,17:17,0.0,False,37.3,TER ~ velo+TER,3.5,10.1,36.0,False,18.0,57.0,41.0,33.0,7.0,15.0,126.0,226.0,56.5,28.25,False,18.0,41.0,velo+TER,18.0,4.0,1.13,1,18.0,1.24
59662,Winnezeele,59,1300,False,9.7,12.4,Cassel,87281139,Bavinchove,False,17.6,False,11.0,3.0,4.0,3.0,43.0,42.0,05:37,20:37,15.0,Flandres,K70,12.0,4.0,20:40,0.0,12.0,6,60.6,78.6,,,,,,,,,,78.6,TER,12.2,32.8,118.0,False,59.0,,,61.0,19.0,51.9,436.0,536.0,,,False,59.0,,,,,1.29,0,59.0,
59663,Wormhout,59,5705,False,3.6,7.0,Esquelbecq,87281113,Esquelbecq,False,10.7,False,11.0,4.0,4.0,3.0,55.0,54.0,05:25,20:25,15.0,Flandres,K70,12.0,4.0,20:40,0.0,12.0,6,65.7,83.7,,,,,,,,,,83.7,TER,14.6,38.8,140.0,False,70.0,,98.0,67.0,18.0,60.4,507.0,607.0,,,False,70.0,98.0,velo+TER,70.0,14.0,1.25,1,70.0,1.46
59185,Écaillon,59,1910,False,3.7,6.2,Montigny-en-Ostrevent,87345306,Montigny-en-Ostrevent,False,6.1,False,11.0,4.0,3.0,2.0,31.0,29.0,06:08,21:05,15.0,Flandres,K40,11.0,3.0,20:23,0.0,12.0,6,37.1,55.1,,,,,,,,,,55.1,TER,9.7,26.1,94.0,False,47.0,,62.0,64.0,15.0,44.6,375.0,475.0,,,False,47.0,62.0,velo+TER,47.0,7.0,0.86,1,47.0,0.97
62004,Achicourt,62,7938,False,2.8,5.6,Arras,87342014,Arras,False,7.9,False,14.0,4.0,3.0,4.0,36.0,35.0,06:31,21:42,15.2,Flandres,"K44, K45",15.0,4.0,20:58,0.0,12.0,6,43.9,61.9,,,,,,,,,,61.9,TER,12.7,34.2,123.0,False,61.0,,67.0,72.0,22.0,55.7,468.0,568.0,,,False,61.0,67.0,velo+TER,61.0,5.0,0.86,1,61.0,0.93
62013,Agny,62,1879,False,7.3,9.0,Arras,87342014,Arras,False,10.4,False,14.0,4.0,3.0,4.0,36.0,35.0,06:31,21:42,15.2,Flandres,"K44, K45",15.0,4.0,20:58,0.0,12.0,6,46.4,64.4,,,,,,,,,,64.4,TER,12.7,34.2,123.0,False,61.0,,75.0,69.0,21.0,58.7,493.0,593.0,,,False,61.0,75.0,velo+TER,61.0,11.0,0.93,1,61.0,1.09
62014,Aire-sur-la-Lys,62,9585,False,3.8,10.8,Hazebrouck,87286302,Hazebrouck,False,21.6,False,45.0,16.0,15.0,13.0,35.0,32.0,04:51,21:14,16.4,Flandres,"C70, K70, K71",47.0,16.0,22:13,0.0,4.7,6,56.6,67.3,,,,,,,,,,67.3,TER,10.4,28.1,101.0,False,50.0,,,76.0,17.0,65.4,549.0,649.0,,,False,50.0,,,,,0.89,0,50.0,
62019,Aix-Noulette,62,3913,False,4.1,7.2,Lens,87345025,Lens,False,18.5,False,44.0,12.0,13.0,13.0,40.5,38.0,04:59,20:14,15.2,Flandres,"C41, C51, K51",44.0,14.0,21:40,0.0,6.2,6,59.0,71.2,,,,,,,,,,71.2,TER,9.0,24.1,87.0,False,43.0,,,69.0,22.0,49.6,417.0,517.0,,,False,43.0,,,,,1.03,0,43.0,
62032,Angres,62,4842,False,5.6,7.8,Lens,87345025,Lens,False,15.9,False,44.0,12.0,13.0,13.0,40.5,38.0,04:59,20:14,15.2,Flandres,"C41, C51, K51",44.0,14.0,21:40,0.0,6.2,6,56.4,68.6,,,,,,,,,,68.6,TER,9.0,24.1,87.0,False,43.0,,,69.0,24.0,47.2,396.0,496.0,,,False,43.0,,,,,0.99,0,43.0,
62033,Annay,62,4517,False,1.2,3.8,Pont-à-Vendin,87345264,Pont-à-Vendin,False,3.3,False,21.0,7.0,6.0,5.0,32.0,32.0,06:02,20:27,14.4,Flandres,"C51, K51",24.0,7.0,20:47,0.0,10.7,6,35.3,52.0,,,,,,,,,,52.0,TER ~ velo+TER,7.2,19.6,70.0,False,35.0,,56.0,55.0,21.0,30.0,252.0,352.0,,,False,35.0,56.0,velo+TER,35.0,4.0,0.95,1,35.0,1.02
62034,Annequin,62,2145,False,3.9,5.6,Cuinchy,87342410,Cuinchy,False,7.8,False,11.0,3.0,3.0,4.0,45.0,45.0,05:59,19:59,14.0,Flandres,C50,12.0,3.0,20:16,0.0,12.0,6,52.8,70.8,,,,,,,,,,70.8,TER,8.1,,78.0,False,39.0,,78.0,67.0,22.0,38.5,323.0,423.0,,,False,39.0,78.0,velo+TER,39.0,7.0,1.06,1,39.0,1.16
62035,Annezin,62,5813,False,1.0,3.5,Béthune,87342006,Béthune,False,9.1,False,30.0,10.0,9.0,10.0,38.0,35.0,05:49,20:46,15.0,Flandres,"C50, K50",31.0,10.0,21:06,0.0,7.5,6,47.1,60.6,,,,,,,,,,60.6,TER ~ velo+TER,9.7,26.1,94.0,False,47.0,,65.0,76.0,23.0,45.3,381.0,481.0,,,False,47.0,65.0,velo+TER,47.0,4.0,0.8,1,47.0,0.86
62037,Anzin-Saint-Aubin,62,2806,False,5.2,7.4,Arras,87342014,Arras,False,15.6,False,14.0,4.0,3.0,4.0,36.0,35.0,06:31,21:42,15.2,Flandres,"K44, K45",15.0,4.0,20:58,0.0,12.0,6,51.6,69.6,,,,,,,,,,69.6,TER,12.7,34.2,123.0,False,61.0,,77.0,68.0,20.0,56.0,470.0,570.0,,,False,61.0,77.0,velo+TER,61.0,7.0,1.02,1,61.0,1.13
62040,Arques,62,9655,False,3.3,7.6,Saint-Omer,87281444,Saint-Omer,False,14.4,False,11.0,5.0,5.0,4.0,50.0,48.0,05:57,20:57,15.0,Flandres,K71,11.0,5.0,21:13,0.0,12.0,6,64.4,82.4,,,,,,,,,,82.4,TER,14.2,37.9,136.0,False,68.0,,88.0,78.0,17.0,64.4,541.0,641.0,,,False,68.0,88.0,velo+TER,68.0,6.0,1.06,1,68.0,1.13
62041,Arras,62,42600,False,1.0,5.2,Arras,87342014,Arras,True,1.0,False,14.0,4.0,3.0,4.0,36.0,35.0,06:31,21:42,15.2,Flandres,"K44, K45",15.0,4.0,20:58,0.0,12.0,6,37.0,55.0,,,,,,,,,,55.0,TER ~ velo+TER,12.7,34.2,123.0,False,61.0,,60.0,68.0,22.0,54.1,454.0,554.0,,,True,61.0,55.0,TER ~ velo+TER,61.0,0.0,0.81,1,61.0,0.81
62042,Athies,62,1059,False,6.4,7.5,Arras,87342014,Arras,False,13.0,False,14.0,4.0,3.0,4.0,36.0,35.0,06:31,21:42,15.2,Flandres,"K44, K45",15.0,4.0,20:58,0.0,12.0,6,49.0,67.0,,,,,,,,,,67.0,TER,12.7,34.2,123.0,False,61.0,,79.0,61.0,21.0,47.9,402.0,502.0,,,False,61.0,79.0,velo+TER,61.0,12.0,1.1,1,61.0,1.3
62048,Auchel,62,10062,False,3.5,6.9,Béthune,87342006,Béthune,False,22.7,False,30.0,10.0,9.0,10.0,38.0,35.0,05:49,20:46,15.0,Flandres,"C50, K50",31.0,10.0,21:06,0.0,7.5,6,60.7,74.2,,,,,,,,,,74.2,TER,9.7,26.1,94.0,False,47.0,,,82.0,18.0,78.3,658.0,758.0,,,False,47.0,,,,,0.9,0,47.0,
62051,Auchy-les-Mines,62,4623,False,1.9,5.4,Cuinchy,87342410,Cuinchy,False,8.1,False,11.0,3.0,3.0,4.0,45.0,45.0,05:59,19:59,14.0,Flandres,C50,12.0,3.0,20:16,0.0,12.0,6,53.1,71.1,,,,,,,,,,71.1,TER,8.1,,78.0,False,39.0,,78.0,64.0,22.0,34.6,291.0,391.0,,,False,39.0,78.0,velo+TER,39.0,7.0,1.11,1,39.0,1.22
62065,Avion,62,17672,False,1.0,3.8,Lens,87345025,Lens,False,8.0,False,44.0,12.0,13.0,13.0,40.5,38.0,04:59,20:14,15.2,Flandres,"C41, C51, K51",44.0,14.0,21:40,0.0,6.2,6,48.5,60.8,,,,,,,,,,60.8,TER,9.0,24.1,87.0,False,43.0,,66.0,62.0,23.0,42.8,360.0,460.0,,,True,43.0,60.8,TER,43.0,0.0,0.98,1,43.0,0.98
62073,Bailleul-Sir-Berthoult,62,1430,False,1.0,1.7,Arras,87342014,Arras,False,14.4,False,14.0,4.0,3.0,4.0,36.0,35.0,06:31,21:42,15.2,Flandres,"K44, K45",15.0,4.0,20:58,0.0,12.0,6,50.4,68.4,,,,,,,,,,68.4,TER,12.7,34.2,123.0,False,61.0,,,63.0,21.0,46.7,392.0,492.0,,,True,61.0,68.4,TER,61.0,0.0,1.09,1,61.0,1.09
62083,Barlin,62,7366,False,7.1,10.3,Béthune,87342006,Béthune,False,17.0,False,30.0,10.0,9.0,10.0,38.0,35.0,05:49,20:46,15.0,Flandres,"C50, K50",31.0,10.0,21:06,0.0,7.5,6,55.0,68.5,,,,,,,,,,68.5,TER,9.7,26.1,94.0,False,47.0,,,72.0,21.0,56.4,474.0,574.0,,,False,47.0,,,,,0.95,0,47.0,
62099,Beaurains,62,5515,False,4.4,6.2,Arras,87342014,Arras,False,11.0,False,14.0,4.0,3.0,4.0,36.0,35.0,06:31,21:42,15.2,Flandres,"K44, K45",15.0,4.0,20:58,0.0,12.0,6,47.0,65.0,,,,,,,,,,65.0,TER,12.7,34.2,123.0,False,61.0,,71.0,68.0,20.0,56.6,475.0,575.0,,,False,61.0,71.0,velo+TER,61.0,6.0,0.96,1,61.0,1.04
62471,Bellinghem,62,1087,False,16.1,18.3,Saint-Omer,87281444,Saint-Omer,False,20.0,False,11.0,5.0,5.0,4.0,50.0,48.0,05:57,20:57,15.0,Flandres,K71,11.0,5.0,21:13,0.0,12.0,6,70.0,88.0,,,,,,,,,,88.0,TER,14.2,37.9,136.0,False,68.0,,,85.0,17.0,76.2,640.0,740.0,,,False,68.0,,,,,1.04,0,68.0,
62126,Beuvry,62,9111,False,1.0,4.8,Beuvry lès Béthune,87342402,Beuvry,True,1.0,False,11.0,3.0,3.0,4.0,50.0,50.0,05:54,19:54,14.0,Flandres,C50,12.0,3.0,20:16,0.0,12.0,6,51.0,69.0,,,,,,,,,,69.0,TER ~ velo+TER,8.8,23.6,85.0,False,42.0,,71.0,69.0,20.0,38.7,325.0,425.0,,,True,42.0,69.0,TER ~ velo+TER,42.0,0.0,1.0,1,42.0,1.0
62128,Biache-Saint-Vaast,62,4481,False,1.0,2.9,Billy-Montigny,87345140,Billy-Montigny,False,21.5,False,23.0,6.0,7.0,7.0,32.0,31.0,05:06,20:18,15.2,Flandres,C41,20.0,7.0,21:40,0.0,12.0,6,53.5,71.5,,,,,,,,,,71.5,TER,8.1,21.6,78.0,False,39.0,,,62.0,23.0,43.3,364.0,464.0,,,True,39.0,71.5,TER,39.0,0.0,1.15,1,39.0,1.15
62132,Billy-Berclau,62,5059,False,3.1,5.8,Bauvin - Provin,87345280,Bauvin,False,8.3,False,21.0,7.0,6.0,6.0,27.0,27.0,06:07,20:35,14.5,Flandres,"C51, K51",24.0,7.0,20:47,0.0,10.7,6,35.3,52.0,,,,,,,,,,52.0,TER,6.0,17.1,61.0,False,31.0,,59.0,58.0,21.0,27.8,234.0,334.0,,,False,31.0,59.0,velo+TER,31.0,7.0,0.9,1,31.0,1.02
62133,Billy-Montigny,62,8117,False,1.0,1.8,Billy-Montigny,87345140,Billy-Montigny,True,1.0,False,23.0,6.0,7.0,7.0,32.0,31.0,05:06,20:18,15.2,Flandres,C41,20.0,7.0,21:40,0.0,12.0,6,33.0,51.0,,,,,,,,,,51.0,TER ~ velo+TER,8.1,21.6,78.0,False,39.0,,52.0,60.0,24.0,35.1,295.0,395.0,,,True,39.0,51.0,TER ~ velo+TER,39.0,0.0,0.85,1,39.0,0.85
62160,Boulogne-sur-Mer,62,40910,False,1.0,2.7,Boulogne sur Mer,87317586,Boulogne-sur-Mer,True,1.0,True,3.0,1.0,2.0,1.0,62.0,60.0,05:34,18:46,13.2,Europe,K94+,3.0,1.0,20:40,0.0,12.0,6,63.0,81.0,,,,,,,,,,81.0,TER,27.2,,269.0,True,135.0,,87.0,106.0,12.0,145.2,1220.0,1320.0,,,True,135.0,81.0,TER,135.0,0.0,0.76,1,135.0,0.76
62164,Bourlon,62,1140,False,11.9,15.7,Cambrai,87345520,Cambrai,False,17.5,False,11.0,3.0,3.0,3.0,60.0,59.0,05:38,20:38,15.0,Flandres,K40,11.0,3.0,20:23,0.0,12.0,6,77.5,95.5,,,,,,,,,,95.5,TER,13.4,36.0,130.0,False,65.0,,,69.0,19.0,67.9,570.0,670.0,,,False,65.0,,,,,1.38,0,65.0,
62170,Bouvigny-Boyeffles,62,2371,False,5.2,8.8,Lens,87345025,Lens,False,17.4,False,44.0,12.0,13.0,13.0,40.5,38.0,04:59,20:14,15.2,Flandres,"C41, C51, K51",44.0,14.0,21:40,0.0,6.2,6,57.9,70.2,,,,,,,,,,70.2,TER,9.0,24.1,87.0,False,43.0,,,68.0,22.0,50.6,425.0,525.0,,,False,43.0,,,,,1.03,0,43.0,
62173,Brebières,62,5169,False,1.0,2.8,Douai,87345009,Douai,False,14.8,False,46.0,14.0,12.0,12.0,23.0,19.0,05:51,21:57,16.1,Flandres,"C40, K40, K44, K45",48.0,13.0,22:27,0.0,5.4,6,37.8,49.2,,,,,,,,,,49.2,TER,8.3,22.1,79.0,False,40.0,,,62.0,22.0,43.6,366.0,466.0,,,True,40.0,49.2,TER,40.0,0.0,0.79,1,40.0,0.79
62178,Bruay-la-Buissière,62,21827,False,2.1,7.0,Béthune,87342006,Béthune,False,17.1,False,30.0,10.0,9.0,10.0,38.0,35.0,05:49,20:46,15.0,Flandres,"C50, K50",31.0,10.0,21:06,0.0,7.5,6,55.1,68.6,,,,,,,,,,68.6,TER,9.7,26.1,94.0,False,47.0,,,78.0,20.0,65.2,548.0,648.0,,,False,47.0,,,,,0.88,0,47.0,
62181,Bucquoy,62,1480,False,6.0,7.7,Arras,87342014,Arras,False,26.7,False,14.0,4.0,3.0,4.0,36.0,35.0,06:31,21:42,15.2,Flandres,"K44, K45",15.0,4.0,20:58,0.0,12.0,6,62.7,80.7,,,,,,,,,,80.7,TER,12.7,34.2,123.0,False,61.0,,,82.0,19.0,73.8,620.0,720.0,,,False,61.0,,,,,0.98,0,61.0,
62186,Bully-les-Mines,62,12221,False,1.0,3.4,Lens,87345025,Lens,False,16.2,False,44.0,12.0,13.0,13.0,40.5,38.0,04:59,20:14,15.2,Flandres,"C41, C51, K51",44.0,14.0,21:40,0.0,6.2,6,56.7,69.0,,,,,,,,,,69.0,TER,9.0,24.1,87.0,False,43.0,,,68.0,22.0,46.5,391.0,491.0,,,True,43.0,69.0,TER,43.0,0.0,1.01,1,43.0,1.01
62188,Burbure,62,2819,False,3.3,6.0,Béthune,87342006,Béthune,False,19.6,False,30.0,10.0,9.0,10.0,38.0,35.0,05:49,20:46,15.0,Flandres,"C50, K50",31.0,10.0,21:06,0.0,7.5,6,57.6,71.1,,,,,,,,,,71.1,TER,9.7,26.1,94.0,False,47.0,,,80.0,19.0,75.4,633.0,733.0,,,False,47.0,,,,,0.89,0,47.0,
62190,Busnes,62,1245,False,4.5,7.3,Béthune,87342006,Béthune,False,20.1,False,30.0,10.0,9.0,10.0,38.0,35.0,05:49,20:46,15.0,Flandres,"C50, K50",31.0,10.0,21:06,0.0,7.5,6,58.1,71.6,,,,,,,,,,71.6,TER,9.7,26.1,94.0,False,47.0,,,78.0,18.0,52.5,441.0,541.0,,,False,47.0,,,,,0.92,0,47.0,
62119,Béthune,62,24992,False,1.0,4.7,Béthune,87342006,Béthune,True,1.0,False,30.0,10.0,9.0,10.0,38.0,35.0,05:49,20:46,15.0,Flandres,"C50, K50",31.0,10.0,21:06,0.0,7.5,6,39.0,52.5,,,,,,,,,,52.5,TER ~ velo+TER,9.7,26.1,94.0,False,47.0,,57.0,74.0,22.0,44.0,370.0,470.0,,,True,47.0,52.5,TER ~ velo+TER,47.0,0.0,0.71,1,47.0,0.71
62193,Calais,62,67380,False,1.0,2.9,Calais Ville,87317263,Calais,True,1.0,False,9.0,3.0,3.0,3.0,78.0,78.0,05:29,20:29,15.0,Flandres,K71,9.0,3.0,21:13,0.0,12.0,6,79.0,97.0,,,,,,,,,,97.0,TER,21.0,57.1,206.0,False,103.0,,106.0,92.0,13.0,113.8,956.0,1056.0,,,True,103.0,97.0,TER,103.0,0.0,1.05,1,103.0,1.05
62194,Calonne-Ricouart,62,5463,False,1.0,3.0,Calonne-Ricouart,87342543,Calonne-Ricouart,True,1.0,True,4.0,1.0,1.0,1.0,52.0,51.0,06:03,18:02,12.0,Flandres,"C50, K50",3.0,1.0,19:06,0.0,12.0,6,53.0,71.0,,,,,,,,,,71.0,TER ~ velo+TER,12.0,32.3,116.0,False,58.0,,75.0,79.0,20.0,66.6,559.0,659.0,,,True,58.0,71.0,TER ~ velo+TER,58.0,0.0,0.9,1,58.0,0.9
62195,Calonne-sur-la-Lys,62,1560,False,13.1,16.1,Beuvry lès Béthune,87342402,Beuvry,False,20.2,False,11.0,3.0,3.0,4.0,50.0,50.0,05:54,19:54,14.0,Flandres,C50,12.0,3.0,20:16,0.0,12.0,6,70.2,88.2,,,,,,,,,,88.2,TER,8.8,23.6,85.0,False,42.0,,,70.0,20.0,45.4,381.0,481.0,,,False,42.0,,,,,1.26,0,42.0,
62200,Cambrin,62,1228,False,1.9,3.8,Cuinchy,87342410,Cuinchy,False,4.7,False,11.0,3.0,3.0,4.0,45.0,45.0,05:59,19:59,14.0,Flandres,C50,12.0,3.0,20:16,0.0,12.0,6,49.7,67.7,,,,,,,,,,67.7,TER ~ velo+TER,8.1,,78.0,False,39.0,,70.0,65.0,24.0,36.6,307.0,407.0,,,False,39.0,70.0,velo+TER,39.0,2.0,1.04,1,39.0,1.08
62215,Carvin,62,17852,False,2.5,7.8,Bauvin - Provin,87345280,Bauvin,False,9.6,False,21.0,7.0,6.0,6.0,27.0,27.0,06:07,20:35,14.5,Flandres,"C51, K51",24.0,7.0,20:47,0.0,10.7,6,36.6,53.3,,,,,,,,,,53.3,TER,6.0,17.1,61.0,False,31.0,,64.0,51.0,20.0,25.0,210.0,310.0,,,False,31.0,64.0,velo+TER,31.0,11.0,1.05,1,31.0,1.25
62224,Chocques,62,2824,False,1.0,1.8,Béthune,87342006,Béthune,False,9.3,False,30.0,10.0,9.0,10.0,38.0,35.0,05:49,20:46,15.0,Flandres,"C50, K50",31.0,10.0,21:06,0.0,7.5,6,47.3,60.8,,,,,,,,,,60.8,TER,9.7,26.1,94.0,False,47.0,,,79.0,21.0,67.1,564.0,664.0,,,True,47.0,60.8,TER,47.0,0.0,0.77,1,47.0,0.77
62240,Corbehem,62,2266,False,1.0,2.8,Douai,87345009,Douai,False,15.2,False,46.0,14.0,12.0,12.0,23.0,19.0,05:51,21:57,16.1,Flandres,"C40, K40, K44, K45",48.0,13.0,22:27,0.0,5.4,6,38.2,49.6,,,,,,,,,,49.6,TER,8.3,22.1,79.0,False,40.0,,,63.0,22.0,43.6,366.0,466.0,,,True,40.0,49.6,TER,40.0,0.0,0.79,1,40.0,0.79
62249,Courcelles-lès-Lens,62,8213,False,3.3,6.2,Dourges,87345165,Dourges,False,9.0,False,23.0,6.0,7.0,7.0,24.0,23.0,05:14,20:26,15.2,Flandres,C41,20.0,7.0,21:40,0.0,12.0,6,33.0,51.0,,,,,,,,,,51.0,TER,6.8,18.6,67.0,False,33.0,,57.0,55.0,22.0,32.5,273.0,373.0,,,False,33.0,57.0,velo+TER,33.0,6.0,0.93,1,33.0,1.04
62250,Courrières,62,10199,False,4.4,7.7,Dourges,87345165,Dourges,False,9.9,False,23.0,6.0,7.0,7.0,24.0,23.0,05:14,20:26,15.2,Flandres,C41,20.0,7.0,21:40,0.0,12.0,6,33.9,51.9,,,,,,,,,,51.9,TER,6.8,18.6,67.0,False,33.0,,61.0,55.0,22.0,28.3,238.0,338.0,,,False,33.0,61.0,velo+TER,33.0,9.0,0.94,1,33.0,1.11
62262,Cuinchy,62,1754,False,1.0,1.9,Cuinchy,87342410,Cuinchy,True,1.0,False,11.0,3.0,3.0,4.0,45.0,45.0,05:59,19:59,14.0,Flandres,C50,12.0,3.0,20:16,0.0,12.0,6,46.0,64.0,,,,,,,,,,64.0,TER ~ velo+TER,8.1,,78.0,False,39.0,,66.0,64.0,23.0,36.5,307.0,407.0,,,True,39.0,64.0,TER ~ velo+TER,39.0,0.0,1.0,1,39.0,1.0
62263,Dainville,62,5703,False,7.8,9.7,Arras,87342014,Arras,False,12.9,False,14.0,4.0,3.0,4.0,36.0,35.0,06:31,21:42,15.2,Flandres,"K44, K45",15.0,4.0,20:58,0.0,12.0,6,48.9,66.9,,,,,,,,,,66.9,TER,12.7,34.2,123.0,False,61.0,,79.0,74.0,22.0,57.7,485.0,585.0,,,False,61.0,79.0,velo+TER,61.0,12.0,0.9,1,61.0,1.07
62274,Dourges,62,5997,False,1.0,2.7,Dourges,87345165,Dourges,True,1.0,False,23.0,6.0,7.0,7.0,24.0,23.0,05:14,20:26,15.2,Flandres,C41,20.0,7.0,21:40,0.0,12.0,6,25.0,43.0,,,,,,,,,,43.0,TER ~ velo+TER,6.8,18.6,67.0,False,33.0,,47.0,55.0,19.0,30.7,258.0,358.0,,,True,33.0,43.0,TER ~ velo+TER,33.0,0.0,0.78,1,33.0,0.78
62276,Douvrin,62,5795,False,1.0,4.9,La Bassée,87342436,Bassée,False,6.5,False,30.0,11.0,9.0,9.0,27.0,25.0,06:04,20:57,14.9,Flandres,"C50, K50",31.0,10.0,21:06,0.0,6.8,6,33.5,46.3,,,,,,,,,,46.3,TER,7.0,19.1,69.0,False,34.0,,52.0,59.0,22.0,32.0,269.0,369.0,,,False,34.0,52.0,velo+TER,34.0,6.0,0.78,1,34.0,0.88
62277,Drocourt,62,2943,False,3.7,5.4,Billy-Montigny,87345140,Billy-Montigny,False,8.7,False,23.0,6.0,7.0,7.0,32.0,31.0,05:06,20:18,15.2,Flandres,C41,20.0,7.0,21:40,0.0,12.0,6,40.7,58.7,,,,,,,,,,58.7,TER,8.1,21.6,78.0,False,39.0,,67.0,56.0,22.0,35.9,302.0,402.0,,,False,39.0,67.0,velo+TER,39.0,8.0,1.05,1,39.0,1.2
62279,Duisans,62,1383,False,3.7,5.9,Arras,87342014,Arras,False,18.4,False,14.0,4.0,3.0,4.0,36.0,35.0,06:31,21:42,15.2,Flandres,"K44, K45",15.0,4.0,20:58,0.0,12.0,6,54.4,72.4,,,,,,,,,,72.4,TER,12.7,34.2,123.0,False,61.0,,,75.0,22.0,61.9,520.0,620.0,,,False,61.0,,,,,0.97,0,61.0,
62310,Essars,62,1755,False,5.1,6.8,Beuvry lès Béthune,87342402,Beuvry,False,10.1,False,11.0,3.0,3.0,4.0,50.0,50.0,05:54,19:54,14.0,Flandres,C50,12.0,3.0,20:16,0.0,12.0,6,60.1,78.1,,,,,,,,,,78.1,TER ~ velo+TER,8.8,23.6,85.0,False,42.0,,82.0,70.0,21.0,40.5,340.0,440.0,,,False,42.0,82.0,velo+TER,42.0,4.0,1.12,1,42.0,1.17
62311,Estevelles,62,2024,False,3.8,5.8,Meurchin,87345272,Meurchin,False,8.5,False,10.0,3.0,3.0,3.0,42.0,42.0,06:31,20:31,14.0,Flandres,C51,13.0,4.0,20:47,0.0,12.0,6,50.5,68.5,,,,,,,,,,68.5,TER ~ velo+TER,6.5,18.1,65.0,False,32.0,,72.0,54.0,21.0,27.9,234.0,334.0,,,False,32.0,72.0,velo+TER,32.0,4.0,1.27,1,32.0,1.33
62323,Fampoux,62,1219,False,2.1,3.8,Arras,87342014,Arras,False,16.0,False,14.0,4.0,3.0,4.0,36.0,35.0,06:31,21:42,15.2,Flandres,"K44, K45",15.0,4.0,20:58,0.0,12.0,6,52.0,70.0,,,,,,,,,,70.0,TER,12.7,34.2,123.0,False,61.0,,,63.0,21.0,47.0,395.0,495.0,,,False,61.0,,,,,1.11,0,61.0,
62330,Festubert,62,1266,False,2.9,4.8,Cuinchy,87342410,Cuinchy,False,3.8,False,11.0,3.0,3.0,4.0,45.0,45.0,05:59,19:59,14.0,Flandres,C50,12.0,3.0,20:16,0.0,12.0,6,48.8,66.8,,,,,,,,,,66.8,TER,8.1,,78.0,False,39.0,,77.0,63.0,22.0,33.8,284.0,384.0,,,False,39.0,77.0,velo+TER,39.0,10.0,1.06,1,39.0,1.22
62331,Feuchy,62,1015,False,6.3,7.8,Arras,87342014,Arras,False,13.0,False,14.0,4.0,3.0,4.0,36.0,35.0,06:31,21:42,15.2,Flandres,"K44, K45",15.0,4.0,20:58,0.0,12.0,6,49.0,67.0,,,,,,,,,,67.0,TER,12.7,34.2,123.0,False,61.0,,78.0,63.0,21.0,52.2,438.0,538.0,,,False,61.0,78.0,velo+TER,61.0,11.0,1.06,1,61.0,1.24
62338,Fleurbaix,62,2862,False,5.6,8.1,Armentières,87286146,Armentières,False,11.7,False,45.0,16.0,15.0,11.0,15.0,14.0,05:13,21:33,16.3,Flandres,"C70, K70, K71",47.0,16.0,22:13,0.0,4.7,6,26.7,37.4,,,,,,,,,,37.4,TER,5.3,15.5,56.0,False,28.0,,,51.0,20.0,24.5,206.0,306.0,,,False,28.0,,,,,0.73,0,28.0,
62349,Fouquereuil,62,1632,False,1.0,2.8,Béthune,87342006,Béthune,False,7.0,False,30.0,10.0,9.0,10.0,38.0,35.0,05:49,20:46,15.0,Flandres,"C50, K50",31.0,10.0,21:06,0.0,7.5,6,45.0,58.5,,,,,,,,,,58.5,TER,9.7,26.1,94.0,False,47.0,,66.0,77.0,22.0,47.7,401.0,501.0,,,True,47.0,58.5,TER,47.0,0.0,0.76,1,47.0,0.76
62350,Fouquières-lès-Béthune,62,1115,False,3.0,4.6,Béthune,87342006,Béthune,False,7.4,False,30.0,10.0,9.0,10.0,38.0,35.0,05:49,20:46,15.0,Flandres,"C50, K50",31.0,10.0,21:06,0.0,7.5,6,45.4,58.9,,,,,,,,,,58.9,TER ~ velo+TER,9.7,26.1,94.0,False,47.0,,63.0,74.0,23.0,45.9,386.0,486.0,,,False,47.0,63.0,velo+TER,47.0,4.0,0.8,1,47.0,0.85
62351,Fouquières-lès-Lens,62,6233,False,1.6,3.5,Billy-Montigny,87345140,Billy-Montigny,False,6.9,False,23.0,6.0,7.0,7.0,32.0,31.0,05:06,20:18,15.2,Flandres,C41,20.0,7.0,21:40,0.0,12.0,6,38.9,56.9,,,,,,,,,,56.9,TER ~ velo+TER,8.1,21.6,78.0,False,39.0,,59.0,59.0,23.0,34.4,289.0,389.0,,,False,39.0,59.0,velo+TER,39.0,2.0,0.96,1,39.0,1.0
62371,Givenchy-en-Gohelle,62,2026,False,5.1,6.9,Lens,87345025,Lens,False,13.0,False,44.0,12.0,13.0,13.0,40.5,38.0,04:59,20:14,15.2,Flandres,"C41, C51, K51",44.0,14.0,21:40,0.0,6.2,6,53.5,65.8,,,,,,,,,,65.8,TER,9.0,24.1,87.0,False,43.0,,,67.0,23.0,45.8,385.0,485.0,,,False,43.0,,,,,0.98,0,43.0,
62373,Givenchy-lès-la-Bassée,62,1006,False,1.0,3.2,Cuinchy,87342410,Cuinchy,False,4.9,False,11.0,3.0,3.0,4.0,45.0,45.0,05:59,19:59,14.0,Flandres,C50,12.0,3.0,20:16,0.0,12.0,6,49.9,67.9,,,,,,,,,,67.9,TER ~ velo+TER,8.1,,78.0,False,39.0,,71.0,61.0,21.0,31.8,267.0,367.0,,,False,39.0,71.0,velo+TER,39.0,3.0,1.11,1,39.0,1.16
62376,Gonnehem,62,2507,False,3.7,6.5,Béthune,87342006,Béthune,False,15.2,False,30.0,10.0,9.0,10.0,38.0,35.0,05:49,20:46,15.0,Flandres,"C50, K50",31.0,10.0,21:06,0.0,7.5,6,53.2,66.7,,,,,,,,,,66.7,TER,9.7,26.1,94.0,False,47.0,,,81.0,21.0,50.9,428.0,528.0,,,False,47.0,,,,,0.82,0,47.0,
62383,Gouy-sous-Bellonne,62,1396,False,5.0,7.0,Douai,87345009,Douai,False,18.1,False,46.0,14.0,12.0,12.0,23.0,19.0,05:51,21:57,16.1,Flandres,"C40, K40, K44, K45",48.0,13.0,22:27,0.0,5.4,6,41.1,52.5,,,,,,,,,,52.5,TER,8.3,22.1,79.0,False,40.0,,,65.0,22.0,46.0,386.0,486.0,,,False,40.0,,,,,0.81,0,40.0,
62386,Grenay,62,6704,False,1.0,3.1,Lens,87345025,Lens,False,15.8,False,44.0,12.0,13.0,13.0,40.5,38.0,04:59,20:14,15.2,Flandres,"C41, C51, K51",44.0,14.0,21:40,0.0,6.2,6,56.3,68.6,,,,,,,,,,68.6,TER,9.0,24.1,87.0,False,43.0,,,68.0,22.0,46.1,387.0,487.0,,,False,43.0,,,,,1.01,0,43.0,
62391,Guarbecque,62,1369,False,1.1,4.5,Hazebrouck,87286302,Hazebrouck,False,28.0,False,45.0,16.0,15.0,13.0,35.0,32.0,04:51,21:14,16.4,Flandres,"C70, K70, K71",47.0,16.0,22:13,0.0,4.7,6,63.0,73.7,,,,,,,,,,73.7,TER,10.4,28.1,101.0,False,50.0,,,82.0,18.0,55.2,464.0,564.0,,,False,50.0,,,,,0.9,0,50.0,
62400,Haillicourt,62,4884,False,7.4,10.2,Béthune,87342006,Béthune,False,15.4,False,30.0,10.0,9.0,10.0,38.0,35.0,05:49,20:46,15.0,Flandres,"C50, K50",31.0,10.0,21:06,0.0,7.5,6,53.4,66.9,,,,,,,,,,66.9,TER,9.7,26.1,94.0,False,47.0,,,75.0,21.0,61.4,516.0,616.0,,,False,47.0,,,,,0.89,0,47.0,
62401,Haisnes,62,4427,False,1.0,4.7,La Bassée,87342436,Bassée,False,8.0,False,30.0,11.0,9.0,9.0,27.0,25.0,06:04,20:57,14.9,Flandres,"C50, K50",31.0,10.0,21:06,0.0,6.8,6,35.0,47.8,,,,,,,,,,47.8,TER,7.0,19.1,69.0,False,34.0,,56.0,62.0,22.0,34.5,290.0,390.0,,,False,34.0,56.0,velo+TER,34.0,8.0,0.77,1,34.0,0.9
62412,Hardinghen,62,1219,False,4.3,7.2,Calais - Fréthun,87281071,Fréthun,False,21.3,False,5.0,3.0,3.0,2.0,28.0,28.0,06:07,19:18,13.2,Europe,"K92+, K94+",5.0,2.0,20:40,0.0,12.0,6,49.3,67.3,,,,,,,,,,67.3,TER,21.8,,190.0,False,95.0,,,106.0,11.0,126.9,1066.0,1166.0,,,False,95.0,,,,,0.63,0,95.0,
62413,Harnes,62,12317,False,1.8,5.4,Pont-à-Vendin,87345264,Pont-à-Vendin,False,7.5,False,21.0,7.0,6.0,5.0,32.0,32.0,06:02,20:27,14.4,Flandres,"C51, K51",24.0,7.0,20:47,0.0,10.7,6,39.5,56.2,,,,,,,,,,56.2,TER,7.2,19.6,70.0,False,35.0,,64.0,55.0,21.0,29.7,249.0,349.0,,,False,35.0,64.0,velo+TER,35.0,8.0,1.02,1,35.0,1.16
62443,Hersin-Coupigny,62,6147,False,4.4,7.8,Béthune,87342006,Béthune,False,20.3,False,30.0,10.0,9.0,10.0,38.0,35.0,05:49,20:46,15.0,Flandres,"C50, K50",31.0,10.0,21:06,0.0,7.5,6,58.3,71.8,,,,,,,,,,71.8,TER,9.7,26.1,94.0,False,47.0,,,70.0,21.0,53.3,448.0,548.0,,,False,47.0,,,,,1.03,0,47.0,
62452,Heuringhem,62,1379,False,9.8,11.9,Saint-Omer,87281444,Saint-Omer,False,15.1,False,11.0,5.0,5.0,4.0,50.0,48.0,05:57,20:57,15.0,Flandres,K71,11.0,5.0,21:13,0.0,12.0,6,65.1,83.1,,,,,,,,,,83.1,TER,14.2,37.9,136.0,False,68.0,,,80.0,17.0,69.0,580.0,680.0,,,False,68.0,,,,,1.04,0,68.0,
62454,Hinges,62,2417,False,6.6,9.6,Béthune,87342006,Béthune,False,15.1,False,30.0,10.0,9.0,10.0,38.0,35.0,05:49,20:46,15.0,Flandres,"C50, K50",31.0,10.0,21:06,0.0,7.5,6,53.1,66.6,,,,,,,,,,66.6,TER,9.7,26.1,94.0,False,47.0,,,75.0,18.0,50.0,420.0,520.0,,,False,47.0,,,,,0.89,0,47.0,
62457,Houdain,62,7030,False,7.7,10.0,Béthune,87342006,Béthune,False,18.0,False,30.0,10.0,9.0,10.0,38.0,35.0,05:49,20:46,15.0,Flandres,"C50, K50",31.0,10.0,21:06,0.0,7.5,6,56.0,69.5,,,,,,,,,,69.5,TER,9.7,26.1,94.0,False,47.0,,,72.0,21.0,59.5,500.0,600.0,,,False,47.0,,,,,0.97,0,47.0,
62464,Hulluch,62,3367,False,5.2,6.6,Pont-à-Vendin,87345264,Pont-à-Vendin,False,12.6,False,21.0,7.0,6.0,5.0,32.0,32.0,06:02,20:27,14.4,Flandres,"C51, K51",24.0,7.0,20:47,0.0,10.7,6,44.6,61.3,,,,,,,,,,61.3,TER,7.2,19.6,70.0,False,35.0,,73.0,63.0,22.0,36.1,303.0,403.0,,,False,35.0,73.0,velo+TER,35.0,12.0,0.97,1,35.0,1.16
62427,Hénin-Beaumont,62,26035,False,1.0,3.1,Hénin-Beaumont,87345157,Hénin-Beaumont,True,1.0,False,23.0,6.0,7.0,7.0,28.0,27.0,05:10,20:22,15.2,Flandres,C41,20.0,7.0,21:40,0.0,12.0,6,29.0,47.0,,,,,,,,,,47.0,TER ~ velo+TER,7.5,20.1,72.0,False,36.0,,52.0,58.0,22.0,34.9,293.0,393.0,,,True,36.0,47.0,TER ~ velo+TER,36.0,0.0,0.81,1,36.0,0.81
62476,Izel-lès-Équerchin,62,1058,False,6.0,7.4,Hénin-Beaumont,87345157,Hénin-Beaumont,False,12.9,False,23.0,6.0,7.0,7.0,28.0,27.0,05:10,20:22,15.2,Flandres,C41,20.0,7.0,21:40,0.0,12.0,6,40.9,58.9,,,,,,,,,,58.9,TER,7.5,20.1,72.0,False,36.0,,,60.0,22.0,40.9,344.0,444.0,,,False,36.0,,,,,0.98,0,36.0,
62252,La Couture,62,2616,False,7.3,12.3,Beuvry lès Béthune,87342402,Beuvry,False,13.2,False,11.0,3.0,3.0,4.0,50.0,50.0,05:54,19:54,14.0,Flandres,C50,12.0,3.0,20:16,0.0,12.0,6,63.2,81.2,,,,,,,,,,81.2,TER,8.8,23.6,85.0,False,42.0,,93.0,65.0,18.0,37.6,316.0,416.0,,,False,42.0,93.0,velo+TER,42.0,12.0,1.25,1,42.0,1.43
62479,Labeuvrière,62,1654,False,2.1,4.6,Béthune,87342006,Béthune,False,8.0,False,30.0,10.0,9.0,10.0,38.0,35.0,05:49,20:46,15.0,Flandres,"C50, K50",31.0,10.0,21:06,0.0,7.5,6,46.0,59.5,,,,,,,,,,59.5,TER,9.7,26.1,94.0,False,47.0,,76.0,78.0,20.0,66.6,559.0,659.0,,,False,47.0,76.0,velo+TER,47.0,16.0,0.76,1,47.0,0.97
62480,Labourse,62,2894,False,1.8,5.1,Béthune,87342006,Béthune,False,8.7,False,30.0,10.0,9.0,10.0,38.0,35.0,05:49,20:46,15.0,Flandres,"C50, K50",31.0,10.0,21:06,0.0,7.5,6,46.7,60.2,,,,,,,,,,60.2,TER,9.7,26.1,94.0,False,47.0,,74.0,74.0,20.0,66.6,559.0,659.0,,,False,47.0,74.0,velo+TER,47.0,14.0,0.81,1,47.0,1.0
62489,Lapugnoy,62,3518,False,1.0,3.1,Béthune,87342006,Béthune,False,15.7,False,30.0,10.0,9.0,10.0,38.0,35.0,05:49,20:46,15.0,Flandres,"C50, K50",31.0,10.0,21:06,0.0,7.5,6,53.7,67.2,,,,,,,,,,67.2,TER,9.7,26.1,94.0,False,47.0,,,83.0,19.0,68.6,576.0,676.0,,,False,47.0,,,,,0.81,0,47.0,
62491,Laventie,62,4969,False,8.1,14.4,Salomé,87342451,Salomé,False,17.5,False,11.0,4.0,3.0,3.0,37.0,37.0,06:07,20:07,14.0,Flandres,C50,12.0,3.0,20:16,0.0,12.0,6,54.5,72.5,,,,,,,,,,72.5,TER,6.5,,64.0,True,32.0,,,56.0,19.0,29.8,250.0,350.0,,,False,32.0,,,,,1.29,0,32.0,
62497,Leforest,62,7179,False,1.0,2.8,Leforest,87345223,Leforest,True,1.0,False,21.0,7.0,6.0,7.0,33.0,31.0,06:00,21:00,15.0,Flandres,C40,22.0,6.0,22:27,0.0,10.7,6,34.0,50.7,,,,,,,,,,50.7,TER,6.8,18.6,67.0,False,33.0,,57.0,55.0,19.0,30.0,252.0,352.0,,,True,33.0,50.7,TER,33.0,0.0,0.92,1,33.0,0.92
62498,Lens,62,32618,False,1.0,4.0,Lens,87345025,Lens,True,1.0,False,44.0,12.0,13.0,13.0,40.5,38.0,04:59,20:14,15.2,Flandres,"C41, C51, K51",44.0,14.0,21:40,0.0,6.2,6,41.5,53.8,,,,,,,,,,53.8,TER,9.0,24.1,87.0,False,43.0,,60.0,63.0,22.0,39.9,335.0,435.0,,,True,43.0,53.8,TER,43.0,0.0,0.85,1,43.0,0.85
62502,Lestrem,62,5073,False,10.8,16.5,Beuvry lès Béthune,87342402,Beuvry,False,20.8,False,11.0,3.0,3.0,4.0,50.0,50.0,05:54,19:54,14.0,Flandres,C50,12.0,3.0,20:16,0.0,12.0,6,70.8,88.8,,,,,,,,,,88.8,TER,8.8,23.6,85.0,False,42.0,,,66.0,20.0,40.3,339.0,439.0,,,False,42.0,,,,,1.35,0,42.0,
62907,Libercourt,62,8138,False,1.0,2.8,Libercourt,87345256,Libercourt,True,1.0,False,44.0,13.0,13.0,13.0,18.0,16.0,05:21,21:09,15.8,Flandres,"C40, C41",42.0,13.0,22:27,0.0,5.8,6,19.0,30.8,,,,,,,,,,30.8,TER ~ velo+TER,5.1,14.9,54.0,False,27.0,,34.0,44.0,18.0,22.5,189.0,289.0,,,True,27.0,30.8,TER ~ velo+TER,27.0,0.0,0.7,1,27.0,0.7
62516,Lillers,62,9988,False,1.0,2.5,Béthune,87342006,Béthune,False,16.6,False,30.0,10.0,9.0,10.0,38.0,35.0,05:49,20:46,15.0,Flandres,"C50, K50",31.0,10.0,21:06,0.0,7.5,6,54.6,68.1,,,,,,,,,,68.1,TER,9.7,26.1,94.0,False,47.0,,,80.0,19.0,74.3,624.0,724.0,,,True,47.0,68.1,TER,47.0,0.0,0.85,1,47.0,0.85
62510,Liévin,62,30149,False,1.0,4.3,Lens,87345025,Lens,False,10.0,False,44.0,12.0,13.0,13.0,40.5,38.0,04:59,20:14,15.2,Flandres,"C41, C51, K51",44.0,14.0,21:40,0.0,6.2,6,50.5,62.8,,,,,,,,,,62.8,TER,9.0,24.1,87.0,False,43.0,,73.0,64.0,23.0,44.8,376.0,476.0,,,True,43.0,62.8,TER,43.0,0.0,0.98,1,43.0,0.98
62520,Locon,62,2342,False,7.0,9.7,Beuvry lès Béthune,87342402,Beuvry,False,12.1,False,11.0,3.0,3.0,4.0,50.0,50.0,05:54,19:54,14.0,Flandres,C50,12.0,3.0,20:16,0.0,12.0,6,62.1,80.1,,,,,,,,,,80.1,TER,8.8,23.6,85.0,False,42.0,,90.0,69.0,17.0,41.7,350.0,450.0,,,False,42.0,90.0,velo+TER,42.0,10.0,1.16,1,42.0,1.3
62523,Loison-sous-Lens,62,5255,False,1.0,2.3,Loison-sous-Lens,87345231,Loison-sous-Lens,True,1.0,False,10.0,3.0,3.0,2.0,51.0,51.0,06:22,20:22,14.0,Flandres,C51,13.0,4.0,20:47,0.0,12.0,6,52.0,70.0,,,,,,,,,,70.0,TER ~ velo+TER,8.1,,80.0,True,40.0,,72.0,57.0,21.0,32.1,270.0,370.0,,,True,40.0,70.0,TER ~ velo+TER,40.0,0.0,1.23,1,40.0,1.23
62525,Longuenesse,62,10568,False,3.3,6.1,Saint-Omer,87281444,Saint-Omer,False,8.7,False,11.0,5.0,5.0,4.0,50.0,48.0,05:57,20:57,15.0,Flandres,K71,11.0,5.0,21:13,0.0,12.0,6,58.7,76.7,,,,,,,,,,76.7,TER ~ velo+TER,14.2,37.9,136.0,False,68.0,,81.0,81.0,17.0,71.8,603.0,703.0,,,False,68.0,81.0,velo+TER,68.0,4.0,0.95,1,68.0,1.0
62528,Loos-en-Gohelle,62,6896,False,1.0,5.2,Lens,87345025,Lens,False,11.3,False,44.0,12.0,13.0,13.0,40.5,38.0,04:59,20:14,15.2,Flandres,"C41, C51, K51",44.0,14.0,21:40,0.0,6.2,6,51.8,64.0,,,,,,,,,,64.0,TER,9.0,24.1,87.0,False,43.0,,76.0,64.0,22.0,42.7,359.0,459.0,,,False,43.0,76.0,velo+TER,43.0,12.0,1.0,1,43.0,1.19
62529,Lorgies,62,1609,False,3.6,6.9,Salomé,87342451,Salomé,False,15.6,False,11.0,4.0,3.0,3.0,37.0,37.0,06:07,20:07,14.0,Flandres,C50,12.0,3.0,20:16,0.0,12.0,6,52.6,70.6,,,,,,,,,,70.6,TER ~ velo+TER,6.5,,64.0,True,32.0,,75.0,58.0,18.0,28.5,239.0,339.0,,,False,32.0,75.0,velo+TER,32.0,4.0,1.22,1,32.0,1.29
62540,Maisnil-lès-Ruitz,62,1691,False,10.7,12.2,Béthune,87342006,Béthune,False,14.7,False,30.0,10.0,9.0,10.0,38.0,35.0,05:49,20:46,15.0,Flandres,"C50, K50",31.0,10.0,21:06,0.0,7.5,6,52.7,66.2,,,,,,,,,,66.2,TER,9.7,26.1,94.0,False,47.0,,,69.0,22.0,56.3,473.0,573.0,,,False,47.0,,,,,0.96,0,47.0,
62543,Mametz,62,1998,False,15.5,17.5,Saint-Omer,87281444,Saint-Omer,False,25.8,False,11.0,5.0,5.0,4.0,50.0,48.0,05:57,20:57,15.0,Flandres,K71,11.0,5.0,21:13,0.0,12.0,6,75.8,93.8,,,,,,,,,,93.8,TER,14.2,37.9,136.0,False,68.0,,,83.0,16.0,73.5,617.0,717.0,,,False,68.0,,,,,1.13,0,68.0,
62557,Marœuil,62,2441,False,1.0,2.4,Arras,87342014,Arras,False,19.4,False,14.0,4.0,3.0,4.0,36.0,35.0,06:31,21:42,15.2,Flandres,"K44, K45",15.0,4.0,20:58,0.0,12.0,6,55.4,73.4,,,,,,,,,,73.4,TER,12.7,34.2,123.0,False,61.0,,,72.0,24.0,58.2,489.0,589.0,,,True,61.0,73.4,TER,61.0,0.0,1.02,1,61.0,1.02
62563,Mazingarbe,62,8068,False,1.0,4.3,Cuinchy,87342410,Cuinchy,False,15.9,False,11.0,3.0,3.0,4.0,45.0,45.0,05:59,19:59,14.0,Flandres,C50,12.0,3.0,20:16,0.0,12.0,6,60.9,78.9,,,,,,,,,,78.9,TER,8.1,,78.0,False,39.0,,,71.0,22.0,40.7,342.0,442.0,,,False,39.0,,,,,1.11,0,39.0,
62573,Meurchin,62,3717,False,1.0,1.8,Meurchin,87345272,Meurchin,True,1.0,False,10.0,3.0,3.0,3.0,42.0,42.0,06:31,20:31,14.0,Flandres,C51,13.0,4.0,20:47,0.0,12.0,6,43.0,61.0,,,,,,,,,,61.0,TER ~ velo+TER,6.5,18.1,65.0,False,32.0,,63.0,56.0,22.0,30.6,257.0,357.0,,,True,32.0,61.0,TER ~ velo+TER,32.0,0.0,1.09,1,32.0,1.09
62584,Mont-Bernanchon,62,1316,False,7.7,11.2,Béthune,87342006,Béthune,False,15.4,False,30.0,10.0,9.0,10.0,38.0,35.0,05:49,20:46,15.0,Flandres,"C50, K50",31.0,10.0,21:06,0.0,7.5,6,53.4,66.9,,,,,,,,,,66.9,TER,9.7,26.1,94.0,False,47.0,,,73.0,19.0,47.5,399.0,499.0,,,False,47.0,,,,,0.92,0,47.0,
62587,Montigny-en-Gohelle,62,9870,False,2.3,4.3,Billy-Montigny,87345140,Billy-Montigny,False,6.3,False,23.0,6.0,7.0,7.0,32.0,31.0,05:06,20:18,15.2,Flandres,C41,20.0,7.0,21:40,0.0,12.0,6,38.3,56.3,,,,,,,,,,56.3,TER ~ velo+TER,8.1,21.6,78.0,False,39.0,,61.0,58.0,23.0,32.8,276.0,376.0,,,False,39.0,61.0,velo+TER,39.0,5.0,0.97,1,39.0,1.05
62570,Méricourt,62,11431,False,1.0,3.5,Sallaumines,87345215,Sallaumines,False,10.1,False,10.0,3.0,3.0,2.0,54.0,54.0,06:19,20:19,14.0,Flandres,C51,13.0,4.0,20:47,0.0,12.0,6,64.1,82.1,,,,,,,,,,82.1,TER ~ velo+TER,8.5,22.6,84.0,True,42.0,,86.0,60.0,22.0,40.8,343.0,443.0,,,True,42.0,82.1,TER ~ velo+TER,42.0,0.0,1.37,1,42.0,1.37
62606,Neuve-Chapelle,62,1419,False,7.4,8.9,Salomé,87342451,Salomé,False,14.2,False,11.0,4.0,3.0,3.0,37.0,37.0,06:07,20:07,14.0,Flandres,C50,12.0,3.0,20:16,0.0,12.0,6,51.2,69.2,,,,,,,,,,69.2,TER,6.5,,64.0,True,32.0,,,58.0,18.0,29.2,245.0,345.0,,,False,32.0,,,,,1.19,0,32.0,
62609,Neuville-Saint-Vaast,62,1603,False,6.7,8.4,Arras,87342014,Arras,False,18.4,False,14.0,4.0,3.0,4.0,36.0,35.0,06:31,21:42,15.2,Flandres,"K44, K45",15.0,4.0,20:58,0.0,12.0,6,54.4,72.4,,,,,,,,,,72.4,TER,12.7,34.2,123.0,False,61.0,,,69.0,20.0,57.9,486.0,586.0,,,False,61.0,,,,,1.05,0,61.0,
62620,Norrent-Fontes,62,1362,False,5.8,7.6,Hazebrouck,87286302,Hazebrouck,False,34.6,False,45.0,16.0,15.0,13.0,35.0,32.0,04:51,21:14,16.4,Flandres,"C70, K70, K71",47.0,16.0,22:13,0.0,4.7,6,69.6,80.3,,,,,,,,,,80.3,TER,10.4,28.1,101.0,False,50.0,,,84.0,18.0,78.8,662.0,762.0,,,False,50.0,,,,,0.96,0,50.0,
62624,Noyelles-Godault,62,5906,False,2.3,4.6,Dourges,87345165,Dourges,False,5.8,False,23.0,6.0,7.0,7.0,24.0,23.0,05:14,20:26,15.2,Flandres,C41,20.0,7.0,21:40,0.0,12.0,6,29.8,47.8,,,,,,,,,,47.8,TER ~ velo+TER,6.8,18.6,67.0,False,33.0,,51.0,53.0,22.0,30.5,256.0,356.0,,,False,33.0,51.0,velo+TER,33.0,3.0,0.9,1,33.0,0.96
62626,Noyelles-lès-Vermelles,62,2294,False,4.5,6.8,Cuinchy,87342410,Cuinchy,False,6.6,False,11.0,3.0,3.0,4.0,45.0,45.0,05:59,19:59,14.0,Flandres,C50,12.0,3.0,20:16,0.0,12.0,6,51.6,69.6,,,,,,,,,,69.6,TER,8.1,,78.0,False,39.0,,82.0,66.0,22.0,38.8,326.0,426.0,,,False,39.0,82.0,velo+TER,39.0,12.0,1.05,1,39.0,1.24
62628,Noyelles-sous-Lens,62,6659,False,1.3,3.6,Sallaumines,87345215,Sallaumines,False,5.5,False,10.0,3.0,3.0,2.0,54.0,54.0,06:19,20:19,14.0,Flandres,C51,13.0,4.0,20:47,0.0,12.0,6,59.5,77.5,,,,,,,,,,77.5,TER ~ velo+TER,8.5,22.6,84.0,True,42.0,,81.0,59.0,25.0,37.6,316.0,416.0,,,False,42.0,81.0,velo+TER,42.0,4.0,1.31,1,42.0,1.37
62617,Nœux-les-Mines,62,11520,False,1.0,3.3,Béthune,87342006,Béthune,False,13.5,False,30.0,10.0,9.0,10.0,38.0,35.0,05:49,20:46,15.0,Flandres,"C50, K50",31.0,10.0,21:06,0.0,7.5,6,51.5,65.0,,,,,,,,,,65.0,TER,9.7,26.1,94.0,False,47.0,,,74.0,22.0,53.0,445.0,545.0,,,True,47.0,65.0,TER,47.0,0.0,0.88,1,47.0,0.88
62637,Oignies,62,10210,False,2.1,5.3,Libercourt,87345256,Libercourt,False,6.0,False,44.0,13.0,13.0,13.0,18.0,16.0,05:21,21:09,15.8,Flandres,"C40, C41",42.0,13.0,22:27,0.0,5.8,6,24.0,35.8,,,,,,,,,,35.8,TER,5.1,14.9,54.0,False,27.0,,41.0,49.0,19.0,25.3,213.0,313.0,,,False,27.0,41.0,velo+TER,27.0,5.0,0.73,1,27.0,0.84
62638,Oisy-le-Verger,62,1188,False,4.2,7.6,Cambrai,87345520,Cambrai,False,20.0,False,11.0,3.0,3.0,3.0,60.0,59.0,05:38,20:38,15.0,Flandres,K40,11.0,3.0,20:23,0.0,12.0,6,80.0,98.0,,,,,,,,,,98.0,TER,13.4,36.0,130.0,False,65.0,,,72.0,20.0,56.9,478.0,578.0,,,False,65.0,,,,,1.36,0,65.0,
62666,Pont-à-Vendin,62,3136,False,1.0,2.9,Pont-à-Vendin,87345264,Pont-à-Vendin,True,1.0,False,21.0,7.0,6.0,5.0,32.0,32.0,06:02,20:27,14.4,Flandres,"C51, K51",24.0,7.0,20:47,0.0,10.7,6,33.0,49.7,,,,,,,,,,49.7,TER,7.2,19.6,70.0,False,35.0,,55.0,56.0,21.0,29.3,246.0,346.0,,,True,35.0,49.7,TER,35.0,0.0,0.89,1,35.0,0.89
62684,Racquinghem,62,2214,False,4.3,8.5,Saint-Omer,87281444,Saint-Omer,False,17.2,False,11.0,5.0,5.0,4.0,50.0,48.0,05:57,20:57,15.0,Flandres,K71,11.0,5.0,21:13,0.0,12.0,6,67.2,85.2,,,,,,,,,,85.2,TER,14.2,37.9,136.0,False,68.0,,,75.0,18.0,63.5,533.0,633.0,,,False,68.0,,,,,1.14,0,68.0,
62693,Rebreuve-Ranchicourt,62,1071,False,9.3,13.6,Béthune,87342006,Béthune,False,21.4,False,30.0,10.0,9.0,10.0,38.0,35.0,05:49,20:46,15.0,Flandres,"C50, K50",31.0,10.0,21:06,0.0,7.5,6,59.4,72.9,,,,,,,,,,72.9,TER,9.7,26.1,94.0,False,47.0,,,74.0,20.0,60.5,508.0,608.0,,,False,47.0,,,,,0.99,0,47.0,
62706,Richebourg,62,2618,False,6.2,11.2,Beuvry lès Béthune,87342402,Beuvry,False,15.0,False,11.0,3.0,3.0,4.0,50.0,50.0,05:54,19:54,14.0,Flandres,C50,12.0,3.0,20:16,0.0,12.0,6,65.0,83.0,,,,,,,,,,83.0,TER,8.8,23.6,85.0,False,42.0,,,62.0,18.0,33.1,278.0,378.0,,,False,42.0,,,,,1.34,0,42.0,
62712,Rivière,62,1124,False,10.3,12.7,Arras,87342014,Arras,False,18.6,False,14.0,4.0,3.0,4.0,36.0,35.0,06:31,21:42,15.2,Flandres,"K44, K45",15.0,4.0,20:58,0.0,12.0,6,54.6,72.6,,,,,,,,,,72.6,TER,12.7,34.2,123.0,False,61.0,,,77.0,19.0,65.5,550.0,650.0,,,False,61.0,,,,,0.94,0,61.0,
62713,Robecq,62,1329,False,7.8,11.4,Béthune,87342006,Béthune,False,18.6,False,30.0,10.0,9.0,10.0,38.0,35.0,05:49,20:46,15.0,Flandres,"C50, K50",31.0,10.0,21:06,0.0,7.5,6,56.6,70.1,,,,,,,,,,70.1,TER,9.7,26.1,94.0,False,47.0,,,76.0,19.0,49.5,416.0,516.0,,,False,47.0,,,,,0.92,0,47.0,
62724,Rouvroy,62,8797,False,1.0,4.3,Billy-Montigny,87345140,Billy-Montigny,False,6.3,False,23.0,6.0,7.0,7.0,32.0,31.0,05:06,20:18,15.2,Flandres,C41,20.0,7.0,21:40,0.0,12.0,6,38.3,56.3,,,,,,,,,,56.3,TER ~ velo+TER,8.1,21.6,78.0,False,39.0,,60.0,59.0,22.0,38.4,323.0,423.0,,,False,39.0,60.0,velo+TER,39.0,4.0,0.95,1,39.0,1.02
62727,Ruitz,62,1509,False,10.1,12.5,Béthune,87342006,Béthune,False,15.0,False,30.0,10.0,9.0,10.0,38.0,35.0,05:49,20:46,15.0,Flandres,"C50, K50",31.0,10.0,21:06,0.0,7.5,6,53.0,66.5,,,,,,,,,,66.5,TER,9.7,26.1,94.0,False,47.0,,,73.0,20.0,58.8,494.0,594.0,,,False,47.0,,,,,0.91,0,47.0,
62718,Rœux,62,1390,False,1.0,2.0,Arras,87342014,Arras,False,18.1,False,14.0,4.0,3.0,4.0,36.0,35.0,06:31,21:42,15.2,Flandres,"K44, K45",15.0,4.0,20:58,0.0,12.0,6,54.1,72.1,,,,,,,,,,72.1,TER,12.7,34.2,123.0,False,61.0,,,63.0,21.0,46.8,393.0,493.0,,,True,61.0,72.1,TER,61.0,0.0,1.14,1,61.0,1.14
62735,Sailly-Labourse,62,2577,False,5.9,6.8,Beuvry lès Béthune,87342402,Beuvry,False,12.2,False,11.0,3.0,3.0,4.0,50.0,50.0,05:54,19:54,14.0,Flandres,C50,12.0,3.0,20:16,0.0,12.0,6,62.2,80.2,,,,,,,,,,80.2,TER,8.8,23.6,85.0,False,42.0,,88.0,69.0,23.0,40.3,339.0,439.0,,,False,42.0,88.0,velo+TER,42.0,8.0,1.16,1,42.0,1.28
62736,Sailly-sur-la-Lys,62,3883,False,5.5,8.8,Nieppe,87287151,Nieppe,False,11.8,False,21.0,7.0,6.0,6.0,25.0,18.0,05:09,20:12,15.0,Flandres,C70,19.0,7.0,20:23,0.0,10.7,6,36.8,53.5,,,,,,,,,,53.5,TER,6.3,17.6,63.0,False,32.0,,,56.0,20.0,29.5,248.0,348.0,,,False,32.0,,,,,0.96,0,32.0,
62737,Sains-en-Gohelle,62,5995,False,1.6,4.4,Béthune,87342006,Béthune,False,17.4,False,30.0,10.0,9.0,10.0,38.0,35.0,05:49,20:46,15.0,Flandres,"C50, K50",31.0,10.0,21:06,0.0,7.5,6,55.4,68.9,,,,,,,,,,68.9,TER,9.7,26.1,94.0,False,47.0,,,70.0,22.0,49.9,419.0,519.0,,,False,47.0,,,,,0.98,0,47.0,
62753,Saint-Laurent-Blangy,62,6507,False,1.4,5.7,Arras,87342014,Arras,False,11.5,False,14.0,4.0,3.0,4.0,36.0,35.0,06:31,21:42,15.2,Flandres,"K44, K45",15.0,4.0,20:58,0.0,12.0,6,47.5,65.5,,,,,,,,,,65.5,TER,12.7,34.2,123.0,False,61.0,,71.0,64.0,21.0,49.8,418.0,518.0,,,False,61.0,71.0,velo+TER,61.0,6.0,1.02,1,61.0,1.11
62764,Saint-Nicolas,62,4603,False,3.4,5.5,Arras,87342014,Arras,False,13.6,False,14.0,4.0,3.0,4.0,36.0,35.0,06:31,21:42,15.2,Flandres,"K44, K45",15.0,4.0,20:58,0.0,12.0,6,49.6,67.6,,,,,,,,,,67.0,velo+TER ~ TER,12.7,34.2,123.0,False,61.0,,67.0,65.0,20.0,52.5,441.0,541.0,,,False,61.0,67.0,velo+TER,61.0,0.0,1.03,1,61.0,1.03
62765,Saint-Omer,62,14661,False,1.0,3.3,Saint-Omer,87281444,Saint-Omer,True,1.0,False,11.0,5.0,5.0,4.0,50.0,48.0,05:57,20:57,15.0,Flandres,K71,11.0,5.0,21:13,0.0,12.0,6,51.0,69.0,,,,,,,,,,69.0,TER,14.2,37.9,136.0,False,68.0,,77.0,85.0,14.0,76.1,639.0,739.0,,,True,68.0,69.0,TER,68.0,0.0,0.81,1,68.0,0.81
62770,Saint-Venant,62,3022,False,5.8,9.4,Hazebrouck,87286302,Hazebrouck,False,22.9,False,45.0,16.0,15.0,13.0,35.0,32.0,04:51,21:14,16.4,Flandres,"C70, K70, K71",47.0,16.0,22:13,0.0,4.7,6,57.9,68.6,,,,,,,,,,68.6,TER,10.4,28.1,101.0,False,50.0,,,78.0,18.0,51.3,431.0,531.0,,,False,50.0,,,,,0.88,0,50.0,
62744,Sainte-Catherine,62,3594,False,4.7,7.4,Arras,87342014,Arras,False,12.6,False,14.0,4.0,3.0,4.0,36.0,35.0,06:31,21:42,15.2,Flandres,"K44, K45",15.0,4.0,20:58,0.0,12.0,6,48.6,66.6,,,,,,,,,,66.6,TER ~ velo+TER,12.7,34.2,123.0,False,61.0,,71.0,66.0,21.0,54.5,458.0,558.0,,,False,61.0,71.0,velo+TER,61.0,4.0,1.01,1,61.0,1.08
62771,Sallaumines,62,9650,False,1.0,2.0,Sallaumines,87345215,Sallaumines,True,1.0,False,10.0,3.0,3.0,2.0,54.0,54.0,06:19,20:19,14.0,Flandres,C51,13.0,4.0,20:47,0.0,12.0,6,55.0,73.0,,,,,,,,,,73.0,TER ~ velo+TER,8.5,22.6,84.0,True,42.0,,75.0,60.0,24.0,38.6,324.0,424.0,,,True,42.0,73.0,TER ~ velo+TER,42.0,0.0,1.22,1,42.0,1.22
62793,Servins,62,1134,False,7.7,9.2,Béthune,87342006,Béthune,False,21.6,False,30.0,10.0,9.0,10.0,38.0,35.0,05:49,20:46,15.0,Flandres,"C50, K50",31.0,10.0,21:06,0.0,7.5,6,59.6,73.1,,,,,,,,,,73.1,TER,9.7,26.1,94.0,False,47.0,,,71.0,21.0,53.9,453.0,553.0,,,False,47.0,,,,,1.03,0,47.0,
62801,Souchez,62,2658,False,8.7,10.9,Lens,87345025,Lens,False,18.4,False,44.0,12.0,13.0,13.0,40.5,38.0,04:59,20:14,15.2,Flandres,"C41, C51, K51",44.0,14.0,21:40,0.0,6.2,6,58.9,71.2,,,,,,,,,,71.2,TER,9.0,24.1,87.0,False,43.0,,,71.0,24.0,49.2,413.0,513.0,,,False,43.0,,,,,1.0,0,43.0,
62810,Thélus,62,1271,False,2.9,5.5,Arras,87342014,Arras,False,14.8,False,14.0,4.0,3.0,4.0,36.0,35.0,06:31,21:42,15.2,Flandres,"K44, K45",15.0,4.0,20:58,0.0,12.0,6,50.8,68.8,,,,,,,,,,68.8,TER,12.7,34.2,123.0,False,61.0,,,66.0,21.0,50.4,423.0,523.0,,,False,61.0,,,,,1.04,0,61.0,
62817,Tilloy-lès-Mofflaines,62,1519,False,4.1,5.6,Arras,87342014,Arras,False,9.4,False,14.0,4.0,3.0,4.0,36.0,35.0,06:31,21:42,15.2,Flandres,"K44, K45",15.0,4.0,20:58,0.0,12.0,6,45.4,63.4,,,,,,,,,,63.4,TER,12.7,34.2,123.0,False,61.0,,70.0,64.0,21.0,52.8,444.0,544.0,,,False,61.0,70.0,velo+TER,61.0,7.0,0.99,1,61.0,1.09
62836,Vaudricourt,62,1104,False,5.1,7.0,Béthune,87342006,Béthune,False,11.1,False,30.0,10.0,9.0,10.0,38.0,35.0,05:49,20:46,15.0,Flandres,"C50, K50",31.0,10.0,21:06,0.0,7.5,6,49.1,62.6,,,,,,,,,,62.6,TER ~ velo+TER,9.7,26.1,94.0,False,47.0,,66.0,76.0,22.0,46.0,386.0,486.0,,,False,47.0,66.0,velo+TER,47.0,3.0,0.82,1,47.0,0.87
62842,Vendin-le-Vieil,62,8381,False,1.0,4.0,Pont-à-Vendin,87345264,Pont-à-Vendin,False,6.3,False,21.0,7.0,6.0,5.0,32.0,32.0,06:02,20:27,14.4,Flandres,"C51, K51",24.0,7.0,20:47,0.0,10.7,6,38.3,55.0,,,,,,,,,,55.0,TER ~ velo+TER,7.2,19.6,70.0,False,35.0,,57.0,60.0,20.0,33.0,277.0,377.0,,,False,35.0,57.0,velo+TER,35.0,2.0,0.92,1,35.0,0.95
62841,Vendin-lès-Béthune,62,2393,False,2.2,4.5,Béthune,87342006,Béthune,False,10.4,False,30.0,10.0,9.0,10.0,38.0,35.0,05:49,20:46,15.0,Flandres,"C50, K50",31.0,10.0,21:06,0.0,7.5,6,48.4,61.9,,,,,,,,,,61.9,TER,9.7,26.1,94.0,False,47.0,,70.0,77.0,22.0,47.2,396.0,496.0,,,False,47.0,70.0,velo+TER,47.0,8.0,0.8,1,47.0,0.91
62846,Vermelles,62,4748,False,4.5,7.5,Cuinchy,87342410,Cuinchy,False,10.0,False,11.0,3.0,3.0,4.0,45.0,45.0,05:59,19:59,14.0,Flandres,C50,12.0,3.0,20:16,0.0,12.0,6,55.0,73.0,,,,,,,,,,73.0,TER,8.1,,78.0,False,39.0,,83.0,66.0,22.0,40.0,336.0,436.0,,,False,39.0,83.0,velo+TER,39.0,10.0,1.11,1,39.0,1.26
62847,Verquigneul,62,2016,False,2.6,6.2,Béthune,87342006,Béthune,False,10.8,False,30.0,10.0,9.0,10.0,38.0,35.0,05:49,20:46,15.0,Flandres,"C50, K50",31.0,10.0,21:06,0.0,7.5,6,48.8,62.3,,,,,,,,,,62.3,TER ~ velo+TER,9.7,26.1,94.0,False,47.0,,65.0,74.0,22.0,43.4,365.0,465.0,,,False,47.0,65.0,velo+TER,47.0,3.0,0.84,1,47.0,0.88
62848,Verquin,62,3459,False,2.7,6.0,Béthune,87342006,Béthune,False,8.5,False,30.0,10.0,9.0,10.0,38.0,35.0,05:49,20:46,15.0,Flandres,"C50, K50",31.0,10.0,21:06,0.0,7.5,6,46.5,60.0,,,,,,,,,,60.0,TER ~ velo+TER,9.7,26.1,94.0,False,47.0,,64.0,74.0,23.0,44.4,373.0,473.0,,,False,47.0,64.0,velo+TER,47.0,4.0,0.81,1,47.0,0.86
62861,Vimy,62,4307,False,1.0,2.8,Lens,87345025,Lens,False,11.4,False,44.0,12.0,13.0,13.0,40.5,38.0,04:59,20:14,15.2,Flandres,"C41, C51, K51",44.0,14.0,21:40,0.0,6.2,6,51.9,64.2,,,,,,,,,,64.2,TER,9.0,24.1,87.0,False,43.0,,,65.0,23.0,46.2,388.0,488.0,,,True,43.0,64.2,TER,43.0,0.0,0.99,1,43.0,0.99
62863,Violaines,62,3831,False,1.1,4.2,La Bassée,87342436,Bassée,False,8.5,False,30.0,11.0,9.0,9.0,27.0,25.0,06:04,20:57,14.9,Flandres,"C50, K50",31.0,10.0,21:06,0.0,6.8,6,35.5,48.3,,,,,,,,,,48.3,TER ~ velo+TER,7.0,19.1,69.0,False,34.0,,51.0,61.0,22.0,30.2,254.0,354.0,,,False,34.0,51.0,velo+TER,34.0,3.0,0.79,1,34.0,0.84
62865,Vitry-en-Artois,62,4787,False,1.0,2.4,Douai,87345009,Douai,False,18.9,False,46.0,14.0,12.0,12.0,23.0,19.0,05:51,21:57,16.1,Flandres,"C40, K40, K44, K45",48.0,13.0,22:27,0.0,5.4,6,41.9,53.3,,,,,,,,,,53.3,TER,8.3,22.1,79.0,False,40.0,,,62.0,24.0,44.8,376.0,476.0,,,True,40.0,53.3,TER,40.0,0.0,0.86,1,40.0,0.86
62869,Wailly,62,1081,False,9.9,11.6,Arras,87342014,Arras,False,14.1,False,14.0,4.0,3.0,4.0,36.0,35.0,06:31,21:42,15.2,Flandres,"K44, K45",15.0,4.0,20:58,0.0,12.0,6,50.1,68.1,,,,,,,,,,68.1,TER,12.7,34.2,123.0,False,61.0,,,73.0,20.0,62.1,522.0,622.0,,,False,61.0,,,,,0.93,0,61.0,
62875,Wardrecques,62,1346,False,4.6,7.2,Saint-Omer,87281444,Saint-Omer,False,15.0,False,11.0,5.0,5.0,4.0,50.0,48.0,05:57,20:57,15.0,Flandres,K71,11.0,5.0,21:13,0.0,12.0,6,65.0,83.0,,,,,,,,,,83.0,TER,14.2,37.9,136.0,False,68.0,,,74.0,18.0,62.9,528.0,628.0,,,False,68.0,,,,,1.12,0,68.0,
62895,Wingles,62,8742,False,2.8,5.9,Meurchin,87345272,Meurchin,False,6.8,False,10.0,3.0,3.0,3.0,42.0,42.0,06:31,20:31,14.0,Flandres,C51,13.0,4.0,20:47,0.0,12.0,6,48.8,66.8,,,,,,,,,,66.8,TER,6.5,18.1,65.0,False,32.0,,73.0,60.0,22.0,33.5,281.0,381.0,,,False,32.0,73.0,velo+TER,32.0,6.0,1.11,1,32.0,1.22
62905,Zudausques,62,1040,False,10.1,13.7,Saint-Omer,87281444,Saint-Omer,False,15.7,False,11.0,5.0,5.0,4.0,50.0,48.0,05:57,20:57,15.0,Flandres,K71,11.0,5.0,21:13,0.0,12.0,6,65.7,83.7,,,,,,,,,,83.7,TER,14.2,37.9,136.0,False,68.0,,,85.0,16.0,79.2,665.0,765.0,,,False,68.0,,,,,0.98,0,68.0,
62284,Écourt-Saint-Quentin,62,1691,False,7.0,10.0,Douai,87345009,Douai,False,25.4,False,46.0,14.0,12.0,12.0,23.0,19.0,05:51,21:57,16.1,Flandres,"C40, K40, K44, K45",48.0,13.0,22:27,0.0,5.4,6,48.4,59.8,,,,,,,,,,59.8,TER,8.3,22.1,79.0,False,40.0,,,72.0,20.0,55.7,468.0,568.0,,,False,40.0,,,,,0.83,0,40.0,
62291,Éleu-dit-Leauwette,62,2829,False,3.9,5.5,Lens,87345025,Lens,False,6.5,False,44.0,12.0,13.0,13.0,40.5,38.0,04:59,20:14,15.2,Flandres,"C41, C51, K51",44.0,14.0,21:40,0.0,6.2,6,47.0,59.2,,,,,,,,,,59.2,TER ~ velo+TER,9.0,24.1,87.0,False,43.0,,61.0,62.0,24.0,41.4,348.0,448.0,,,False,43.0,61.0,velo+TER,43.0,2.0,0.95,1,43.0,0.98
62321,Évin-Malmaison,62,4674,False,1.0,2.6,Ostricourt,87345249,Ostricourt,False,4.7,False,21.0,7.0,6.0,6.0,29.0,27.0,06:04,21:04,15.0,Flandres,C40,22.0,6.0,22:27,0.0,10.7,6,33.7,50.4,,,,,,,,,,50.4,TER ~ velo+TER,6.0,17.1,61.0,False,31.0,,52.0,54.0,22.0,32.5,273.0,373.0,,,False,31.0,52.0,velo+TER,31.0,2.0,0.93,1,31.0,0.96
