poll_utc,feed_time,code_pme,route,vitesse_kmh,debit_vh
2026-09-27T04:01:36Z,2026-09-27T05:54:00.000+02:00,A0001011200,A1,84.0,310
2026-09-27T04:01:36Z,2026-09-27T05:54:00.000+02:00,A0027010102,A27,,310
2026-09-27T04:01:36Z,2026-09-27T05:54:00.000+02:00,N0041010100,N41,86.0,110
2026-09-27T04:01:36Z,2026-09-27T05:54:00.000+02:00,A0027010101,A27,,310
2026-09-27T04:01:36Z,2026-09-27T05:54:00.000+02:00,A9022010250,A22 (rocade),92.0,50
2026-09-27T04:01:36Z,2026-09-27T05:54:00.000+02:00,A0001020150,A1,108.0,470
2026-09-27T04:01:36Z,2026-09-27T05:54:00.000+02:00,N0356011700,N356,76.0,450
2026-09-27T04:01:36Z,2026-09-27T05:54:00.000+02:00,N0356021300,N356,65.0,430
2026-09-27T04:01:36Z,2026-09-27T05:54:00.000+02:00,A0022011400,A22,83.0,80
2026-09-27T04:01:36Z,2026-09-27T05:54:00.000+02:00,A0027010300,A27,93.0,130
2026-09-27T04:01:36Z,2026-09-27T05:54:00.000+02:00,A9022020250,A22 (rocade),,50
2026-09-27T04:01:36Z,2026-09-27T05:54:00.000+02:00,N0041010300,N41,96.0,210
2026-09-27T04:01:36Z,2026-09-27T05:54:00.000+02:00,A0022011210,A22,,70
2026-09-27T04:01:36Z,2026-09-27T05:54:00.000+02:00,A0027020100,A27,72.0,210
2026-09-27T04:01:36Z,2026-09-27T05:54:00.000+02:00,A0001010300,A1,131.0,270
2026-09-27T04:01:36Z,2026-09-27T05:54:00.000+02:00,A0022011220,A22,,70
2026-09-27T04:01:36Z,2026-09-27T05:54:00.000+02:00,N0227021400,N227,,10
2026-09-27T04:01:36Z,2026-09-27T05:54:00.000+02:00,A9022101110,A22 (rocade),82.0,220
2026-09-27T04:01:36Z,2026-09-27T05:54:00.000+02:00,A0022022110,A22,97.0,420
2026-09-27T04:01:36Z,2026-09-27T05:54:00.000+02:00,A0001011420,A1,88.0,350
2026-09-27T04:01:36Z,2026-09-27T05:54:00.000+02:00,N0356010800,N356,73.0,350
2026-09-27T04:01:36Z,2026-09-27T05:54:00.000+02:00,A9001210710,A1 (bretelle),71.0,140
2026-09-27T04:01:36Z,2026-09-27T05:54:00.000+02:00,N0356021110,N356,79.0,480
2026-09-27T04:01:36Z,2026-09-27T05:54:00.000+02:00,A0001010510,A1,123.0,310
2026-09-27T04:01:36Z,2026-09-27T05:54:00.000+02:00,N0356021122,N356,66.0,400
2026-09-27T04:01:36Z,2026-09-27T05:54:00.000+02:00,N0356021121,N356,79.0,480
2026-09-27T04:01:36Z,2026-09-27T05:54:00.000+02:00,A0025010210,A25,80.0,490
2026-09-27T04:01:36Z,2026-09-27T05:54:00.000+02:00,A0025011300,A25,88.0,110
2026-09-27T04:01:36Z,2026-09-27T05:54:00.000+02:00,A0001020300,A1,108.0,490
2026-09-27T04:01:36Z,2026-09-27T05:54:00.000+02:00,A0025021100,A25,92.0,350
2026-09-27T04:01:36Z,2026-09-27T05:54:00.000+02:00,A0025023520,A25,106.0,140
2026-09-27T04:01:36Z,2026-09-27T05:54:00.000+02:00,A0022022130,A22,104.0,440
2026-09-27T04:01:36Z,2026-09-27T05:54:00.000+02:00,A0025010220,A25,80.0,490
2026-09-27T04:01:36Z,2026-09-27T05:54:00.000+02:00,A0022022120,A22,99.0,440
2026-09-27T04:01:36Z,2026-09-27T05:54:00.000+02:00,A0001010520,A1,104.0,300
2026-09-27T04:01:36Z,2026-09-27T05:54:00.000+02:00,A0022011000,A22,,270
2026-09-27T04:01:36Z,2026-09-27T05:54:00.000+02:00,A0001020510,A1,107.0,510
2026-09-27T04:01:36Z,2026-09-27T05:54:00.000+02:00,A0001021602,A1,87.0,630
2026-09-27T04:01:36Z,2026-09-27T05:54:00.000+02:00,A22TC020222,A22 (contournement),,130
2026-09-27T04:01:36Z,2026-09-27T05:54:00.000+02:00,A0001010940,A1,100.0,410
2026-09-27T04:01:36Z,2026-09-27T05:54:00.000+02:00,A0025023320,A25,111.0,210
2026-09-27T04:01:36Z,2026-09-27T05:54:00.000+02:00,A0001020520,A1,105.0,580
2026-09-27T04:01:36Z,2026-09-27T05:54:00.000+02:00,A0025023100,A25,112.0,150
2026-09-27T04:01:36Z,2026-09-27T05:54:00.000+02:00,A22TC020230,A22 (contournement),,130
2026-09-27T04:01:36Z,2026-09-27T05:54:00.000+02:00,A0025021730,A25,89.0,270
2026-09-27T04:01:36Z,2026-09-27T05:54:00.000+02:00,A0025023910,A25,121.0,150
2026-09-27T04:01:36Z,2026-09-27T05:54:00.000+02:00,A0025021735,A25,103.0,260
2026-09-27T04:01:36Z,2026-09-27T05:54:00.000+02:00,A0023010400,A23,103.0,120
2026-09-27T04:01:36Z,2026-09-27T05:54:00.000+02:00,A0022021900,A22,89.0,370
2026-09-27T04:01:36Z,2026-09-27T05:54:00.000+02:00,A9022100500,A22 (rocade),74.0,190
2026-09-27T04:01:36Z,2026-09-27T05:54:00.000+02:00,A0001020940,A1,93.0,550
2026-09-27T04:01:36Z,2026-09-27T05:54:00.000+02:00,A0001020700,A1,102.0,520
2026-09-27T04:01:36Z,2026-09-27T05:54:00.000+02:00,A9022020830,A22 (rocade),83.0,40
2026-09-27T04:01:36Z,2026-09-27T05:54:00.000+02:00,A9022020822,A22 (rocade),,600
2026-09-27T04:01:36Z,2026-09-27T05:54:00.000+02:00,A9022020821,A22 (rocade),,600
2026-09-27T04:01:36Z,2026-09-27T05:54:00.000+02:00,A0025020420,A25,78.0,510
2026-09-27T04:01:36Z,2026-09-27T05:54:00.000+02:00,A0025021510,A25,95.0,210
2026-09-27T04:01:36Z,2026-09-27T05:54:00.000+02:00,N0227010100,N227,66.0,50
2026-09-27T04:01:36Z,2026-09-27T05:54:00.000+02:00,A0025011720,A25,101.0,290
2026-09-27T04:01:36Z,2026-09-27T05:54:00.000+02:00,A0025021760,A25,87.0,300
2026-09-27T04:01:36Z,2026-09-27T05:54:00.000+02:00,A0025011730,A25,91.0,300
2026-09-27T04:01:36Z,2026-09-27T05:54:00.000+02:00,A0025011735,A25,102.0,340
2026-09-27T04:01:36Z,2026-09-27T05:54:00.000+02:00,A9025080700,A25 (bretelle),,100
2026-09-27T04:01:36Z,2026-09-27T05:54:00.000+02:00,A9022100930,A22 (rocade),67.0,30
2026-09-27T04:01:36Z,2026-09-27T05:54:00.000+02:00,N0356011220,N356,73.0,360
2026-09-27T04:01:36Z,2026-09-27T05:54:00.000+02:00,A0025011740,A25,88.0,340
2026-09-27T04:01:36Z,2026-09-27T05:54:00.000+02:00,A0025010410,A25,,470
2026-09-27T04:01:36Z,2026-09-27T05:54:00.000+02:00,A0023010200,A23,,100
2026-09-27T04:01:36Z,2026-09-27T05:54:00.000+02:00,A9001210120,A1 (bretelle),85.0,80
2026-09-27T04:01:36Z,2026-09-27T05:54:00.000+02:00,A0025020210,A25,79.0,510
2026-09-27T04:01:36Z,2026-09-27T05:54:00.000+02:00,N0356011210,N356,73.0,360
2026-09-27T04:01:36Z,2026-09-27T05:54:00.000+02:00,A0025011510,A25,90.0,150
2026-09-27T04:01:36Z,2026-09-27T05:54:00.000+02:00,A0025020220,A25,79.0,510
2026-09-27T04:01:36Z,2026-09-27T05:54:00.000+02:00,N0227010302,N227,,180
2026-09-27T04:01:36Z,2026-09-27T05:54:00.000+02:00,N0041010500,N41,,170
2026-09-27T04:01:36Z,2026-09-27T05:54:00.000+02:00,N0227020101,N227,87.0,260
2026-09-27T04:01:36Z,2026-09-27T05:54:00.000+02:00,A9022100110,A22 (rocade),66.0,110
2026-09-27T04:01:36Z,2026-09-27T05:54:00.000+02:00,A0022010400,A22,75.0,250
2026-09-27T04:01:36Z,2026-09-27T05:54:00.000+02:00,N0356010302,N356,78.0,510
2026-09-27T04:01:36Z,2026-09-27T05:54:00.000+02:00,A0025010800,A25,75.0,270
2026-09-27T04:01:36Z,2026-09-27T05:54:00.000+02:00,A0027020621,A27,98.0,140
2026-09-27T04:01:36Z,2026-09-27T05:54:00.000+02:00,N0041010700,N41,92.0,30
2026-09-27T04:01:36Z,2026-09-27T05:54:00.000+02:00,A0027020630,A27,99.0,130
2026-09-27T04:01:36Z,2026-09-27T05:54:00.000+02:00,A0022021512,A22,84.0,360
2026-09-27T04:01:36Z,2026-09-27T05:54:00.000+02:00,A0022021511,A22,83.0,340
2026-09-27T04:01:36Z,2026-09-27T05:54:00.000+02:00,A0027020610,A27,98.0,140
2026-09-27T04:01:36Z,2026-09-27T05:54:00.000+02:00,A0025021720,A25,102.0,270
2026-09-27T04:01:36Z,2026-09-27T05:54:00.000+02:00,A0022021520,A22,84.0,360
2026-09-27T04:01:36Z,2026-09-27T05:54:00.000+02:00,A0025022140,A25,113.0,220
2026-09-27T04:01:36Z,2026-09-27T05:54:00.000+02:00,A0022011302,A22,79.0,210
2026-09-27T04:01:36Z,2026-09-27T05:54:00.000+02:00,A0025022160,A25,110.0,240
2026-09-27T04:01:36Z,2026-09-27T05:54:00.000+02:00,A9025060104,A25 (bretelle),76.0,190
2026-09-27T04:01:36Z,2026-09-27T05:54:00.000+02:00,A0027010201,A27,,150
2026-09-27T04:01:36Z,2026-09-27T05:54:00.000+02:00,A0027010202,A27,,70
2026-09-27T04:01:36Z,2026-09-27T05:54:00.000+02:00,N9227110110,N227 (bretelle),75.0,110
2026-09-27T04:01:36Z,2026-09-27T05:54:00.000+02:00,A0025012130,A25,,240
2026-09-27T04:01:36Z,2026-09-27T05:54:00.000+02:00,A0027010210,A27,,70
2026-09-27T04:01:36Z,2026-09-27T05:54:00.000+02:00,A0025011050,A25,,150
2026-09-27T04:01:36Z,2026-09-27T05:54:00.000+02:00,A0027010421,A27,99.0,120
2026-09-27T04:01:36Z,2026-09-27T05:54:00.000+02:00,A0022012420,A22,97.0,260
2026-09-27T04:01:36Z,2026-09-27T05:54:00.000+02:00,A0027010430,A27,100.0,120
2026-09-27T04:01:36Z,2026-09-27T05:54:00.000+02:00,A0023020710,A23,101.0,240
2026-09-27T04:01:36Z,2026-09-27T05:54:00.000+02:00,A0022012430,A22,95.0,270
2026-09-27T04:01:36Z,2026-09-27T05:54:00.000+02:00,A0025012160,A25,118.0,320
2026-09-27T04:01:36Z,2026-09-27T05:54:00.000+02:00,A9022021200,A22 (rocade),67.0,20
2026-09-27T04:01:36Z,2026-09-27T05:54:00.000+02:00,A0001021100,A1,89.0,530
2026-09-27T04:01:36Z,2026-09-27T05:54:00.000+02:00,A9022101000,A22 (rocade),,110
2026-09-27T04:01:36Z,2026-09-27T05:54:00.000+02:00,A0025013020,A25,110.0,190
2026-09-27T04:01:36Z,2026-09-27T05:54:00.000+02:00,A0027010410,A27,99.0,120
2026-09-27T04:01:36Z,2026-09-27T05:54:00.000+02:00,A0022012410,A22,96.0,270
2026-09-27T04:01:36Z,2026-09-27T05:54:00.000+02:00,A0001A20112,A1,91.0,220
2026-09-27T04:01:36Z,2026-09-27T05:54:00.000+02:00,A0001A20111,A1,,260
2026-09-27T04:01:36Z,2026-09-27T05:54:00.000+02:00,A0001021521,A1,89.0,470
2026-09-27T04:01:36Z,2026-09-27T05:54:00.000+02:00,A0025022540,A25,121.0,230
2026-09-27T04:01:36Z,2026-09-27T05:54:00.000+02:00,A0025022300,A25,,200
2026-09-27T04:01:36Z,2026-09-27T05:54:00.000+02:00,N0356021000,N356,79.0,430
2026-09-27T04:01:36Z,2026-09-27T05:54:00.000+02:00,A22TC010102,A22 (contournement),86.0,80
2026-09-27T04:01:36Z,2026-09-27T05:54:00.000+02:00,A0001011503,A1,88.0,570
2026-09-27T04:01:36Z,2026-09-27T05:54:00.000+02:00,A0022012200,A22,89.0,270
2026-09-27T04:01:36Z,2026-09-27T05:54:00.000+02:00,A0001A20120,A1,89.0,240
2026-09-27T04:01:36Z,2026-09-27T05:54:00.000+02:00,A22TC020102,A22 (contournement),84.0,210
2026-09-27T04:01:36Z,2026-09-27T05:54:00.000+02:00,A22TC010300,A22 (contournement),85.0,210
2026-09-27T04:01:36Z,2026-09-27T05:54:00.000+02:00,A0022012010,A22,87.0,180
2026-09-27T04:01:36Z,2026-09-27T05:54:00.000+02:00,A0022012020,A22,87.0,180
2026-09-27T04:01:36Z,2026-09-27T05:54:00.000+02:00,A0025022130,A25,124.0,260
2026-09-27T04:01:36Z,2026-09-27T05:54:00.000+02:00,A0023010520,A23,111.0,120
2026-09-27T04:01:36Z,2026-09-27T05:54:00.000+02:00,N0041020800,N41,96.0,160
2026-09-27T04:01:36Z,2026-09-27T05:54:00.000+02:00,A0025010500,A25,,300
2026-09-27T04:01:36Z,2026-09-27T05:54:00.000+02:00,A0022020901,A22,,400
2026-09-27T04:01:36Z,2026-09-27T05:54:00.000+02:00,A0022020902,A22,,320
2026-09-27T04:01:36Z,2026-09-27T05:54:00.000+02:00,A0022021810,A22,87.0,320
2026-09-27T04:01:36Z,2026-09-27T05:54:00.000+02:00,N0356011100,N356,73.0,300
2026-09-27T04:01:36Z,2026-09-27T05:54:00.000+02:00,A0022021820,A22,87.0,320
2026-09-27T04:01:36Z,2026-09-27T05:54:00.000+02:00,N0356020802,N356,76.0,430
2026-09-27T04:01:36Z,2026-09-27T05:54:00.000+02:00,A9022020900,A22 (rocade),,60
2026-09-27T04:01:36Z,2026-09-27T05:54:00.000+02:00,A0025020102,A25,72.0,160
2026-09-27T04:01:36Z,2026-09-27T05:54:00.000+02:00,A0025022530,A25,119.0,230
2026-09-27T04:01:36Z,2026-09-27T05:54:00.000+02:00,A9001210200,A1 (bretelle),74.0,140
2026-09-27T04:01:36Z,2026-09-27T05:54:00.000+02:00,A0022010700,A22,,210
2026-09-27T04:01:36Z,2026-09-27T05:54:00.000+02:00,N0041020400,N41,91.0,210
2026-09-27T04:01:36Z,2026-09-27T05:54:00.000+02:00,A0023020720,A23,108.0,250
2026-09-27T04:01:36Z,2026-09-27T05:54:00.000+02:00,A0022020500,A22,,210
2026-09-27T04:01:36Z,2026-09-27T05:54:00.000+02:00,N93563b0150,N356 (bretelle),77.0,10
2026-09-27T04:01:36Z,2026-09-27T05:54:00.000+02:00,A0025020950,A25,93.0,390
2026-09-27T04:01:36Z,2026-09-27T05:54:00.000+02:00,A0023020300,A23,,240
2026-09-27T04:01:36Z,2026-09-27T05:54:00.000+02:00,A0001011000,A1,89.0,310
2026-09-27T04:01:36Z,2026-09-27T05:54:00.000+02:00,A0027020500,A27,,110
2026-09-27T04:01:36Z,2026-09-27T05:54:00.000+02:00,N0356011500,N356,,450
2026-09-27T04:01:36Z,2026-09-27T05:54:00.000+02:00,A0001010150,A1,109.0,290
2026-09-27T04:01:36Z,2026-09-27T05:54:00.000+02:00,N0356020400,N356,81.0,150
2026-09-27T04:01:36Z,2026-09-27T05:54:00.000+02:00,N0041020600,N41,96.0,140
2026-09-27T04:01:36Z,2026-09-27T05:54:00.000+02:00,A0025010700,A25,,180
2026-09-27T04:01:36Z,2026-09-27T05:54:00.000+02:00,A0002011230,A2,106.0,210
2026-09-27T04:01:36Z,2026-09-27T05:54:00.000+02:00,A0025020500,A25,76.0,390
2026-09-27T04:01:36Z,2026-09-27T05:54:00.000+02:00,A0002021290,A2,113.0,400
2026-09-27T04:01:36Z,2026-09-27T05:54:00.000+02:00,A0022011600,A22,84.0,190
2026-09-27T04:11:00Z,2026-09-27T06:00:00.000+02:00,A0001011200,A1,82.0,290
2026-09-27T04:11:00Z,2026-09-27T06:00:00.000+02:00,A0027010102,A27,85.0,270
2026-09-27T04:11:00Z,2026-09-27T06:00:00.000+02:00,N0041010100,N41,87.0,130
2026-09-27T04:11:00Z,2026-09-27T06:00:00.000+02:00,A0027010101,A27,85.0,270
2026-09-27T04:11:00Z,2026-09-27T06:00:00.000+02:00,A9022010250,A22 (rocade),82.0,40
2026-09-27T04:11:00Z,2026-09-27T06:00:00.000+02:00,A0001020150,A1,104.0,590
2026-09-27T04:11:00Z,2026-09-27T06:00:00.000+02:00,N0356011700,N356,76.0,330
2026-09-27T04:11:00Z,2026-09-27T06:00:00.000+02:00,N0356021300,N356,66.0,410
2026-09-27T04:11:00Z,2026-09-27T06:00:00.000+02:00,A0022011400,A22,73.0,30
2026-09-27T04:11:00Z,2026-09-27T06:00:00.000+02:00,A0027010300,A27,82.0,100
2026-09-27T04:11:00Z,2026-09-27T06:00:00.000+02:00,A9022020250,A22 (rocade),,100
2026-09-27T04:11:00Z,2026-09-27T06:00:00.000+02:00,N0041010300,N41,82.0,260
2026-09-27T04:11:00Z,2026-09-27T06:00:00.000+02:00,A0022011210,A22,73.0,80
2026-09-27T04:11:00Z,2026-09-27T06:00:00.000+02:00,A0027020100,A27,73.0,90
2026-09-27T04:11:00Z,2026-09-27T06:00:00.000+02:00,A0001010300,A1,130.0,400
2026-09-27T04:11:00Z,2026-09-27T06:00:00.000+02:00,A0022011220,A22,73.0,80
2026-09-27T04:11:00Z,2026-09-27T06:00:00.000+02:00,A9022101110,A22 (rocade),75.0,100
2026-09-27T04:11:00Z,2026-09-27T06:00:00.000+02:00,A0022022110,A22,91.0,380
2026-09-27T04:11:00Z,2026-09-27T06:00:00.000+02:00,A0001011420,A1,91.0,280
2026-09-27T04:11:00Z,2026-09-27T06:00:00.000+02:00,N0356010800,N356,73.0,550
2026-09-27T04:11:00Z,2026-09-27T06:00:00.000+02:00,A9001210710,A1 (bretelle),76.0,220
2026-09-27T04:11:00Z,2026-09-27T06:00:00.000+02:00,N0356021110,N356,73.0,470
2026-09-27T04:11:00Z,2026-09-27T06:00:00.000+02:00,A0001010510,A1,128.0,380
2026-09-27T04:11:00Z,2026-09-27T06:00:00.000+02:00,N0356021122,N356,65.0,460
2026-09-27T04:11:00Z,2026-09-27T06:00:00.000+02:00,N0356021121,N356,73.0,470
2026-09-27T04:11:00Z,2026-09-27T06:00:00.000+02:00,A0025010210,A25,78.0,480
2026-09-27T04:11:00Z,2026-09-27T06:00:00.000+02:00,A0025011300,A25,87.0,120
2026-09-27T04:11:00Z,2026-09-27T06:00:00.000+02:00,A0001020300,A1,107.0,520
2026-09-27T04:11:00Z,2026-09-27T06:00:00.000+02:00,A0025021100,A25,90.0,260
2026-09-27T04:11:00Z,2026-09-27T06:00:00.000+02:00,A0025023520,A25,108.0,140
2026-09-27T04:11:00Z,2026-09-27T06:00:00.000+02:00,A0022022130,A22,101.0,360
2026-09-27T04:11:00Z,2026-09-27T06:00:00.000+02:00,A0025010220,A25,78.0,480
2026-09-27T04:11:00Z,2026-09-27T06:00:00.000+02:00,A0022022120,A22,94.0,360
2026-09-27T04:11:00Z,2026-09-27T06:00:00.000+02:00,A0001010520,A1,103.0,420
2026-09-27T04:11:00Z,2026-09-27T06:00:00.000+02:00,A0022011000,A22,86.0,300
2026-09-27T04:11:00Z,2026-09-27T06:00:00.000+02:00,A0001020510,A1,104.0,540
2026-09-27T04:11:00Z,2026-09-27T06:00:00.000+02:00,A0001021602,A1,86.0,590
2026-09-27T04:11:00Z,2026-09-27T06:00:00.000+02:00,A22TC020222,A22 (contournement),77.0,170
2026-09-27T04:11:00Z,2026-09-27T06:00:00.000+02:00,A0001010940,A1,101.0,370
2026-09-27T04:11:00Z,2026-09-27T06:00:00.000+02:00,A0025023320,A25,113.0,300
2026-09-27T04:11:00Z,2026-09-27T06:00:00.000+02:00,A0001020520,A1,103.0,520
2026-09-27T04:11:00Z,2026-09-27T06:00:00.000+02:00,A0025023100,A25,110.0,210
2026-09-27T04:11:00Z,2026-09-27T06:00:00.000+02:00,A22TC020230,A22 (contournement),77.0,170
2026-09-27T04:11:00Z,2026-09-27T06:00:00.000+02:00,A0025021730,A25,90.0,330
2026-09-27T04:11:00Z,2026-09-27T06:00:00.000+02:00,A0025023910,A25,112.0,130
2026-09-27T04:11:00Z,2026-09-27T06:00:00.000+02:00,A0025021735,A25,101.0,330
2026-09-27T04:11:00Z,2026-09-27T06:00:00.000+02:00,A0023010400,A23,101.0,180
2026-09-27T04:11:00Z,2026-09-27T06:00:00.000+02:00,A0022021900,A22,83.0,240
2026-09-27T04:11:00Z,2026-09-27T06:00:00.000+02:00,A9022100500,A22 (rocade),74.0,220
2026-09-27T04:11:00Z,2026-09-27T06:00:00.000+02:00,A0001020940,A1,92.0,550
2026-09-27T04:11:00Z,2026-09-27T06:00:00.000+02:00,A0001020700,A1,102.0,440
2026-09-27T04:11:00Z,2026-09-27T06:00:00.000+02:00,A9022020830,A22 (rocade),84.0,20
2026-09-27T04:11:00Z,2026-09-27T06:00:00.000+02:00,A9022020822,A22 (rocade),74.0,710
2026-09-27T04:11:00Z,2026-09-27T06:00:00.000+02:00,A9022020821,A22 (rocade),74.0,710
2026-09-27T04:11:00Z,2026-09-27T06:00:00.000+02:00,A0025020420,A25,74.0,520
2026-09-27T04:11:00Z,2026-09-27T06:00:00.000+02:00,A0025021510,A25,95.0,190
2026-09-27T04:11:00Z,2026-09-27T06:00:00.000+02:00,N0227010100,N227,70.0,110
2026-09-27T04:11:00Z,2026-09-27T06:00:00.000+02:00,A0025011720,A25,101.0,200
2026-09-27T04:11:00Z,2026-09-27T06:00:00.000+02:00,A0025021760,A25,86.0,270
2026-09-27T04:11:00Z,2026-09-27T06:00:00.000+02:00,A0025011730,A25,91.0,180
2026-09-27T04:11:00Z,2026-09-27T06:00:00.000+02:00,A0025011735,A25,100.0,180
2026-09-27T04:11:00Z,2026-09-27T06:00:00.000+02:00,A9025080700,A25 (bretelle),,60
2026-09-27T04:11:00Z,2026-09-27T06:00:00.000+02:00,A9022100930,A22 (rocade),67.0,30
2026-09-27T04:11:00Z,2026-09-27T06:00:00.000+02:00,N0356011220,N356,74.0,410
2026-09-27T04:11:00Z,2026-09-27T06:00:00.000+02:00,A0025011740,A25,85.0,170
2026-09-27T04:11:00Z,2026-09-27T06:00:00.000+02:00,A0025010410,A25,69.0,320
2026-09-27T04:11:00Z,2026-09-27T06:00:00.000+02:00,A0023010200,A23,,200
2026-09-27T04:11:00Z,2026-09-27T06:00:00.000+02:00,A9001210120,A1 (bretelle),84.0,70
2026-09-27T04:11:00Z,2026-09-27T06:00:00.000+02:00,A0025020210,A25,79.0,610
2026-09-27T04:11:00Z,2026-09-27T06:00:00.000+02:00,N0356011210,N356,74.0,410
2026-09-27T04:11:00Z,2026-09-27T06:00:00.000+02:00,A0025011510,A25,88.0,170
2026-09-27T04:11:00Z,2026-09-27T06:00:00.000+02:00,A0025020220,A25,79.0,610
2026-09-27T04:11:00Z,2026-09-27T06:00:00.000+02:00,N0227010302,N227,85.0,250
2026-09-27T04:11:00Z,2026-09-27T06:00:00.000+02:00,N0041010500,N41,77.0,250
2026-09-27T04:11:00Z,2026-09-27T06:00:00.000+02:00,N0227020101,N227,93.0,180
2026-09-27T04:11:00Z,2026-09-27T06:00:00.000+02:00,A9022100110,A22 (rocade),67.0,130
2026-09-27T04:11:00Z,2026-09-27T06:00:00.000+02:00,A0022010400,A22,75.0,300
2026-09-27T04:11:00Z,2026-09-27T06:00:00.000+02:00,N0356010302,N356,79.0,710
2026-09-27T04:11:00Z,2026-09-27T06:00:00.000+02:00,A0025010800,A25,82.0,210
2026-09-27T04:11:00Z,2026-09-27T06:00:00.000+02:00,A0027020621,A27,99.0,200
2026-09-27T04:11:00Z,2026-09-27T06:00:00.000+02:00,A0027020630,A27,99.0,210
2026-09-27T04:11:00Z,2026-09-27T06:00:00.000+02:00,A0022021512,A22,78.0,200
2026-09-27T04:11:00Z,2026-09-27T06:00:00.000+02:00,A0022021511,A22,78.0,230
2026-09-27T04:11:00Z,2026-09-27T06:00:00.000+02:00,A0027020610,A27,99.0,200
2026-09-27T04:11:00Z,2026-09-27T06:00:00.000+02:00,A0025021720,A25,100.0,350
2026-09-27T04:11:00Z,2026-09-27T06:00:00.000+02:00,A0022021520,A22,78.0,200
2026-09-27T04:11:00Z,2026-09-27T06:00:00.000+02:00,A0025022140,A25,111.0,240
2026-09-27T04:11:00Z,2026-09-27T06:00:00.000+02:00,A0022011302,A22,74.0,210
2026-09-27T04:11:00Z,2026-09-27T06:00:00.000+02:00,A0025022160,A25,107.0,260
2026-09-27T04:11:00Z,2026-09-27T06:00:00.000+02:00,A9025060104,A25 (bretelle),72.0,180
2026-09-27T04:11:00Z,2026-09-27T06:00:00.000+02:00,A0027010201,A27,85.0,180
2026-09-27T04:11:00Z,2026-09-27T06:00:00.000+02:00,A0027010202,A27,85.0,110
2026-09-27T04:11:00Z,2026-09-27T06:00:00.000+02:00,N9227110110,N227 (bretelle),74.0,190
2026-09-27T04:11:00Z,2026-09-27T06:00:00.000+02:00,A0025012130,A25,124.0,90
2026-09-27T04:11:00Z,2026-09-27T06:00:00.000+02:00,A0027010210,A27,85.0,110
2026-09-27T04:11:00Z,2026-09-27T06:00:00.000+02:00,A0025011050,A25,107.0,60
2026-09-27T04:11:00Z,2026-09-27T06:00:00.000+02:00,A0027010421,A27,95.0,140
2026-09-27T04:11:00Z,2026-09-27T06:00:00.000+02:00,A0022012420,A22,97.0,310
2026-09-27T04:11:00Z,2026-09-27T06:00:00.000+02:00,A0027010430,A27,100.0,140
2026-09-27T04:11:00Z,2026-09-27T06:00:00.000+02:00,A0023020710,A23,104.0,190
2026-09-27T04:11:00Z,2026-09-27T06:00:00.000+02:00,A0022012430,A22,94.0,290
2026-09-27T04:11:00Z,2026-09-27T06:00:00.000+02:00,A0025012160,A25,120.0,140
2026-09-27T04:11:00Z,2026-09-27T06:00:00.000+02:00,A9022021200,A22 (rocade),55.0,50
2026-09-27T04:11:00Z,2026-09-27T06:00:00.000+02:00,A0001021100,A1,93.0,460
2026-09-27T04:11:00Z,2026-09-27T06:00:00.000+02:00,A9022101000,A22 (rocade),,130
2026-09-27T04:11:00Z,2026-09-27T06:00:00.000+02:00,A0025013020,A25,112.0,200
2026-09-27T04:11:00Z,2026-09-27T06:00:00.000+02:00,A0027010410,A27,95.0,140
2026-09-27T04:11:00Z,2026-09-27T06:00:00.000+02:00,A0022012410,A22,97.0,290
2026-09-27T04:11:00Z,2026-09-27T06:00:00.000+02:00,A0001A20112,A1,95.0,220
2026-09-27T04:11:00Z,2026-09-27T06:00:00.000+02:00,A0001A20111,A1,77.0,140
2026-09-27T04:11:00Z,2026-09-27T06:00:00.000+02:00,A0001021521,A1,89.0,400
2026-09-27T04:11:00Z,2026-09-27T06:00:00.000+02:00,A0025022540,A25,115.0,180
2026-09-27T04:11:00Z,2026-09-27T06:00:00.000+02:00,A0025022300,A25,129.0,120
2026-09-27T04:11:00Z,2026-09-27T06:00:00.000+02:00,N0356021000,N356,76.0,430
2026-09-27T04:11:00Z,2026-09-27T06:00:00.000+02:00,A22TC010102,A22 (contournement),89.0,190
2026-09-27T04:11:00Z,2026-09-27T06:00:00.000+02:00,A0001011503,A1,89.0,500
2026-09-27T04:11:00Z,2026-09-27T06:00:00.000+02:00,A0022012200,A22,83.0,250
2026-09-27T04:11:00Z,2026-09-27T06:00:00.000+02:00,A0001A20120,A1,96.0,220
2026-09-27T04:11:00Z,2026-09-27T06:00:00.000+02:00,A22TC020102,A22 (contournement),88.0,210
2026-09-27T04:11:00Z,2026-09-27T06:00:00.000+02:00,A22TC010300,A22 (contournement),88.0,160
2026-09-27T04:11:00Z,2026-09-27T06:00:00.000+02:00,A0022012010,A22,79.0,140
2026-09-27T04:11:00Z,2026-09-27T06:00:00.000+02:00,A0022012020,A22,79.0,140
2026-09-27T04:11:00Z,2026-09-27T06:00:00.000+02:00,A0025022130,A25,122.0,190
2026-09-27T04:11:00Z,2026-09-27T06:00:00.000+02:00,A0023010520,A23,109.0,170
2026-09-27T04:11:00Z,2026-09-27T06:00:00.000+02:00,N0041020800,N41,92.0,210
2026-09-27T04:11:00Z,2026-09-27T06:00:00.000+02:00,A0025010500,A25,79.0,260
2026-09-27T04:11:00Z,2026-09-27T06:00:00.000+02:00,A0022020901,A22,75.0,230
2026-09-27T04:11:00Z,2026-09-27T06:00:00.000+02:00,A0022020902,A22,75.0,140
2026-09-27T04:11:00Z,2026-09-27T06:00:00.000+02:00,A0022021810,A22,81.0,200
2026-09-27T04:11:00Z,2026-09-27T06:00:00.000+02:00,N0356011100,N356,74.0,410
2026-09-27T04:11:00Z,2026-09-27T06:00:00.000+02:00,A0022021820,A22,81.0,200
2026-09-27T04:11:00Z,2026-09-27T06:00:00.000+02:00,N0356020802,N356,74.0,460
2026-09-27T04:11:00Z,2026-09-27T06:00:00.000+02:00,A9022020900,A22 (rocade),,130
2026-09-27T04:11:00Z,2026-09-27T06:00:00.000+02:00,A0025020102,A25,70.0,210
2026-09-27T04:11:00Z,2026-09-27T06:00:00.000+02:00,A0023010100,A23,,10
2026-09-27T04:11:00Z,2026-09-27T06:00:00.000+02:00,A0025022530,A25,119.0,170
2026-09-27T04:11:00Z,2026-09-27T06:00:00.000+02:00,A9001210200,A1 (bretelle),72.0,270
2026-09-27T04:11:00Z,2026-09-27T06:00:00.000+02:00,A0022010700,A22,86.0,260
2026-09-27T04:11:00Z,2026-09-27T06:00:00.000+02:00,N0041020400,N41,88.0,150
2026-09-27T04:11:00Z,2026-09-27T06:00:00.000+02:00,A0023020720,A23,111.0,200
2026-09-27T04:11:00Z,2026-09-27T06:00:00.000+02:00,A0022020500,A22,75.0,200
2026-09-27T04:11:00Z,2026-09-27T06:00:00.000+02:00,N93563b0150,N356 (bretelle),90.0,10
2026-09-27T04:11:00Z,2026-09-27T06:00:00.000+02:00,A0025020950,A25,92.0,440
2026-09-27T04:11:00Z,2026-09-27T06:00:00.000+02:00,A0023020300,A23,81.0,150
2026-09-27T04:11:00Z,2026-09-27T06:00:00.000+02:00,A0001011000,A1,87.0,270
2026-09-27T04:11:00Z,2026-09-27T06:00:00.000+02:00,A0027020500,A27,91.0,80
2026-09-27T04:11:00Z,2026-09-27T06:00:00.000+02:00,N0356011500,N356,67.0,390
2026-09-27T04:11:00Z,2026-09-27T06:00:00.000+02:00,A0001010150,A1,102.0,390
2026-09-27T04:11:00Z,2026-09-27T06:00:00.000+02:00,N0356020400,N356,77.0,120
2026-09-27T04:11:00Z,2026-09-27T06:00:00.000+02:00,N0041020600,N41,97.0,130
2026-09-27T04:11:00Z,2026-09-27T06:00:00.000+02:00,A0025010700,A25,79.0,160
2026-09-27T04:11:00Z,2026-09-27T06:00:00.000+02:00,A0002011230,A2,110.0,370
2026-09-27T04:11:00Z,2026-09-27T06:00:00.000+02:00,A0025020500,A25,75.0,370
2026-09-27T04:11:00Z,2026-09-27T06:00:00.000+02:00,A0002021290,A2,107.0,280
2026-09-27T04:11:00Z,2026-09-27T06:00:00.000+02:00,A0022011600,A22,82.0,120
2026-09-27T04:21:10Z,2026-09-27T06:12:00.000+02:00,A0001011200,A1,84.0,430
2026-09-27T04:21:10Z,2026-09-27T06:12:00.000+02:00,A0027010102,A27,93.0,360
2026-09-27T04:21:10Z,2026-09-27T06:12:00.000+02:00,N0041010100,N41,89.0,290
2026-09-27T04:21:10Z,2026-09-27T06:12:00.000+02:00,A0027010101,A27,93.0,360
2026-09-27T04:21:10Z,2026-09-27T06:12:00.000+02:00,A9022010250,A22 (rocade),89.0,40
2026-09-27T04:21:10Z,2026-09-27T06:12:00.000+02:00,A0001020150,A1,110.0,480
2026-09-27T04:21:10Z,2026-09-27T06:12:00.000+02:00,N0356011700,N356,76.0,530
2026-09-27T04:21:10Z,2026-09-27T06:12:00.000+02:00,N0356021300,N356,69.0,550
2026-09-27T04:21:10Z,2026-09-27T06:12:00.000+02:00,A0022011400,A22,86.0,50
2026-09-27T04:21:10Z,2026-09-27T06:12:00.000+02:00,A0027010300,A27,94.0,120
2026-09-27T04:21:10Z,2026-09-27T06:12:00.000+02:00,A9022020250,A22 (rocade),,80
2026-09-27T04:21:10Z,2026-09-27T06:12:00.000+02:00,N0041010300,N41,90.0,430
2026-09-27T04:21:10Z,2026-09-27T06:12:00.000+02:00,A0022011210,A22,73.0,60
2026-09-27T04:21:10Z,2026-09-27T06:12:00.000+02:00,A0027020100,A27,92.0,70
2026-09-27T04:21:10Z,2026-09-27T06:12:00.000+02:00,A0001010300,A1,129.0,520
2026-09-27T04:21:10Z,2026-09-27T06:12:00.000+02:00,A0022011220,A22,73.0,60
2026-09-27T04:21:10Z,2026-09-27T06:12:00.000+02:00,N0227021400,N227,80.0,10
2026-09-27T04:21:10Z,2026-09-27T06:12:00.000+02:00,A9022101110,A22 (rocade),79.0,90
2026-09-27T04:21:10Z,2026-09-27T06:12:00.000+02:00,A0022022110,A22,94.0,530
2026-09-27T04:21:10Z,2026-09-27T06:12:00.000+02:00,A0001011420,A1,91.0,400
2026-09-27T04:21:10Z,2026-09-27T06:12:00.000+02:00,N0356010800,N356,74.0,450
2026-09-27T04:21:10Z,2026-09-27T06:12:00.000+02:00,A9001210710,A1 (bretelle),76.0,130
2026-09-27T04:21:10Z,2026-09-27T06:12:00.000+02:00,N0356021110,N356,73.0,590
2026-09-27T04:21:10Z,2026-09-27T06:12:00.000+02:00,A0001010510,A1,111.0,510
2026-09-27T04:21:10Z,2026-09-27T06:12:00.000+02:00,N0356021122,N356,66.0,590
2026-09-27T04:21:10Z,2026-09-27T06:12:00.000+02:00,N0356021121,N356,73.0,590
2026-09-27T04:21:10Z,2026-09-27T06:12:00.000+02:00,A0025010210,A25,80.0,730
2026-09-27T04:21:10Z,2026-09-27T06:12:00.000+02:00,A0025011300,A25,86.0,220
2026-09-27T04:21:10Z,2026-09-27T06:12:00.000+02:00,A0001020300,A1,111.0,460
2026-09-27T04:21:10Z,2026-09-27T06:12:00.000+02:00,A0025021100,A25,88.0,360
2026-09-27T04:21:10Z,2026-09-27T06:12:00.000+02:00,A0025023520,A25,123.0,100
2026-09-27T04:21:10Z,2026-09-27T06:12:00.000+02:00,A0022022130,A22,105.0,560
2026-09-27T04:21:10Z,2026-09-27T06:12:00.000+02:00,A0025010220,A25,80.0,730
2026-09-27T04:21:10Z,2026-09-27T06:12:00.000+02:00,A0022022120,A22,99.0,560
2026-09-27T04:21:10Z,2026-09-27T06:12:00.000+02:00,A0001010520,A1,103.0,570
2026-09-27T04:21:10Z,2026-09-27T06:12:00.000+02:00,A0022011000,A22,67.0,270
2026-09-27T04:21:10Z,2026-09-27T06:12:00.000+02:00,A0001020510,A1,107.0,540
2026-09-27T04:21:10Z,2026-09-27T06:12:00.000+02:00,A0001021602,A1,85.0,820
2026-09-27T04:21:10Z,2026-09-27T06:12:00.000+02:00,A22TC020222,A22 (contournement),96.0,270
2026-09-27T04:21:10Z,2026-09-27T06:12:00.000+02:00,A0001010940,A1,101.0,560
2026-09-27T04:21:10Z,2026-09-27T06:12:00.000+02:00,A0025023320,A25,117.0,240
2026-09-27T04:21:10Z,2026-09-27T06:12:00.000+02:00,A0001020520,A1,104.0,550
2026-09-27T04:21:10Z,2026-09-27T06:12:00.000+02:00,A0025023100,A25,124.0,130
2026-09-27T04:21:10Z,2026-09-27T06:12:00.000+02:00,A22TC020230,A22 (contournement),96.0,270
2026-09-27T04:21:10Z,2026-09-27T06:12:00.000+02:00,A0025021730,A25,92.0,460
2026-09-27T04:21:10Z,2026-09-27T06:12:00.000+02:00,A0025023910,A25,127.0,100
2026-09-27T04:21:10Z,2026-09-27T06:12:00.000+02:00,A0025021735,A25,104.0,440
2026-09-27T04:21:10Z,2026-09-27T06:12:00.000+02:00,A0023010400,A23,106.0,230
2026-09-27T04:21:10Z,2026-09-27T06:12:00.000+02:00,A0022021900,A22,84.0,460
2026-09-27T04:21:10Z,2026-09-27T06:12:00.000+02:00,A9022100500,A22 (rocade),82.0,310
2026-09-27T04:21:10Z,2026-09-27T06:12:00.000+02:00,A0001020940,A1,94.0,430
2026-09-27T04:21:10Z,2026-09-27T06:12:00.000+02:00,A0001020700,A1,104.0,410
2026-09-27T04:21:10Z,2026-09-27T06:12:00.000+02:00,A9022020830,A22 (rocade),85.0,40
2026-09-27T04:21:10Z,2026-09-27T06:12:00.000+02:00,A9022020822,A22 (rocade),73.0,290
2026-09-27T04:21:10Z,2026-09-27T06:12:00.000+02:00,A9022020821,A22 (rocade),73.0,290
2026-09-27T04:21:10Z,2026-09-27T06:12:00.000+02:00,A0025020420,A25,76.0,490
2026-09-27T04:21:10Z,2026-09-27T06:12:00.000+02:00,A0025021510,A25,90.0,300
2026-09-27T04:21:10Z,2026-09-27T06:12:00.000+02:00,N0227010100,N227,69.0,120
2026-09-27T04:21:10Z,2026-09-27T06:12:00.000+02:00,A0025011720,A25,103.0,230
2026-09-27T04:21:10Z,2026-09-27T06:12:00.000+02:00,A0025021760,A25,90.0,480
2026-09-27T04:21:10Z,2026-09-27T06:12:00.000+02:00,A0025011730,A25,90.0,220
2026-09-27T04:21:10Z,2026-09-27T06:12:00.000+02:00,A0025011735,A25,101.0,240
2026-09-27T04:21:10Z,2026-09-27T06:12:00.000+02:00,A9025080700,A25 (bretelle),,40
2026-09-27T04:21:10Z,2026-09-27T06:12:00.000+02:00,A9022100930,A22 (rocade),73.0,70
2026-09-27T04:21:10Z,2026-09-27T06:12:00.000+02:00,N0356011220,N356,74.0,590
2026-09-27T04:21:10Z,2026-09-27T06:12:00.000+02:00,A0025011740,A25,85.0,250
2026-09-27T04:21:10Z,2026-09-27T06:12:00.000+02:00,A0025010410,A25,71.0,680
2026-09-27T04:21:10Z,2026-09-27T06:12:00.000+02:00,A0023010200,A23,81.0,250
2026-09-27T04:21:10Z,2026-09-27T06:12:00.000+02:00,A9001210120,A1 (bretelle),74.0,20
2026-09-27T04:21:10Z,2026-09-27T06:12:00.000+02:00,A0025020210,A25,76.0,590
2026-09-27T04:21:10Z,2026-09-27T06:12:00.000+02:00,N0356011210,N356,74.0,590
2026-09-27T04:21:10Z,2026-09-27T06:12:00.000+02:00,A0025011510,A25,99.0,200
2026-09-27T04:21:10Z,2026-09-27T06:12:00.000+02:00,A0025020220,A25,76.0,590
2026-09-27T04:21:10Z,2026-09-27T06:12:00.000+02:00,N0227010302,N227,81.0,260
2026-09-27T04:21:10Z,2026-09-27T06:12:00.000+02:00,N0041010500,N41,97.0,380
2026-09-27T04:21:10Z,2026-09-27T06:12:00.000+02:00,N0227020101,N227,90.0,390
2026-09-27T04:21:10Z,2026-09-27T06:12:00.000+02:00,A9022100110,A22 (rocade),71.0,110
2026-09-27T04:21:10Z,2026-09-27T06:12:00.000+02:00,A0022010400,A22,69.0,300
2026-09-27T04:21:10Z,2026-09-27T06:12:00.000+02:00,N0356010302,N356,78.0,600
2026-09-27T04:21:10Z,2026-09-27T06:12:00.000+02:00,A0025010800,A25,99.0,410
2026-09-27T04:21:10Z,2026-09-27T06:12:00.000+02:00,A0027020621,A27,99.0,240
2026-09-27T04:21:10Z,2026-09-27T06:12:00.000+02:00,N0041010700,N41,84.0,60
2026-09-27T04:21:10Z,2026-09-27T06:12:00.000+02:00,A0027020630,A27,97.0,260
2026-09-27T04:21:10Z,2026-09-27T06:12:00.000+02:00,A0022021512,A22,84.0,350
2026-09-27T04:21:10Z,2026-09-27T06:12:00.000+02:00,A0022021511,A22,88.0,340
2026-09-27T04:21:10Z,2026-09-27T06:12:00.000+02:00,A0027020610,A27,99.0,240
2026-09-27T04:21:10Z,2026-09-27T06:12:00.000+02:00,A0025021720,A25,101.0,420
2026-09-27T04:21:10Z,2026-09-27T06:12:00.000+02:00,A0022021520,A22,84.0,350
2026-09-27T04:21:10Z,2026-09-27T06:12:00.000+02:00,A0025022140,A25,111.0,360
2026-09-27T04:21:10Z,2026-09-27T06:12:00.000+02:00,A0022011302,A22,74.0,260
2026-09-27T04:21:10Z,2026-09-27T06:12:00.000+02:00,A0025022160,A25,104.0,360
2026-09-27T04:21:10Z,2026-09-27T06:12:00.000+02:00,A9025060104,A25 (bretelle),75.0,280
2026-09-27T04:21:10Z,2026-09-27T06:12:00.000+02:00,A0027010201,A27,94.0,290
2026-09-27T04:21:10Z,2026-09-27T06:12:00.000+02:00,A0027010202,A27,93.0,120
2026-09-27T04:21:10Z,2026-09-27T06:12:00.000+02:00,N9227110110,N227 (bretelle),76.0,170
2026-09-27T04:21:10Z,2026-09-27T06:12:00.000+02:00,A0025012130,A25,108.0,140
2026-09-27T04:21:10Z,2026-09-27T06:12:00.000+02:00,A0027010210,A27,93.0,120
2026-09-27T04:21:10Z,2026-09-27T06:12:00.000+02:00,A0025011050,A25,107.0,250
2026-09-27T04:21:10Z,2026-09-27T06:12:00.000+02:00,A0027010421,A27,94.0,120
2026-09-27T04:21:10Z,2026-09-27T06:12:00.000+02:00,A0022012420,A22,98.0,340
2026-09-27T04:21:10Z,2026-09-27T06:12:00.000+02:00,A0027010430,A27,99.0,140
2026-09-27T04:21:10Z,2026-09-27T06:12:00.000+02:00,A0023020710,A23,106.0,130
2026-09-27T04:21:10Z,2026-09-27T06:12:00.000+02:00,A0022012430,A22,97.0,360
2026-09-27T04:21:10Z,2026-09-27T06:12:00.000+02:00,A0025012160,A25,117.0,160
2026-09-27T04:21:10Z,2026-09-27T06:12:00.000+02:00,A9022021200,A22 (rocade),62.0,30
2026-09-27T04:21:10Z,2026-09-27T06:12:00.000+02:00,A0001021100,A1,93.0,390
2026-09-27T04:21:10Z,2026-09-27T06:12:00.000+02:00,A9022101000,A22 (rocade),80.0,100
2026-09-27T04:21:10Z,2026-09-27T06:12:00.000+02:00,A0025013020,A25,102.0,110
2026-09-27T04:21:10Z,2026-09-27T06:12:00.000+02:00,A0027010410,A27,94.0,120
2026-09-27T04:21:10Z,2026-09-27T06:12:00.000+02:00,A0022012410,A22,98.0,350
2026-09-27T04:21:10Z,2026-09-27T06:12:00.000+02:00,A0001A20112,A1,92.0,330
2026-09-27T04:21:10Z,2026-09-27T06:12:00.000+02:00,A0001A20111,A1,86.0,150
2026-09-27T04:21:10Z,2026-09-27T06:12:00.000+02:00,A0001021521,A1,89.0,490
2026-09-27T04:21:10Z,2026-09-27T06:12:00.000+02:00,A0025022540,A25,112.0,230
2026-09-27T04:21:10Z,2026-09-27T06:12:00.000+02:00,A0025022300,A25,110.0,220
2026-09-27T04:21:10Z,2026-09-27T06:12:00.000+02:00,N0356021000,N356,73.0,500
2026-09-27T04:21:10Z,2026-09-27T06:12:00.000+02:00,A22TC010102,A22 (contournement),89.0,160
2026-09-27T04:21:10Z,2026-09-27T06:12:00.000+02:00,A0001011503,A1,91.0,740
2026-09-27T04:21:10Z,2026-09-27T06:12:00.000+02:00,A0022012200,A22,86.0,340
2026-09-27T04:21:10Z,2026-09-27T06:12:00.000+02:00,A0001A20120,A1,90.0,400
2026-09-27T04:21:10Z,2026-09-27T06:12:00.000+02:00,A22TC020102,A22 (contournement),88.0,300
2026-09-27T04:21:10Z,2026-09-27T06:12:00.000+02:00,A22TC010300,A22 (contournement),87.0,240
2026-09-27T04:21:10Z,2026-09-27T06:12:00.000+02:00,A0022012010,A22,86.0,180
2026-09-27T04:21:10Z,2026-09-27T06:12:00.000+02:00,A0022012020,A22,86.0,180
2026-09-27T04:21:10Z,2026-09-27T06:12:00.000+02:00,A0025022130,A25,127.0,390
2026-09-27T04:21:10Z,2026-09-27T06:12:00.000+02:00,A0023010520,A23,112.0,220
2026-09-27T04:21:10Z,2026-09-27T06:12:00.000+02:00,N0041020800,N41,105.0,110
2026-09-27T04:21:10Z,2026-09-27T06:12:00.000+02:00,A0025010500,A25,70.0,460
2026-09-27T04:21:10Z,2026-09-27T06:12:00.000+02:00,A0022020901,A22,89.0,230
2026-09-27T04:21:10Z,2026-09-27T06:12:00.000+02:00,A0022020902,A22,89.0,170
2026-09-27T04:21:10Z,2026-09-27T06:12:00.000+02:00,A0022021810,A22,84.0,420
2026-09-27T04:21:10Z,2026-09-27T06:12:00.000+02:00,N0356011100,N356,73.0,510
2026-09-27T04:21:10Z,2026-09-27T06:12:00.000+02:00,A0022021820,A22,84.0,420
2026-09-27T04:21:10Z,2026-09-27T06:12:00.000+02:00,N0356020802,N356,72.0,460
2026-09-27T04:21:10Z,2026-09-27T06:12:00.000+02:00,A9022020900,A22 (rocade),72.0,100
2026-09-27T04:21:10Z,2026-09-27T06:12:00.000+02:00,A0025020102,A25,69.0,160
2026-09-27T04:21:10Z,2026-09-27T06:12:00.000+02:00,A0023010100,A23,,10
2026-09-27T04:21:10Z,2026-09-27T06:12:00.000+02:00,A0025022530,A25,111.0,260
2026-09-27T04:21:10Z,2026-09-27T06:12:00.000+02:00,A9001210200,A1 (bretelle),73.0,220
2026-09-27T04:21:10Z,2026-09-27T06:12:00.000+02:00,A0022010700,A22,67.0,300
2026-09-27T04:21:10Z,2026-09-27T06:12:00.000+02:00,N0041020400,N41,92.0,140
2026-09-27T04:21:10Z,2026-09-27T06:12:00.000+02:00,A0023020720,A23,112.0,160
2026-09-27T04:21:10Z,2026-09-27T06:12:00.000+02:00,A0022020500,A22,89.0,120
2026-09-27T04:21:10Z,2026-09-27T06:12:00.000+02:00,N93563b0150,N356 (bretelle),83.0,10
2026-09-27T04:21:10Z,2026-09-27T06:12:00.000+02:00,A0025020950,A25,91.0,600
2026-09-27T04:21:10Z,2026-09-27T06:12:00.000+02:00,A0023020300,A23,81.0,190
2026-09-27T04:21:10Z,2026-09-27T06:12:00.000+02:00,A0001011000,A1,89.0,460
2026-09-27T04:21:10Z,2026-09-27T06:12:00.000+02:00,A0027020500,A27,87.0,150
2026-09-27T04:21:10Z,2026-09-27T06:12:00.000+02:00,N0356011500,N356,72.0,610
2026-09-27T04:21:10Z,2026-09-27T06:12:00.000+02:00,A0001010150,A1,107.0,520
2026-09-27T04:21:10Z,2026-09-27T06:12:00.000+02:00,N0356020400,N356,75.0,160
2026-09-27T04:21:10Z,2026-09-27T06:12:00.000+02:00,N0041020600,N41,98.0,110
2026-09-27T04:21:10Z,2026-09-27T06:12:00.000+02:00,A0025010700,A25,74.0,300
2026-09-27T04:21:10Z,2026-09-27T06:12:00.000+02:00,A0002011230,A2,117.0,290
2026-09-27T04:21:10Z,2026-09-27T06:12:00.000+02:00,A0025020500,A25,77.0,390
2026-09-27T04:21:10Z,2026-09-27T06:12:00.000+02:00,A0002021290,A2,105.0,270
2026-09-27T04:21:10Z,2026-09-27T06:12:00.000+02:00,A0022011600,A22,87.0,140
2026-09-27T04:31:07Z,2026-09-27T06:24:00.000+02:00,A0001011200,A1,81.0,600
2026-09-27T04:31:07Z,2026-09-27T06:24:00.000+02:00,A0027010102,A27,104.0,450
2026-09-27T04:31:07Z,2026-09-27T06:24:00.000+02:00,N0041010100,N41,91.0,490
2026-09-27T04:31:07Z,2026-09-27T06:24:00.000+02:00,A0027010101,A27,104.0,450
2026-09-27T04:31:07Z,2026-09-27T06:24:00.000+02:00,A9022010250,A22 (rocade),78.0,50
2026-09-27T04:31:07Z,2026-09-27T06:24:00.000+02:00,A0001020150,A1,104.0,550
2026-09-27T04:31:07Z,2026-09-27T06:24:00.000+02:00,N0356011700,N356,80.0,330
2026-09-27T04:31:07Z,2026-09-27T06:24:00.000+02:00,N0356021300,N356,67.0,610
2026-09-27T04:31:07Z,2026-09-27T06:24:00.000+02:00,A0022011400,A22,81.0,70
2026-09-27T04:31:07Z,2026-09-27T06:24:00.000+02:00,A0027010300,A27,90.0,100
2026-09-27T04:31:07Z,2026-09-27T06:24:00.000+02:00,A9022020250,A22 (rocade),55.0,60
2026-09-27T04:31:07Z,2026-09-27T06:24:00.000+02:00,N0041010300,N41,92.0,700
2026-09-27T04:31:07Z,2026-09-27T06:24:00.000+02:00,A0022011210,A22,86.0,40
2026-09-27T04:31:07Z,2026-09-27T06:24:00.000+02:00,A0027020100,A27,73.0,230
2026-09-27T04:31:07Z,2026-09-27T06:24:00.000+02:00,A0001010300,A1,130.0,670
2026-09-27T04:31:07Z,2026-09-27T06:24:00.000+02:00,A0022011220,A22,86.0,40
2026-09-27T04:31:07Z,2026-09-27T06:24:00.000+02:00,A9022101110,A22 (rocade),83.0,140
2026-09-27T04:31:07Z,2026-09-27T06:24:00.000+02:00,A0022022110,A22,93.0,600
2026-09-27T04:31:07Z,2026-09-27T06:24:00.000+02:00,A0001011420,A1,92.0,510
2026-09-27T04:31:07Z,2026-09-27T06:24:00.000+02:00,N0356010800,N356,72.0,370
2026-09-27T04:31:07Z,2026-09-27T06:24:00.000+02:00,A9001210710,A1 (bretelle),70.0,170
2026-09-27T04:31:07Z,2026-09-27T06:24:00.000+02:00,N0356021110,N356,75.0,680
2026-09-27T04:31:07Z,2026-09-27T06:24:00.000+02:00,A0001010510,A1,102.0,680
2026-09-27T04:31:07Z,2026-09-27T06:24:00.000+02:00,N0356021122,N356,66.0,670
2026-09-27T04:31:07Z,2026-09-27T06:24:00.000+02:00,N0356021121,N356,75.0,680
2026-09-27T04:31:07Z,2026-09-27T06:24:00.000+02:00,A0025010210,A25,78.0,920
2026-09-27T04:31:07Z,2026-09-27T06:24:00.000+02:00,A0025011300,A25,86.0,250
2026-09-27T04:31:07Z,2026-09-27T06:24:00.000+02:00,A0001020300,A1,104.0,590
2026-09-27T04:31:07Z,2026-09-27T06:24:00.000+02:00,A0025021100,A25,91.0,480
2026-09-27T04:31:07Z,2026-09-27T06:24:00.000+02:00,A0025023520,A25,116.0,200
2026-09-27T04:31:07Z,2026-09-27T06:24:00.000+02:00,A0022022130,A22,104.0,500
2026-09-27T04:31:07Z,2026-09-27T06:24:00.000+02:00,A0025010220,A25,78.0,920
2026-09-27T04:31:07Z,2026-09-27T06:24:00.000+02:00,A0022022120,A22,97.0,580
2026-09-27T04:31:07Z,2026-09-27T06:24:00.000+02:00,A0001010520,A1,105.0,660
2026-09-27T04:31:07Z,2026-09-27T06:24:00.000+02:00,A0022011000,A22,75.0,340
2026-09-27T04:31:07Z,2026-09-27T06:24:00.000+02:00,A0001020510,A1,104.0,590
2026-09-27T04:31:07Z,2026-09-27T06:24:00.000+02:00,A0001021602,A1,85.0,920
2026-09-27T04:31:07Z,2026-09-27T06:24:00.000+02:00,A22TC020222,A22 (contournement),87.0,190
2026-09-27T04:31:07Z,2026-09-27T06:24:00.000+02:00,A0001010940,A1,101.0,700
2026-09-27T04:31:07Z,2026-09-27T06:24:00.000+02:00,A0025023320,A25,113.0,310
2026-09-27T04:31:07Z,2026-09-27T06:24:00.000+02:00,A0001020520,A1,102.0,590
2026-09-27T04:31:07Z,2026-09-27T06:24:00.000+02:00,A0025023100,A25,115.0,210
2026-09-27T04:31:07Z,2026-09-27T06:24:00.000+02:00,A22TC020230,A22 (contournement),87.0,190
2026-09-27T04:31:07Z,2026-09-27T06:24:00.000+02:00,A0025021730,A25,91.0,660
2026-09-27T04:31:07Z,2026-09-27T06:24:00.000+02:00,A0025023910,A25,117.0,190
2026-09-27T04:31:07Z,2026-09-27T06:24:00.000+02:00,A0025021735,A25,104.0,710
2026-09-27T04:31:07Z,2026-09-27T06:24:00.000+02:00,A0023010400,A23,101.0,150
2026-09-27T04:31:07Z,2026-09-27T06:24:00.000+02:00,A0022021900,A22,84.0,410
2026-09-27T04:31:07Z,2026-09-27T06:24:00.000+02:00,A9022100500,A22 (rocade),79.0,200
2026-09-27T04:31:07Z,2026-09-27T06:24:00.000+02:00,A0001020940,A1,93.0,690
2026-09-27T04:31:07Z,2026-09-27T06:24:00.000+02:00,A0001020700,A1,100.0,570
2026-09-27T04:31:07Z,2026-09-27T06:24:00.000+02:00,A9022020830,A22 (rocade),97.0,10
2026-09-27T04:31:07Z,2026-09-27T06:24:00.000+02:00,A9022020822,A22 (rocade),73.0,190
2026-09-27T04:31:07Z,2026-09-27T06:24:00.000+02:00,A9022020821,A22 (rocade),73.0,190
2026-09-27T04:31:07Z,2026-09-27T06:24:00.000+02:00,A0025020420,A25,73.0,480
2026-09-27T04:31:07Z,2026-09-27T06:24:00.000+02:00,A0025021510,A25,94.0,340
2026-09-27T04:31:07Z,2026-09-27T06:24:00.000+02:00,N0227010100,N227,68.0,120
2026-09-27T04:31:07Z,2026-09-27T06:24:00.000+02:00,A0025011720,A25,99.0,440
2026-09-27T04:31:07Z,2026-09-27T06:24:00.000+02:00,A0025021760,A25,90.0,760
2026-09-27T04:31:07Z,2026-09-27T06:24:00.000+02:00,A0025011730,A25,87.0,480
2026-09-27T04:31:07Z,2026-09-27T06:24:00.000+02:00,A0025011735,A25,100.0,500
2026-09-27T04:31:07Z,2026-09-27T06:24:00.000+02:00,A9025080700,A25 (bretelle),,200
2026-09-27T04:31:07Z,2026-09-27T06:24:00.000+02:00,N0356011220,N356,73.0,390
2026-09-27T04:31:07Z,2026-09-27T06:24:00.000+02:00,A0025011740,A25,87.0,520
2026-09-27T04:31:07Z,2026-09-27T06:24:00.000+02:00,A0025010410,A25,72.0,690
2026-09-27T04:31:07Z,2026-09-27T06:24:00.000+02:00,A0023010200,A23,81.0,180
2026-09-27T04:31:07Z,2026-09-27T06:24:00.000+02:00,A9001210120,A1 (bretelle),79.0,60
2026-09-27T04:31:07Z,2026-09-27T06:24:00.000+02:00,A0025020210,A25,77.0,710
2026-09-27T04:31:07Z,2026-09-27T06:24:00.000+02:00,N0356011210,N356,73.0,390
2026-09-27T04:31:07Z,2026-09-27T06:24:00.000+02:00,A0025011510,A25,88.0,300
2026-09-27T04:31:07Z,2026-09-27T06:24:00.000+02:00,A0025020220,A25,77.0,710
2026-09-27T04:31:07Z,2026-09-27T06:24:00.000+02:00,N0227010302,N227,60.0,250
2026-09-27T04:31:07Z,2026-09-27T06:24:00.000+02:00,N0041010500,N41,96.0,600
2026-09-27T04:31:07Z,2026-09-27T06:24:00.000+02:00,N0227020101,N227,86.0,360
2026-09-27T04:31:07Z,2026-09-27T06:24:00.000+02:00,A9022100110,A22 (rocade),66.0,200
2026-09-27T04:31:07Z,2026-09-27T06:24:00.000+02:00,A0022010400,A22,72.0,340
2026-09-27T04:31:07Z,2026-09-27T06:24:00.000+02:00,N0356010302,N356,76.0,630
2026-09-27T04:31:07Z,2026-09-27T06:24:00.000+02:00,A0025010800,A25,80.0,270
2026-09-27T04:31:07Z,2026-09-27T06:24:00.000+02:00,A0027020621,A27,94.0,210
2026-09-27T04:31:07Z,2026-09-27T06:24:00.000+02:00,N0041010700,N41,96.0,110
2026-09-27T04:31:07Z,2026-09-27T06:24:00.000+02:00,A0027020630,A27,94.0,200
2026-09-27T04:31:07Z,2026-09-27T06:24:00.000+02:00,A0022021512,A22,82.0,450
2026-09-27T04:31:07Z,2026-09-27T06:24:00.000+02:00,A0022021511,A22,83.0,450
2026-09-27T04:31:07Z,2026-09-27T06:24:00.000+02:00,A0027020610,A27,94.0,210
2026-09-27T04:31:07Z,2026-09-27T06:24:00.000+02:00,A0025021720,A25,104.0,610
2026-09-27T04:31:07Z,2026-09-27T06:24:00.000+02:00,A0022021520,A22,82.0,450
2026-09-27T04:31:07Z,2026-09-27T06:24:00.000+02:00,A0025022140,A25,115.0,760
2026-09-27T04:31:07Z,2026-09-27T06:24:00.000+02:00,A0022011302,A22,77.0,170
2026-09-27T04:31:07Z,2026-09-27T06:24:00.000+02:00,A0025022160,A25,108.0,770
2026-09-27T04:31:07Z,2026-09-27T06:24:00.000+02:00,A9025060104,A25 (bretelle),75.0,380
2026-09-27T04:31:07Z,2026-09-27T06:24:00.000+02:00,A0027010201,A27,89.0,240
2026-09-27T04:31:07Z,2026-09-27T06:24:00.000+02:00,A0027010202,A27,104.0,60
2026-09-27T04:31:07Z,2026-09-27T06:24:00.000+02:00,N9227110110,N227 (bretelle),76.0,210
2026-09-27T04:31:07Z,2026-09-27T06:24:00.000+02:00,A0025012130,A25,111.0,290
2026-09-27T04:31:07Z,2026-09-27T06:24:00.000+02:00,A0027010210,A27,104.0,60
2026-09-27T04:31:07Z,2026-09-27T06:24:00.000+02:00,A0025011050,A25,91.0,150
2026-09-27T04:31:07Z,2026-09-27T06:24:00.000+02:00,A0027010421,A27,99.0,140
2026-09-27T04:31:07Z,2026-09-27T06:24:00.000+02:00,A0022012420,A22,96.0,430
2026-09-27T04:31:07Z,2026-09-27T06:24:00.000+02:00,A0027010430,A27,102.0,130
2026-09-27T04:31:07Z,2026-09-27T06:24:00.000+02:00,A0023020710,A23,105.0,250
2026-09-27T04:31:07Z,2026-09-27T06:24:00.000+02:00,A0022012430,A22,95.0,400
2026-09-27T04:31:07Z,2026-09-27T06:24:00.000+02:00,A0025012160,A25,122.0,400
2026-09-27T04:31:07Z,2026-09-27T06:24:00.000+02:00,A9022021200,A22 (rocade),61.0,50
2026-09-27T04:31:07Z,2026-09-27T06:24:00.000+02:00,A0001021100,A1,89.0,660
2026-09-27T04:31:07Z,2026-09-27T06:24:00.000+02:00,A9022101000,A22 (rocade),80.0,100
2026-09-27T04:31:07Z,2026-09-27T06:24:00.000+02:00,A0025013020,A25,110.0,240
2026-09-27T04:31:07Z,2026-09-27T06:24:00.000+02:00,A0027010410,A27,99.0,140
2026-09-27T04:31:07Z,2026-09-27T06:24:00.000+02:00,A0022012410,A22,96.0,420
2026-09-27T04:31:07Z,2026-09-27T06:24:00.000+02:00,A0001A20112,A1,93.0,340
2026-09-27T04:31:07Z,2026-09-27T06:24:00.000+02:00,A0001A20111,A1,92.0,230
2026-09-27T04:31:07Z,2026-09-27T06:24:00.000+02:00,A0001021521,A1,88.0,560
2026-09-27T04:31:07Z,2026-09-27T06:24:00.000+02:00,A0025022540,A25,113.0,400
2026-09-27T04:31:07Z,2026-09-27T06:24:00.000+02:00,A0025022300,A25,117.0,260
2026-09-27T04:31:07Z,2026-09-27T06:24:00.000+02:00,N0356021000,N356,76.0,560
2026-09-27T04:31:07Z,2026-09-27T06:24:00.000+02:00,A22TC010102,A22 (contournement),91.0,180
2026-09-27T04:31:07Z,2026-09-27T06:24:00.000+02:00,A0001011503,A1,90.0,800
2026-09-27T04:31:07Z,2026-09-27T06:24:00.000+02:00,A0022012200,A22,83.0,380
2026-09-27T04:31:07Z,2026-09-27T06:24:00.000+02:00,A0001A20120,A1,91.0,350
2026-09-27T04:31:07Z,2026-09-27T06:24:00.000+02:00,A22TC020102,A22 (contournement),90.0,370
2026-09-27T04:31:07Z,2026-09-27T06:24:00.000+02:00,A22TC010300,A22 (contournement),88.0,320
2026-09-27T04:31:07Z,2026-09-27T06:24:00.000+02:00,A0022012010,A22,81.0,240
2026-09-27T04:31:07Z,2026-09-27T06:24:00.000+02:00,A0022012020,A22,81.0,240
2026-09-27T04:31:07Z,2026-09-27T06:24:00.000+02:00,A0025022130,A25,128.0,680
2026-09-27T04:31:07Z,2026-09-27T06:24:00.000+02:00,A0023010520,A23,109.0,130
2026-09-27T04:31:07Z,2026-09-27T06:24:00.000+02:00,N0041020800,N41,93.0,170
2026-09-27T04:31:07Z,2026-09-27T06:24:00.000+02:00,A0025010500,A25,71.0,280
2026-09-27T04:31:07Z,2026-09-27T06:24:00.000+02:00,A0022020901,A22,82.0,340
2026-09-27T04:31:07Z,2026-09-27T06:24:00.000+02:00,A0022020902,A22,82.0,330
2026-09-27T04:31:07Z,2026-09-27T06:24:00.000+02:00,A0022021810,A22,83.0,350
2026-09-27T04:31:07Z,2026-09-27T06:24:00.000+02:00,N0356011100,N356,74.0,360
2026-09-27T04:31:07Z,2026-09-27T06:24:00.000+02:00,A0022021820,A22,83.0,350
2026-09-27T04:31:07Z,2026-09-27T06:24:00.000+02:00,N0356020802,N356,75.0,630
2026-09-27T04:31:07Z,2026-09-27T06:24:00.000+02:00,A9022020900,A22 (rocade),72.0,40
2026-09-27T04:31:07Z,2026-09-27T06:24:00.000+02:00,A0025020102,A25,74.0,140
2026-09-27T04:31:07Z,2026-09-27T06:24:00.000+02:00,A0025022530,A25,116.0,380
2026-09-27T04:31:07Z,2026-09-27T06:24:00.000+02:00,A9001210200,A1 (bretelle),70.0,190
2026-09-27T04:31:07Z,2026-09-27T06:24:00.000+02:00,A0022010700,A22,77.0,320
2026-09-27T04:31:07Z,2026-09-27T06:24:00.000+02:00,N0041020400,N41,94.0,220
2026-09-27T04:31:07Z,2026-09-27T06:24:00.000+02:00,A0023020720,A23,110.0,220
2026-09-27T04:31:07Z,2026-09-27T06:24:00.000+02:00,A0022020500,A22,82.0,220
2026-09-27T04:31:07Z,2026-09-27T06:24:00.000+02:00,A0025020950,A25,92.0,900
2026-09-27T04:31:07Z,2026-09-27T06:24:00.000+02:00,A0023020300,A23,67.0,220
2026-09-27T04:31:07Z,2026-09-27T06:24:00.000+02:00,A0001011000,A1,85.0,530
2026-09-27T04:31:07Z,2026-09-27T06:24:00.000+02:00,A0027020500,A27,90.0,160
2026-09-27T04:31:07Z,2026-09-27T06:24:00.000+02:00,N0356011500,N356,75.0,380
2026-09-27T04:31:07Z,2026-09-27T06:24:00.000+02:00,A0001010150,A1,108.0,700
2026-09-27T04:31:07Z,2026-09-27T06:24:00.000+02:00,N0356020400,N356,77.0,200
2026-09-27T04:31:07Z,2026-09-27T06:24:00.000+02:00,N0041020600,N41,98.0,140
2026-09-27T04:31:07Z,2026-09-27T06:24:00.000+02:00,A0025010700,A25,70.0,230
2026-09-27T04:31:07Z,2026-09-27T06:24:00.000+02:00,A0002011230,A2,112.0,380
2026-09-27T04:31:07Z,2026-09-27T06:24:00.000+02:00,A0025020500,A25,75.0,370
2026-09-27T04:31:07Z,2026-09-27T06:24:00.000+02:00,A0002021290,A2,109.0,410
2026-09-27T04:31:07Z,2026-09-27T06:24:00.000+02:00,A0022011600,A22,83.0,210
2026-09-27T04:41:00Z,2026-09-27T06:30:00.000+02:00,A0001011200,A1,83.0,600
2026-09-27T04:41:00Z,2026-09-27T06:30:00.000+02:00,A0027010102,A27,104.0,350
2026-09-27T04:41:00Z,2026-09-27T06:30:00.000+02:00,N0041010100,N41,90.0,380
2026-09-27T04:41:00Z,2026-09-27T06:30:00.000+02:00,A0027010101,A27,104.0,350
2026-09-27T04:41:00Z,2026-09-27T06:30:00.000+02:00,A9022010250,A22 (rocade),90.0,20
2026-09-27T04:41:00Z,2026-09-27T06:30:00.000+02:00,A0001020150,A1,106.0,630
2026-09-27T04:41:00Z,2026-09-27T06:30:00.000+02:00,N0356011700,N356,75.0,420
2026-09-27T04:41:00Z,2026-09-27T06:30:00.000+02:00,N0356021300,N356,68.0,620
2026-09-27T04:41:00Z,2026-09-27T06:30:00.000+02:00,A0022011400,A22,80.0,60
2026-09-27T04:41:00Z,2026-09-27T06:30:00.000+02:00,A0027010300,A27,90.0,150
2026-09-27T04:41:00Z,2026-09-27T06:30:00.000+02:00,A9022020250,A22 (rocade),72.0,100
2026-09-27T04:41:00Z,2026-09-27T06:30:00.000+02:00,N0041010300,N41,92.0,470
2026-09-27T04:41:00Z,2026-09-27T06:30:00.000+02:00,A0022011210,A22,73.0,60
2026-09-27T04:41:00Z,2026-09-27T06:30:00.000+02:00,A0027020100,A27,75.0,180
2026-09-27T04:41:00Z,2026-09-27T06:30:00.000+02:00,A0001010300,A1,133.0,430
2026-09-27T04:41:00Z,2026-09-27T06:30:00.000+02:00,A0022011220,A22,73.0,60
2026-09-27T04:41:00Z,2026-09-27T06:30:00.000+02:00,A9022101110,A22 (rocade),77.0,130
2026-09-27T04:41:00Z,2026-09-27T06:30:00.000+02:00,A0022022110,A22,85.0,770
2026-09-27T04:41:00Z,2026-09-27T06:30:00.000+02:00,A0001011420,A1,90.0,630
2026-09-27T04:41:00Z,2026-09-27T06:30:00.000+02:00,N0356010800,N356,75.0,490
2026-09-27T04:41:00Z,2026-09-27T06:30:00.000+02:00,A9001210710,A1 (bretelle),79.0,160
2026-09-27T04:41:00Z,2026-09-27T06:30:00.000+02:00,N0356021110,N356,75.0,630
2026-09-27T04:41:00Z,2026-09-27T06:30:00.000+02:00,A0001010510,A1,121.0,470
2026-09-27T04:41:00Z,2026-09-27T06:30:00.000+02:00,N0356021122,N356,67.0,650
2026-09-27T04:41:00Z,2026-09-27T06:30:00.000+02:00,N0356021121,N356,75.0,630
2026-09-27T04:41:00Z,2026-09-27T06:30:00.000+02:00,A0025010210,A25,78.0,1100
2026-09-27T04:41:00Z,2026-09-27T06:30:00.000+02:00,A0025011300,A25,91.0,240
2026-09-27T04:41:00Z,2026-09-27T06:30:00.000+02:00,A0001020300,A1,104.0,610
2026-09-27T04:41:00Z,2026-09-27T06:30:00.000+02:00,A0025021100,A25,92.0,710
2026-09-27T04:41:00Z,2026-09-27T06:30:00.000+02:00,A0025023520,A25,109.0,270
2026-09-27T04:41:00Z,2026-09-27T06:30:00.000+02:00,A0022022130,A22,100.0,830
2026-09-27T04:41:00Z,2026-09-27T06:30:00.000+02:00,A0025010220,A25,78.0,1100
2026-09-27T04:41:00Z,2026-09-27T06:30:00.000+02:00,A0022022120,A22,90.0,800
2026-09-27T04:41:00Z,2026-09-27T06:30:00.000+02:00,A0001010520,A1,104.0,540
2026-09-27T04:41:00Z,2026-09-27T06:30:00.000+02:00,A0022011000,A22,79.0,350
2026-09-27T04:41:00Z,2026-09-27T06:30:00.000+02:00,A0001020510,A1,103.0,620
2026-09-27T04:41:00Z,2026-09-27T06:30:00.000+02:00,A0001021602,A1,89.0,840
2026-09-27T04:41:00Z,2026-09-27T06:30:00.000+02:00,A22TC020222,A22 (contournement),91.0,240
2026-09-27T04:41:00Z,2026-09-27T06:30:00.000+02:00,A0001010940,A1,104.0,690
2026-09-27T04:41:00Z,2026-09-27T06:30:00.000+02:00,A0025023320,A25,114.0,400
2026-09-27T04:41:00Z,2026-09-27T06:30:00.000+02:00,A0001020520,A1,100.0,670
2026-09-27T04:41:00Z,2026-09-27T06:30:00.000+02:00,A0025023100,A25,112.0,280
2026-09-27T04:41:00Z,2026-09-27T06:30:00.000+02:00,A22TC020230,A22 (contournement),91.0,240
2026-09-27T04:41:00Z,2026-09-27T06:30:00.000+02:00,A0025021730,A25,91.0,890
2026-09-27T04:41:00Z,2026-09-27T06:30:00.000+02:00,A0025023910,A25,107.0,230
2026-09-27T04:41:00Z,2026-09-27T06:30:00.000+02:00,A0025021735,A25,105.0,910
2026-09-27T04:41:00Z,2026-09-27T06:30:00.000+02:00,A0023010400,A23,94.0,240
2026-09-27T04:41:00Z,2026-09-27T06:30:00.000+02:00,A0022021900,A22,75.0,530
2026-09-27T04:41:00Z,2026-09-27T06:30:00.000+02:00,A9022100500,A22 (rocade),80.0,250
2026-09-27T04:41:00Z,2026-09-27T06:30:00.000+02:00,A0001020940,A1,94.0,570
2026-09-27T04:41:00Z,2026-09-27T06:30:00.000+02:00,A0001020700,A1,100.0,580
2026-09-27T04:41:00Z,2026-09-27T06:30:00.000+02:00,A9022020830,A22 (rocade),78.0,60
2026-09-27T04:41:00Z,2026-09-27T06:30:00.000+02:00,A9022020822,A22 (rocade),73.0,380
2026-09-27T04:41:00Z,2026-09-27T06:30:00.000+02:00,A9022020821,A22 (rocade),73.0,380
2026-09-27T04:41:00Z,2026-09-27T06:30:00.000+02:00,A0025020420,A25,69.0,650
2026-09-27T04:41:00Z,2026-09-27T06:30:00.000+02:00,A0025021510,A25,98.0,560
2026-09-27T04:41:00Z,2026-09-27T06:30:00.000+02:00,N0227010100,N227,67.0,160
2026-09-27T04:41:00Z,2026-09-27T06:30:00.000+02:00,A0025011720,A25,103.0,460
2026-09-27T04:41:00Z,2026-09-27T06:30:00.000+02:00,A0025021760,A25,88.0,840
2026-09-27T04:41:00Z,2026-09-27T06:30:00.000+02:00,A0025011730,A25,94.0,420
2026-09-27T04:41:00Z,2026-09-27T06:30:00.000+02:00,A0025011735,A25,105.0,420
2026-09-27T04:41:00Z,2026-09-27T06:30:00.000+02:00,A9025080700,A25 (bretelle),,150
2026-09-27T04:41:00Z,2026-09-27T06:30:00.000+02:00,A9022100930,A22 (rocade),104.0,20
2026-09-27T04:41:00Z,2026-09-27T06:30:00.000+02:00,N0356011220,N356,75.0,430
2026-09-27T04:41:00Z,2026-09-27T06:30:00.000+02:00,A0025011740,A25,93.0,420
2026-09-27T04:41:00Z,2026-09-27T06:30:00.000+02:00,A0025010410,A25,70.0,900
2026-09-27T04:41:00Z,2026-09-27T06:30:00.000+02:00,A0023010200,A23,81.0,240
2026-09-27T04:41:00Z,2026-09-27T06:30:00.000+02:00,A9001210120,A1 (bretelle),78.0,80
2026-09-27T04:41:00Z,2026-09-27T06:30:00.000+02:00,A0025020210,A25,81.0,680
2026-09-27T04:41:00Z,2026-09-27T06:30:00.000+02:00,N0356011210,N356,75.0,430
2026-09-27T04:41:00Z,2026-09-27T06:30:00.000+02:00,A0025011510,A25,91.0,240
2026-09-27T04:41:00Z,2026-09-27T06:30:00.000+02:00,A0025020220,A25,81.0,680
2026-09-27T04:41:00Z,2026-09-27T06:30:00.000+02:00,N0227010302,N227,79.0,270
2026-09-27T04:41:00Z,2026-09-27T06:30:00.000+02:00,N0041010500,N41,95.0,370
2026-09-27T04:41:00Z,2026-09-27T06:30:00.000+02:00,N0227020101,N227,86.0,390
2026-09-27T04:41:00Z,2026-09-27T06:30:00.000+02:00,A9022100110,A22 (rocade),67.0,140
2026-09-27T04:41:00Z,2026-09-27T06:30:00.000+02:00,A0022010400,A22,78.0,230
2026-09-27T04:41:00Z,2026-09-27T06:30:00.000+02:00,N0356010302,N356,78.0,680
2026-09-27T04:41:00Z,2026-09-27T06:30:00.000+02:00,A0025010800,A25,81.0,390
2026-09-27T04:41:00Z,2026-09-27T06:30:00.000+02:00,A0027020621,A27,100.0,230
2026-09-27T04:41:00Z,2026-09-27T06:30:00.000+02:00,N0041010700,N41,94.0,40
2026-09-27T04:41:00Z,2026-09-27T06:30:00.000+02:00,A0027020630,A27,100.0,260
2026-09-27T04:41:00Z,2026-09-27T06:30:00.000+02:00,A0022021512,A22,74.0,480
2026-09-27T04:41:00Z,2026-09-27T06:30:00.000+02:00,A0022021511,A22,74.0,450
2026-09-27T04:41:00Z,2026-09-27T06:30:00.000+02:00,A0027020610,A27,100.0,230
2026-09-27T04:41:00Z,2026-09-27T06:30:00.000+02:00,A0025021720,A25,103.0,920
2026-09-27T04:41:00Z,2026-09-27T06:30:00.000+02:00,A0022021520,A22,74.0,480
2026-09-27T04:41:00Z,2026-09-27T06:30:00.000+02:00,A0025022140,A25,112.0,590
2026-09-27T04:41:00Z,2026-09-27T06:30:00.000+02:00,A0022011302,A22,82.0,190
2026-09-27T04:41:00Z,2026-09-27T06:30:00.000+02:00,A0025022160,A25,105.0,620
2026-09-27T04:41:00Z,2026-09-27T06:30:00.000+02:00,A9025060104,A25 (bretelle),71.0,290
2026-09-27T04:41:00Z,2026-09-27T06:30:00.000+02:00,A0027010201,A27,92.0,260
2026-09-27T04:41:00Z,2026-09-27T06:30:00.000+02:00,A0027010202,A27,104.0,140
2026-09-27T04:41:00Z,2026-09-27T06:30:00.000+02:00,N9227110110,N227 (bretelle),80.0,100
2026-09-27T04:41:00Z,2026-09-27T06:30:00.000+02:00,A0025012130,A25,115.0,310
2026-09-27T04:41:00Z,2026-09-27T06:30:00.000+02:00,A0027010210,A27,104.0,140
2026-09-27T04:41:00Z,2026-09-27T06:30:00.000+02:00,A0025011050,A25,90.0,170
2026-09-27T04:41:00Z,2026-09-27T06:30:00.000+02:00,A0027010421,A27,99.0,210
2026-09-27T04:41:00Z,2026-09-27T06:30:00.000+02:00,A0022012420,A22,94.0,300
2026-09-27T04:41:00Z,2026-09-27T06:30:00.000+02:00,A0027010430,A27,104.0,210
2026-09-27T04:41:00Z,2026-09-27T06:30:00.000+02:00,A0023020710,A23,107.0,280
2026-09-27T04:41:00Z,2026-09-27T06:30:00.000+02:00,A0022012430,A22,97.0,300
2026-09-27T04:41:00Z,2026-09-27T06:30:00.000+02:00,A0025012160,A25,121.0,440
2026-09-27T04:41:00Z,2026-09-27T06:30:00.000+02:00,A9022021200,A22 (rocade),65.0,20
2026-09-27T04:41:00Z,2026-09-27T06:30:00.000+02:00,A0001021100,A1,94.0,540
2026-09-27T04:41:00Z,2026-09-27T06:30:00.000+02:00,A9022101000,A22 (rocade),84.0,50
2026-09-27T04:41:00Z,2026-09-27T06:30:00.000+02:00,A0025013020,A25,105.0,330
2026-09-27T04:41:00Z,2026-09-27T06:30:00.000+02:00,A0027010410,A27,99.0,210
2026-09-27T04:41:00Z,2026-09-27T06:30:00.000+02:00,A0022012410,A22,92.0,300
2026-09-27T04:41:00Z,2026-09-27T06:30:00.000+02:00,A0001A20112,A1,91.0,410
2026-09-27T04:41:00Z,2026-09-27T06:30:00.000+02:00,A0001A20111,A1,92.0,180
2026-09-27T04:41:00Z,2026-09-27T06:30:00.000+02:00,A0001021521,A1,87.0,530
2026-09-27T04:41:00Z,2026-09-27T06:30:00.000+02:00,A0025022540,A25,117.0,330
2026-09-27T04:41:00Z,2026-09-27T06:30:00.000+02:00,A0025022300,A25,117.0,270
2026-09-27T04:41:00Z,2026-09-27T06:30:00.000+02:00,N0356021000,N356,76.0,570
2026-09-27T04:41:00Z,2026-09-27T06:30:00.000+02:00,A22TC010102,A22 (contournement),90.0,180
2026-09-27T04:41:00Z,2026-09-27T06:30:00.000+02:00,A0001011503,A1,91.0,1030
2026-09-27T04:41:00Z,2026-09-27T06:30:00.000+02:00,A0022012200,A22,81.0,290
2026-09-27T04:41:00Z,2026-09-27T06:30:00.000+02:00,A0001A20120,A1,91.0,400
2026-09-27T04:41:00Z,2026-09-27T06:30:00.000+02:00,A22TC020102,A22 (contournement),86.0,410
2026-09-27T04:41:00Z,2026-09-27T06:30:00.000+02:00,A22TC010300,A22 (contournement),87.0,380
2026-09-27T04:41:00Z,2026-09-27T06:30:00.000+02:00,A0022012010,A22,77.0,230
2026-09-27T04:41:00Z,2026-09-27T06:30:00.000+02:00,A0022012020,A22,77.0,230
2026-09-27T04:41:00Z,2026-09-27T06:30:00.000+02:00,A0025022130,A25,127.0,660
2026-09-27T04:41:00Z,2026-09-27T06:30:00.000+02:00,A0023010520,A23,102.0,250
2026-09-27T04:41:00Z,2026-09-27T06:30:00.000+02:00,N0041020800,N41,100.0,190
2026-09-27T04:41:00Z,2026-09-27T06:30:00.000+02:00,A0025010500,A25,68.0,430
2026-09-27T04:41:00Z,2026-09-27T06:30:00.000+02:00,A0022020901,A22,95.0,290
2026-09-27T04:41:00Z,2026-09-27T06:30:00.000+02:00,A0022020902,A22,95.0,360
2026-09-27T04:41:00Z,2026-09-27T06:30:00.000+02:00,A0022021810,A22,76.0,490
2026-09-27T04:41:00Z,2026-09-27T06:30:00.000+02:00,N0356011100,N356,75.0,440
2026-09-27T04:41:00Z,2026-09-27T06:30:00.000+02:00,A0022021820,A22,76.0,490
2026-09-27T04:41:00Z,2026-09-27T06:30:00.000+02:00,N0356020802,N356,77.0,600
2026-09-27T04:41:00Z,2026-09-27T06:30:00.000+02:00,A9022020900,A22 (rocade),72.0,120
2026-09-27T04:41:00Z,2026-09-27T06:30:00.000+02:00,A0025020102,A25,69.0,200
2026-09-27T04:41:00Z,2026-09-27T06:30:00.000+02:00,A0023010100,A23,,10
2026-09-27T04:41:00Z,2026-09-27T06:30:00.000+02:00,A0025022530,A25,117.0,310
2026-09-27T04:41:00Z,2026-09-27T06:30:00.000+02:00,A9001210200,A1 (bretelle),73.0,230
2026-09-27T04:41:00Z,2026-09-27T06:30:00.000+02:00,A0022010700,A22,82.0,260
2026-09-27T04:41:00Z,2026-09-27T06:30:00.000+02:00,N0041020400,N41,96.0,190
2026-09-27T04:41:00Z,2026-09-27T06:30:00.000+02:00,A0023020720,A23,114.0,300
2026-09-27T04:41:00Z,2026-09-27T06:30:00.000+02:00,A0022020500,A22,95.0,170
2026-09-27T04:41:00Z,2026-09-27T06:30:00.000+02:00,A0025020950,A25,93.0,1020
2026-09-27T04:41:00Z,2026-09-27T06:30:00.000+02:00,A0023020300,A23,84.0,340
2026-09-27T04:41:00Z,2026-09-27T06:30:00.000+02:00,A0001011000,A1,88.0,600
2026-09-27T04:41:00Z,2026-09-27T06:30:00.000+02:00,A0027020500,A27,90.0,230
2026-09-27T04:41:00Z,2026-09-27T06:30:00.000+02:00,N0356011500,N356,70.0,490
2026-09-27T04:41:00Z,2026-09-27T06:30:00.000+02:00,A0001010150,A1,109.0,410
2026-09-27T04:41:00Z,2026-09-27T06:30:00.000+02:00,N0356020400,N356,81.0,230
2026-09-27T04:41:00Z,2026-09-27T06:30:00.000+02:00,N0041020600,N41,105.0,150
2026-09-27T04:41:00Z,2026-09-27T06:30:00.000+02:00,A0025010700,A25,68.0,350
2026-09-27T04:41:00Z,2026-09-27T06:30:00.000+02:00,A0002011230,A2,115.0,430
2026-09-27T04:41:00Z,2026-09-27T06:30:00.000+02:00,A0025020500,A25,70.0,520
2026-09-27T04:41:00Z,2026-09-27T06:30:00.000+02:00,A0002021290,A2,111.0,300
2026-09-27T04:41:00Z,2026-09-27T06:30:00.000+02:00,A0022011600,A22,82.0,190
2026-09-27T04:51:06Z,2026-09-27T06:42:00.000+02:00,A0001011200,A1,82.0,560
2026-09-27T04:51:06Z,2026-09-27T06:42:00.000+02:00,A0027010102,A27,,680
2026-09-27T04:51:06Z,2026-09-27T06:42:00.000+02:00,N0041010100,N41,90.0,370
2026-09-27T04:51:06Z,2026-09-27T06:42:00.000+02:00,A0027010101,A27,,680
2026-09-27T04:51:06Z,2026-09-27T06:42:00.000+02:00,A9022010250,A22 (rocade),96.0,120
2026-09-27T04:51:06Z,2026-09-27T06:42:00.000+02:00,A0001020150,A1,103.0,630
2026-09-27T04:51:06Z,2026-09-27T06:42:00.000+02:00,N0356011700,N356,75.0,370
2026-09-27T04:51:06Z,2026-09-27T06:42:00.000+02:00,N0356021300,N356,67.0,720
2026-09-27T04:51:06Z,2026-09-27T06:42:00.000+02:00,A0022011400,A22,83.0,140
2026-09-27T04:51:06Z,2026-09-27T06:42:00.000+02:00,A0027010300,A27,89.0,140
2026-09-27T04:51:06Z,2026-09-27T06:42:00.000+02:00,A9022020250,A22 (rocade),71.0,170
2026-09-27T04:51:06Z,2026-09-27T06:42:00.000+02:00,N0041010300,N41,89.0,540
2026-09-27T04:51:06Z,2026-09-27T06:42:00.000+02:00,A0022011210,A22,70.0,100
2026-09-27T04:51:06Z,2026-09-27T06:42:00.000+02:00,A0027020100,A27,79.0,170
2026-09-27T04:51:06Z,2026-09-27T06:42:00.000+02:00,A0001010300,A1,128.0,520
2026-09-27T04:51:06Z,2026-09-27T06:42:00.000+02:00,A0022011220,A22,70.0,100
2026-09-27T04:51:06Z,2026-09-27T06:42:00.000+02:00,A9022101110,A22 (rocade),78.0,150
2026-09-27T04:51:06Z,2026-09-27T06:42:00.000+02:00,A0022022110,A22,93.0,660
2026-09-27T04:51:06Z,2026-09-27T06:42:00.000+02:00,A0001011420,A1,93.0,600
2026-09-27T04:51:06Z,2026-09-27T06:42:00.000+02:00,N0356010800,N356,74.0,490
2026-09-27T04:51:06Z,2026-09-27T06:42:00.000+02:00,A9001210710,A1 (bretelle),74.0,140
2026-09-27T04:51:06Z,2026-09-27T06:42:00.000+02:00,N0356021110,N356,75.0,780
2026-09-27T04:51:06Z,2026-09-27T06:42:00.000+02:00,A0001010510,A1,120.0,470
2026-09-27T04:51:06Z,2026-09-27T06:42:00.000+02:00,N0356021122,N356,65.0,780
2026-09-27T04:51:06Z,2026-09-27T06:42:00.000+02:00,N0356021121,N356,75.0,780
2026-09-27T04:51:06Z,2026-09-27T06:42:00.000+02:00,A0025010210,A25,80.0,1050
2026-09-27T04:51:06Z,2026-09-27T06:42:00.000+02:00,A0025011300,A25,85.0,330
2026-09-27T04:51:06Z,2026-09-27T06:42:00.000+02:00,A0001020300,A1,103.0,580
2026-09-27T04:51:06Z,2026-09-27T06:42:00.000+02:00,A0025021100,A25,91.0,510
2026-09-27T04:51:06Z,2026-09-27T06:42:00.000+02:00,A0025023520,A25,109.0,200
2026-09-27T04:51:06Z,2026-09-27T06:42:00.000+02:00,A0022022130,A22,106.0,640
2026-09-27T04:51:06Z,2026-09-27T06:42:00.000+02:00,A0025010220,A25,80.0,1050
2026-09-27T04:51:06Z,2026-09-27T06:42:00.000+02:00,A0022022120,A22,97.0,680
2026-09-27T04:51:06Z,2026-09-27T06:42:00.000+02:00,A0001010520,A1,102.0,480
2026-09-27T04:51:06Z,2026-09-27T06:42:00.000+02:00,A0022011000,A22,70.0,330
2026-09-27T04:51:06Z,2026-09-27T06:42:00.000+02:00,A0001020510,A1,102.0,650
2026-09-27T04:51:06Z,2026-09-27T06:42:00.000+02:00,A0001021602,A1,86.0,1090
2026-09-27T04:51:06Z,2026-09-27T06:42:00.000+02:00,A22TC020222,A22 (contournement),88.0,450
2026-09-27T04:51:06Z,2026-09-27T06:42:00.000+02:00,A0001010940,A1,102.0,640
2026-09-27T04:51:06Z,2026-09-27T06:42:00.000+02:00,A0025023320,A25,111.0,420
2026-09-27T04:51:06Z,2026-09-27T06:42:00.000+02:00,A0001020520,A1,99.0,700
2026-09-27T04:51:06Z,2026-09-27T06:42:00.000+02:00,A0025023100,A25,111.0,350
2026-09-27T04:51:06Z,2026-09-27T06:42:00.000+02:00,A22TC020230,A22 (contournement),88.0,450
2026-09-27T04:51:06Z,2026-09-27T06:42:00.000+02:00,A0025021730,A25,90.0,480
2026-09-27T04:51:06Z,2026-09-27T06:42:00.000+02:00,A0025023910,A25,87.0,90
2026-09-27T04:51:06Z,2026-09-27T06:42:00.000+02:00,A0025021735,A25,103.0,520
2026-09-27T04:51:06Z,2026-09-27T06:42:00.000+02:00,A0023010400,A23,105.0,340
2026-09-27T04:51:06Z,2026-09-27T06:42:00.000+02:00,A0022021900,A22,88.0,440
2026-09-27T04:51:06Z,2026-09-27T06:42:00.000+02:00,A9022100500,A22 (rocade),83.0,140
2026-09-27T04:51:06Z,2026-09-27T06:42:00.000+02:00,A0001020940,A1,90.0,930
2026-09-27T04:51:06Z,2026-09-27T06:42:00.000+02:00,A0001020700,A1,97.0,660
2026-09-27T04:51:06Z,2026-09-27T06:42:00.000+02:00,A9022020830,A22 (rocade),93.0,60
2026-09-27T04:51:06Z,2026-09-27T06:42:00.000+02:00,A9022020822,A22 (rocade),95.0,660
2026-09-27T04:51:06Z,2026-09-27T06:42:00.000+02:00,A9022020821,A22 (rocade),95.0,660
2026-09-27T04:51:06Z,2026-09-27T06:42:00.000+02:00,A0025020420,A25,76.0,900
2026-09-27T04:51:06Z,2026-09-27T06:42:00.000+02:00,A0025021510,A25,95.0,380
2026-09-27T04:51:06Z,2026-09-27T06:42:00.000+02:00,N0227010100,N227,65.0,210
2026-09-27T04:51:06Z,2026-09-27T06:42:00.000+02:00,A0025011720,A25,99.0,580
2026-09-27T04:51:06Z,2026-09-27T06:42:00.000+02:00,A0025021760,A25,87.0,570
2026-09-27T04:51:06Z,2026-09-27T06:42:00.000+02:00,A0025011730,A25,88.0,550
2026-09-27T04:51:06Z,2026-09-27T06:42:00.000+02:00,A0025011735,A25,99.0,550
2026-09-27T04:51:06Z,2026-09-27T06:42:00.000+02:00,A9025080700,A25 (bretelle),,140
2026-09-27T04:51:06Z,2026-09-27T06:42:00.000+02:00,A9022100930,A22 (rocade),83.0,20
2026-09-27T04:51:06Z,2026-09-27T06:42:00.000+02:00,N0356011220,N356,75.0,390
2026-09-27T04:51:06Z,2026-09-27T06:42:00.000+02:00,A0025011740,A25,84.0,480
2026-09-27T04:51:06Z,2026-09-27T06:42:00.000+02:00,A0025010410,A25,73.0,890
2026-09-27T04:51:06Z,2026-09-27T06:42:00.000+02:00,A0023010200,A23,118.0,320
2026-09-27T04:51:06Z,2026-09-27T06:42:00.000+02:00,A9001210120,A1 (bretelle),82.0,110
2026-09-27T04:51:06Z,2026-09-27T06:42:00.000+02:00,A0025020210,A25,77.0,960
2026-09-27T04:51:06Z,2026-09-27T06:42:00.000+02:00,N0356011210,N356,75.0,390
2026-09-27T04:51:06Z,2026-09-27T06:42:00.000+02:00,A0025011510,A25,87.0,400
2026-09-27T04:51:06Z,2026-09-27T06:42:00.000+02:00,A0025020220,A25,77.0,960
2026-09-27T04:51:06Z,2026-09-27T06:42:00.000+02:00,N0227010302,N227,78.0,410
2026-09-27T04:51:06Z,2026-09-27T06:42:00.000+02:00,N0041010500,N41,95.0,490
2026-09-27T04:51:06Z,2026-09-27T06:42:00.000+02:00,N0227020101,N227,86.0,680
2026-09-27T04:51:06Z,2026-09-27T06:42:00.000+02:00,A9022100110,A22 (rocade),68.0,110
2026-09-27T04:51:06Z,2026-09-27T06:42:00.000+02:00,A0022010400,A22,78.0,350
2026-09-27T04:51:06Z,2026-09-27T06:42:00.000+02:00,N0356010302,N356,78.0,880
2026-09-27T04:51:06Z,2026-09-27T06:42:00.000+02:00,A0025010800,A25,73.0,440
2026-09-27T04:51:06Z,2026-09-27T06:42:00.000+02:00,A0027020621,A27,101.0,350
2026-09-27T04:51:06Z,2026-09-27T06:42:00.000+02:00,N0041010700,N41,101.0,120
2026-09-27T04:51:06Z,2026-09-27T06:42:00.000+02:00,A0027020630,A27,100.0,380
2026-09-27T04:51:06Z,2026-09-27T06:42:00.000+02:00,A0022021512,A22,82.0,400
2026-09-27T04:51:06Z,2026-09-27T06:42:00.000+02:00,A0022021511,A22,82.0,400
2026-09-27T04:51:06Z,2026-09-27T06:42:00.000+02:00,A0027020610,A27,101.0,350
2026-09-27T04:51:06Z,2026-09-27T06:42:00.000+02:00,A0025021720,A25,102.0,530
2026-09-27T04:51:06Z,2026-09-27T06:42:00.000+02:00,A0022021520,A22,82.0,400
2026-09-27T04:51:06Z,2026-09-27T06:42:00.000+02:00,A0025022140,A25,107.0,500
2026-09-27T04:51:06Z,2026-09-27T06:42:00.000+02:00,A0022011302,A22,81.0,290
2026-09-27T04:51:06Z,2026-09-27T06:42:00.000+02:00,A0025022160,A25,101.0,490
2026-09-27T04:51:06Z,2026-09-27T06:42:00.000+02:00,A9025060104,A25 (bretelle),72.0,310
2026-09-27T04:51:06Z,2026-09-27T06:42:00.000+02:00,A0027010201,A27,92.0,310
2026-09-27T04:51:06Z,2026-09-27T06:42:00.000+02:00,A0027010202,A27,,180
2026-09-27T04:51:06Z,2026-09-27T06:42:00.000+02:00,N9227110110,N227 (bretelle),83.0,150
2026-09-27T04:51:06Z,2026-09-27T06:42:00.000+02:00,A0025012130,A25,112.0,340
2026-09-27T04:51:06Z,2026-09-27T06:42:00.000+02:00,A0027010210,A27,,180
2026-09-27T04:51:06Z,2026-09-27T06:42:00.000+02:00,A0025011050,A25,88.0,110
2026-09-27T04:51:06Z,2026-09-27T06:42:00.000+02:00,A0027010421,A27,93.0,210
2026-09-27T04:51:06Z,2026-09-27T06:42:00.000+02:00,A0022012420,A22,97.0,350
2026-09-27T04:51:06Z,2026-09-27T06:42:00.000+02:00,A0027010430,A27,99.0,200
2026-09-27T04:51:06Z,2026-09-27T06:42:00.000+02:00,A0023020710,A23,103.0,420
2026-09-27T04:51:06Z,2026-09-27T06:42:00.000+02:00,A0022012430,A22,96.0,360
2026-09-27T04:51:06Z,2026-09-27T06:42:00.000+02:00,A0025012160,A25,119.0,380
2026-09-27T04:51:06Z,2026-09-27T06:42:00.000+02:00,A9022021200,A22 (rocade),62.0,40
2026-09-27T04:51:06Z,2026-09-27T06:42:00.000+02:00,A0001021100,A1,89.0,920
2026-09-27T04:51:06Z,2026-09-27T06:42:00.000+02:00,A9022101000,A22 (rocade),84.0,130
2026-09-27T04:51:06Z,2026-09-27T06:42:00.000+02:00,A0025013020,A25,115.0,280
2026-09-27T04:51:06Z,2026-09-27T06:42:00.000+02:00,A0027010410,A27,93.0,210
2026-09-27T04:51:06Z,2026-09-27T06:42:00.000+02:00,A0022012410,A22,95.0,360
2026-09-27T04:51:06Z,2026-09-27T06:42:00.000+02:00,A0001A20112,A1,94.0,450
2026-09-27T04:51:06Z,2026-09-27T06:42:00.000+02:00,A0001A20111,A1,92.0,320
2026-09-27T04:51:06Z,2026-09-27T06:42:00.000+02:00,A0001021521,A1,87.0,700
2026-09-27T04:51:06Z,2026-09-27T06:42:00.000+02:00,A0025022540,A25,111.0,320
2026-09-27T04:51:06Z,2026-09-27T06:42:00.000+02:00,A0025022300,A25,107.0,230
2026-09-27T04:51:06Z,2026-09-27T06:42:00.000+02:00,N0356021000,N356,75.0,670
2026-09-27T04:51:06Z,2026-09-27T06:42:00.000+02:00,A22TC010102,A22 (contournement),87.0,260
2026-09-27T04:51:06Z,2026-09-27T06:42:00.000+02:00,A0001011503,A1,91.0,1140
2026-09-27T04:51:06Z,2026-09-27T06:42:00.000+02:00,A0022012200,A22,84.0,320
2026-09-27T04:51:06Z,2026-09-27T06:42:00.000+02:00,A0001A20120,A1,93.0,470
2026-09-27T04:51:06Z,2026-09-27T06:42:00.000+02:00,A22TC020102,A22 (contournement),89.0,470
2026-09-27T04:51:06Z,2026-09-27T06:42:00.000+02:00,A22TC010300,A22 (contournement),86.0,410
2026-09-27T04:51:06Z,2026-09-27T06:42:00.000+02:00,A0022012010,A22,83.0,230
2026-09-27T04:51:06Z,2026-09-27T06:42:00.000+02:00,A0022012020,A22,83.0,230
2026-09-27T04:51:06Z,2026-09-27T06:42:00.000+02:00,A0025022130,A25,119.0,490
2026-09-27T04:51:06Z,2026-09-27T06:42:00.000+02:00,A0023010520,A23,109.0,330
2026-09-27T04:51:06Z,2026-09-27T06:42:00.000+02:00,N0041020800,N41,99.0,250
2026-09-27T04:51:06Z,2026-09-27T06:42:00.000+02:00,A0025010500,A25,67.0,410
2026-09-27T04:51:06Z,2026-09-27T06:42:00.000+02:00,A0022020901,A22,80.0,380
2026-09-27T04:51:06Z,2026-09-27T06:42:00.000+02:00,A0022020902,A22,80.0,460
2026-09-27T04:51:06Z,2026-09-27T06:42:00.000+02:00,A0022021810,A22,87.0,410
2026-09-27T04:51:06Z,2026-09-27T06:42:00.000+02:00,N0356011100,N356,73.0,430
2026-09-27T04:51:06Z,2026-09-27T06:42:00.000+02:00,A0022021820,A22,87.0,410
2026-09-27T04:51:06Z,2026-09-27T06:42:00.000+02:00,N0356020802,N356,75.0,660
2026-09-27T04:51:06Z,2026-09-27T06:42:00.000+02:00,A9022020900,A22 (rocade),102.0,160
2026-09-27T04:51:06Z,2026-09-27T06:42:00.000+02:00,A0025020102,A25,71.0,340
2026-09-27T04:51:06Z,2026-09-27T06:42:00.000+02:00,A0023010100,A23,,40
2026-09-27T04:51:06Z,2026-09-27T06:42:00.000+02:00,A0025022530,A25,111.0,320
2026-09-27T04:51:06Z,2026-09-27T06:42:00.000+02:00,A9001210200,A1 (bretelle),70.0,310
2026-09-27T04:51:06Z,2026-09-27T06:42:00.000+02:00,A0022010700,A22,70.0,270
2026-09-27T04:51:06Z,2026-09-27T06:42:00.000+02:00,N0041020400,N41,94.0,220
2026-09-27T04:51:06Z,2026-09-27T06:42:00.000+02:00,A0023020720,A23,111.0,420
2026-09-27T04:51:06Z,2026-09-27T06:42:00.000+02:00,A0022020500,A22,80.0,290
2026-09-27T04:51:06Z,2026-09-27T06:42:00.000+02:00,A0025020950,A25,93.0,760
2026-09-27T04:51:06Z,2026-09-27T06:42:00.000+02:00,A0023020300,A23,85.0,410
2026-09-27T04:51:06Z,2026-09-27T06:42:00.000+02:00,A0001011000,A1,88.0,540
2026-09-27T04:51:06Z,2026-09-27T06:42:00.000+02:00,A0027020500,A27,92.0,280
2026-09-27T04:51:06Z,2026-09-27T06:42:00.000+02:00,N0356011500,N356,66.0,330
2026-09-27T04:51:06Z,2026-09-27T06:42:00.000+02:00,A0001010150,A1,107.0,600
2026-09-27T04:51:06Z,2026-09-27T06:42:00.000+02:00,N0356020400,N356,80.0,220
2026-09-27T04:51:06Z,2026-09-27T06:42:00.000+02:00,N0041020600,N41,114.0,90
2026-09-27T04:51:06Z,2026-09-27T06:42:00.000+02:00,A0025010700,A25,67.0,360
2026-09-27T04:51:06Z,2026-09-27T06:42:00.000+02:00,A0002011230,A2,107.0,420
2026-09-27T04:51:06Z,2026-09-27T06:42:00.000+02:00,A0025020500,A25,77.0,600
2026-09-27T04:51:06Z,2026-09-27T06:42:00.000+02:00,A0002021290,A2,110.0,470
2026-09-27T04:51:06Z,2026-09-27T06:42:00.000+02:00,A0022011600,A22,81.0,200
2026-09-27T05:01:17Z,2026-09-27T06:54:00.000+02:00,A0001011200,A1,83.0,560
2026-09-27T05:01:17Z,2026-09-27T06:54:00.000+02:00,A0027010102,A27,102.0,700
2026-09-27T05:01:17Z,2026-09-27T06:54:00.000+02:00,N0041010100,N41,85.0,220
2026-09-27T05:01:17Z,2026-09-27T06:54:00.000+02:00,A0027010101,A27,102.0,700
2026-09-27T05:01:17Z,2026-09-27T06:54:00.000+02:00,A9022010250,A22 (rocade),75.0,20
2026-09-27T05:01:17Z,2026-09-27T06:54:00.000+02:00,A0001020150,A1,100.0,670
2026-09-27T05:01:17Z,2026-09-27T06:54:00.000+02:00,N0356011700,N356,76.0,580
2026-09-27T05:01:17Z,2026-09-27T06:54:00.000+02:00,N0356021300,N356,68.0,630
2026-09-27T05:01:17Z,2026-09-27T06:54:00.000+02:00,A0022011400,A22,78.0,120
2026-09-27T05:01:17Z,2026-09-27T06:54:00.000+02:00,A0027010300,A27,94.0,180
2026-09-27T05:01:17Z,2026-09-27T06:54:00.000+02:00,A9022020250,A22 (rocade),72.0,80
2026-09-27T05:01:17Z,2026-09-27T06:54:00.000+02:00,N0041010300,N41,90.0,480
2026-09-27T05:01:17Z,2026-09-27T06:54:00.000+02:00,A0022011210,A22,81.0,120
2026-09-27T05:01:17Z,2026-09-27T06:54:00.000+02:00,A0027020100,A27,68.0,300
2026-09-27T05:01:17Z,2026-09-27T06:54:00.000+02:00,A0001010300,A1,133.0,700
2026-09-27T05:01:17Z,2026-09-27T06:54:00.000+02:00,A0022011220,A22,81.0,120
2026-09-27T05:01:17Z,2026-09-27T06:54:00.000+02:00,A9022101110,A22 (rocade),87.0,170
2026-09-27T05:01:17Z,2026-09-27T06:54:00.000+02:00,A0022022110,A22,91.0,550
2026-09-27T05:01:17Z,2026-09-27T06:54:00.000+02:00,A0001011420,A1,90.0,470
2026-09-27T05:01:17Z,2026-09-27T06:54:00.000+02:00,N0356010800,N356,74.0,550
2026-09-27T05:01:17Z,2026-09-27T06:54:00.000+02:00,A9001210710,A1 (bretelle),72.0,330
2026-09-27T05:01:17Z,2026-09-27T06:54:00.000+02:00,N0356021110,N356,76.0,810
2026-09-27T05:01:17Z,2026-09-27T06:54:00.000+02:00,A0001010510,A1,115.0,710
2026-09-27T05:01:17Z,2026-09-27T06:54:00.000+02:00,N0356021122,N356,66.0,760
2026-09-27T05:01:17Z,2026-09-27T06:54:00.000+02:00,N0356021121,N356,76.0,810
2026-09-27T05:01:17Z,2026-09-27T06:54:00.000+02:00,A0025010210,A25,76.0,1040
2026-09-27T05:01:17Z,2026-09-27T06:54:00.000+02:00,A0025011300,A25,90.0,400
2026-09-27T05:01:17Z,2026-09-27T06:54:00.000+02:00,A0001020300,A1,103.0,650
2026-09-27T05:01:17Z,2026-09-27T06:54:00.000+02:00,A0025021100,A25,92.0,500
2026-09-27T05:01:17Z,2026-09-27T06:54:00.000+02:00,A0025023520,A25,108.0,170
2026-09-27T05:01:17Z,2026-09-27T06:54:00.000+02:00,A0022022130,A22,103.0,580
2026-09-27T05:01:17Z,2026-09-27T06:54:00.000+02:00,A0025010220,A25,76.0,1040
2026-09-27T05:01:17Z,2026-09-27T06:54:00.000+02:00,A0022022120,A22,94.0,550
2026-09-27T05:01:17Z,2026-09-27T06:54:00.000+02:00,A0001010520,A1,107.0,740
2026-09-27T05:01:17Z,2026-09-27T06:54:00.000+02:00,A0022011000,A22,81.0,460
2026-09-27T05:01:17Z,2026-09-27T06:54:00.000+02:00,A0001020510,A1,102.0,680
2026-09-27T05:01:17Z,2026-09-27T06:54:00.000+02:00,A0001021602,A1,86.0,1030
2026-09-27T05:01:17Z,2026-09-27T06:54:00.000+02:00,A22TC020222,A22 (contournement),90.0,450
2026-09-27T05:01:17Z,2026-09-27T06:54:00.000+02:00,A0001010940,A1,104.0,720
2026-09-27T05:01:17Z,2026-09-27T06:54:00.000+02:00,A0025023320,A25,110.0,340
2026-09-27T05:01:17Z,2026-09-27T06:54:00.000+02:00,A0001020520,A1,102.0,690
2026-09-27T05:01:17Z,2026-09-27T06:54:00.000+02:00,A0025023100,A25,114.0,250
2026-09-27T05:01:17Z,2026-09-27T06:54:00.000+02:00,A22TC020230,A22 (contournement),90.0,450
2026-09-27T05:01:17Z,2026-09-27T06:54:00.000+02:00,A0025021730,A25,88.0,520
2026-09-27T05:01:17Z,2026-09-27T06:54:00.000+02:00,A0025023910,A25,108.0,170
2026-09-27T05:01:17Z,2026-09-27T06:54:00.000+02:00,A0025021735,A25,102.0,480
2026-09-27T05:01:17Z,2026-09-27T06:54:00.000+02:00,A0023010400,A23,108.0,420
2026-09-27T05:01:17Z,2026-09-27T06:54:00.000+02:00,A0022021900,A22,86.0,420
2026-09-27T05:01:17Z,2026-09-27T06:54:00.000+02:00,A9022100500,A22 (rocade),76.0,330
2026-09-27T05:01:17Z,2026-09-27T06:54:00.000+02:00,A0001020940,A1,91.0,820
2026-09-27T05:01:17Z,2026-09-27T06:54:00.000+02:00,A0001020700,A1,101.0,660
2026-09-27T05:01:17Z,2026-09-27T06:54:00.000+02:00,A9022020830,A22 (rocade),88.0,80
2026-09-27T05:01:17Z,2026-09-27T06:54:00.000+02:00,A9022020822,A22 (rocade),76.0,360
2026-09-27T05:01:17Z,2026-09-27T06:54:00.000+02:00,A9022020821,A22 (rocade),76.0,360
2026-09-27T05:01:17Z,2026-09-27T06:54:00.000+02:00,A0025020420,A25,75.0,920
2026-09-27T05:01:17Z,2026-09-27T06:54:00.000+02:00,A0025021510,A25,98.0,400
2026-09-27T05:01:17Z,2026-09-27T06:54:00.000+02:00,N0227010100,N227,65.0,250
2026-09-27T05:01:17Z,2026-09-27T06:54:00.000+02:00,A0025011720,A25,102.0,730
2026-09-27T05:01:17Z,2026-09-27T06:54:00.000+02:00,A0025021760,A25,90.0,440
2026-09-27T05:01:17Z,2026-09-27T06:54:00.000+02:00,A0025011730,A25,92.0,740
2026-09-27T05:01:17Z,2026-09-27T06:54:00.000+02:00,A0025011735,A25,101.0,670
2026-09-27T05:01:17Z,2026-09-27T06:54:00.000+02:00,A9025080700,A25 (bretelle),,40
2026-09-27T05:01:17Z,2026-09-27T06:54:00.000+02:00,A9022100930,A22 (rocade),59.0,30
2026-09-27T05:01:17Z,2026-09-27T06:54:00.000+02:00,N0356011220,N356,73.0,570
2026-09-27T05:01:17Z,2026-09-27T06:54:00.000+02:00,A0025011740,A25,87.0,660
2026-09-27T05:01:17Z,2026-09-27T06:54:00.000+02:00,A0025010410,A25,65.0,750
2026-09-27T05:01:17Z,2026-09-27T06:54:00.000+02:00,A0023010200,A23,89.0,400
2026-09-27T05:01:17Z,2026-09-27T06:54:00.000+02:00,A9001210120,A1 (bretelle),80.0,40
2026-09-27T05:01:17Z,2026-09-27T06:54:00.000+02:00,A0025020210,A25,77.0,960
2026-09-27T05:01:17Z,2026-09-27T06:54:00.000+02:00,N0356011210,N356,73.0,570
2026-09-27T05:01:17Z,2026-09-27T06:54:00.000+02:00,A0025011510,A25,90.0,520
2026-09-27T05:01:17Z,2026-09-27T06:54:00.000+02:00,A0025020220,A25,77.0,960
2026-09-27T05:01:17Z,2026-09-27T06:54:00.000+02:00,N0227010302,N227,76.0,420
2026-09-27T05:01:17Z,2026-09-27T06:54:00.000+02:00,N0041010500,N41,90.0,410
2026-09-27T05:01:17Z,2026-09-27T06:54:00.000+02:00,N0227020101,N227,90.0,430
2026-09-27T05:01:17Z,2026-09-27T06:54:00.000+02:00,A9022100110,A22 (rocade),67.0,120
2026-09-27T05:01:17Z,2026-09-27T06:54:00.000+02:00,A0022010400,A22,74.0,450
2026-09-27T05:01:17Z,2026-09-27T06:54:00.000+02:00,N0356010302,N356,76.0,920
2026-09-27T05:01:17Z,2026-09-27T06:54:00.000+02:00,A0025010800,A25,76.0,510
2026-09-27T05:01:17Z,2026-09-27T06:54:00.000+02:00,A0027020621,A27,98.0,200
2026-09-27T05:01:17Z,2026-09-27T06:54:00.000+02:00,N0041010700,N41,99.0,30
2026-09-27T05:01:17Z,2026-09-27T06:54:00.000+02:00,A0027020630,A27,102.0,220
2026-09-27T05:01:17Z,2026-09-27T06:54:00.000+02:00,A0022021512,A22,82.0,350
2026-09-27T05:01:17Z,2026-09-27T06:54:00.000+02:00,A0022021511,A22,83.0,370
2026-09-27T05:01:17Z,2026-09-27T06:54:00.000+02:00,A0027020610,A27,98.0,200
2026-09-27T05:01:17Z,2026-09-27T06:54:00.000+02:00,A0025021720,A25,101.0,580
2026-09-27T05:01:17Z,2026-09-27T06:54:00.000+02:00,A0022021520,A22,82.0,350
2026-09-27T05:01:17Z,2026-09-27T06:54:00.000+02:00,A0025022140,A25,111.0,400
2026-09-27T05:01:17Z,2026-09-27T06:54:00.000+02:00,A0022011302,A22,78.0,410
2026-09-27T05:01:17Z,2026-09-27T06:54:00.000+02:00,A0025022160,A25,110.0,410
2026-09-27T05:01:17Z,2026-09-27T06:54:00.000+02:00,A9025060104,A25 (bretelle),69.0,380
2026-09-27T05:01:17Z,2026-09-27T06:54:00.000+02:00,A0027010201,A27,89.0,360
2026-09-27T05:01:17Z,2026-09-27T06:54:00.000+02:00,A0027010202,A27,102.0,150
2026-09-27T05:01:17Z,2026-09-27T06:54:00.000+02:00,N9227110110,N227 (bretelle),77.0,230
2026-09-27T05:01:17Z,2026-09-27T06:54:00.000+02:00,A0025012130,A25,104.0,470
2026-09-27T05:01:17Z,2026-09-27T06:54:00.000+02:00,A0027010210,A27,102.0,150
2026-09-27T05:01:17Z,2026-09-27T06:54:00.000+02:00,A0025011050,A25,99.0,220
2026-09-27T05:01:17Z,2026-09-27T06:54:00.000+02:00,A0025012140,A25,104.0,20
2026-09-27T05:01:17Z,2026-09-27T06:54:00.000+02:00,A0027010421,A27,103.0,220
2026-09-27T05:01:17Z,2026-09-27T06:54:00.000+02:00,A0022012420,A22,99.0,380
2026-09-27T05:01:17Z,2026-09-27T06:54:00.000+02:00,A0027010430,A27,103.0,280
2026-09-27T05:01:17Z,2026-09-27T06:54:00.000+02:00,A0023020710,A23,104.0,280
2026-09-27T05:01:17Z,2026-09-27T06:54:00.000+02:00,A0022012430,A22,101.0,340
2026-09-27T05:01:17Z,2026-09-27T06:54:00.000+02:00,A0025012160,A25,129.0,530
2026-09-27T05:01:17Z,2026-09-27T06:54:00.000+02:00,A9022021200,A22 (rocade),62.0,40
2026-09-27T05:01:17Z,2026-09-27T06:54:00.000+02:00,A0001021100,A1,89.0,720
2026-09-27T05:01:17Z,2026-09-27T06:54:00.000+02:00,A9022101000,A22 (rocade),84.0,130
2026-09-27T05:01:17Z,2026-09-27T06:54:00.000+02:00,A0025013020,A25,108.0,420
2026-09-27T05:01:17Z,2026-09-27T06:54:00.000+02:00,A0027010410,A27,103.0,220
2026-09-27T05:01:17Z,2026-09-27T06:54:00.000+02:00,A0022012410,A22,99.0,400
2026-09-27T05:01:17Z,2026-09-27T06:54:00.000+02:00,A0001A20112,A1,94.0,300
2026-09-27T05:01:17Z,2026-09-27T06:54:00.000+02:00,A0001A20111,A1,98.0,350
2026-09-27T05:01:17Z,2026-09-27T06:54:00.000+02:00,A0001021521,A1,86.0,640
2026-09-27T05:01:17Z,2026-09-27T06:54:00.000+02:00,A0025022540,A25,112.0,350
2026-09-27T05:01:17Z,2026-09-27T06:54:00.000+02:00,A0025022300,A25,91.0,240
2026-09-27T05:01:17Z,2026-09-27T06:54:00.000+02:00,N0356021000,N356,78.0,690
2026-09-27T05:01:17Z,2026-09-27T06:54:00.000+02:00,A22TC010102,A22 (contournement),83.0,210
2026-09-27T05:01:17Z,2026-09-27T06:54:00.000+02:00,A0001011503,A1,92.0,880
2026-09-27T05:01:17Z,2026-09-27T06:54:00.000+02:00,A0022012200,A22,92.0,370
2026-09-27T05:01:17Z,2026-09-27T06:54:00.000+02:00,A0001A20120,A1,93.0,360
2026-09-27T05:01:17Z,2026-09-27T06:54:00.000+02:00,A22TC020102,A22 (contournement),89.0,330
2026-09-27T05:01:17Z,2026-09-27T06:54:00.000+02:00,A22TC010300,A22 (contournement),84.0,330
2026-09-27T05:01:17Z,2026-09-27T06:54:00.000+02:00,A0022012010,A22,88.0,330
2026-09-27T05:01:17Z,2026-09-27T06:54:00.000+02:00,A0022012020,A22,88.0,330
2026-09-27T05:01:17Z,2026-09-27T06:54:00.000+02:00,A0025022130,A25,126.0,410
2026-09-27T05:01:17Z,2026-09-27T06:54:00.000+02:00,A0023010520,A23,112.0,470
2026-09-27T05:01:17Z,2026-09-27T06:54:00.000+02:00,N0041020800,N41,100.0,210
2026-09-27T05:01:17Z,2026-09-27T06:54:00.000+02:00,A0025010500,A25,72.0,440
2026-09-27T05:01:17Z,2026-09-27T06:54:00.000+02:00,A0022020901,A22,95.0,610
2026-09-27T05:01:17Z,2026-09-27T06:54:00.000+02:00,A0022020902,A22,95.0,550
2026-09-27T05:01:17Z,2026-09-27T06:54:00.000+02:00,A0022021810,A22,87.0,320
2026-09-27T05:01:17Z,2026-09-27T06:54:00.000+02:00,N0356011100,N356,76.0,430
2026-09-27T05:01:17Z,2026-09-27T06:54:00.000+02:00,A0022021820,A22,87.0,320
2026-09-27T05:01:17Z,2026-09-27T06:54:00.000+02:00,N0356020802,N356,73.0,780
2026-09-27T05:01:17Z,2026-09-27T06:54:00.000+02:00,A9022020900,A22 (rocade),79.0,180
2026-09-27T05:01:17Z,2026-09-27T06:54:00.000+02:00,A0025020102,A25,70.0,210
2026-09-27T05:01:17Z,2026-09-27T06:54:00.000+02:00,A0023010100,A23,100.0,220
2026-09-27T05:01:17Z,2026-09-27T06:54:00.000+02:00,A0025022530,A25,114.0,330
2026-09-27T05:01:17Z,2026-09-27T06:54:00.000+02:00,A9001210200,A1 (bretelle),70.0,330
2026-09-27T05:01:17Z,2026-09-27T06:54:00.000+02:00,A0022010700,A22,80.0,400
2026-09-27T05:01:17Z,2026-09-27T06:54:00.000+02:00,N0041020400,N41,92.0,230
2026-09-27T05:01:17Z,2026-09-27T06:54:00.000+02:00,A0023020720,A23,110.0,280
2026-09-27T05:01:17Z,2026-09-27T06:54:00.000+02:00,A0022020500,A22,95.0,310
2026-09-27T05:01:17Z,2026-09-27T06:54:00.000+02:00,N93563b0150,N356 (bretelle),77.0,10
2026-09-27T05:01:17Z,2026-09-27T06:54:00.000+02:00,A0025020950,A25,91.0,720
2026-09-27T05:01:17Z,2026-09-27T06:54:00.000+02:00,A0023020300,A23,112.0,300
2026-09-27T05:01:17Z,2026-09-27T06:54:00.000+02:00,A0001011000,A1,87.0,490
2026-09-27T05:01:17Z,2026-09-27T06:54:00.000+02:00,A0027020500,A27,95.0,120
2026-09-27T05:01:17Z,2026-09-27T06:54:00.000+02:00,N0356011500,N356,69.0,580
2026-09-27T05:01:17Z,2026-09-27T06:54:00.000+02:00,A0001010150,A1,109.0,650
2026-09-27T05:01:17Z,2026-09-27T06:54:00.000+02:00,N0356020400,N356,77.0,240
2026-09-27T05:01:17Z,2026-09-27T06:54:00.000+02:00,N0041020600,N41,98.0,130
2026-09-27T05:01:17Z,2026-09-27T06:54:00.000+02:00,A0025010700,A25,91.0,500
2026-09-27T05:01:17Z,2026-09-27T06:54:00.000+02:00,A0002011230,A2,113.0,510
2026-09-27T05:01:17Z,2026-09-27T06:54:00.000+02:00,A0025020500,A25,75.0,630
2026-09-27T05:01:17Z,2026-09-27T06:54:00.000+02:00,A0002021290,A2,107.0,420
2026-09-27T05:01:17Z,2026-09-27T06:54:00.000+02:00,A0022011600,A22,85.0,320
2026-09-27T05:11:15Z,2026-09-27T07:00:00.000+02:00,A0001011200,A1,81.0,600
2026-09-27T05:11:15Z,2026-09-27T07:00:00.000+02:00,A0027010102,A27,88.0,390
2026-09-27T05:11:15Z,2026-09-27T07:00:00.000+02:00,N0041010100,N41,89.0,190
2026-09-27T05:11:15Z,2026-09-27T07:00:00.000+02:00,A0027010101,A27,88.0,390
2026-09-27T05:11:15Z,2026-09-27T07:00:00.000+02:00,A9022010250,A22 (rocade),79.0,70
2026-09-27T05:11:15Z,2026-09-27T07:00:00.000+02:00,A0001020150,A1,107.0,620
2026-09-27T05:11:15Z,2026-09-27T07:00:00.000+02:00,N0356011700,N356,73.0,600
2026-09-27T05:11:15Z,2026-09-27T07:00:00.000+02:00,N0356021300,N356,69.0,790
2026-09-27T05:11:15Z,2026-09-27T07:00:00.000+02:00,A0022011400,A22,85.0,70
2026-09-27T05:11:15Z,2026-09-27T07:00:00.000+02:00,A0027010300,A27,88.0,130
2026-09-27T05:11:15Z,2026-09-27T07:00:00.000+02:00,A9022020250,A22 (rocade),65.0,120
2026-09-27T05:11:15Z,2026-09-27T07:00:00.000+02:00,N0041010300,N41,91.0,440
2026-09-27T05:11:15Z,2026-09-27T07:00:00.000+02:00,A0022011210,A22,81.0,130
2026-09-27T05:11:15Z,2026-09-27T07:00:00.000+02:00,A0027020100,A27,72.0,180
2026-09-27T05:11:15Z,2026-09-27T07:00:00.000+02:00,A0001010300,A1,130.0,460
2026-09-27T05:11:15Z,2026-09-27T07:00:00.000+02:00,A0022011220,A22,81.0,130
2026-09-27T05:11:15Z,2026-09-27T07:00:00.000+02:00,A9022101110,A22 (rocade),81.0,150
2026-09-27T05:11:15Z,2026-09-27T07:00:00.000+02:00,A0022022110,A22,92.0,770
2026-09-27T05:11:15Z,2026-09-27T07:00:00.000+02:00,A0001011420,A1,91.0,550
2026-09-27T05:11:15Z,2026-09-27T07:00:00.000+02:00,N0356010800,N356,74.0,690
2026-09-27T05:11:15Z,2026-09-27T07:00:00.000+02:00,A9001210710,A1 (bretelle),73.0,250
2026-09-27T05:11:15Z,2026-09-27T07:00:00.000+02:00,N0356021110,N356,76.0,810
2026-09-27T05:11:15Z,2026-09-27T07:00:00.000+02:00,A0001010510,A1,122.0,470
2026-09-27T05:11:15Z,2026-09-27T07:00:00.000+02:00,N0356021122,N356,67.0,880
2026-09-27T05:11:15Z,2026-09-27T07:00:00.000+02:00,N0356021121,N356,76.0,810
2026-09-27T05:11:15Z,2026-09-27T07:00:00.000+02:00,A0025010210,A25,77.0,920
2026-09-27T05:11:15Z,2026-09-27T07:00:00.000+02:00,A0025011300,A25,89.0,430
2026-09-27T05:11:15Z,2026-09-27T07:00:00.000+02:00,A0001020300,A1,105.0,610
2026-09-27T05:11:15Z,2026-09-27T07:00:00.000+02:00,A0025021100,A25,90.0,420
2026-09-27T05:11:15Z,2026-09-27T07:00:00.000+02:00,A0025023520,A25,101.0,240
2026-09-27T05:11:15Z,2026-09-27T07:00:00.000+02:00,A0022022130,A22,103.0,690
2026-09-27T05:11:15Z,2026-09-27T07:00:00.000+02:00,A0025010220,A25,77.0,920
2026-09-27T05:11:15Z,2026-09-27T07:00:00.000+02:00,A0022022120,A22,96.0,770
2026-09-27T05:11:15Z,2026-09-27T07:00:00.000+02:00,A0001010520,A1,104.0,500
2026-09-27T05:11:15Z,2026-09-27T07:00:00.000+02:00,A0022011000,A22,81.0,450
2026-09-27T05:11:15Z,2026-09-27T07:00:00.000+02:00,A0001020510,A1,105.0,630
2026-09-27T05:11:15Z,2026-09-27T07:00:00.000+02:00,A0001021602,A1,86.0,1390
2026-09-27T05:11:15Z,2026-09-27T07:00:00.000+02:00,A22TC020222,A22 (contournement),105.0,250
2026-09-27T05:11:15Z,2026-09-27T07:00:00.000+02:00,A0001010940,A1,103.0,640
2026-09-27T05:11:15Z,2026-09-27T07:00:00.000+02:00,A0025023320,A25,109.0,360
2026-09-27T05:11:15Z,2026-09-27T07:00:00.000+02:00,A0001020520,A1,98.0,670
2026-09-27T05:11:15Z,2026-09-27T07:00:00.000+02:00,A0025023100,A25,106.0,290
2026-09-27T05:11:15Z,2026-09-27T07:00:00.000+02:00,A22TC020230,A22 (contournement),105.0,250
2026-09-27T05:11:15Z,2026-09-27T07:00:00.000+02:00,A0025021730,A25,90.0,480
2026-09-27T05:11:15Z,2026-09-27T07:00:00.000+02:00,A0025023910,A25,109.0,190
2026-09-27T05:11:15Z,2026-09-27T07:00:00.000+02:00,A0025021735,A25,102.0,430
2026-09-27T05:11:15Z,2026-09-27T07:00:00.000+02:00,A0023010400,A23,108.0,500
2026-09-27T05:11:15Z,2026-09-27T07:00:00.000+02:00,A0022021900,A22,87.0,620
2026-09-27T05:11:15Z,2026-09-27T07:00:00.000+02:00,A9022100500,A22 (rocade),78.0,450
2026-09-27T05:11:15Z,2026-09-27T07:00:00.000+02:00,A0001020940,A1,91.0,730
2026-09-27T05:11:15Z,2026-09-27T07:00:00.000+02:00,A0001020700,A1,94.0,620
2026-09-27T05:11:15Z,2026-09-27T07:00:00.000+02:00,A9022020830,A22 (rocade),85.0,30
2026-09-27T05:11:15Z,2026-09-27T07:00:00.000+02:00,A9022020822,A22 (rocade),71.0,580
2026-09-27T05:11:15Z,2026-09-27T07:00:00.000+02:00,A9022020821,A22 (rocade),71.0,580
2026-09-27T05:11:15Z,2026-09-27T07:00:00.000+02:00,A0025020420,A25,75.0,1030
2026-09-27T05:11:15Z,2026-09-27T07:00:00.000+02:00,A0025021510,A25,100.0,240
2026-09-27T05:11:15Z,2026-09-27T07:00:00.000+02:00,N0227010100,N227,69.0,160
2026-09-27T05:11:15Z,2026-09-27T07:00:00.000+02:00,A0025011720,A25,102.0,750
2026-09-27T05:11:15Z,2026-09-27T07:00:00.000+02:00,A0025021760,A25,88.0,430
2026-09-27T05:11:15Z,2026-09-27T07:00:00.000+02:00,A0025011730,A25,90.0,710
2026-09-27T05:11:15Z,2026-09-27T07:00:00.000+02:00,A0025011735,A25,104.0,690
2026-09-27T05:11:15Z,2026-09-27T07:00:00.000+02:00,A9025080700,A25 (bretelle),,90
2026-09-27T05:11:15Z,2026-09-27T07:00:00.000+02:00,N0356011220,N356,71.0,690
2026-09-27T05:11:15Z,2026-09-27T07:00:00.000+02:00,A0025011740,A25,88.0,690
2026-09-27T05:11:15Z,2026-09-27T07:00:00.000+02:00,A0025010410,A25,70.0,820
2026-09-27T05:11:15Z,2026-09-27T07:00:00.000+02:00,A0023010200,A23,88.0,500
2026-09-27T05:11:15Z,2026-09-27T07:00:00.000+02:00,A9001210120,A1 (bretelle),81.0,150
2026-09-27T05:11:15Z,2026-09-27T07:00:00.000+02:00,A0025020210,A25,79.0,1140
2026-09-27T05:11:15Z,2026-09-27T07:00:00.000+02:00,N0356011210,N356,71.0,690
2026-09-27T05:11:15Z,2026-09-27T07:00:00.000+02:00,A0025011510,A25,89.0,550
2026-09-27T05:11:15Z,2026-09-27T07:00:00.000+02:00,A0025020220,A25,79.0,1140
2026-09-27T05:11:15Z,2026-09-27T07:00:00.000+02:00,N0227010302,N227,78.0,380
2026-09-27T05:11:15Z,2026-09-27T07:00:00.000+02:00,N0041010500,N41,103.0,360
2026-09-27T05:11:15Z,2026-09-27T07:00:00.000+02:00,N0227020101,N227,87.0,400
2026-09-27T05:11:15Z,2026-09-27T07:00:00.000+02:00,A9022100110,A22 (rocade),69.0,140
2026-09-27T05:11:15Z,2026-09-27T07:00:00.000+02:00,A0022010400,A22,75.0,620
2026-09-27T05:11:15Z,2026-09-27T07:00:00.000+02:00,N0356010302,N356,79.0,980
2026-09-27T05:11:15Z,2026-09-27T07:00:00.000+02:00,A0025010800,A25,77.0,780
2026-09-27T05:11:15Z,2026-09-27T07:00:00.000+02:00,A0027020621,A27,102.0,260
2026-09-27T05:11:15Z,2026-09-27T07:00:00.000+02:00,N0041010700,N41,110.0,50
2026-09-27T05:11:15Z,2026-09-27T07:00:00.000+02:00,A0027020630,A27,102.0,270
2026-09-27T05:11:15Z,2026-09-27T07:00:00.000+02:00,A0022021512,A22,82.0,530
2026-09-27T05:11:15Z,2026-09-27T07:00:00.000+02:00,A0022021511,A22,81.0,540
2026-09-27T05:11:15Z,2026-09-27T07:00:00.000+02:00,A0027020610,A27,102.0,260
2026-09-27T05:11:15Z,2026-09-27T07:00:00.000+02:00,A0025021720,A25,102.0,480
2026-09-27T05:11:15Z,2026-09-27T07:00:00.000+02:00,A0022021520,A22,82.0,530
2026-09-27T05:11:15Z,2026-09-27T07:00:00.000+02:00,A0025022140,A25,117.0,340
2026-09-27T05:11:15Z,2026-09-27T07:00:00.000+02:00,A0022011302,A22,81.0,300
2026-09-27T05:11:15Z,2026-09-27T07:00:00.000+02:00,A0025022160,A25,109.0,350
2026-09-27T05:11:15Z,2026-09-27T07:00:00.000+02:00,A9025060104,A25 (bretelle),72.0,430
2026-09-27T05:11:15Z,2026-09-27T07:00:00.000+02:00,A0027010201,A27,88.0,370
2026-09-27T05:11:15Z,2026-09-27T07:00:00.000+02:00,A0027010202,A27,88.0,160
2026-09-27T05:11:15Z,2026-09-27T07:00:00.000+02:00,N9227110110,N227 (bretelle),76.0,370
2026-09-27T05:11:15Z,2026-09-27T07:00:00.000+02:00,A0025012130,A25,108.0,470
2026-09-27T05:11:15Z,2026-09-27T07:00:00.000+02:00,A0027010210,A27,88.0,160
2026-09-27T05:11:15Z,2026-09-27T07:00:00.000+02:00,A0025011050,A25,92.0,360
2026-09-27T05:11:15Z,2026-09-27T07:00:00.000+02:00,A0027010421,A27,95.0,190
2026-09-27T05:11:15Z,2026-09-27T07:00:00.000+02:00,A0022012420,A22,99.0,300
2026-09-27T05:11:15Z,2026-09-27T07:00:00.000+02:00,A0027010430,A27,96.0,180
2026-09-27T05:11:15Z,2026-09-27T07:00:00.000+02:00,A0023020710,A23,106.0,350
2026-09-27T05:11:15Z,2026-09-27T07:00:00.000+02:00,A0022012430,A22,94.0,290
2026-09-27T05:11:15Z,2026-09-27T07:00:00.000+02:00,A0025012160,A25,127.0,620
2026-09-27T05:11:15Z,2026-09-27T07:00:00.000+02:00,A9022021200,A22 (rocade),60.0,30
2026-09-27T05:11:15Z,2026-09-27T07:00:00.000+02:00,A0001021100,A1,88.0,870
2026-09-27T05:11:15Z,2026-09-27T07:00:00.000+02:00,A9022101000,A22 (rocade),66.0,130
2026-09-27T05:11:15Z,2026-09-27T07:00:00.000+02:00,A0025013020,A25,117.0,630
2026-09-27T05:11:15Z,2026-09-27T07:00:00.000+02:00,A0027010410,A27,95.0,190
2026-09-27T05:11:15Z,2026-09-27T07:00:00.000+02:00,A0022012410,A22,98.0,290
2026-09-27T05:11:15Z,2026-09-27T07:00:00.000+02:00,A0001A20112,A1,92.0,350
2026-09-27T05:11:15Z,2026-09-27T07:00:00.000+02:00,A0001A20111,A1,106.0,230
2026-09-27T05:11:15Z,2026-09-27T07:00:00.000+02:00,A0001021521,A1,84.0,1040
2026-09-27T05:11:15Z,2026-09-27T07:00:00.000+02:00,A0025022540,A25,108.0,240
2026-09-27T05:11:15Z,2026-09-27T07:00:00.000+02:00,A0025022300,A25,106.0,210
2026-09-27T05:11:15Z,2026-09-27T07:00:00.000+02:00,N0356021000,N356,75.0,700
2026-09-27T05:11:15Z,2026-09-27T07:00:00.000+02:00,A22TC010102,A22 (contournement),93.0,200
2026-09-27T05:11:15Z,2026-09-27T07:00:00.000+02:00,A0001011503,A1,91.0,970
2026-09-27T05:11:15Z,2026-09-27T07:00:00.000+02:00,A0022012200,A22,85.0,260
2026-09-27T05:11:15Z,2026-09-27T07:00:00.000+02:00,A0001A20120,A1,93.0,360
2026-09-27T05:11:15Z,2026-09-27T07:00:00.000+02:00,A22TC020102,A22 (contournement),87.0,390
2026-09-27T05:11:15Z,2026-09-27T07:00:00.000+02:00,A22TC010300,A22 (contournement),86.0,350
2026-09-27T05:11:15Z,2026-09-27T07:00:00.000+02:00,A0022012010,A22,80.0,200
2026-09-27T05:11:15Z,2026-09-27T07:00:00.000+02:00,A0022012020,A22,80.0,200
2026-09-27T05:11:15Z,2026-09-27T07:00:00.000+02:00,A0025022130,A25,127.0,320
2026-09-27T05:11:15Z,2026-09-27T07:00:00.000+02:00,A0023010520,A23,111.0,480
2026-09-27T05:11:15Z,2026-09-27T07:00:00.000+02:00,N0041020800,N41,92.0,240
2026-09-27T05:11:15Z,2026-09-27T07:00:00.000+02:00,A0025010500,A25,64.0,550
2026-09-27T05:11:15Z,2026-09-27T07:00:00.000+02:00,A0022020901,A22,80.0,540
2026-09-27T05:11:15Z,2026-09-27T07:00:00.000+02:00,A0022020902,A22,80.0,620
2026-09-27T05:11:15Z,2026-09-27T07:00:00.000+02:00,A0022021810,A22,85.0,600
2026-09-27T05:11:15Z,2026-09-27T07:00:00.000+02:00,N0356011100,N356,71.0,580
2026-09-27T05:11:15Z,2026-09-27T07:00:00.000+02:00,A0022021820,A22,85.0,600
2026-09-27T05:11:15Z,2026-09-27T07:00:00.000+02:00,N0356020802,N356,75.0,750
2026-09-27T05:11:15Z,2026-09-27T07:00:00.000+02:00,A9022020900,A22 (rocade),75.0,260
2026-09-27T05:11:15Z,2026-09-27T07:00:00.000+02:00,A0025020102,A25,66.0,260
2026-09-27T05:11:15Z,2026-09-27T07:00:00.000+02:00,A0023010100,A23,91.0,240
2026-09-27T05:11:15Z,2026-09-27T07:00:00.000+02:00,A0025022530,A25,110.0,250
2026-09-27T05:11:15Z,2026-09-27T07:00:00.000+02:00,A9001210200,A1 (bretelle),68.0,310
2026-09-27T05:11:15Z,2026-09-27T07:00:00.000+02:00,A0022010700,A22,81.0,470
2026-09-27T05:11:15Z,2026-09-27T07:00:00.000+02:00,N0041020400,N41,97.0,360
2026-09-27T05:11:15Z,2026-09-27T07:00:00.000+02:00,A0023020720,A23,111.0,370
2026-09-27T05:11:15Z,2026-09-27T07:00:00.000+02:00,A0022020500,A22,80.0,390
2026-09-27T05:11:15Z,2026-09-27T07:00:00.000+02:00,A0025020950,A25,95.0,620
2026-09-27T05:11:15Z,2026-09-27T07:00:00.000+02:00,A0023020300,A23,110.0,300
2026-09-27T05:11:15Z,2026-09-27T07:00:00.000+02:00,A0001011000,A1,86.0,590
2026-09-27T05:11:15Z,2026-09-27T07:00:00.000+02:00,A0027020500,A27,89.0,180
2026-09-27T05:11:15Z,2026-09-27T07:00:00.000+02:00,N0356011500,N356,79.0,660
2026-09-27T05:11:15Z,2026-09-27T07:00:00.000+02:00,A0001010150,A1,106.0,460
2026-09-27T05:11:15Z,2026-09-27T07:00:00.000+02:00,N0356020400,N356,72.0,280
2026-09-27T05:11:15Z,2026-09-27T07:00:00.000+02:00,N0041020600,N41,98.0,250
2026-09-27T05:11:15Z,2026-09-27T07:00:00.000+02:00,A0025010700,A25,72.0,530
2026-09-27T05:11:15Z,2026-09-27T07:00:00.000+02:00,A0002011230,A2,108.0,580
2026-09-27T05:11:15Z,2026-09-27T07:00:00.000+02:00,A0025020500,A25,75.0,700
2026-09-27T05:11:15Z,2026-09-27T07:00:00.000+02:00,A0002021290,A2,112.0,480
2026-09-27T05:11:15Z,2026-09-27T07:00:00.000+02:00,A0022011600,A22,86.0,220
2026-09-27T05:21:15Z,2026-09-27T07:12:00.000+02:00,A0001011200,A1,81.0,620
2026-09-27T05:21:15Z,2026-09-27T07:12:00.000+02:00,A0027010102,A27,85.0,540
2026-09-27T05:21:15Z,2026-09-27T07:12:00.000+02:00,N0041010100,N41,82.0,200
2026-09-27T05:21:15Z,2026-09-27T07:12:00.000+02:00,A0027010101,A27,85.0,540
2026-09-27T05:21:15Z,2026-09-27T07:12:00.000+02:00,A9022010250,A22 (rocade),81.0,40
2026-09-27T05:21:15Z,2026-09-27T07:12:00.000+02:00,A0001020150,A1,105.0,1080
2026-09-27T05:21:15Z,2026-09-27T07:12:00.000+02:00,N0356011700,N356,74.0,700
2026-09-27T05:21:15Z,2026-09-27T07:12:00.000+02:00,N0356021300,N356,67.0,720
2026-09-27T05:21:15Z,2026-09-27T07:12:00.000+02:00,A0022011400,A22,81.0,50
2026-09-27T05:21:15Z,2026-09-27T07:12:00.000+02:00,A0027010300,A27,92.0,100
2026-09-27T05:21:15Z,2026-09-27T07:12:00.000+02:00,A9022020250,A22 (rocade),65.0,60
2026-09-27T05:21:15Z,2026-09-27T07:12:00.000+02:00,N0041010300,N41,91.0,340
2026-09-27T05:21:15Z,2026-09-27T07:12:00.000+02:00,A0022011210,A22,79.0,30
2026-09-27T05:21:15Z,2026-09-27T07:12:00.000+02:00,A0027020100,A27,74.0,300
2026-09-27T05:21:15Z,2026-09-27T07:12:00.000+02:00,A0001010300,A1,132.0,470
2026-09-27T05:21:15Z,2026-09-27T07:12:00.000+02:00,A0022011220,A22,79.0,30
2026-09-27T05:21:15Z,2026-09-27T07:12:00.000+02:00,N0227021400,N227,68.0,10
2026-09-27T05:21:15Z,2026-09-27T07:12:00.000+02:00,A9022101110,A22 (rocade),78.0,120
2026-09-27T05:21:15Z,2026-09-27T07:12:00.000+02:00,A0022022110,A22,86.0,830
2026-09-27T05:21:15Z,2026-09-27T07:12:00.000+02:00,A0001011420,A1,91.0,620
2026-09-27T05:21:15Z,2026-09-27T07:12:00.000+02:00,N0356010800,N356,73.0,680
2026-09-27T05:21:15Z,2026-09-27T07:12:00.000+02:00,A9001210710,A1 (bretelle),71.0,270
2026-09-27T05:21:15Z,2026-09-27T07:12:00.000+02:00,N0356021110,N356,72.0,750
2026-09-27T05:21:15Z,2026-09-27T07:12:00.000+02:00,A0001010510,A1,111.0,470
2026-09-27T05:21:15Z,2026-09-27T07:12:00.000+02:00,N0356021122,N356,66.0,760
2026-09-27T05:21:15Z,2026-09-27T07:12:00.000+02:00,N0356021121,N356,72.0,750
2026-09-27T05:21:15Z,2026-09-27T07:12:00.000+02:00,A0025010210,A25,75.0,1010
2026-09-27T05:21:15Z,2026-09-27T07:12:00.000+02:00,A0025011300,A25,87.0,630
2026-09-27T05:21:15Z,2026-09-27T07:12:00.000+02:00,A0001020300,A1,107.0,1040
2026-09-27T05:21:15Z,2026-09-27T07:12:00.000+02:00,A0025021100,A25,93.0,390
2026-09-27T05:21:15Z,2026-09-27T07:12:00.000+02:00,A0025023520,A25,108.0,170
2026-09-27T05:21:15Z,2026-09-27T07:12:00.000+02:00,A0022022130,A22,100.0,720
2026-09-27T05:21:15Z,2026-09-27T07:12:00.000+02:00,A0025010220,A25,75.0,1010
2026-09-27T05:21:15Z,2026-09-27T07:12:00.000+02:00,A0022022120,A22,91.0,800
2026-09-27T05:21:15Z,2026-09-27T07:12:00.000+02:00,A0001010520,A1,106.0,490
2026-09-27T05:21:15Z,2026-09-27T07:12:00.000+02:00,A0022011000,A22,76.0,380
2026-09-27T05:21:15Z,2026-09-27T07:12:00.000+02:00,A0001020510,A1,104.0,1110
2026-09-27T05:21:15Z,2026-09-27T07:12:00.000+02:00,A0001021602,A1,86.0,1340
2026-09-27T05:21:15Z,2026-09-27T07:12:00.000+02:00,A22TC020222,A22 (contournement),88.0,270
2026-09-27T05:21:15Z,2026-09-27T07:12:00.000+02:00,A0001010940,A1,103.0,510
2026-09-27T05:21:15Z,2026-09-27T07:12:00.000+02:00,A0025023320,A25,103.0,340
2026-09-27T05:21:15Z,2026-09-27T07:12:00.000+02:00,A0001020520,A1,99.0,1220
2026-09-27T05:21:15Z,2026-09-27T07:12:00.000+02:00,A0025023100,A25,109.0,240
2026-09-27T05:21:15Z,2026-09-27T07:12:00.000+02:00,A22TC020230,A22 (contournement),88.0,270
2026-09-27T05:21:15Z,2026-09-27T07:12:00.000+02:00,A0025021730,A25,90.0,540
2026-09-27T05:21:15Z,2026-09-27T07:12:00.000+02:00,A0025023910,A25,105.0,130
2026-09-27T05:21:15Z,2026-09-27T07:12:00.000+02:00,A0025021735,A25,102.0,590
2026-09-27T05:21:15Z,2026-09-27T07:12:00.000+02:00,A0023010400,A23,106.0,400
2026-09-27T05:21:15Z,2026-09-27T07:12:00.000+02:00,A0022021900,A22,84.0,550
2026-09-27T05:21:15Z,2026-09-27T07:12:00.000+02:00,A9022100500,A22 (rocade),75.0,400
2026-09-27T05:21:15Z,2026-09-27T07:12:00.000+02:00,A0001020940,A1,93.0,1220
2026-09-27T05:21:15Z,2026-09-27T07:12:00.000+02:00,A0001020700,A1,97.0,990
2026-09-27T05:21:15Z,2026-09-27T07:12:00.000+02:00,A9022020830,A22 (rocade),78.0,80
2026-09-27T05:21:15Z,2026-09-27T07:12:00.000+02:00,A9022020822,A22 (rocade),74.0,350
2026-09-27T05:21:15Z,2026-09-27T07:12:00.000+02:00,A9022020821,A22 (rocade),74.0,350
2026-09-27T05:21:15Z,2026-09-27T07:12:00.000+02:00,A0025020420,A25,77.0,790
2026-09-27T05:21:15Z,2026-09-27T07:12:00.000+02:00,A0025021510,A25,91.0,320
2026-09-27T05:21:15Z,2026-09-27T07:12:00.000+02:00,N0227010100,N227,63.0,130
2026-09-27T05:21:15Z,2026-09-27T07:12:00.000+02:00,A0025011720,A25,104.0,930
2026-09-27T05:21:15Z,2026-09-27T07:12:00.000+02:00,A0025021760,A25,87.0,560
2026-09-27T05:21:15Z,2026-09-27T07:12:00.000+02:00,A0025011730,A25,92.0,900
2026-09-27T05:21:15Z,2026-09-27T07:12:00.000+02:00,A0025011735,A25,104.0,930
2026-09-27T05:21:15Z,2026-09-27T07:12:00.000+02:00,A9025080700,A25 (bretelle),,140
2026-09-27T05:21:15Z,2026-09-27T07:12:00.000+02:00,A9022100930,A22 (rocade),77.0,30
2026-09-27T05:21:15Z,2026-09-27T07:12:00.000+02:00,N0356011220,N356,71.0,750
2026-09-27T05:21:15Z,2026-09-27T07:12:00.000+02:00,A0025011740,A25,86.0,910
2026-09-27T05:21:15Z,2026-09-27T07:12:00.000+02:00,A0025010410,A25,68.0,900
2026-09-27T05:21:15Z,2026-09-27T07:12:00.000+02:00,A0023010200,A23,88.0,440
2026-09-27T05:21:15Z,2026-09-27T07:12:00.000+02:00,A9001210120,A1 (bretelle),79.0,100
2026-09-27T05:21:15Z,2026-09-27T07:12:00.000+02:00,A0025020210,A25,78.0,1170
2026-09-27T05:21:15Z,2026-09-27T07:12:00.000+02:00,N0356011210,N356,71.0,750
2026-09-27T05:21:15Z,2026-09-27T07:12:00.000+02:00,A0025011510,A25,90.0,780
2026-09-27T05:21:15Z,2026-09-27T07:12:00.000+02:00,A0025020220,A25,78.0,1170
2026-09-27T05:21:15Z,2026-09-27T07:12:00.000+02:00,N0227010302,N227,79.0,280
2026-09-27T05:21:15Z,2026-09-27T07:12:00.000+02:00,N0041010500,N41,96.0,270
2026-09-27T05:21:15Z,2026-09-27T07:12:00.000+02:00,N0227020101,N227,85.0,420
2026-09-27T05:21:15Z,2026-09-27T07:12:00.000+02:00,A9022100110,A22 (rocade),66.0,150
2026-09-27T05:21:15Z,2026-09-27T07:12:00.000+02:00,A0022010400,A22,73.0,400
2026-09-27T05:21:15Z,2026-09-27T07:12:00.000+02:00,N0356010302,N356,77.0,890
2026-09-27T05:21:15Z,2026-09-27T07:12:00.000+02:00,A0025010800,A25,73.0,950
2026-09-27T05:21:15Z,2026-09-27T07:12:00.000+02:00,A0027020621,A27,98.0,230
2026-09-27T05:21:15Z,2026-09-27T07:12:00.000+02:00,N0041010700,N41,95.0,80
2026-09-27T05:21:15Z,2026-09-27T07:12:00.000+02:00,A0027020630,A27,95.0,260
2026-09-27T05:21:15Z,2026-09-27T07:12:00.000+02:00,A0022021512,A22,79.0,490
2026-09-27T05:21:15Z,2026-09-27T07:12:00.000+02:00,A0022021511,A22,78.0,460
2026-09-27T05:21:15Z,2026-09-27T07:12:00.000+02:00,A0027020610,A27,98.0,230
2026-09-27T05:21:15Z,2026-09-27T07:12:00.000+02:00,A0025021720,A25,102.0,530
2026-09-27T05:21:15Z,2026-09-27T07:12:00.000+02:00,A0022021520,A22,79.0,490
2026-09-27T05:21:15Z,2026-09-27T07:12:00.000+02:00,A0025022140,A25,110.0,440
2026-09-27T05:21:15Z,2026-09-27T07:12:00.000+02:00,A0022011302,A22,75.0,290
2026-09-27T05:21:15Z,2026-09-27T07:12:00.000+02:00,A0025022160,A25,105.0,440
2026-09-27T05:21:15Z,2026-09-27T07:12:00.000+02:00,A9025060104,A25 (bretelle),77.0,250
2026-09-27T05:21:15Z,2026-09-27T07:12:00.000+02:00,A0027010201,A27,89.0,390
2026-09-27T05:21:15Z,2026-09-27T07:12:00.000+02:00,A0027010202,A27,85.0,200
2026-09-27T05:21:15Z,2026-09-27T07:12:00.000+02:00,N9227110110,N227 (bretelle),76.0,160
2026-09-27T05:21:15Z,2026-09-27T07:12:00.000+02:00,A0025012130,A25,108.0,590
2026-09-27T05:21:15Z,2026-09-27T07:12:00.000+02:00,A0027010210,A27,85.0,200
2026-09-27T05:21:15Z,2026-09-27T07:12:00.000+02:00,A0025011050,A25,94.0,380
2026-09-27T05:21:15Z,2026-09-27T07:12:00.000+02:00,A0027010421,A27,100.0,160
2026-09-27T05:21:15Z,2026-09-27T07:12:00.000+02:00,A0022012420,A22,100.0,350
2026-09-27T05:21:15Z,2026-09-27T07:12:00.000+02:00,A0027010430,A27,104.0,180
2026-09-27T05:21:15Z,2026-09-27T07:12:00.000+02:00,A0023020710,A23,103.0,160
2026-09-27T05:21:15Z,2026-09-27T07:12:00.000+02:00,A0022012430,A22,101.0,360
2026-09-27T05:21:15Z,2026-09-27T07:12:00.000+02:00,A0025012160,A25,130.0,830
2026-09-27T05:21:15Z,2026-09-27T07:12:00.000+02:00,A9022021200,A22 (rocade),61.0,50
2026-09-27T05:21:15Z,2026-09-27T07:12:00.000+02:00,A0001021100,A1,92.0,1130
2026-09-27T05:21:15Z,2026-09-27T07:12:00.000+02:00,A9022101000,A22 (rocade),66.0,210
2026-09-27T05:21:15Z,2026-09-27T07:12:00.000+02:00,A0025013020,A25,112.0,680
2026-09-27T05:21:15Z,2026-09-27T07:12:00.000+02:00,A0027010410,A27,100.0,160
2026-09-27T05:21:15Z,2026-09-27T07:12:00.000+02:00,A0022012410,A22,98.0,340
2026-09-27T05:21:15Z,2026-09-27T07:12:00.000+02:00,A0001A20112,A1,90.0,310
2026-09-27T05:21:15Z,2026-09-27T07:12:00.000+02:00,A0001A20111,A1,88.0,370
2026-09-27T05:21:15Z,2026-09-27T07:12:00.000+02:00,A0001021521,A1,87.0,850
2026-09-27T05:21:15Z,2026-09-27T07:12:00.000+02:00,A0025022540,A25,106.0,290
2026-09-27T05:21:15Z,2026-09-27T07:12:00.000+02:00,A0025022300,A25,109.0,200
2026-09-27T05:21:15Z,2026-09-27T07:12:00.000+02:00,N0356021000,N356,71.0,690
2026-09-27T05:21:15Z,2026-09-27T07:12:00.000+02:00,A22TC010102,A22 (contournement),84.0,210
2026-09-27T05:21:15Z,2026-09-27T07:12:00.000+02:00,A0001011503,A1,91.0,980
2026-09-27T05:21:15Z,2026-09-27T07:12:00.000+02:00,A0022012200,A22,85.0,300
2026-09-27T05:21:15Z,2026-09-27T07:12:00.000+02:00,A0001A20120,A1,92.0,350
2026-09-27T05:21:15Z,2026-09-27T07:12:00.000+02:00,A22TC020102,A22 (contournement),85.0,330
2026-09-27T05:21:15Z,2026-09-27T07:12:00.000+02:00,A22TC010300,A22 (contournement),86.0,320
2026-09-27T05:21:15Z,2026-09-27T07:12:00.000+02:00,A0022012010,A22,80.0,210
2026-09-27T05:21:15Z,2026-09-27T07:12:00.000+02:00,A0022012020,A22,80.0,210
2026-09-27T05:21:15Z,2026-09-27T07:12:00.000+02:00,A0025022130,A25,124.0,480
2026-09-27T05:21:15Z,2026-09-27T07:12:00.000+02:00,A0023010520,A23,113.0,390
2026-09-27T05:21:15Z,2026-09-27T07:12:00.000+02:00,N0041020800,N41,94.0,300
2026-09-27T05:21:15Z,2026-09-27T07:12:00.000+02:00,A0025010500,A25,69.0,750
2026-09-27T05:21:15Z,2026-09-27T07:12:00.000+02:00,A0022020901,A22,86.0,510
2026-09-27T05:21:15Z,2026-09-27T07:12:00.000+02:00,A0022020902,A22,86.0,570
2026-09-27T05:21:15Z,2026-09-27T07:12:00.000+02:00,A0022021810,A22,82.0,480
2026-09-27T05:21:15Z,2026-09-27T07:12:00.000+02:00,N0356011100,N356,70.0,650
2026-09-27T05:21:15Z,2026-09-27T07:12:00.000+02:00,A0022021820,A22,82.0,480
2026-09-27T05:21:15Z,2026-09-27T07:12:00.000+02:00,N0356020802,N356,72.0,710
2026-09-27T05:21:15Z,2026-09-27T07:12:00.000+02:00,A9022020900,A22 (rocade),88.0,170
2026-09-27T05:21:15Z,2026-09-27T07:12:00.000+02:00,A0025020102,A25,74.0,280
2026-09-27T05:21:15Z,2026-09-27T07:12:00.000+02:00,A0023010100,A23,86.0,300
2026-09-27T05:21:15Z,2026-09-27T07:12:00.000+02:00,A0025022530,A25,110.0,280
2026-09-27T05:21:15Z,2026-09-27T07:12:00.000+02:00,A9001210200,A1 (bretelle),75.0,320
2026-09-27T05:21:15Z,2026-09-27T07:12:00.000+02:00,A0022010700,A22,79.0,340
2026-09-27T05:21:15Z,2026-09-27T07:12:00.000+02:00,N0041020400,N41,94.0,350
2026-09-27T05:21:15Z,2026-09-27T07:12:00.000+02:00,A0023020720,A23,107.0,190
2026-09-27T05:21:15Z,2026-09-27T07:12:00.000+02:00,A0022020500,A22,86.0,370
2026-09-27T05:21:15Z,2026-09-27T07:12:00.000+02:00,A0025020950,A25,92.0,550
2026-09-27T05:21:15Z,2026-09-27T07:12:00.000+02:00,A0023020300,A23,81.0,140
2026-09-27T05:21:15Z,2026-09-27T07:12:00.000+02:00,A0001011000,A1,86.0,570
2026-09-27T05:21:15Z,2026-09-27T07:12:00.000+02:00,A0027020500,A27,91.0,220
2026-09-27T05:21:15Z,2026-09-27T07:12:00.000+02:00,N0356011500,N356,70.0,740
2026-09-27T05:21:15Z,2026-09-27T07:12:00.000+02:00,A0001010150,A1,108.0,460
2026-09-27T05:21:15Z,2026-09-27T07:12:00.000+02:00,N0356020400,N356,73.0,280
2026-09-27T05:21:15Z,2026-09-27T07:12:00.000+02:00,N0041020600,N41,100.0,130
2026-09-27T05:21:15Z,2026-09-27T07:12:00.000+02:00,A0025010700,A25,74.0,650
2026-09-27T05:21:15Z,2026-09-27T07:12:00.000+02:00,A0002011230,A2,110.0,610
2026-09-27T05:21:15Z,2026-09-27T07:12:00.000+02:00,A0025020500,A25,76.0,420
2026-09-27T05:21:15Z,2026-09-27T07:12:00.000+02:00,A0002021290,A2,108.0,580
2026-09-27T05:21:15Z,2026-09-27T07:12:00.000+02:00,A0022011600,A22,85.0,170
2026-09-27T05:31:04Z,2026-09-27T07:24:00.000+02:00,A0001011200,A1,81.0,490
2026-09-27T05:31:04Z,2026-09-27T07:24:00.000+02:00,A0027010102,A27,109.0,430
2026-09-27T05:31:04Z,2026-09-27T07:24:00.000+02:00,N0041010100,N41,84.0,200
2026-09-27T05:31:04Z,2026-09-27T07:24:00.000+02:00,A0027010101,A27,109.0,430
2026-09-27T05:31:04Z,2026-09-27T07:24:00.000+02:00,A9022010250,A22 (rocade),84.0,50
2026-09-27T05:31:04Z,2026-09-27T07:24:00.000+02:00,A0001020150,A1,110.0,950
2026-09-27T05:31:04Z,2026-09-27T07:24:00.000+02:00,N0356011700,N356,76.0,690
2026-09-27T05:31:04Z,2026-09-27T07:24:00.000+02:00,N0356021300,N356,68.0,790
2026-09-27T05:31:04Z,2026-09-27T07:24:00.000+02:00,A0022011400,A22,81.0,100
2026-09-27T05:31:04Z,2026-09-27T07:24:00.000+02:00,A0027010300,A27,96.0,180
2026-09-27T05:31:04Z,2026-09-27T07:24:00.000+02:00,A9022020250,A22 (rocade),75.0,80
2026-09-27T05:31:04Z,2026-09-27T07:24:00.000+02:00,N0041010300,N41,88.0,420
2026-09-27T05:31:04Z,2026-09-27T07:24:00.000+02:00,A0022011210,A22,72.0,110
2026-09-27T05:31:04Z,2026-09-27T07:24:00.000+02:00,A0027020100,A27,71.0,310
2026-09-27T05:31:04Z,2026-09-27T07:24:00.000+02:00,A0001010300,A1,130.0,550
2026-09-27T05:31:04Z,2026-09-27T07:24:00.000+02:00,A0022011220,A22,72.0,110
2026-09-27T05:31:04Z,2026-09-27T07:24:00.000+02:00,A9022101110,A22 (rocade),78.0,190
2026-09-27T05:31:04Z,2026-09-27T07:24:00.000+02:00,A0022022110,A22,91.0,820
2026-09-27T05:31:04Z,2026-09-27T07:24:00.000+02:00,A0001011420,A1,93.0,440
2026-09-27T05:31:04Z,2026-09-27T07:24:00.000+02:00,N0356010800,N356,73.0,740
2026-09-27T05:31:04Z,2026-09-27T07:24:00.000+02:00,A9001210710,A1 (bretelle),74.0,250
2026-09-27T05:31:04Z,2026-09-27T07:24:00.000+02:00,N0356021110,N356,75.0,880
2026-09-27T05:31:04Z,2026-09-27T07:24:00.000+02:00,A0001010510,A1,101.0,510
2026-09-27T05:31:04Z,2026-09-27T07:24:00.000+02:00,N0356021122,N356,66.0,870
2026-09-27T05:31:04Z,2026-09-27T07:24:00.000+02:00,N0356021121,N356,75.0,880
2026-09-27T05:31:04Z,2026-09-27T07:24:00.000+02:00,A0025010210,A25,79.0,990
2026-09-27T05:31:04Z,2026-09-27T07:24:00.000+02:00,A0025011300,A25,91.0,530
2026-09-27T05:31:04Z,2026-09-27T07:24:00.000+02:00,A0001020300,A1,110.0,850
2026-09-27T05:31:04Z,2026-09-27T07:24:00.000+02:00,A0025021100,A25,92.0,470
2026-09-27T05:31:04Z,2026-09-27T07:24:00.000+02:00,A0025023520,A25,108.0,250
2026-09-27T05:31:04Z,2026-09-27T07:24:00.000+02:00,A0022022130,A22,100.0,860
2026-09-27T05:31:04Z,2026-09-27T07:24:00.000+02:00,A0025010220,A25,79.0,990
2026-09-27T05:31:04Z,2026-09-27T07:24:00.000+02:00,A0022022120,A22,95.0,840
2026-09-27T05:31:04Z,2026-09-27T07:24:00.000+02:00,A0001010520,A1,105.0,540
2026-09-27T05:31:04Z,2026-09-27T07:24:00.000+02:00,A0022011000,A22,69.0,460
2026-09-27T05:31:04Z,2026-09-27T07:24:00.000+02:00,A0001020510,A1,107.0,930
2026-09-27T05:31:04Z,2026-09-27T07:24:00.000+02:00,A0001021602,A1,88.0,1440
2026-09-27T05:31:04Z,2026-09-27T07:24:00.000+02:00,A22TC020222,A22 (contournement),96.0,230
2026-09-27T05:31:04Z,2026-09-27T07:24:00.000+02:00,A0001010940,A1,102.0,600
2026-09-27T05:31:04Z,2026-09-27T07:24:00.000+02:00,A0025023320,A25,111.0,450
2026-09-27T05:31:04Z,2026-09-27T07:24:00.000+02:00,A0001020520,A1,104.0,910
2026-09-27T05:31:04Z,2026-09-27T07:24:00.000+02:00,A0025023100,A25,108.0,260
2026-09-27T05:31:04Z,2026-09-27T07:24:00.000+02:00,A22TC020230,A22 (contournement),96.0,230
2026-09-27T05:31:04Z,2026-09-27T07:24:00.000+02:00,A0025021730,A25,91.0,530
2026-09-27T05:31:04Z,2026-09-27T07:24:00.000+02:00,A0025023910,A25,107.0,240
2026-09-27T05:31:04Z,2026-09-27T07:24:00.000+02:00,A0025021735,A25,103.0,510
2026-09-27T05:31:04Z,2026-09-27T07:24:00.000+02:00,A0023010400,A23,105.0,520
2026-09-27T05:31:04Z,2026-09-27T07:24:00.000+02:00,A0022021900,A22,84.0,610
2026-09-27T05:31:04Z,2026-09-27T07:24:00.000+02:00,A9022100500,A22 (rocade),76.0,390
2026-09-27T05:31:04Z,2026-09-27T07:24:00.000+02:00,A0001020940,A1,92.0,920
2026-09-27T05:31:04Z,2026-09-27T07:24:00.000+02:00,A0001020700,A1,101.0,800
2026-09-27T05:31:04Z,2026-09-27T07:24:00.000+02:00,A9022020830,A22 (rocade),78.0,110
2026-09-27T05:31:04Z,2026-09-27T07:24:00.000+02:00,A9022020822,A22 (rocade),69.0,470
2026-09-27T05:31:04Z,2026-09-27T07:24:00.000+02:00,A9022020821,A22 (rocade),69.0,470
2026-09-27T05:31:04Z,2026-09-27T07:24:00.000+02:00,A0025020420,A25,75.0,680
2026-09-27T05:31:04Z,2026-09-27T07:24:00.000+02:00,A0025021510,A25,111.0,400
2026-09-27T05:31:04Z,2026-09-27T07:24:00.000+02:00,N0227010100,N227,70.0,140
2026-09-27T05:31:04Z,2026-09-27T07:24:00.000+02:00,A0025011720,A25,103.0,1070
2026-09-27T05:31:04Z,2026-09-27T07:24:00.000+02:00,A0025021760,A25,87.0,560
2026-09-27T05:31:04Z,2026-09-27T07:24:00.000+02:00,A0025011730,A25,92.0,1020
2026-09-27T05:31:04Z,2026-09-27T07:24:00.000+02:00,A0025011735,A25,104.0,1030
2026-09-27T05:31:04Z,2026-09-27T07:24:00.000+02:00,A9025080700,A25 (bretelle),,240
2026-09-27T05:31:04Z,2026-09-27T07:24:00.000+02:00,A9022100930,A22 (rocade),70.0,30
2026-09-27T05:31:04Z,2026-09-27T07:24:00.000+02:00,N0356011220,N356,73.0,780
2026-09-27T05:31:04Z,2026-09-27T07:24:00.000+02:00,A0025011740,A25,91.0,1020
2026-09-27T05:31:04Z,2026-09-27T07:24:00.000+02:00,A0025010410,A25,70.0,850
2026-09-27T05:31:04Z,2026-09-27T07:24:00.000+02:00,A0023010200,A23,100.0,550
2026-09-27T05:31:04Z,2026-09-27T07:24:00.000+02:00,A9001210120,A1 (bretelle),78.0,70
2026-09-27T05:31:04Z,2026-09-27T07:24:00.000+02:00,A0025020210,A25,76.0,920
2026-09-27T05:31:04Z,2026-09-27T07:24:00.000+02:00,N0356011210,N356,73.0,780
2026-09-27T05:31:04Z,2026-09-27T07:24:00.000+02:00,A0025011510,A25,93.0,680
2026-09-27T05:31:04Z,2026-09-27T07:24:00.000+02:00,A0025020220,A25,76.0,920
2026-09-27T05:31:04Z,2026-09-27T07:24:00.000+02:00,N0227010302,N227,82.0,360
2026-09-27T05:31:04Z,2026-09-27T07:24:00.000+02:00,N0041010500,N41,88.0,310
2026-09-27T05:31:04Z,2026-09-27T07:24:00.000+02:00,N0227020101,N227,91.0,240
2026-09-27T05:31:04Z,2026-09-27T07:24:00.000+02:00,A9022100110,A22 (rocade),71.0,110
2026-09-27T05:31:04Z,2026-09-27T07:24:00.000+02:00,A0022010400,A22,77.0,620
2026-09-27T05:31:04Z,2026-09-27T07:24:00.000+02:00,N0356010302,N356,78.0,820
2026-09-27T05:31:04Z,2026-09-27T07:24:00.000+02:00,A0025010800,A25,68.0,660
2026-09-27T05:31:04Z,2026-09-27T07:24:00.000+02:00,A0027020621,A27,95.0,200
2026-09-27T05:31:04Z,2026-09-27T07:24:00.000+02:00,N0041010700,N41,98.0,70
2026-09-27T05:31:04Z,2026-09-27T07:24:00.000+02:00,A0027020630,A27,97.0,190
2026-09-27T05:31:04Z,2026-09-27T07:24:00.000+02:00,A0022021512,A22,81.0,550
2026-09-27T05:31:04Z,2026-09-27T07:24:00.000+02:00,A0022021511,A22,82.0,530
2026-09-27T05:31:04Z,2026-09-27T07:24:00.000+02:00,A0027020610,A27,95.0,200
2026-09-27T05:31:04Z,2026-09-27T07:24:00.000+02:00,A0025021720,A25,101.0,480
2026-09-27T05:31:04Z,2026-09-27T07:24:00.000+02:00,A0022021520,A22,81.0,550
2026-09-27T05:31:04Z,2026-09-27T07:24:00.000+02:00,A0025022140,A25,113.0,360
2026-09-27T05:31:04Z,2026-09-27T07:24:00.000+02:00,A0022011302,A22,81.0,370
2026-09-27T05:31:04Z,2026-09-27T07:24:00.000+02:00,A0025022160,A25,106.0,380
2026-09-27T05:31:04Z,2026-09-27T07:24:00.000+02:00,A9025060104,A25 (bretelle),76.0,260
2026-09-27T05:31:04Z,2026-09-27T07:24:00.000+02:00,A0027010201,A27,91.0,500
2026-09-27T05:31:04Z,2026-09-27T07:24:00.000+02:00,A0027010202,A27,109.0,280
2026-09-27T05:31:04Z,2026-09-27T07:24:00.000+02:00,N9227110110,N227 (bretelle),77.0,300
2026-09-27T05:31:04Z,2026-09-27T07:24:00.000+02:00,A0025012130,A25,99.0,610
2026-09-27T05:31:04Z,2026-09-27T07:24:00.000+02:00,A0027010210,A27,109.0,280
2026-09-27T05:31:04Z,2026-09-27T07:24:00.000+02:00,A0025011050,A25,84.0,380
2026-09-27T05:31:04Z,2026-09-27T07:24:00.000+02:00,A0027010421,A27,98.0,260
2026-09-27T05:31:04Z,2026-09-27T07:24:00.000+02:00,A0022012420,A22,102.0,490
2026-09-27T05:31:04Z,2026-09-27T07:24:00.000+02:00,A0027010430,A27,104.0,280
2026-09-27T05:31:04Z,2026-09-27T07:24:00.000+02:00,A0023020710,A23,107.0,320
2026-09-27T05:31:04Z,2026-09-27T07:24:00.000+02:00,A0022012430,A22,103.0,540
2026-09-27T05:31:04Z,2026-09-27T07:24:00.000+02:00,A0025012160,A25,129.0,1030
2026-09-27T05:31:04Z,2026-09-27T07:24:00.000+02:00,A9022021200,A22 (rocade),61.0,50
2026-09-27T05:31:04Z,2026-09-27T07:24:00.000+02:00,A0001021100,A1,91.0,1060
2026-09-27T05:31:04Z,2026-09-27T07:24:00.000+02:00,A9022101000,A22 (rocade),66.0,200
2026-09-27T05:31:04Z,2026-09-27T07:24:00.000+02:00,A0025013020,A25,115.0,1040
2026-09-27T05:31:04Z,2026-09-27T07:24:00.000+02:00,A0027010410,A27,98.0,260
2026-09-27T05:31:04Z,2026-09-27T07:24:00.000+02:00,A0022012410,A22,99.0,490
2026-09-27T05:31:04Z,2026-09-27T07:24:00.000+02:00,A0001A20112,A1,92.0,260
2026-09-27T05:31:04Z,2026-09-27T07:24:00.000+02:00,A0001A20111,A1,97.0,290
2026-09-27T05:31:04Z,2026-09-27T07:24:00.000+02:00,A0001021521,A1,89.0,990
2026-09-27T05:31:04Z,2026-09-27T07:24:00.000+02:00,A0025022540,A25,111.0,350
2026-09-27T05:31:04Z,2026-09-27T07:24:00.000+02:00,A0025022300,A25,109.0,220
2026-09-27T05:31:04Z,2026-09-27T07:24:00.000+02:00,N0356021000,N356,76.0,870
2026-09-27T05:31:04Z,2026-09-27T07:24:00.000+02:00,A22TC010102,A22 (contournement),82.0,140
2026-09-27T05:31:04Z,2026-09-27T07:24:00.000+02:00,A0001011503,A1,92.0,800
2026-09-27T05:31:04Z,2026-09-27T07:24:00.000+02:00,A0022012200,A22,86.0,420
2026-09-27T05:31:04Z,2026-09-27T07:24:00.000+02:00,A0001A20120,A1,93.0,330
2026-09-27T05:31:04Z,2026-09-27T07:24:00.000+02:00,A22TC020102,A22 (contournement),87.0,300
2026-09-27T05:31:04Z,2026-09-27T07:24:00.000+02:00,A22TC010300,A22 (contournement),83.0,260
2026-09-27T05:31:04Z,2026-09-27T07:24:00.000+02:00,A0022012010,A22,84.0,320
2026-09-27T05:31:04Z,2026-09-27T07:24:00.000+02:00,A0022012020,A22,84.0,320
2026-09-27T05:31:04Z,2026-09-27T07:24:00.000+02:00,A0025022130,A25,128.0,370
2026-09-27T05:31:04Z,2026-09-27T07:24:00.000+02:00,A0023010520,A23,112.0,480
2026-09-27T05:31:04Z,2026-09-27T07:24:00.000+02:00,N0041020800,N41,95.0,360
2026-09-27T05:31:04Z,2026-09-27T07:24:00.000+02:00,A0025010500,A25,71.0,630
2026-09-27T05:31:04Z,2026-09-27T07:24:00.000+02:00,A0022020901,A22,83.0,510
2026-09-27T05:31:04Z,2026-09-27T07:24:00.000+02:00,A0022020902,A22,83.0,500
2026-09-27T05:31:04Z,2026-09-27T07:24:00.000+02:00,A0022021810,A22,84.0,600
2026-09-27T05:31:04Z,2026-09-27T07:24:00.000+02:00,N0356011100,N356,72.0,740
2026-09-27T05:31:04Z,2026-09-27T07:24:00.000+02:00,A0022021820,A22,84.0,600
2026-09-27T05:31:04Z,2026-09-27T07:24:00.000+02:00,N0356020802,N356,76.0,910
2026-09-27T05:31:04Z,2026-09-27T07:24:00.000+02:00,A9022020900,A22 (rocade),81.0,220
2026-09-27T05:31:04Z,2026-09-27T07:24:00.000+02:00,A0025020102,A25,71.0,270
2026-09-27T05:31:04Z,2026-09-27T07:24:00.000+02:00,A0023010100,A23,107.0,330
2026-09-27T05:31:04Z,2026-09-27T07:24:00.000+02:00,A0025022530,A25,111.0,330
2026-09-27T05:31:04Z,2026-09-27T07:24:00.000+02:00,A9001210200,A1 (bretelle),73.0,300
2026-09-27T05:31:04Z,2026-09-27T07:24:00.000+02:00,A0022010700,A22,83.0,450
2026-09-27T05:31:04Z,2026-09-27T07:24:00.000+02:00,N0041020400,N41,90.0,390
2026-09-27T05:31:04Z,2026-09-27T07:24:00.000+02:00,A0023020720,A23,112.0,300
2026-09-27T05:31:04Z,2026-09-27T07:24:00.000+02:00,A0022020500,A22,83.0,270
2026-09-27T05:31:04Z,2026-09-27T07:24:00.000+02:00,N93563b0150,N356 (bretelle),74.0,10
2026-09-27T05:31:04Z,2026-09-27T07:24:00.000+02:00,A0025020950,A25,94.0,570
2026-09-27T05:31:04Z,2026-09-27T07:24:00.000+02:00,A0023020300,A23,91.0,270
2026-09-27T05:31:04Z,2026-09-27T07:24:00.000+02:00,A0001011000,A1,86.0,460
2026-09-27T05:31:04Z,2026-09-27T07:24:00.000+02:00,A0027020500,A27,97.0,120
2026-09-27T05:31:04Z,2026-09-27T07:24:00.000+02:00,N0356011500,N356,71.0,800
2026-09-27T05:31:04Z,2026-09-27T07:24:00.000+02:00,A0001010150,A1,105.0,580
2026-09-27T05:31:04Z,2026-09-27T07:24:00.000+02:00,N0356020400,N356,73.0,420
2026-09-27T05:31:04Z,2026-09-27T07:24:00.000+02:00,N0041020600,N41,96.0,310
2026-09-27T05:31:04Z,2026-09-27T07:24:00.000+02:00,A0025010700,A25,72.0,460
2026-09-27T05:31:04Z,2026-09-27T07:24:00.000+02:00,A0002011230,A2,112.0,590
2026-09-27T05:31:04Z,2026-09-27T07:24:00.000+02:00,A0025020500,A25,71.0,460
2026-09-27T05:31:04Z,2026-09-27T07:24:00.000+02:00,A0002021290,A2,112.0,650
2026-09-27T05:31:04Z,2026-09-27T07:24:00.000+02:00,A0022011600,A22,83.0,310
2026-09-27T05:41:02Z,2026-09-27T07:30:00.000+02:00,A0001011200,A1,83.0,580
2026-09-27T05:41:02Z,2026-09-27T07:30:00.000+02:00,A0027010102,A27,93.0,520
2026-09-27T05:41:02Z,2026-09-27T07:30:00.000+02:00,N0041010100,N41,89.0,200
2026-09-27T05:41:02Z,2026-09-27T07:30:00.000+02:00,A0027010101,A27,93.0,520
2026-09-27T05:41:02Z,2026-09-27T07:30:00.000+02:00,A9022010250,A22 (rocade),86.0,80
2026-09-27T05:41:02Z,2026-09-27T07:30:00.000+02:00,A0001020150,A1,110.0,1140
2026-09-27T05:41:02Z,2026-09-27T07:30:00.000+02:00,N0356011700,N356,79.0,560
2026-09-27T05:41:02Z,2026-09-27T07:30:00.000+02:00,N0356021300,N356,69.0,840
2026-09-27T05:41:02Z,2026-09-27T07:30:00.000+02:00,A0022011400,A22,78.0,140
2026-09-27T05:41:02Z,2026-09-27T07:30:00.000+02:00,A0027010300,A27,96.0,120
2026-09-27T05:41:02Z,2026-09-27T07:30:00.000+02:00,A9022020250,A22 (rocade),71.0,110
2026-09-27T05:41:02Z,2026-09-27T07:30:00.000+02:00,N0041010300,N41,93.0,440
2026-09-27T05:41:02Z,2026-09-27T07:30:00.000+02:00,A0022011210,A22,78.0,60
2026-09-27T05:41:02Z,2026-09-27T07:30:00.000+02:00,A0027020100,A27,71.0,220
2026-09-27T05:41:02Z,2026-09-27T07:30:00.000+02:00,A0001010300,A1,129.0,540
2026-09-27T05:41:02Z,2026-09-27T07:30:00.000+02:00,A0022011220,A22,78.0,60
2026-09-27T05:41:02Z,2026-09-27T07:30:00.000+02:00,A9022101110,A22 (rocade),85.0,290
2026-09-27T05:41:02Z,2026-09-27T07:30:00.000+02:00,A0022022110,A22,95.0,830
2026-09-27T05:41:02Z,2026-09-27T07:30:00.000+02:00,A0001011420,A1,92.0,450
2026-09-27T05:41:02Z,2026-09-27T07:30:00.000+02:00,N0356010800,N356,73.0,540
2026-09-27T05:41:02Z,2026-09-27T07:30:00.000+02:00,A9001210710,A1 (bretelle),72.0,390
2026-09-27T05:41:02Z,2026-09-27T07:30:00.000+02:00,N0356021110,N356,73.0,890
2026-09-27T05:41:02Z,2026-09-27T07:30:00.000+02:00,A0001010510,A1,112.0,600
2026-09-27T05:41:02Z,2026-09-27T07:30:00.000+02:00,N0356021122,N356,67.0,940
2026-09-27T05:41:02Z,2026-09-27T07:30:00.000+02:00,N0356021121,N356,73.0,890
2026-09-27T05:41:02Z,2026-09-27T07:30:00.000+02:00,A0025010210,A25,76.0,770
2026-09-27T05:41:02Z,2026-09-27T07:30:00.000+02:00,A0025011300,A25,92.0,510
2026-09-27T05:41:02Z,2026-09-27T07:30:00.000+02:00,A0001020300,A1,110.0,1040
2026-09-27T05:41:02Z,2026-09-27T07:30:00.000+02:00,A0025021100,A25,90.0,460
2026-09-27T05:41:02Z,2026-09-27T07:30:00.000+02:00,A0025023520,A25,110.0,350
2026-09-27T05:41:02Z,2026-09-27T07:30:00.000+02:00,A0022022130,A22,105.0,720
2026-09-27T05:41:02Z,2026-09-27T07:30:00.000+02:00,A0025010220,A25,76.0,770
2026-09-27T05:41:02Z,2026-09-27T07:30:00.000+02:00,A0022022120,A22,99.0,770
2026-09-27T05:41:02Z,2026-09-27T07:30:00.000+02:00,A0001010520,A1,102.0,590
2026-09-27T05:41:02Z,2026-09-27T07:30:00.000+02:00,A0022011000,A22,80.0,580
2026-09-27T05:41:02Z,2026-09-27T07:30:00.000+02:00,A0001020510,A1,107.0,1090
2026-09-27T05:41:02Z,2026-09-27T07:30:00.000+02:00,A0001021602,A1,86.0,1320
2026-09-27T05:41:02Z,2026-09-27T07:30:00.000+02:00,A22TC020222,A22 (contournement),98.0,290
2026-09-27T05:41:02Z,2026-09-27T07:30:00.000+02:00,A0001010940,A1,105.0,680
2026-09-27T05:41:02Z,2026-09-27T07:30:00.000+02:00,A0025023320,A25,113.0,390
2026-09-27T05:41:02Z,2026-09-27T07:30:00.000+02:00,A0001020520,A1,104.0,1150
2026-09-27T05:41:02Z,2026-09-27T07:30:00.000+02:00,A0025023100,A25,111.0,290
2026-09-27T05:41:02Z,2026-09-27T07:30:00.000+02:00,A22TC020230,A22 (contournement),98.0,290
2026-09-27T05:41:02Z,2026-09-27T07:30:00.000+02:00,A0025021730,A25,92.0,610
2026-09-27T05:41:02Z,2026-09-27T07:30:00.000+02:00,A0025023910,A25,110.0,320
2026-09-27T05:41:02Z,2026-09-27T07:30:00.000+02:00,A0025021735,A25,105.0,630
2026-09-27T05:41:02Z,2026-09-27T07:30:00.000+02:00,A0023010400,A23,104.0,480
2026-09-27T05:41:02Z,2026-09-27T07:30:00.000+02:00,A0022021900,A22,88.0,650
2026-09-27T05:41:02Z,2026-09-27T07:30:00.000+02:00,A9022100500,A22 (rocade),81.0,360
2026-09-27T05:41:02Z,2026-09-27T07:30:00.000+02:00,A0001020940,A1,93.0,1130
2026-09-27T05:41:02Z,2026-09-27T07:30:00.000+02:00,A0001020700,A1,101.0,970
2026-09-27T05:41:02Z,2026-09-27T07:30:00.000+02:00,A9022020830,A22 (rocade),85.0,80
2026-09-27T05:41:02Z,2026-09-27T07:30:00.000+02:00,A9022020822,A22 (rocade),70.0,760
2026-09-27T05:41:02Z,2026-09-27T07:30:00.000+02:00,A9022020821,A22 (rocade),70.0,760
2026-09-27T05:41:02Z,2026-09-27T07:30:00.000+02:00,A0025020420,A25,74.0,990
2026-09-27T05:41:02Z,2026-09-27T07:30:00.000+02:00,A0025021510,A25,109.0,340
2026-09-27T05:41:02Z,2026-09-27T07:30:00.000+02:00,N0227010100,N227,69.0,170
2026-09-27T05:41:02Z,2026-09-27T07:30:00.000+02:00,A0025011720,A25,103.0,920
2026-09-27T05:41:02Z,2026-09-27T07:30:00.000+02:00,A0025021760,A25,88.0,570
2026-09-27T05:41:02Z,2026-09-27T07:30:00.000+02:00,A0025011730,A25,93.0,980
2026-09-27T05:41:02Z,2026-09-27T07:30:00.000+02:00,A0025011735,A25,104.0,1010
2026-09-27T05:41:02Z,2026-09-27T07:30:00.000+02:00,A9025080700,A25 (bretelle),,160
2026-09-27T05:41:02Z,2026-09-27T07:30:00.000+02:00,A9022100930,A22 (rocade),73.0,30
2026-09-27T05:41:02Z,2026-09-27T07:30:00.000+02:00,N0356011220,N356,72.0,550
2026-09-27T05:41:02Z,2026-09-27T07:30:00.000+02:00,A0025011740,A25,90.0,1040
2026-09-27T05:41:02Z,2026-09-27T07:30:00.000+02:00,A0025010410,A25,70.0,600
2026-09-27T05:41:02Z,2026-09-27T07:30:00.000+02:00,A0023010200,A23,97.0,450
2026-09-27T05:41:02Z,2026-09-27T07:30:00.000+02:00,A9001210120,A1 (bretelle),79.0,100
2026-09-27T05:41:02Z,2026-09-27T07:30:00.000+02:00,A0025020210,A25,77.0,1040
2026-09-27T05:41:02Z,2026-09-27T07:30:00.000+02:00,N0356011210,N356,72.0,550
2026-09-27T05:41:02Z,2026-09-27T07:30:00.000+02:00,A0025011510,A25,92.0,710
2026-09-27T05:41:02Z,2026-09-27T07:30:00.000+02:00,A0025020220,A25,77.0,1040
2026-09-27T05:41:02Z,2026-09-27T07:30:00.000+02:00,N0227010302,N227,79.0,340
2026-09-27T05:41:02Z,2026-09-27T07:30:00.000+02:00,N0041010500,N41,99.0,360
2026-09-27T05:41:02Z,2026-09-27T07:30:00.000+02:00,N0227020101,N227,88.0,530
2026-09-27T05:41:02Z,2026-09-27T07:30:00.000+02:00,A9022100110,A22 (rocade),71.0,230
2026-09-27T05:41:02Z,2026-09-27T07:30:00.000+02:00,A0022010400,A22,75.0,520
2026-09-27T05:41:02Z,2026-09-27T07:30:00.000+02:00,N0356010302,N356,78.0,830
2026-09-27T05:41:02Z,2026-09-27T07:30:00.000+02:00,A0025010800,A25,77.0,660
2026-09-27T05:41:02Z,2026-09-27T07:30:00.000+02:00,A0027020621,A27,104.0,320
2026-09-27T05:41:02Z,2026-09-27T07:30:00.000+02:00,N0041010700,N41,103.0,40
2026-09-27T05:41:02Z,2026-09-27T07:30:00.000+02:00,A0027020630,A27,105.0,320
2026-09-27T05:41:02Z,2026-09-27T07:30:00.000+02:00,A0022021512,A22,86.0,560
2026-09-27T05:41:02Z,2026-09-27T07:30:00.000+02:00,A0022021511,A22,86.0,610
2026-09-27T05:41:02Z,2026-09-27T07:30:00.000+02:00,A0027020610,A27,104.0,320
2026-09-27T05:41:02Z,2026-09-27T07:30:00.000+02:00,A0025021720,A25,103.0,590
2026-09-27T05:41:02Z,2026-09-27T07:30:00.000+02:00,A0022021520,A22,86.0,560
2026-09-27T05:41:02Z,2026-09-27T07:30:00.000+02:00,A0025022140,A25,110.0,460
2026-09-27T05:41:02Z,2026-09-27T07:30:00.000+02:00,A0022011302,A22,78.0,370
2026-09-27T05:41:02Z,2026-09-27T07:30:00.000+02:00,A0025022160,A25,106.0,450
2026-09-27T05:41:02Z,2026-09-27T07:30:00.000+02:00,A9025060104,A25 (bretelle),75.0,420
2026-09-27T05:41:02Z,2026-09-27T07:30:00.000+02:00,A0027010201,A27,92.0,370
2026-09-27T05:41:02Z,2026-09-27T07:30:00.000+02:00,A0027010202,A27,93.0,230
2026-09-27T05:41:02Z,2026-09-27T07:30:00.000+02:00,N9227110110,N227 (bretelle),77.0,270
2026-09-27T05:41:02Z,2026-09-27T07:30:00.000+02:00,A0025012130,A25,116.0,700
2026-09-27T05:41:02Z,2026-09-27T07:30:00.000+02:00,A0027010210,A27,93.0,230
2026-09-27T05:41:02Z,2026-09-27T07:30:00.000+02:00,A0025011050,A25,94.0,260
2026-09-27T05:41:02Z,2026-09-27T07:30:00.000+02:00,A0027010421,A27,98.0,230
2026-09-27T05:41:02Z,2026-09-27T07:30:00.000+02:00,A0022012420,A22,98.0,540
2026-09-27T05:41:02Z,2026-09-27T07:30:00.000+02:00,A0027010430,A27,102.0,210
2026-09-27T05:41:02Z,2026-09-27T07:30:00.000+02:00,A0023020710,A23,111.0,320
2026-09-27T05:41:02Z,2026-09-27T07:30:00.000+02:00,A0022012430,A22,98.0,530
2026-09-27T05:41:02Z,2026-09-27T07:30:00.000+02:00,A0025012160,A25,126.0,940
2026-09-27T05:41:02Z,2026-09-27T07:30:00.000+02:00,A9022021200,A22 (rocade),69.0,60
2026-09-27T05:41:02Z,2026-09-27T07:30:00.000+02:00,A0001021100,A1,92.0,840
2026-09-27T05:41:02Z,2026-09-27T07:30:00.000+02:00,A9022101000,A22 (rocade),,130
2026-09-27T05:41:02Z,2026-09-27T07:30:00.000+02:00,A0025013020,A25,117.0,840
2026-09-27T05:41:02Z,2026-09-27T07:30:00.000+02:00,A0027010410,A27,98.0,230
2026-09-27T05:41:02Z,2026-09-27T07:30:00.000+02:00,A0022012410,A22,98.0,520
2026-09-27T05:41:02Z,2026-09-27T07:30:00.000+02:00,A0001A20112,A1,90.0,490
2026-09-27T05:41:02Z,2026-09-27T07:30:00.000+02:00,A0001A20111,A1,96.0,250
2026-09-27T05:41:02Z,2026-09-27T07:30:00.000+02:00,A0001021521,A1,88.0,780
2026-09-27T05:41:02Z,2026-09-27T07:30:00.000+02:00,A0025022540,A25,111.0,290
2026-09-27T05:41:02Z,2026-09-27T07:30:00.000+02:00,A0025022300,A25,112.0,260
2026-09-27T05:41:02Z,2026-09-27T07:30:00.000+02:00,N0356021000,N356,73.0,760
2026-09-27T05:41:02Z,2026-09-27T07:30:00.000+02:00,A22TC010102,A22 (contournement),87.0,200
2026-09-27T05:41:02Z,2026-09-27T07:30:00.000+02:00,A0001011503,A1,90.0,920
2026-09-27T05:41:02Z,2026-09-27T07:30:00.000+02:00,A0022012200,A22,86.0,490
2026-09-27T05:41:02Z,2026-09-27T07:30:00.000+02:00,A0001A20120,A1,90.0,500
2026-09-27T05:41:02Z,2026-09-27T07:30:00.000+02:00,A22TC020102,A22 (contournement),86.0,500
2026-09-27T05:41:02Z,2026-09-27T07:30:00.000+02:00,A22TC010300,A22 (contournement),86.0,460
2026-09-27T05:41:02Z,2026-09-27T07:30:00.000+02:00,A0022012010,A22,86.0,380
2026-09-27T05:41:02Z,2026-09-27T07:30:00.000+02:00,A0022012020,A22,86.0,380
2026-09-27T05:41:02Z,2026-09-27T07:30:00.000+02:00,A0025022130,A25,124.0,440
2026-09-27T05:41:02Z,2026-09-27T07:30:00.000+02:00,A0023010520,A23,112.0,490
2026-09-27T05:41:02Z,2026-09-27T07:30:00.000+02:00,N0041020800,N41,94.0,340
2026-09-27T05:41:02Z,2026-09-27T07:30:00.000+02:00,A0025010500,A25,71.0,510
2026-09-27T05:41:02Z,2026-09-27T07:30:00.000+02:00,A0022020901,A22,83.0,440
2026-09-27T05:41:02Z,2026-09-27T07:30:00.000+02:00,A0022020902,A22,83.0,430
2026-09-27T05:41:02Z,2026-09-27T07:30:00.000+02:00,A0022021810,A22,88.0,580
2026-09-27T05:41:02Z,2026-09-27T07:30:00.000+02:00,N0356011100,N356,73.0,490
2026-09-27T05:41:02Z,2026-09-27T07:30:00.000+02:00,A0022021820,A22,88.0,580
2026-09-27T05:41:02Z,2026-09-27T07:30:00.000+02:00,N0356020802,N356,72.0,790
2026-09-27T05:41:02Z,2026-09-27T07:30:00.000+02:00,A9022020900,A22 (rocade),82.0,240
2026-09-27T05:41:02Z,2026-09-27T07:30:00.000+02:00,A0025020102,A25,69.0,300
2026-09-27T05:41:02Z,2026-09-27T07:30:00.000+02:00,A0023010100,A23,97.0,190
2026-09-27T05:41:02Z,2026-09-27T07:30:00.000+02:00,A0025022530,A25,111.0,280
2026-09-27T05:41:02Z,2026-09-27T07:30:00.000+02:00,A9001210200,A1 (bretelle),69.0,250
2026-09-27T05:41:02Z,2026-09-27T07:30:00.000+02:00,A0022010700,A22,83.0,440
2026-09-27T05:41:02Z,2026-09-27T07:30:00.000+02:00,N0041020400,N41,93.0,380
2026-09-27T05:41:02Z,2026-09-27T07:30:00.000+02:00,A0023020720,A23,113.0,340
2026-09-27T05:41:02Z,2026-09-27T07:30:00.000+02:00,A0022020500,A22,83.0,240
2026-09-27T05:41:02Z,2026-09-27T07:30:00.000+02:00,N93563b0150,N356 (bretelle),61.0,20
2026-09-27T05:41:02Z,2026-09-27T07:30:00.000+02:00,A0025020950,A25,91.0,630
2026-09-27T05:41:02Z,2026-09-27T07:30:00.000+02:00,A0023020300,A23,98.0,290
2026-09-27T05:41:02Z,2026-09-27T07:30:00.000+02:00,A0001011000,A1,88.0,580
2026-09-27T05:41:02Z,2026-09-27T07:30:00.000+02:00,A0027020500,A27,93.0,180
2026-09-27T05:41:02Z,2026-09-27T07:30:00.000+02:00,N0356011500,N356,71.0,650
2026-09-27T05:41:02Z,2026-09-27T07:30:00.000+02:00,A0001010150,A1,106.0,580
2026-09-27T05:41:02Z,2026-09-27T07:30:00.000+02:00,N0356020400,N356,75.0,290
2026-09-27T05:41:02Z,2026-09-27T07:30:00.000+02:00,N0041020600,N41,98.0,270
2026-09-27T05:41:02Z,2026-09-27T07:30:00.000+02:00,A0025010700,A25,75.0,430
2026-09-27T05:41:02Z,2026-09-27T07:30:00.000+02:00,A0002011230,A2,106.0,490
2026-09-27T05:41:02Z,2026-09-27T07:30:00.000+02:00,A0025020500,A25,72.0,720
2026-09-27T05:41:02Z,2026-09-27T07:30:00.000+02:00,A0002021290,A2,112.0,680
2026-09-27T05:41:02Z,2026-09-27T07:30:00.000+02:00,A0022011600,A22,84.0,350
2026-09-27T05:51:16Z,2026-09-27T07:42:00.000+02:00,A0001011200,A1,84.0,650
2026-09-27T05:51:16Z,2026-09-27T07:42:00.000+02:00,A0027010102,A27,111.0,610
2026-09-27T05:51:16Z,2026-09-27T07:42:00.000+02:00,N0041010100,N41,88.0,320
2026-09-27T05:51:16Z,2026-09-27T07:42:00.000+02:00,A0027010101,A27,111.0,610
2026-09-27T05:51:16Z,2026-09-27T07:42:00.000+02:00,A9022010250,A22 (rocade),87.0,90
2026-09-27T05:51:16Z,2026-09-27T07:42:00.000+02:00,A0001020150,A1,112.0,920
2026-09-27T05:51:16Z,2026-09-27T07:42:00.000+02:00,N0356011700,N356,75.0,640
2026-09-27T05:51:16Z,2026-09-27T07:42:00.000+02:00,N0356021300,N356,69.0,840
2026-09-27T05:51:16Z,2026-09-27T07:42:00.000+02:00,A0022011400,A22,79.0,140
2026-09-27T05:51:16Z,2026-09-27T07:42:00.000+02:00,A0027010300,A27,95.0,170
2026-09-27T05:51:16Z,2026-09-27T07:42:00.000+02:00,A9022020250,A22 (rocade),86.0,90
2026-09-27T05:51:16Z,2026-09-27T07:42:00.000+02:00,N0041010300,N41,94.0,520
2026-09-27T05:51:16Z,2026-09-27T07:42:00.000+02:00,A0022011210,A22,68.0,60
2026-09-27T05:51:16Z,2026-09-27T07:42:00.000+02:00,A0027020100,A27,76.0,310
2026-09-27T05:51:16Z,2026-09-27T07:42:00.000+02:00,A0001010300,A1,128.0,500
2026-09-27T05:51:16Z,2026-09-27T07:42:00.000+02:00,A0022011220,A22,68.0,60
2026-09-27T05:51:16Z,2026-09-27T07:42:00.000+02:00,A9022101110,A22 (rocade),80.0,220
2026-09-27T05:51:16Z,2026-09-27T07:42:00.000+02:00,A0022022110,A22,92.0,920
2026-09-27T05:51:16Z,2026-09-27T07:42:00.000+02:00,A0001011420,A1,91.0,600
2026-09-27T05:51:16Z,2026-09-27T07:42:00.000+02:00,N0356010800,N356,74.0,710
2026-09-27T05:51:16Z,2026-09-27T07:42:00.000+02:00,A9001210710,A1 (bretelle),75.0,200
2026-09-27T05:51:16Z,2026-09-27T07:42:00.000+02:00,N0356021110,N356,75.0,900
2026-09-27T05:51:16Z,2026-09-27T07:42:00.000+02:00,A0001010510,A1,121.0,480
2026-09-27T05:51:16Z,2026-09-27T07:42:00.000+02:00,N0356021122,N356,66.0,920
2026-09-27T05:51:16Z,2026-09-27T07:42:00.000+02:00,N0356021121,N356,75.0,900
2026-09-27T05:51:16Z,2026-09-27T07:42:00.000+02:00,A0025010210,A25,81.0,970
2026-09-27T05:51:16Z,2026-09-27T07:42:00.000+02:00,A0025011300,A25,90.0,570
2026-09-27T05:51:16Z,2026-09-27T07:42:00.000+02:00,A0001020300,A1,111.0,810
2026-09-27T05:51:16Z,2026-09-27T07:42:00.000+02:00,A0025021100,A25,92.0,520
2026-09-27T05:51:16Z,2026-09-27T07:42:00.000+02:00,A0025023520,A25,111.0,230
2026-09-27T05:51:16Z,2026-09-27T07:42:00.000+02:00,A0022022130,A22,100.0,880
2026-09-27T05:51:16Z,2026-09-27T07:42:00.000+02:00,A0025010220,A25,81.0,970
2026-09-27T05:51:16Z,2026-09-27T07:42:00.000+02:00,A0022022120,A22,95.0,930
2026-09-27T05:51:16Z,2026-09-27T07:42:00.000+02:00,A0001010520,A1,101.0,520
2026-09-27T05:51:16Z,2026-09-27T07:42:00.000+02:00,A0022011000,A22,69.0,420
2026-09-27T05:51:16Z,2026-09-27T07:42:00.000+02:00,A0001020510,A1,108.0,770
2026-09-27T05:51:16Z,2026-09-27T07:42:00.000+02:00,A0001021602,A1,86.0,1580
2026-09-27T05:51:16Z,2026-09-27T07:42:00.000+02:00,A22TC020222,A22 (contournement),89.0,320
2026-09-27T05:51:16Z,2026-09-27T07:42:00.000+02:00,A0001010940,A1,99.0,620
2026-09-27T05:51:16Z,2026-09-27T07:42:00.000+02:00,A0025023320,A25,113.0,370
2026-09-27T05:51:16Z,2026-09-27T07:42:00.000+02:00,A0001020520,A1,105.0,820
2026-09-27T05:51:16Z,2026-09-27T07:42:00.000+02:00,A0025023100,A25,111.0,260
2026-09-27T05:51:16Z,2026-09-27T07:42:00.000+02:00,A22TC020230,A22 (contournement),89.0,320
2026-09-27T05:51:16Z,2026-09-27T07:42:00.000+02:00,A0025021730,A25,93.0,540
2026-09-27T05:51:16Z,2026-09-27T07:42:00.000+02:00,A0025023910,A25,96.0,210
2026-09-27T05:51:16Z,2026-09-27T07:42:00.000+02:00,A0025021735,A25,107.0,600
2026-09-27T05:51:16Z,2026-09-27T07:42:00.000+02:00,A0023010400,A23,106.0,550
2026-09-27T05:51:16Z,2026-09-27T07:42:00.000+02:00,A0022021900,A22,85.0,740
2026-09-27T05:51:16Z,2026-09-27T07:42:00.000+02:00,A9022100500,A22 (rocade),84.0,310
2026-09-27T05:51:16Z,2026-09-27T07:42:00.000+02:00,A0001020940,A1,92.0,960
2026-09-27T05:51:16Z,2026-09-27T07:42:00.000+02:00,A0001020700,A1,103.0,770
2026-09-27T05:51:16Z,2026-09-27T07:42:00.000+02:00,A9022020830,A22 (rocade),91.0,40
2026-09-27T05:51:16Z,2026-09-27T07:42:00.000+02:00,A9022020822,A22 (rocade),66.0,420
2026-09-27T05:51:16Z,2026-09-27T07:42:00.000+02:00,A9022020821,A22 (rocade),66.0,420
2026-09-27T05:51:16Z,2026-09-27T07:42:00.000+02:00,A0025020420,A25,75.0,860
2026-09-27T05:51:16Z,2026-09-27T07:42:00.000+02:00,A0025021510,A25,96.0,370
2026-09-27T05:51:16Z,2026-09-27T07:42:00.000+02:00,N0227010100,N227,68.0,190
2026-09-27T05:51:16Z,2026-09-27T07:42:00.000+02:00,A0025011720,A25,102.0,980
2026-09-27T05:51:16Z,2026-09-27T07:42:00.000+02:00,A0025021760,A25,91.0,590
2026-09-27T05:51:16Z,2026-09-27T07:42:00.000+02:00,A0025011730,A25,94.0,960
2026-09-27T05:51:16Z,2026-09-27T07:42:00.000+02:00,A0025011735,A25,105.0,990
2026-09-27T05:51:16Z,2026-09-27T07:42:00.000+02:00,A9025080700,A25 (bretelle),,80
2026-09-27T05:51:16Z,2026-09-27T07:42:00.000+02:00,A9022100930,A22 (rocade),71.0,30
2026-09-27T05:51:16Z,2026-09-27T07:42:00.000+02:00,N0356011220,N356,74.0,660
2026-09-27T05:51:16Z,2026-09-27T07:42:00.000+02:00,A0025011740,A25,90.0,960
2026-09-27T05:51:16Z,2026-09-27T07:42:00.000+02:00,A0025010410,A25,74.0,700
2026-09-27T05:51:16Z,2026-09-27T07:42:00.000+02:00,A0023010200,A23,93.0,520
2026-09-27T05:51:16Z,2026-09-27T07:42:00.000+02:00,A9001210120,A1 (bretelle),76.0,70
2026-09-27T05:51:16Z,2026-09-27T07:42:00.000+02:00,A0025020210,A25,76.0,1040
2026-09-27T05:51:16Z,2026-09-27T07:42:00.000+02:00,N0356011210,N356,74.0,660
2026-09-27T05:51:16Z,2026-09-27T07:42:00.000+02:00,A0025011510,A25,90.0,660
2026-09-27T05:51:16Z,2026-09-27T07:42:00.000+02:00,A0025020220,A25,76.0,1040
2026-09-27T05:51:16Z,2026-09-27T07:42:00.000+02:00,N0227010302,N227,79.0,340
2026-09-27T05:51:16Z,2026-09-27T07:42:00.000+02:00,N0041010500,N41,89.0,360
2026-09-27T05:51:16Z,2026-09-27T07:42:00.000+02:00,N0227020101,N227,90.0,550
2026-09-27T05:51:16Z,2026-09-27T07:42:00.000+02:00,A9022100110,A22 (rocade),70.0,200
2026-09-27T05:51:16Z,2026-09-27T07:42:00.000+02:00,A0022010400,A22,77.0,420
2026-09-27T05:51:16Z,2026-09-27T07:42:00.000+02:00,N0356010302,N356,78.0,980
2026-09-27T05:51:16Z,2026-09-27T07:42:00.000+02:00,A0025010800,A25,77.0,640
2026-09-27T05:51:16Z,2026-09-27T07:42:00.000+02:00,A0027020621,A27,103.0,330
2026-09-27T05:51:16Z,2026-09-27T07:42:00.000+02:00,N0041010700,N41,90.0,10
2026-09-27T05:51:16Z,2026-09-27T07:42:00.000+02:00,A0027020630,A27,105.0,350
2026-09-27T05:51:16Z,2026-09-27T07:42:00.000+02:00,A0022021512,A22,84.0,640
2026-09-27T05:51:16Z,2026-09-27T07:42:00.000+02:00,A0022021511,A22,84.0,600
2026-09-27T05:51:16Z,2026-09-27T07:42:00.000+02:00,A0027020610,A27,103.0,330
2026-09-27T05:51:16Z,2026-09-27T07:42:00.000+02:00,A0025021720,A25,104.0,500
2026-09-27T05:51:16Z,2026-09-27T07:42:00.000+02:00,A0022021520,A22,84.0,640
2026-09-27T05:51:16Z,2026-09-27T07:42:00.000+02:00,A0025022140,A25,114.0,510
2026-09-27T05:51:16Z,2026-09-27T07:42:00.000+02:00,A0022011302,A22,81.0,280
2026-09-27T05:51:16Z,2026-09-27T07:42:00.000+02:00,A0025022160,A25,107.0,520
2026-09-27T05:51:16Z,2026-09-27T07:42:00.000+02:00,A9025060104,A25 (bretelle),75.0,440
2026-09-27T05:51:16Z,2026-09-27T07:42:00.000+02:00,A0027010201,A27,91.0,470
2026-09-27T05:51:16Z,2026-09-27T07:42:00.000+02:00,A0027010202,A27,111.0,160
2026-09-27T05:51:16Z,2026-09-27T07:42:00.000+02:00,N9227110110,N227 (bretelle),77.0,240
2026-09-27T05:51:16Z,2026-09-27T07:42:00.000+02:00,A0025012130,A25,114.0,580
2026-09-27T05:51:16Z,2026-09-27T07:42:00.000+02:00,A0027010210,A27,111.0,160
2026-09-27T05:51:16Z,2026-09-27T07:42:00.000+02:00,A0025011050,A25,97.0,420
2026-09-27T05:51:16Z,2026-09-27T07:42:00.000+02:00,A0025012140,A25,114.0,130
2026-09-27T05:51:16Z,2026-09-27T07:42:00.000+02:00,A0027010421,A27,100.0,210
2026-09-27T05:51:16Z,2026-09-27T07:42:00.000+02:00,A0022012420,A22,101.0,440
2026-09-27T05:51:16Z,2026-09-27T07:42:00.000+02:00,A0027010430,A27,103.0,230
2026-09-27T05:51:16Z,2026-09-27T07:42:00.000+02:00,A0023020710,A23,106.0,350
2026-09-27T05:51:16Z,2026-09-27T07:42:00.000+02:00,A0022012430,A22,99.0,390
2026-09-27T05:51:16Z,2026-09-27T07:42:00.000+02:00,A0025012160,A25,132.0,680
2026-09-27T05:51:16Z,2026-09-27T07:42:00.000+02:00,A9022021200,A22 (rocade),53.0,70
2026-09-27T05:51:16Z,2026-09-27T07:42:00.000+02:00,A0001021100,A1,90.0,850
2026-09-27T05:51:16Z,2026-09-27T07:42:00.000+02:00,A9022101000,A22 (rocade),,160
2026-09-27T05:51:16Z,2026-09-27T07:42:00.000+02:00,A0025013020,A25,120.0,690
2026-09-27T05:51:16Z,2026-09-27T07:42:00.000+02:00,A0027010410,A27,100.0,210
2026-09-27T05:51:16Z,2026-09-27T07:42:00.000+02:00,A0022012410,A22,101.0,460
2026-09-27T05:51:16Z,2026-09-27T07:42:00.000+02:00,A0001A20112,A1,95.0,390
2026-09-27T05:51:16Z,2026-09-27T07:42:00.000+02:00,A0001A20111,A1,89.0,430
2026-09-27T05:51:16Z,2026-09-27T07:42:00.000+02:00,A0001021521,A1,88.0,870
2026-09-27T05:51:16Z,2026-09-27T07:42:00.000+02:00,A0025022540,A25,113.0,410
2026-09-27T05:51:16Z,2026-09-27T07:42:00.000+02:00,A0025022300,A25,122.0,290
2026-09-27T05:51:16Z,2026-09-27T07:42:00.000+02:00,N0356021000,N356,75.0,870
2026-09-27T05:51:16Z,2026-09-27T07:42:00.000+02:00,A22TC010102,A22 (contournement),88.0,220
2026-09-27T05:51:16Z,2026-09-27T07:42:00.000+02:00,A0001011503,A1,91.0,1080
2026-09-27T05:51:16Z,2026-09-27T07:42:00.000+02:00,A0022012200,A22,86.0,420
2026-09-27T05:51:16Z,2026-09-27T07:42:00.000+02:00,A0001A20120,A1,94.0,430
2026-09-27T05:51:16Z,2026-09-27T07:42:00.000+02:00,A22TC020102,A22 (contournement),90.0,410
2026-09-27T05:51:16Z,2026-09-27T07:42:00.000+02:00,A22TC010300,A22 (contournement),90.0,520
2026-09-27T05:51:16Z,2026-09-27T07:42:00.000+02:00,A0022012010,A22,83.0,320
2026-09-27T05:51:16Z,2026-09-27T07:42:00.000+02:00,A0022012020,A22,83.0,320
2026-09-27T05:51:16Z,2026-09-27T07:42:00.000+02:00,A0025022130,A25,129.0,540
2026-09-27T05:51:16Z,2026-09-27T07:42:00.000+02:00,A0023010520,A23,113.0,630
2026-09-27T05:51:16Z,2026-09-27T07:42:00.000+02:00,N0041020800,N41,101.0,320
2026-09-27T05:51:16Z,2026-09-27T07:42:00.000+02:00,A0025010500,A25,73.0,590
2026-09-27T05:51:16Z,2026-09-27T07:42:00.000+02:00,A0022020901,A22,79.0,650
2026-09-27T05:51:16Z,2026-09-27T07:42:00.000+02:00,A0022020902,A22,79.0,610
2026-09-27T05:51:16Z,2026-09-27T07:42:00.000+02:00,A0022021810,A22,86.0,610
2026-09-27T05:51:16Z,2026-09-27T07:42:00.000+02:00,N0356011100,N356,73.0,580
2026-09-27T05:51:16Z,2026-09-27T07:42:00.000+02:00,A0022021820,A22,86.0,610
2026-09-27T05:51:16Z,2026-09-27T07:42:00.000+02:00,N0356020802,N356,76.0,840
2026-09-27T05:51:16Z,2026-09-27T07:42:00.000+02:00,A9022020900,A22 (rocade),84.0,200
2026-09-27T05:51:16Z,2026-09-27T07:42:00.000+02:00,A0025020102,A25,71.0,150
2026-09-27T05:51:16Z,2026-09-27T07:42:00.000+02:00,A0023010100,A23,93.0,320
2026-09-27T05:51:16Z,2026-09-27T07:42:00.000+02:00,A0025022530,A25,114.0,400
2026-09-27T05:51:16Z,2026-09-27T07:42:00.000+02:00,A9001210200,A1 (bretelle),71.0,370
2026-09-27T05:51:16Z,2026-09-27T07:42:00.000+02:00,A0022010700,A22,83.0,360
2026-09-27T05:51:16Z,2026-09-27T07:42:00.000+02:00,N0041020400,N41,99.0,390
2026-09-27T05:51:16Z,2026-09-27T07:42:00.000+02:00,A0023020720,A23,112.0,330
2026-09-27T05:51:16Z,2026-09-27T07:42:00.000+02:00,A0022020500,A22,79.0,430
2026-09-27T05:51:16Z,2026-09-27T07:42:00.000+02:00,N93563b0150,N356 (bretelle),90.0,20
2026-09-27T05:51:16Z,2026-09-27T07:42:00.000+02:00,A0025020950,A25,93.0,750
2026-09-27T05:51:16Z,2026-09-27T07:42:00.000+02:00,A0023020300,A23,92.0,350
2026-09-27T05:51:16Z,2026-09-27T07:42:00.000+02:00,A0001011000,A1,87.0,640
2026-09-27T05:51:16Z,2026-09-27T07:42:00.000+02:00,A0027020500,A27,87.0,220
2026-09-27T05:51:16Z,2026-09-27T07:42:00.000+02:00,N0356011500,N356,58.0,660
2026-09-27T05:51:16Z,2026-09-27T07:42:00.000+02:00,A0001010150,A1,105.0,510
2026-09-27T05:51:16Z,2026-09-27T07:42:00.000+02:00,N0356020400,N356,73.0,420
2026-09-27T05:51:16Z,2026-09-27T07:42:00.000+02:00,N0041020600,N41,114.0,50
2026-09-27T05:51:16Z,2026-09-27T07:42:00.000+02:00,A0025010700,A25,73.0,450
2026-09-27T05:51:16Z,2026-09-27T07:42:00.000+02:00,A0002011230,A2,115.0,600
2026-09-27T05:51:16Z,2026-09-27T07:42:00.000+02:00,A0025020500,A25,74.0,680
2026-09-27T05:51:16Z,2026-09-27T07:42:00.000+02:00,A0002021290,A2,109.0,920
2026-09-27T05:51:16Z,2026-09-27T07:42:00.000+02:00,A0022011600,A22,82.0,320
2026-09-27T06:01:24Z,2026-09-27T07:54:00.000+02:00,A0001011200,A1,83.0,580
2026-09-27T06:01:24Z,2026-09-27T07:54:00.000+02:00,A0027010102,A27,86.0,730
2026-09-27T06:01:24Z,2026-09-27T07:54:00.000+02:00,N0041010100,N41,91.0,150
2026-09-27T06:01:24Z,2026-09-27T07:54:00.000+02:00,A0027010101,A27,86.0,730
2026-09-27T06:01:24Z,2026-09-27T07:54:00.000+02:00,A9022010250,A22 (rocade),86.0,80
2026-09-27T06:01:24Z,2026-09-27T07:54:00.000+02:00,A0001020150,A1,114.0,870
2026-09-27T06:01:24Z,2026-09-27T07:54:00.000+02:00,N0356011700,N356,76.0,660
2026-09-27T06:01:24Z,2026-09-27T07:54:00.000+02:00,N0356021300,N356,71.0,750
2026-09-27T06:01:24Z,2026-09-27T07:54:00.000+02:00,A0022011400,A22,79.0,90
2026-09-27T06:01:24Z,2026-09-27T07:54:00.000+02:00,A0027010300,A27,93.0,160
2026-09-27T06:01:24Z,2026-09-27T07:54:00.000+02:00,A9022020250,A22 (rocade),103.0,80
2026-09-27T06:01:24Z,2026-09-27T07:54:00.000+02:00,N0041010300,N41,94.0,480
2026-09-27T06:01:24Z,2026-09-27T07:54:00.000+02:00,A0022011210,A22,72.0,50
2026-09-27T06:01:24Z,2026-09-27T07:54:00.000+02:00,A0027020100,A27,75.0,340
2026-09-27T06:01:24Z,2026-09-27T07:54:00.000+02:00,A0001010300,A1,135.0,560
2026-09-27T06:01:24Z,2026-09-27T07:54:00.000+02:00,A0022011220,A22,72.0,50
2026-09-27T06:01:24Z,2026-09-27T07:54:00.000+02:00,A9022101110,A22 (rocade),85.0,200
2026-09-27T06:01:24Z,2026-09-27T07:54:00.000+02:00,A0022022110,A22,95.0,840
2026-09-27T06:01:24Z,2026-09-27T07:54:00.000+02:00,A0001011420,A1,93.0,350
2026-09-27T06:01:24Z,2026-09-27T07:54:00.000+02:00,N0356010800,N356,75.0,610
2026-09-27T06:01:24Z,2026-09-27T07:54:00.000+02:00,A9001210710,A1 (bretelle),73.0,270
2026-09-27T06:01:24Z,2026-09-27T07:54:00.000+02:00,N0356021110,N356,74.0,880
2026-09-27T06:01:24Z,2026-09-27T07:54:00.000+02:00,A0001010510,A1,111.0,630
2026-09-27T06:01:24Z,2026-09-27T07:54:00.000+02:00,N0356021122,N356,69.0,710
2026-09-27T06:01:24Z,2026-09-27T07:54:00.000+02:00,N0356021121,N356,74.0,880
2026-09-27T06:01:24Z,2026-09-27T07:54:00.000+02:00,A0025010210,A25,80.0,950
2026-09-27T06:01:24Z,2026-09-27T07:54:00.000+02:00,A0025011300,A25,88.0,600
2026-09-27T06:01:24Z,2026-09-27T07:54:00.000+02:00,A0001020300,A1,114.0,820
2026-09-27T06:01:24Z,2026-09-27T07:54:00.000+02:00,A0025021100,A25,92.0,370
2026-09-27T06:01:24Z,2026-09-27T07:54:00.000+02:00,A0025023520,A25,113.0,270
2026-09-27T06:01:24Z,2026-09-27T07:54:00.000+02:00,A0022022130,A22,105.0,840
2026-09-27T06:01:24Z,2026-09-27T07:54:00.000+02:00,A0025010220,A25,80.0,950
2026-09-27T06:01:24Z,2026-09-27T07:54:00.000+02:00,A0022022120,A22,98.0,850
2026-09-27T06:01:24Z,2026-09-27T07:54:00.000+02:00,A0001010520,A1,105.0,640
2026-09-27T06:01:24Z,2026-09-27T07:54:00.000+02:00,A0022011000,A22,72.0,510
2026-09-27T06:01:24Z,2026-09-27T07:54:00.000+02:00,A0001020510,A1,109.0,780
2026-09-27T06:01:24Z,2026-09-27T07:54:00.000+02:00,A0001021602,A1,86.0,1750
2026-09-27T06:01:24Z,2026-09-27T07:54:00.000+02:00,A22TC020222,A22 (contournement),89.0,480
2026-09-27T06:01:24Z,2026-09-27T07:54:00.000+02:00,A0001010940,A1,104.0,710
2026-09-27T06:01:24Z,2026-09-27T07:54:00.000+02:00,A0025023320,A25,117.0,360
2026-09-27T06:01:24Z,2026-09-27T07:54:00.000+02:00,A0001020520,A1,102.0,850
2026-09-27T06:01:24Z,2026-09-27T07:54:00.000+02:00,A0025023100,A25,112.0,290
2026-09-27T06:01:24Z,2026-09-27T07:54:00.000+02:00,A22TC020230,A22 (contournement),89.0,480
2026-09-27T06:01:24Z,2026-09-27T07:54:00.000+02:00,A0025021730,A25,93.0,530
2026-09-27T06:01:24Z,2026-09-27T07:54:00.000+02:00,A0025023910,A25,115.0,250
2026-09-27T06:01:24Z,2026-09-27T07:54:00.000+02:00,A0025021735,A25,109.0,460
2026-09-27T06:01:24Z,2026-09-27T07:54:00.000+02:00,A0023010400,A23,107.0,660
2026-09-27T06:01:24Z,2026-09-27T07:54:00.000+02:00,A0022021900,A22,89.0,640
2026-09-27T06:01:24Z,2026-09-27T07:54:00.000+02:00,A9022100500,A22 (rocade),80.0,280
2026-09-27T06:01:24Z,2026-09-27T07:54:00.000+02:00,A0001020940,A1,92.0,1120
2026-09-27T06:01:24Z,2026-09-27T07:54:00.000+02:00,A0001020700,A1,96.0,800
2026-09-27T06:01:24Z,2026-09-27T07:54:00.000+02:00,A9022020830,A22 (rocade),88.0,140
2026-09-27T06:01:24Z,2026-09-27T07:54:00.000+02:00,A9022020822,A22 (rocade),76.0,510
2026-09-27T06:01:24Z,2026-09-27T07:54:00.000+02:00,A9022020821,A22 (rocade),76.0,510
2026-09-27T06:01:24Z,2026-09-27T07:54:00.000+02:00,A0025020420,A25,74.0,960
2026-09-27T06:01:24Z,2026-09-27T07:54:00.000+02:00,A0025021510,A25,88.0,280
2026-09-27T06:01:24Z,2026-09-27T07:54:00.000+02:00,N0227010100,N227,70.0,300
2026-09-27T06:01:24Z,2026-09-27T07:54:00.000+02:00,A0025011720,A25,103.0,980
2026-09-27T06:01:24Z,2026-09-27T07:54:00.000+02:00,A0025021760,A25,91.0,460
2026-09-27T06:01:24Z,2026-09-27T07:54:00.000+02:00,A0025011730,A25,93.0,890
2026-09-27T06:01:24Z,2026-09-27T07:54:00.000+02:00,A0025011735,A25,107.0,880
2026-09-27T06:01:24Z,2026-09-27T07:54:00.000+02:00,A9025080700,A25 (bretelle),,150
2026-09-27T06:01:24Z,2026-09-27T07:54:00.000+02:00,N0356011220,N356,76.0,600
2026-09-27T06:01:24Z,2026-09-27T07:54:00.000+02:00,A0025011740,A25,93.0,880
2026-09-27T06:01:24Z,2026-09-27T07:54:00.000+02:00,A0025010410,A25,76.0,840
2026-09-27T06:01:24Z,2026-09-27T07:54:00.000+02:00,A0023010200,A23,97.0,630
2026-09-27T06:01:24Z,2026-09-27T07:54:00.000+02:00,A9001210120,A1 (bretelle),73.0,100
2026-09-27T06:01:24Z,2026-09-27T07:54:00.000+02:00,A0025020210,A25,77.0,1210
2026-09-27T06:01:24Z,2026-09-27T07:54:00.000+02:00,N0356011210,N356,76.0,600
2026-09-27T06:01:24Z,2026-09-27T07:54:00.000+02:00,A0025011510,A25,90.0,770
2026-09-27T06:01:24Z,2026-09-27T07:54:00.000+02:00,A0025020220,A25,77.0,1210
2026-09-27T06:01:24Z,2026-09-27T07:54:00.000+02:00,N0227010302,N227,78.0,490
2026-09-27T06:01:24Z,2026-09-27T07:54:00.000+02:00,N0041010500,N41,104.0,390
2026-09-27T06:01:24Z,2026-09-27T07:54:00.000+02:00,N0227020101,N227,93.0,470
2026-09-27T06:01:24Z,2026-09-27T07:54:00.000+02:00,A9022100110,A22 (rocade),70.0,180
2026-09-27T06:01:24Z,2026-09-27T07:54:00.000+02:00,A0022010400,A22,75.0,570
2026-09-27T06:01:24Z,2026-09-27T07:54:00.000+02:00,N0356010302,N356,78.0,900
2026-09-27T06:01:24Z,2026-09-27T07:54:00.000+02:00,A0025010800,A25,79.0,670
2026-09-27T06:01:24Z,2026-09-27T07:54:00.000+02:00,A0027020621,A27,106.0,250
2026-09-27T06:01:24Z,2026-09-27T07:54:00.000+02:00,N0041010700,N41,100.0,30
2026-09-27T06:01:24Z,2026-09-27T07:54:00.000+02:00,A0027020630,A27,109.0,280
2026-09-27T06:01:24Z,2026-09-27T07:54:00.000+02:00,A0022021512,A22,84.0,590
2026-09-27T06:01:24Z,2026-09-27T07:54:00.000+02:00,A0022021511,A22,86.0,590
2026-09-27T06:01:24Z,2026-09-27T07:54:00.000+02:00,A0027020610,A27,106.0,250
2026-09-27T06:01:24Z,2026-09-27T07:54:00.000+02:00,A0025021720,A25,106.0,530
2026-09-27T06:01:24Z,2026-09-27T07:54:00.000+02:00,A0022021520,A22,84.0,590
2026-09-27T06:01:24Z,2026-09-27T07:54:00.000+02:00,A0025022140,A25,120.0,360
2026-09-27T06:01:24Z,2026-09-27T07:54:00.000+02:00,A0022011302,A22,82.0,330
2026-09-27T06:01:24Z,2026-09-27T07:54:00.000+02:00,A0025022160,A25,116.0,390
2026-09-27T06:01:24Z,2026-09-27T07:54:00.000+02:00,A9025060104,A25 (bretelle),76.0,460
2026-09-27T06:01:24Z,2026-09-27T07:54:00.000+02:00,A0027010201,A27,92.0,570
2026-09-27T06:01:24Z,2026-09-27T07:54:00.000+02:00,A0027010202,A27,86.0,320
2026-09-27T06:01:24Z,2026-09-27T07:54:00.000+02:00,N9227110110,N227 (bretelle),75.0,330
2026-09-27T06:01:24Z,2026-09-27T07:54:00.000+02:00,A0025012130,A25,118.0,640
2026-09-27T06:01:24Z,2026-09-27T07:54:00.000+02:00,A0027010210,A27,86.0,320
2026-09-27T06:01:24Z,2026-09-27T07:54:00.000+02:00,A0025011050,A25,89.0,370
2026-09-27T06:01:24Z,2026-09-27T07:54:00.000+02:00,A0027010421,A27,100.0,270
2026-09-27T06:01:24Z,2026-09-27T07:54:00.000+02:00,A0022012420,A22,98.0,560
2026-09-27T06:01:24Z,2026-09-27T07:54:00.000+02:00,A0027010430,A27,103.0,300
2026-09-27T06:01:24Z,2026-09-27T07:54:00.000+02:00,A0023020710,A23,109.0,320
2026-09-27T06:01:24Z,2026-09-27T07:54:00.000+02:00,A0022012430,A22,98.0,580
2026-09-27T06:01:24Z,2026-09-27T07:54:00.000+02:00,A0025012160,A25,134.0,770
2026-09-27T06:01:24Z,2026-09-27T07:54:00.000+02:00,A9022021200,A22 (rocade),65.0,40
2026-09-27T06:01:24Z,2026-09-27T07:54:00.000+02:00,A0001021100,A1,91.0,1000
2026-09-27T06:01:24Z,2026-09-27T07:54:00.000+02:00,A9022101000,A22 (rocade),,290
2026-09-27T06:01:24Z,2026-09-27T07:54:00.000+02:00,A0025013020,A25,120.0,800
2026-09-27T06:01:24Z,2026-09-27T07:54:00.000+02:00,A0027010410,A27,100.0,270
2026-09-27T06:01:24Z,2026-09-27T07:54:00.000+02:00,A0022012410,A22,97.0,540
2026-09-27T06:01:24Z,2026-09-27T07:54:00.000+02:00,A0001A20112,A1,95.0,390
2026-09-27T06:01:24Z,2026-09-27T07:54:00.000+02:00,A0001A20111,A1,89.0,390
2026-09-27T06:01:24Z,2026-09-27T07:54:00.000+02:00,A0001021521,A1,86.0,1040
2026-09-27T06:01:24Z,2026-09-27T07:54:00.000+02:00,A0025022540,A25,107.0,290
2026-09-27T06:01:24Z,2026-09-27T07:54:00.000+02:00,A0025022300,A25,118.0,230
2026-09-27T06:01:24Z,2026-09-27T07:54:00.000+02:00,N0356021000,N356,76.0,720
2026-09-27T06:01:24Z,2026-09-27T07:54:00.000+02:00,A22TC010102,A22 (contournement),92.0,330
2026-09-27T06:01:24Z,2026-09-27T07:54:00.000+02:00,A0001011503,A1,91.0,830
2026-09-27T06:01:24Z,2026-09-27T07:54:00.000+02:00,A0022012200,A22,84.0,460
2026-09-27T06:01:24Z,2026-09-27T07:54:00.000+02:00,A0001A20120,A1,94.0,470
2026-09-27T06:01:24Z,2026-09-27T07:54:00.000+02:00,A22TC020102,A22 (contournement),94.0,370
2026-09-27T06:01:24Z,2026-09-27T07:54:00.000+02:00,A22TC010300,A22 (contournement),88.0,380
2026-09-27T06:01:24Z,2026-09-27T07:54:00.000+02:00,A0022012010,A22,85.0,280
2026-09-27T06:01:24Z,2026-09-27T07:54:00.000+02:00,A0022012020,A22,85.0,280
2026-09-27T06:01:24Z,2026-09-27T07:54:00.000+02:00,A0025022130,A25,134.0,370
2026-09-27T06:01:24Z,2026-09-27T07:54:00.000+02:00,A0023010520,A23,116.0,690
2026-09-27T06:01:24Z,2026-09-27T07:54:00.000+02:00,N0041020800,N41,97.0,370
2026-09-27T06:01:24Z,2026-09-27T07:54:00.000+02:00,A0025010500,A25,72.0,620
2026-09-27T06:01:24Z,2026-09-27T07:54:00.000+02:00,A0022020901,A22,90.0,740
2026-09-27T06:01:24Z,2026-09-27T07:54:00.000+02:00,A0022020902,A22,90.0,500
2026-09-27T06:01:24Z,2026-09-27T07:54:00.000+02:00,A0022021810,A22,88.0,620
2026-09-27T06:01:24Z,2026-09-27T07:54:00.000+02:00,N0356011100,N356,77.0,600
2026-09-27T06:01:24Z,2026-09-27T07:54:00.000+02:00,A0022021820,A22,88.0,620
2026-09-27T06:01:24Z,2026-09-27T07:54:00.000+02:00,N0356020802,N356,74.0,870
2026-09-27T06:01:24Z,2026-09-27T07:54:00.000+02:00,A9022020900,A22 (rocade),75.0,280
2026-09-27T06:01:24Z,2026-09-27T07:54:00.000+02:00,A0025020102,A25,65.0,130
2026-09-27T06:01:24Z,2026-09-27T07:54:00.000+02:00,A0023010100,A23,111.0,290
2026-09-27T06:01:24Z,2026-09-27T07:54:00.000+02:00,A0025022530,A25,111.0,240
2026-09-27T06:01:24Z,2026-09-27T07:54:00.000+02:00,A9001210200,A1 (bretelle),70.0,390
2026-09-27T06:01:24Z,2026-09-27T07:54:00.000+02:00,A0022010700,A22,79.0,480
2026-09-27T06:01:24Z,2026-09-27T07:54:00.000+02:00,N0041020400,N41,90.0,400
2026-09-27T06:01:24Z,2026-09-27T07:54:00.000+02:00,A0023020720,A23,111.0,290
2026-09-27T06:01:24Z,2026-09-27T07:54:00.000+02:00,A0022020500,A22,90.0,460
2026-09-27T06:01:24Z,2026-09-27T07:54:00.000+02:00,N93563b0150,N356 (bretelle),69.0,10
2026-09-27T06:01:24Z,2026-09-27T07:54:00.000+02:00,A0025020950,A25,93.0,550
2026-09-27T06:01:24Z,2026-09-27T07:54:00.000+02:00,A0023020300,A23,80.0,300
2026-09-27T06:01:24Z,2026-09-27T07:54:00.000+02:00,A0001011000,A1,89.0,580
2026-09-27T06:01:24Z,2026-09-27T07:54:00.000+02:00,A0027020500,A27,106.0,160
2026-09-27T06:01:24Z,2026-09-27T07:54:00.000+02:00,N0356011500,N356,71.0,730
2026-09-27T06:01:24Z,2026-09-27T07:54:00.000+02:00,A0001010150,A1,109.0,580
2026-09-27T06:01:24Z,2026-09-27T07:54:00.000+02:00,N0356020400,N356,76.0,330
2026-09-27T06:01:24Z,2026-09-27T07:54:00.000+02:00,N0041020600,N41,111.0,20
2026-09-27T06:01:24Z,2026-09-27T07:54:00.000+02:00,A0025010700,A25,73.0,540
2026-09-27T06:01:24Z,2026-09-27T07:54:00.000+02:00,A0002011230,A2,114.0,670
2026-09-27T06:01:24Z,2026-09-27T07:54:00.000+02:00,A0025020500,A25,75.0,640
2026-09-27T06:01:24Z,2026-09-27T07:54:00.000+02:00,A0002021290,A2,110.0,720
2026-09-27T06:01:24Z,2026-09-27T07:54:00.000+02:00,A0022011600,A22,86.0,260
2026-09-27T06:11:07Z,2026-09-27T08:00:00.000+02:00,A0001011200,A1,83.0,640
2026-09-27T06:11:07Z,2026-09-27T08:00:00.000+02:00,A0027010102,A27,92.0,540
2026-09-27T06:11:07Z,2026-09-27T08:00:00.000+02:00,N0041010100,N41,86.0,150
2026-09-27T06:11:07Z,2026-09-27T08:00:00.000+02:00,A0027010101,A27,92.0,540
2026-09-27T06:11:07Z,2026-09-27T08:00:00.000+02:00,A9022010250,A22 (rocade),89.0,160
2026-09-27T06:11:07Z,2026-09-27T08:00:00.000+02:00,A0001020150,A1,109.0,1140
2026-09-27T06:11:07Z,2026-09-27T08:00:00.000+02:00,N0356011700,N356,77.0,560
2026-09-27T06:11:07Z,2026-09-27T08:00:00.000+02:00,N0356021300,N356,70.0,960
2026-09-27T06:11:07Z,2026-09-27T08:00:00.000+02:00,A0022011400,A22,78.0,120
2026-09-27T06:11:07Z,2026-09-27T08:00:00.000+02:00,A0027010300,A27,89.0,210
2026-09-27T06:11:07Z,2026-09-27T08:00:00.000+02:00,A9022020250,A22 (rocade),89.0,100
2026-09-27T06:11:07Z,2026-09-27T08:00:00.000+02:00,N0041010300,N41,92.0,320
2026-09-27T06:11:07Z,2026-09-27T08:00:00.000+02:00,A0022011210,A22,72.0,110
2026-09-27T06:11:07Z,2026-09-27T08:00:00.000+02:00,A0027020100,A27,74.0,230
2026-09-27T06:11:07Z,2026-09-27T08:00:00.000+02:00,A0001010300,A1,131.0,630
2026-09-27T06:11:07Z,2026-09-27T08:00:00.000+02:00,A0022011220,A22,72.0,110
2026-09-27T06:11:07Z,2026-09-27T08:00:00.000+02:00,N0227021400,N227,80.0,10
2026-09-27T06:11:07Z,2026-09-27T08:00:00.000+02:00,A9022101110,A22 (rocade),83.0,260
2026-09-27T06:11:07Z,2026-09-27T08:00:00.000+02:00,A0022022110,A22,94.0,930
2026-09-27T06:11:07Z,2026-09-27T08:00:00.000+02:00,A0001011420,A1,91.0,550
2026-09-27T06:11:07Z,2026-09-27T08:00:00.000+02:00,N0356010800,N356,74.0,590
2026-09-27T06:11:07Z,2026-09-27T08:00:00.000+02:00,A9001210710,A1 (bretelle),72.0,110
2026-09-27T06:11:07Z,2026-09-27T08:00:00.000+02:00,N0356021110,N356,75.0,1050
2026-09-27T06:11:07Z,2026-09-27T08:00:00.000+02:00,A0001010510,A1,115.0,660
2026-09-27T06:11:07Z,2026-09-27T08:00:00.000+02:00,N0356021122,N356,66.0,1020
2026-09-27T06:11:07Z,2026-09-27T08:00:00.000+02:00,N0356021121,N356,75.0,1050
2026-09-27T06:11:07Z,2026-09-27T08:00:00.000+02:00,A0025010210,A25,79.0,1010
2026-09-27T06:11:07Z,2026-09-27T08:00:00.000+02:00,A0025011300,A25,89.0,450
2026-09-27T06:11:07Z,2026-09-27T08:00:00.000+02:00,A0001020300,A1,110.0,1150
2026-09-27T06:11:07Z,2026-09-27T08:00:00.000+02:00,A0025021100,A25,89.0,410
2026-09-27T06:11:07Z,2026-09-27T08:00:00.000+02:00,A0025023520,A25,108.0,190
2026-09-27T06:11:07Z,2026-09-27T08:00:00.000+02:00,A0022022130,A22,103.0,960
2026-09-27T06:11:07Z,2026-09-27T08:00:00.000+02:00,A0025010220,A25,79.0,1010
2026-09-27T06:11:07Z,2026-09-27T08:00:00.000+02:00,A0022022120,A22,99.0,950
2026-09-27T06:11:07Z,2026-09-27T08:00:00.000+02:00,A0001010520,A1,102.0,660
2026-09-27T06:11:07Z,2026-09-27T08:00:00.000+02:00,A0022011000,A22,80.0,600
2026-09-27T06:11:07Z,2026-09-27T08:00:00.000+02:00,A0001020510,A1,108.0,1150
2026-09-27T06:11:07Z,2026-09-27T08:00:00.000+02:00,A0001021602,A1,86.0,1310
2026-09-27T06:11:07Z,2026-09-27T08:00:00.000+02:00,A22TC020222,A22 (contournement),90.0,380
2026-09-27T06:11:07Z,2026-09-27T08:00:00.000+02:00,A0001010940,A1,101.0,740
2026-09-27T06:11:07Z,2026-09-27T08:00:00.000+02:00,A0025023320,A25,115.0,370
2026-09-27T06:11:07Z,2026-09-27T08:00:00.000+02:00,A0001020520,A1,104.0,1240
2026-09-27T06:11:07Z,2026-09-27T08:00:00.000+02:00,A0025023100,A25,112.0,290
2026-09-27T06:11:07Z,2026-09-27T08:00:00.000+02:00,A22TC020230,A22 (contournement),90.0,380
2026-09-27T06:11:07Z,2026-09-27T08:00:00.000+02:00,A0025021730,A25,91.0,560
2026-09-27T06:11:07Z,2026-09-27T08:00:00.000+02:00,A0025023910,A25,116.0,230
2026-09-27T06:11:07Z,2026-09-27T08:00:00.000+02:00,A0025021735,A25,103.0,570
2026-09-27T06:11:07Z,2026-09-27T08:00:00.000+02:00,A0023010400,A23,107.0,530
2026-09-27T06:11:07Z,2026-09-27T08:00:00.000+02:00,A0022021900,A22,85.0,700
2026-09-27T06:11:07Z,2026-09-27T08:00:00.000+02:00,A9022100500,A22 (rocade),85.0,270
2026-09-27T06:11:07Z,2026-09-27T08:00:00.000+02:00,A0001020940,A1,92.0,1160
2026-09-27T06:11:07Z,2026-09-27T08:00:00.000+02:00,A0001020700,A1,100.0,1110
2026-09-27T06:11:07Z,2026-09-27T08:00:00.000+02:00,A9022020830,A22 (rocade),83.0,60
2026-09-27T06:11:07Z,2026-09-27T08:00:00.000+02:00,A9022020822,A22 (rocade),77.0,520
2026-09-27T06:11:07Z,2026-09-27T08:00:00.000+02:00,A9022020821,A22 (rocade),77.0,520
2026-09-27T06:11:07Z,2026-09-27T08:00:00.000+02:00,A0025020420,A25,73.0,690
2026-09-27T06:11:07Z,2026-09-27T08:00:00.000+02:00,A0025021510,A25,92.0,330
2026-09-27T06:11:07Z,2026-09-27T08:00:00.000+02:00,N0227010100,N227,69.0,220
2026-09-27T06:11:07Z,2026-09-27T08:00:00.000+02:00,A0025011720,A25,105.0,840
2026-09-27T06:11:07Z,2026-09-27T08:00:00.000+02:00,A0025021760,A25,88.0,620
2026-09-27T06:11:07Z,2026-09-27T08:00:00.000+02:00,A0025011730,A25,93.0,920
2026-09-27T06:11:07Z,2026-09-27T08:00:00.000+02:00,A0025011735,A25,109.0,960
2026-09-27T06:11:07Z,2026-09-27T08:00:00.000+02:00,A9025080700,A25 (bretelle),,140
2026-09-27T06:11:07Z,2026-09-27T08:00:00.000+02:00,A9022100930,A22 (rocade),70.0,10
2026-09-27T06:11:07Z,2026-09-27T08:00:00.000+02:00,N0356011220,N356,75.0,600
2026-09-27T06:11:07Z,2026-09-27T08:00:00.000+02:00,A0025011740,A25,94.0,970
2026-09-27T06:11:07Z,2026-09-27T08:00:00.000+02:00,A0025010410,A25,73.0,860
2026-09-27T06:11:07Z,2026-09-27T08:00:00.000+02:00,A0023010200,A23,106.0,520
2026-09-27T06:11:07Z,2026-09-27T08:00:00.000+02:00,A9001210120,A1 (bretelle),81.0,120
2026-09-27T06:11:07Z,2026-09-27T08:00:00.000+02:00,A0025020210,A25,77.0,1020
2026-09-27T06:11:07Z,2026-09-27T08:00:00.000+02:00,N0356011210,N356,75.0,600
2026-09-27T06:11:07Z,2026-09-27T08:00:00.000+02:00,A0025011510,A25,90.0,600
2026-09-27T06:11:07Z,2026-09-27T08:00:00.000+02:00,A0025020220,A25,77.0,1020
2026-09-27T06:11:07Z,2026-09-27T08:00:00.000+02:00,N0227010302,N227,81.0,450
2026-09-27T06:11:07Z,2026-09-27T08:00:00.000+02:00,N0041010500,N41,98.0,270
2026-09-27T06:11:07Z,2026-09-27T08:00:00.000+02:00,N0227020101,N227,88.0,440
2026-09-27T06:11:07Z,2026-09-27T08:00:00.000+02:00,A9022100110,A22 (rocade),66.0,200
2026-09-27T06:11:07Z,2026-09-27T08:00:00.000+02:00,A0022010400,A22,75.0,560
2026-09-27T06:11:07Z,2026-09-27T08:00:00.000+02:00,N0356010302,N356,80.0,1010
2026-09-27T06:11:07Z,2026-09-27T08:00:00.000+02:00,A0025010800,A25,84.0,650
2026-09-27T06:11:07Z,2026-09-27T08:00:00.000+02:00,A0027020621,A27,106.0,310
2026-09-27T06:11:07Z,2026-09-27T08:00:00.000+02:00,N0041010700,N41,92.0,50
2026-09-27T06:11:07Z,2026-09-27T08:00:00.000+02:00,A0027020630,A27,105.0,330
2026-09-27T06:11:07Z,2026-09-27T08:00:00.000+02:00,A0022021512,A22,81.0,680
2026-09-27T06:11:07Z,2026-09-27T08:00:00.000+02:00,A0022021511,A22,81.0,660
2026-09-27T06:11:07Z,2026-09-27T08:00:00.000+02:00,A0027020610,A27,106.0,310
2026-09-27T06:11:07Z,2026-09-27T08:00:00.000+02:00,A0025021720,A25,103.0,560
2026-09-27T06:11:07Z,2026-09-27T08:00:00.000+02:00,A0022021520,A22,81.0,680
2026-09-27T06:11:07Z,2026-09-27T08:00:00.000+02:00,A0025022140,A25,117.0,490
2026-09-27T06:11:07Z,2026-09-27T08:00:00.000+02:00,A0022011302,A22,77.0,400
2026-09-27T06:11:07Z,2026-09-27T08:00:00.000+02:00,A0025022160,A25,113.0,490
2026-09-27T06:11:07Z,2026-09-27T08:00:00.000+02:00,A9025060104,A25 (bretelle),76.0,450
2026-09-27T06:11:07Z,2026-09-27T08:00:00.000+02:00,A0027010201,A27,91.0,550
2026-09-27T06:11:07Z,2026-09-27T08:00:00.000+02:00,A0027010202,A27,92.0,200
2026-09-27T06:11:07Z,2026-09-27T08:00:00.000+02:00,N9227110110,N227 (bretelle),76.0,320
2026-09-27T06:11:07Z,2026-09-27T08:00:00.000+02:00,A0025012130,A25,117.0,760
2026-09-27T06:11:07Z,2026-09-27T08:00:00.000+02:00,A0027010210,A27,92.0,200
2026-09-27T06:11:07Z,2026-09-27T08:00:00.000+02:00,A0025011050,A25,90.0,290
2026-09-27T06:11:07Z,2026-09-27T08:00:00.000+02:00,A0025012140,A25,117.0,60
2026-09-27T06:11:07Z,2026-09-27T08:00:00.000+02:00,A0027010421,A27,94.0,300
2026-09-27T06:11:07Z,2026-09-27T08:00:00.000+02:00,A0022012420,A22,96.0,510
2026-09-27T06:11:07Z,2026-09-27T08:00:00.000+02:00,A0027010430,A27,98.0,290
2026-09-27T06:11:07Z,2026-09-27T08:00:00.000+02:00,A0023020710,A23,108.0,370
2026-09-27T06:11:07Z,2026-09-27T08:00:00.000+02:00,A0022012430,A22,96.0,490
2026-09-27T06:11:07Z,2026-09-27T08:00:00.000+02:00,A0025012160,A25,133.0,980
2026-09-27T06:11:07Z,2026-09-27T08:00:00.000+02:00,A9022021200,A22 (rocade),65.0,100
2026-09-27T06:11:07Z,2026-09-27T08:00:00.000+02:00,A0001021100,A1,91.0,1030
2026-09-27T06:11:07Z,2026-09-27T08:00:00.000+02:00,A9022101000,A22 (rocade),,190
2026-09-27T06:11:07Z,2026-09-27T08:00:00.000+02:00,A0025013020,A25,120.0,810
2026-09-27T06:11:07Z,2026-09-27T08:00:00.000+02:00,A0027010410,A27,94.0,300
2026-09-27T06:11:07Z,2026-09-27T08:00:00.000+02:00,A0022012410,A22,96.0,550
2026-09-27T06:11:07Z,2026-09-27T08:00:00.000+02:00,A0001A20112,A1,90.0,290
2026-09-27T06:11:07Z,2026-09-27T08:00:00.000+02:00,A0001A20111,A1,88.0,350
2026-09-27T06:11:07Z,2026-09-27T08:00:00.000+02:00,A0001021521,A1,89.0,700
2026-09-27T06:11:07Z,2026-09-27T08:00:00.000+02:00,A0025022540,A25,115.0,350
2026-09-27T06:11:07Z,2026-09-27T08:00:00.000+02:00,A0025022300,A25,122.0,330
2026-09-27T06:11:07Z,2026-09-27T08:00:00.000+02:00,N0356021000,N356,76.0,950
2026-09-27T06:11:07Z,2026-09-27T08:00:00.000+02:00,A22TC010102,A22 (contournement),85.0,270
2026-09-27T06:11:07Z,2026-09-27T08:00:00.000+02:00,A0001011503,A1,92.0,1020
2026-09-27T06:11:07Z,2026-09-27T08:00:00.000+02:00,A0022012200,A22,85.0,530
2026-09-27T06:11:07Z,2026-09-27T08:00:00.000+02:00,A0001A20120,A1,90.0,310
2026-09-27T06:11:07Z,2026-09-27T08:00:00.000+02:00,A22TC020102,A22 (contournement),87.0,320
2026-09-27T06:11:07Z,2026-09-27T08:00:00.000+02:00,A22TC010300,A22 (contournement),87.0,380
2026-09-27T06:11:07Z,2026-09-27T08:00:00.000+02:00,A0022012010,A22,84.0,410
2026-09-27T06:11:07Z,2026-09-27T08:00:00.000+02:00,A0022012020,A22,84.0,410
2026-09-27T06:11:07Z,2026-09-27T08:00:00.000+02:00,A0025022130,A25,132.0,450
2026-09-27T06:11:07Z,2026-09-27T08:00:00.000+02:00,A0023010520,A23,116.0,500
2026-09-27T06:11:07Z,2026-09-27T08:00:00.000+02:00,N0041020800,N41,99.0,410
2026-09-27T06:11:07Z,2026-09-27T08:00:00.000+02:00,A0025010500,A25,72.0,630
2026-09-27T06:11:07Z,2026-09-27T08:00:00.000+02:00,A0022020901,A22,88.0,660
2026-09-27T06:11:07Z,2026-09-27T08:00:00.000+02:00,A0022020902,A22,88.0,480
2026-09-27T06:11:07Z,2026-09-27T08:00:00.000+02:00,A0022021810,A22,84.0,630
2026-09-27T06:11:07Z,2026-09-27T08:00:00.000+02:00,N0356011100,N356,74.0,560
2026-09-27T06:11:07Z,2026-09-27T08:00:00.000+02:00,A0022021820,A22,84.0,630
2026-09-27T06:11:07Z,2026-09-27T08:00:00.000+02:00,N0356020802,N356,75.0,1020
2026-09-27T06:11:07Z,2026-09-27T08:00:00.000+02:00,A9022020900,A22 (rocade),74.0,230
2026-09-27T06:11:07Z,2026-09-27T08:00:00.000+02:00,A0025020102,A25,71.0,260
2026-09-27T06:11:07Z,2026-09-27T08:00:00.000+02:00,A0023010100,A23,110.0,30
2026-09-27T06:11:07Z,2026-09-27T08:00:00.000+02:00,A0025022530,A25,117.0,360
2026-09-27T06:11:07Z,2026-09-27T08:00:00.000+02:00,A9001210200,A1 (bretelle),73.0,260
2026-09-27T06:11:07Z,2026-09-27T08:00:00.000+02:00,A0022010700,A22,79.0,440
2026-09-27T06:11:07Z,2026-09-27T08:00:00.000+02:00,N0041020400,N41,97.0,500
2026-09-27T06:11:07Z,2026-09-27T08:00:00.000+02:00,A0023020720,A23,114.0,350
2026-09-27T06:11:07Z,2026-09-27T08:00:00.000+02:00,A0022020500,A22,88.0,310
2026-09-27T06:11:07Z,2026-09-27T08:00:00.000+02:00,N93563b0150,N356 (bretelle),67.0,10
2026-09-27T06:11:07Z,2026-09-27T08:00:00.000+02:00,A0025020950,A25,92.0,520
2026-09-27T06:11:07Z,2026-09-27T08:00:00.000+02:00,A0023020300,A23,78.0,380
2026-09-27T06:11:07Z,2026-09-27T08:00:00.000+02:00,A0001011000,A1,88.0,570
2026-09-27T06:11:07Z,2026-09-27T08:00:00.000+02:00,A0027020500,A27,98.0,160
2026-09-27T06:11:07Z,2026-09-27T08:00:00.000+02:00,N0356011500,N356,71.0,630
2026-09-27T06:11:07Z,2026-09-27T08:00:00.000+02:00,A0001010150,A1,108.0,700
2026-09-27T06:11:07Z,2026-09-27T08:00:00.000+02:00,N0356020400,N356,76.0,370
2026-09-27T06:11:07Z,2026-09-27T08:00:00.000+02:00,N0041020600,N41,102.0,30
2026-09-27T06:11:07Z,2026-09-27T08:00:00.000+02:00,A0025010700,A25,70.0,550
2026-09-27T06:11:07Z,2026-09-27T08:00:00.000+02:00,A0002011230,A2,114.0,890
2026-09-27T06:11:07Z,2026-09-27T08:00:00.000+02:00,A0025020500,A25,68.0,500
2026-09-27T06:11:07Z,2026-09-27T08:00:00.000+02:00,A0002021290,A2,111.0,790
2026-09-27T06:11:07Z,2026-09-27T08:00:00.000+02:00,A0022011600,A22,83.0,340
2026-09-27T06:21:00Z,2026-09-27T08:12:00.000+02:00,A0001011200,A1,83.0,760
2026-09-27T06:21:00Z,2026-09-27T08:12:00.000+02:00,A0027010102,A27,85.0,780
2026-09-27T06:21:00Z,2026-09-27T08:12:00.000+02:00,N0041010100,N41,84.0,310
2026-09-27T06:21:00Z,2026-09-27T08:12:00.000+02:00,A0027010101,A27,85.0,780
2026-09-27T06:21:00Z,2026-09-27T08:12:00.000+02:00,A9022010250,A22 (rocade),85.0,120
2026-09-27T06:21:00Z,2026-09-27T08:12:00.000+02:00,A0001020150,A1,111.0,1140
2026-09-27T06:21:00Z,2026-09-27T08:12:00.000+02:00,N0356011700,N356,75.0,610
2026-09-27T06:21:00Z,2026-09-27T08:12:00.000+02:00,N0356021300,N356,69.0,920
2026-09-27T06:21:00Z,2026-09-27T08:12:00.000+02:00,A0022011400,A22,84.0,130
2026-09-27T06:21:00Z,2026-09-27T08:12:00.000+02:00,A0027010300,A27,94.0,240
2026-09-27T06:21:00Z,2026-09-27T08:12:00.000+02:00,A9022020250,A22 (rocade),72.0,150
2026-09-27T06:21:00Z,2026-09-27T08:12:00.000+02:00,N0041010300,N41,92.0,550
2026-09-27T06:21:00Z,2026-09-27T08:12:00.000+02:00,A0022011210,A22,76.0,80
2026-09-27T06:21:00Z,2026-09-27T08:12:00.000+02:00,A0027020100,A27,74.0,540
2026-09-27T06:21:00Z,2026-09-27T08:12:00.000+02:00,A0001010300,A1,134.0,710
2026-09-27T06:21:00Z,2026-09-27T08:12:00.000+02:00,A0022011220,A22,76.0,80
2026-09-27T06:21:00Z,2026-09-27T08:12:00.000+02:00,A9022101110,A22 (rocade),81.0,280
2026-09-27T06:21:00Z,2026-09-27T08:12:00.000+02:00,A0022022110,A22,92.0,1140
2026-09-27T06:21:00Z,2026-09-27T08:12:00.000+02:00,A0001011420,A1,92.0,650
2026-09-27T06:21:00Z,2026-09-27T08:12:00.000+02:00,N0356010800,N356,74.0,700
2026-09-27T06:21:00Z,2026-09-27T08:12:00.000+02:00,A9001210710,A1 (bretelle),76.0,130
2026-09-27T06:21:00Z,2026-09-27T08:12:00.000+02:00,N0356021110,N356,74.0,890
2026-09-27T06:21:00Z,2026-09-27T08:12:00.000+02:00,A0001010510,A1,110.0,600
2026-09-27T06:21:00Z,2026-09-27T08:12:00.000+02:00,N0356021122,N356,66.0,880
2026-09-27T06:21:00Z,2026-09-27T08:12:00.000+02:00,N0356021121,N356,74.0,890
2026-09-27T06:21:00Z,2026-09-27T08:12:00.000+02:00,A0025010210,A25,76.0,1170
2026-09-27T06:21:00Z,2026-09-27T08:12:00.000+02:00,A0025011300,A25,91.0,530
2026-09-27T06:21:00Z,2026-09-27T08:12:00.000+02:00,A0001020300,A1,112.0,1100
2026-09-27T06:21:00Z,2026-09-27T08:12:00.000+02:00,A0025021100,A25,90.0,550
2026-09-27T06:21:00Z,2026-09-27T08:12:00.000+02:00,A0025023520,A25,108.0,470
2026-09-27T06:21:00Z,2026-09-27T08:12:00.000+02:00,A0022022130,A22,103.0,1120
2026-09-27T06:21:00Z,2026-09-27T08:12:00.000+02:00,A0025010220,A25,76.0,1170
2026-09-27T06:21:00Z,2026-09-27T08:12:00.000+02:00,A0022022120,A22,97.0,1120
2026-09-27T06:21:00Z,2026-09-27T08:12:00.000+02:00,A0001010520,A1,105.0,680
2026-09-27T06:21:00Z,2026-09-27T08:12:00.000+02:00,A0022011000,A22,73.0,610
2026-09-27T06:21:00Z,2026-09-27T08:12:00.000+02:00,A0001020510,A1,110.0,1190
2026-09-27T06:21:00Z,2026-09-27T08:12:00.000+02:00,A0001021602,A1,88.0,1310
2026-09-27T06:21:00Z,2026-09-27T08:12:00.000+02:00,A22TC020222,A22 (contournement),96.0,380
2026-09-27T06:21:00Z,2026-09-27T08:12:00.000+02:00,A0001010940,A1,102.0,850
2026-09-27T06:21:00Z,2026-09-27T08:12:00.000+02:00,A0025023320,A25,111.0,640
2026-09-27T06:21:00Z,2026-09-27T08:12:00.000+02:00,A0001020520,A1,104.0,1170
2026-09-27T06:21:00Z,2026-09-27T08:12:00.000+02:00,A0025023100,A25,104.0,500
2026-09-27T06:21:00Z,2026-09-27T08:12:00.000+02:00,A22TC020230,A22 (contournement),96.0,380
2026-09-27T06:21:00Z,2026-09-27T08:12:00.000+02:00,A0025021730,A25,91.0,670
2026-09-27T06:21:00Z,2026-09-27T08:12:00.000+02:00,A0025023910,A25,117.0,340
2026-09-27T06:21:00Z,2026-09-27T08:12:00.000+02:00,A0025021735,A25,104.0,660
2026-09-27T06:21:00Z,2026-09-27T08:12:00.000+02:00,A0023010400,A23,106.0,400
2026-09-27T06:21:00Z,2026-09-27T08:12:00.000+02:00,A0022021900,A22,87.0,840
2026-09-27T06:21:00Z,2026-09-27T08:12:00.000+02:00,A9022100500,A22 (rocade),79.0,310
2026-09-27T06:21:00Z,2026-09-27T08:12:00.000+02:00,A0001020940,A1,91.0,1370
2026-09-27T06:21:00Z,2026-09-27T08:12:00.000+02:00,A0001020700,A1,98.0,880
2026-09-27T06:21:00Z,2026-09-27T08:12:00.000+02:00,A9022020830,A22 (rocade),83.0,30
2026-09-27T06:21:00Z,2026-09-27T08:12:00.000+02:00,A9022020822,A22 (rocade),99.0,340
2026-09-27T06:21:00Z,2026-09-27T08:12:00.000+02:00,A9022020821,A22 (rocade),99.0,340
2026-09-27T06:21:00Z,2026-09-27T08:12:00.000+02:00,A0025020420,A25,74.0,1010
2026-09-27T06:21:00Z,2026-09-27T08:12:00.000+02:00,A0025021510,A25,95.0,350
2026-09-27T06:21:00Z,2026-09-27T08:12:00.000+02:00,N0227010100,N227,64.0,160
2026-09-27T06:21:00Z,2026-09-27T08:12:00.000+02:00,A0025011720,A25,103.0,990
2026-09-27T06:21:00Z,2026-09-27T08:12:00.000+02:00,A0025021760,A25,91.0,650
2026-09-27T06:21:00Z,2026-09-27T08:12:00.000+02:00,A0025011730,A25,92.0,960
2026-09-27T06:21:00Z,2026-09-27T08:12:00.000+02:00,A0025011735,A25,106.0,950
2026-09-27T06:21:00Z,2026-09-27T08:12:00.000+02:00,A9025080700,A25 (bretelle),,140
2026-09-27T06:21:00Z,2026-09-27T08:12:00.000+02:00,N0356011220,N356,74.0,640
2026-09-27T06:21:00Z,2026-09-27T08:12:00.000+02:00,A0025011740,A25,92.0,950
2026-09-27T06:21:00Z,2026-09-27T08:12:00.000+02:00,A0025010410,A25,54.0,1000
2026-09-27T06:21:00Z,2026-09-27T08:12:00.000+02:00,A0023010200,A23,111.0,300
2026-09-27T06:21:00Z,2026-09-27T08:12:00.000+02:00,A9001210120,A1 (bretelle),79.0,80
2026-09-27T06:21:00Z,2026-09-27T08:12:00.000+02:00,A0025020210,A25,77.0,1000
2026-09-27T06:21:00Z,2026-09-27T08:12:00.000+02:00,N0356011210,N356,74.0,640
2026-09-27T06:21:00Z,2026-09-27T08:12:00.000+02:00,A0025011510,A25,91.0,610
2026-09-27T06:21:00Z,2026-09-27T08:12:00.000+02:00,A0025020220,A25,77.0,1000
2026-09-27T06:21:00Z,2026-09-27T08:12:00.000+02:00,N0227010302,N227,76.0,540
2026-09-27T06:21:00Z,2026-09-27T08:12:00.000+02:00,N0041010500,N41,100.0,450
2026-09-27T06:21:00Z,2026-09-27T08:12:00.000+02:00,N0227020101,N227,88.0,560
2026-09-27T06:21:00Z,2026-09-27T08:12:00.000+02:00,A9022100110,A22 (rocade),68.0,220
2026-09-27T06:21:00Z,2026-09-27T08:12:00.000+02:00,A0022010400,A22,74.0,670
2026-09-27T06:21:00Z,2026-09-27T08:12:00.000+02:00,N0356010302,N356,80.0,900
2026-09-27T06:21:00Z,2026-09-27T08:12:00.000+02:00,A0025010800,A25,74.0,790
2026-09-27T06:21:00Z,2026-09-27T08:12:00.000+02:00,A0027020621,A27,100.0,190
2026-09-27T06:21:00Z,2026-09-27T08:12:00.000+02:00,N0041010700,N41,113.0,70
2026-09-27T06:21:00Z,2026-09-27T08:12:00.000+02:00,A0027020630,A27,102.0,220
2026-09-27T06:21:00Z,2026-09-27T08:12:00.000+02:00,A0022021512,A22,83.0,760
2026-09-27T06:21:00Z,2026-09-27T08:12:00.000+02:00,A0022021511,A22,81.0,760
2026-09-27T06:21:00Z,2026-09-27T08:12:00.000+02:00,A0027020610,A27,100.0,190
2026-09-27T06:21:00Z,2026-09-27T08:12:00.000+02:00,A0025021720,A25,102.0,630
2026-09-27T06:21:00Z,2026-09-27T08:12:00.000+02:00,A0022021520,A22,83.0,760
2026-09-27T06:21:00Z,2026-09-27T08:12:00.000+02:00,A0025022140,A25,113.0,530
2026-09-27T06:21:00Z,2026-09-27T08:12:00.000+02:00,A0022011302,A22,80.0,330
2026-09-27T06:21:00Z,2026-09-27T08:12:00.000+02:00,A0025022160,A25,106.0,560
2026-09-27T06:21:00Z,2026-09-27T08:12:00.000+02:00,A9025060104,A25 (bretelle),76.0,370
2026-09-27T06:21:00Z,2026-09-27T08:12:00.000+02:00,A0027010201,A27,93.0,370
2026-09-27T06:21:00Z,2026-09-27T08:12:00.000+02:00,A0027010202,A27,85.0,210
2026-09-27T06:21:00Z,2026-09-27T08:12:00.000+02:00,N9227110110,N227 (bretelle),75.0,360
2026-09-27T06:21:00Z,2026-09-27T08:12:00.000+02:00,A0025012130,A25,108.0,660
2026-09-27T06:21:00Z,2026-09-27T08:12:00.000+02:00,A0027010210,A27,85.0,210
2026-09-27T06:21:00Z,2026-09-27T08:12:00.000+02:00,A0025011050,A25,103.0,300
2026-09-27T06:21:00Z,2026-09-27T08:12:00.000+02:00,A0027010421,A27,97.0,250
2026-09-27T06:21:00Z,2026-09-27T08:12:00.000+02:00,A0022012420,A22,98.0,720
2026-09-27T06:21:00Z,2026-09-27T08:12:00.000+02:00,A0027010430,A27,102.0,290
2026-09-27T06:21:00Z,2026-09-27T08:12:00.000+02:00,A0023020710,A23,108.0,470
2026-09-27T06:21:00Z,2026-09-27T08:12:00.000+02:00,A0022012430,A22,99.0,670
2026-09-27T06:21:00Z,2026-09-27T08:12:00.000+02:00,A0025012160,A25,131.0,850
2026-09-27T06:21:00Z,2026-09-27T08:12:00.000+02:00,A9022021200,A22 (rocade),62.0,80
2026-09-27T06:21:00Z,2026-09-27T08:12:00.000+02:00,A0001021100,A1,91.0,1090
2026-09-27T06:21:00Z,2026-09-27T08:12:00.000+02:00,A9022101000,A22 (rocade),,130
2026-09-27T06:21:00Z,2026-09-27T08:12:00.000+02:00,A0025013020,A25,116.0,730
2026-09-27T06:21:00Z,2026-09-27T08:12:00.000+02:00,A0027010410,A27,97.0,250
2026-09-27T06:21:00Z,2026-09-27T08:12:00.000+02:00,A0022012410,A22,99.0,720
2026-09-27T06:21:00Z,2026-09-27T08:12:00.000+02:00,A0001A20112,A1,89.0,660
2026-09-27T06:21:00Z,2026-09-27T08:12:00.000+02:00,A0001A20111,A1,92.0,470
2026-09-27T06:21:00Z,2026-09-27T08:12:00.000+02:00,A0001021521,A1,88.0,890
2026-09-27T06:21:00Z,2026-09-27T08:12:00.000+02:00,A0025022540,A25,104.0,380
2026-09-27T06:21:00Z,2026-09-27T08:12:00.000+02:00,A0025022300,A25,94.0,320
2026-09-27T06:21:00Z,2026-09-27T08:12:00.000+02:00,N0356021000,N356,73.0,880
2026-09-27T06:21:00Z,2026-09-27T08:12:00.000+02:00,A22TC010102,A22 (contournement),90.0,280
2026-09-27T06:21:00Z,2026-09-27T08:12:00.000+02:00,A0001011503,A1,90.0,1370
2026-09-27T06:21:00Z,2026-09-27T08:12:00.000+02:00,A0022012200,A22,85.0,640
2026-09-27T06:21:00Z,2026-09-27T08:12:00.000+02:00,A0001A20120,A1,87.0,630
2026-09-27T06:21:00Z,2026-09-27T08:12:00.000+02:00,A22TC020102,A22 (contournement),87.0,680
2026-09-27T06:21:00Z,2026-09-27T08:12:00.000+02:00,A22TC010300,A22 (contournement),87.0,610
2026-09-27T06:21:00Z,2026-09-27T08:12:00.000+02:00,A0022012010,A22,84.0,440
2026-09-27T06:21:00Z,2026-09-27T08:12:00.000+02:00,A0022012020,A22,84.0,440
2026-09-27T06:21:00Z,2026-09-27T08:12:00.000+02:00,A0025022130,A25,127.0,510
2026-09-27T06:21:00Z,2026-09-27T08:12:00.000+02:00,A0023010520,A23,111.0,420
2026-09-27T06:21:00Z,2026-09-27T08:12:00.000+02:00,N0041020800,N41,94.0,460
2026-09-27T06:21:00Z,2026-09-27T08:12:00.000+02:00,A0025010500,A25,67.0,780
2026-09-27T06:21:00Z,2026-09-27T08:12:00.000+02:00,A0022020901,A22,96.0,630
2026-09-27T06:21:00Z,2026-09-27T08:12:00.000+02:00,A0022020902,A22,96.0,500
2026-09-27T06:21:00Z,2026-09-27T08:12:00.000+02:00,A0022021810,A22,86.0,670
2026-09-27T06:21:00Z,2026-09-27T08:12:00.000+02:00,N0356011100,N356,73.0,570
2026-09-27T06:21:00Z,2026-09-27T08:12:00.000+02:00,A0022021820,A22,86.0,670
2026-09-27T06:21:00Z,2026-09-27T08:12:00.000+02:00,N0356020802,N356,73.0,920
2026-09-27T06:21:00Z,2026-09-27T08:12:00.000+02:00,A9022020900,A22 (rocade),102.0,170
2026-09-27T06:21:00Z,2026-09-27T08:12:00.000+02:00,A0025020102,A25,71.0,320
2026-09-27T06:21:00Z,2026-09-27T08:12:00.000+02:00,A0023010100,A23,117.0,10
2026-09-27T06:21:00Z,2026-09-27T08:12:00.000+02:00,A0025022530,A25,106.0,370
2026-09-27T06:21:00Z,2026-09-27T08:12:00.000+02:00,A9001210200,A1 (bretelle),73.0,290
2026-09-27T06:21:00Z,2026-09-27T08:12:00.000+02:00,A0022010700,A22,73.0,480
2026-09-27T06:21:00Z,2026-09-27T08:12:00.000+02:00,N0041020400,N41,91.0,470
2026-09-27T06:21:00Z,2026-09-27T08:12:00.000+02:00,A0023020720,A23,117.0,500
2026-09-27T06:21:00Z,2026-09-27T08:12:00.000+02:00,A0022020500,A22,96.0,380
2026-09-27T06:21:00Z,2026-09-27T08:12:00.000+02:00,A0025020950,A25,91.0,820
2026-09-27T06:21:00Z,2026-09-27T08:12:00.000+02:00,A0023020300,A23,86.0,570
2026-09-27T06:21:00Z,2026-09-27T08:12:00.000+02:00,A0001011000,A1,90.0,670
2026-09-27T06:21:00Z,2026-09-27T08:12:00.000+02:00,A0027020500,A27,96.0,130
2026-09-27T06:21:00Z,2026-09-27T08:12:00.000+02:00,N0356011500,N356,69.0,710
2026-09-27T06:21:00Z,2026-09-27T08:12:00.000+02:00,A0001010150,A1,112.0,740
2026-09-27T06:21:00Z,2026-09-27T08:12:00.000+02:00,N0356020400,N356,74.0,370
2026-09-27T06:21:00Z,2026-09-27T08:12:00.000+02:00,N0041020600,N41,100.0,50
2026-09-27T06:21:00Z,2026-09-27T08:12:00.000+02:00,A0025010700,A25,66.0,610
2026-09-27T06:21:00Z,2026-09-27T08:12:00.000+02:00,A0002011230,A2,112.0,800
2026-09-27T06:21:00Z,2026-09-27T08:12:00.000+02:00,A0025020500,A25,73.0,770
2026-09-27T06:21:00Z,2026-09-27T08:12:00.000+02:00,A0002021290,A2,111.0,890
2026-09-27T06:21:00Z,2026-09-27T08:12:00.000+02:00,A0022011600,A22,86.0,410
2026-09-27T06:31:21Z,2026-09-27T08:24:00.000+02:00,A0001011200,A1,83.0,760
2026-09-27T06:31:21Z,2026-09-27T08:24:00.000+02:00,A0027010102,A27,89.0,670
2026-09-27T06:31:21Z,2026-09-27T08:24:00.000+02:00,N0041010100,N41,88.0,300
2026-09-27T06:31:21Z,2026-09-27T08:24:00.000+02:00,A0027010101,A27,89.0,670
2026-09-27T06:31:21Z,2026-09-27T08:24:00.000+02:00,A9022010250,A22 (rocade),85.0,120
2026-09-27T06:31:21Z,2026-09-27T08:24:00.000+02:00,A0001020150,A1,113.0,1300
2026-09-27T06:31:21Z,2026-09-27T08:24:00.000+02:00,N0356011700,N356,75.0,720
2026-09-27T06:31:21Z,2026-09-27T08:24:00.000+02:00,N0356021300,N356,71.0,1000
2026-09-27T06:31:21Z,2026-09-27T08:24:00.000+02:00,A0022011400,A22,78.0,260
2026-09-27T06:31:21Z,2026-09-27T08:24:00.000+02:00,A0027010300,A27,89.0,330
2026-09-27T06:31:21Z,2026-09-27T08:24:00.000+02:00,A9022020250,A22 (rocade),74.0,170
2026-09-27T06:31:21Z,2026-09-27T08:24:00.000+02:00,N0041010300,N41,94.0,750
2026-09-27T06:31:21Z,2026-09-27T08:24:00.000+02:00,A0022011210,A22,104.0,130
2026-09-27T06:31:21Z,2026-09-27T08:24:00.000+02:00,A0027020100,A27,75.0,440
2026-09-27T06:31:21Z,2026-09-27T08:24:00.000+02:00,A0001010300,A1,137.0,690
2026-09-27T06:31:21Z,2026-09-27T08:24:00.000+02:00,A0022011220,A22,104.0,130
2026-09-27T06:31:21Z,2026-09-27T08:24:00.000+02:00,A9022101110,A22 (rocade),79.0,250
2026-09-27T06:31:21Z,2026-09-27T08:24:00.000+02:00,A0022022110,A22,94.0,1050
2026-09-27T06:31:21Z,2026-09-27T08:24:00.000+02:00,A0001011420,A1,89.0,710
2026-09-27T06:31:21Z,2026-09-27T08:24:00.000+02:00,N0356010800,N356,74.0,770
2026-09-27T06:31:21Z,2026-09-27T08:24:00.000+02:00,A9001210710,A1 (bretelle),71.0,210
2026-09-27T06:31:21Z,2026-09-27T08:24:00.000+02:00,N0356021110,N356,74.0,1110
2026-09-27T06:31:21Z,2026-09-27T08:24:00.000+02:00,A0001010510,A1,116.0,670
2026-09-27T06:31:21Z,2026-09-27T08:24:00.000+02:00,N0356021122,N356,68.0,1020
2026-09-27T06:31:21Z,2026-09-27T08:24:00.000+02:00,N0356021121,N356,74.0,1110
2026-09-27T06:31:21Z,2026-09-27T08:24:00.000+02:00,A0025010210,A25,76.0,1480
2026-09-27T06:31:21Z,2026-09-27T08:24:00.000+02:00,A0025011300,A25,90.0,440
2026-09-27T06:31:21Z,2026-09-27T08:24:00.000+02:00,A0001020300,A1,113.0,1310
2026-09-27T06:31:21Z,2026-09-27T08:24:00.000+02:00,A0025021100,A25,92.0,560
2026-09-27T06:31:21Z,2026-09-27T08:24:00.000+02:00,A0025023520,A25,113.0,430
2026-09-27T06:31:21Z,2026-09-27T08:24:00.000+02:00,A0022022130,A22,103.0,950
2026-09-27T06:31:21Z,2026-09-27T08:24:00.000+02:00,A0025010220,A25,76.0,1480
2026-09-27T06:31:21Z,2026-09-27T08:24:00.000+02:00,A0022022120,A22,98.0,1000
2026-09-27T06:31:21Z,2026-09-27T08:24:00.000+02:00,A0001010520,A1,106.0,700
2026-09-27T06:31:21Z,2026-09-27T08:24:00.000+02:00,A0022011000,A22,84.0,570
2026-09-27T06:31:21Z,2026-09-27T08:24:00.000+02:00,A0001020510,A1,111.0,1340
2026-09-27T06:31:21Z,2026-09-27T08:24:00.000+02:00,A0001021602,A1,86.0,1820
2026-09-27T06:31:21Z,2026-09-27T08:24:00.000+02:00,A22TC020222,A22 (contournement),94.0,510
2026-09-27T06:31:21Z,2026-09-27T08:24:00.000+02:00,A0001010940,A1,103.0,770
2026-09-27T06:31:21Z,2026-09-27T08:24:00.000+02:00,A0025023320,A25,114.0,640
2026-09-27T06:31:21Z,2026-09-27T08:24:00.000+02:00,A0001020520,A1,106.0,1410
2026-09-27T06:31:21Z,2026-09-27T08:24:00.000+02:00,A0025023100,A25,111.0,520
2026-09-27T06:31:21Z,2026-09-27T08:24:00.000+02:00,A22TC020230,A22 (contournement),94.0,510
2026-09-27T06:31:21Z,2026-09-27T08:24:00.000+02:00,A0025021730,A25,91.0,740
2026-09-27T06:31:21Z,2026-09-27T08:24:00.000+02:00,A0025023910,A25,119.0,400
2026-09-27T06:31:21Z,2026-09-27T08:24:00.000+02:00,A0025021735,A25,104.0,720
2026-09-27T06:31:21Z,2026-09-27T08:24:00.000+02:00,A0023010400,A23,108.0,440
2026-09-27T06:31:21Z,2026-09-27T08:24:00.000+02:00,A0022021900,A22,85.0,850
2026-09-27T06:31:21Z,2026-09-27T08:24:00.000+02:00,A9022100500,A22 (rocade),83.0,300
2026-09-27T06:31:21Z,2026-09-27T08:24:00.000+02:00,A0001020940,A1,91.0,1480
2026-09-27T06:31:21Z,2026-09-27T08:24:00.000+02:00,A0001020700,A1,102.0,1210
2026-09-27T06:31:21Z,2026-09-27T08:24:00.000+02:00,A9022020830,A22 (rocade),76.0,30
2026-09-27T06:31:21Z,2026-09-27T08:24:00.000+02:00,A9022020822,A22 (rocade),75.0,500
2026-09-27T06:31:21Z,2026-09-27T08:24:00.000+02:00,A9022020821,A22 (rocade),75.0,500
2026-09-27T06:31:21Z,2026-09-27T08:24:00.000+02:00,A0025020420,A25,73.0,1030
2026-09-27T06:31:21Z,2026-09-27T08:24:00.000+02:00,A0025021510,A25,99.0,510
2026-09-27T06:31:21Z,2026-09-27T08:24:00.000+02:00,N0227010100,N227,69.0,180
2026-09-27T06:31:21Z,2026-09-27T08:24:00.000+02:00,A0025011720,A25,101.0,1060
2026-09-27T06:31:21Z,2026-09-27T08:24:00.000+02:00,A0025021760,A25,89.0,760
2026-09-27T06:31:21Z,2026-09-27T08:24:00.000+02:00,A0025011730,A25,92.0,1090
2026-09-27T06:31:21Z,2026-09-27T08:24:00.000+02:00,A0025011735,A25,106.0,1060
2026-09-27T06:31:21Z,2026-09-27T08:24:00.000+02:00,A9025080700,A25 (bretelle),,190
2026-09-27T06:31:21Z,2026-09-27T08:24:00.000+02:00,A9022100930,A22 (rocade),73.0,10
2026-09-27T06:31:21Z,2026-09-27T08:24:00.000+02:00,N0356011220,N356,74.0,710
2026-09-27T06:31:21Z,2026-09-27T08:24:00.000+02:00,A0025011740,A25,91.0,1060
2026-09-27T06:31:21Z,2026-09-27T08:24:00.000+02:00,A0025010410,A25,70.0,1160
2026-09-27T06:31:21Z,2026-09-27T08:24:00.000+02:00,A0023010200,A23,94.0,480
2026-09-27T06:31:21Z,2026-09-27T08:24:00.000+02:00,A9001210120,A1 (bretelle),77.0,140
2026-09-27T06:31:21Z,2026-09-27T08:24:00.000+02:00,A0025020210,A25,76.0,1230
2026-09-27T06:31:21Z,2026-09-27T08:24:00.000+02:00,N0356011210,N356,74.0,710
2026-09-27T06:31:21Z,2026-09-27T08:24:00.000+02:00,A0025011510,A25,90.0,570
2026-09-27T06:31:21Z,2026-09-27T08:24:00.000+02:00,A0025020220,A25,76.0,1230
2026-09-27T06:31:21Z,2026-09-27T08:24:00.000+02:00,N0227010302,N227,76.0,580
2026-09-27T06:31:21Z,2026-09-27T08:24:00.000+02:00,N0041010500,N41,93.0,520
2026-09-27T06:31:21Z,2026-09-27T08:24:00.000+02:00,N0227020101,N227,88.0,770
2026-09-27T06:31:21Z,2026-09-27T08:24:00.000+02:00,A9022100110,A22 (rocade),74.0,80
2026-09-27T06:31:21Z,2026-09-27T08:24:00.000+02:00,A0022010400,A22,74.0,670
2026-09-27T06:31:21Z,2026-09-27T08:24:00.000+02:00,N0356010302,N356,77.0,1200
2026-09-27T06:31:21Z,2026-09-27T08:24:00.000+02:00,A0025010800,A25,75.0,800
2026-09-27T06:31:21Z,2026-09-27T08:24:00.000+02:00,A0027020621,A27,104.0,330
2026-09-27T06:31:21Z,2026-09-27T08:24:00.000+02:00,N0041010700,N41,97.0,120
2026-09-27T06:31:21Z,2026-09-27T08:24:00.000+02:00,A0027020630,A27,106.0,350
2026-09-27T06:31:21Z,2026-09-27T08:24:00.000+02:00,A0022021512,A22,80.0,730
2026-09-27T06:31:21Z,2026-09-27T08:24:00.000+02:00,A0022021511,A22,80.0,730
2026-09-27T06:31:21Z,2026-09-27T08:24:00.000+02:00,A0027020610,A27,104.0,330
2026-09-27T06:31:21Z,2026-09-27T08:24:00.000+02:00,A0025021720,A25,102.0,750
2026-09-27T06:31:21Z,2026-09-27T08:24:00.000+02:00,A0022021520,A22,80.0,730
2026-09-27T06:31:21Z,2026-09-27T08:24:00.000+02:00,A0025022140,A25,115.0,720
2026-09-27T06:31:21Z,2026-09-27T08:24:00.000+02:00,A0022011302,A22,79.0,560
2026-09-27T06:31:21Z,2026-09-27T08:24:00.000+02:00,A0025022160,A25,112.0,680
2026-09-27T06:31:21Z,2026-09-27T08:24:00.000+02:00,A9025060104,A25 (bretelle),75.0,730
2026-09-27T06:31:21Z,2026-09-27T08:24:00.000+02:00,A0027010201,A27,89.0,570
2026-09-27T06:31:21Z,2026-09-27T08:24:00.000+02:00,A0027010202,A27,89.0,270
2026-09-27T06:31:21Z,2026-09-27T08:24:00.000+02:00,N9227110110,N227 (bretelle),81.0,260
2026-09-27T06:31:21Z,2026-09-27T08:24:00.000+02:00,A0025012130,A25,112.0,690
2026-09-27T06:31:21Z,2026-09-27T08:24:00.000+02:00,A0027010210,A27,89.0,270
2026-09-27T06:31:21Z,2026-09-27T08:24:00.000+02:00,A0025011050,A25,94.0,310
2026-09-27T06:31:21Z,2026-09-27T08:24:00.000+02:00,A0027010421,A27,100.0,420
2026-09-27T06:31:21Z,2026-09-27T08:24:00.000+02:00,A0022012420,A22,101.0,910
2026-09-27T06:31:21Z,2026-09-27T08:24:00.000+02:00,A0027010430,A27,105.0,430
2026-09-27T06:31:21Z,2026-09-27T08:24:00.000+02:00,A0023020710,A23,112.0,660
2026-09-27T06:31:21Z,2026-09-27T08:24:00.000+02:00,A0022012430,A22,102.0,900
2026-09-27T06:31:21Z,2026-09-27T08:24:00.000+02:00,A0025012160,A25,130.0,950
2026-09-27T06:31:21Z,2026-09-27T08:24:00.000+02:00,A9022021200,A22 (rocade),65.0,80
2026-09-27T06:31:21Z,2026-09-27T08:24:00.000+02:00,A0001021100,A1,91.0,1300
2026-09-27T06:31:21Z,2026-09-27T08:24:00.000+02:00,A9022101000,A22 (rocade),,160
2026-09-27T06:31:21Z,2026-09-27T08:24:00.000+02:00,A0025013020,A25,117.0,810
2026-09-27T06:31:21Z,2026-09-27T08:24:00.000+02:00,A0027010410,A27,100.0,420
2026-09-27T06:31:21Z,2026-09-27T08:24:00.000+02:00,A0022012410,A22,100.0,900
2026-09-27T06:31:21Z,2026-09-27T08:24:00.000+02:00,A0001A20112,A1,90.0,640
2026-09-27T06:31:21Z,2026-09-27T08:24:00.000+02:00,A0001A20111,A1,99.0,490
2026-09-27T06:31:21Z,2026-09-27T08:24:00.000+02:00,A0001021521,A1,88.0,1150
2026-09-27T06:31:21Z,2026-09-27T08:24:00.000+02:00,A0025022540,A25,113.0,670
2026-09-27T06:31:21Z,2026-09-27T08:24:00.000+02:00,A0025022300,A25,115.0,410
2026-09-27T06:31:21Z,2026-09-27T08:24:00.000+02:00,N0356021000,N356,75.0,960
2026-09-27T06:31:21Z,2026-09-27T08:24:00.000+02:00,A22TC010102,A22 (contournement),85.0,260
2026-09-27T06:31:21Z,2026-09-27T08:24:00.000+02:00,A0001011503,A1,90.0,1480
2026-09-27T06:31:21Z,2026-09-27T08:24:00.000+02:00,A0022012200,A22,86.0,810
2026-09-27T06:31:21Z,2026-09-27T08:24:00.000+02:00,A0001A20120,A1,91.0,680
2026-09-27T06:31:21Z,2026-09-27T08:24:00.000+02:00,A22TC020102,A22 (contournement),89.0,690
2026-09-27T06:31:21Z,2026-09-27T08:24:00.000+02:00,A22TC010300,A22 (contournement),87.0,690
2026-09-27T06:31:21Z,2026-09-27T08:24:00.000+02:00,A0022012010,A22,84.0,530
2026-09-27T06:31:21Z,2026-09-27T08:24:00.000+02:00,A0022012020,A22,84.0,530
2026-09-27T06:31:21Z,2026-09-27T08:24:00.000+02:00,A0025022130,A25,126.0,670
2026-09-27T06:31:21Z,2026-09-27T08:24:00.000+02:00,A0023010520,A23,117.0,410
2026-09-27T06:31:21Z,2026-09-27T08:24:00.000+02:00,N0041020800,N41,97.0,470
2026-09-27T06:31:21Z,2026-09-27T08:24:00.000+02:00,A0025010500,A25,71.0,940
2026-09-27T06:31:21Z,2026-09-27T08:24:00.000+02:00,A0022020901,A22,82.0,680
2026-09-27T06:31:21Z,2026-09-27T08:24:00.000+02:00,A0022020902,A22,82.0,470
2026-09-27T06:31:21Z,2026-09-27T08:24:00.000+02:00,A0022021810,A22,85.0,680
2026-09-27T06:31:21Z,2026-09-27T08:24:00.000+02:00,N0356011100,N356,73.0,730
2026-09-27T06:31:21Z,2026-09-27T08:24:00.000+02:00,A0022021820,A22,85.0,680
2026-09-27T06:31:21Z,2026-09-27T08:24:00.000+02:00,N0356020802,N356,73.0,1080
2026-09-27T06:31:21Z,2026-09-27T08:24:00.000+02:00,A9022020900,A22 (rocade),83.0,300
2026-09-27T06:31:21Z,2026-09-27T08:24:00.000+02:00,A0025020102,A25,73.0,220
2026-09-27T06:31:21Z,2026-09-27T08:24:00.000+02:00,A0023010100,A23,93.0,20
2026-09-27T06:31:21Z,2026-09-27T08:24:00.000+02:00,A0025022530,A25,115.0,630
2026-09-27T06:31:21Z,2026-09-27T08:24:00.000+02:00,A9001210200,A1 (bretelle),71.0,390
2026-09-27T06:31:21Z,2026-09-27T08:24:00.000+02:00,A0022010700,A22,80.0,540
2026-09-27T06:31:21Z,2026-09-27T08:24:00.000+02:00,N0041020400,N41,97.0,590
2026-09-27T06:31:21Z,2026-09-27T08:24:00.000+02:00,A0023020720,A23,119.0,640
2026-09-27T06:31:21Z,2026-09-27T08:24:00.000+02:00,A0022020500,A22,82.0,440
2026-09-27T06:31:21Z,2026-09-27T08:24:00.000+02:00,N93563b0150,N356 (bretelle),62.0,20
2026-09-27T06:31:21Z,2026-09-27T08:24:00.000+02:00,A0025020950,A25,92.0,740
2026-09-27T06:31:21Z,2026-09-27T08:24:00.000+02:00,A0023020300,A23,94.0,610
2026-09-27T06:31:21Z,2026-09-27T08:24:00.000+02:00,A0001011000,A1,85.0,700
2026-09-27T06:31:21Z,2026-09-27T08:24:00.000+02:00,A0027020500,A27,95.0,210
2026-09-27T06:31:21Z,2026-09-27T08:24:00.000+02:00,N0356011500,N356,70.0,730
2026-09-27T06:31:21Z,2026-09-27T08:24:00.000+02:00,A0001010150,A1,111.0,730
2026-09-27T06:31:21Z,2026-09-27T08:24:00.000+02:00,N0356020400,N356,69.0,500
2026-09-27T06:31:21Z,2026-09-27T08:24:00.000+02:00,N0041020600,N41,102.0,320
2026-09-27T06:31:21Z,2026-09-27T08:24:00.000+02:00,A0025010700,A25,73.0,700
2026-09-27T06:31:21Z,2026-09-27T08:24:00.000+02:00,A0002011230,A2,113.0,1000
2026-09-27T06:31:21Z,2026-09-27T08:24:00.000+02:00,A0025020500,A25,72.0,840
2026-09-27T06:31:21Z,2026-09-27T08:24:00.000+02:00,A0002021290,A2,110.0,940
2026-09-27T06:31:21Z,2026-09-27T08:24:00.000+02:00,A0022011600,A22,83.0,460
2026-09-27T06:41:11Z,2026-09-27T08:30:00.000+02:00,A0001011200,A1,84.0,960
2026-09-27T06:41:11Z,2026-09-27T08:30:00.000+02:00,A0027010102,A27,88.0,790
2026-09-27T06:41:11Z,2026-09-27T08:30:00.000+02:00,N0041010100,N41,83.0,270
2026-09-27T06:41:11Z,2026-09-27T08:30:00.000+02:00,A0027010101,A27,88.0,790
2026-09-27T06:41:11Z,2026-09-27T08:30:00.000+02:00,A9022010250,A22 (rocade),89.0,150
2026-09-27T06:41:11Z,2026-09-27T08:30:00.000+02:00,A0001020150,A1,112.0,1330
2026-09-27T06:41:11Z,2026-09-27T08:30:00.000+02:00,N0356011700,N356,76.0,650
2026-09-27T06:41:11Z,2026-09-27T08:30:00.000+02:00,N0356021300,N356,68.0,790
2026-09-27T06:41:11Z,2026-09-27T08:30:00.000+02:00,A0022011400,A22,81.0,210
2026-09-27T06:41:11Z,2026-09-27T08:30:00.000+02:00,A0027010300,A27,89.0,200
2026-09-27T06:41:11Z,2026-09-27T08:30:00.000+02:00,A9022020250,A22 (rocade),74.0,140
2026-09-27T06:41:11Z,2026-09-27T08:30:00.000+02:00,N0041010300,N41,92.0,630
2026-09-27T06:41:11Z,2026-09-27T08:30:00.000+02:00,A0022011210,A22,84.0,170
2026-09-27T06:41:11Z,2026-09-27T08:30:00.000+02:00,A0027020100,A27,75.0,460
2026-09-27T06:41:11Z,2026-09-27T08:30:00.000+02:00,A0001010300,A1,136.0,930
2026-09-27T06:41:11Z,2026-09-27T08:30:00.000+02:00,A0022011220,A22,84.0,170
2026-09-27T06:41:11Z,2026-09-27T08:30:00.000+02:00,A9022101110,A22 (rocade),77.0,360
2026-09-27T06:41:11Z,2026-09-27T08:30:00.000+02:00,A0022022110,A22,94.0,950
2026-09-27T06:41:11Z,2026-09-27T08:30:00.000+02:00,A0001011420,A1,90.0,620
2026-09-27T06:41:11Z,2026-09-27T08:30:00.000+02:00,N0356010800,N356,76.0,700
2026-09-27T06:41:11Z,2026-09-27T08:30:00.000+02:00,A9001210710,A1 (bretelle),67.0,220
2026-09-27T06:41:11Z,2026-09-27T08:30:00.000+02:00,N0356021110,N356,73.0,740
2026-09-27T06:41:11Z,2026-09-27T08:30:00.000+02:00,A0001010510,A1,108.0,870
2026-09-27T06:41:11Z,2026-09-27T08:30:00.000+02:00,N0356021122,N356,67.0,820
2026-09-27T06:41:11Z,2026-09-27T08:30:00.000+02:00,N0356021121,N356,73.0,740
2026-09-27T06:41:11Z,2026-09-27T08:30:00.000+02:00,A0025010210,A25,77.0,1290
2026-09-27T06:41:11Z,2026-09-27T08:30:00.000+02:00,A0025011300,A25,88.0,610
2026-09-27T06:41:11Z,2026-09-27T08:30:00.000+02:00,A0001020300,A1,112.0,1330
2026-09-27T06:41:11Z,2026-09-27T08:30:00.000+02:00,A0025021100,A25,91.0,530
2026-09-27T06:41:11Z,2026-09-27T08:30:00.000+02:00,A0025023520,A25,112.0,330
2026-09-27T06:41:11Z,2026-09-27T08:30:00.000+02:00,A0022022130,A22,104.0,1010
2026-09-27T06:41:11Z,2026-09-27T08:30:00.000+02:00,A0025010220,A25,77.0,1290
2026-09-27T06:41:11Z,2026-09-27T08:30:00.000+02:00,A0022022120,A22,98.0,1020
2026-09-27T06:41:11Z,2026-09-27T08:30:00.000+02:00,A0001010520,A1,109.0,970
2026-09-27T06:41:11Z,2026-09-27T08:30:00.000+02:00,A0022011000,A22,82.0,710
2026-09-27T06:41:11Z,2026-09-27T08:30:00.000+02:00,A0001020510,A1,109.0,1420
2026-09-27T06:41:11Z,2026-09-27T08:30:00.000+02:00,A0001021602,A1,86.0,1840
2026-09-27T06:41:11Z,2026-09-27T08:30:00.000+02:00,A22TC020222,A22 (contournement),87.0,410
2026-09-27T06:41:11Z,2026-09-27T08:30:00.000+02:00,A0001010940,A1,103.0,1130
2026-09-27T06:41:11Z,2026-09-27T08:30:00.000+02:00,A0025023320,A25,119.0,600
2026-09-27T06:41:11Z,2026-09-27T08:30:00.000+02:00,A0001020520,A1,100.0,1470
2026-09-27T06:41:11Z,2026-09-27T08:30:00.000+02:00,A0025023100,A25,118.0,470
2026-09-27T06:41:11Z,2026-09-27T08:30:00.000+02:00,A22TC020230,A22 (contournement),87.0,410
2026-09-27T06:41:11Z,2026-09-27T08:30:00.000+02:00,A0025021730,A25,93.0,940
2026-09-27T06:41:11Z,2026-09-27T08:30:00.000+02:00,A0025023910,A25,116.0,240
2026-09-27T06:41:11Z,2026-09-27T08:30:00.000+02:00,A0025021735,A25,106.0,980
2026-09-27T06:41:11Z,2026-09-27T08:30:00.000+02:00,A0023010400,A23,108.0,620
2026-09-27T06:41:11Z,2026-09-27T08:30:00.000+02:00,A0022021900,A22,84.0,710
2026-09-27T06:41:11Z,2026-09-27T08:30:00.000+02:00,A9022100500,A22 (rocade),82.0,310
2026-09-27T06:41:11Z,2026-09-27T08:30:00.000+02:00,A0001020940,A1,92.0,1610
2026-09-27T06:41:11Z,2026-09-27T08:30:00.000+02:00,A0001020700,A1,94.0,1280
2026-09-27T06:41:11Z,2026-09-27T08:30:00.000+02:00,A9022020830,A22 (rocade),81.0,40
2026-09-27T06:41:11Z,2026-09-27T08:30:00.000+02:00,A9022020822,A22 (rocade),75.0,560
2026-09-27T06:41:11Z,2026-09-27T08:30:00.000+02:00,A9022020821,A22 (rocade),75.0,560
2026-09-27T06:41:11Z,2026-09-27T08:30:00.000+02:00,A0025020420,A25,73.0,1230
2026-09-27T06:41:11Z,2026-09-27T08:30:00.000+02:00,A0025021510,A25,93.0,470
2026-09-27T06:41:11Z,2026-09-27T08:30:00.000+02:00,N0227010100,N227,67.0,210
2026-09-27T06:41:11Z,2026-09-27T08:30:00.000+02:00,A0025011720,A25,100.0,1120
2026-09-27T06:41:11Z,2026-09-27T08:30:00.000+02:00,A0025021760,A25,91.0,1000
2026-09-27T06:41:11Z,2026-09-27T08:30:00.000+02:00,A0025011730,A25,91.0,1150
2026-09-27T06:41:11Z,2026-09-27T08:30:00.000+02:00,A0025011735,A25,102.0,1080
2026-09-27T06:41:11Z,2026-09-27T08:30:00.000+02:00,A9025080700,A25 (bretelle),,190
2026-09-27T06:41:11Z,2026-09-27T08:30:00.000+02:00,N0356011220,N356,75.0,700
2026-09-27T06:41:11Z,2026-09-27T08:30:00.000+02:00,A0025011740,A25,89.0,1000
2026-09-27T06:41:11Z,2026-09-27T08:30:00.000+02:00,A0025010410,A25,70.0,1120
2026-09-27T06:41:11Z,2026-09-27T08:30:00.000+02:00,A0023010200,A23,98.0,640
2026-09-27T06:41:11Z,2026-09-27T08:30:00.000+02:00,A9001210120,A1 (bretelle),78.0,150
2026-09-27T06:41:11Z,2026-09-27T08:30:00.000+02:00,A0025020210,A25,75.0,1450
2026-09-27T06:41:11Z,2026-09-27T08:30:00.000+02:00,N0356011210,N356,75.0,700
2026-09-27T06:41:11Z,2026-09-27T08:30:00.000+02:00,A0025011510,A25,90.0,830
2026-09-27T06:41:11Z,2026-09-27T08:30:00.000+02:00,A0025020220,A25,75.0,1450
2026-09-27T06:41:11Z,2026-09-27T08:30:00.000+02:00,N0227010302,N227,79.0,550
2026-09-27T06:41:11Z,2026-09-27T08:30:00.000+02:00,N0041010500,N41,81.0,480
2026-09-27T06:41:11Z,2026-09-27T08:30:00.000+02:00,N0227020101,N227,89.0,590
2026-09-27T06:41:11Z,2026-09-27T08:30:00.000+02:00,A9022100110,A22 (rocade),75.0,160
2026-09-27T06:41:11Z,2026-09-27T08:30:00.000+02:00,A0022010400,A22,77.0,790
2026-09-27T06:41:11Z,2026-09-27T08:30:00.000+02:00,N0356010302,N356,79.0,1380
2026-09-27T06:41:11Z,2026-09-27T08:30:00.000+02:00,A0025010800,A25,75.0,990
2026-09-27T06:41:11Z,2026-09-27T08:30:00.000+02:00,A0027020621,A27,102.0,270
2026-09-27T06:41:11Z,2026-09-27T08:30:00.000+02:00,N0041010700,N41,93.0,120
2026-09-27T06:41:11Z,2026-09-27T08:30:00.000+02:00,A0027020630,A27,104.0,260
2026-09-27T06:41:11Z,2026-09-27T08:30:00.000+02:00,A0022021512,A22,81.0,680
2026-09-27T06:41:11Z,2026-09-27T08:30:00.000+02:00,A0022021511,A22,81.0,670
2026-09-27T06:41:11Z,2026-09-27T08:30:00.000+02:00,A0027020610,A27,102.0,270
2026-09-27T06:41:11Z,2026-09-27T08:30:00.000+02:00,A0025021720,A25,105.0,900
2026-09-27T06:41:11Z,2026-09-27T08:30:00.000+02:00,A0022021520,A22,81.0,680
2026-09-27T06:41:11Z,2026-09-27T08:30:00.000+02:00,A0025022140,A25,117.0,870
2026-09-27T06:41:11Z,2026-09-27T08:30:00.000+02:00,A0022011302,A22,77.0,590
2026-09-27T06:41:11Z,2026-09-27T08:30:00.000+02:00,A0025022160,A25,111.0,920
2026-09-27T06:41:11Z,2026-09-27T08:30:00.000+02:00,A9025060104,A25 (bretelle),76.0,490
2026-09-27T06:41:11Z,2026-09-27T08:30:00.000+02:00,A0027010201,A27,90.0,580
2026-09-27T06:41:11Z,2026-09-27T08:30:00.000+02:00,A0027010202,A27,88.0,270
2026-09-27T06:41:11Z,2026-09-27T08:30:00.000+02:00,N9227110110,N227 (bretelle),78.0,360
2026-09-27T06:41:11Z,2026-09-27T08:30:00.000+02:00,A0025012130,A25,101.0,590
2026-09-27T06:41:11Z,2026-09-27T08:30:00.000+02:00,A0027010210,A27,88.0,270
2026-09-27T06:41:11Z,2026-09-27T08:30:00.000+02:00,A0025011050,A25,96.0,440
2026-09-27T06:41:11Z,2026-09-27T08:30:00.000+02:00,A0027010421,A27,98.0,240
2026-09-27T06:41:11Z,2026-09-27T08:30:00.000+02:00,A0022012420,A22,99.0,870
2026-09-27T06:41:11Z,2026-09-27T08:30:00.000+02:00,A0027010430,A27,101.0,240
2026-09-27T06:41:11Z,2026-09-27T08:30:00.000+02:00,A0023020710,A23,112.0,550
2026-09-27T06:41:11Z,2026-09-27T08:30:00.000+02:00,A0022012430,A22,97.0,820
2026-09-27T06:41:11Z,2026-09-27T08:30:00.000+02:00,A0025012160,A25,127.0,880
2026-09-27T06:41:11Z,2026-09-27T08:30:00.000+02:00,A9022021200,A22 (rocade),59.0,50
2026-09-27T06:41:11Z,2026-09-27T08:30:00.000+02:00,A0001021100,A1,91.0,1540
2026-09-27T06:41:11Z,2026-09-27T08:30:00.000+02:00,A9022101000,A22 (rocade),,180
2026-09-27T06:41:11Z,2026-09-27T08:30:00.000+02:00,A0025013020,A25,117.0,700
2026-09-27T06:41:11Z,2026-09-27T08:30:00.000+02:00,A0027010410,A27,98.0,240
2026-09-27T06:41:11Z,2026-09-27T08:30:00.000+02:00,A0022012410,A22,98.0,850
2026-09-27T06:41:11Z,2026-09-27T08:30:00.000+02:00,A0001A20112,A1,92.0,600
2026-09-27T06:41:11Z,2026-09-27T08:30:00.000+02:00,A0001A20111,A1,101.0,430
2026-09-27T06:41:11Z,2026-09-27T08:30:00.000+02:00,A0001021521,A1,86.0,1220
2026-09-27T06:41:11Z,2026-09-27T08:30:00.000+02:00,A0025022540,A25,116.0,600
2026-09-27T06:41:11Z,2026-09-27T08:30:00.000+02:00,A0025022300,A25,109.0,480
2026-09-27T06:41:11Z,2026-09-27T08:30:00.000+02:00,N0356021000,N356,76.0,760
2026-09-27T06:41:11Z,2026-09-27T08:30:00.000+02:00,A22TC010102,A22 (contournement),89.0,370
2026-09-27T06:41:11Z,2026-09-27T08:30:00.000+02:00,A0001011503,A1,89.0,1440
2026-09-27T06:41:11Z,2026-09-27T08:30:00.000+02:00,A0022012200,A22,83.0,680
2026-09-27T06:41:11Z,2026-09-27T08:30:00.000+02:00,A0001A20120,A1,91.0,620
2026-09-27T06:41:11Z,2026-09-27T08:30:00.000+02:00,A22TC020102,A22 (contournement),88.0,580
2026-09-27T06:41:11Z,2026-09-27T08:30:00.000+02:00,A22TC010300,A22 (contournement),86.0,580
2026-09-27T06:41:11Z,2026-09-27T08:30:00.000+02:00,A0022012010,A22,78.0,480
2026-09-27T06:41:11Z,2026-09-27T08:30:00.000+02:00,A0022012020,A22,78.0,480
2026-09-27T06:41:11Z,2026-09-27T08:30:00.000+02:00,A0025022130,A25,130.0,900
2026-09-27T06:41:11Z,2026-09-27T08:30:00.000+02:00,A0023010520,A23,113.0,620
2026-09-27T06:41:11Z,2026-09-27T08:30:00.000+02:00,N0041020800,N41,100.0,600
2026-09-27T06:41:11Z,2026-09-27T08:30:00.000+02:00,A0025010500,A25,72.0,990
2026-09-27T06:41:11Z,2026-09-27T08:30:00.000+02:00,A0022020901,A22,75.0,760
2026-09-27T06:41:11Z,2026-09-27T08:30:00.000+02:00,A0022020902,A22,75.0,690
2026-09-27T06:41:11Z,2026-09-27T08:30:00.000+02:00,A0022021810,A22,83.0,620
2026-09-27T06:41:11Z,2026-09-27T08:30:00.000+02:00,N0356011100,N356,74.0,650
2026-09-27T06:41:11Z,2026-09-27T08:30:00.000+02:00,A0022021820,A22,83.0,620
2026-09-27T06:41:11Z,2026-09-27T08:30:00.000+02:00,N0356020802,N356,74.0,810
2026-09-27T06:41:11Z,2026-09-27T08:30:00.000+02:00,A9022020900,A22 (rocade),96.0,280
2026-09-27T06:41:11Z,2026-09-27T08:30:00.000+02:00,A0025020102,A25,72.0,390
2026-09-27T06:41:11Z,2026-09-27T08:30:00.000+02:00,A0023010100,A23,100.0,30
2026-09-27T06:41:11Z,2026-09-27T08:30:00.000+02:00,A0025022530,A25,116.0,580
2026-09-27T06:41:11Z,2026-09-27T08:30:00.000+02:00,A9001210200,A1 (bretelle),69.0,440
2026-09-27T06:41:11Z,2026-09-27T08:30:00.000+02:00,A0022010700,A22,82.0,610
2026-09-27T06:41:11Z,2026-09-27T08:30:00.000+02:00,N0041020400,N41,95.0,640
2026-09-27T06:41:11Z,2026-09-27T08:30:00.000+02:00,A0023020720,A23,120.0,570
2026-09-27T06:41:11Z,2026-09-27T08:30:00.000+02:00,A0022020500,A22,75.0,490
2026-09-27T06:41:11Z,2026-09-27T08:30:00.000+02:00,N93563b0150,N356 (bretelle),63.0,10
2026-09-27T06:41:11Z,2026-09-27T08:30:00.000+02:00,A0025020950,A25,90.0,750
2026-09-27T06:41:11Z,2026-09-27T08:30:00.000+02:00,A0023020300,A23,94.0,520
2026-09-27T06:41:11Z,2026-09-27T08:30:00.000+02:00,A0001011000,A1,89.0,950
2026-09-27T06:41:11Z,2026-09-27T08:30:00.000+02:00,A0027020500,A27,96.0,210
2026-09-27T06:41:11Z,2026-09-27T08:30:00.000+02:00,N0356011500,N356,71.0,750
2026-09-27T06:41:11Z,2026-09-27T08:30:00.000+02:00,A0001010150,A1,112.0,890
2026-09-27T06:41:11Z,2026-09-27T08:30:00.000+02:00,N0356020400,N356,72.0,400
2026-09-27T06:41:11Z,2026-09-27T08:30:00.000+02:00,N0041020600,N41,102.0,430
2026-09-27T06:41:11Z,2026-09-27T08:30:00.000+02:00,A0025010700,A25,76.0,700
2026-09-27T06:41:11Z,2026-09-27T08:30:00.000+02:00,A0002011230,A2,110.0,990
2026-09-27T06:41:11Z,2026-09-27T08:30:00.000+02:00,A0025020500,A25,72.0,870
2026-09-27T06:41:11Z,2026-09-27T08:30:00.000+02:00,A0002021290,A2,110.0,950
2026-09-27T06:41:11Z,2026-09-27T08:30:00.000+02:00,A0022011600,A22,80.0,470
2026-09-27T06:51:03Z,2026-09-27T08:42:00.000+02:00,A0001011200,A1,84.0,1170
2026-09-27T06:51:03Z,2026-09-27T08:42:00.000+02:00,A0027010102,A27,89.0,1010
2026-09-27T06:51:03Z,2026-09-27T08:42:00.000+02:00,N0041010100,N41,86.0,250
2026-09-27T06:51:03Z,2026-09-27T08:42:00.000+02:00,A0027010101,A27,89.0,1010
2026-09-27T06:51:03Z,2026-09-27T08:42:00.000+02:00,A9022010250,A22 (rocade),86.0,260
2026-09-27T06:51:03Z,2026-09-27T08:42:00.000+02:00,A0001020150,A1,113.0,1280
2026-09-27T06:51:03Z,2026-09-27T08:42:00.000+02:00,N0356011700,N356,75.0,860
2026-09-27T06:51:03Z,2026-09-27T08:42:00.000+02:00,N0356021300,N356,68.0,1170
2026-09-27T06:51:03Z,2026-09-27T08:42:00.000+02:00,A0022011400,A22,82.0,280
2026-09-27T06:51:03Z,2026-09-27T08:42:00.000+02:00,A0027010300,A27,88.0,490
2026-09-27T06:51:03Z,2026-09-27T08:42:00.000+02:00,A9022020250,A22 (rocade),69.0,160
2026-09-27T06:51:03Z,2026-09-27T08:42:00.000+02:00,N0041010300,N41,90.0,830
2026-09-27T06:51:03Z,2026-09-27T08:42:00.000+02:00,A0022011210,A22,83.0,240
2026-09-27T06:51:03Z,2026-09-27T08:42:00.000+02:00,A0027020100,A27,76.0,510
2026-09-27T06:51:03Z,2026-09-27T08:42:00.000+02:00,A0001010300,A1,140.0,1010
2026-09-27T06:51:03Z,2026-09-27T08:42:00.000+02:00,A0022011220,A22,83.0,240
2026-09-27T06:51:03Z,2026-09-27T08:42:00.000+02:00,N0227021400,N227,69.0,50
2026-09-27T06:51:03Z,2026-09-27T08:42:00.000+02:00,A9022101110,A22 (rocade),78.0,340
2026-09-27T06:51:03Z,2026-09-27T08:42:00.000+02:00,A0022022110,A22,92.0,1320
2026-09-27T06:51:03Z,2026-09-27T08:42:00.000+02:00,A0001011420,A1,91.0,910
2026-09-27T06:51:03Z,2026-09-27T08:42:00.000+02:00,N0356010800,N356,77.0,790
2026-09-27T06:51:03Z,2026-09-27T08:42:00.000+02:00,A9001210710,A1 (bretelle),64.0,190
2026-09-27T06:51:03Z,2026-09-27T08:42:00.000+02:00,N0356021110,N356,73.0,1120
2026-09-27T06:51:03Z,2026-09-27T08:42:00.000+02:00,A0001010510,A1,100.0,980
2026-09-27T06:51:03Z,2026-09-27T08:42:00.000+02:00,N0356021122,N356,68.0,1170
2026-09-27T06:51:03Z,2026-09-27T08:42:00.000+02:00,N0356021121,N356,73.0,1120
2026-09-27T06:51:03Z,2026-09-27T08:42:00.000+02:00,A0025010210,A25,78.0,1430
2026-09-27T06:51:03Z,2026-09-27T08:42:00.000+02:00,A0025011300,A25,89.0,440
2026-09-27T06:51:03Z,2026-09-27T08:42:00.000+02:00,A0001020300,A1,112.0,1290
2026-09-27T06:51:03Z,2026-09-27T08:42:00.000+02:00,A0025021100,A25,92.0,740
2026-09-27T06:51:03Z,2026-09-27T08:42:00.000+02:00,A0025023520,A25,118.0,540
2026-09-27T06:51:03Z,2026-09-27T08:42:00.000+02:00,A0022022130,A22,100.0,1280
2026-09-27T06:51:03Z,2026-09-27T08:42:00.000+02:00,A0025010220,A25,78.0,1430
2026-09-27T06:51:03Z,2026-09-27T08:42:00.000+02:00,A0022022120,A22,95.0,1330
2026-09-27T06:51:03Z,2026-09-27T08:42:00.000+02:00,A0001010520,A1,108.0,1120
2026-09-27T06:51:03Z,2026-09-27T08:42:00.000+02:00,A0022011000,A22,82.0,890
2026-09-27T06:51:03Z,2026-09-27T08:42:00.000+02:00,A0001020510,A1,110.0,1330
2026-09-27T06:51:03Z,2026-09-27T08:42:00.000+02:00,A0001021602,A1,87.0,2240
2026-09-27T06:51:03Z,2026-09-27T08:42:00.000+02:00,A22TC020222,A22 (contournement),91.0,690
2026-09-27T06:51:03Z,2026-09-27T08:42:00.000+02:00,A0001010940,A1,104.0,1350
2026-09-27T06:51:03Z,2026-09-27T08:42:00.000+02:00,A0025023320,A25,120.0,800
2026-09-27T06:51:03Z,2026-09-27T08:42:00.000+02:00,A0001020520,A1,108.0,1370
2026-09-27T06:51:03Z,2026-09-27T08:42:00.000+02:00,A0025023100,A25,118.0,690
2026-09-27T06:51:03Z,2026-09-27T08:42:00.000+02:00,A22TC020230,A22 (contournement),91.0,690
2026-09-27T06:51:03Z,2026-09-27T08:42:00.000+02:00,A0025021730,A25,93.0,880
2026-09-27T06:51:03Z,2026-09-27T08:42:00.000+02:00,A0025023910,A25,121.0,470
2026-09-27T06:51:03Z,2026-09-27T08:42:00.000+02:00,A0025021735,A25,105.0,930
2026-09-27T06:51:03Z,2026-09-27T08:42:00.000+02:00,A0023010400,A23,106.0,670
2026-09-27T06:51:03Z,2026-09-27T08:42:00.000+02:00,A0022021900,A22,84.0,830
2026-09-27T06:51:03Z,2026-09-27T08:42:00.000+02:00,A9022100500,A22 (rocade),79.0,470
2026-09-27T06:51:03Z,2026-09-27T08:42:00.000+02:00,A0001020940,A1,92.0,1580
2026-09-27T06:51:03Z,2026-09-27T08:42:00.000+02:00,A0001020700,A1,101.0,1140
2026-09-27T06:51:03Z,2026-09-27T08:42:00.000+02:00,A9022020830,A22 (rocade),79.0,100
2026-09-27T06:51:03Z,2026-09-27T08:42:00.000+02:00,A9022020822,A22 (rocade),65.0,720
2026-09-27T06:51:03Z,2026-09-27T08:42:00.000+02:00,A9022020821,A22 (rocade),65.0,720
2026-09-27T06:51:03Z,2026-09-27T08:42:00.000+02:00,A0025020420,A25,73.0,1270
2026-09-27T06:51:03Z,2026-09-27T08:42:00.000+02:00,A0025021510,A25,89.0,560
2026-09-27T06:51:03Z,2026-09-27T08:42:00.000+02:00,N0227010100,N227,65.0,290
2026-09-27T06:51:03Z,2026-09-27T08:42:00.000+02:00,A0025011720,A25,103.0,950
2026-09-27T06:51:03Z,2026-09-27T08:42:00.000+02:00,A0025021760,A25,89.0,970
2026-09-27T06:51:03Z,2026-09-27T08:42:00.000+02:00,A0025011730,A25,92.0,870
2026-09-27T06:51:03Z,2026-09-27T08:42:00.000+02:00,A0025011735,A25,104.0,950
2026-09-27T06:51:03Z,2026-09-27T08:42:00.000+02:00,A9025080700,A25 (bretelle),,290
2026-09-27T06:51:03Z,2026-09-27T08:42:00.000+02:00,A9022100930,A22 (rocade),75.0,90
2026-09-27T06:51:03Z,2026-09-27T08:42:00.000+02:00,N0356011220,N356,74.0,810
2026-09-27T06:51:03Z,2026-09-27T08:42:00.000+02:00,A0025011740,A25,90.0,930
2026-09-27T06:51:03Z,2026-09-27T08:42:00.000+02:00,A0025010410,A25,72.0,1110
2026-09-27T06:51:03Z,2026-09-27T08:42:00.000+02:00,A0023010200,A23,106.0,610
2026-09-27T06:51:03Z,2026-09-27T08:42:00.000+02:00,A9001210120,A1 (bretelle),77.0,150
2026-09-27T06:51:03Z,2026-09-27T08:42:00.000+02:00,A0025020210,A25,76.0,1680
2026-09-27T06:51:03Z,2026-09-27T08:42:00.000+02:00,N0356011210,N356,74.0,810
2026-09-27T06:51:03Z,2026-09-27T08:42:00.000+02:00,A0025011510,A25,87.0,700
2026-09-27T06:51:03Z,2026-09-27T08:42:00.000+02:00,A0025020220,A25,76.0,1680
2026-09-27T06:51:03Z,2026-09-27T08:42:00.000+02:00,N0227010302,N227,76.0,640
2026-09-27T06:51:03Z,2026-09-27T08:42:00.000+02:00,N0041010500,N41,76.0,640
2026-09-27T06:51:03Z,2026-09-27T08:42:00.000+02:00,N0227020101,N227,91.0,750
2026-09-27T06:51:03Z,2026-09-27T08:42:00.000+02:00,A9022100110,A22 (rocade),69.0,190
2026-09-27T06:51:03Z,2026-09-27T08:42:00.000+02:00,A0022010400,A22,74.0,960
2026-09-27T06:51:03Z,2026-09-27T08:42:00.000+02:00,N0356010302,N356,79.0,1320
2026-09-27T06:51:03Z,2026-09-27T08:42:00.000+02:00,A0025010800,A25,73.0,830
2026-09-27T06:51:03Z,2026-09-27T08:42:00.000+02:00,A0027020621,A27,104.0,380
2026-09-27T06:51:03Z,2026-09-27T08:42:00.000+02:00,N0041010700,N41,99.0,200
2026-09-27T06:51:03Z,2026-09-27T08:42:00.000+02:00,A0027020630,A27,105.0,380
2026-09-27T06:51:03Z,2026-09-27T08:42:00.000+02:00,A0022021512,A22,83.0,780
2026-09-27T06:51:03Z,2026-09-27T08:42:00.000+02:00,A0022021511,A22,84.0,780
2026-09-27T06:51:03Z,2026-09-27T08:42:00.000+02:00,A0027020610,A27,104.0,380
2026-09-27T06:51:03Z,2026-09-27T08:42:00.000+02:00,A0025021720,A25,105.0,950
2026-09-27T06:51:03Z,2026-09-27T08:42:00.000+02:00,A0022021520,A22,83.0,780
2026-09-27T06:51:03Z,2026-09-27T08:42:00.000+02:00,A0025022140,A25,117.0,850
2026-09-27T06:51:03Z,2026-09-27T08:42:00.000+02:00,A0022011302,A22,77.0,750
2026-09-27T06:51:03Z,2026-09-27T08:42:00.000+02:00,A0025022160,A25,113.0,830
2026-09-27T06:51:03Z,2026-09-27T08:42:00.000+02:00,A9025060104,A25 (bretelle),69.0,750
2026-09-27T06:51:03Z,2026-09-27T08:42:00.000+02:00,A0027010201,A27,89.0,730
2026-09-27T06:51:03Z,2026-09-27T08:42:00.000+02:00,A0027010202,A27,89.0,200
2026-09-27T06:51:03Z,2026-09-27T08:42:00.000+02:00,N9227110110,N227 (bretelle),77.0,540
2026-09-27T06:51:03Z,2026-09-27T08:42:00.000+02:00,A0025012130,A25,110.0,710
2026-09-27T06:51:03Z,2026-09-27T08:42:00.000+02:00,A0027010210,A27,89.0,200
2026-09-27T06:51:03Z,2026-09-27T08:42:00.000+02:00,A0025011050,A25,84.0,250
2026-09-27T06:51:03Z,2026-09-27T08:42:00.000+02:00,A0027010421,A27,96.0,580
2026-09-27T06:51:03Z,2026-09-27T08:42:00.000+02:00,A0022012420,A22,97.0,710
2026-09-27T06:51:03Z,2026-09-27T08:42:00.000+02:00,A0027010430,A27,102.0,600
2026-09-27T06:51:03Z,2026-09-27T08:42:00.000+02:00,A0023020710,A23,110.0,700
2026-09-27T06:51:03Z,2026-09-27T08:42:00.000+02:00,A0022012430,A22,99.0,710
2026-09-27T06:51:03Z,2026-09-27T08:42:00.000+02:00,A0025012160,A25,125.0,1120
2026-09-27T06:51:03Z,2026-09-27T08:42:00.000+02:00,A9022021200,A22 (rocade),64.0,30
2026-09-27T06:51:03Z,2026-09-27T08:42:00.000+02:00,A0001021100,A1,92.0,1540
2026-09-27T06:51:03Z,2026-09-27T08:42:00.000+02:00,A9022101000,A22 (rocade),,170
2026-09-27T06:51:03Z,2026-09-27T08:42:00.000+02:00,A0025013020,A25,114.0,960
2026-09-27T06:51:03Z,2026-09-27T08:42:00.000+02:00,A0027010410,A27,96.0,580
2026-09-27T06:51:03Z,2026-09-27T08:42:00.000+02:00,A0022012410,A22,97.0,680
2026-09-27T06:51:03Z,2026-09-27T08:42:00.000+02:00,A0001A20112,A1,92.0,650
2026-09-27T06:51:03Z,2026-09-27T08:42:00.000+02:00,A0001A20111,A1,92.0,580
2026-09-27T06:51:03Z,2026-09-27T08:42:00.000+02:00,A0001021521,A1,89.0,1270
2026-09-27T06:51:03Z,2026-09-27T08:42:00.000+02:00,A0025022540,A25,117.0,650
2026-09-27T06:51:03Z,2026-09-27T08:42:00.000+02:00,A0025022300,A25,115.0,440
2026-09-27T06:51:03Z,2026-09-27T08:42:00.000+02:00,N0356021000,N356,75.0,990
2026-09-27T06:51:03Z,2026-09-27T08:42:00.000+02:00,A22TC010102,A22 (contournement),90.0,450
2026-09-27T06:51:03Z,2026-09-27T08:42:00.000+02:00,A0001011503,A1,92.0,1610
2026-09-27T06:51:03Z,2026-09-27T08:42:00.000+02:00,A0022012200,A22,85.0,630
2026-09-27T06:51:03Z,2026-09-27T08:42:00.000+02:00,A0001A20120,A1,93.0,670
2026-09-27T06:51:03Z,2026-09-27T08:42:00.000+02:00,A22TC020102,A22 (contournement),89.0,640
2026-09-27T06:51:03Z,2026-09-27T08:42:00.000+02:00,A22TC010300,A22 (contournement),87.0,650
2026-09-27T06:51:03Z,2026-09-27T08:42:00.000+02:00,A0022012010,A22,82.0,530
2026-09-27T06:51:03Z,2026-09-27T08:42:00.000+02:00,A0022012020,A22,82.0,530
2026-09-27T06:51:03Z,2026-09-27T08:42:00.000+02:00,A0025022130,A25,133.0,810
2026-09-27T06:51:03Z,2026-09-27T08:42:00.000+02:00,A0023010520,A23,112.0,690
2026-09-27T06:51:03Z,2026-09-27T08:42:00.000+02:00,N0041020800,N41,99.0,610
2026-09-27T06:51:03Z,2026-09-27T08:42:00.000+02:00,A0025010500,A25,71.0,880
2026-09-27T06:51:03Z,2026-09-27T08:42:00.000+02:00,A0022020901,A22,85.0,810
2026-09-27T06:51:03Z,2026-09-27T08:42:00.000+02:00,A0022020902,A22,85.0,820
2026-09-27T06:51:03Z,2026-09-27T08:42:00.000+02:00,A0022021810,A22,84.0,750
2026-09-27T06:51:03Z,2026-09-27T08:42:00.000+02:00,N0356011100,N356,75.0,810
2026-09-27T06:51:03Z,2026-09-27T08:42:00.000+02:00,A0022021820,A22,84.0,750
2026-09-27T06:51:03Z,2026-09-27T08:42:00.000+02:00,N0356020802,N356,73.0,1180
2026-09-27T06:51:03Z,2026-09-27T08:42:00.000+02:00,A9022020900,A22 (rocade),102.0,270
2026-09-27T06:51:03Z,2026-09-27T08:42:00.000+02:00,A0025020102,A25,72.0,170
2026-09-27T06:51:03Z,2026-09-27T08:42:00.000+02:00,A0023010100,A23,100.0,20
2026-09-27T06:51:03Z,2026-09-27T08:42:00.000+02:00,A0025022530,A25,118.0,640
2026-09-27T06:51:03Z,2026-09-27T08:42:00.000+02:00,A9001210200,A1 (bretelle),69.0,340
2026-09-27T06:51:03Z,2026-09-27T08:42:00.000+02:00,A0022010700,A22,78.0,810
2026-09-27T06:51:03Z,2026-09-27T08:42:00.000+02:00,N0041020400,N41,95.0,620
2026-09-27T06:51:03Z,2026-09-27T08:42:00.000+02:00,A0023020720,A23,118.0,670
2026-09-27T06:51:03Z,2026-09-27T08:42:00.000+02:00,A0022020500,A22,85.0,430
2026-09-27T06:51:03Z,2026-09-27T08:42:00.000+02:00,N93563b0150,N356 (bretelle),60.0,10
2026-09-27T06:51:03Z,2026-09-27T08:42:00.000+02:00,A0025020950,A25,93.0,1010
2026-09-27T06:51:03Z,2026-09-27T08:42:00.000+02:00,A0023020300,A23,121.0,570
2026-09-27T06:51:03Z,2026-09-27T08:42:00.000+02:00,A0001011000,A1,89.0,1110
2026-09-27T06:51:03Z,2026-09-27T08:42:00.000+02:00,A0027020500,A27,98.0,240
2026-09-27T06:51:03Z,2026-09-27T08:42:00.000+02:00,N0356011500,N356,73.0,890
2026-09-27T06:51:03Z,2026-09-27T08:42:00.000+02:00,A0001010150,A1,115.0,1010
2026-09-27T06:51:03Z,2026-09-27T08:42:00.000+02:00,N0356020400,N356,73.0,470
2026-09-27T06:51:03Z,2026-09-27T08:42:00.000+02:00,N0041020600,N41,102.0,360
2026-09-27T06:51:03Z,2026-09-27T08:42:00.000+02:00,A0025010700,A25,71.0,850
2026-09-27T06:51:03Z,2026-09-27T08:42:00.000+02:00,A0002011230,A2,114.0,980
2026-09-27T06:51:03Z,2026-09-27T08:42:00.000+02:00,A0025020500,A25,73.0,900
2026-09-27T06:51:03Z,2026-09-27T08:42:00.000+02:00,A0002021290,A2,112.0,910
2026-09-27T06:51:03Z,2026-09-27T08:42:00.000+02:00,A0022011600,A22,81.0,490
2026-09-27T07:01:38Z,2026-09-27T08:54:00.000+02:00,A0001011200,A1,84.0,1170
2026-09-27T07:01:38Z,2026-09-27T08:54:00.000+02:00,A0027010102,A27,84.0,1200
2026-09-27T07:01:38Z,2026-09-27T08:54:00.000+02:00,N0041010100,N41,88.0,430
2026-09-27T07:01:38Z,2026-09-27T08:54:00.000+02:00,A0027010101,A27,84.0,1200
2026-09-27T07:01:38Z,2026-09-27T08:54:00.000+02:00,A9022010250,A22 (rocade),87.0,210
2026-09-27T07:01:38Z,2026-09-27T08:54:00.000+02:00,A0001020150,A1,115.0,1530
2026-09-27T07:01:38Z,2026-09-27T08:54:00.000+02:00,N0356011700,N356,75.0,940
2026-09-27T07:01:38Z,2026-09-27T08:54:00.000+02:00,N9227110200,N227 (bretelle),74.0,10
2026-09-27T07:01:38Z,2026-09-27T08:54:00.000+02:00,N0356021300,N356,71.0,1170
2026-09-27T07:01:38Z,2026-09-27T08:54:00.000+02:00,A0022011400,A22,77.0,230
2026-09-27T07:01:38Z,2026-09-27T08:54:00.000+02:00,A0027010300,A27,91.0,470
2026-09-27T07:01:38Z,2026-09-27T08:54:00.000+02:00,A9022020250,A22 (rocade),73.0,160
2026-09-27T07:01:38Z,2026-09-27T08:54:00.000+02:00,N0041010300,N41,95.0,840
2026-09-27T07:01:38Z,2026-09-27T08:54:00.000+02:00,A0022011210,A22,80.0,200
2026-09-27T07:01:38Z,2026-09-27T08:54:00.000+02:00,A0027020100,A27,73.0,650
2026-09-27T07:01:38Z,2026-09-27T08:54:00.000+02:00,A0001010300,A1,138.0,1080
2026-09-27T07:01:38Z,2026-09-27T08:54:00.000+02:00,A0022011220,A22,80.0,200
2026-09-27T07:01:38Z,2026-09-27T08:54:00.000+02:00,N0227021400,N227,68.0,10
2026-09-27T07:01:38Z,2026-09-27T08:54:00.000+02:00,A9022101110,A22 (rocade),81.0,350
2026-09-27T07:01:38Z,2026-09-27T08:54:00.000+02:00,A0022022110,A22,94.0,1330
2026-09-27T07:01:38Z,2026-09-27T08:54:00.000+02:00,A0001011420,A1,91.0,930
2026-09-27T07:01:38Z,2026-09-27T08:54:00.000+02:00,N0356010800,N356,74.0,1000
2026-09-27T07:01:38Z,2026-09-27T08:54:00.000+02:00,A9001210710,A1 (bretelle),74.0,270
2026-09-27T07:01:38Z,2026-09-27T08:54:00.000+02:00,N0356021110,N356,76.0,1430
2026-09-27T07:01:38Z,2026-09-27T08:54:00.000+02:00,A0001010510,A1,113.0,1080
2026-09-27T07:01:38Z,2026-09-27T08:54:00.000+02:00,N0356021122,N356,67.0,1340
2026-09-27T07:01:38Z,2026-09-27T08:54:00.000+02:00,N0356021121,N356,76.0,1430
2026-09-27T07:01:38Z,2026-09-27T08:54:00.000+02:00,A0025010210,A25,76.0,1720
2026-09-27T07:01:38Z,2026-09-27T08:54:00.000+02:00,A0025011300,A25,89.0,560
2026-09-27T07:01:38Z,2026-09-27T08:54:00.000+02:00,A0001020300,A1,115.0,1450
2026-09-27T07:01:38Z,2026-09-27T08:54:00.000+02:00,A0025021100,A25,92.0,960
2026-09-27T07:01:38Z,2026-09-27T08:54:00.000+02:00,A0025023520,A25,114.0,520
2026-09-27T07:01:38Z,2026-09-27T08:54:00.000+02:00,A0022022130,A22,103.0,1340
2026-09-27T07:01:38Z,2026-09-27T08:54:00.000+02:00,A0025010220,A25,76.0,1720
2026-09-27T07:01:38Z,2026-09-27T08:54:00.000+02:00,A0022022120,A22,98.0,1350
2026-09-27T07:01:38Z,2026-09-27T08:54:00.000+02:00,A0001010520,A1,107.0,1170
2026-09-27T07:01:38Z,2026-09-27T08:54:00.000+02:00,A0022011000,A22,77.0,1010
2026-09-27T07:01:38Z,2026-09-27T08:54:00.000+02:00,A0001020510,A1,111.0,1590
2026-09-27T07:01:38Z,2026-09-27T08:54:00.000+02:00,A0001021602,A1,87.0,2130
2026-09-27T07:01:38Z,2026-09-27T08:54:00.000+02:00,A22TC020222,A22 (contournement),95.0,890
2026-09-27T07:01:38Z,2026-09-27T08:54:00.000+02:00,A0001010940,A1,105.0,1470
2026-09-27T07:01:38Z,2026-09-27T08:54:00.000+02:00,A0025023320,A25,115.0,810
2026-09-27T07:01:38Z,2026-09-27T08:54:00.000+02:00,A0001020520,A1,106.0,1550
2026-09-27T07:01:38Z,2026-09-27T08:54:00.000+02:00,A0025023100,A25,113.0,660
2026-09-27T07:01:38Z,2026-09-27T08:54:00.000+02:00,A22TC020230,A22 (contournement),95.0,890
2026-09-27T07:01:38Z,2026-09-27T08:54:00.000+02:00,A0025021730,A25,94.0,1180
2026-09-27T07:01:38Z,2026-09-27T08:54:00.000+02:00,A0025023910,A25,117.0,510
2026-09-27T07:01:38Z,2026-09-27T08:54:00.000+02:00,A0025021735,A25,107.0,1250
2026-09-27T07:01:38Z,2026-09-27T08:54:00.000+02:00,A0023010400,A23,110.0,560
2026-09-27T07:01:38Z,2026-09-27T08:54:00.000+02:00,A0022021900,A22,86.0,960
2026-09-27T07:01:38Z,2026-09-27T08:54:00.000+02:00,A9022100500,A22 (rocade),82.0,510
2026-09-27T07:01:38Z,2026-09-27T08:54:00.000+02:00,A0001020940,A1,91.0,1660
2026-09-27T07:01:38Z,2026-09-27T08:54:00.000+02:00,A0001020700,A1,102.0,1310
2026-09-27T07:01:38Z,2026-09-27T08:54:00.000+02:00,A9022020830,A22 (rocade),79.0,190
2026-09-27T07:01:38Z,2026-09-27T08:54:00.000+02:00,A9022020822,A22 (rocade),73.0,630
2026-09-27T07:01:38Z,2026-09-27T08:54:00.000+02:00,A9022020821,A22 (rocade),73.0,630
2026-09-27T07:01:38Z,2026-09-27T08:54:00.000+02:00,A0025020420,A25,75.0,1590
2026-09-27T07:01:38Z,2026-09-27T08:54:00.000+02:00,A0025021510,A25,98.0,690
2026-09-27T07:01:38Z,2026-09-27T08:54:00.000+02:00,N0227010100,N227,69.0,450
2026-09-27T07:01:38Z,2026-09-27T08:54:00.000+02:00,A0025011720,A25,102.0,1270
2026-09-27T07:01:38Z,2026-09-27T08:54:00.000+02:00,A0025021760,A25,92.0,1120
2026-09-27T07:01:38Z,2026-09-27T08:54:00.000+02:00,A0025011730,A25,92.0,1260
2026-09-27T07:01:38Z,2026-09-27T08:54:00.000+02:00,A0025011735,A25,106.0,1250
2026-09-27T07:01:38Z,2026-09-27T08:54:00.000+02:00,A9025080700,A25 (bretelle),,210
2026-09-27T07:01:38Z,2026-09-27T08:54:00.000+02:00,A9022100930,A22 (rocade),66.0,50
2026-09-27T07:01:38Z,2026-09-27T08:54:00.000+02:00,N0356011220,N356,74.0,980
2026-09-27T07:01:38Z,2026-09-27T08:54:00.000+02:00,A0025011740,A25,89.0,1330
2026-09-27T07:01:38Z,2026-09-27T08:54:00.000+02:00,A0025010410,A25,75.0,1050
2026-09-27T07:01:38Z,2026-09-27T08:54:00.000+02:00,A0023010200,A23,93.0,590
2026-09-27T07:01:38Z,2026-09-27T08:54:00.000+02:00,A9001210120,A1 (bretelle),85.0,150
2026-09-27T07:01:38Z,2026-09-27T08:54:00.000+02:00,A0025020210,A25,78.0,1880
2026-09-27T07:01:38Z,2026-09-27T08:54:00.000+02:00,N0356011210,N356,74.0,980
2026-09-27T07:01:38Z,2026-09-27T08:54:00.000+02:00,A0025011510,A25,90.0,780
2026-09-27T07:01:38Z,2026-09-27T08:54:00.000+02:00,A0025020220,A25,78.0,1880
2026-09-27T07:01:38Z,2026-09-27T08:54:00.000+02:00,N0227010302,N227,80.0,840
2026-09-27T07:01:38Z,2026-09-27T08:54:00.000+02:00,N0041010500,N41,97.0,620
2026-09-27T07:01:38Z,2026-09-27T08:54:00.000+02:00,N0227020101,N227,91.0,780
2026-09-27T07:01:38Z,2026-09-27T08:54:00.000+02:00,A9022100110,A22 (rocade),69.0,330
2026-09-27T07:01:38Z,2026-09-27T08:54:00.000+02:00,A0022010400,A22,75.0,880
2026-09-27T07:01:38Z,2026-09-27T08:54:00.000+02:00,N0356010302,N356,78.0,1610
2026-09-27T07:01:38Z,2026-09-27T08:54:00.000+02:00,A0025010800,A25,74.0,760
2026-09-27T07:01:38Z,2026-09-27T08:54:00.000+02:00,A0027020621,A27,105.0,380
2026-09-27T07:01:38Z,2026-09-27T08:54:00.000+02:00,N0041010700,N41,100.0,180
2026-09-27T07:01:38Z,2026-09-27T08:54:00.000+02:00,A0027020630,A27,107.0,400
2026-09-27T07:01:38Z,2026-09-27T08:54:00.000+02:00,A0022021512,A22,81.0,840
2026-09-27T07:01:38Z,2026-09-27T08:54:00.000+02:00,A0022021511,A22,80.0,810
2026-09-27T07:01:38Z,2026-09-27T08:54:00.000+02:00,A0027020610,A27,105.0,380
2026-09-27T07:01:38Z,2026-09-27T08:54:00.000+02:00,A0025021720,A25,106.0,1190
2026-09-27T07:01:38Z,2026-09-27T08:54:00.000+02:00,A0022021520,A22,81.0,840
2026-09-27T07:01:38Z,2026-09-27T08:54:00.000+02:00,A0025022140,A25,116.0,910
2026-09-27T07:01:38Z,2026-09-27T08:54:00.000+02:00,A0022011302,A22,76.0,620
2026-09-27T07:01:38Z,2026-09-27T08:54:00.000+02:00,A0025022160,A25,110.0,860
2026-09-27T07:01:38Z,2026-09-27T08:54:00.000+02:00,A9025060104,A25 (bretelle),75.0,670
2026-09-27T07:01:38Z,2026-09-27T08:54:00.000+02:00,A0027010201,A27,92.0,670
2026-09-27T07:01:38Z,2026-09-27T08:54:00.000+02:00,A0027010202,A27,84.0,390
2026-09-27T07:01:38Z,2026-09-27T08:54:00.000+02:00,N9227110110,N227 (bretelle),75.0,430
2026-09-27T07:01:38Z,2026-09-27T08:54:00.000+02:00,A0025012130,A25,111.0,740
2026-09-27T07:01:38Z,2026-09-27T08:54:00.000+02:00,A0027010210,A27,84.0,390
2026-09-27T07:01:38Z,2026-09-27T08:54:00.000+02:00,A0025011050,A25,89.0,360
2026-09-27T07:01:38Z,2026-09-27T08:54:00.000+02:00,A0027010421,A27,99.0,650
2026-09-27T07:01:38Z,2026-09-27T08:54:00.000+02:00,A0022012420,A22,97.0,960
2026-09-27T07:01:38Z,2026-09-27T08:54:00.000+02:00,A0027010430,A27,102.0,690
2026-09-27T07:01:38Z,2026-09-27T08:54:00.000+02:00,A0023020710,A23,108.0,450
2026-09-27T07:01:38Z,2026-09-27T08:54:00.000+02:00,A0022012430,A22,98.0,930
2026-09-27T07:01:38Z,2026-09-27T08:54:00.000+02:00,A0025012160,A25,128.0,1150
2026-09-27T07:01:38Z,2026-09-27T08:54:00.000+02:00,A9022021200,A22 (rocade),64.0,100
2026-09-27T07:01:38Z,2026-09-27T08:54:00.000+02:00,A0001021100,A1,89.0,1450
2026-09-27T07:01:38Z,2026-09-27T08:54:00.000+02:00,A9022101000,A22 (rocade),83.0,270
2026-09-27T07:01:38Z,2026-09-27T08:54:00.000+02:00,A0025013020,A25,115.0,850
2026-09-27T07:01:38Z,2026-09-27T08:54:00.000+02:00,A0027010410,A27,99.0,650
2026-09-27T07:01:38Z,2026-09-27T08:54:00.000+02:00,A0022012410,A22,98.0,970
2026-09-27T07:01:38Z,2026-09-27T08:54:00.000+02:00,A0001A20112,A1,91.0,690
2026-09-27T07:01:38Z,2026-09-27T08:54:00.000+02:00,A0001A20111,A1,104.0,590
2026-09-27T07:01:38Z,2026-09-27T08:54:00.000+02:00,A0001021521,A1,87.0,1280
2026-09-27T07:01:38Z,2026-09-27T08:54:00.000+02:00,A0025022540,A25,117.0,700
2026-09-27T07:01:38Z,2026-09-27T08:54:00.000+02:00,A0025022300,A25,112.0,450
2026-09-27T07:01:38Z,2026-09-27T08:54:00.000+02:00,N0356021000,N356,77.0,1300
2026-09-27T07:01:38Z,2026-09-27T08:54:00.000+02:00,A22TC010102,A22 (contournement),88.0,540
2026-09-27T07:01:38Z,2026-09-27T08:54:00.000+02:00,A0001011503,A1,92.0,1860
2026-09-27T07:01:38Z,2026-09-27T08:54:00.000+02:00,A0022012200,A22,81.0,850
2026-09-27T07:01:38Z,2026-09-27T08:54:00.000+02:00,A0001A20120,A1,91.0,720
2026-09-27T07:01:38Z,2026-09-27T08:54:00.000+02:00,A22TC020102,A22 (contournement),87.0,760
2026-09-27T07:01:38Z,2026-09-27T08:54:00.000+02:00,A22TC010300,A22 (contournement),86.0,780
2026-09-27T07:01:38Z,2026-09-27T08:54:00.000+02:00,A0022012010,A22,79.0,620
2026-09-27T07:01:38Z,2026-09-27T08:54:00.000+02:00,A0022012020,A22,79.0,620
2026-09-27T07:01:38Z,2026-09-27T08:54:00.000+02:00,A0025022130,A25,131.0,900
2026-09-27T07:01:38Z,2026-09-27T08:54:00.000+02:00,A0023010520,A23,116.0,530
2026-09-27T07:01:38Z,2026-09-27T08:54:00.000+02:00,N0041020800,N41,99.0,800
2026-09-27T07:01:38Z,2026-09-27T08:54:00.000+02:00,A0025010500,A25,71.0,810
2026-09-27T07:01:38Z,2026-09-27T08:54:00.000+02:00,A0022020901,A22,79.0,1120
2026-09-27T07:01:38Z,2026-09-27T08:54:00.000+02:00,A0022020902,A22,79.0,940
2026-09-27T07:01:38Z,2026-09-27T08:54:00.000+02:00,A0022021810,A22,82.0,850
2026-09-27T07:01:38Z,2026-09-27T08:54:00.000+02:00,N0356011100,N356,74.0,960
2026-09-27T07:01:38Z,2026-09-27T08:54:00.000+02:00,A0022021820,A22,82.0,850
2026-09-27T07:01:38Z,2026-09-27T08:54:00.000+02:00,N0356020802,N356,73.0,1540
2026-09-27T07:01:38Z,2026-09-27T08:54:00.000+02:00,A9022020900,A22 (rocade),102.0,290
2026-09-27T07:01:38Z,2026-09-27T08:54:00.000+02:00,A0025020102,A25,77.0,100
2026-09-27T07:01:38Z,2026-09-27T08:54:00.000+02:00,A0023010100,A23,89.0,10
2026-09-27T07:01:38Z,2026-09-27T08:54:00.000+02:00,A0025022530,A25,117.0,690
2026-09-27T07:01:38Z,2026-09-27T08:54:00.000+02:00,A9001210200,A1 (bretelle),72.0,510
2026-09-27T07:01:38Z,2026-09-27T08:54:00.000+02:00,A0022010700,A22,78.0,720
2026-09-27T07:01:38Z,2026-09-27T08:54:00.000+02:00,N0041020400,N41,93.0,840
2026-09-27T07:01:38Z,2026-09-27T08:54:00.000+02:00,A0023020720,A23,116.0,460
2026-09-27T07:01:38Z,2026-09-27T08:54:00.000+02:00,A0022020500,A22,79.0,660
2026-09-27T07:01:38Z,2026-09-27T08:54:00.000+02:00,N93563b0150,N356 (bretelle),75.0,20
2026-09-27T07:01:38Z,2026-09-27T08:54:00.000+02:00,A0025020950,A25,92.0,1320
2026-09-27T07:01:38Z,2026-09-27T08:54:00.000+02:00,A0023020300,A23,99.0,470
2026-09-27T07:01:38Z,2026-09-27T08:54:00.000+02:00,A0001011000,A1,91.0,1060
2026-09-27T07:01:38Z,2026-09-27T08:54:00.000+02:00,A0027020500,A27,94.0,270
2026-09-27T07:01:38Z,2026-09-27T08:54:00.000+02:00,N0356011500,N356,70.0,1000
2026-09-27T07:01:38Z,2026-09-27T08:54:00.000+02:00,A0001010150,A1,113.0,1090
2026-09-27T07:01:38Z,2026-09-27T08:54:00.000+02:00,N0356020400,N356,72.0,630
2026-09-27T07:01:38Z,2026-09-27T08:54:00.000+02:00,N0041020600,N41,101.0,670
2026-09-27T07:01:38Z,2026-09-27T08:54:00.000+02:00,A0025010700,A25,71.0,650
2026-09-27T07:01:38Z,2026-09-27T08:54:00.000+02:00,A0002011230,A2,112.0,1100
2026-09-27T07:01:38Z,2026-09-27T08:54:00.000+02:00,A0025020500,A25,74.0,1100
2026-09-27T07:01:38Z,2026-09-27T08:54:00.000+02:00,A0002021290,A2,111.0,980
2026-09-27T07:01:38Z,2026-09-27T08:54:00.000+02:00,A0022011600,A22,80.0,510
2026-09-27T07:11:12Z,2026-09-27T09:00:00.000+02:00,A0001011200,A1,82.0,1230
2026-09-27T07:11:12Z,2026-09-27T09:00:00.000+02:00,A0027010102,A27,104.0,940
2026-09-27T07:11:12Z,2026-09-27T09:00:00.000+02:00,N0041010100,N41,87.0,260
2026-09-27T07:11:12Z,2026-09-27T09:00:00.000+02:00,A0027010101,A27,104.0,940
2026-09-27T07:11:12Z,2026-09-27T09:00:00.000+02:00,A9022010250,A22 (rocade),90.0,190
2026-09-27T07:11:12Z,2026-09-27T09:00:00.000+02:00,A0001020150,A1,114.0,1350
2026-09-27T07:11:12Z,2026-09-27T09:00:00.000+02:00,N0356011700,N356,73.0,1050
2026-09-27T07:11:12Z,2026-09-27T09:00:00.000+02:00,N0356021300,N356,69.0,1230
2026-09-27T07:11:12Z,2026-09-27T09:00:00.000+02:00,A0022011400,A22,83.0,310
2026-09-27T07:11:12Z,2026-09-27T09:00:00.000+02:00,A0027010300,A27,92.0,390
2026-09-27T07:11:12Z,2026-09-27T09:00:00.000+02:00,A9022020250,A22 (rocade),83.0,230
2026-09-27T07:11:12Z,2026-09-27T09:00:00.000+02:00,N0041010300,N41,94.0,690
2026-09-27T07:11:12Z,2026-09-27T09:00:00.000+02:00,A0022011210,A22,81.0,230
2026-09-27T07:11:12Z,2026-09-27T09:00:00.000+02:00,A0027020100,A27,72.0,720
2026-09-27T07:11:12Z,2026-09-27T09:00:00.000+02:00,A0001010300,A1,136.0,840
2026-09-27T07:11:12Z,2026-09-27T09:00:00.000+02:00,A0022011220,A22,81.0,230
2026-09-27T07:11:12Z,2026-09-27T09:00:00.000+02:00,A9022101110,A22 (rocade),76.0,430
2026-09-27T07:11:12Z,2026-09-27T09:00:00.000+02:00,A0022022110,A22,94.0,1250
2026-09-27T07:11:12Z,2026-09-27T09:00:00.000+02:00,A0001011420,A1,90.0,1070
2026-09-27T07:11:12Z,2026-09-27T09:00:00.000+02:00,N0356010800,N356,73.0,940
2026-09-27T07:11:12Z,2026-09-27T09:00:00.000+02:00,A9001210710,A1 (bretelle),72.0,230
2026-09-27T07:11:12Z,2026-09-27T09:00:00.000+02:00,N0356021110,N356,75.0,1350
2026-09-27T07:11:12Z,2026-09-27T09:00:00.000+02:00,A0001010510,A1,116.0,910
2026-09-27T07:11:12Z,2026-09-27T09:00:00.000+02:00,N0356021122,N356,66.0,1330
2026-09-27T07:11:12Z,2026-09-27T09:00:00.000+02:00,N0356021121,N356,75.0,1350
2026-09-27T07:11:12Z,2026-09-27T09:00:00.000+02:00,A0025010210,A25,77.0,1570
2026-09-27T07:11:12Z,2026-09-27T09:00:00.000+02:00,A0025011300,A25,90.0,510
2026-09-27T07:11:12Z,2026-09-27T09:00:00.000+02:00,A0001020300,A1,111.0,1340
2026-09-27T07:11:12Z,2026-09-27T09:00:00.000+02:00,A0025021100,A25,94.0,720
2026-09-27T07:11:12Z,2026-09-27T09:00:00.000+02:00,A0025023520,A25,115.0,530
2026-09-27T07:11:12Z,2026-09-27T09:00:00.000+02:00,A0022022130,A22,105.0,1200
2026-09-27T07:11:12Z,2026-09-27T09:00:00.000+02:00,A0025010220,A25,77.0,1570
2026-09-27T07:11:12Z,2026-09-27T09:00:00.000+02:00,A0022022120,A22,97.0,1190
2026-09-27T07:11:12Z,2026-09-27T09:00:00.000+02:00,A0001010520,A1,106.0,1000
2026-09-27T07:11:12Z,2026-09-27T09:00:00.000+02:00,A0022011000,A22,88.0,900
2026-09-27T07:11:12Z,2026-09-27T09:00:00.000+02:00,A0001020510,A1,111.0,1330
2026-09-27T07:11:12Z,2026-09-27T09:00:00.000+02:00,A0001021602,A1,87.0,2000
2026-09-27T07:11:12Z,2026-09-27T09:00:00.000+02:00,A22TC020222,A22 (contournement),85.0,660
2026-09-27T07:11:12Z,2026-09-27T09:00:00.000+02:00,A0001010940,A1,103.0,1300
2026-09-27T07:11:12Z,2026-09-27T09:00:00.000+02:00,A0025023320,A25,114.0,970
2026-09-27T07:11:12Z,2026-09-27T09:00:00.000+02:00,A0001020520,A1,106.0,1420
2026-09-27T07:11:12Z,2026-09-27T09:00:00.000+02:00,A0025023100,A25,117.0,640
2026-09-27T07:11:12Z,2026-09-27T09:00:00.000+02:00,A22TC020230,A22 (contournement),85.0,660
2026-09-27T07:11:12Z,2026-09-27T09:00:00.000+02:00,A0025021730,A25,95.0,1060
2026-09-27T07:11:12Z,2026-09-27T09:00:00.000+02:00,A0025023910,A25,117.0,510
2026-09-27T07:11:12Z,2026-09-27T09:00:00.000+02:00,A0025021735,A25,107.0,1020
2026-09-27T07:11:12Z,2026-09-27T09:00:00.000+02:00,A0023010400,A23,111.0,430
2026-09-27T07:11:12Z,2026-09-27T09:00:00.000+02:00,A0022021900,A22,83.0,860
2026-09-27T07:11:12Z,2026-09-27T09:00:00.000+02:00,A9022100500,A22 (rocade),78.0,420
2026-09-27T07:11:12Z,2026-09-27T09:00:00.000+02:00,A0001020940,A1,91.0,1600
2026-09-27T07:11:12Z,2026-09-27T09:00:00.000+02:00,A0001020700,A1,100.0,1250
2026-09-27T07:11:12Z,2026-09-27T09:00:00.000+02:00,A9022020830,A22 (rocade),88.0,90
2026-09-27T07:11:12Z,2026-09-27T09:00:00.000+02:00,A9022020822,A22 (rocade),76.0,650
2026-09-27T07:11:12Z,2026-09-27T09:00:00.000+02:00,A9022020821,A22 (rocade),76.0,650
2026-09-27T07:11:12Z,2026-09-27T09:00:00.000+02:00,A0025020420,A25,75.0,1410
2026-09-27T07:11:12Z,2026-09-27T09:00:00.000+02:00,A0025021510,A25,92.0,620
2026-09-27T07:11:12Z,2026-09-27T09:00:00.000+02:00,N0227010100,N227,72.0,420
2026-09-27T07:11:12Z,2026-09-27T09:00:00.000+02:00,A0025011720,A25,104.0,960
2026-09-27T07:11:12Z,2026-09-27T09:00:00.000+02:00,A0025021760,A25,92.0,1030
2026-09-27T07:11:12Z,2026-09-27T09:00:00.000+02:00,A0025011730,A25,94.0,1000
2026-09-27T07:11:12Z,2026-09-27T09:00:00.000+02:00,A0025011735,A25,106.0,1070
2026-09-27T07:11:12Z,2026-09-27T09:00:00.000+02:00,A9025080700,A25 (bretelle),,230
2026-09-27T07:11:12Z,2026-09-27T09:00:00.000+02:00,A9022100930,A22 (rocade),75.0,70
2026-09-27T07:11:12Z,2026-09-27T09:00:00.000+02:00,N0356011220,N356,72.0,910
2026-09-27T07:11:12Z,2026-09-27T09:00:00.000+02:00,A0025011740,A25,92.0,1070
2026-09-27T07:11:12Z,2026-09-27T09:00:00.000+02:00,A0025010410,A25,72.0,1350
2026-09-27T07:11:12Z,2026-09-27T09:00:00.000+02:00,A0023010200,A23,96.0,510
2026-09-27T07:11:12Z,2026-09-27T09:00:00.000+02:00,A9001210120,A1 (bretelle),80.0,190
2026-09-27T07:11:12Z,2026-09-27T09:00:00.000+02:00,A0025020210,A25,76.0,1700
2026-09-27T07:11:12Z,2026-09-27T09:00:00.000+02:00,N0356011210,N356,72.0,910
2026-09-27T07:11:12Z,2026-09-27T09:00:00.000+02:00,A0025011510,A25,91.0,630
2026-09-27T07:11:12Z,2026-09-27T09:00:00.000+02:00,A0025020220,A25,76.0,1700
2026-09-27T07:11:12Z,2026-09-27T09:00:00.000+02:00,N0227010302,N227,79.0,870
2026-09-27T07:11:12Z,2026-09-27T09:00:00.000+02:00,N0041010500,N41,107.0,530
2026-09-27T07:11:12Z,2026-09-27T09:00:00.000+02:00,N0227020101,N227,88.0,630
2026-09-27T07:11:12Z,2026-09-27T09:00:00.000+02:00,A9022100110,A22 (rocade),68.0,330
2026-09-27T07:11:12Z,2026-09-27T09:00:00.000+02:00,A0022010400,A22,78.0,970
2026-09-27T07:11:12Z,2026-09-27T09:00:00.000+02:00,N0356010302,N356,80.0,1590
2026-09-27T07:11:12Z,2026-09-27T09:00:00.000+02:00,A0025010800,A25,76.0,910
2026-09-27T07:11:12Z,2026-09-27T09:00:00.000+02:00,A0027020621,A27,104.0,400
2026-09-27T07:11:12Z,2026-09-27T09:00:00.000+02:00,N0041010700,N41,114.0,100
2026-09-27T07:11:12Z,2026-09-27T09:00:00.000+02:00,A0027020630,A27,105.0,400
2026-09-27T07:11:12Z,2026-09-27T09:00:00.000+02:00,A0022021512,A22,81.0,710
2026-09-27T07:11:12Z,2026-09-27T09:00:00.000+02:00,A0022021511,A22,82.0,700
2026-09-27T07:11:12Z,2026-09-27T09:00:00.000+02:00,A0027020610,A27,104.0,400
2026-09-27T07:11:12Z,2026-09-27T09:00:00.000+02:00,A0025021720,A25,106.0,1010
2026-09-27T07:11:12Z,2026-09-27T09:00:00.000+02:00,A0022021520,A22,81.0,710
2026-09-27T07:11:12Z,2026-09-27T09:00:00.000+02:00,A0025022140,A25,116.0,960
2026-09-27T07:11:12Z,2026-09-27T09:00:00.000+02:00,A0022011302,A22,80.0,820
2026-09-27T07:11:12Z,2026-09-27T09:00:00.000+02:00,A0025022160,A25,113.0,1050
2026-09-27T07:11:12Z,2026-09-27T09:00:00.000+02:00,A9025060104,A25 (bretelle),77.0,660
2026-09-27T07:11:12Z,2026-09-27T09:00:00.000+02:00,A0027010201,A27,92.0,640
2026-09-27T07:11:12Z,2026-09-27T09:00:00.000+02:00,A0027010202,A27,104.0,330
2026-09-27T07:11:12Z,2026-09-27T09:00:00.000+02:00,N9227110110,N227 (bretelle),81.0,530
2026-09-27T07:11:12Z,2026-09-27T09:00:00.000+02:00,A0025012130,A25,125.0,770
2026-09-27T07:11:12Z,2026-09-27T09:00:00.000+02:00,A0027010210,A27,104.0,330
2026-09-27T07:11:12Z,2026-09-27T09:00:00.000+02:00,A0025011050,A25,97.0,320
2026-09-27T07:11:12Z,2026-09-27T09:00:00.000+02:00,A0027010421,A27,102.0,500
2026-09-27T07:11:12Z,2026-09-27T09:00:00.000+02:00,A0022012420,A22,98.0,1050
2026-09-27T07:11:12Z,2026-09-27T09:00:00.000+02:00,A0027010430,A27,105.0,520
2026-09-27T07:11:12Z,2026-09-27T09:00:00.000+02:00,A0023020710,A23,109.0,580
2026-09-27T07:11:12Z,2026-09-27T09:00:00.000+02:00,A0022012430,A22,96.0,1030
2026-09-27T07:11:12Z,2026-09-27T09:00:00.000+02:00,A0025012160,A25,128.0,1170
2026-09-27T07:11:12Z,2026-09-27T09:00:00.000+02:00,A9022021200,A22 (rocade),62.0,80
2026-09-27T07:11:12Z,2026-09-27T09:00:00.000+02:00,A0001021100,A1,90.0,1470
2026-09-27T07:11:12Z,2026-09-27T09:00:00.000+02:00,A9022101000,A22 (rocade),83.0,260
2026-09-27T07:11:12Z,2026-09-27T09:00:00.000+02:00,A0025013020,A25,118.0,960
2026-09-27T07:11:12Z,2026-09-27T09:00:00.000+02:00,A0027010410,A27,102.0,500
2026-09-27T07:11:12Z,2026-09-27T09:00:00.000+02:00,A0022012410,A22,97.0,1010
2026-09-27T07:11:12Z,2026-09-27T09:00:00.000+02:00,A0001A20112,A1,92.0,730
2026-09-27T07:11:12Z,2026-09-27T09:00:00.000+02:00,A0001A20111,A1,96.0,590
2026-09-27T07:11:12Z,2026-09-27T09:00:00.000+02:00,A0001021521,A1,86.0,1290
2026-09-27T07:11:12Z,2026-09-27T09:00:00.000+02:00,A0025022540,A25,114.0,780
2026-09-27T07:11:12Z,2026-09-27T09:00:00.000+02:00,A0025022300,A25,129.0,520
2026-09-27T07:11:12Z,2026-09-27T09:00:00.000+02:00,N0356021000,N356,76.0,1120
2026-09-27T07:11:12Z,2026-09-27T09:00:00.000+02:00,A22TC010102,A22 (contournement),91.0,520
2026-09-27T07:11:12Z,2026-09-27T09:00:00.000+02:00,A0001011503,A1,92.0,1790
2026-09-27T07:11:12Z,2026-09-27T09:00:00.000+02:00,A0022012200,A22,85.0,1000
2026-09-27T07:11:12Z,2026-09-27T09:00:00.000+02:00,A0001A20120,A1,91.0,680
2026-09-27T07:11:12Z,2026-09-27T09:00:00.000+02:00,A22TC020102,A22 (contournement),86.0,750
2026-09-27T07:11:12Z,2026-09-27T09:00:00.000+02:00,A22TC010300,A22 (contournement),84.0,780
2026-09-27T07:11:12Z,2026-09-27T09:00:00.000+02:00,A0022012010,A22,84.0,750
2026-09-27T07:11:12Z,2026-09-27T09:00:00.000+02:00,A0022012020,A22,84.0,750
2026-09-27T07:11:12Z,2026-09-27T09:00:00.000+02:00,A0025022130,A25,131.0,950
2026-09-27T07:11:12Z,2026-09-27T09:00:00.000+02:00,A0023010520,A23,116.0,460
2026-09-27T07:11:12Z,2026-09-27T09:00:00.000+02:00,N0041020800,N41,97.0,730
2026-09-27T07:11:12Z,2026-09-27T09:00:00.000+02:00,A0025010500,A25,71.0,960
2026-09-27T07:11:12Z,2026-09-27T09:00:00.000+02:00,A0022020901,A22,83.0,930
2026-09-27T07:11:12Z,2026-09-27T09:00:00.000+02:00,A0022020902,A22,83.0,930
2026-09-27T07:11:12Z,2026-09-27T09:00:00.000+02:00,A0022021810,A22,84.0,660
2026-09-27T07:11:12Z,2026-09-27T09:00:00.000+02:00,N0356011100,N356,71.0,850
2026-09-27T07:11:12Z,2026-09-27T09:00:00.000+02:00,A0022021820,A22,84.0,660
2026-09-27T07:11:12Z,2026-09-27T09:00:00.000+02:00,N0356020802,N356,74.0,1440
2026-09-27T07:11:12Z,2026-09-27T09:00:00.000+02:00,A9022020900,A22 (rocade),97.0,280
2026-09-27T07:11:12Z,2026-09-27T09:00:00.000+02:00,A0025020102,A25,71.0,170
2026-09-27T07:11:12Z,2026-09-27T09:00:00.000+02:00,A0023010100,A23,89.0,140
2026-09-27T07:11:12Z,2026-09-27T09:00:00.000+02:00,A0025022530,A25,118.0,750
2026-09-27T07:11:12Z,2026-09-27T09:00:00.000+02:00,A9001210200,A1 (bretelle),71.0,440
2026-09-27T07:11:12Z,2026-09-27T09:00:00.000+02:00,A0022010700,A22,81.0,760
2026-09-27T07:11:12Z,2026-09-27T09:00:00.000+02:00,N0041020400,N41,85.0,600
2026-09-27T07:11:12Z,2026-09-27T09:00:00.000+02:00,A0023020720,A23,117.0,600
2026-09-27T07:11:12Z,2026-09-27T09:00:00.000+02:00,A0022020500,A22,83.0,540
2026-09-27T07:11:12Z,2026-09-27T09:00:00.000+02:00,N93563b0150,N356 (bretelle),72.0,10
2026-09-27T07:11:12Z,2026-09-27T09:00:00.000+02:00,A0025020950,A25,95.0,1080
2026-09-27T07:11:12Z,2026-09-27T09:00:00.000+02:00,A0023020300,A23,107.0,540
2026-09-27T07:11:12Z,2026-09-27T09:00:00.000+02:00,A0001011000,A1,86.0,1130
2026-09-27T07:11:12Z,2026-09-27T09:00:00.000+02:00,A0027020500,A27,95.0,300
2026-09-27T07:11:12Z,2026-09-27T09:00:00.000+02:00,N0356011500,N356,66.0,1090
2026-09-27T07:11:12Z,2026-09-27T09:00:00.000+02:00,A0001010150,A1,111.0,910
2026-09-27T07:11:12Z,2026-09-27T09:00:00.000+02:00,N0356020400,N356,71.0,520
2026-09-27T07:11:12Z,2026-09-27T09:00:00.000+02:00,N0041020600,N41,100.0,400
2026-09-27T07:11:12Z,2026-09-27T09:00:00.000+02:00,A0025010700,A25,72.0,650
2026-09-27T07:11:12Z,2026-09-27T09:00:00.000+02:00,A0002011230,A2,115.0,1340
2026-09-27T07:11:12Z,2026-09-27T09:00:00.000+02:00,A0025020500,A25,75.0,1100
2026-09-27T07:11:12Z,2026-09-27T09:00:00.000+02:00,A0002021290,A2,111.0,1000
2026-09-27T07:11:12Z,2026-09-27T09:00:00.000+02:00,A0022011600,A22,81.0,720
