poll_utc,feed_time,code_pme,route,vitesse_kmh,debit_vh
2026-09-21T03:41:14Z,2026-09-21T05:30:00.000+02:00,A0001011200,A1,82.0,1450
2026-09-21T03:41:14Z,2026-09-21T05:30:00.000+02:00,A0027010102,A27,93.0,760
2026-09-21T03:41:14Z,2026-09-21T05:30:00.000+02:00,N0041010100,N41,83.0,420
2026-09-21T03:41:14Z,2026-09-21T05:30:00.000+02:00,A0027010101,A27,93.0,760
2026-09-21T03:41:14Z,2026-09-21T05:30:00.000+02:00,A9022010250,A22 (rocade),87.0,130
2026-09-21T03:41:14Z,2026-09-21T05:30:00.000+02:00,A0001020150,A1,98.0,1350
2026-09-21T03:41:14Z,2026-09-21T05:30:00.000+02:00,N0356011700,N356,76.0,740
2026-09-21T03:41:14Z,2026-09-21T05:30:00.000+02:00,N9227110200,N227 (bretelle),,10
2026-09-21T03:41:14Z,2026-09-21T05:30:00.000+02:00,N0356021300,N356,69.0,940
2026-09-21T03:41:14Z,2026-09-21T05:30:00.000+02:00,A0022011400,A22,78.0,230
2026-09-21T03:41:14Z,2026-09-21T05:30:00.000+02:00,A0027010300,A27,94.0,320
2026-09-21T03:41:14Z,2026-09-21T05:30:00.000+02:00,A9022020250,A22 (rocade),,260
2026-09-21T03:41:14Z,2026-09-21T05:30:00.000+02:00,N0041010300,N41,86.0,920
2026-09-21T03:41:14Z,2026-09-21T05:30:00.000+02:00,A0022011210,A22,66.0,180
2026-09-21T03:41:14Z,2026-09-21T05:30:00.000+02:00,A0027020100,A27,76.0,210
2026-09-21T03:41:14Z,2026-09-21T05:30:00.000+02:00,A0001010300,A1,121.0,1650
2026-09-21T03:41:14Z,2026-09-21T05:30:00.000+02:00,A0022011220,A22,66.0,180
2026-09-21T03:41:14Z,2026-09-21T05:30:00.000+02:00,A9022101110,A22 (rocade),78.0,390
2026-09-21T03:41:14Z,2026-09-21T05:30:00.000+02:00,A0022022110,A22,88.0,1180
2026-09-21T03:41:14Z,2026-09-21T05:30:00.000+02:00,A0001011420,A1,87.0,1190
2026-09-21T03:41:14Z,2026-09-21T05:30:00.000+02:00,N0356010800,N356,76.0,830
2026-09-21T03:41:14Z,2026-09-21T05:30:00.000+02:00,A9001210710,A1 (bretelle),75.0,250
2026-09-21T03:41:14Z,2026-09-21T05:30:00.000+02:00,N0356021110,N356,77.0,940
2026-09-21T03:41:14Z,2026-09-21T05:30:00.000+02:00,A0001010510,A1,94.0,1680
2026-09-21T03:41:14Z,2026-09-21T05:30:00.000+02:00,N0356021122,N356,67.0,1050
2026-09-21T03:41:14Z,2026-09-21T05:30:00.000+02:00,N0356021121,N356,77.0,940
2026-09-21T03:41:14Z,2026-09-21T05:30:00.000+02:00,A0025010210,A25,78.0,930
2026-09-21T03:41:14Z,2026-09-21T05:30:00.000+02:00,A0025011300,A25,87.0,490
2026-09-21T03:41:14Z,2026-09-21T05:30:00.000+02:00,A0001020300,A1,99.0,1280
2026-09-21T03:41:14Z,2026-09-21T05:30:00.000+02:00,A0025021100,A25,91.0,690
2026-09-21T03:41:14Z,2026-09-21T05:30:00.000+02:00,A0025023520,A25,104.0,490
2026-09-21T03:41:14Z,2026-09-21T05:30:00.000+02:00,A0022022130,A22,87.0,1120
2026-09-21T03:41:14Z,2026-09-21T05:30:00.000+02:00,A0025010220,A25,78.0,930
2026-09-21T03:41:14Z,2026-09-21T05:30:00.000+02:00,A0022022120,A22,90.0,1170
2026-09-21T03:41:14Z,2026-09-21T05:30:00.000+02:00,A0001010520,A1,96.0,1770
2026-09-21T03:41:14Z,2026-09-21T05:30:00.000+02:00,A0022011000,A22,66.0,640
2026-09-21T03:41:14Z,2026-09-21T05:30:00.000+02:00,A0001020510,A1,99.0,1200
2026-09-21T03:41:14Z,2026-09-21T05:30:00.000+02:00,A0001021602,A1,89.0,1570
2026-09-21T03:41:14Z,2026-09-21T05:30:00.000+02:00,A22TC020222,A22 (contournement),88.0,530
2026-09-21T03:41:14Z,2026-09-21T05:30:00.000+02:00,A0001010940,A1,96.0,1620
2026-09-21T03:41:14Z,2026-09-21T05:30:00.000+02:00,A0025023320,A25,105.0,740
2026-09-21T03:41:14Z,2026-09-21T05:30:00.000+02:00,A0001020520,A1,98.0,1170
2026-09-21T03:41:14Z,2026-09-21T05:30:00.000+02:00,A0025023100,A25,101.0,650
2026-09-21T03:41:14Z,2026-09-21T05:30:00.000+02:00,A22TC020230,A22 (contournement),88.0,530
2026-09-21T03:41:14Z,2026-09-21T05:30:00.000+02:00,A0025021730,A25,86.0,930
2026-09-21T03:41:14Z,2026-09-21T05:30:00.000+02:00,A0025023910,A25,108.0,360
2026-09-21T03:41:14Z,2026-09-21T05:30:00.000+02:00,A0025021735,A25,99.0,1070
2026-09-21T03:41:14Z,2026-09-21T05:30:00.000+02:00,A0023010400,A23,100.0,340
2026-09-21T03:41:14Z,2026-09-21T05:30:00.000+02:00,A0022021900,A22,81.0,880
2026-09-21T03:41:14Z,2026-09-21T05:30:00.000+02:00,A9022100500,A22 (rocade),79.0,350
2026-09-21T03:41:14Z,2026-09-21T05:30:00.000+02:00,A0001020940,A1,92.0,1230
2026-09-21T03:41:14Z,2026-09-21T05:30:00.000+02:00,A0001020700,A1,96.0,1020
2026-09-21T03:41:14Z,2026-09-21T05:30:00.000+02:00,A9022020830,A22 (rocade),87.0,120
2026-09-21T03:41:14Z,2026-09-21T05:30:00.000+02:00,A9022020822,A22 (rocade),72.0,660
2026-09-21T03:41:14Z,2026-09-21T05:30:00.000+02:00,A9022020821,A22 (rocade),72.0,660
2026-09-21T03:41:14Z,2026-09-21T05:30:00.000+02:00,A0025020420,A25,73.0,1230
2026-09-21T03:41:14Z,2026-09-21T05:30:00.000+02:00,A0025021510,A25,93.0,490
2026-09-21T03:41:14Z,2026-09-21T05:30:00.000+02:00,N0227010100,N227,68.0,240
2026-09-21T03:41:14Z,2026-09-21T05:30:00.000+02:00,A0025011720,A25,97.0,760
2026-09-21T03:41:14Z,2026-09-21T05:30:00.000+02:00,A0025021760,A25,84.0,1130
2026-09-21T03:41:14Z,2026-09-21T05:30:00.000+02:00,A0025011730,A25,86.0,750
2026-09-21T03:41:14Z,2026-09-21T05:30:00.000+02:00,A0025011735,A25,100.0,670
2026-09-21T03:41:14Z,2026-09-21T05:30:00.000+02:00,A9025080700,A25 (bretelle),,290
2026-09-21T03:41:14Z,2026-09-21T05:30:00.000+02:00,A9022100930,A22 (rocade),69.0,30
2026-09-21T03:41:14Z,2026-09-21T05:30:00.000+02:00,N0356011220,N356,74.0,850
2026-09-21T03:41:14Z,2026-09-21T05:30:00.000+02:00,A0025011740,A25,84.0,630
2026-09-21T03:41:14Z,2026-09-21T05:30:00.000+02:00,A0025010410,A25,71.0,740
2026-09-21T03:41:14Z,2026-09-21T05:30:00.000+02:00,A0023010200,A23,86.0,560
2026-09-21T03:41:14Z,2026-09-21T05:30:00.000+02:00,A9001210120,A1 (bretelle),82.0,110
2026-09-21T03:41:14Z,2026-09-21T05:30:00.000+02:00,A0025020210,A25,79.0,1350
2026-09-21T03:41:14Z,2026-09-21T05:30:00.000+02:00,N0356011210,N356,74.0,850
2026-09-21T03:41:14Z,2026-09-21T05:30:00.000+02:00,A0025011510,A25,86.0,540
2026-09-21T03:41:14Z,2026-09-21T05:30:00.000+02:00,A0025020220,A25,79.0,1350
2026-09-21T03:41:14Z,2026-09-21T05:30:00.000+02:00,N0227010302,N227,82.0,440
2026-09-21T03:41:14Z,2026-09-21T05:30:00.000+02:00,N0041010500,N41,89.0,860
2026-09-21T03:41:14Z,2026-09-21T05:30:00.000+02:00,N0227020101,N227,88.0,590
2026-09-21T03:41:14Z,2026-09-21T05:30:00.000+02:00,A9022100110,A22 (rocade),66.0,130
2026-09-21T03:41:14Z,2026-09-21T05:30:00.000+02:00,A0022010400,A22,77.0,560
2026-09-21T03:41:14Z,2026-09-21T05:30:00.000+02:00,N0356010302,N356,79.0,1430
2026-09-21T03:41:14Z,2026-09-21T05:30:00.000+02:00,A0025010800,A25,77.0,610
2026-09-21T03:41:14Z,2026-09-21T05:30:00.000+02:00,A0027020621,A27,92.0,270
2026-09-21T03:41:14Z,2026-09-21T05:30:00.000+02:00,N0041010700,N41,96.0,260
2026-09-21T03:41:14Z,2026-09-21T05:30:00.000+02:00,A0027020630,A27,93.0,270
2026-09-21T03:41:14Z,2026-09-21T05:30:00.000+02:00,A0022021512,A22,79.0,810
2026-09-21T03:41:14Z,2026-09-21T05:30:00.000+02:00,A0022021511,A22,80.0,800
2026-09-21T03:41:14Z,2026-09-21T05:30:00.000+02:00,A0027020610,A27,92.0,270
2026-09-21T03:41:14Z,2026-09-21T05:30:00.000+02:00,A0025021720,A25,97.0,970
2026-09-21T03:41:14Z,2026-09-21T05:30:00.000+02:00,A0022021520,A22,79.0,810
2026-09-21T03:41:14Z,2026-09-21T05:30:00.000+02:00,A0025022140,A25,105.0,1020
2026-09-21T03:41:14Z,2026-09-21T05:30:00.000+02:00,A0022011302,A22,77.0,550
2026-09-21T03:41:14Z,2026-09-21T05:30:00.000+02:00,A0025022160,A25,101.0,990
2026-09-21T03:41:14Z,2026-09-21T05:30:00.000+02:00,A9025060104,A25 (bretelle),74.0,650
2026-09-21T03:41:14Z,2026-09-21T05:30:00.000+02:00,A0027010201,A27,91.0,640
2026-09-21T03:41:14Z,2026-09-21T05:30:00.000+02:00,A0027010202,A27,93.0,370
2026-09-21T03:41:14Z,2026-09-21T05:30:00.000+02:00,N9227110110,N227 (bretelle),77.0,200
2026-09-21T03:41:14Z,2026-09-21T05:30:00.000+02:00,A0025012130,A25,90.0,440
2026-09-21T03:41:14Z,2026-09-21T05:30:00.000+02:00,A0027010210,A27,93.0,370
2026-09-21T03:41:14Z,2026-09-21T05:30:00.000+02:00,A0025011050,A25,82.0,300
2026-09-21T03:41:14Z,2026-09-21T05:30:00.000+02:00,A0025012140,A25,90.0,660
2026-09-21T03:41:14Z,2026-09-21T05:30:00.000+02:00,A0027010421,A27,93.0,400
2026-09-21T03:41:14Z,2026-09-21T05:30:00.000+02:00,A0022012420,A22,96.0,930
2026-09-21T03:41:14Z,2026-09-21T05:30:00.000+02:00,A0027010430,A27,94.0,430
2026-09-21T03:41:14Z,2026-09-21T05:30:00.000+02:00,A0023020710,A23,101.0,600
2026-09-21T03:41:14Z,2026-09-21T05:30:00.000+02:00,A0022012430,A22,95.0,920
2026-09-21T03:41:14Z,2026-09-21T05:30:00.000+02:00,A0025012160,A25,112.0,620
2026-09-21T03:41:14Z,2026-09-21T05:30:00.000+02:00,A9022021200,A22 (rocade),58.0,80
2026-09-21T03:41:14Z,2026-09-21T05:30:00.000+02:00,A0001021100,A1,88.0,1010
2026-09-21T03:41:14Z,2026-09-21T05:30:00.000+02:00,A9022101000,A22 (rocade),,60
2026-09-21T03:41:14Z,2026-09-21T05:30:00.000+02:00,A0025013020,A25,102.0,340
2026-09-21T03:41:14Z,2026-09-21T05:30:00.000+02:00,A0027010410,A27,93.0,400
2026-09-21T03:41:14Z,2026-09-21T05:30:00.000+02:00,A0022012410,A22,95.0,950
2026-09-21T03:41:14Z,2026-09-21T05:30:00.000+02:00,A0001A20112,A1,87.0,480
2026-09-21T03:41:14Z,2026-09-21T05:30:00.000+02:00,A0001A20111,A1,,360
2026-09-21T03:41:14Z,2026-09-21T05:30:00.000+02:00,A0001021521,A1,86.0,1080
2026-09-21T03:41:14Z,2026-09-21T05:30:00.000+02:00,A0025022540,A25,105.0,720
2026-09-21T03:41:14Z,2026-09-21T05:30:00.000+02:00,A0025022300,A25,106.0,630
2026-09-21T03:41:14Z,2026-09-21T05:30:00.000+02:00,N0356021000,N356,76.0,860
2026-09-21T03:41:14Z,2026-09-21T05:30:00.000+02:00,A22TC010102,A22 (contournement),89.0,490
2026-09-21T03:41:14Z,2026-09-21T05:30:00.000+02:00,A0001011503,A1,88.0,1780
2026-09-21T03:41:14Z,2026-09-21T05:30:00.000+02:00,A0022012200,A22,83.0,870
2026-09-21T03:41:14Z,2026-09-21T05:30:00.000+02:00,A0001A20120,A1,87.0,460
2026-09-21T03:41:14Z,2026-09-21T05:30:00.000+02:00,A22TC020102,A22 (contournement),86.0,480
2026-09-21T03:41:14Z,2026-09-21T05:30:00.000+02:00,A22TC010300,A22 (contournement),86.0,360
2026-09-21T03:41:14Z,2026-09-21T05:30:00.000+02:00,A0022012010,A22,80.0,590
2026-09-21T03:41:14Z,2026-09-21T05:30:00.000+02:00,A0022012020,A22,80.0,590
2026-09-21T03:41:14Z,2026-09-21T05:30:00.000+02:00,A0025022130,A25,120.0,910
2026-09-21T03:41:14Z,2026-09-21T05:30:00.000+02:00,A0023010520,A23,106.0,330
2026-09-21T03:41:14Z,2026-09-21T05:30:00.000+02:00,N0041020800,N41,93.0,200
2026-09-21T03:41:14Z,2026-09-21T05:30:00.000+02:00,A0025010500,A25,71.0,600
2026-09-21T03:41:14Z,2026-09-21T05:30:00.000+02:00,A0022020901,A22,84.0,500
2026-09-21T03:41:14Z,2026-09-21T05:30:00.000+02:00,A0022020902,A22,84.0,440
2026-09-21T03:41:14Z,2026-09-21T05:30:00.000+02:00,A0022021810,A22,82.0,800
2026-09-21T03:41:14Z,2026-09-21T05:30:00.000+02:00,N0356011100,N356,75.0,820
2026-09-21T03:41:14Z,2026-09-21T05:30:00.000+02:00,A0022021820,A22,82.0,800
2026-09-21T03:41:14Z,2026-09-21T05:30:00.000+02:00,N0356020802,N356,74.0,840
2026-09-21T03:41:14Z,2026-09-21T05:30:00.000+02:00,A9022020900,A22 (rocade),,310
2026-09-21T03:41:14Z,2026-09-21T05:30:00.000+02:00,A0025020102,A25,74.0,290
2026-09-21T03:41:14Z,2026-09-21T05:30:00.000+02:00,A0023010100,A23,,270
2026-09-21T03:41:14Z,2026-09-21T05:30:00.000+02:00,A0025022530,A25,106.0,670
2026-09-21T03:41:14Z,2026-09-21T05:30:00.000+02:00,A9001210200,A1 (bretelle),73.0,420
2026-09-21T03:41:14Z,2026-09-21T05:30:00.000+02:00,A0022010700,A22,84.0,560
2026-09-21T03:41:14Z,2026-09-21T05:30:00.000+02:00,N0041020400,N41,88.0,430
2026-09-21T03:41:14Z,2026-09-21T05:30:00.000+02:00,A0023020720,A23,107.0,610
2026-09-21T03:41:14Z,2026-09-21T05:30:00.000+02:00,A0022020500,A22,84.0,340
2026-09-21T03:41:14Z,2026-09-21T05:30:00.000+02:00,A0025020950,A25,90.0,1120
2026-09-21T03:41:14Z,2026-09-21T05:30:00.000+02:00,A0023020300,A23,,520
2026-09-21T03:41:14Z,2026-09-21T05:30:00.000+02:00,A0001011000,A1,85.0,1470
2026-09-21T03:41:14Z,2026-09-21T05:30:00.000+02:00,A0027020500,A27,88.0,210
2026-09-21T03:41:14Z,2026-09-21T05:30:00.000+02:00,N0356011500,N356,72.0,840
2026-09-21T03:41:14Z,2026-09-21T05:30:00.000+02:00,A0001010150,A1,100.0,1840
2026-09-21T03:41:14Z,2026-09-21T05:30:00.000+02:00,N0356020400,N356,77.0,520
2026-09-21T03:41:14Z,2026-09-21T05:30:00.000+02:00,N0041020600,N41,95.0,260
2026-09-21T03:41:14Z,2026-09-21T05:30:00.000+02:00,A0025010700,A25,69.0,520
2026-09-21T03:41:14Z,2026-09-21T05:30:00.000+02:00,A0002011230,A2,106.0,1080
2026-09-21T03:41:14Z,2026-09-21T05:30:00.000+02:00,A0025020500,A25,74.0,910
2026-09-21T03:41:14Z,2026-09-21T05:30:00.000+02:00,A0002021290,A2,100.0,860
2026-09-21T03:41:14Z,2026-09-21T05:30:00.000+02:00,A0022011600,A22,80.0,580
2026-09-21T03:51:14Z,2026-09-21T05:42:00.000+02:00,A0001011200,A1,81.0,1380
2026-09-21T03:51:14Z,2026-09-21T05:42:00.000+02:00,A0027010102,A27,86.0,950
2026-09-21T03:51:14Z,2026-09-21T05:42:00.000+02:00,N0041010100,N41,87.0,550
2026-09-21T03:51:14Z,2026-09-21T05:42:00.000+02:00,A0027010101,A27,86.0,950
2026-09-21T03:51:14Z,2026-09-21T05:42:00.000+02:00,A9022010250,A22 (rocade),91.0,120
2026-09-21T03:51:14Z,2026-09-21T05:42:00.000+02:00,A0001020150,A1,98.0,1510
2026-09-21T03:51:14Z,2026-09-21T05:42:00.000+02:00,N0356011700,N356,77.0,910
2026-09-21T03:51:14Z,2026-09-21T05:42:00.000+02:00,N9227110200,N227 (bretelle),,10
2026-09-21T03:51:14Z,2026-09-21T05:42:00.000+02:00,N0356021300,N356,68.0,1100
2026-09-21T03:51:14Z,2026-09-21T05:42:00.000+02:00,A0022011400,A22,79.0,400
2026-09-21T03:51:14Z,2026-09-21T05:42:00.000+02:00,A0027010300,A27,88.0,410
2026-09-21T03:51:14Z,2026-09-21T05:42:00.000+02:00,A9022020250,A22 (rocade),60.0,340
2026-09-21T03:51:14Z,2026-09-21T05:42:00.000+02:00,N0041010300,N41,90.0,1200
2026-09-21T03:51:14Z,2026-09-21T05:42:00.000+02:00,A0022011210,A22,105.0,250
2026-09-21T03:51:14Z,2026-09-21T05:42:00.000+02:00,A0027020100,A27,76.0,240
2026-09-21T03:51:14Z,2026-09-21T05:42:00.000+02:00,A0001010300,A1,121.0,2070
2026-09-21T03:51:14Z,2026-09-21T05:42:00.000+02:00,A0022011220,A22,105.0,250
2026-09-21T03:51:14Z,2026-09-21T05:42:00.000+02:00,N0227021400,N227,,10
2026-09-21T03:51:14Z,2026-09-21T05:42:00.000+02:00,A9022101110,A22 (rocade),81.0,480
2026-09-21T03:51:14Z,2026-09-21T05:42:00.000+02:00,A0022022110,A22,89.0,1280
2026-09-21T03:51:14Z,2026-09-21T05:42:00.000+02:00,A0001011420,A1,87.0,870
2026-09-21T03:51:14Z,2026-09-21T05:42:00.000+02:00,N0356010800,N356,76.0,880
2026-09-21T03:51:14Z,2026-09-21T05:42:00.000+02:00,A9001210710,A1 (bretelle),68.0,240
2026-09-21T03:51:14Z,2026-09-21T05:42:00.000+02:00,N0356021110,N356,76.0,1240
2026-09-21T03:51:14Z,2026-09-21T05:42:00.000+02:00,A0001010510,A1,99.0,1910
2026-09-21T03:51:14Z,2026-09-21T05:42:00.000+02:00,N0356021122,N356,65.0,1270
2026-09-21T03:51:14Z,2026-09-21T05:42:00.000+02:00,N0356021121,N356,76.0,1240
2026-09-21T03:51:14Z,2026-09-21T05:42:00.000+02:00,A0025010210,A25,78.0,1350
2026-09-21T03:51:14Z,2026-09-21T05:42:00.000+02:00,A0025011300,A25,85.0,390
2026-09-21T03:51:14Z,2026-09-21T05:42:00.000+02:00,A0001020300,A1,101.0,1400
2026-09-21T03:51:14Z,2026-09-21T05:42:00.000+02:00,A0025021100,A25,92.0,1020
2026-09-21T03:51:14Z,2026-09-21T05:42:00.000+02:00,A0025023520,A25,103.0,660
2026-09-21T03:51:14Z,2026-09-21T05:42:00.000+02:00,A0022022130,A22,91.0,1180
2026-09-21T03:51:14Z,2026-09-21T05:42:00.000+02:00,A0025010220,A25,78.0,1350
2026-09-21T03:51:14Z,2026-09-21T05:42:00.000+02:00,A0022022120,A22,94.0,1280
2026-09-21T03:51:14Z,2026-09-21T05:42:00.000+02:00,A0001010520,A1,97.0,2100
2026-09-21T03:51:14Z,2026-09-21T05:42:00.000+02:00,A0022011000,A22,70.0,550
2026-09-21T03:51:14Z,2026-09-21T05:42:00.000+02:00,A0001020510,A1,99.0,1450
2026-09-21T03:51:14Z,2026-09-21T05:42:00.000+02:00,A0001021602,A1,86.0,2180
2026-09-21T03:51:14Z,2026-09-21T05:42:00.000+02:00,A22TC020222,A22 (contournement),89.0,780
2026-09-21T03:51:14Z,2026-09-21T05:42:00.000+02:00,A0001010940,A1,95.0,1720
2026-09-21T03:51:14Z,2026-09-21T05:42:00.000+02:00,A0025023320,A25,108.0,880
2026-09-21T03:51:14Z,2026-09-21T05:42:00.000+02:00,A0001020520,A1,98.0,1550
2026-09-21T03:51:14Z,2026-09-21T05:42:00.000+02:00,A0025023100,A25,106.0,750
2026-09-21T03:51:14Z,2026-09-21T05:42:00.000+02:00,A22TC020230,A22 (contournement),89.0,780
2026-09-21T03:51:14Z,2026-09-21T05:42:00.000+02:00,A0025021730,A25,85.0,1500
2026-09-21T03:51:14Z,2026-09-21T05:42:00.000+02:00,A0025023910,A25,104.0,590
2026-09-21T03:51:14Z,2026-09-21T05:42:00.000+02:00,A0025021735,A25,98.0,1490
2026-09-21T03:51:14Z,2026-09-21T05:42:00.000+02:00,A0023010400,A23,99.0,440
2026-09-21T03:51:14Z,2026-09-21T05:42:00.000+02:00,A0022021900,A22,85.0,1010
2026-09-21T03:51:14Z,2026-09-21T05:42:00.000+02:00,A9022100500,A22 (rocade),89.0,560
2026-09-21T03:51:14Z,2026-09-21T05:42:00.000+02:00,A0001020940,A1,92.0,1620
2026-09-21T03:51:14Z,2026-09-21T05:42:00.000+02:00,A0001020700,A1,96.0,1450
2026-09-21T03:51:14Z,2026-09-21T05:42:00.000+02:00,A9022020830,A22 (rocade),91.0,130
2026-09-21T03:51:14Z,2026-09-21T05:42:00.000+02:00,A9022020822,A22 (rocade),,860
2026-09-21T03:51:14Z,2026-09-21T05:42:00.000+02:00,A9022020821,A22 (rocade),,860
2026-09-21T03:51:14Z,2026-09-21T05:42:00.000+02:00,A0025020420,A25,74.0,1670
2026-09-21T03:51:14Z,2026-09-21T05:42:00.000+02:00,A0025021510,A25,94.0,840
2026-09-21T03:51:14Z,2026-09-21T05:42:00.000+02:00,N0227010100,N227,70.0,340
2026-09-21T03:51:14Z,2026-09-21T05:42:00.000+02:00,A0025011720,A25,96.0,780
2026-09-21T03:51:14Z,2026-09-21T05:42:00.000+02:00,A0025021760,A25,85.0,1410
2026-09-21T03:51:14Z,2026-09-21T05:42:00.000+02:00,A0025011730,A25,83.0,800
2026-09-21T03:51:14Z,2026-09-21T05:42:00.000+02:00,A0025011735,A25,97.0,730
2026-09-21T03:51:14Z,2026-09-21T05:42:00.000+02:00,A9025080700,A25 (bretelle),,340
2026-09-21T03:51:14Z,2026-09-21T05:42:00.000+02:00,A9022100930,A22 (rocade),72.0,90
2026-09-21T03:51:14Z,2026-09-21T05:42:00.000+02:00,N0356011220,N356,75.0,950
2026-09-21T03:51:14Z,2026-09-21T05:42:00.000+02:00,A0025011740,A25,83.0,670
2026-09-21T03:51:14Z,2026-09-21T05:42:00.000+02:00,A0025010410,A25,70.0,1190
2026-09-21T03:51:14Z,2026-09-21T05:42:00.000+02:00,A0023010200,A23,,910
2026-09-21T03:51:14Z,2026-09-21T05:42:00.000+02:00,A9001210120,A1 (bretelle),81.0,160
2026-09-21T03:51:14Z,2026-09-21T05:42:00.000+02:00,A0025020210,A25,77.0,1830
2026-09-21T03:51:14Z,2026-09-21T05:42:00.000+02:00,N0356011210,N356,75.0,950
2026-09-21T03:51:14Z,2026-09-21T05:42:00.000+02:00,A0025011510,A25,88.0,610
2026-09-21T03:51:14Z,2026-09-21T05:42:00.000+02:00,A0025020220,A25,77.0,1830
2026-09-21T03:51:14Z,2026-09-21T05:42:00.000+02:00,N0227010302,N227,78.0,710
2026-09-21T03:51:14Z,2026-09-21T05:42:00.000+02:00,N0041010500,N41,89.0,1030
2026-09-21T03:51:14Z,2026-09-21T05:42:00.000+02:00,N0227020101,N227,86.0,870
2026-09-21T03:51:14Z,2026-09-21T05:42:00.000+02:00,A9022100110,A22 (rocade),68.0,200
2026-09-21T03:51:14Z,2026-09-21T05:42:00.000+02:00,A0022010400,A22,75.0,970
2026-09-21T03:51:14Z,2026-09-21T05:42:00.000+02:00,N0356010302,N356,78.0,1360
2026-09-21T03:51:14Z,2026-09-21T05:42:00.000+02:00,A0025010800,A25,78.0,820
2026-09-21T03:51:14Z,2026-09-21T05:42:00.000+02:00,A0027020621,A27,94.0,290
2026-09-21T03:51:14Z,2026-09-21T05:42:00.000+02:00,N0041010700,N41,91.0,430
2026-09-21T03:51:14Z,2026-09-21T05:42:00.000+02:00,A0027020630,A27,95.0,310
2026-09-21T03:51:14Z,2026-09-21T05:42:00.000+02:00,A0022021512,A22,83.0,1020
2026-09-21T03:51:14Z,2026-09-21T05:42:00.000+02:00,A0022021511,A22,81.0,990
2026-09-21T03:51:14Z,2026-09-21T05:42:00.000+02:00,A0027020610,A27,94.0,290
2026-09-21T03:51:14Z,2026-09-21T05:42:00.000+02:00,A0025021720,A25,96.0,1480
2026-09-21T03:51:14Z,2026-09-21T05:42:00.000+02:00,A0022021520,A22,83.0,1020
2026-09-21T03:51:14Z,2026-09-21T05:42:00.000+02:00,A0025022140,A25,107.0,1210
2026-09-21T03:51:14Z,2026-09-21T05:42:00.000+02:00,A0022011302,A22,79.0,850
2026-09-21T03:51:14Z,2026-09-21T05:42:00.000+02:00,A0025022160,A25,105.0,1250
2026-09-21T03:51:14Z,2026-09-21T05:42:00.000+02:00,A9025060104,A25 (bretelle),72.0,900
2026-09-21T03:51:14Z,2026-09-21T05:42:00.000+02:00,A0027010201,A27,89.0,950
2026-09-21T03:51:14Z,2026-09-21T05:42:00.000+02:00,A0027010202,A27,41.0,390
2026-09-21T03:51:14Z,2026-09-21T05:42:00.000+02:00,N9227110110,N227 (bretelle),76.0,460
2026-09-21T03:51:14Z,2026-09-21T05:42:00.000+02:00,A0025012130,A25,88.0,420
2026-09-21T03:51:14Z,2026-09-21T05:42:00.000+02:00,A0027010210,A27,41.0,390
2026-09-21T03:51:14Z,2026-09-21T05:42:00.000+02:00,A0025011050,A25,84.0,340
2026-09-21T03:51:14Z,2026-09-21T05:42:00.000+02:00,A0025012140,A25,88.0,550
2026-09-21T03:51:14Z,2026-09-21T05:42:00.000+02:00,A0027010421,A27,93.0,550
2026-09-21T03:51:14Z,2026-09-21T05:42:00.000+02:00,A0022012420,A22,95.0,1350
2026-09-21T03:51:14Z,2026-09-21T05:42:00.000+02:00,A0027010430,A27,95.0,580
2026-09-21T03:51:14Z,2026-09-21T05:42:00.000+02:00,A0023020710,A23,99.0,950
2026-09-21T03:51:14Z,2026-09-21T05:42:00.000+02:00,A0022012430,A22,93.0,1320
2026-09-21T03:51:14Z,2026-09-21T05:42:00.000+02:00,A0025012160,A25,112.0,550
2026-09-21T03:51:14Z,2026-09-21T05:42:00.000+02:00,A9022021200,A22 (rocade),61.0,130
2026-09-21T03:51:14Z,2026-09-21T05:42:00.000+02:00,A0001021100,A1,89.0,1440
2026-09-21T03:51:14Z,2026-09-21T05:42:00.000+02:00,A9022101000,A22 (rocade),,160
2026-09-21T03:51:14Z,2026-09-21T05:42:00.000+02:00,A0025013020,A25,98.0,520
2026-09-21T03:51:14Z,2026-09-21T05:42:00.000+02:00,A0027010410,A27,93.0,550
2026-09-21T03:51:14Z,2026-09-21T05:42:00.000+02:00,A0022012410,A22,94.0,1370
2026-09-21T03:51:14Z,2026-09-21T05:42:00.000+02:00,A0001A20112,A1,92.0,630
2026-09-21T03:51:14Z,2026-09-21T05:42:00.000+02:00,A0001A20111,A1,85.0,450
2026-09-21T03:51:14Z,2026-09-21T05:42:00.000+02:00,A0001021521,A1,86.0,1310
2026-09-21T03:51:14Z,2026-09-21T05:42:00.000+02:00,A0025022540,A25,111.0,850
2026-09-21T03:51:14Z,2026-09-21T05:42:00.000+02:00,A0025022300,A25,107.0,690
2026-09-21T03:51:14Z,2026-09-21T05:42:00.000+02:00,N0356021000,N356,78.0,1200
2026-09-21T03:51:14Z,2026-09-21T05:42:00.000+02:00,A22TC010102,A22 (contournement),87.0,740
2026-09-21T03:51:14Z,2026-09-21T05:42:00.000+02:00,A0001011503,A1,88.0,1820
2026-09-21T03:51:14Z,2026-09-21T05:42:00.000+02:00,A0022012200,A22,81.0,1260
2026-09-21T03:51:14Z,2026-09-21T05:42:00.000+02:00,A0001A20120,A1,90.0,680
2026-09-21T03:51:14Z,2026-09-21T05:42:00.000+02:00,A22TC020102,A22 (contournement),89.0,680
2026-09-21T03:51:14Z,2026-09-21T05:42:00.000+02:00,A22TC010300,A22 (contournement),86.0,580
2026-09-21T03:51:14Z,2026-09-21T05:42:00.000+02:00,A0022012010,A22,82.0,830
2026-09-21T03:51:14Z,2026-09-21T05:42:00.000+02:00,A0022012020,A22,82.0,830
2026-09-21T03:51:14Z,2026-09-21T05:42:00.000+02:00,A0025022130,A25,119.0,1090
2026-09-21T03:51:14Z,2026-09-21T05:42:00.000+02:00,A0023010520,A23,108.0,430
2026-09-21T03:51:14Z,2026-09-21T05:42:00.000+02:00,N0041020800,N41,92.0,320
2026-09-21T03:51:14Z,2026-09-21T05:42:00.000+02:00,A0025010500,A25,72.0,870
2026-09-21T03:51:14Z,2026-09-21T05:42:00.000+02:00,A0022020901,A22,75.0,910
2026-09-21T03:51:14Z,2026-09-21T05:42:00.000+02:00,A0022020902,A22,75.0,760
2026-09-21T03:51:14Z,2026-09-21T05:42:00.000+02:00,A0022021810,A22,84.0,910
2026-09-21T03:51:14Z,2026-09-21T05:42:00.000+02:00,N0356011100,N356,74.0,840
2026-09-21T03:51:14Z,2026-09-21T05:42:00.000+02:00,A0022021820,A22,84.0,910
2026-09-21T03:51:14Z,2026-09-21T05:42:00.000+02:00,N0356020802,N356,76.0,1200
2026-09-21T03:51:14Z,2026-09-21T05:42:00.000+02:00,A9022020900,A22 (rocade),,440
2026-09-21T03:51:14Z,2026-09-21T05:42:00.000+02:00,A0025020102,A25,71.0,200
2026-09-21T03:51:14Z,2026-09-21T05:42:00.000+02:00,A0023010100,A23,,530
2026-09-21T03:51:14Z,2026-09-21T05:42:00.000+02:00,A0025022530,A25,113.0,800
2026-09-21T03:51:14Z,2026-09-21T05:42:00.000+02:00,A9001210200,A1 (bretelle),70.0,440
2026-09-21T03:51:14Z,2026-09-21T05:42:00.000+02:00,A0022010700,A22,80.0,800
2026-09-21T03:51:14Z,2026-09-21T05:42:00.000+02:00,N0041020400,N41,86.0,500
2026-09-21T03:51:14Z,2026-09-21T05:42:00.000+02:00,A0023020720,A23,107.0,890
2026-09-21T03:51:14Z,2026-09-21T05:42:00.000+02:00,A0022020500,A22,75.0,630
2026-09-21T03:51:14Z,2026-09-21T05:42:00.000+02:00,N93563b0150,N356 (bretelle),83.0,10
2026-09-21T03:51:14Z,2026-09-21T05:42:00.000+02:00,A0025020950,A25,91.0,1480
2026-09-21T03:51:14Z,2026-09-21T05:42:00.000+02:00,A0023020300,A23,89.0,840
2026-09-21T03:51:14Z,2026-09-21T05:42:00.000+02:00,A0001011000,A1,85.0,1270
2026-09-21T03:51:14Z,2026-09-21T05:42:00.000+02:00,A0027020500,A27,93.0,200
2026-09-21T03:51:14Z,2026-09-21T05:42:00.000+02:00,N0356011500,N356,72.0,940
2026-09-21T03:51:14Z,2026-09-21T05:42:00.000+02:00,A0001010150,A1,98.0,2040
2026-09-21T03:51:14Z,2026-09-21T05:42:00.000+02:00,N0356020400,N356,76.0,550
2026-09-21T03:51:14Z,2026-09-21T05:42:00.000+02:00,N0041020600,N41,93.0,260
2026-09-21T03:51:14Z,2026-09-21T05:42:00.000+02:00,A0025010700,A25,73.0,630
2026-09-21T03:51:14Z,2026-09-21T05:42:00.000+02:00,A0002011230,A2,109.0,1370
2026-09-21T03:51:14Z,2026-09-21T05:42:00.000+02:00,A0025020500,A25,75.0,1330
2026-09-21T03:51:14Z,2026-09-21T05:42:00.000+02:00,A0002021290,A2,104.0,1050
2026-09-21T03:51:14Z,2026-09-21T05:42:00.000+02:00,A0022011600,A22,83.0,860
2026-09-21T04:01:35Z,2026-09-21T05:54:00.000+02:00,A0001011200,A1,80.0,1540
2026-09-21T04:01:35Z,2026-09-21T05:54:00.000+02:00,A0027010102,A27,,1060
2026-09-21T04:01:35Z,2026-09-21T05:54:00.000+02:00,N0041010100,N41,87.0,440
2026-09-21T04:01:35Z,2026-09-21T05:54:00.000+02:00,A0027010101,A27,,1060
2026-09-21T04:01:35Z,2026-09-21T05:54:00.000+02:00,A9022010250,A22 (rocade),85.0,140
2026-09-21T04:01:35Z,2026-09-21T05:54:00.000+02:00,A0001020150,A1,99.0,1440
2026-09-21T04:01:35Z,2026-09-21T05:54:00.000+02:00,N0356011700,N356,77.0,990
2026-09-21T04:01:35Z,2026-09-21T05:54:00.000+02:00,N0356021300,N356,69.0,1180
2026-09-21T04:01:35Z,2026-09-21T05:54:00.000+02:00,A0022011400,A22,82.0,240
2026-09-21T04:01:35Z,2026-09-21T05:54:00.000+02:00,A0027010300,A27,90.0,340
2026-09-21T04:01:35Z,2026-09-21T05:54:00.000+02:00,A9022020250,A22 (rocade),,490
2026-09-21T04:01:35Z,2026-09-21T05:54:00.000+02:00,N0041010300,N41,90.0,1200
2026-09-21T04:01:35Z,2026-09-21T05:54:00.000+02:00,A0022011210,A22,80.0,130
2026-09-21T04:01:35Z,2026-09-21T05:54:00.000+02:00,A0027020100,A27,76.0,190
2026-09-21T04:01:35Z,2026-09-21T05:54:00.000+02:00,A0001010300,A1,122.0,2220
2026-09-21T04:01:35Z,2026-09-21T05:54:00.000+02:00,A0022011220,A22,80.0,130
2026-09-21T04:01:35Z,2026-09-21T05:54:00.000+02:00,N0227021400,N227,68.0,20
2026-09-21T04:01:35Z,2026-09-21T05:54:00.000+02:00,A9022101110,A22 (rocade),86.0,380
2026-09-21T04:01:35Z,2026-09-21T05:54:00.000+02:00,A0022022110,A22,91.0,1160
2026-09-21T04:01:35Z,2026-09-21T05:54:00.000+02:00,A0001011420,A1,88.0,1090
2026-09-21T04:01:35Z,2026-09-21T05:54:00.000+02:00,N0356010800,N356,76.0,990
2026-09-21T04:01:35Z,2026-09-21T05:54:00.000+02:00,A9001210710,A1 (bretelle),73.0,200
2026-09-21T04:01:35Z,2026-09-21T05:54:00.000+02:00,N0356021110,N356,75.0,1280
2026-09-21T04:01:35Z,2026-09-21T05:54:00.000+02:00,A0001010510,A1,94.0,2150
2026-09-21T04:01:35Z,2026-09-21T05:54:00.000+02:00,N0356021122,N356,67.0,1300
2026-09-21T04:01:35Z,2026-09-21T05:54:00.000+02:00,N0356021121,N356,75.0,1280
2026-09-21T04:01:35Z,2026-09-21T05:54:00.000+02:00,A0025010210,A25,78.0,1600
2026-09-21T04:01:35Z,2026-09-21T05:54:00.000+02:00,A0025011300,A25,87.0,390
2026-09-21T04:01:35Z,2026-09-21T05:54:00.000+02:00,A0001020300,A1,99.0,1360
2026-09-21T04:01:35Z,2026-09-21T05:54:00.000+02:00,A0025021100,A25,91.0,1020
2026-09-21T04:01:35Z,2026-09-21T05:54:00.000+02:00,A0025023520,A25,108.0,750
2026-09-21T04:01:35Z,2026-09-21T05:54:00.000+02:00,A0022022130,A22,87.0,1150
2026-09-21T04:01:35Z,2026-09-21T05:54:00.000+02:00,A0025010220,A25,78.0,1600
2026-09-21T04:01:35Z,2026-09-21T05:54:00.000+02:00,A0022022120,A22,91.0,1120
2026-09-21T04:01:35Z,2026-09-21T05:54:00.000+02:00,A0001010520,A1,98.0,2280
2026-09-21T04:01:35Z,2026-09-21T05:54:00.000+02:00,A0022011000,A22,,790
2026-09-21T04:01:35Z,2026-09-21T05:54:00.000+02:00,A0001020510,A1,98.0,1430
2026-09-21T04:01:35Z,2026-09-21T05:54:00.000+02:00,A0001021602,A1,86.0,2430
2026-09-21T04:01:35Z,2026-09-21T05:54:00.000+02:00,A22TC020222,A22 (contournement),81.0,960
2026-09-21T04:01:35Z,2026-09-21T05:54:00.000+02:00,A0001010940,A1,96.0,1960
2026-09-21T04:01:35Z,2026-09-21T05:54:00.000+02:00,A0025023320,A25,109.0,1240
2026-09-21T04:01:35Z,2026-09-21T05:54:00.000+02:00,A0001020520,A1,97.0,1460
2026-09-21T04:01:35Z,2026-09-21T05:54:00.000+02:00,A0025023100,A25,105.0,990
2026-09-21T04:01:35Z,2026-09-21T05:54:00.000+02:00,A22TC020230,A22 (contournement),81.0,960
2026-09-21T04:01:35Z,2026-09-21T05:54:00.000+02:00,A0025021730,A25,86.0,1500
2026-09-21T04:01:35Z,2026-09-21T05:54:00.000+02:00,A0025023910,A25,106.0,660
2026-09-21T04:01:35Z,2026-09-21T05:54:00.000+02:00,A0025021735,A25,99.0,1500
2026-09-21T04:01:35Z,2026-09-21T05:54:00.000+02:00,A0023010400,A23,100.0,320
2026-09-21T04:01:35Z,2026-09-21T05:54:00.000+02:00,A0022021900,A22,85.0,910
2026-09-21T04:01:35Z,2026-09-21T05:54:00.000+02:00,A9022100500,A22 (rocade),86.0,370
2026-09-21T04:01:35Z,2026-09-21T05:54:00.000+02:00,A0001020940,A1,89.0,1530
2026-09-21T04:01:35Z,2026-09-21T05:54:00.000+02:00,A0001020700,A1,93.0,1250
2026-09-21T04:01:35Z,2026-09-21T05:54:00.000+02:00,A9022020830,A22 (rocade),90.0,120
2026-09-21T04:01:35Z,2026-09-21T05:54:00.000+02:00,A9022020822,A22 (rocade),,930
2026-09-21T04:01:35Z,2026-09-21T05:54:00.000+02:00,A9022020821,A22 (rocade),,930
2026-09-21T04:01:35Z,2026-09-21T05:54:00.000+02:00,A0025020420,A25,74.0,1730
2026-09-21T04:01:35Z,2026-09-21T05:54:00.000+02:00,A0025021510,A25,94.0,750
2026-09-21T04:01:35Z,2026-09-21T05:54:00.000+02:00,N0227010100,N227,69.0,410
2026-09-21T04:01:35Z,2026-09-21T05:54:00.000+02:00,A0025011720,A25,95.0,830
2026-09-21T04:01:35Z,2026-09-21T05:54:00.000+02:00,A0025021760,A25,84.0,1520
2026-09-21T04:01:35Z,2026-09-21T05:54:00.000+02:00,A0025011730,A25,85.0,800
2026-09-21T04:01:35Z,2026-09-21T05:54:00.000+02:00,A0025011735,A25,97.0,790
2026-09-21T04:01:35Z,2026-09-21T05:54:00.000+02:00,A9025080700,A25 (bretelle),,350
2026-09-21T04:01:35Z,2026-09-21T05:54:00.000+02:00,A9022100930,A22 (rocade),63.0,20
2026-09-21T04:01:35Z,2026-09-21T05:54:00.000+02:00,N0356011220,N356,74.0,1020
2026-09-21T04:01:35Z,2026-09-21T05:54:00.000+02:00,A0025011740,A25,82.0,800
2026-09-21T04:01:35Z,2026-09-21T05:54:00.000+02:00,A0025010410,A25,71.0,1360
2026-09-21T04:01:35Z,2026-09-21T05:54:00.000+02:00,A0023010200,A23,,1140
2026-09-21T04:01:35Z,2026-09-21T05:54:00.000+02:00,A9001210120,A1 (bretelle),81.0,160
2026-09-21T04:01:35Z,2026-09-21T05:54:00.000+02:00,A0025020210,A25,77.0,1970
2026-09-21T04:01:35Z,2026-09-21T05:54:00.000+02:00,N0356011210,N356,74.0,1020
2026-09-21T04:01:35Z,2026-09-21T05:54:00.000+02:00,A0025011510,A25,88.0,570
2026-09-21T04:01:35Z,2026-09-21T05:54:00.000+02:00,A0025020220,A25,77.0,1970
2026-09-21T04:01:35Z,2026-09-21T05:54:00.000+02:00,N0227010302,N227,77.0,960
2026-09-21T04:01:35Z,2026-09-21T05:54:00.000+02:00,N0041010500,N41,99.0,1040
2026-09-21T04:01:35Z,2026-09-21T05:54:00.000+02:00,N0227020101,N227,75.0,920
2026-09-21T04:01:35Z,2026-09-21T05:54:00.000+02:00,A9022100110,A22 (rocade),71.0,210
2026-09-21T04:01:35Z,2026-09-21T05:54:00.000+02:00,A0022010400,A22,78.0,810
2026-09-21T04:01:35Z,2026-09-21T05:54:00.000+02:00,N0356010302,N356,78.0,1510
2026-09-21T04:01:35Z,2026-09-21T05:54:00.000+02:00,A0025010800,A25,76.0,910
2026-09-21T04:01:35Z,2026-09-21T05:54:00.000+02:00,A0027020621,A27,97.0,500
2026-09-21T04:01:35Z,2026-09-21T05:54:00.000+02:00,N0041010700,N41,106.0,480
2026-09-21T04:01:35Z,2026-09-21T05:54:00.000+02:00,A0027020630,A27,97.0,530
2026-09-21T04:01:35Z,2026-09-21T05:54:00.000+02:00,A0022021512,A22,82.0,770
2026-09-21T04:01:35Z,2026-09-21T05:54:00.000+02:00,A0022021511,A22,83.0,810
2026-09-21T04:01:35Z,2026-09-21T05:54:00.000+02:00,A0027020610,A27,97.0,500
2026-09-21T04:01:35Z,2026-09-21T05:54:00.000+02:00,A0025021720,A25,97.0,1470
2026-09-21T04:01:35Z,2026-09-21T05:54:00.000+02:00,A0022021520,A22,82.0,770
2026-09-21T04:01:35Z,2026-09-21T05:54:00.000+02:00,A0025022140,A25,107.0,1390
2026-09-21T04:01:35Z,2026-09-21T05:54:00.000+02:00,A0022011302,A22,80.0,580
2026-09-21T04:01:35Z,2026-09-21T05:54:00.000+02:00,A0025022160,A25,105.0,1260
2026-09-21T04:01:35Z,2026-09-21T05:54:00.000+02:00,A9025060104,A25 (bretelle),69.0,1040
2026-09-21T04:01:35Z,2026-09-21T05:54:00.000+02:00,A0027010201,A27,89.0,1010
2026-09-21T04:01:35Z,2026-09-21T05:54:00.000+02:00,A0027010202,A27,,430
2026-09-21T04:01:35Z,2026-09-21T05:54:00.000+02:00,N9227110110,N227 (bretelle),82.0,360
2026-09-21T04:01:35Z,2026-09-21T05:54:00.000+02:00,A0025012130,A25,85.0,550
2026-09-21T04:01:35Z,2026-09-21T05:54:00.000+02:00,A0027010210,A27,,430
2026-09-21T04:01:35Z,2026-09-21T05:54:00.000+02:00,A0025011050,A25,89.0,530
2026-09-21T04:01:35Z,2026-09-21T05:54:00.000+02:00,A0025012140,A25,85.0,670
2026-09-21T04:01:35Z,2026-09-21T05:54:00.000+02:00,A0027010421,A27,98.0,430
2026-09-21T04:01:35Z,2026-09-21T05:54:00.000+02:00,A0022012420,A22,93.0,1100
2026-09-21T04:01:35Z,2026-09-21T05:54:00.000+02:00,A0027010430,A27,101.0,440
2026-09-21T04:01:35Z,2026-09-21T05:54:00.000+02:00,A0023020710,A23,101.0,1160
2026-09-21T04:01:35Z,2026-09-21T05:54:00.000+02:00,A0022012430,A22,91.0,1080
2026-09-21T04:01:35Z,2026-09-21T05:54:00.000+02:00,A0025012160,A25,113.0,700
2026-09-21T04:01:35Z,2026-09-21T05:54:00.000+02:00,A9022021200,A22 (rocade),61.0,170
2026-09-21T04:01:35Z,2026-09-21T05:54:00.000+02:00,A0001021100,A1,89.0,1300
2026-09-21T04:01:35Z,2026-09-21T05:54:00.000+02:00,A9022101000,A22 (rocade),,340
2026-09-21T04:01:35Z,2026-09-21T05:54:00.000+02:00,A0025013020,A25,105.0,580
2026-09-21T04:01:35Z,2026-09-21T05:54:00.000+02:00,A0027010410,A27,98.0,430
2026-09-21T04:01:35Z,2026-09-21T05:54:00.000+02:00,A0022012410,A22,94.0,1080
2026-09-21T04:01:35Z,2026-09-21T05:54:00.000+02:00,A0001A20112,A1,94.0,610
2026-09-21T04:01:35Z,2026-09-21T05:54:00.000+02:00,A0001A20111,A1,93.0,420
2026-09-21T04:01:35Z,2026-09-21T05:54:00.000+02:00,A0001021521,A1,87.0,1360
2026-09-21T04:01:35Z,2026-09-21T05:54:00.000+02:00,A0025022540,A25,106.0,1150
2026-09-21T04:01:35Z,2026-09-21T05:54:00.000+02:00,A0025022300,A25,109.0,860
2026-09-21T04:01:35Z,2026-09-21T05:54:00.000+02:00,N0356021000,N356,76.0,1170
2026-09-21T04:01:35Z,2026-09-21T05:54:00.000+02:00,A22TC010102,A22 (contournement),89.0,610
2026-09-21T04:01:35Z,2026-09-21T05:54:00.000+02:00,A0001011503,A1,89.0,1800
2026-09-21T04:01:35Z,2026-09-21T05:54:00.000+02:00,A0022012200,A22,82.0,1010
2026-09-21T04:01:35Z,2026-09-21T05:54:00.000+02:00,A0001A20120,A1,93.0,580
2026-09-21T04:01:35Z,2026-09-21T05:54:00.000+02:00,A22TC020102,A22 (contournement),91.0,620
2026-09-21T04:01:35Z,2026-09-21T05:54:00.000+02:00,A22TC010300,A22 (contournement),86.0,590
2026-09-21T04:01:35Z,2026-09-21T05:54:00.000+02:00,A0022012010,A22,85.0,600
2026-09-21T04:01:35Z,2026-09-21T05:54:00.000+02:00,A0022012020,A22,85.0,600
2026-09-21T04:01:35Z,2026-09-21T05:54:00.000+02:00,A0025022130,A25,118.0,1420
2026-09-21T04:01:35Z,2026-09-21T05:54:00.000+02:00,A0023010520,A23,107.0,340
2026-09-21T04:01:35Z,2026-09-21T05:54:00.000+02:00,N0041020800,N41,92.0,360
2026-09-21T04:01:35Z,2026-09-21T05:54:00.000+02:00,A0025010500,A25,71.0,960
2026-09-21T04:01:35Z,2026-09-21T05:54:00.000+02:00,A0022020901,A22,77.0,960
2026-09-21T04:01:35Z,2026-09-21T05:54:00.000+02:00,A0022020902,A22,77.0,640
2026-09-21T04:01:35Z,2026-09-21T05:54:00.000+02:00,A0022021810,A22,85.0,750
2026-09-21T04:01:35Z,2026-09-21T05:54:00.000+02:00,N0356011100,N356,74.0,950
2026-09-21T04:01:35Z,2026-09-21T05:54:00.000+02:00,A0022021820,A22,85.0,750
2026-09-21T04:01:35Z,2026-09-21T05:54:00.000+02:00,N0356020802,N356,76.0,1210
2026-09-21T04:01:35Z,2026-09-21T05:54:00.000+02:00,A9022020900,A22 (rocade),,550
2026-09-21T04:01:35Z,2026-09-21T05:54:00.000+02:00,A0025020102,A25,75.0,80
2026-09-21T04:01:35Z,2026-09-21T05:54:00.000+02:00,A0023010100,A23,,620
2026-09-21T04:01:35Z,2026-09-21T05:54:00.000+02:00,A0025022530,A25,106.0,1100
2026-09-21T04:01:35Z,2026-09-21T05:54:00.000+02:00,A9001210200,A1 (bretelle),73.0,420
2026-09-21T04:01:35Z,2026-09-21T05:54:00.000+02:00,A0022010700,A22,84.0,800
2026-09-21T04:01:35Z,2026-09-21T05:54:00.000+02:00,N0041020400,N41,90.0,640
2026-09-21T04:01:35Z,2026-09-21T05:54:00.000+02:00,A0023020720,A23,106.0,1080
2026-09-21T04:01:35Z,2026-09-21T05:54:00.000+02:00,A0022020500,A22,77.0,520
2026-09-21T04:01:35Z,2026-09-21T05:54:00.000+02:00,N93563b0150,N356 (bretelle),72.0,10
2026-09-21T04:01:35Z,2026-09-21T05:54:00.000+02:00,A0025020950,A25,91.0,1510
2026-09-21T04:01:35Z,2026-09-21T05:54:00.000+02:00,A0023020300,A23,,1010
2026-09-21T04:01:35Z,2026-09-21T05:54:00.000+02:00,A0001011000,A1,87.0,1520
2026-09-21T04:01:35Z,2026-09-21T05:54:00.000+02:00,A0027020500,A27,88.0,410
2026-09-21T04:01:35Z,2026-09-21T05:54:00.000+02:00,N0356011500,N356,72.0,1030
2026-09-21T04:01:35Z,2026-09-21T05:54:00.000+02:00,A0001010150,A1,98.0,2300
2026-09-21T04:01:35Z,2026-09-21T05:54:00.000+02:00,N0356020400,N356,78.0,640
2026-09-21T04:01:35Z,2026-09-21T05:54:00.000+02:00,N0041020600,N41,97.0,340
2026-09-21T04:01:35Z,2026-09-21T05:54:00.000+02:00,A0025010700,A25,73.0,730
2026-09-21T04:01:35Z,2026-09-21T05:54:00.000+02:00,A0002011230,A2,104.0,1850
2026-09-21T04:01:35Z,2026-09-21T05:54:00.000+02:00,A0025020500,A25,74.0,1260
2026-09-21T04:01:35Z,2026-09-21T05:54:00.000+02:00,A0002021290,A2,107.0,970
2026-09-21T04:01:35Z,2026-09-21T05:54:00.000+02:00,A0022011600,A22,86.0,640
2026-09-21T04:11:15Z,2026-09-21T06:00:00.000+02:00,A0001011200,A1,80.0,1870
2026-09-21T04:11:15Z,2026-09-21T06:00:00.000+02:00,A0027010102,A27,87.0,1150
2026-09-21T04:11:15Z,2026-09-21T06:00:00.000+02:00,N0041010100,N41,86.0,500
2026-09-21T04:11:15Z,2026-09-21T06:00:00.000+02:00,A0027010101,A27,87.0,1150
2026-09-21T04:11:15Z,2026-09-21T06:00:00.000+02:00,A9022010250,A22 (rocade),85.0,160
2026-09-21T04:11:15Z,2026-09-21T06:00:00.000+02:00,A0001020150,A1,99.0,1270
2026-09-21T04:11:15Z,2026-09-21T06:00:00.000+02:00,N0356011700,N356,75.0,740
2026-09-21T04:11:15Z,2026-09-21T06:00:00.000+02:00,N0356021300,N356,68.0,1150
2026-09-21T04:11:15Z,2026-09-21T06:00:00.000+02:00,A0022011400,A22,76.0,300
2026-09-21T04:11:15Z,2026-09-21T06:00:00.000+02:00,A0027010300,A27,88.0,490
2026-09-21T04:11:15Z,2026-09-21T06:00:00.000+02:00,A9022020250,A22 (rocade),72.0,500
2026-09-21T04:11:15Z,2026-09-21T06:00:00.000+02:00,N0041010300,N41,93.0,1210
2026-09-21T04:11:15Z,2026-09-21T06:00:00.000+02:00,A0022011210,A22,86.0,170
2026-09-21T04:11:15Z,2026-09-21T06:00:00.000+02:00,A0027020100,A27,74.0,340
2026-09-21T04:11:15Z,2026-09-21T06:00:00.000+02:00,A0001010300,A1,122.0,1770
2026-09-21T04:11:15Z,2026-09-21T06:00:00.000+02:00,A0022011220,A22,86.0,170
2026-09-21T04:11:15Z,2026-09-21T06:00:00.000+02:00,A9022101110,A22 (rocade),79.0,410
2026-09-21T04:11:15Z,2026-09-21T06:00:00.000+02:00,A0022022110,A22,89.0,1180
2026-09-21T04:11:15Z,2026-09-21T06:00:00.000+02:00,A0001011420,A1,87.0,1430
2026-09-21T04:11:15Z,2026-09-21T06:00:00.000+02:00,N0356010800,N356,74.0,900
2026-09-21T04:11:15Z,2026-09-21T06:00:00.000+02:00,A9001210710,A1 (bretelle),74.0,210
2026-09-21T04:11:15Z,2026-09-21T06:00:00.000+02:00,N0356021110,N356,76.0,1220
2026-09-21T04:11:15Z,2026-09-21T06:00:00.000+02:00,A0001010510,A1,99.0,1800
2026-09-21T04:11:15Z,2026-09-21T06:00:00.000+02:00,N0356021122,N356,67.0,1250
2026-09-21T04:11:15Z,2026-09-21T06:00:00.000+02:00,N0356021121,N356,76.0,1220
2026-09-21T04:11:15Z,2026-09-21T06:00:00.000+02:00,A0025010210,A25,76.0,1440
2026-09-21T04:11:15Z,2026-09-21T06:00:00.000+02:00,A0025011300,A25,87.0,570
2026-09-21T04:11:15Z,2026-09-21T06:00:00.000+02:00,A0001020300,A1,99.0,1260
2026-09-21T04:11:15Z,2026-09-21T06:00:00.000+02:00,A0025021100,A25,89.0,1110
2026-09-21T04:11:15Z,2026-09-21T06:00:00.000+02:00,A0025023520,A25,105.0,680
2026-09-21T04:11:15Z,2026-09-21T06:00:00.000+02:00,A0022022130,A22,86.0,1300
2026-09-21T04:11:15Z,2026-09-21T06:00:00.000+02:00,A0025010220,A25,76.0,1440
2026-09-21T04:11:15Z,2026-09-21T06:00:00.000+02:00,A0022022120,A22,91.0,1190
2026-09-21T04:11:15Z,2026-09-21T06:00:00.000+02:00,A0001010520,A1,98.0,1970
2026-09-21T04:11:15Z,2026-09-21T06:00:00.000+02:00,A0022011000,A22,80.0,720
2026-09-21T04:11:15Z,2026-09-21T06:00:00.000+02:00,A0001020510,A1,98.0,1360
2026-09-21T04:11:15Z,2026-09-21T06:00:00.000+02:00,A0001021602,A1,85.0,1950
2026-09-21T04:11:15Z,2026-09-21T06:00:00.000+02:00,A22TC020222,A22 (contournement),83.0,1080
2026-09-21T04:11:15Z,2026-09-21T06:00:00.000+02:00,A0001010940,A1,95.0,2230
2026-09-21T04:11:15Z,2026-09-21T06:00:00.000+02:00,A0025023320,A25,107.0,1090
2026-09-21T04:11:15Z,2026-09-21T06:00:00.000+02:00,A0001020520,A1,95.0,1380
2026-09-21T04:11:15Z,2026-09-21T06:00:00.000+02:00,A0025023100,A25,103.0,1120
2026-09-21T04:11:15Z,2026-09-21T06:00:00.000+02:00,A22TC020230,A22 (contournement),83.0,1080
2026-09-21T04:11:15Z,2026-09-21T06:00:00.000+02:00,A0025021730,A25,87.0,1620
2026-09-21T04:11:15Z,2026-09-21T06:00:00.000+02:00,A0025023910,A25,107.0,530
2026-09-21T04:11:15Z,2026-09-21T06:00:00.000+02:00,A0025021735,A25,98.0,1770
2026-09-21T04:11:15Z,2026-09-21T06:00:00.000+02:00,A0023010400,A23,101.0,500
2026-09-21T04:11:15Z,2026-09-21T06:00:00.000+02:00,A0022021900,A22,85.0,950
2026-09-21T04:11:15Z,2026-09-21T06:00:00.000+02:00,A9022100500,A22 (rocade),82.0,310
2026-09-21T04:11:15Z,2026-09-21T06:00:00.000+02:00,A0001020940,A1,91.0,1330
2026-09-21T04:11:15Z,2026-09-21T06:00:00.000+02:00,A0001020700,A1,92.0,1200
2026-09-21T04:11:15Z,2026-09-21T06:00:00.000+02:00,A9022020830,A22 (rocade),77.0,50
2026-09-21T04:11:15Z,2026-09-21T06:00:00.000+02:00,A9022020822,A22 (rocade),76.0,890
2026-09-21T04:11:15Z,2026-09-21T06:00:00.000+02:00,A9022020821,A22 (rocade),76.0,890
2026-09-21T04:11:15Z,2026-09-21T06:00:00.000+02:00,A0025020420,A25,74.0,1530
2026-09-21T04:11:15Z,2026-09-21T06:00:00.000+02:00,A0025021510,A25,91.0,1000
2026-09-21T04:11:15Z,2026-09-21T06:00:00.000+02:00,N0227010100,N227,68.0,470
2026-09-21T04:11:15Z,2026-09-21T06:00:00.000+02:00,A0025011720,A25,98.0,1030
2026-09-21T04:11:15Z,2026-09-21T06:00:00.000+02:00,A0025021760,A25,85.0,1750
2026-09-21T04:11:15Z,2026-09-21T06:00:00.000+02:00,A0025011730,A25,87.0,1050
2026-09-21T04:11:15Z,2026-09-21T06:00:00.000+02:00,A0025011735,A25,99.0,1010
2026-09-21T04:11:15Z,2026-09-21T06:00:00.000+02:00,A9025080700,A25 (bretelle),,370
2026-09-21T04:11:15Z,2026-09-21T06:00:00.000+02:00,A9022100930,A22 (rocade),75.0,60
2026-09-21T04:11:15Z,2026-09-21T06:00:00.000+02:00,N0356011220,N356,73.0,800
2026-09-21T04:11:15Z,2026-09-21T06:00:00.000+02:00,A0025011740,A25,86.0,1000
2026-09-21T04:11:15Z,2026-09-21T06:00:00.000+02:00,A0025010410,A25,70.0,1260
2026-09-21T04:11:15Z,2026-09-21T06:00:00.000+02:00,A0023010200,A23,82.0,870
2026-09-21T04:11:15Z,2026-09-21T06:00:00.000+02:00,A9001210120,A1 (bretelle),80.0,130
2026-09-21T04:11:15Z,2026-09-21T06:00:00.000+02:00,A0025020210,A25,76.0,1560
2026-09-21T04:11:15Z,2026-09-21T06:00:00.000+02:00,N0356011210,N356,73.0,800
2026-09-21T04:11:15Z,2026-09-21T06:00:00.000+02:00,A0025011510,A25,89.0,720
2026-09-21T04:11:15Z,2026-09-21T06:00:00.000+02:00,A0025020220,A25,76.0,1560
2026-09-21T04:11:15Z,2026-09-21T06:00:00.000+02:00,N0227010302,N227,78.0,920
2026-09-21T04:11:15Z,2026-09-21T06:00:00.000+02:00,N0041010500,N41,83.0,1100
2026-09-21T04:11:15Z,2026-09-21T06:00:00.000+02:00,N0227020101,N227,81.0,870
2026-09-21T04:11:15Z,2026-09-21T06:00:00.000+02:00,A9022100110,A22 (rocade),71.0,160
2026-09-21T04:11:15Z,2026-09-21T06:00:00.000+02:00,A0022010400,A22,75.0,930
2026-09-21T04:11:15Z,2026-09-21T06:00:00.000+02:00,N0356010302,N356,79.0,1490
2026-09-21T04:11:15Z,2026-09-21T06:00:00.000+02:00,A0025010800,A25,79.0,820
2026-09-21T04:11:15Z,2026-09-21T06:00:00.000+02:00,A0027020621,A27,93.0,380
2026-09-21T04:11:15Z,2026-09-21T06:00:00.000+02:00,N0041010700,N41,87.0,550
2026-09-21T04:11:15Z,2026-09-21T06:00:00.000+02:00,A0027020630,A27,92.0,390
2026-09-21T04:11:15Z,2026-09-21T06:00:00.000+02:00,A0022021512,A22,82.0,850
2026-09-21T04:11:15Z,2026-09-21T06:00:00.000+02:00,A0022021511,A22,80.0,850
2026-09-21T04:11:15Z,2026-09-21T06:00:00.000+02:00,A0027020610,A27,93.0,380
2026-09-21T04:11:15Z,2026-09-21T06:00:00.000+02:00,A0025021720,A25,98.0,1520
2026-09-21T04:11:15Z,2026-09-21T06:00:00.000+02:00,A0022021520,A22,82.0,850
2026-09-21T04:11:15Z,2026-09-21T06:00:00.000+02:00,A0025022140,A25,106.0,1720
2026-09-21T04:11:15Z,2026-09-21T06:00:00.000+02:00,A0022011302,A22,76.0,610
2026-09-21T04:11:15Z,2026-09-21T06:00:00.000+02:00,A0025022160,A25,101.0,1860
2026-09-21T04:11:15Z,2026-09-21T06:00:00.000+02:00,A9025060104,A25 (bretelle),77.0,930
2026-09-21T04:11:15Z,2026-09-21T06:00:00.000+02:00,A0027010201,A27,89.0,970
2026-09-21T04:11:15Z,2026-09-21T06:00:00.000+02:00,A0027010202,A27,75.0,360
2026-09-21T04:11:15Z,2026-09-21T06:00:00.000+02:00,N9227110110,N227 (bretelle),80.0,330
2026-09-21T04:11:15Z,2026-09-21T06:00:00.000+02:00,A0025012130,A25,96.0,510
2026-09-21T04:11:15Z,2026-09-21T06:00:00.000+02:00,A0027010210,A27,75.0,360
2026-09-21T04:11:15Z,2026-09-21T06:00:00.000+02:00,A0025011050,A25,88.0,380
2026-09-21T04:11:15Z,2026-09-21T06:00:00.000+02:00,A0025012140,A25,96.0,690
2026-09-21T04:11:15Z,2026-09-21T06:00:00.000+02:00,A0027010421,A27,88.0,540
2026-09-21T04:11:15Z,2026-09-21T06:00:00.000+02:00,A0022012420,A22,94.0,1000
2026-09-21T04:11:15Z,2026-09-21T06:00:00.000+02:00,A0027010430,A27,92.0,540
2026-09-21T04:11:15Z,2026-09-21T06:00:00.000+02:00,A0023020710,A23,105.0,980
2026-09-21T04:11:15Z,2026-09-21T06:00:00.000+02:00,A0022012430,A22,95.0,1010
2026-09-21T04:11:15Z,2026-09-21T06:00:00.000+02:00,A0025012160,A25,115.0,730
2026-09-21T04:11:15Z,2026-09-21T06:00:00.000+02:00,A9022021200,A22 (rocade),59.0,160
2026-09-21T04:11:15Z,2026-09-21T06:00:00.000+02:00,A0001021100,A1,90.0,1290
2026-09-21T04:11:15Z,2026-09-21T06:00:00.000+02:00,A9022101000,A22 (rocade),74.0,200
2026-09-21T04:11:15Z,2026-09-21T06:00:00.000+02:00,A0025013020,A25,100.0,570
2026-09-21T04:11:15Z,2026-09-21T06:00:00.000+02:00,A0027010410,A27,88.0,540
2026-09-21T04:11:15Z,2026-09-21T06:00:00.000+02:00,A0022012410,A22,94.0,1010
2026-09-21T04:11:15Z,2026-09-21T06:00:00.000+02:00,A0001A20112,A1,92.0,800
2026-09-21T04:11:15Z,2026-09-21T06:00:00.000+02:00,A0001A20111,A1,90.0,500
2026-09-21T04:11:15Z,2026-09-21T06:00:00.000+02:00,A0001021521,A1,87.0,1220
2026-09-21T04:11:15Z,2026-09-21T06:00:00.000+02:00,A0025022540,A25,107.0,1350
2026-09-21T04:11:15Z,2026-09-21T06:00:00.000+02:00,A0025022300,A25,105.0,1270
2026-09-21T04:11:15Z,2026-09-21T06:00:00.000+02:00,N0356021000,N356,75.0,1190
2026-09-21T04:11:15Z,2026-09-21T06:00:00.000+02:00,A22TC010102,A22 (contournement),87.0,890
2026-09-21T04:11:15Z,2026-09-21T06:00:00.000+02:00,A0001011503,A1,85.0,2160
2026-09-21T04:11:15Z,2026-09-21T06:00:00.000+02:00,A0022012200,A22,85.0,970
2026-09-21T04:11:15Z,2026-09-21T06:00:00.000+02:00,A0001A20120,A1,91.0,750
2026-09-21T04:11:15Z,2026-09-21T06:00:00.000+02:00,A22TC020102,A22 (contournement),89.0,790
2026-09-21T04:11:15Z,2026-09-21T06:00:00.000+02:00,A22TC010300,A22 (contournement),85.0,690
2026-09-21T04:11:15Z,2026-09-21T06:00:00.000+02:00,A0022012010,A22,86.0,710
2026-09-21T04:11:15Z,2026-09-21T06:00:00.000+02:00,A0022012020,A22,86.0,710
2026-09-21T04:11:15Z,2026-09-21T06:00:00.000+02:00,A0025022130,A25,114.0,1600
2026-09-21T04:11:15Z,2026-09-21T06:00:00.000+02:00,A0023010520,A23,107.0,480
2026-09-21T04:11:15Z,2026-09-21T06:00:00.000+02:00,N0041020800,N41,94.0,520
2026-09-21T04:11:15Z,2026-09-21T06:00:00.000+02:00,A0025010500,A25,72.0,900
2026-09-21T04:11:15Z,2026-09-21T06:00:00.000+02:00,A0022020901,A22,77.0,830
2026-09-21T04:11:15Z,2026-09-21T06:00:00.000+02:00,A0022020902,A22,77.0,600
2026-09-21T04:11:15Z,2026-09-21T06:00:00.000+02:00,A0022021810,A22,84.0,880
2026-09-21T04:11:15Z,2026-09-21T06:00:00.000+02:00,N0356011100,N356,73.0,810
2026-09-21T04:11:15Z,2026-09-21T06:00:00.000+02:00,A0022021820,A22,84.0,880
2026-09-21T04:11:15Z,2026-09-21T06:00:00.000+02:00,N0356020802,N356,75.0,1160
2026-09-21T04:11:15Z,2026-09-21T06:00:00.000+02:00,A9022020900,A22 (rocade),79.0,330
2026-09-21T04:11:15Z,2026-09-21T06:00:00.000+02:00,A0025020102,A25,71.0,230
2026-09-21T04:11:15Z,2026-09-21T06:00:00.000+02:00,A0023010100,A23,87.0,520
2026-09-21T04:11:15Z,2026-09-21T06:00:00.000+02:00,A0025022530,A25,111.0,1330
2026-09-21T04:11:15Z,2026-09-21T06:00:00.000+02:00,A9001210200,A1 (bretelle),72.0,360
2026-09-21T04:11:15Z,2026-09-21T06:00:00.000+02:00,A0022010700,A22,80.0,680
2026-09-21T04:11:15Z,2026-09-21T06:00:00.000+02:00,N0041020400,N41,90.0,530
2026-09-21T04:11:15Z,2026-09-21T06:00:00.000+02:00,A0023020720,A23,110.0,960
2026-09-21T04:11:15Z,2026-09-21T06:00:00.000+02:00,A0022020500,A22,77.0,510
2026-09-21T04:11:15Z,2026-09-21T06:00:00.000+02:00,A0025020950,A25,87.0,1490
2026-09-21T04:11:15Z,2026-09-21T06:00:00.000+02:00,A0023020300,A23,82.0,850
2026-09-21T04:11:15Z,2026-09-21T06:00:00.000+02:00,A0001011000,A1,85.0,1720
2026-09-21T04:11:15Z,2026-09-21T06:00:00.000+02:00,A0027020500,A27,91.0,280
2026-09-21T04:11:15Z,2026-09-21T06:00:00.000+02:00,N0356011500,N356,66.0,880
2026-09-21T04:11:15Z,2026-09-21T06:00:00.000+02:00,A0001010150,A1,100.0,1760
2026-09-21T04:11:15Z,2026-09-21T06:00:00.000+02:00,N0356020400,N356,74.0,580
2026-09-21T04:11:15Z,2026-09-21T06:00:00.000+02:00,N0041020600,N41,99.0,410
2026-09-21T04:11:15Z,2026-09-21T06:00:00.000+02:00,A0025010700,A25,75.0,530
2026-09-21T04:11:15Z,2026-09-21T06:00:00.000+02:00,A0002011230,A2,106.0,1600
2026-09-21T04:11:15Z,2026-09-21T06:00:00.000+02:00,A0025020500,A25,74.0,1350
2026-09-21T04:11:15Z,2026-09-21T06:00:00.000+02:00,A0002021290,A2,106.0,1110
2026-09-21T04:11:15Z,2026-09-21T06:00:00.000+02:00,A0022011600,A22,84.0,660
2026-09-21T04:21:18Z,2026-09-21T06:12:00.000+02:00,A0001011200,A1,80.0,2360
2026-09-21T04:21:18Z,2026-09-21T06:12:00.000+02:00,A0027010102,A27,83.0,1140
2026-09-21T04:21:18Z,2026-09-21T06:12:00.000+02:00,N0041010100,N41,86.0,860
2026-09-21T04:21:18Z,2026-09-21T06:12:00.000+02:00,A0027010101,A27,83.0,1140
2026-09-21T04:21:18Z,2026-09-21T06:12:00.000+02:00,A9022010250,A22 (rocade),85.0,180
2026-09-21T04:21:18Z,2026-09-21T06:12:00.000+02:00,A0001020150,A1,99.0,1420
2026-09-21T04:21:18Z,2026-09-21T06:12:00.000+02:00,N0356011700,N356,76.0,1020
2026-09-21T04:21:18Z,2026-09-21T06:12:00.000+02:00,N9227110200,N227 (bretelle),77.0,10
2026-09-21T04:21:18Z,2026-09-21T06:12:00.000+02:00,N0356021300,N356,67.0,1200
2026-09-21T04:21:18Z,2026-09-21T06:12:00.000+02:00,A0022011400,A22,79.0,310
2026-09-21T04:21:18Z,2026-09-21T06:12:00.000+02:00,A0027010300,A27,89.0,440
2026-09-21T04:21:18Z,2026-09-21T06:12:00.000+02:00,A9022020250,A22 (rocade),69.0,570
2026-09-21T04:21:18Z,2026-09-21T06:12:00.000+02:00,N0041010300,N41,87.0,1830
2026-09-21T04:21:18Z,2026-09-21T06:12:00.000+02:00,A0022011210,A22,72.0,170
2026-09-21T04:21:18Z,2026-09-21T06:12:00.000+02:00,A0027020100,A27,74.0,340
2026-09-21T04:21:18Z,2026-09-21T06:12:00.000+02:00,A0001010300,A1,118.0,3070
2026-09-21T04:21:18Z,2026-09-21T06:12:00.000+02:00,A0022011220,A22,72.0,170
2026-09-21T04:21:18Z,2026-09-21T06:12:00.000+02:00,N0227021400,N227,76.0,10
2026-09-21T04:21:18Z,2026-09-21T06:12:00.000+02:00,A9022101110,A22 (rocade),81.0,530
2026-09-21T04:21:18Z,2026-09-21T06:12:00.000+02:00,A0022022110,A22,83.0,1500
2026-09-21T04:21:18Z,2026-09-21T06:12:00.000+02:00,A0001011420,A1,86.0,1660
2026-09-21T04:21:18Z,2026-09-21T06:12:00.000+02:00,N0356010800,N356,76.0,1210
2026-09-21T04:21:18Z,2026-09-21T06:12:00.000+02:00,A9001210710,A1 (bretelle),74.0,240
2026-09-21T04:21:18Z,2026-09-21T06:12:00.000+02:00,N0356021110,N356,75.0,1360
2026-09-21T04:21:18Z,2026-09-21T06:12:00.000+02:00,A0001010510,A1,96.0,2740
2026-09-21T04:21:18Z,2026-09-21T06:12:00.000+02:00,N0356021122,N356,66.0,1280
2026-09-21T04:21:18Z,2026-09-21T06:12:00.000+02:00,N0356021121,N356,75.0,1360
2026-09-21T04:21:18Z,2026-09-21T06:12:00.000+02:00,A0025010210,A25,77.0,2000
2026-09-21T04:21:18Z,2026-09-21T06:12:00.000+02:00,A0025011300,A25,85.0,610
2026-09-21T04:21:18Z,2026-09-21T06:12:00.000+02:00,A0001020300,A1,100.0,1360
2026-09-21T04:21:18Z,2026-09-21T06:12:00.000+02:00,A0025021100,A25,89.0,1670
2026-09-21T04:21:18Z,2026-09-21T06:12:00.000+02:00,A0025023520,A25,103.0,1080
2026-09-21T04:21:18Z,2026-09-21T06:12:00.000+02:00,A0022022130,A22,80.0,1470
2026-09-21T04:21:18Z,2026-09-21T06:12:00.000+02:00,A0025010220,A25,77.0,2000
2026-09-21T04:21:18Z,2026-09-21T06:12:00.000+02:00,A0022022120,A22,88.0,1570
2026-09-21T04:21:18Z,2026-09-21T06:12:00.000+02:00,A0001010520,A1,96.0,2990
2026-09-21T04:21:18Z,2026-09-21T06:12:00.000+02:00,A0022011000,A22,73.0,980
2026-09-21T04:21:18Z,2026-09-21T06:12:00.000+02:00,A0001020510,A1,100.0,1460
2026-09-21T04:21:18Z,2026-09-21T06:12:00.000+02:00,A0001021602,A1,87.0,2450
2026-09-21T04:21:18Z,2026-09-21T06:12:00.000+02:00,A22TC020222,A22 (contournement),82.0,1130
2026-09-21T04:21:18Z,2026-09-21T06:12:00.000+02:00,A0001010940,A1,95.0,2610
2026-09-21T04:21:18Z,2026-09-21T06:12:00.000+02:00,A0025023320,A25,105.0,1660
2026-09-21T04:21:18Z,2026-09-21T06:12:00.000+02:00,A0001020520,A1,99.0,1520
2026-09-21T04:21:18Z,2026-09-21T06:12:00.000+02:00,A0025023100,A25,105.0,1480
2026-09-21T04:21:18Z,2026-09-21T06:12:00.000+02:00,A22TC020230,A22 (contournement),82.0,1130
2026-09-21T04:21:18Z,2026-09-21T06:12:00.000+02:00,A0025021730,A25,83.0,2260
2026-09-21T04:21:18Z,2026-09-21T06:12:00.000+02:00,A0025023910,A25,109.0,960
2026-09-21T04:21:18Z,2026-09-21T06:12:00.000+02:00,A0025021735,A25,96.0,2240
2026-09-21T04:21:18Z,2026-09-21T06:12:00.000+02:00,A0023010400,A23,97.0,680
2026-09-21T04:21:18Z,2026-09-21T06:12:00.000+02:00,A0022021900,A22,80.0,1090
2026-09-21T04:21:18Z,2026-09-21T06:12:00.000+02:00,A9022100500,A22 (rocade),84.0,410
2026-09-21T04:21:18Z,2026-09-21T06:12:00.000+02:00,A0001020940,A1,91.0,1890
2026-09-21T04:21:18Z,2026-09-21T06:12:00.000+02:00,A0001020700,A1,97.0,1360
2026-09-21T04:21:18Z,2026-09-21T06:12:00.000+02:00,A9022020830,A22 (rocade),85.0,110
2026-09-21T04:21:18Z,2026-09-21T06:12:00.000+02:00,A9022020822,A22 (rocade),77.0,650
2026-09-21T04:21:18Z,2026-09-21T06:12:00.000+02:00,A9022020821,A22 (rocade),77.0,650
2026-09-21T04:21:18Z,2026-09-21T06:12:00.000+02:00,A0025020420,A25,73.0,2430
2026-09-21T04:21:18Z,2026-09-21T06:12:00.000+02:00,A0025021510,A25,92.0,1330
2026-09-21T04:21:18Z,2026-09-21T06:12:00.000+02:00,N0227010100,N227,68.0,360
2026-09-21T04:21:18Z,2026-09-21T06:12:00.000+02:00,A0025011720,A25,95.0,1170
2026-09-21T04:21:18Z,2026-09-21T06:12:00.000+02:00,A0025021760,A25,80.0,2340
2026-09-21T04:21:18Z,2026-09-21T06:12:00.000+02:00,A0025011730,A25,86.0,1140
2026-09-21T04:21:18Z,2026-09-21T06:12:00.000+02:00,A0025011735,A25,96.0,1200
2026-09-21T04:21:18Z,2026-09-21T06:12:00.000+02:00,A9025080700,A25 (bretelle),,580
2026-09-21T04:21:18Z,2026-09-21T06:12:00.000+02:00,A9022100930,A22 (rocade),74.0,90
2026-09-21T04:21:18Z,2026-09-21T06:12:00.000+02:00,N0356011220,N356,74.0,1070
2026-09-21T04:21:18Z,2026-09-21T06:12:00.000+02:00,A0025011740,A25,83.0,1130
2026-09-21T04:21:18Z,2026-09-21T06:12:00.000+02:00,A0025010410,A25,70.0,1730
2026-09-21T04:21:18Z,2026-09-21T06:12:00.000+02:00,A0023010200,A23,89.0,960
2026-09-21T04:21:18Z,2026-09-21T06:12:00.000+02:00,A9001210120,A1 (bretelle),82.0,260
2026-09-21T04:21:18Z,2026-09-21T06:12:00.000+02:00,A0025020210,A25,77.0,2510
2026-09-21T04:21:18Z,2026-09-21T06:12:00.000+02:00,N0356011210,N356,74.0,1070
2026-09-21T04:21:18Z,2026-09-21T06:12:00.000+02:00,A0025011510,A25,87.0,940
2026-09-21T04:21:18Z,2026-09-21T06:12:00.000+02:00,A0025020220,A25,77.0,2510
2026-09-21T04:21:18Z,2026-09-21T06:12:00.000+02:00,N0227010302,N227,78.0,990
2026-09-21T04:21:18Z,2026-09-21T06:12:00.000+02:00,N0041010500,N41,97.0,1580
2026-09-21T04:21:18Z,2026-09-21T06:12:00.000+02:00,N0227020101,N227,87.0,1170
2026-09-21T04:21:18Z,2026-09-21T06:12:00.000+02:00,A9022100110,A22 (rocade),70.0,280
2026-09-21T04:21:18Z,2026-09-21T06:12:00.000+02:00,A0022010400,A22,75.0,1070
2026-09-21T04:21:18Z,2026-09-21T06:12:00.000+02:00,N0356010302,N356,76.0,1930
2026-09-21T04:21:18Z,2026-09-21T06:12:00.000+02:00,A0025010800,A25,77.0,1070
2026-09-21T04:21:18Z,2026-09-21T06:12:00.000+02:00,A0027020621,A27,92.0,530
2026-09-21T04:21:18Z,2026-09-21T06:12:00.000+02:00,N0041010700,N41,97.0,960
2026-09-21T04:21:18Z,2026-09-21T06:12:00.000+02:00,A0027020630,A27,93.0,570
2026-09-21T04:21:18Z,2026-09-21T06:12:00.000+02:00,A0022021512,A22,79.0,1050
2026-09-21T04:21:18Z,2026-09-21T06:12:00.000+02:00,A0022021511,A22,78.0,1000
2026-09-21T04:21:18Z,2026-09-21T06:12:00.000+02:00,A0027020610,A27,92.0,530
2026-09-21T04:21:18Z,2026-09-21T06:12:00.000+02:00,A0025021720,A25,95.0,2130
2026-09-21T04:21:18Z,2026-09-21T06:12:00.000+02:00,A0022021520,A22,79.0,1050
2026-09-21T04:21:18Z,2026-09-21T06:12:00.000+02:00,A0025022140,A25,103.0,2140
2026-09-21T04:21:18Z,2026-09-21T06:12:00.000+02:00,A0022011302,A22,77.0,820
2026-09-21T04:21:18Z,2026-09-21T06:12:00.000+02:00,A0025022160,A25,101.0,2270
2026-09-21T04:21:18Z,2026-09-21T06:12:00.000+02:00,A9025060104,A25 (bretelle),72.0,1320
2026-09-21T04:21:18Z,2026-09-21T06:12:00.000+02:00,A0027010201,A27,90.0,930
2026-09-21T04:21:18Z,2026-09-21T06:12:00.000+02:00,A0027010202,A27,77.0,490
2026-09-21T04:21:18Z,2026-09-21T06:12:00.000+02:00,N9227110110,N227 (bretelle),77.0,460
2026-09-21T04:21:18Z,2026-09-21T06:12:00.000+02:00,A0025012130,A25,111.0,550
2026-09-21T04:21:18Z,2026-09-21T06:12:00.000+02:00,A0027010210,A27,77.0,490
2026-09-21T04:21:18Z,2026-09-21T06:12:00.000+02:00,A0025011050,A25,91.0,510
2026-09-21T04:21:18Z,2026-09-21T06:12:00.000+02:00,A0025012140,A25,111.0,890
2026-09-21T04:21:18Z,2026-09-21T06:12:00.000+02:00,A0027010421,A27,92.0,510
2026-09-21T04:21:18Z,2026-09-21T06:12:00.000+02:00,A0022012420,A22,94.0,1480
2026-09-21T04:21:18Z,2026-09-21T06:12:00.000+02:00,A0027010430,A27,93.0,520
2026-09-21T04:21:18Z,2026-09-21T06:12:00.000+02:00,A0023020710,A23,102.0,1270
2026-09-21T04:21:18Z,2026-09-21T06:12:00.000+02:00,A0022012430,A22,91.0,1350
2026-09-21T04:21:18Z,2026-09-21T06:12:00.000+02:00,A0025012160,A25,119.0,920
2026-09-21T04:21:18Z,2026-09-21T06:12:00.000+02:00,A9022021200,A22 (rocade),57.0,150
2026-09-21T04:21:18Z,2026-09-21T06:12:00.000+02:00,A0001021100,A1,91.0,1750
2026-09-21T04:21:18Z,2026-09-21T06:12:00.000+02:00,A9022101000,A22 (rocade),69.0,270
2026-09-21T04:21:18Z,2026-09-21T06:12:00.000+02:00,A0025013020,A25,109.0,790
2026-09-21T04:21:18Z,2026-09-21T06:12:00.000+02:00,A0027010410,A27,92.0,510
2026-09-21T04:21:18Z,2026-09-21T06:12:00.000+02:00,A0022012410,A22,96.0,1450
2026-09-21T04:21:18Z,2026-09-21T06:12:00.000+02:00,A0001A20112,A1,92.0,1040
2026-09-21T04:21:18Z,2026-09-21T06:12:00.000+02:00,A0001A20111,A1,101.0,460
2026-09-21T04:21:18Z,2026-09-21T06:12:00.000+02:00,A0001021521,A1,87.0,1710
2026-09-21T04:21:18Z,2026-09-21T06:12:00.000+02:00,A0025022540,A25,105.0,1810
2026-09-21T04:21:18Z,2026-09-21T06:12:00.000+02:00,A0025022300,A25,106.0,1520
2026-09-21T04:21:18Z,2026-09-21T06:12:00.000+02:00,N0356021000,N356,76.0,1230
2026-09-21T04:21:18Z,2026-09-21T06:12:00.000+02:00,A22TC010102,A22 (contournement),84.0,750
2026-09-21T04:21:18Z,2026-09-21T06:12:00.000+02:00,A0001011503,A1,87.0,2760
2026-09-21T04:21:18Z,2026-09-21T06:12:00.000+02:00,A0022012200,A22,84.0,1330
2026-09-21T04:21:18Z,2026-09-21T06:12:00.000+02:00,A0001A20120,A1,89.0,970
2026-09-21T04:21:18Z,2026-09-21T06:12:00.000+02:00,A22TC020102,A22 (contournement),89.0,1040
2026-09-21T04:21:18Z,2026-09-21T06:12:00.000+02:00,A22TC010300,A22 (contournement),88.0,920
2026-09-21T04:21:18Z,2026-09-21T06:12:00.000+02:00,A0022012010,A22,84.0,820
2026-09-21T04:21:18Z,2026-09-21T06:12:00.000+02:00,A0022012020,A22,84.0,820
2026-09-21T04:21:18Z,2026-09-21T06:12:00.000+02:00,A0025022130,A25,115.0,2040
2026-09-21T04:21:18Z,2026-09-21T06:12:00.000+02:00,A0023010520,A23,105.0,660
2026-09-21T04:21:18Z,2026-09-21T06:12:00.000+02:00,N0041020800,N41,91.0,500
2026-09-21T04:21:18Z,2026-09-21T06:12:00.000+02:00,A0025010500,A25,71.0,1170
2026-09-21T04:21:18Z,2026-09-21T06:12:00.000+02:00,A0022020901,A22,80.0,930
2026-09-21T04:21:18Z,2026-09-21T06:12:00.000+02:00,A0022020902,A22,80.0,790
2026-09-21T04:21:18Z,2026-09-21T06:12:00.000+02:00,A0022021810,A22,81.0,1050
2026-09-21T04:21:18Z,2026-09-21T06:12:00.000+02:00,N0356011100,N356,74.0,1130
2026-09-21T04:21:18Z,2026-09-21T06:12:00.000+02:00,A0022021820,A22,81.0,1050
2026-09-21T04:21:18Z,2026-09-21T06:12:00.000+02:00,N0356020802,N356,75.0,1360
2026-09-21T04:21:18Z,2026-09-21T06:12:00.000+02:00,A9022020900,A22 (rocade),78.0,470
2026-09-21T04:21:18Z,2026-09-21T06:12:00.000+02:00,A0025020102,A25,82.0,120
2026-09-21T04:21:18Z,2026-09-21T06:12:00.000+02:00,A0023010100,A23,84.0,510
2026-09-21T04:21:18Z,2026-09-21T06:12:00.000+02:00,A0025022530,A25,104.0,1770
2026-09-21T04:21:18Z,2026-09-21T06:12:00.000+02:00,A9001210200,A1 (bretelle),72.0,640
2026-09-21T04:21:18Z,2026-09-21T06:12:00.000+02:00,A0022010700,A22,80.0,880
2026-09-21T04:21:18Z,2026-09-21T06:12:00.000+02:00,N0041020400,N41,89.0,710
2026-09-21T04:21:18Z,2026-09-21T06:12:00.000+02:00,A0023020720,A23,107.0,1350
2026-09-21T04:21:18Z,2026-09-21T06:12:00.000+02:00,A0022020500,A22,80.0,610
2026-09-21T04:21:18Z,2026-09-21T06:12:00.000+02:00,N93563b0150,N356 (bretelle),76.0,20
2026-09-21T04:21:18Z,2026-09-21T06:12:00.000+02:00,A0025020950,A25,92.0,2530
2026-09-21T04:21:18Z,2026-09-21T06:12:00.000+02:00,A0023020300,A23,98.0,1050
2026-09-21T04:21:18Z,2026-09-21T06:12:00.000+02:00,A0001011000,A1,84.0,2280
2026-09-21T04:21:18Z,2026-09-21T06:12:00.000+02:00,A0027020500,A27,90.0,400
2026-09-21T04:21:18Z,2026-09-21T06:12:00.000+02:00,N0356011500,N356,70.0,1200
2026-09-21T04:21:18Z,2026-09-21T06:12:00.000+02:00,A0001010150,A1,97.0,3170
2026-09-21T04:21:18Z,2026-09-21T06:12:00.000+02:00,N0356020400,N356,76.0,740
2026-09-21T04:21:18Z,2026-09-21T06:12:00.000+02:00,N0041020600,N41,99.0,360
2026-09-21T04:21:18Z,2026-09-21T06:12:00.000+02:00,A0025010700,A25,75.0,740
2026-09-21T04:21:18Z,2026-09-21T06:12:00.000+02:00,A0002011230,A2,106.0,1720
2026-09-21T04:21:18Z,2026-09-21T06:12:00.000+02:00,A0025020500,A25,74.0,2040
2026-09-21T04:21:18Z,2026-09-21T06:12:00.000+02:00,A0002021290,A2,105.0,1280
2026-09-21T04:21:18Z,2026-09-21T06:12:00.000+02:00,A0022011600,A22,82.0,880
2026-09-21T04:31:33Z,2026-09-21T06:24:00.000+02:00,A0001011200,A1,79.0,3330
2026-09-21T04:31:33Z,2026-09-21T06:24:00.000+02:00,A0027010102,A27,85.0,1730
2026-09-21T04:31:33Z,2026-09-21T06:24:00.000+02:00,N0041010100,N41,84.0,1420
2026-09-21T04:31:33Z,2026-09-21T06:24:00.000+02:00,A0027010101,A27,85.0,1730
2026-09-21T04:31:33Z,2026-09-21T06:24:00.000+02:00,A9022010250,A22 (rocade),87.0,250
2026-09-21T04:31:33Z,2026-09-21T06:24:00.000+02:00,A0001020150,A1,100.0,2030
2026-09-21T04:31:33Z,2026-09-21T06:24:00.000+02:00,N0356011700,N356,75.0,1310
2026-09-21T04:31:33Z,2026-09-21T06:24:00.000+02:00,N9227110200,N227 (bretelle),86.0,10
2026-09-21T04:31:33Z,2026-09-21T06:24:00.000+02:00,N0356021300,N356,66.0,1880
2026-09-21T04:31:33Z,2026-09-21T06:24:00.000+02:00,A0022011400,A22,80.0,300
2026-09-21T04:31:33Z,2026-09-21T06:24:00.000+02:00,A0027010300,A27,91.0,600
2026-09-21T04:31:33Z,2026-09-21T06:24:00.000+02:00,A9022020250,A22 (rocade),74.0,850
2026-09-21T04:31:33Z,2026-09-21T06:24:00.000+02:00,N0041010300,N41,84.0,2530
2026-09-21T04:31:33Z,2026-09-21T06:24:00.000+02:00,A0022011210,A22,81.0,220
2026-09-21T04:31:33Z,2026-09-21T06:24:00.000+02:00,A0027020100,A27,73.0,520
2026-09-21T04:31:33Z,2026-09-21T06:24:00.000+02:00,A0001010300,A1,113.0,4410
2026-09-21T04:31:33Z,2026-09-21T06:24:00.000+02:00,A0022011220,A22,81.0,220
2026-09-21T04:31:33Z,2026-09-21T06:24:00.000+02:00,N0227021400,N227,85.0,20
2026-09-21T04:31:33Z,2026-09-21T06:24:00.000+02:00,A9022101110,A22 (rocade),80.0,710
2026-09-21T04:31:33Z,2026-09-21T06:24:00.000+02:00,A0022022110,A22,86.0,1820
2026-09-21T04:31:33Z,2026-09-21T06:24:00.000+02:00,A0001011420,A1,83.0,2280
2026-09-21T04:31:33Z,2026-09-21T06:24:00.000+02:00,N0356010800,N356,74.0,1460
2026-09-21T04:31:33Z,2026-09-21T06:24:00.000+02:00,A9001210710,A1 (bretelle),72.0,130
2026-09-21T04:31:33Z,2026-09-21T06:24:00.000+02:00,N0356021110,N356,75.0,1940
2026-09-21T04:31:33Z,2026-09-21T06:24:00.000+02:00,A0001010510,A1,96.0,4160
2026-09-21T04:31:33Z,2026-09-21T06:24:00.000+02:00,N0356021122,N356,67.0,2030
2026-09-21T04:31:33Z,2026-09-21T06:24:00.000+02:00,N0356021121,N356,75.0,1940
2026-09-21T04:31:33Z,2026-09-21T06:24:00.000+02:00,A0025010210,A25,75.0,2700
2026-09-21T04:31:33Z,2026-09-21T06:24:00.000+02:00,A0025011300,A25,86.0,740
2026-09-21T04:31:33Z,2026-09-21T06:24:00.000+02:00,A0001020300,A1,101.0,1920
2026-09-21T04:31:33Z,2026-09-21T06:24:00.000+02:00,A0025021100,A25,87.0,2090
2026-09-21T04:31:33Z,2026-09-21T06:24:00.000+02:00,A0025023520,A25,106.0,1280
2026-09-21T04:31:33Z,2026-09-21T06:24:00.000+02:00,A0022022130,A22,83.0,1720
2026-09-21T04:31:33Z,2026-09-21T06:24:00.000+02:00,A0025010220,A25,75.0,2700
2026-09-21T04:31:33Z,2026-09-21T06:24:00.000+02:00,A0022022120,A22,88.0,1810
2026-09-21T04:31:33Z,2026-09-21T06:24:00.000+02:00,A0001010520,A1,92.0,4630
2026-09-21T04:31:33Z,2026-09-21T06:24:00.000+02:00,A0022011000,A22,84.0,780
2026-09-21T04:31:33Z,2026-09-21T06:24:00.000+02:00,A0001020510,A1,100.0,1990
2026-09-21T04:31:33Z,2026-09-21T06:24:00.000+02:00,A0001021602,A1,84.0,3240
2026-09-21T04:31:33Z,2026-09-21T06:24:00.000+02:00,A22TC020222,A22 (contournement),99.0,1870
2026-09-21T04:31:33Z,2026-09-21T06:24:00.000+02:00,A0001010940,A1,92.0,4000
2026-09-21T04:31:33Z,2026-09-21T06:24:00.000+02:00,A0025023320,A25,99.0,2230
2026-09-21T04:31:33Z,2026-09-21T06:24:00.000+02:00,A0001020520,A1,97.0,2070
2026-09-21T04:31:33Z,2026-09-21T06:24:00.000+02:00,A0025023100,A25,102.0,1920
2026-09-21T04:31:33Z,2026-09-21T06:24:00.000+02:00,A22TC020230,A22 (contournement),99.0,1870
2026-09-21T04:31:33Z,2026-09-21T06:24:00.000+02:00,A0025021730,A25,75.0,3070
2026-09-21T04:31:33Z,2026-09-21T06:24:00.000+02:00,A0025023910,A25,107.0,950
2026-09-21T04:31:33Z,2026-09-21T06:24:00.000+02:00,A0025021735,A25,91.0,3190
2026-09-21T04:31:33Z,2026-09-21T06:24:00.000+02:00,A0023010400,A23,105.0,600
2026-09-21T04:31:33Z,2026-09-21T06:24:00.000+02:00,A0022021900,A22,80.0,1490
2026-09-21T04:31:33Z,2026-09-21T06:24:00.000+02:00,A9022100500,A22 (rocade),87.0,740
2026-09-21T04:31:33Z,2026-09-21T06:24:00.000+02:00,A0001020940,A1,90.0,2200
2026-09-21T04:31:33Z,2026-09-21T06:24:00.000+02:00,A0001020700,A1,94.0,1740
2026-09-21T04:31:33Z,2026-09-21T06:24:00.000+02:00,A9022020830,A22 (rocade),91.0,190
2026-09-21T04:31:33Z,2026-09-21T06:24:00.000+02:00,A9022020822,A22 (rocade),73.0,1090
2026-09-21T04:31:33Z,2026-09-21T06:24:00.000+02:00,A9022020821,A22 (rocade),73.0,1090
2026-09-21T04:31:33Z,2026-09-21T06:24:00.000+02:00,A0025020420,A25,73.0,2790
2026-09-21T04:31:33Z,2026-09-21T06:24:00.000+02:00,A0025021510,A25,90.0,1640
2026-09-21T04:31:33Z,2026-09-21T06:24:00.000+02:00,N0227010100,N227,65.0,800
2026-09-21T04:31:33Z,2026-09-21T06:24:00.000+02:00,A0025011720,A25,97.0,1630
2026-09-21T04:31:33Z,2026-09-21T06:24:00.000+02:00,A0025021760,A25,80.0,2950
2026-09-21T04:31:33Z,2026-09-21T06:24:00.000+02:00,A0025011730,A25,86.0,1560
2026-09-21T04:31:33Z,2026-09-21T06:24:00.000+02:00,A0025011735,A25,98.0,1570
2026-09-21T04:31:33Z,2026-09-21T06:24:00.000+02:00,A9025080700,A25 (bretelle),,630
2026-09-21T04:31:33Z,2026-09-21T06:24:00.000+02:00,A9022100930,A22 (rocade),78.0,40
2026-09-21T04:31:33Z,2026-09-21T06:24:00.000+02:00,N0356011220,N356,74.0,1410
2026-09-21T04:31:33Z,2026-09-21T06:24:00.000+02:00,A0025011740,A25,85.0,1520
2026-09-21T04:31:33Z,2026-09-21T06:24:00.000+02:00,A0025010410,A25,69.0,2180
2026-09-21T04:31:33Z,2026-09-21T06:24:00.000+02:00,A0023010200,A23,101.0,950
2026-09-21T04:31:33Z,2026-09-21T06:24:00.000+02:00,A9001210120,A1 (bretelle),79.0,420
2026-09-21T04:31:33Z,2026-09-21T06:24:00.000+02:00,A0025020210,A25,74.0,2960
2026-09-21T04:31:33Z,2026-09-21T06:24:00.000+02:00,N0356011210,N356,74.0,1410
2026-09-21T04:31:33Z,2026-09-21T06:24:00.000+02:00,A0025011510,A25,89.0,1070
2026-09-21T04:31:33Z,2026-09-21T06:24:00.000+02:00,A0025020220,A25,74.0,2960
2026-09-21T04:31:33Z,2026-09-21T06:24:00.000+02:00,N0227010302,N227,75.0,1740
2026-09-21T04:31:33Z,2026-09-21T06:24:00.000+02:00,N0041010500,N41,94.0,2230
2026-09-21T04:31:33Z,2026-09-21T06:24:00.000+02:00,N0227020101,N227,83.0,1800
2026-09-21T04:31:33Z,2026-09-21T06:24:00.000+02:00,A9022100110,A22 (rocade),66.0,420
2026-09-21T04:31:33Z,2026-09-21T06:24:00.000+02:00,A0022010400,A22,74.0,1250
2026-09-21T04:31:33Z,2026-09-21T06:24:00.000+02:00,N0356010302,N356,76.0,2610
2026-09-21T04:31:33Z,2026-09-21T06:24:00.000+02:00,A0025010800,A25,75.0,1260
2026-09-21T04:31:33Z,2026-09-21T06:24:00.000+02:00,A0027020621,A27,96.0,630
2026-09-21T04:31:33Z,2026-09-21T06:24:00.000+02:00,N0041010700,N41,95.0,1540
2026-09-21T04:31:33Z,2026-09-21T06:24:00.000+02:00,A0027020630,A27,96.0,590
2026-09-21T04:31:33Z,2026-09-21T06:24:00.000+02:00,A0022021512,A22,79.0,1390
2026-09-21T04:31:33Z,2026-09-21T06:24:00.000+02:00,A0022021511,A22,78.0,1440
2026-09-21T04:31:33Z,2026-09-21T06:24:00.000+02:00,A0027020610,A27,96.0,630
2026-09-21T04:31:33Z,2026-09-21T06:24:00.000+02:00,A0025021720,A25,88.0,3160
2026-09-21T04:31:33Z,2026-09-21T06:24:00.000+02:00,A0022021520,A22,79.0,1390
2026-09-21T04:31:33Z,2026-09-21T06:24:00.000+02:00,A0025022140,A25,92.0,3180
2026-09-21T04:31:33Z,2026-09-21T06:24:00.000+02:00,A0022011302,A22,78.0,870
2026-09-21T04:31:33Z,2026-09-21T06:24:00.000+02:00,A0025022160,A25,84.0,3230
2026-09-21T04:31:33Z,2026-09-21T06:24:00.000+02:00,A9025060104,A25 (bretelle),72.0,1510
2026-09-21T04:31:33Z,2026-09-21T06:24:00.000+02:00,A0027010201,A27,91.0,1240
2026-09-21T04:31:33Z,2026-09-21T06:24:00.000+02:00,A0027010202,A27,85.0,510
2026-09-21T04:31:33Z,2026-09-21T06:24:00.000+02:00,N9227110110,N227 (bretelle),74.0,570
2026-09-21T04:31:33Z,2026-09-21T06:24:00.000+02:00,A0025012130,A25,100.0,720
2026-09-21T04:31:33Z,2026-09-21T06:24:00.000+02:00,A0027010210,A27,85.0,510
2026-09-21T04:31:33Z,2026-09-21T06:24:00.000+02:00,A0025011050,A25,89.0,730
2026-09-21T04:31:33Z,2026-09-21T06:24:00.000+02:00,A0025012140,A25,100.0,1350
2026-09-21T04:31:33Z,2026-09-21T06:24:00.000+02:00,A0027010421,A27,99.0,770
2026-09-21T04:31:33Z,2026-09-21T06:24:00.000+02:00,A0022012420,A22,93.0,1590
2026-09-21T04:31:33Z,2026-09-21T06:24:00.000+02:00,A0027010430,A27,102.0,780
2026-09-21T04:31:33Z,2026-09-21T06:24:00.000+02:00,A0023020710,A23,97.0,2270
2026-09-21T04:31:33Z,2026-09-21T06:24:00.000+02:00,A0022012430,A22,91.0,1560
2026-09-21T04:31:33Z,2026-09-21T06:24:00.000+02:00,A0025012160,A25,119.0,1250
2026-09-21T04:31:33Z,2026-09-21T06:24:00.000+02:00,A9022021200,A22 (rocade),61.0,240
2026-09-21T04:31:33Z,2026-09-21T06:24:00.000+02:00,A0001021100,A1,90.0,2110
2026-09-21T04:31:33Z,2026-09-21T06:24:00.000+02:00,A9022101000,A22 (rocade),68.0,260
2026-09-21T04:31:33Z,2026-09-21T06:24:00.000+02:00,A0025013020,A25,106.0,970
2026-09-21T04:31:33Z,2026-09-21T06:24:00.000+02:00,A0027010410,A27,99.0,770
2026-09-21T04:31:33Z,2026-09-21T06:24:00.000+02:00,A0022012410,A22,94.0,1640
2026-09-21T04:31:33Z,2026-09-21T06:24:00.000+02:00,A0001A20112,A1,91.0,1470
2026-09-21T04:31:33Z,2026-09-21T06:24:00.000+02:00,A0001A20111,A1,103.0,740
2026-09-21T04:31:33Z,2026-09-21T06:24:00.000+02:00,A0001021521,A1,86.0,1730
2026-09-21T04:31:33Z,2026-09-21T06:24:00.000+02:00,A0025022540,A25,102.0,2250
2026-09-21T04:31:33Z,2026-09-21T06:24:00.000+02:00,A0025022300,A25,95.0,2070
2026-09-21T04:31:33Z,2026-09-21T06:24:00.000+02:00,N0356021000,N356,76.0,1670
2026-09-21T04:31:33Z,2026-09-21T06:24:00.000+02:00,A22TC010102,A22 (contournement),84.0,1230
2026-09-21T04:31:33Z,2026-09-21T06:24:00.000+02:00,A0001011503,A1,86.0,3650
2026-09-21T04:31:33Z,2026-09-21T06:24:00.000+02:00,A0022012200,A22,82.0,1650
2026-09-21T04:31:33Z,2026-09-21T06:24:00.000+02:00,A0001A20120,A1,86.0,1410
2026-09-21T04:31:33Z,2026-09-21T06:24:00.000+02:00,A22TC020102,A22 (contournement),87.0,1490
2026-09-21T04:31:33Z,2026-09-21T06:24:00.000+02:00,A22TC010300,A22 (contournement),83.0,1350
2026-09-21T04:31:33Z,2026-09-21T06:24:00.000+02:00,A0022012010,A22,81.0,1150
2026-09-21T04:31:33Z,2026-09-21T06:24:00.000+02:00,A0022012020,A22,81.0,1150
2026-09-21T04:31:33Z,2026-09-21T06:24:00.000+02:00,A0025022130,A25,102.0,2890
2026-09-21T04:31:33Z,2026-09-21T06:24:00.000+02:00,A0023010520,A23,110.0,580
2026-09-21T04:31:33Z,2026-09-21T06:24:00.000+02:00,N0041020800,N41,93.0,830
2026-09-21T04:31:33Z,2026-09-21T06:24:00.000+02:00,A0025010500,A25,70.0,1300
2026-09-21T04:31:33Z,2026-09-21T06:24:00.000+02:00,A0022020901,A22,92.0,1120
2026-09-21T04:31:33Z,2026-09-21T06:24:00.000+02:00,A0022020902,A22,92.0,860
2026-09-21T04:31:33Z,2026-09-21T06:24:00.000+02:00,A0022021810,A22,81.0,1440
2026-09-21T04:31:33Z,2026-09-21T06:24:00.000+02:00,N0356011100,N356,73.0,1470
2026-09-21T04:31:33Z,2026-09-21T06:24:00.000+02:00,A0022021820,A22,81.0,1440
2026-09-21T04:31:33Z,2026-09-21T06:24:00.000+02:00,N0356020802,N356,74.0,1920
2026-09-21T04:31:33Z,2026-09-21T06:24:00.000+02:00,A9022020900,A22 (rocade),79.0,460
2026-09-21T04:31:33Z,2026-09-21T06:24:00.000+02:00,A0025020102,A25,75.0,80
2026-09-21T04:31:33Z,2026-09-21T06:24:00.000+02:00,A0023010100,A23,121.0,520
2026-09-21T04:31:33Z,2026-09-21T06:24:00.000+02:00,A0025022530,A25,102.0,2340
2026-09-21T04:31:33Z,2026-09-21T06:24:00.000+02:00,A9001210200,A1 (bretelle),70.0,660
2026-09-21T04:31:33Z,2026-09-21T06:24:00.000+02:00,A0022010700,A22,79.0,990
2026-09-21T04:31:33Z,2026-09-21T06:24:00.000+02:00,N0041020400,N41,89.0,830
2026-09-21T04:31:33Z,2026-09-21T06:24:00.000+02:00,A0023020720,A23,100.0,2370
2026-09-21T04:31:33Z,2026-09-21T06:24:00.000+02:00,A0022020500,A22,92.0,810
2026-09-21T04:31:33Z,2026-09-21T06:24:00.000+02:00,N93563b0150,N356 (bretelle),61.0,10
2026-09-21T04:31:33Z,2026-09-21T06:24:00.000+02:00,A0025020950,A25,90.0,3340
2026-09-21T04:31:33Z,2026-09-21T06:24:00.000+02:00,A0023020300,A23,86.0,1740
2026-09-21T04:31:33Z,2026-09-21T06:24:00.000+02:00,A0001011000,A1,83.0,3240
2026-09-21T04:31:33Z,2026-09-21T06:24:00.000+02:00,A0027020500,A27,91.0,440
2026-09-21T04:31:33Z,2026-09-21T06:24:00.000+02:00,N0356011500,N356,69.0,1490
2026-09-21T04:31:33Z,2026-09-21T06:24:00.000+02:00,A0001010150,A1,92.0,4480
2026-09-21T04:31:33Z,2026-09-21T06:24:00.000+02:00,N0356020400,N356,73.0,840
2026-09-21T04:31:33Z,2026-09-21T06:24:00.000+02:00,N0041020600,N41,97.0,440
2026-09-21T04:31:33Z,2026-09-21T06:24:00.000+02:00,A0025010700,A25,70.0,870
2026-09-21T04:31:33Z,2026-09-21T06:24:00.000+02:00,A0002011230,A2,105.0,2020
2026-09-21T04:31:33Z,2026-09-21T06:24:00.000+02:00,A0025020500,A25,73.0,2210
2026-09-21T04:31:33Z,2026-09-21T06:24:00.000+02:00,A0002021290,A2,106.0,1300
2026-09-21T04:31:33Z,2026-09-21T06:24:00.000+02:00,A0022011600,A22,81.0,1070
2026-09-21T04:41:21Z,2026-09-21T06:30:00.000+02:00,A0001011200,A1,76.0,4070
2026-09-21T04:41:21Z,2026-09-21T06:30:00.000+02:00,A0027010102,A27,88.0,1920
2026-09-21T04:41:21Z,2026-09-21T06:30:00.000+02:00,N0041010100,N41,86.0,1480
2026-09-21T04:41:21Z,2026-09-21T06:30:00.000+02:00,A0027010101,A27,88.0,1920
2026-09-21T04:41:21Z,2026-09-21T06:30:00.000+02:00,A9022010250,A22 (rocade),87.0,290
2026-09-21T04:41:21Z,2026-09-21T06:30:00.000+02:00,A0001020150,A1,102.0,2240
2026-09-21T04:41:21Z,2026-09-21T06:30:00.000+02:00,N0356011700,N356,74.0,1510
2026-09-21T04:41:21Z,2026-09-21T06:30:00.000+02:00,N9227110200,N227 (bretelle),77.0,10
2026-09-21T04:41:21Z,2026-09-21T06:30:00.000+02:00,N0356021300,N356,67.0,2040
2026-09-21T04:41:21Z,2026-09-21T06:30:00.000+02:00,A0022011400,A22,77.0,450
2026-09-21T04:41:21Z,2026-09-21T06:30:00.000+02:00,A0027010300,A27,90.0,620
2026-09-21T04:41:21Z,2026-09-21T06:30:00.000+02:00,A9022020250,A22 (rocade),69.0,1120
2026-09-21T04:41:21Z,2026-09-21T06:30:00.000+02:00,N0041010300,N41,84.0,2720
2026-09-21T04:41:21Z,2026-09-21T06:30:00.000+02:00,A0022011210,A22,93.0,330
2026-09-21T04:41:21Z,2026-09-21T06:30:00.000+02:00,A0027020100,A27,73.0,710
2026-09-21T04:41:21Z,2026-09-21T06:30:00.000+02:00,A0001010300,A1,109.0,4920
2026-09-21T04:41:21Z,2026-09-21T06:30:00.000+02:00,A0022011220,A22,93.0,330
2026-09-21T04:41:21Z,2026-09-21T06:30:00.000+02:00,A9022101110,A22 (rocade),79.0,700
2026-09-21T04:41:21Z,2026-09-21T06:30:00.000+02:00,A0022022110,A22,86.0,1970
2026-09-21T04:41:21Z,2026-09-21T06:30:00.000+02:00,A0001011420,A1,83.0,2950
2026-09-21T04:41:21Z,2026-09-21T06:30:00.000+02:00,N0356010800,N356,75.0,1780
2026-09-21T04:41:21Z,2026-09-21T06:30:00.000+02:00,A9001210710,A1 (bretelle),76.0,180
2026-09-21T04:41:21Z,2026-09-21T06:30:00.000+02:00,N0356021110,N356,74.0,2090
2026-09-21T04:41:21Z,2026-09-21T06:30:00.000+02:00,A0001010510,A1,89.0,4320
2026-09-21T04:41:21Z,2026-09-21T06:30:00.000+02:00,N0356021122,N356,65.0,2140
2026-09-21T04:41:21Z,2026-09-21T06:30:00.000+02:00,N0356021121,N356,74.0,2090
2026-09-21T04:41:21Z,2026-09-21T06:30:00.000+02:00,A0025010210,A25,76.0,3050
2026-09-21T04:41:21Z,2026-09-21T06:30:00.000+02:00,A0025011300,A25,87.0,910
2026-09-21T04:41:21Z,2026-09-21T06:30:00.000+02:00,A0001020300,A1,102.0,2080
2026-09-21T04:41:21Z,2026-09-21T06:30:00.000+02:00,A0025021100,A25,87.0,1910
2026-09-21T04:41:21Z,2026-09-21T06:30:00.000+02:00,A0025023520,A25,104.0,1440
2026-09-21T04:41:21Z,2026-09-21T06:30:00.000+02:00,A0022022130,A22,83.0,1910
2026-09-21T04:41:21Z,2026-09-21T06:30:00.000+02:00,A0025010220,A25,76.0,3050
2026-09-21T04:41:21Z,2026-09-21T06:30:00.000+02:00,A0022022120,A22,89.0,1960
2026-09-21T04:41:21Z,2026-09-21T06:30:00.000+02:00,A0001010520,A1,90.0,5060
2026-09-21T04:41:21Z,2026-09-21T06:30:00.000+02:00,A0022011000,A22,82.0,1230
2026-09-21T04:41:21Z,2026-09-21T06:30:00.000+02:00,A0001020510,A1,101.0,2110
2026-09-21T04:41:21Z,2026-09-21T06:30:00.000+02:00,A0001021602,A1,85.0,3480
2026-09-21T04:41:21Z,2026-09-21T06:30:00.000+02:00,A22TC020222,A22 (contournement),84.0,1900
2026-09-21T04:41:21Z,2026-09-21T06:30:00.000+02:00,A0001010940,A1,90.0,5010
2026-09-21T04:41:21Z,2026-09-21T06:30:00.000+02:00,A0025023320,A25,100.0,2270
2026-09-21T04:41:21Z,2026-09-21T06:30:00.000+02:00,A0001020520,A1,96.0,2210
2026-09-21T04:41:21Z,2026-09-21T06:30:00.000+02:00,A0025023100,A25,100.0,2270
2026-09-21T04:41:21Z,2026-09-21T06:30:00.000+02:00,A22TC020230,A22 (contournement),84.0,1900
2026-09-21T04:41:21Z,2026-09-21T06:30:00.000+02:00,A0025021730,A25,70.0,3360
2026-09-21T04:41:21Z,2026-09-21T06:30:00.000+02:00,A0025023910,A25,110.0,1190
2026-09-21T04:41:21Z,2026-09-21T06:30:00.000+02:00,A0025021735,A25,72.0,3540
2026-09-21T04:41:21Z,2026-09-21T06:30:00.000+02:00,A0023010400,A23,97.0,690
2026-09-21T04:41:21Z,2026-09-21T06:30:00.000+02:00,A0022021900,A22,82.0,1500
2026-09-21T04:41:21Z,2026-09-21T06:30:00.000+02:00,A9022100500,A22 (rocade),84.0,590
2026-09-21T04:41:21Z,2026-09-21T06:30:00.000+02:00,A0001020940,A1,91.0,2250
2026-09-21T04:41:21Z,2026-09-21T06:30:00.000+02:00,A0001020700,A1,94.0,1880
2026-09-21T04:41:21Z,2026-09-21T06:30:00.000+02:00,A9022020830,A22 (rocade),87.0,140
2026-09-21T04:41:21Z,2026-09-21T06:30:00.000+02:00,A9022020822,A22 (rocade),72.0,1090
2026-09-21T04:41:21Z,2026-09-21T06:30:00.000+02:00,A9022020821,A22 (rocade),72.0,1090
2026-09-21T04:41:21Z,2026-09-21T06:30:00.000+02:00,A0025020420,A25,73.0,3270
2026-09-21T04:41:21Z,2026-09-21T06:30:00.000+02:00,A0025021510,A25,88.0,1840
2026-09-21T04:41:21Z,2026-09-21T06:30:00.000+02:00,N0227010100,N227,66.0,860
2026-09-21T04:41:21Z,2026-09-21T06:30:00.000+02:00,A0025011720,A25,97.0,1550
2026-09-21T04:41:21Z,2026-09-21T06:30:00.000+02:00,A0025021760,A25,59.0,4060
2026-09-21T04:41:21Z,2026-09-21T06:30:00.000+02:00,A0025011730,A25,86.0,1470
2026-09-21T04:41:21Z,2026-09-21T06:30:00.000+02:00,A0025011735,A25,99.0,1470
2026-09-21T04:41:21Z,2026-09-21T06:30:00.000+02:00,A9025080700,A25 (bretelle),,780
2026-09-21T04:41:21Z,2026-09-21T06:30:00.000+02:00,A9022100930,A22 (rocade),73.0,140
2026-09-21T04:41:21Z,2026-09-21T06:30:00.000+02:00,N0356011220,N356,71.0,1750
2026-09-21T04:41:21Z,2026-09-21T06:30:00.000+02:00,A0025011740,A25,85.0,1480
2026-09-21T04:41:21Z,2026-09-21T06:30:00.000+02:00,A0025010410,A25,69.0,2980
2026-09-21T04:41:21Z,2026-09-21T06:30:00.000+02:00,A0023010200,A23,91.0,1090
2026-09-21T04:41:21Z,2026-09-21T06:30:00.000+02:00,A9001210120,A1 (bretelle),83.0,270
2026-09-21T04:41:21Z,2026-09-21T06:30:00.000+02:00,A0025020210,A25,75.0,3300
2026-09-21T04:41:21Z,2026-09-21T06:30:00.000+02:00,N0356011210,N356,71.0,1750
2026-09-21T04:41:21Z,2026-09-21T06:30:00.000+02:00,A0025011510,A25,88.0,1170
2026-09-21T04:41:21Z,2026-09-21T06:30:00.000+02:00,A0025020220,A25,75.0,3300
2026-09-21T04:41:21Z,2026-09-21T06:30:00.000+02:00,N0227010302,N227,76.0,2060
2026-09-21T04:41:21Z,2026-09-21T06:30:00.000+02:00,N0041010500,N41,90.0,2560
2026-09-21T04:41:21Z,2026-09-21T06:30:00.000+02:00,N0227020101,N227,85.0,1540
2026-09-21T04:41:21Z,2026-09-21T06:30:00.000+02:00,A9022100110,A22 (rocade),66.0,530
2026-09-21T04:41:21Z,2026-09-21T06:30:00.000+02:00,A0022010400,A22,72.0,1610
2026-09-21T04:41:21Z,2026-09-21T06:30:00.000+02:00,N0356010302,N356,77.0,3050
2026-09-21T04:41:21Z,2026-09-21T06:30:00.000+02:00,A0025010800,A25,76.0,1530
2026-09-21T04:41:21Z,2026-09-21T06:30:00.000+02:00,A0027020621,A27,91.0,590
2026-09-21T04:41:21Z,2026-09-21T06:30:00.000+02:00,N0041010700,N41,88.0,1640
2026-09-21T04:41:21Z,2026-09-21T06:30:00.000+02:00,A0027020630,A27,91.0,600
2026-09-21T04:41:21Z,2026-09-21T06:30:00.000+02:00,A0022021512,A22,78.0,1400
2026-09-21T04:41:21Z,2026-09-21T06:30:00.000+02:00,A0022021511,A22,82.0,1360
2026-09-21T04:41:21Z,2026-09-21T06:30:00.000+02:00,A0027020610,A27,91.0,590
2026-09-21T04:41:21Z,2026-09-21T06:30:00.000+02:00,A0025021720,A25,83.0,3240
2026-09-21T04:41:21Z,2026-09-21T06:30:00.000+02:00,A0022021520,A22,78.0,1400
2026-09-21T04:41:21Z,2026-09-21T06:30:00.000+02:00,A0025022140,A25,96.0,3080
2026-09-21T04:41:21Z,2026-09-21T06:30:00.000+02:00,A0022011302,A22,76.0,980
2026-09-21T04:41:21Z,2026-09-21T06:30:00.000+02:00,A0025022160,A25,89.0,3120
2026-09-21T04:41:21Z,2026-09-21T06:30:00.000+02:00,A9025060104,A25 (bretelle),72.0,1670
2026-09-21T04:41:21Z,2026-09-21T06:30:00.000+02:00,A0027010201,A27,90.0,1160
2026-09-21T04:41:21Z,2026-09-21T06:30:00.000+02:00,A0027010202,A27,67.0,670
2026-09-21T04:41:21Z,2026-09-21T06:30:00.000+02:00,N9227110110,N227 (bretelle),73.0,640
2026-09-21T04:41:21Z,2026-09-21T06:30:00.000+02:00,A0025012130,A25,93.0,650
2026-09-21T04:41:21Z,2026-09-21T06:30:00.000+02:00,A0027010210,A27,67.0,670
2026-09-21T04:41:21Z,2026-09-21T06:30:00.000+02:00,A0025011050,A25,104.0,920
2026-09-21T04:41:21Z,2026-09-21T06:30:00.000+02:00,A0025012140,A25,93.0,1200
2026-09-21T04:41:21Z,2026-09-21T06:30:00.000+02:00,A0027010421,A27,94.0,770
2026-09-21T04:41:21Z,2026-09-21T06:30:00.000+02:00,A0022012420,A22,92.0,1790
2026-09-21T04:41:21Z,2026-09-21T06:30:00.000+02:00,A0027010430,A27,96.0,790
2026-09-21T04:41:21Z,2026-09-21T06:30:00.000+02:00,A0023020710,A23,99.0,2260
2026-09-21T04:41:21Z,2026-09-21T06:30:00.000+02:00,A0022012430,A22,89.0,1730
2026-09-21T04:41:21Z,2026-09-21T06:30:00.000+02:00,A0025012160,A25,114.0,1350
2026-09-21T04:41:21Z,2026-09-21T06:30:00.000+02:00,A9022021200,A22 (rocade),58.0,180
2026-09-21T04:41:21Z,2026-09-21T06:30:00.000+02:00,A0001021100,A1,91.0,2080
2026-09-21T04:41:21Z,2026-09-21T06:30:00.000+02:00,A9022101000,A22 (rocade),68.0,350
2026-09-21T04:41:21Z,2026-09-21T06:30:00.000+02:00,A0025013020,A25,107.0,1160
2026-09-21T04:41:21Z,2026-09-21T06:30:00.000+02:00,A0027010410,A27,94.0,770
2026-09-21T04:41:21Z,2026-09-21T06:30:00.000+02:00,A0022012410,A22,92.0,1660
2026-09-21T04:41:21Z,2026-09-21T06:30:00.000+02:00,A0001A20112,A1,90.0,1340
2026-09-21T04:41:21Z,2026-09-21T06:30:00.000+02:00,A0001A20111,A1,88.0,790
2026-09-21T04:41:21Z,2026-09-21T06:30:00.000+02:00,A0001021521,A1,86.0,2040
2026-09-21T04:41:21Z,2026-09-21T06:30:00.000+02:00,A0025022540,A25,100.0,2430
2026-09-21T04:41:21Z,2026-09-21T06:30:00.000+02:00,A0025022300,A25,101.0,1910
2026-09-21T04:41:21Z,2026-09-21T06:30:00.000+02:00,N0356021000,N356,69.0,2000
2026-09-21T04:41:21Z,2026-09-21T06:30:00.000+02:00,A22TC010102,A22 (contournement),85.0,1400
2026-09-21T04:41:21Z,2026-09-21T06:30:00.000+02:00,A0001011503,A1,86.0,4340
2026-09-21T04:41:21Z,2026-09-21T06:30:00.000+02:00,A0022012200,A22,81.0,1500
2026-09-21T04:41:21Z,2026-09-21T06:30:00.000+02:00,A0001A20120,A1,87.0,1230
2026-09-21T04:41:21Z,2026-09-21T06:30:00.000+02:00,A22TC020102,A22 (contournement),87.0,1390
2026-09-21T04:41:21Z,2026-09-21T06:30:00.000+02:00,A22TC010300,A22 (contournement),83.0,1290
2026-09-21T04:41:21Z,2026-09-21T06:30:00.000+02:00,A0022012010,A22,82.0,940
2026-09-21T04:41:21Z,2026-09-21T06:30:00.000+02:00,A0022012020,A22,82.0,940
2026-09-21T04:41:21Z,2026-09-21T06:30:00.000+02:00,A0025022130,A25,106.0,3230
2026-09-21T04:41:21Z,2026-09-21T06:30:00.000+02:00,A0023010520,A23,105.0,680
2026-09-21T04:41:21Z,2026-09-21T06:30:00.000+02:00,N0041020800,N41,91.0,670
2026-09-21T04:41:21Z,2026-09-21T06:30:00.000+02:00,A0025010500,A25,70.0,1720
2026-09-21T04:41:21Z,2026-09-21T06:30:00.000+02:00,A0022020901,A22,72.0,1460
2026-09-21T04:41:21Z,2026-09-21T06:30:00.000+02:00,A0022020902,A22,72.0,1140
2026-09-21T04:41:21Z,2026-09-21T06:30:00.000+02:00,A0022021810,A22,83.0,1340
2026-09-21T04:41:21Z,2026-09-21T06:30:00.000+02:00,N0356011100,N356,72.0,1690
2026-09-21T04:41:21Z,2026-09-21T06:30:00.000+02:00,A0022021820,A22,83.0,1340
2026-09-21T04:41:21Z,2026-09-21T06:30:00.000+02:00,N0356020802,N356,72.0,2060
2026-09-21T04:41:21Z,2026-09-21T06:30:00.000+02:00,A9022020900,A22 (rocade),83.0,500
2026-09-21T04:41:21Z,2026-09-21T06:30:00.000+02:00,A0025020102,A25,67.0,590
2026-09-21T04:41:21Z,2026-09-21T06:30:00.000+02:00,A0023010100,A23,90.0,660
2026-09-21T04:41:21Z,2026-09-21T06:30:00.000+02:00,A0025022530,A25,98.0,2340
2026-09-21T04:41:21Z,2026-09-21T06:30:00.000+02:00,A9001210200,A1 (bretelle),69.0,770
2026-09-21T04:41:21Z,2026-09-21T06:30:00.000+02:00,A0022010700,A22,77.0,1310
2026-09-21T04:41:21Z,2026-09-21T06:30:00.000+02:00,N0041020400,N41,85.0,1030
2026-09-21T04:41:21Z,2026-09-21T06:30:00.000+02:00,A0023020720,A23,108.0,2240
2026-09-21T04:41:21Z,2026-09-21T06:30:00.000+02:00,A0022020500,A22,72.0,790
2026-09-21T04:41:21Z,2026-09-21T06:30:00.000+02:00,N93563b0150,N356 (bretelle),65.0,70
2026-09-21T04:41:21Z,2026-09-21T06:30:00.000+02:00,A0025020950,A25,90.0,3480
2026-09-21T04:41:21Z,2026-09-21T06:30:00.000+02:00,A0023020300,A23,81.0,1800
2026-09-21T04:41:21Z,2026-09-21T06:30:00.000+02:00,A0001011000,A1,80.0,4010
2026-09-21T04:41:21Z,2026-09-21T06:30:00.000+02:00,A0027020500,A27,75.0,450
2026-09-21T04:41:21Z,2026-09-21T06:30:00.000+02:00,N0356011500,N356,67.0,1950
2026-09-21T04:41:21Z,2026-09-21T06:30:00.000+02:00,A0001010150,A1,90.0,5010
2026-09-21T04:41:21Z,2026-09-21T06:30:00.000+02:00,N0356020400,N356,67.0,1050
2026-09-21T04:41:21Z,2026-09-21T06:30:00.000+02:00,N0041020600,N41,97.0,510
2026-09-21T04:41:21Z,2026-09-21T06:30:00.000+02:00,A0025010700,A25,78.0,940
2026-09-21T04:41:21Z,2026-09-21T06:30:00.000+02:00,A0002011230,A2,105.0,2210
2026-09-21T04:41:21Z,2026-09-21T06:30:00.000+02:00,A0025020500,A25,72.0,2810
2026-09-21T04:41:21Z,2026-09-21T06:30:00.000+02:00,A0002021290,A2,103.0,1830
2026-09-21T04:41:21Z,2026-09-21T06:30:00.000+02:00,A0022011600,A22,80.0,1120
2026-09-21T04:51:16Z,2026-09-21T06:42:00.000+02:00,A0001011200,A1,74.0,4940
2026-09-21T04:51:16Z,2026-09-21T06:42:00.000+02:00,A0027010102,A27,85.0,2330
2026-09-21T04:51:16Z,2026-09-21T06:42:00.000+02:00,N0041010100,N41,82.0,1960
2026-09-21T04:51:16Z,2026-09-21T06:42:00.000+02:00,A0027010101,A27,85.0,2330
2026-09-21T04:51:16Z,2026-09-21T06:42:00.000+02:00,A9022010250,A22 (rocade),83.0,500
2026-09-21T04:51:16Z,2026-09-21T06:42:00.000+02:00,A0001020150,A1,101.0,2330
2026-09-21T04:51:16Z,2026-09-21T06:42:00.000+02:00,N0356011700,N356,73.0,2120
2026-09-21T04:51:16Z,2026-09-21T06:42:00.000+02:00,N9227110200,N227 (bretelle),70.0,10
2026-09-21T04:51:16Z,2026-09-21T06:42:00.000+02:00,N0356021300,N356,68.0,2160
2026-09-21T04:51:16Z,2026-09-21T06:42:00.000+02:00,A0022011400,A22,74.0,680
2026-09-21T04:51:16Z,2026-09-21T06:42:00.000+02:00,A0027010300,A27,91.0,650
2026-09-21T04:51:16Z,2026-09-21T06:42:00.000+02:00,A9022020250,A22 (rocade),73.0,1350
2026-09-21T04:51:16Z,2026-09-21T06:42:00.000+02:00,N0041010300,N41,81.0,3470
2026-09-21T04:51:16Z,2026-09-21T06:42:00.000+02:00,A0022011210,A22,73.0,590
2026-09-21T04:51:16Z,2026-09-21T06:42:00.000+02:00,A0027020100,A27,75.0,830
2026-09-21T04:51:16Z,2026-09-21T06:42:00.000+02:00,A0001010300,A1,95.0,5100
2026-09-21T04:51:16Z,2026-09-21T06:42:00.000+02:00,A0022011220,A22,73.0,590
2026-09-21T04:51:16Z,2026-09-21T06:42:00.000+02:00,N0227021400,N227,74.0,20
2026-09-21T04:51:16Z,2026-09-21T06:42:00.000+02:00,A9022101110,A22 (rocade),75.0,830
2026-09-21T04:51:16Z,2026-09-21T06:42:00.000+02:00,A0022022110,A22,82.0,2730
2026-09-21T04:51:16Z,2026-09-21T06:42:00.000+02:00,A0001011420,A1,76.0,3350
2026-09-21T04:51:16Z,2026-09-21T06:42:00.000+02:00,N0356010800,N356,72.0,2710
2026-09-21T04:51:16Z,2026-09-21T06:42:00.000+02:00,A9001210710,A1 (bretelle),69.0,230
2026-09-21T04:51:16Z,2026-09-21T06:42:00.000+02:00,N0356021110,N356,74.0,2230
2026-09-21T04:51:16Z,2026-09-21T06:42:00.000+02:00,A0001010510,A1,82.0,4910
2026-09-21T04:51:16Z,2026-09-21T06:42:00.000+02:00,N0356021122,N356,67.0,2380
2026-09-21T04:51:16Z,2026-09-21T06:42:00.000+02:00,N0356021121,N356,74.0,2230
2026-09-21T04:51:16Z,2026-09-21T06:42:00.000+02:00,A0025010210,A25,73.0,3380
2026-09-21T04:51:16Z,2026-09-21T06:42:00.000+02:00,A0025011300,A25,87.0,1110
2026-09-21T04:51:16Z,2026-09-21T06:42:00.000+02:00,A0001020300,A1,100.0,2230
2026-09-21T04:51:16Z,2026-09-21T06:42:00.000+02:00,A0025021100,A25,84.0,2350
2026-09-21T04:51:16Z,2026-09-21T06:42:00.000+02:00,A0025023520,A25,105.0,1340
2026-09-21T04:51:16Z,2026-09-21T06:42:00.000+02:00,A0022022130,A22,79.0,2610
2026-09-21T04:51:16Z,2026-09-21T06:42:00.000+02:00,A0025010220,A25,73.0,3380
2026-09-21T04:51:16Z,2026-09-21T06:42:00.000+02:00,A0022022120,A22,87.0,2810
2026-09-21T04:51:16Z,2026-09-21T06:42:00.000+02:00,A0001010520,A1,78.0,5600
2026-09-21T04:51:16Z,2026-09-21T06:42:00.000+02:00,A0022011000,A22,74.0,2080
2026-09-21T04:51:16Z,2026-09-21T06:42:00.000+02:00,A0001020510,A1,98.0,2300
2026-09-21T04:51:16Z,2026-09-21T06:42:00.000+02:00,A0001021602,A1,84.0,3750
2026-09-21T04:51:16Z,2026-09-21T06:42:00.000+02:00,A22TC020222,A22 (contournement),78.0,2790
2026-09-21T04:51:16Z,2026-09-21T06:42:00.000+02:00,A0001010940,A1,83.0,5240
2026-09-21T04:51:16Z,2026-09-21T06:42:00.000+02:00,A0025023320,A25,103.0,2340
2026-09-21T04:51:16Z,2026-09-21T06:42:00.000+02:00,A0001020520,A1,95.0,2370
2026-09-21T04:51:16Z,2026-09-21T06:42:00.000+02:00,A0025023100,A25,99.0,2290
2026-09-21T04:51:16Z,2026-09-21T06:42:00.000+02:00,A22TC020230,A22 (contournement),78.0,2790
2026-09-21T04:51:16Z,2026-09-21T06:42:00.000+02:00,A0025021730,A25,58.0,3050
2026-09-21T04:51:16Z,2026-09-21T06:42:00.000+02:00,A0025023910,A25,109.0,1120
2026-09-21T04:51:16Z,2026-09-21T06:42:00.000+02:00,A0025021735,A25,36.0,2560
2026-09-21T04:51:16Z,2026-09-21T06:42:00.000+02:00,A0023010400,A23,105.0,720
2026-09-21T04:51:16Z,2026-09-21T06:42:00.000+02:00,A0022021900,A22,78.0,2230
2026-09-21T04:51:16Z,2026-09-21T06:42:00.000+02:00,A9022100500,A22 (rocade),80.0,1090
2026-09-21T04:51:16Z,2026-09-21T06:42:00.000+02:00,A0001020940,A1,88.0,2670
2026-09-21T04:51:16Z,2026-09-21T06:42:00.000+02:00,A0001020700,A1,93.0,2130
2026-09-21T04:51:16Z,2026-09-21T06:42:00.000+02:00,A9022020830,A22 (rocade),90.0,140
2026-09-21T04:51:16Z,2026-09-21T06:42:00.000+02:00,A9022020822,A22 (rocade),65.0,1260
2026-09-21T04:51:16Z,2026-09-21T06:42:00.000+02:00,A9022020821,A22 (rocade),65.0,1260
2026-09-21T04:51:16Z,2026-09-21T06:42:00.000+02:00,A0025020420,A25,71.0,4140
2026-09-21T04:51:16Z,2026-09-21T06:42:00.000+02:00,A0025021510,A25,89.0,1810
2026-09-21T04:51:16Z,2026-09-21T06:42:00.000+02:00,N0227010100,N227,65.0,1160
2026-09-21T04:51:16Z,2026-09-21T06:42:00.000+02:00,A0025011720,A25,97.0,2000
2026-09-21T04:51:16Z,2026-09-21T06:42:00.000+02:00,A0025021760,A25,18.0,2460
2026-09-21T04:51:16Z,2026-09-21T06:42:00.000+02:00,A0025011730,A25,86.0,2000
2026-09-21T04:51:16Z,2026-09-21T06:42:00.000+02:00,A0025011735,A25,98.0,1870
2026-09-21T04:51:16Z,2026-09-21T06:42:00.000+02:00,A9025080700,A25 (bretelle),,780
2026-09-21T04:51:16Z,2026-09-21T06:42:00.000+02:00,A9022100930,A22 (rocade),72.0,80
2026-09-21T04:51:16Z,2026-09-21T06:42:00.000+02:00,N0356011220,N356,70.0,2520
2026-09-21T04:51:16Z,2026-09-21T06:42:00.000+02:00,A0025011740,A25,84.0,1820
2026-09-21T04:51:16Z,2026-09-21T06:42:00.000+02:00,A0025010410,A25,69.0,3090
2026-09-21T04:51:16Z,2026-09-21T06:42:00.000+02:00,A0023010200,A23,77.0,1340
2026-09-21T04:51:16Z,2026-09-21T06:42:00.000+02:00,A9001210120,A1 (bretelle),77.0,610
2026-09-21T04:51:16Z,2026-09-21T06:42:00.000+02:00,A0025020210,A25,74.0,4150
2026-09-21T04:51:16Z,2026-09-21T06:42:00.000+02:00,N0356011210,N356,70.0,2520
2026-09-21T04:51:16Z,2026-09-21T06:42:00.000+02:00,A0025011510,A25,88.0,1500
2026-09-21T04:51:16Z,2026-09-21T06:42:00.000+02:00,A0025020220,A25,74.0,4150
2026-09-21T04:51:16Z,2026-09-21T06:42:00.000+02:00,N0227010302,N227,75.0,2720
2026-09-21T04:51:16Z,2026-09-21T06:42:00.000+02:00,N0041010500,N41,92.0,2930
2026-09-21T04:51:16Z,2026-09-21T06:42:00.000+02:00,N0227020101,N227,76.0,2270
2026-09-21T04:51:16Z,2026-09-21T06:42:00.000+02:00,A9022100110,A22 (rocade),67.0,590
2026-09-21T04:51:16Z,2026-09-21T06:42:00.000+02:00,A0022010400,A22,72.0,2470
2026-09-21T04:51:16Z,2026-09-21T06:42:00.000+02:00,N0356010302,N356,73.0,4380
2026-09-21T04:51:16Z,2026-09-21T06:42:00.000+02:00,A0025010800,A25,75.0,1840
2026-09-21T04:51:16Z,2026-09-21T06:42:00.000+02:00,A0027020621,A27,89.0,980
2026-09-21T04:51:16Z,2026-09-21T06:42:00.000+02:00,N0041010700,N41,87.0,2120
2026-09-21T04:51:16Z,2026-09-21T06:42:00.000+02:00,A0027020630,A27,92.0,1010
2026-09-21T04:51:16Z,2026-09-21T06:42:00.000+02:00,A0022021512,A22,78.0,2060
2026-09-21T04:51:16Z,2026-09-21T06:42:00.000+02:00,A0022021511,A22,78.0,2130
2026-09-21T04:51:16Z,2026-09-21T06:42:00.000+02:00,A0027020610,A27,89.0,980
2026-09-21T04:51:16Z,2026-09-21T06:42:00.000+02:00,A0025021720,A25,76.0,2970
2026-09-21T04:51:16Z,2026-09-21T06:42:00.000+02:00,A0022021520,A22,78.0,2060
2026-09-21T04:51:16Z,2026-09-21T06:42:00.000+02:00,A0025022140,A25,78.0,3530
2026-09-21T04:51:16Z,2026-09-21T06:42:00.000+02:00,A0022011302,A22,76.0,1560
2026-09-21T04:51:16Z,2026-09-21T06:42:00.000+02:00,A0025022160,A25,71.0,3670
2026-09-21T04:51:16Z,2026-09-21T06:42:00.000+02:00,A9025060104,A25 (bretelle),71.0,1920
2026-09-21T04:51:16Z,2026-09-21T06:42:00.000+02:00,A0027010201,A27,90.0,1320
2026-09-21T04:51:16Z,2026-09-21T06:42:00.000+02:00,A0027010202,A27,75.0,700
2026-09-21T04:51:16Z,2026-09-21T06:42:00.000+02:00,N9227110110,N227 (bretelle),73.0,1080
2026-09-21T04:51:16Z,2026-09-21T06:42:00.000+02:00,A0025012130,A25,110.0,820
2026-09-21T04:51:16Z,2026-09-21T06:42:00.000+02:00,A0027010210,A27,75.0,700
2026-09-21T04:51:16Z,2026-09-21T06:42:00.000+02:00,A0025011050,A25,87.0,1170
2026-09-21T04:51:16Z,2026-09-21T06:42:00.000+02:00,A0025012140,A25,110.0,1640
2026-09-21T04:51:16Z,2026-09-21T06:42:00.000+02:00,A0027010421,A27,95.0,760
2026-09-21T04:51:16Z,2026-09-21T06:42:00.000+02:00,A0022012420,A22,93.0,2240
2026-09-21T04:51:16Z,2026-09-21T06:42:00.000+02:00,A0027010430,A27,97.0,740
2026-09-21T04:51:16Z,2026-09-21T06:42:00.000+02:00,A0023020710,A23,90.0,3360
2026-09-21T04:51:16Z,2026-09-21T06:42:00.000+02:00,A0022012430,A22,87.0,2140
2026-09-21T04:51:16Z,2026-09-21T06:42:00.000+02:00,A0025012160,A25,117.0,1620
2026-09-21T04:51:16Z,2026-09-21T06:42:00.000+02:00,A9022021200,A22 (rocade),59.0,320
2026-09-21T04:51:16Z,2026-09-21T06:42:00.000+02:00,A0001021100,A1,89.0,2360
2026-09-21T04:51:16Z,2026-09-21T06:42:00.000+02:00,A9022101000,A22 (rocade),77.0,600
2026-09-21T04:51:16Z,2026-09-21T06:42:00.000+02:00,A0025013020,A25,103.0,1370
2026-09-21T04:51:16Z,2026-09-21T06:42:00.000+02:00,A0027010410,A27,95.0,760
2026-09-21T04:51:16Z,2026-09-21T06:42:00.000+02:00,A0022012410,A22,91.0,2370
2026-09-21T04:51:16Z,2026-09-21T06:42:00.000+02:00,A0001A20112,A1,89.0,1910
2026-09-21T04:51:16Z,2026-09-21T06:42:00.000+02:00,A0001A20111,A1,85.0,830
2026-09-21T04:51:16Z,2026-09-21T06:42:00.000+02:00,A0001021521,A1,86.0,2100
2026-09-21T04:51:16Z,2026-09-21T06:42:00.000+02:00,A0025022540,A25,94.0,2760
2026-09-21T04:51:16Z,2026-09-21T06:42:00.000+02:00,A0025022300,A25,83.0,2190
2026-09-21T04:51:16Z,2026-09-21T06:42:00.000+02:00,N0356021000,N356,75.0,2040
2026-09-21T04:51:16Z,2026-09-21T06:42:00.000+02:00,A22TC010102,A22 (contournement),81.0,2000
2026-09-21T04:51:16Z,2026-09-21T06:42:00.000+02:00,A0001011503,A1,82.0,5330
2026-09-21T04:51:16Z,2026-09-21T06:42:00.000+02:00,A0022012200,A22,81.0,2180
2026-09-21T04:51:16Z,2026-09-21T06:42:00.000+02:00,A0001A20120,A1,83.0,1690
2026-09-21T04:51:16Z,2026-09-21T06:42:00.000+02:00,A22TC020102,A22 (contournement),86.0,2050
2026-09-21T04:51:16Z,2026-09-21T06:42:00.000+02:00,A22TC010300,A22 (contournement),79.0,1710
2026-09-21T04:51:16Z,2026-09-21T06:42:00.000+02:00,A0022012010,A22,81.0,1560
2026-09-21T04:51:16Z,2026-09-21T06:42:00.000+02:00,A0022012020,A22,81.0,1560
2026-09-21T04:51:16Z,2026-09-21T06:42:00.000+02:00,A0025022130,A25,77.0,3370
2026-09-21T04:51:16Z,2026-09-21T06:42:00.000+02:00,A0023010520,A23,110.0,790
2026-09-21T04:51:16Z,2026-09-21T06:42:00.000+02:00,N0041020800,N41,93.0,820
2026-09-21T04:51:16Z,2026-09-21T06:42:00.000+02:00,A0025010500,A25,70.0,1840
2026-09-21T04:51:16Z,2026-09-21T06:42:00.000+02:00,A0022020901,A22,78.0,2070
2026-09-21T04:51:16Z,2026-09-21T06:42:00.000+02:00,A0022020902,A22,78.0,1600
2026-09-21T04:51:16Z,2026-09-21T06:42:00.000+02:00,A0022021810,A22,79.0,1990
2026-09-21T04:51:16Z,2026-09-21T06:42:00.000+02:00,N0356011100,N356,71.0,2460
2026-09-21T04:51:16Z,2026-09-21T06:42:00.000+02:00,A0022021820,A22,79.0,1990
2026-09-21T04:51:16Z,2026-09-21T06:42:00.000+02:00,N0356020802,N356,74.0,2250
2026-09-21T04:51:16Z,2026-09-21T06:42:00.000+02:00,A9022020900,A22 (rocade),67.0,640
2026-09-21T04:51:16Z,2026-09-21T06:42:00.000+02:00,A0025020102,A25,64.0,240
2026-09-21T04:51:16Z,2026-09-21T06:42:00.000+02:00,A0023010100,A23,89.0,740
2026-09-21T04:51:16Z,2026-09-21T06:42:00.000+02:00,A0025022530,A25,99.0,2530
2026-09-21T04:51:16Z,2026-09-21T06:42:00.000+02:00,A9001210200,A1 (bretelle),69.0,1030
2026-09-21T04:51:16Z,2026-09-21T06:42:00.000+02:00,A0022010700,A22,77.0,1970
2026-09-21T04:51:16Z,2026-09-21T06:42:00.000+02:00,N0041020400,N41,86.0,1230
2026-09-21T04:51:16Z,2026-09-21T06:42:00.000+02:00,A0023020720,A23,96.0,3410
2026-09-21T04:51:16Z,2026-09-21T06:42:00.000+02:00,A0022020500,A22,78.0,970
2026-09-21T04:51:16Z,2026-09-21T06:42:00.000+02:00,N93563b0150,N356 (bretelle),71.0,60
2026-09-21T04:51:16Z,2026-09-21T06:42:00.000+02:00,A0025020950,A25,88.0,4280
2026-09-21T04:51:16Z,2026-09-21T06:42:00.000+02:00,A0023020300,A23,84.0,2310
2026-09-21T04:51:16Z,2026-09-21T06:42:00.000+02:00,A0001011000,A1,76.0,4680
2026-09-21T04:51:16Z,2026-09-21T06:42:00.000+02:00,A0027020500,A27,87.0,730
2026-09-21T04:51:16Z,2026-09-21T06:42:00.000+02:00,N0356011500,N356,70.0,2770
2026-09-21T04:51:16Z,2026-09-21T06:42:00.000+02:00,A0001010150,A1,82.0,5200
2026-09-21T04:51:16Z,2026-09-21T06:42:00.000+02:00,N0356020400,N356,70.0,1190
2026-09-21T04:51:16Z,2026-09-21T06:42:00.000+02:00,N0041020600,N41,90.0,250
2026-09-21T04:51:16Z,2026-09-21T06:42:00.000+02:00,A0025010700,A25,73.0,1150
2026-09-21T04:51:16Z,2026-09-21T06:42:00.000+02:00,A0002011230,A2,104.0,2470
2026-09-21T04:51:16Z,2026-09-21T06:42:00.000+02:00,A0025020500,A25,71.0,3450
2026-09-21T04:51:16Z,2026-09-21T06:42:00.000+02:00,A0002021290,A2,104.0,1850
2026-09-21T04:51:16Z,2026-09-21T06:42:00.000+02:00,A0022011600,A22,80.0,1600
