poll_utc,feed_time,code_pme,route,vitesse_kmh,debit_vh
2026-09-05T03:40:30Z,2026-09-05T05:30:00.000+02:00,A0001011200,A1,81.0,790
2026-09-05T03:40:30Z,2026-09-05T05:30:00.000+02:00,A0027010102,A27,,470
2026-09-05T03:40:30Z,2026-09-05T05:30:00.000+02:00,N0041010100,N41,85.0,200
2026-09-05T03:40:30Z,2026-09-05T05:30:00.000+02:00,A0027010101,A27,,470
2026-09-05T03:40:30Z,2026-09-05T05:30:00.000+02:00,A0001020150,A1,102.0,840
2026-09-05T03:40:30Z,2026-09-05T05:30:00.000+02:00,N0356011700,N356,75.0,580
2026-09-05T03:40:30Z,2026-09-05T05:30:00.000+02:00,N0356021300,N356,68.0,980
2026-09-05T03:40:30Z,2026-09-05T05:30:00.000+02:00,A0022011400,A22,76.0,110
2026-09-05T03:40:30Z,2026-09-05T05:30:00.000+02:00,A0027010300,A27,95.0,160
2026-09-05T03:40:30Z,2026-09-05T05:30:00.000+02:00,A9022020250,A22 (rocade),26.0,70
2026-09-05T03:40:30Z,2026-09-05T05:30:00.000+02:00,N0041010300,N41,92.0,310
2026-09-05T03:40:30Z,2026-09-05T05:30:00.000+02:00,A0022011210,A22,,110
2026-09-05T03:40:30Z,2026-09-05T05:30:00.000+02:00,A0027020100,A27,75.0,160
2026-09-05T03:40:30Z,2026-09-05T05:30:00.000+02:00,A0001010300,A1,96.0,1040
2026-09-05T03:40:30Z,2026-09-05T05:30:00.000+02:00,A0022011220,A22,,110
2026-09-05T03:40:30Z,2026-09-05T05:30:00.000+02:00,A9022101110,A22 (rocade),79.0,220
2026-09-05T03:40:30Z,2026-09-05T05:30:00.000+02:00,A0022022110,A22,91.0,1140
2026-09-05T03:40:30Z,2026-09-05T05:30:00.000+02:00,N0356010800,N356,74.0,630
2026-09-05T03:40:30Z,2026-09-05T05:30:00.000+02:00,A9001210710,A1 (bretelle),79.0,320
2026-09-05T03:40:30Z,2026-09-05T05:30:00.000+02:00,N0356021110,N356,76.0,1000
2026-09-05T03:40:30Z,2026-09-05T05:30:00.000+02:00,A0001010510,A1,96.0,1050
2026-09-05T03:40:30Z,2026-09-05T05:30:00.000+02:00,N0356021122,N356,67.0,940
2026-09-05T03:40:30Z,2026-09-05T05:30:00.000+02:00,N0356021121,N356,76.0,1000
2026-09-05T03:40:30Z,2026-09-05T05:30:00.000+02:00,A0025010210,A25,79.0,780
2026-09-05T03:40:30Z,2026-09-05T05:30:00.000+02:00,A0025011300,A25,89.0,230
2026-09-05T03:40:30Z,2026-09-05T05:30:00.000+02:00,A0001020300,A1,103.0,800
2026-09-05T03:40:30Z,2026-09-05T05:30:00.000+02:00,A0025021100,A25,,550
2026-09-05T03:40:30Z,2026-09-05T05:30:00.000+02:00,A0025023520,A25,112.0,250
2026-09-05T03:40:30Z,2026-09-05T05:30:00.000+02:00,A0022022130,A22,86.0,1210
2026-09-05T03:40:30Z,2026-09-05T05:30:00.000+02:00,A0025010220,A25,79.0,780
2026-09-05T03:40:30Z,2026-09-05T05:30:00.000+02:00,A0022022120,A22,94.0,1160
2026-09-05T03:40:30Z,2026-09-05T05:30:00.000+02:00,A0001010520,A1,101.0,1140
2026-09-05T03:40:30Z,2026-09-05T05:30:00.000+02:00,A0022011000,A22,80.0,460
2026-09-05T03:40:30Z,2026-09-05T05:30:00.000+02:00,A0001020510,A1,102.0,930
2026-09-05T03:40:30Z,2026-09-05T05:30:00.000+02:00,A0001021602,A1,90.0,1320
2026-09-05T03:40:30Z,2026-09-05T05:30:00.000+02:00,A22TC020222,A22 (contournement),,330
2026-09-05T03:40:30Z,2026-09-05T05:30:00.000+02:00,A0001010940,A1,97.0,1030
2026-09-05T03:40:30Z,2026-09-05T05:30:00.000+02:00,A0025023320,A25,114.0,310
2026-09-05T03:40:30Z,2026-09-05T05:30:00.000+02:00,A0001020520,A1,100.0,970
2026-09-05T03:40:30Z,2026-09-05T05:30:00.000+02:00,A0025023100,A25,108.0,190
2026-09-05T03:40:30Z,2026-09-05T05:30:00.000+02:00,A22TC020230,A22 (contournement),,330
2026-09-05T03:40:30Z,2026-09-05T05:30:00.000+02:00,A0025021730,A25,86.0,490
2026-09-05T03:40:30Z,2026-09-05T05:30:00.000+02:00,A0025023910,A25,114.0,210
2026-09-05T03:40:30Z,2026-09-05T05:30:00.000+02:00,A0025021735,A25,101.0,490
2026-09-05T03:40:30Z,2026-09-05T05:30:00.000+02:00,A0023010400,A23,103.0,230
2026-09-05T03:40:30Z,2026-09-05T05:30:00.000+02:00,A0022021900,A22,87.0,960
2026-09-05T03:40:30Z,2026-09-05T05:30:00.000+02:00,A9022100500,A22 (rocade),85.0,390
2026-09-05T03:40:30Z,2026-09-05T05:30:00.000+02:00,A0001020940,A1,90.0,1060
2026-09-05T03:40:30Z,2026-09-05T05:30:00.000+02:00,A0001020700,A1,97.0,880
2026-09-05T03:40:30Z,2026-09-05T05:30:00.000+02:00,A9022020830,A22 (rocade),105.0,50
2026-09-05T03:40:30Z,2026-09-05T05:30:00.000+02:00,A9022020822,A22 (rocade),,890
2026-09-05T03:40:30Z,2026-09-05T05:30:00.000+02:00,A9022020821,A22 (rocade),,890
2026-09-05T03:40:30Z,2026-09-05T05:30:00.000+02:00,A0025020420,A25,77.0,780
2026-09-05T03:40:30Z,2026-09-05T05:30:00.000+02:00,N0227010100,N227,66.0,120
2026-09-05T03:40:30Z,2026-09-05T05:30:00.000+02:00,A0025011720,A25,98.0,360
2026-09-05T03:40:30Z,2026-09-05T05:30:00.000+02:00,A0025021760,A25,87.0,470
2026-09-05T03:40:30Z,2026-09-05T05:30:00.000+02:00,A0025011730,A25,87.0,390
2026-09-05T03:40:30Z,2026-09-05T05:30:00.000+02:00,A0025011735,A25,100.0,390
2026-09-05T03:40:30Z,2026-09-05T05:30:00.000+02:00,A9025080700,A25 (bretelle),,90
2026-09-05T03:40:30Z,2026-09-05T05:30:00.000+02:00,A9022100930,A22 (rocade),75.0,30
2026-09-05T03:40:30Z,2026-09-05T05:30:00.000+02:00,N0356011220,N356,73.0,610
2026-09-05T03:40:30Z,2026-09-05T05:30:00.000+02:00,A0025011740,A25,84.0,420
2026-09-05T03:40:30Z,2026-09-05T05:30:00.000+02:00,A0025010410,A25,66.0,550
2026-09-05T03:40:30Z,2026-09-05T05:30:00.000+02:00,A0023010200,A23,,340
2026-09-05T03:40:30Z,2026-09-05T05:30:00.000+02:00,A9001210120,A1 (bretelle),75.0,90
2026-09-05T03:40:30Z,2026-09-05T05:30:00.000+02:00,A0025020210,A25,82.0,940
2026-09-05T03:40:30Z,2026-09-05T05:30:00.000+02:00,N0356011210,N356,73.0,610
2026-09-05T03:40:30Z,2026-09-05T05:30:00.000+02:00,A0025011510,A25,89.0,270
2026-09-05T03:40:30Z,2026-09-05T05:30:00.000+02:00,A0025020220,A25,82.0,940
2026-09-05T03:40:30Z,2026-09-05T05:30:00.000+02:00,N0227010302,N227,79.0,260
2026-09-05T03:40:30Z,2026-09-05T05:30:00.000+02:00,N0041010500,N41,,310
2026-09-05T03:40:30Z,2026-09-05T05:30:00.000+02:00,N0227020101,N227,90.0,490
2026-09-05T03:40:30Z,2026-09-05T05:30:00.000+02:00,A9022100110,A22 (rocade),70.0,140
2026-09-05T03:40:30Z,2026-09-05T05:30:00.000+02:00,A0022010400,A22,77.0,400
2026-09-05T03:40:30Z,2026-09-05T05:30:00.000+02:00,N0356010302,N356,77.0,1040
2026-09-05T03:40:30Z,2026-09-05T05:30:00.000+02:00,A0025010800,A25,76.0,330
2026-09-05T03:40:30Z,2026-09-05T05:30:00.000+02:00,A0027020621,A27,97.0,350
2026-09-05T03:40:30Z,2026-09-05T05:30:00.000+02:00,N0041010700,N41,,40
2026-09-05T03:40:30Z,2026-09-05T05:30:00.000+02:00,A0027020630,A27,99.0,360
2026-09-05T03:40:30Z,2026-09-05T05:30:00.000+02:00,A0022021512,A22,86.0,810
2026-09-05T03:40:30Z,2026-09-05T05:30:00.000+02:00,A0022021511,A22,85.0,800
2026-09-05T03:40:30Z,2026-09-05T05:30:00.000+02:00,A0027020610,A27,97.0,350
2026-09-05T03:40:30Z,2026-09-05T05:30:00.000+02:00,A0025021720,A25,99.0,480
2026-09-05T03:40:30Z,2026-09-05T05:30:00.000+02:00,A0022021520,A22,86.0,810
2026-09-05T03:40:30Z,2026-09-05T05:30:00.000+02:00,A0025022140,A25,105.0,430
2026-09-05T03:40:30Z,2026-09-05T05:30:00.000+02:00,A0022011302,A22,77.0,360
2026-09-05T03:40:30Z,2026-09-05T05:30:00.000+02:00,A0025022160,A25,102.0,410
2026-09-05T03:40:30Z,2026-09-05T05:30:00.000+02:00,A9025060104,A25 (bretelle),75.0,190
2026-09-05T03:40:30Z,2026-09-05T05:30:00.000+02:00,A0027010201,A27,92.0,450
2026-09-05T03:40:30Z,2026-09-05T05:30:00.000+02:00,A0027010202,A27,,80
2026-09-05T03:40:30Z,2026-09-05T05:30:00.000+02:00,N9227110110,N227 (bretelle),79.0,210
2026-09-05T03:40:30Z,2026-09-05T05:30:00.000+02:00,A0025012130,A25,,300
2026-09-05T03:40:30Z,2026-09-05T05:30:00.000+02:00,A0027010210,A27,,80
2026-09-05T03:40:30Z,2026-09-05T05:30:00.000+02:00,A0025011050,A25,87.0,130
2026-09-05T03:40:30Z,2026-09-05T05:30:00.000+02:00,A0025012140,A25,,360
2026-09-05T03:40:30Z,2026-09-05T05:30:00.000+02:00,A0027010421,A27,99.0,210
2026-09-05T03:40:30Z,2026-09-05T05:30:00.000+02:00,A0022012420,A22,96.0,530
2026-09-05T03:40:30Z,2026-09-05T05:30:00.000+02:00,A0027010430,A27,103.0,200
2026-09-05T03:40:30Z,2026-09-05T05:30:00.000+02:00,A0023020710,A23,108.0,270
2026-09-05T03:40:30Z,2026-09-05T05:30:00.000+02:00,A0022012430,A22,94.0,560
2026-09-05T03:40:30Z,2026-09-05T05:30:00.000+02:00,A0025012160,A25,114.0,370
2026-09-05T03:40:30Z,2026-09-05T05:30:00.000+02:00,A9022021200,A22 (rocade),64.0,90
2026-09-05T03:40:30Z,2026-09-05T05:30:00.000+02:00,A0001021100,A1,89.0,980
2026-09-05T03:40:30Z,2026-09-05T05:30:00.000+02:00,A9022101000,A22 (rocade),,160
2026-09-05T03:40:30Z,2026-09-05T05:30:00.000+02:00,A0025013020,A25,104.0,270
2026-09-05T03:40:30Z,2026-09-05T05:30:00.000+02:00,A0027010410,A27,99.0,210
2026-09-05T03:40:30Z,2026-09-05T05:30:00.000+02:00,A0022012410,A22,95.0,530
2026-09-05T03:40:30Z,2026-09-05T05:30:00.000+02:00,A0001A20112,A1,93.0,290
2026-09-05T03:40:30Z,2026-09-05T05:30:00.000+02:00,A0001A20111,A1,,250
2026-09-05T03:40:30Z,2026-09-05T05:30:00.000+02:00,A0025010320,A25,73.0,290
2026-09-05T03:40:30Z,2026-09-05T05:30:00.000+02:00,A0025022540,A25,106.0,280
2026-09-05T03:40:30Z,2026-09-05T05:30:00.000+02:00,A0025022300,A25,102.0,270
2026-09-05T03:40:30Z,2026-09-05T05:30:00.000+02:00,N0356021000,N356,76.0,830
2026-09-05T03:40:30Z,2026-09-05T05:30:00.000+02:00,A22TC010102,A22 (contournement),88.0,300
2026-09-05T03:40:30Z,2026-09-05T05:30:00.000+02:00,A0001011503,A1,87.0,1000
2026-09-05T03:40:30Z,2026-09-05T05:30:00.000+02:00,A0022012200,A22,82.0,500
2026-09-05T03:40:30Z,2026-09-05T05:30:00.000+02:00,A22TC020102,A22 (contournement),91.0,340
2026-09-05T03:40:30Z,2026-09-05T05:30:00.000+02:00,A22TC010300,A22 (contournement),87.0,300
2026-09-05T03:40:30Z,2026-09-05T05:30:00.000+02:00,A0022012010,A22,78.0,400
2026-09-05T03:40:30Z,2026-09-05T05:30:00.000+02:00,A0022012020,A22,78.0,400
2026-09-05T03:40:30Z,2026-09-05T05:30:00.000+02:00,A0025022130,A25,119.0,420
2026-09-05T03:40:30Z,2026-09-05T05:30:00.000+02:00,A0023010520,A23,105.0,270
2026-09-05T03:40:30Z,2026-09-05T05:30:00.000+02:00,N0041020800,N41,94.0,200
2026-09-05T03:40:30Z,2026-09-05T05:30:00.000+02:00,A0025010500,A25,76.0,310
2026-09-05T03:40:30Z,2026-09-05T05:30:00.000+02:00,A0022020901,A22,,450
2026-09-05T03:40:30Z,2026-09-05T05:30:00.000+02:00,A0022020902,A22,,340
2026-09-05T03:40:30Z,2026-09-05T05:30:00.000+02:00,A0025020310,A25,74.0,670
2026-09-05T03:40:30Z,2026-09-05T05:30:00.000+02:00,A0022021810,A22,87.0,870
2026-09-05T03:40:30Z,2026-09-05T05:30:00.000+02:00,N0356011100,N356,72.0,570
2026-09-05T03:40:30Z,2026-09-05T05:30:00.000+02:00,A0022021820,A22,87.0,870
2026-09-05T03:40:30Z,2026-09-05T05:30:00.000+02:00,N0356020802,N356,76.0,770
2026-09-05T03:40:30Z,2026-09-05T05:30:00.000+02:00,A0025020102,A25,71.0,280
2026-09-05T03:40:30Z,2026-09-05T05:30:00.000+02:00,A0025010310,A25,81.0,460
2026-09-05T03:40:30Z,2026-09-05T05:30:00.000+02:00,A0023010100,A23,,30
2026-09-05T03:40:30Z,2026-09-05T05:30:00.000+02:00,A0025022530,A25,105.0,270
2026-09-05T03:40:30Z,2026-09-05T05:30:00.000+02:00,A9001210200,A1 (bretelle),71.0,330
2026-09-05T03:40:30Z,2026-09-05T05:30:00.000+02:00,A0022010700,A22,79.0,350
2026-09-05T03:40:30Z,2026-09-05T05:30:00.000+02:00,N0041020400,N41,94.0,220
2026-09-05T03:40:30Z,2026-09-05T05:30:00.000+02:00,A0023020720,A23,112.0,230
2026-09-05T03:40:30Z,2026-09-05T05:30:00.000+02:00,A0022020500,A22,,270
2026-09-05T03:40:30Z,2026-09-05T05:30:00.000+02:00,N93563b0150,N356 (bretelle),71.0,20
2026-09-05T03:40:30Z,2026-09-05T05:30:00.000+02:00,A0025020950,A25,93.0,830
2026-09-05T03:40:30Z,2026-09-05T05:30:00.000+02:00,A0023020300,A23,,260
2026-09-05T03:40:30Z,2026-09-05T05:30:00.000+02:00,A0001011000,A1,86.0,780
2026-09-05T03:40:30Z,2026-09-05T05:30:00.000+02:00,A0027020500,A27,,240
2026-09-05T03:40:30Z,2026-09-05T05:30:00.000+02:00,N0356011500,N356,,620
2026-09-05T03:40:30Z,2026-09-05T05:30:00.000+02:00,A0001010150,A1,102.0,1050
2026-09-05T03:40:30Z,2026-09-05T05:30:00.000+02:00,N0356020400,N356,77.0,310
2026-09-05T03:40:30Z,2026-09-05T05:30:00.000+02:00,N0041020600,N41,96.0,170
2026-09-05T03:40:30Z,2026-09-05T05:30:00.000+02:00,A0025010700,A25,76.0,250
2026-09-05T03:40:30Z,2026-09-05T05:30:00.000+02:00,A0002011230,A2,104.0,630
2026-09-05T03:40:30Z,2026-09-05T05:30:00.000+02:00,A0025020500,A25,76.0,520
2026-09-05T03:40:30Z,2026-09-05T05:30:00.000+02:00,A0002021290,A2,106.0,740
2026-09-05T03:40:30Z,2026-09-05T05:30:00.000+02:00,A0022011600,A22,80.0,330
2026-09-05T03:50:32Z,2026-09-05T05:42:00.000+02:00,A0001011200,A1,82.0,850
2026-09-05T03:50:32Z,2026-09-05T05:42:00.000+02:00,A0027010102,A27,,730
2026-09-05T03:50:32Z,2026-09-05T05:42:00.000+02:00,N0041010100,N41,86.0,220
2026-09-05T03:50:32Z,2026-09-05T05:42:00.000+02:00,A0027010101,A27,,730
2026-09-05T03:50:32Z,2026-09-05T05:42:00.000+02:00,A0001020150,A1,105.0,900
2026-09-05T03:50:32Z,2026-09-05T05:42:00.000+02:00,N0356011700,N356,78.0,770
2026-09-05T03:50:32Z,2026-09-05T05:42:00.000+02:00,N0356021300,N356,69.0,1010
2026-09-05T03:50:32Z,2026-09-05T05:42:00.000+02:00,A0022011400,A22,76.0,100
2026-09-05T03:50:32Z,2026-09-05T05:42:00.000+02:00,A0027010300,A27,92.0,190
2026-09-05T03:50:32Z,2026-09-05T05:42:00.000+02:00,A9022020250,A22 (rocade),72.0,170
2026-09-05T03:50:32Z,2026-09-05T05:42:00.000+02:00,N0041010300,N41,92.0,520
2026-09-05T03:50:32Z,2026-09-05T05:42:00.000+02:00,A0022011210,A22,,40
2026-09-05T03:50:32Z,2026-09-05T05:42:00.000+02:00,A0027020100,A27,75.0,210
2026-09-05T03:50:32Z,2026-09-05T05:42:00.000+02:00,A0001010300,A1,83.0,1030
2026-09-05T03:50:32Z,2026-09-05T05:42:00.000+02:00,A0022011220,A22,,40
2026-09-05T03:50:32Z,2026-09-05T05:42:00.000+02:00,N0227021400,N227,,10
2026-09-05T03:50:32Z,2026-09-05T05:42:00.000+02:00,A9022101110,A22 (rocade),80.0,260
2026-09-05T03:50:32Z,2026-09-05T05:42:00.000+02:00,A0022022110,A22,90.0,1250
2026-09-05T03:50:32Z,2026-09-05T05:42:00.000+02:00,N0356010800,N356,75.0,780
2026-09-05T03:50:32Z,2026-09-05T05:42:00.000+02:00,A9001210710,A1 (bretelle),77.0,250
2026-09-05T03:50:32Z,2026-09-05T05:42:00.000+02:00,N0356021110,N356,76.0,1030
2026-09-05T03:50:32Z,2026-09-05T05:42:00.000+02:00,A0001010510,A1,83.0,1000
2026-09-05T03:50:32Z,2026-09-05T05:42:00.000+02:00,N0356021122,N356,68.0,1070
2026-09-05T03:50:32Z,2026-09-05T05:42:00.000+02:00,N0356021121,N356,76.0,1030
2026-09-05T03:50:32Z,2026-09-05T05:42:00.000+02:00,A0025010210,A25,77.0,880
2026-09-05T03:50:32Z,2026-09-05T05:42:00.000+02:00,A0025011300,A25,89.0,320
2026-09-05T03:50:32Z,2026-09-05T05:42:00.000+02:00,A0001020300,A1,106.0,1000
2026-09-05T03:50:32Z,2026-09-05T05:42:00.000+02:00,A0025021100,A25,,470
2026-09-05T03:50:32Z,2026-09-05T05:42:00.000+02:00,A0025023520,A25,110.0,220
2026-09-05T03:50:32Z,2026-09-05T05:42:00.000+02:00,A0022022130,A22,84.0,1150
2026-09-05T03:50:32Z,2026-09-05T05:42:00.000+02:00,A0025010220,A25,77.0,880
2026-09-05T03:50:32Z,2026-09-05T05:42:00.000+02:00,A0022022120,A22,92.0,1270
2026-09-05T03:50:32Z,2026-09-05T05:42:00.000+02:00,A0001010520,A1,101.0,1090
2026-09-05T03:50:32Z,2026-09-05T05:42:00.000+02:00,A0022011000,A22,71.0,360
2026-09-05T03:50:32Z,2026-09-05T05:42:00.000+02:00,A0001020510,A1,104.0,1070
2026-09-05T03:50:32Z,2026-09-05T05:42:00.000+02:00,A0001021602,A1,88.0,1300
2026-09-05T03:50:32Z,2026-09-05T05:42:00.000+02:00,A22TC020222,A22 (contournement),,370
2026-09-05T03:50:32Z,2026-09-05T05:42:00.000+02:00,A0001010940,A1,97.0,1090
2026-09-05T03:50:32Z,2026-09-05T05:42:00.000+02:00,A0025023320,A25,112.0,290
2026-09-05T03:50:32Z,2026-09-05T05:42:00.000+02:00,A0001020520,A1,102.0,1100
2026-09-05T03:50:32Z,2026-09-05T05:42:00.000+02:00,A0025023100,A25,108.0,280
2026-09-05T03:50:32Z,2026-09-05T05:42:00.000+02:00,A22TC020230,A22 (contournement),,370
2026-09-05T03:50:32Z,2026-09-05T05:42:00.000+02:00,A0025021730,A25,89.0,690
2026-09-05T03:50:32Z,2026-09-05T05:42:00.000+02:00,A0025023910,A25,122.0,170
2026-09-05T03:50:32Z,2026-09-05T05:42:00.000+02:00,A0025021735,A25,104.0,690
2026-09-05T03:50:32Z,2026-09-05T05:42:00.000+02:00,A0023010400,A23,111.0,250
2026-09-05T03:50:32Z,2026-09-05T05:42:00.000+02:00,A0022021900,A22,85.0,1010
2026-09-05T03:50:32Z,2026-09-05T05:42:00.000+02:00,A9022100500,A22 (rocade),85.0,480
2026-09-05T03:50:32Z,2026-09-05T05:42:00.000+02:00,A0001020940,A1,92.0,1010
2026-09-05T03:50:32Z,2026-09-05T05:42:00.000+02:00,A0001020700,A1,100.0,1020
2026-09-05T03:50:32Z,2026-09-05T05:42:00.000+02:00,A9022020830,A22 (rocade),93.0,30
2026-09-05T03:50:32Z,2026-09-05T05:42:00.000+02:00,A9022020822,A22 (rocade),,840
2026-09-05T03:50:32Z,2026-09-05T05:42:00.000+02:00,A9022020821,A22 (rocade),,840
2026-09-05T03:50:32Z,2026-09-05T05:42:00.000+02:00,A0025020420,A25,74.0,960
2026-09-05T03:50:32Z,2026-09-05T05:42:00.000+02:00,A0025021510,A25,,20
2026-09-05T03:50:32Z,2026-09-05T05:42:00.000+02:00,N0227010100,N227,66.0,230
2026-09-05T03:50:32Z,2026-09-05T05:42:00.000+02:00,A0025011720,A25,98.0,500
2026-09-05T03:50:32Z,2026-09-05T05:42:00.000+02:00,A0025021760,A25,89.0,740
2026-09-05T03:50:32Z,2026-09-05T05:42:00.000+02:00,A0025011730,A25,88.0,450
2026-09-05T03:50:32Z,2026-09-05T05:42:00.000+02:00,A0025011735,A25,103.0,410
2026-09-05T03:50:32Z,2026-09-05T05:42:00.000+02:00,A9025080700,A25 (bretelle),,180
2026-09-05T03:50:32Z,2026-09-05T05:42:00.000+02:00,A9022100930,A22 (rocade),72.0,40
2026-09-05T03:50:32Z,2026-09-05T05:42:00.000+02:00,N0356011220,N356,76.0,810
2026-09-05T03:50:32Z,2026-09-05T05:42:00.000+02:00,A0025011740,A25,90.0,410
2026-09-05T03:50:32Z,2026-09-05T05:42:00.000+02:00,A0025010410,A25,70.0,690
2026-09-05T03:50:32Z,2026-09-05T05:42:00.000+02:00,A0023010200,A23,,500
2026-09-05T03:50:32Z,2026-09-05T05:42:00.000+02:00,A9001210120,A1 (bretelle),83.0,120
2026-09-05T03:50:32Z,2026-09-05T05:42:00.000+02:00,A0025020210,A25,80.0,1250
2026-09-05T03:50:32Z,2026-09-05T05:42:00.000+02:00,N0356011210,N356,76.0,810
2026-09-05T03:50:32Z,2026-09-05T05:42:00.000+02:00,A0025011510,A25,90.0,400
2026-09-05T03:50:32Z,2026-09-05T05:42:00.000+02:00,A0025020220,A25,80.0,1250
2026-09-05T03:50:32Z,2026-09-05T05:42:00.000+02:00,N0227010302,N227,81.0,440
2026-09-05T03:50:32Z,2026-09-05T05:42:00.000+02:00,N0041010500,N41,,440
2026-09-05T03:50:32Z,2026-09-05T05:42:00.000+02:00,N0227020101,N227,89.0,770
2026-09-05T03:50:32Z,2026-09-05T05:42:00.000+02:00,A9022100110,A22 (rocade),64.0,150
2026-09-05T03:50:32Z,2026-09-05T05:42:00.000+02:00,A0022010400,A22,74.0,390
2026-09-05T03:50:32Z,2026-09-05T05:42:00.000+02:00,N0356010302,N356,78.0,1360
2026-09-05T03:50:32Z,2026-09-05T05:42:00.000+02:00,A0025010800,A25,78.0,500
2026-09-05T03:50:32Z,2026-09-05T05:42:00.000+02:00,A0027020621,A27,100.0,410
2026-09-05T03:50:32Z,2026-09-05T05:42:00.000+02:00,N0041010700,N41,,100
2026-09-05T03:50:32Z,2026-09-05T05:42:00.000+02:00,A0027020630,A27,101.0,420
2026-09-05T03:50:32Z,2026-09-05T05:42:00.000+02:00,A0022021512,A22,85.0,820
2026-09-05T03:50:32Z,2026-09-05T05:42:00.000+02:00,A0022021511,A22,84.0,830
2026-09-05T03:50:32Z,2026-09-05T05:42:00.000+02:00,A0027020610,A27,100.0,410
2026-09-05T03:50:32Z,2026-09-05T05:42:00.000+02:00,A0025021720,A25,101.0,710
2026-09-05T03:50:32Z,2026-09-05T05:42:00.000+02:00,A0022021520,A22,85.0,820
2026-09-05T03:50:32Z,2026-09-05T05:42:00.000+02:00,A0025022140,A25,115.0,610
2026-09-05T03:50:32Z,2026-09-05T05:42:00.000+02:00,A0022011302,A22,75.0,230
2026-09-05T03:50:32Z,2026-09-05T05:42:00.000+02:00,A0025022160,A25,110.0,610
2026-09-05T03:50:32Z,2026-09-05T05:42:00.000+02:00,A9025060104,A25 (bretelle),72.0,330
2026-09-05T03:50:32Z,2026-09-05T05:42:00.000+02:00,A0027010201,A27,93.0,490
2026-09-05T03:50:32Z,2026-09-05T05:42:00.000+02:00,A0027010202,A27,42.0,250
2026-09-05T03:50:32Z,2026-09-05T05:42:00.000+02:00,N9227110110,N227 (bretelle),75.0,190
2026-09-05T03:50:32Z,2026-09-05T05:42:00.000+02:00,A0025012130,A25,,280
2026-09-05T03:50:32Z,2026-09-05T05:42:00.000+02:00,A0027010210,A27,42.0,250
2026-09-05T03:50:32Z,2026-09-05T05:42:00.000+02:00,A0025011050,A25,82.0,240
2026-09-05T03:50:32Z,2026-09-05T05:42:00.000+02:00,A0025012140,A25,,360
2026-09-05T03:50:32Z,2026-09-05T05:42:00.000+02:00,A0027010421,A27,97.0,210
2026-09-05T03:50:32Z,2026-09-05T05:42:00.000+02:00,A0022012420,A22,96.0,480
2026-09-05T03:50:32Z,2026-09-05T05:42:00.000+02:00,A0027010430,A27,100.0,230
2026-09-05T03:50:32Z,2026-09-05T05:42:00.000+02:00,A0023020710,A23,106.0,510
2026-09-05T03:50:32Z,2026-09-05T05:42:00.000+02:00,A0022012430,A22,95.0,500
2026-09-05T03:50:32Z,2026-09-05T05:42:00.000+02:00,A0025012160,A25,122.0,330
2026-09-05T03:50:32Z,2026-09-05T05:42:00.000+02:00,A9022021200,A22 (rocade),62.0,120
2026-09-05T03:50:32Z,2026-09-05T05:42:00.000+02:00,A0001021100,A1,90.0,1030
2026-09-05T03:50:32Z,2026-09-05T05:42:00.000+02:00,A9022101000,A22 (rocade),,160
2026-09-05T03:50:32Z,2026-09-05T05:42:00.000+02:00,A0025013020,A25,103.0,200
2026-09-05T03:50:32Z,2026-09-05T05:42:00.000+02:00,A0027010410,A27,97.0,210
2026-09-05T03:50:32Z,2026-09-05T05:42:00.000+02:00,A0022012410,A22,98.0,440
2026-09-05T03:50:32Z,2026-09-05T05:42:00.000+02:00,A0001A20112,A1,94.0,510
2026-09-05T03:50:32Z,2026-09-05T05:42:00.000+02:00,A0001A20111,A1,,380
2026-09-05T03:50:32Z,2026-09-05T05:42:00.000+02:00,A0025010320,A25,74.0,460
2026-09-05T03:50:32Z,2026-09-05T05:42:00.000+02:00,A0025022540,A25,110.0,340
2026-09-05T03:50:32Z,2026-09-05T05:42:00.000+02:00,A0025022300,A25,116.0,250
2026-09-05T03:50:32Z,2026-09-05T05:42:00.000+02:00,N0356021000,N356,77.0,940
2026-09-05T03:50:32Z,2026-09-05T05:42:00.000+02:00,A22TC010102,A22 (contournement),90.0,270
2026-09-05T03:50:32Z,2026-09-05T05:42:00.000+02:00,A0001011503,A1,91.0,1300
2026-09-05T03:50:32Z,2026-09-05T05:42:00.000+02:00,A0022012200,A22,85.0,440
2026-09-05T03:50:32Z,2026-09-05T05:42:00.000+02:00,A22TC020102,A22 (contournement),90.0,540
2026-09-05T03:50:32Z,2026-09-05T05:42:00.000+02:00,A22TC010300,A22 (contournement),90.0,440
2026-09-05T03:50:32Z,2026-09-05T05:42:00.000+02:00,A0022012010,A22,83.0,380
2026-09-05T03:50:32Z,2026-09-05T05:42:00.000+02:00,A0022012020,A22,83.0,380
2026-09-05T03:50:32Z,2026-09-05T05:42:00.000+02:00,A0025022130,A25,129.0,620
2026-09-05T03:50:32Z,2026-09-05T05:42:00.000+02:00,A0023010520,A23,113.0,250
2026-09-05T03:50:32Z,2026-09-05T05:42:00.000+02:00,N0041020800,N41,92.0,270
2026-09-05T03:50:32Z,2026-09-05T05:42:00.000+02:00,A0025010500,A25,70.0,530
2026-09-05T03:50:32Z,2026-09-05T05:42:00.000+02:00,A0022020901,A22,,630
2026-09-05T03:50:32Z,2026-09-05T05:42:00.000+02:00,A0022020902,A22,,580
2026-09-05T03:50:32Z,2026-09-05T05:42:00.000+02:00,A0025020310,A25,,720
2026-09-05T03:50:32Z,2026-09-05T05:42:00.000+02:00,A0022021810,A22,85.0,830
2026-09-05T03:50:32Z,2026-09-05T05:42:00.000+02:00,N0356011100,N356,75.0,640
2026-09-05T03:50:32Z,2026-09-05T05:42:00.000+02:00,A0022021820,A22,85.0,830
2026-09-05T03:50:32Z,2026-09-05T05:42:00.000+02:00,N0356020802,N356,76.0,850
2026-09-05T03:50:32Z,2026-09-05T05:42:00.000+02:00,A0025020102,A25,80.0,130
2026-09-05T03:50:32Z,2026-09-05T05:42:00.000+02:00,A0025010310,A25,74.0,490
2026-09-05T03:50:32Z,2026-09-05T05:42:00.000+02:00,A0023010100,A23,,30
2026-09-05T03:50:32Z,2026-09-05T05:42:00.000+02:00,A0025022530,A25,114.0,360
2026-09-05T03:50:32Z,2026-09-05T05:42:00.000+02:00,A9001210200,A1 (bretelle),70.0,360
2026-09-05T03:50:32Z,2026-09-05T05:42:00.000+02:00,A0022010700,A22,80.0,280
2026-09-05T03:50:32Z,2026-09-05T05:42:00.000+02:00,N0041020400,N41,90.0,400
2026-09-05T03:50:32Z,2026-09-05T05:42:00.000+02:00,A0023020720,A23,113.0,530
2026-09-05T03:50:32Z,2026-09-05T05:42:00.000+02:00,A0022020500,A22,,440
2026-09-05T03:50:32Z,2026-09-05T05:42:00.000+02:00,N93563b0150,N356 (bretelle),69.0,10
2026-09-05T03:50:32Z,2026-09-05T05:42:00.000+02:00,A0025020950,A25,90.0,680
2026-09-05T03:50:32Z,2026-09-05T05:42:00.000+02:00,A0023020300,A23,,520
2026-09-05T03:50:32Z,2026-09-05T05:42:00.000+02:00,A0001011000,A1,88.0,770
2026-09-05T03:50:32Z,2026-09-05T05:42:00.000+02:00,A0027020500,A27,,280
2026-09-05T03:50:32Z,2026-09-05T05:42:00.000+02:00,N0356011500,N356,68.0,840
2026-09-05T03:50:32Z,2026-09-05T05:42:00.000+02:00,A0001010150,A1,101.0,1040
2026-09-05T03:50:32Z,2026-09-05T05:42:00.000+02:00,N0356020400,N356,80.0,330
2026-09-05T03:50:32Z,2026-09-05T05:42:00.000+02:00,N0041020600,N41,93.0,240
2026-09-05T03:50:32Z,2026-09-05T05:42:00.000+02:00,A0025010700,A25,,570
2026-09-05T03:50:32Z,2026-09-05T05:42:00.000+02:00,A0002011230,A2,112.0,1060
2026-09-05T03:50:32Z,2026-09-05T05:42:00.000+02:00,A0025020500,A25,74.0,690
2026-09-05T03:50:32Z,2026-09-05T05:42:00.000+02:00,A0002021290,A2,110.0,830
2026-09-05T03:50:32Z,2026-09-05T05:42:00.000+02:00,A0022011600,A22,86.0,370
2026-09-05T04:00:38Z,2026-09-05T05:54:00.000+02:00,A0001011200,A1,82.0,990
2026-09-05T04:00:38Z,2026-09-05T05:54:00.000+02:00,A0027010102,A27,92.0,790
2026-09-05T04:00:38Z,2026-09-05T05:54:00.000+02:00,N0041010100,N41,87.0,280
2026-09-05T04:00:38Z,2026-09-05T05:54:00.000+02:00,A0027010101,A27,92.0,790
2026-09-05T04:00:38Z,2026-09-05T05:54:00.000+02:00,A0001020150,A1,105.0,860
2026-09-05T04:00:38Z,2026-09-05T05:54:00.000+02:00,N0356011700,N356,74.0,660
2026-09-05T04:00:38Z,2026-09-05T05:54:00.000+02:00,N0356021300,N356,68.0,1080
2026-09-05T04:00:38Z,2026-09-05T05:54:00.000+02:00,A0022011400,A22,87.0,120
2026-09-05T04:00:38Z,2026-09-05T05:54:00.000+02:00,A0027010300,A27,89.0,160
2026-09-05T04:00:38Z,2026-09-05T05:54:00.000+02:00,A9022020250,A22 (rocade),55.0,160
2026-09-05T04:00:38Z,2026-09-05T05:54:00.000+02:00,N0041010300,N41,90.0,440
2026-09-05T04:00:38Z,2026-09-05T05:54:00.000+02:00,A0022011210,A22,,70
2026-09-05T04:00:38Z,2026-09-05T05:54:00.000+02:00,A0027020100,A27,72.0,210
2026-09-05T04:00:38Z,2026-09-05T05:54:00.000+02:00,A0001010300,A1,95.0,940
2026-09-05T04:00:38Z,2026-09-05T05:54:00.000+02:00,A0022011220,A22,,70
2026-09-05T04:00:38Z,2026-09-05T05:54:00.000+02:00,N0227021400,N227,,10
2026-09-05T04:00:38Z,2026-09-05T05:54:00.000+02:00,A9022101110,A22 (rocade),81.0,280
2026-09-05T04:00:38Z,2026-09-05T05:54:00.000+02:00,A0022022110,A22,88.0,1020
2026-09-05T04:00:38Z,2026-09-05T05:54:00.000+02:00,N0356010800,N356,73.0,620
2026-09-05T04:00:38Z,2026-09-05T05:54:00.000+02:00,A9001210710,A1 (bretelle),73.0,210
2026-09-05T04:00:38Z,2026-09-05T05:54:00.000+02:00,N0356021110,N356,72.0,1180
2026-09-05T04:00:38Z,2026-09-05T05:54:00.000+02:00,A0001010510,A1,95.0,880
2026-09-05T04:00:38Z,2026-09-05T05:54:00.000+02:00,N0356021122,N356,67.0,1100
2026-09-05T04:00:38Z,2026-09-05T05:54:00.000+02:00,N0356021121,N356,72.0,1180
2026-09-05T04:00:38Z,2026-09-05T05:54:00.000+02:00,A0025010210,A25,78.0,1070
2026-09-05T04:00:38Z,2026-09-05T05:54:00.000+02:00,A0025011300,A25,86.0,230
2026-09-05T04:00:38Z,2026-09-05T05:54:00.000+02:00,A0001020300,A1,105.0,790
2026-09-05T04:00:38Z,2026-09-05T05:54:00.000+02:00,A0025021100,A25,,480
2026-09-05T04:00:38Z,2026-09-05T05:54:00.000+02:00,A0025023520,A25,111.0,180
2026-09-05T04:00:38Z,2026-09-05T05:54:00.000+02:00,A0022022130,A22,84.0,1000
2026-09-05T04:00:38Z,2026-09-05T05:54:00.000+02:00,A0025010220,A25,78.0,1070
2026-09-05T04:00:38Z,2026-09-05T05:54:00.000+02:00,A0022022120,A22,90.0,960
2026-09-05T04:00:38Z,2026-09-05T05:54:00.000+02:00,A0001010520,A1,101.0,1020
2026-09-05T04:00:38Z,2026-09-05T05:54:00.000+02:00,A0022011000,A22,,320
2026-09-05T04:00:38Z,2026-09-05T05:54:00.000+02:00,A0001020510,A1,103.0,860
2026-09-05T04:00:38Z,2026-09-05T05:54:00.000+02:00,A0001021602,A1,88.0,1600
2026-09-05T04:00:38Z,2026-09-05T05:54:00.000+02:00,A22TC020222,A22 (contournement),84.0,580
2026-09-05T04:00:38Z,2026-09-05T05:54:00.000+02:00,A0001010940,A1,98.0,1040
2026-09-05T04:00:38Z,2026-09-05T05:54:00.000+02:00,A0025023320,A25,112.0,290
2026-09-05T04:00:38Z,2026-09-05T05:54:00.000+02:00,A0001020520,A1,101.0,930
2026-09-05T04:00:38Z,2026-09-05T05:54:00.000+02:00,A0025023100,A25,107.0,240
2026-09-05T04:00:38Z,2026-09-05T05:54:00.000+02:00,A22TC020230,A22 (contournement),84.0,580
2026-09-05T04:00:38Z,2026-09-05T05:54:00.000+02:00,A0025021730,A25,91.0,560
2026-09-05T04:00:38Z,2026-09-05T05:54:00.000+02:00,A0025023910,A25,112.0,190
2026-09-05T04:00:38Z,2026-09-05T05:54:00.000+02:00,A0025021735,A25,107.0,530
2026-09-05T04:00:38Z,2026-09-05T05:54:00.000+02:00,A0023010400,A23,100.0,220
2026-09-05T04:00:38Z,2026-09-05T05:54:00.000+02:00,A0022021900,A22,81.0,930
2026-09-05T04:00:38Z,2026-09-05T05:54:00.000+02:00,A9022100500,A22 (rocade),80.0,340
2026-09-05T04:00:38Z,2026-09-05T05:54:00.000+02:00,A0001020940,A1,91.0,1030
2026-09-05T04:00:38Z,2026-09-05T05:54:00.000+02:00,A0001020700,A1,99.0,830
2026-09-05T04:00:38Z,2026-09-05T05:54:00.000+02:00,A9022020830,A22 (rocade),85.0,60
2026-09-05T04:00:38Z,2026-09-05T05:54:00.000+02:00,A9022020822,A22 (rocade),74.0,850
2026-09-05T04:00:38Z,2026-09-05T05:54:00.000+02:00,A9022020821,A22 (rocade),74.0,850
2026-09-05T04:00:38Z,2026-09-05T05:54:00.000+02:00,A0025020420,A25,75.0,920
2026-09-05T04:00:38Z,2026-09-05T05:54:00.000+02:00,A0025021510,A25,,10
2026-09-05T04:00:38Z,2026-09-05T05:54:00.000+02:00,N0227010100,N227,69.0,390
2026-09-05T04:00:38Z,2026-09-05T05:54:00.000+02:00,A0025011720,A25,96.0,440
2026-09-05T04:00:38Z,2026-09-05T05:54:00.000+02:00,A0025021760,A25,91.0,510
2026-09-05T04:00:38Z,2026-09-05T05:54:00.000+02:00,A0025011730,A25,88.0,400
2026-09-05T04:00:38Z,2026-09-05T05:54:00.000+02:00,A0025011735,A25,100.0,410
2026-09-05T04:00:38Z,2026-09-05T05:54:00.000+02:00,A9025080700,A25 (bretelle),,130
2026-09-05T04:00:38Z,2026-09-05T05:54:00.000+02:00,A9022100930,A22 (rocade),62.0,40
2026-09-05T04:00:38Z,2026-09-05T05:54:00.000+02:00,N0356011220,N356,73.0,630
2026-09-05T04:00:38Z,2026-09-05T05:54:00.000+02:00,A0025011740,A25,87.0,400
2026-09-05T04:00:38Z,2026-09-05T05:54:00.000+02:00,A0025010410,A25,79.0,640
2026-09-05T04:00:38Z,2026-09-05T05:54:00.000+02:00,A0023010200,A23,99.0,490
2026-09-05T04:00:38Z,2026-09-05T05:54:00.000+02:00,A9001210120,A1 (bretelle),82.0,180
2026-09-05T04:00:38Z,2026-09-05T05:54:00.000+02:00,A0025020210,A25,82.0,1200
2026-09-05T04:00:38Z,2026-09-05T05:54:00.000+02:00,N0356011210,N356,73.0,630
2026-09-05T04:00:38Z,2026-09-05T05:54:00.000+02:00,A0025011510,A25,88.0,310
2026-09-05T04:00:38Z,2026-09-05T05:54:00.000+02:00,A0025020220,A25,82.0,1200
2026-09-05T04:00:38Z,2026-09-05T05:54:00.000+02:00,N0227010302,N227,82.0,600
2026-09-05T04:00:38Z,2026-09-05T05:54:00.000+02:00,N0041010500,N41,102.0,290
2026-09-05T04:00:38Z,2026-09-05T05:54:00.000+02:00,N0227020101,N227,86.0,500
2026-09-05T04:00:38Z,2026-09-05T05:54:00.000+02:00,A9022100110,A22 (rocade),71.0,130
2026-09-05T04:00:38Z,2026-09-05T05:54:00.000+02:00,A0022010400,A22,75.0,310
2026-09-05T04:00:38Z,2026-09-05T05:54:00.000+02:00,N0356010302,N356,77.0,1320
2026-09-05T04:00:38Z,2026-09-05T05:54:00.000+02:00,A0025010800,A25,81.0,370
2026-09-05T04:00:38Z,2026-09-05T05:54:00.000+02:00,A0027020621,A27,103.0,200
2026-09-05T04:00:38Z,2026-09-05T05:54:00.000+02:00,N0041010700,N41,99.0,80
2026-09-05T04:00:38Z,2026-09-05T05:54:00.000+02:00,A0027020630,A27,103.0,220
2026-09-05T04:00:38Z,2026-09-05T05:54:00.000+02:00,A0022021512,A22,79.0,790
2026-09-05T04:00:38Z,2026-09-05T05:54:00.000+02:00,A0022021511,A22,79.0,840
2026-09-05T04:00:38Z,2026-09-05T05:54:00.000+02:00,A0027020610,A27,103.0,200
2026-09-05T04:00:38Z,2026-09-05T05:54:00.000+02:00,A0025021720,A25,103.0,520
2026-09-05T04:00:38Z,2026-09-05T05:54:00.000+02:00,A0022021520,A22,79.0,790
2026-09-05T04:00:38Z,2026-09-05T05:54:00.000+02:00,A0025022140,A25,112.0,390
2026-09-05T04:00:38Z,2026-09-05T05:54:00.000+02:00,A0022011302,A22,84.0,250
2026-09-05T04:00:38Z,2026-09-05T05:54:00.000+02:00,A0025022160,A25,109.0,410
2026-09-05T04:00:38Z,2026-09-05T05:54:00.000+02:00,A9025060104,A25 (bretelle),70.0,350
2026-09-05T04:00:38Z,2026-09-05T05:54:00.000+02:00,A0027010201,A27,92.0,400
2026-09-05T04:00:38Z,2026-09-05T05:54:00.000+02:00,A0027010202,A27,75.0,150
2026-09-05T04:00:38Z,2026-09-05T05:54:00.000+02:00,N9227110110,N227 (bretelle),77.0,160
2026-09-05T04:00:38Z,2026-09-05T05:54:00.000+02:00,A0025012130,A25,,290
2026-09-05T04:00:38Z,2026-09-05T05:54:00.000+02:00,A0027010210,A27,75.0,150
2026-09-05T04:00:38Z,2026-09-05T05:54:00.000+02:00,A0025011050,A25,89.0,140
2026-09-05T04:00:38Z,2026-09-05T05:54:00.000+02:00,A0025012140,A25,,360
2026-09-05T04:00:38Z,2026-09-05T05:54:00.000+02:00,A0027010421,A27,91.0,210
2026-09-05T04:00:38Z,2026-09-05T05:54:00.000+02:00,A0022012420,A22,103.0,520
2026-09-05T04:00:38Z,2026-09-05T05:54:00.000+02:00,A0027010430,A27,95.0,240
2026-09-05T04:00:38Z,2026-09-05T05:54:00.000+02:00,A0023020710,A23,102.0,430
2026-09-05T04:00:38Z,2026-09-05T05:54:00.000+02:00,A0022012430,A22,100.0,500
2026-09-05T04:00:38Z,2026-09-05T05:54:00.000+02:00,A0025012160,A25,109.0,320
2026-09-05T04:00:38Z,2026-09-05T05:54:00.000+02:00,A9022021200,A22 (rocade),57.0,70
2026-09-05T04:00:38Z,2026-09-05T05:54:00.000+02:00,A0001021100,A1,90.0,1010
2026-09-05T04:00:38Z,2026-09-05T05:54:00.000+02:00,A9022101000,A22 (rocade),,160
2026-09-05T04:00:38Z,2026-09-05T05:54:00.000+02:00,A0025013020,A25,103.0,370
2026-09-05T04:00:38Z,2026-09-05T05:54:00.000+02:00,A0027010410,A27,91.0,210
2026-09-05T04:00:38Z,2026-09-05T05:54:00.000+02:00,A0022012410,A22,103.0,540
2026-09-05T04:00:38Z,2026-09-05T05:54:00.000+02:00,A0001A20112,A1,93.0,420
2026-09-05T04:00:38Z,2026-09-05T05:54:00.000+02:00,A0001A20111,A1,83.0,300
2026-09-05T04:00:38Z,2026-09-05T05:54:00.000+02:00,A0025010320,A25,83.0,440
2026-09-05T04:00:38Z,2026-09-05T05:54:00.000+02:00,A0025022540,A25,114.0,340
2026-09-05T04:00:38Z,2026-09-05T05:54:00.000+02:00,A0025022300,A25,111.0,330
2026-09-05T04:00:38Z,2026-09-05T05:54:00.000+02:00,N0356021000,N356,74.0,1060
2026-09-05T04:00:38Z,2026-09-05T05:54:00.000+02:00,A22TC010102,A22 (contournement),88.0,450
2026-09-05T04:00:38Z,2026-09-05T05:54:00.000+02:00,A0001011503,A1,90.0,1290
2026-09-05T04:00:38Z,2026-09-05T05:54:00.000+02:00,A0022012200,A22,91.0,510
2026-09-05T04:00:38Z,2026-09-05T05:54:00.000+02:00,A22TC020102,A22 (contournement),88.0,410
2026-09-05T04:00:38Z,2026-09-05T05:54:00.000+02:00,A22TC010300,A22 (contournement),87.0,430
2026-09-05T04:00:38Z,2026-09-05T05:54:00.000+02:00,A0022012010,A22,90.0,350
2026-09-05T04:00:38Z,2026-09-05T05:54:00.000+02:00,A0022012020,A22,90.0,350
2026-09-05T04:00:38Z,2026-09-05T05:54:00.000+02:00,A0025022130,A25,126.0,380
2026-09-05T04:00:38Z,2026-09-05T05:54:00.000+02:00,A0023010520,A23,108.0,240
2026-09-05T04:00:38Z,2026-09-05T05:54:00.000+02:00,N0041020800,N41,95.0,260
2026-09-05T04:00:38Z,2026-09-05T05:54:00.000+02:00,A0025010500,A25,78.0,470
2026-09-05T04:00:38Z,2026-09-05T05:54:00.000+02:00,A0022020901,A22,,640
2026-09-05T04:00:38Z,2026-09-05T05:54:00.000+02:00,A0022020902,A22,,510
2026-09-05T04:00:38Z,2026-09-05T05:54:00.000+02:00,A0025020310,A25,79.0,710
2026-09-05T04:00:38Z,2026-09-05T05:54:00.000+02:00,A0022021810,A22,81.0,820
2026-09-05T04:00:38Z,2026-09-05T05:54:00.000+02:00,N0356011100,N356,73.0,520
2026-09-05T04:00:38Z,2026-09-05T05:54:00.000+02:00,A0022021820,A22,81.0,820
2026-09-05T04:00:38Z,2026-09-05T05:54:00.000+02:00,N0356020802,N356,71.0,1030
2026-09-05T04:00:38Z,2026-09-05T05:54:00.000+02:00,A0025020102,A25,77.0,320
2026-09-05T04:00:38Z,2026-09-05T05:54:00.000+02:00,A0025010310,A25,77.0,540
2026-09-05T04:00:38Z,2026-09-05T05:54:00.000+02:00,A0023010100,A23,,160
2026-09-05T04:00:38Z,2026-09-05T05:54:00.000+02:00,A0025022530,A25,114.0,350
2026-09-05T04:00:38Z,2026-09-05T05:54:00.000+02:00,A9001210200,A1 (bretelle),74.0,330
2026-09-05T04:00:38Z,2026-09-05T05:54:00.000+02:00,A0022010700,A22,81.0,240
2026-09-05T04:00:38Z,2026-09-05T05:54:00.000+02:00,N0041020400,N41,93.0,380
2026-09-05T04:00:38Z,2026-09-05T05:54:00.000+02:00,A0023020720,A23,109.0,420
2026-09-05T04:00:38Z,2026-09-05T05:54:00.000+02:00,A0022020500,A22,,490
2026-09-05T04:00:38Z,2026-09-05T05:54:00.000+02:00,N93563b0150,N356 (bretelle),70.0,20
2026-09-05T04:00:38Z,2026-09-05T05:54:00.000+02:00,A0025020950,A25,92.0,760
2026-09-05T04:00:38Z,2026-09-05T05:54:00.000+02:00,A0023020300,A23,106.0,480
2026-09-05T04:00:38Z,2026-09-05T05:54:00.000+02:00,A0001011000,A1,86.0,940
2026-09-05T04:00:38Z,2026-09-05T05:54:00.000+02:00,A0027020500,A27,,150
2026-09-05T04:00:38Z,2026-09-05T05:54:00.000+02:00,N0356011500,N356,69.0,630
2026-09-05T04:00:38Z,2026-09-05T05:54:00.000+02:00,A0001010150,A1,103.0,880
2026-09-05T04:00:38Z,2026-09-05T05:54:00.000+02:00,N0356020400,N356,76.0,440
2026-09-05T04:00:38Z,2026-09-05T05:54:00.000+02:00,N0041020600,N41,96.0,260
2026-09-05T04:00:38Z,2026-09-05T05:54:00.000+02:00,A0025010700,A25,78.0,410
2026-09-05T04:00:38Z,2026-09-05T05:54:00.000+02:00,A0002011230,A2,113.0,770
2026-09-05T04:00:38Z,2026-09-05T05:54:00.000+02:00,A0025020500,A25,73.0,700
2026-09-05T04:00:38Z,2026-09-05T05:54:00.000+02:00,A0002021290,A2,107.0,960
2026-09-05T04:00:38Z,2026-09-05T05:54:00.000+02:00,A0022011600,A22,83.0,360
2026-09-05T04:10:32Z,2026-09-05T06:00:00.000+02:00,A0001011200,A1,81.0,860
2026-09-05T04:10:32Z,2026-09-05T06:00:00.000+02:00,A0027010102,A27,91.0,700
2026-09-05T04:10:32Z,2026-09-05T06:00:00.000+02:00,N0041010100,N41,86.0,200
2026-09-05T04:10:32Z,2026-09-05T06:00:00.000+02:00,A0027010101,A27,91.0,700
2026-09-05T04:10:32Z,2026-09-05T06:00:00.000+02:00,A0001020150,A1,106.0,1210
2026-09-05T04:10:32Z,2026-09-05T06:00:00.000+02:00,N0356011700,N356,77.0,530
2026-09-05T04:10:32Z,2026-09-05T06:00:00.000+02:00,N0356021300,N356,68.0,990
2026-09-05T04:10:32Z,2026-09-05T06:00:00.000+02:00,A0022011400,A22,83.0,110
2026-09-05T04:10:32Z,2026-09-05T06:00:00.000+02:00,A0027010300,A27,91.0,180
2026-09-05T04:10:32Z,2026-09-05T06:00:00.000+02:00,A9022020250,A22 (rocade),70.0,110
2026-09-05T04:10:32Z,2026-09-05T06:00:00.000+02:00,N0041010300,N41,91.0,360
2026-09-05T04:10:32Z,2026-09-05T06:00:00.000+02:00,A0022011210,A22,92.0,60
2026-09-05T04:10:32Z,2026-09-05T06:00:00.000+02:00,A0027020100,A27,67.0,140
2026-09-05T04:10:32Z,2026-09-05T06:00:00.000+02:00,A0001010300,A1,100.0,1030
2026-09-05T04:10:32Z,2026-09-05T06:00:00.000+02:00,A0022011220,A22,92.0,60
2026-09-05T04:10:32Z,2026-09-05T06:00:00.000+02:00,A9022101110,A22 (rocade),84.0,240
2026-09-05T04:10:32Z,2026-09-05T06:00:00.000+02:00,A0022022110,A22,87.0,950
2026-09-05T04:10:32Z,2026-09-05T06:00:00.000+02:00,N0356010800,N356,78.0,510
2026-09-05T04:10:32Z,2026-09-05T06:00:00.000+02:00,A9001210710,A1 (bretelle),72.0,290
2026-09-05T04:10:32Z,2026-09-05T06:00:00.000+02:00,N0356021110,N356,75.0,980
2026-09-05T04:10:32Z,2026-09-05T06:00:00.000+02:00,A0001010510,A1,100.0,1030
2026-09-05T04:10:32Z,2026-09-05T06:00:00.000+02:00,N0356021122,N356,67.0,1000
2026-09-05T04:10:32Z,2026-09-05T06:00:00.000+02:00,N0356021121,N356,75.0,980
2026-09-05T04:10:32Z,2026-09-05T06:00:00.000+02:00,A0025010210,A25,78.0,1070
2026-09-05T04:10:32Z,2026-09-05T06:00:00.000+02:00,A0025011300,A25,92.0,140
2026-09-05T04:10:32Z,2026-09-05T06:00:00.000+02:00,A0001020300,A1,108.0,1170
2026-09-05T04:10:32Z,2026-09-05T06:00:00.000+02:00,A0025021100,A25,66.0,470
2026-09-05T04:10:32Z,2026-09-05T06:00:00.000+02:00,A0025023520,A25,109.0,220
2026-09-05T04:10:32Z,2026-09-05T06:00:00.000+02:00,A0022022130,A22,82.0,1000
2026-09-05T04:10:32Z,2026-09-05T06:00:00.000+02:00,A0025010220,A25,78.0,1070
2026-09-05T04:10:32Z,2026-09-05T06:00:00.000+02:00,A0022022120,A22,88.0,960
2026-09-05T04:10:32Z,2026-09-05T06:00:00.000+02:00,A0001010520,A1,99.0,1030
2026-09-05T04:10:32Z,2026-09-05T06:00:00.000+02:00,A0022011000,A22,85.0,340
2026-09-05T04:10:32Z,2026-09-05T06:00:00.000+02:00,A0001020510,A1,105.0,1180
2026-09-05T04:10:32Z,2026-09-05T06:00:00.000+02:00,A0001021602,A1,87.0,1390
2026-09-05T04:10:32Z,2026-09-05T06:00:00.000+02:00,A22TC020222,A22 (contournement),77.0,440
2026-09-05T04:10:32Z,2026-09-05T06:00:00.000+02:00,A0001010940,A1,95.0,1050
2026-09-05T04:10:32Z,2026-09-05T06:00:00.000+02:00,A0025023320,A25,112.0,370
2026-09-05T04:10:32Z,2026-09-05T06:00:00.000+02:00,A0001020520,A1,103.0,1240
2026-09-05T04:10:32Z,2026-09-05T06:00:00.000+02:00,A0025023100,A25,107.0,320
2026-09-05T04:10:32Z,2026-09-05T06:00:00.000+02:00,A22TC020230,A22 (contournement),77.0,440
2026-09-05T04:10:32Z,2026-09-05T06:00:00.000+02:00,A0025021730,A25,90.0,390
2026-09-05T04:10:32Z,2026-09-05T06:00:00.000+02:00,A0025023910,A25,114.0,200
2026-09-05T04:10:32Z,2026-09-05T06:00:00.000+02:00,A0025021735,A25,103.0,480
2026-09-05T04:10:32Z,2026-09-05T06:00:00.000+02:00,A0023010400,A23,106.0,320
2026-09-05T04:10:32Z,2026-09-05T06:00:00.000+02:00,A0022021900,A22,80.0,760
2026-09-05T04:10:32Z,2026-09-05T06:00:00.000+02:00,A9022100500,A22 (rocade),87.0,360
2026-09-05T04:10:32Z,2026-09-05T06:00:00.000+02:00,A0001020940,A1,88.0,1120
2026-09-05T04:10:32Z,2026-09-05T06:00:00.000+02:00,A0001020700,A1,99.0,1130
2026-09-05T04:10:32Z,2026-09-05T06:00:00.000+02:00,A9022020830,A22 (rocade),80.0,50
2026-09-05T04:10:32Z,2026-09-05T06:00:00.000+02:00,A9022020822,A22 (rocade),91.0,1050
2026-09-05T04:10:32Z,2026-09-05T06:00:00.000+02:00,A9022020821,A22 (rocade),91.0,1050
2026-09-05T04:10:32Z,2026-09-05T06:00:00.000+02:00,A0025020420,A25,75.0,780
2026-09-05T04:10:32Z,2026-09-05T06:00:00.000+02:00,N0227010100,N227,65.0,240
2026-09-05T04:10:32Z,2026-09-05T06:00:00.000+02:00,A0025011720,A25,94.0,370
2026-09-05T04:10:32Z,2026-09-05T06:00:00.000+02:00,A0025021760,A25,91.0,490
2026-09-05T04:10:32Z,2026-09-05T06:00:00.000+02:00,A0025011730,A25,84.0,380
2026-09-05T04:10:32Z,2026-09-05T06:00:00.000+02:00,A0025011735,A25,96.0,390
2026-09-05T04:10:32Z,2026-09-05T06:00:00.000+02:00,A9025080700,A25 (bretelle),,110
2026-09-05T04:10:32Z,2026-09-05T06:00:00.000+02:00,A9022100930,A22 (rocade),72.0,30
2026-09-05T04:10:32Z,2026-09-05T06:00:00.000+02:00,N0356011220,N356,73.0,510
2026-09-05T04:10:32Z,2026-09-05T06:00:00.000+02:00,A0025011740,A25,83.0,370
2026-09-05T04:10:32Z,2026-09-05T06:00:00.000+02:00,A0025010410,A25,71.0,760
2026-09-05T04:10:32Z,2026-09-05T06:00:00.000+02:00,A0023010200,A23,94.0,460
2026-09-05T04:10:32Z,2026-09-05T06:00:00.000+02:00,A9001210120,A1 (bretelle),83.0,140
2026-09-05T04:10:32Z,2026-09-05T06:00:00.000+02:00,A0025020210,A25,78.0,1050
2026-09-05T04:10:32Z,2026-09-05T06:00:00.000+02:00,N0356011210,N356,73.0,510
2026-09-05T04:10:32Z,2026-09-05T06:00:00.000+02:00,A0025011510,A25,87.0,210
2026-09-05T04:10:32Z,2026-09-05T06:00:00.000+02:00,A0025020220,A25,78.0,1050
2026-09-05T04:10:32Z,2026-09-05T06:00:00.000+02:00,N0227010302,N227,75.0,360
2026-09-05T04:10:32Z,2026-09-05T06:00:00.000+02:00,N0041010500,N41,102.0,220
2026-09-05T04:10:32Z,2026-09-05T06:00:00.000+02:00,N0227020101,N227,87.0,510
2026-09-05T04:10:32Z,2026-09-05T06:00:00.000+02:00,A9022100110,A22 (rocade),69.0,150
2026-09-05T04:10:32Z,2026-09-05T06:00:00.000+02:00,A0022010400,A22,79.0,300
2026-09-05T04:10:32Z,2026-09-05T06:00:00.000+02:00,N0356010302,N356,78.0,1170
2026-09-05T04:10:32Z,2026-09-05T06:00:00.000+02:00,A0025010800,A25,80.0,370
2026-09-05T04:10:32Z,2026-09-05T06:00:00.000+02:00,A0027020621,A27,99.0,250
2026-09-05T04:10:32Z,2026-09-05T06:00:00.000+02:00,N0041010700,N41,98.0,40
2026-09-05T04:10:32Z,2026-09-05T06:00:00.000+02:00,A0027020630,A27,97.0,280
2026-09-05T04:10:32Z,2026-09-05T06:00:00.000+02:00,A0022021512,A22,77.0,750
2026-09-05T04:10:32Z,2026-09-05T06:00:00.000+02:00,A0022021511,A22,79.0,740
2026-09-05T04:10:32Z,2026-09-05T06:00:00.000+02:00,A0027020610,A27,99.0,250
2026-09-05T04:10:32Z,2026-09-05T06:00:00.000+02:00,A0025021720,A25,104.0,460
2026-09-05T04:10:32Z,2026-09-05T06:00:00.000+02:00,A0022021520,A22,77.0,750
2026-09-05T04:10:32Z,2026-09-05T06:00:00.000+02:00,A0025022140,A25,115.0,480
2026-09-05T04:10:32Z,2026-09-05T06:00:00.000+02:00,A0022011302,A22,81.0,270
2026-09-05T04:10:32Z,2026-09-05T06:00:00.000+02:00,A0025022160,A25,112.0,510
2026-09-05T04:10:32Z,2026-09-05T06:00:00.000+02:00,A9025060104,A25 (bretelle),74.0,330
2026-09-05T04:10:32Z,2026-09-05T06:00:00.000+02:00,A0027010201,A27,90.0,460
2026-09-05T04:10:32Z,2026-09-05T06:00:00.000+02:00,A0027010202,A27,78.0,160
2026-09-05T04:10:32Z,2026-09-05T06:00:00.000+02:00,N9227110110,N227 (bretelle),88.0,110
2026-09-05T04:10:32Z,2026-09-05T06:00:00.000+02:00,A0025012130,A25,112.0,280
2026-09-05T04:10:32Z,2026-09-05T06:00:00.000+02:00,A0027010210,A27,78.0,160
2026-09-05T04:10:32Z,2026-09-05T06:00:00.000+02:00,A0025011050,A25,96.0,120
2026-09-05T04:10:32Z,2026-09-05T06:00:00.000+02:00,A0025012140,A25,112.0,350
2026-09-05T04:10:32Z,2026-09-05T06:00:00.000+02:00,A0027010421,A27,94.0,200
2026-09-05T04:10:32Z,2026-09-05T06:00:00.000+02:00,A0022012420,A22,97.0,610
2026-09-05T04:10:32Z,2026-09-05T06:00:00.000+02:00,A0027010430,A27,97.0,170
2026-09-05T04:10:32Z,2026-09-05T06:00:00.000+02:00,A0023020710,A23,103.0,380
2026-09-05T04:10:32Z,2026-09-05T06:00:00.000+02:00,A0022012430,A22,95.0,590
2026-09-05T04:10:32Z,2026-09-05T06:00:00.000+02:00,A0025012160,A25,117.0,400
2026-09-05T04:10:32Z,2026-09-05T06:00:00.000+02:00,A9022021200,A22 (rocade),61.0,80
2026-09-05T04:10:32Z,2026-09-05T06:00:00.000+02:00,A0001021100,A1,90.0,1110
2026-09-05T04:10:32Z,2026-09-05T06:00:00.000+02:00,A9022101000,A22 (rocade),,160
2026-09-05T04:10:32Z,2026-09-05T06:00:00.000+02:00,A0025013020,A25,105.0,300
2026-09-05T04:10:32Z,2026-09-05T06:00:00.000+02:00,A0027010410,A27,94.0,200
2026-09-05T04:10:32Z,2026-09-05T06:00:00.000+02:00,A0022012410,A22,96.0,610
2026-09-05T04:10:32Z,2026-09-05T06:00:00.000+02:00,A0001A20112,A1,88.0,420
2026-09-05T04:10:32Z,2026-09-05T06:00:00.000+02:00,A0001A20111,A1,86.0,190
2026-09-05T04:10:32Z,2026-09-05T06:00:00.000+02:00,A0025010320,A25,76.0,580
2026-09-05T04:10:32Z,2026-09-05T06:00:00.000+02:00,A0025022540,A25,110.0,360
2026-09-05T04:10:32Z,2026-09-05T06:00:00.000+02:00,A0025022300,A25,112.0,290
2026-09-05T04:10:32Z,2026-09-05T06:00:00.000+02:00,N0356021000,N356,75.0,900
2026-09-05T04:10:32Z,2026-09-05T06:00:00.000+02:00,A22TC010102,A22 (contournement),91.0,340
2026-09-05T04:10:32Z,2026-09-05T06:00:00.000+02:00,A0001011503,A1,88.0,1280
2026-09-05T04:10:32Z,2026-09-05T06:00:00.000+02:00,A0022012200,A22,83.0,570
2026-09-05T04:10:32Z,2026-09-05T06:00:00.000+02:00,A22TC020102,A22 (contournement),82.0,440
2026-09-05T04:10:32Z,2026-09-05T06:00:00.000+02:00,A22TC010300,A22 (contournement),85.0,350
2026-09-05T04:10:32Z,2026-09-05T06:00:00.000+02:00,A0022012010,A22,81.0,430
2026-09-05T04:10:32Z,2026-09-05T06:00:00.000+02:00,A0022012020,A22,81.0,430
2026-09-05T04:10:32Z,2026-09-05T06:00:00.000+02:00,A0025022130,A25,130.0,430
2026-09-05T04:10:32Z,2026-09-05T06:00:00.000+02:00,A0023010520,A23,112.0,270
2026-09-05T04:10:32Z,2026-09-05T06:00:00.000+02:00,N0041020800,N41,98.0,300
2026-09-05T04:10:32Z,2026-09-05T06:00:00.000+02:00,A0025010500,A25,94.0,420
2026-09-05T04:10:32Z,2026-09-05T06:00:00.000+02:00,A0022020901,A22,75.0,560
2026-09-05T04:10:32Z,2026-09-05T06:00:00.000+02:00,A0022020902,A22,75.0,470
2026-09-05T04:10:32Z,2026-09-05T06:00:00.000+02:00,A0025020310,A25,76.0,600
2026-09-05T04:10:32Z,2026-09-05T06:00:00.000+02:00,A0022021810,A22,77.0,690
2026-09-05T04:10:32Z,2026-09-05T06:00:00.000+02:00,N0356011100,N356,77.0,490
2026-09-05T04:10:32Z,2026-09-05T06:00:00.000+02:00,A0022021820,A22,77.0,690
2026-09-05T04:10:32Z,2026-09-05T06:00:00.000+02:00,N0356020802,N356,74.0,950
2026-09-05T04:10:32Z,2026-09-05T06:00:00.000+02:00,A0025020102,A25,72.0,280
2026-09-05T04:10:32Z,2026-09-05T06:00:00.000+02:00,A0025010310,A25,77.0,600
2026-09-05T04:10:32Z,2026-09-05T06:00:00.000+02:00,A0023010100,A23,89.0,260
2026-09-05T04:10:32Z,2026-09-05T06:00:00.000+02:00,A0025022530,A25,112.0,320
2026-09-05T04:10:32Z,2026-09-05T06:00:00.000+02:00,A9001210200,A1 (bretelle),72.0,370
2026-09-05T04:10:32Z,2026-09-05T06:00:00.000+02:00,A0022010700,A22,84.0,270
2026-09-05T04:10:32Z,2026-09-05T06:00:00.000+02:00,N0041020400,N41,92.0,290
2026-09-05T04:10:32Z,2026-09-05T06:00:00.000+02:00,A0023020720,A23,112.0,360
2026-09-05T04:10:32Z,2026-09-05T06:00:00.000+02:00,A0022020500,A22,75.0,390
2026-09-05T04:10:32Z,2026-09-05T06:00:00.000+02:00,N93563b0150,N356 (bretelle),69.0,10
2026-09-05T04:10:32Z,2026-09-05T06:00:00.000+02:00,A0025020950,A25,92.0,660
2026-09-05T04:10:32Z,2026-09-05T06:00:00.000+02:00,A0023020300,A23,74.0,250
2026-09-05T04:10:32Z,2026-09-05T06:00:00.000+02:00,A0001011000,A1,85.0,890
2026-09-05T04:10:32Z,2026-09-05T06:00:00.000+02:00,A0027020500,A27,92.0,160
2026-09-05T04:10:32Z,2026-09-05T06:00:00.000+02:00,N0356011500,N356,72.0,590
2026-09-05T04:10:32Z,2026-09-05T06:00:00.000+02:00,A0001010150,A1,101.0,1040
2026-09-05T04:10:32Z,2026-09-05T06:00:00.000+02:00,N0356020400,N356,68.0,460
2026-09-05T04:10:32Z,2026-09-05T06:00:00.000+02:00,N0041020600,N41,98.0,220
2026-09-05T04:10:32Z,2026-09-05T06:00:00.000+02:00,A0025010700,A25,94.0,320
2026-09-05T04:10:32Z,2026-09-05T06:00:00.000+02:00,A0002011230,A2,111.0,630
2026-09-05T04:10:32Z,2026-09-05T06:00:00.000+02:00,A0025020500,A25,75.0,620
2026-09-05T04:10:32Z,2026-09-05T06:00:00.000+02:00,A0002021290,A2,106.0,1010
2026-09-05T04:10:32Z,2026-09-05T06:00:00.000+02:00,A0022011600,A22,84.0,350
2026-09-05T04:20:39Z,2026-09-05T06:12:00.000+02:00,A0001011200,A1,82.0,1070
2026-09-05T04:20:39Z,2026-09-05T06:12:00.000+02:00,A0027010102,A27,90.0,670
2026-09-05T04:20:39Z,2026-09-05T06:12:00.000+02:00,N0041010100,N41,86.0,310
2026-09-05T04:20:39Z,2026-09-05T06:12:00.000+02:00,A0027010101,A27,90.0,670
2026-09-05T04:20:39Z,2026-09-05T06:12:00.000+02:00,A0001020150,A1,102.0,1080
2026-09-05T04:20:39Z,2026-09-05T06:12:00.000+02:00,N0356011700,N356,79.0,550
2026-09-05T04:20:39Z,2026-09-05T06:12:00.000+02:00,N0356021300,N356,70.0,1050
2026-09-05T04:20:39Z,2026-09-05T06:12:00.000+02:00,A0022011400,A22,81.0,80
2026-09-05T04:20:39Z,2026-09-05T06:12:00.000+02:00,A0027010300,A27,87.0,200
2026-09-05T04:20:39Z,2026-09-05T06:12:00.000+02:00,A9022020250,A22 (rocade),56.0,170
2026-09-05T04:20:39Z,2026-09-05T06:12:00.000+02:00,N0041010300,N41,92.0,560
2026-09-05T04:20:39Z,2026-09-05T06:12:00.000+02:00,A0022011210,A22,92.0,70
2026-09-05T04:20:39Z,2026-09-05T06:12:00.000+02:00,A0027020100,A27,74.0,160
2026-09-05T04:20:39Z,2026-09-05T06:12:00.000+02:00,A0001010300,A1,100.0,1100
2026-09-05T04:20:39Z,2026-09-05T06:12:00.000+02:00,A0022011220,A22,92.0,70
2026-09-05T04:20:39Z,2026-09-05T06:12:00.000+02:00,A9022101110,A22 (rocade),82.0,270
2026-09-05T04:20:39Z,2026-09-05T06:12:00.000+02:00,A0022022110,A22,90.0,990
2026-09-05T04:20:39Z,2026-09-05T06:12:00.000+02:00,N0356010800,N356,76.0,560
2026-09-05T04:20:39Z,2026-09-05T06:12:00.000+02:00,A9001210710,A1 (bretelle),73.0,170
2026-09-05T04:20:39Z,2026-09-05T06:12:00.000+02:00,N0356021110,N356,74.0,1000
2026-09-05T04:20:39Z,2026-09-05T06:12:00.000+02:00,A0001010510,A1,100.0,1090
2026-09-05T04:20:39Z,2026-09-05T06:12:00.000+02:00,N0356021122,N356,68.0,1030
2026-09-05T04:20:39Z,2026-09-05T06:12:00.000+02:00,N0356021121,N356,74.0,1000
2026-09-05T04:20:39Z,2026-09-05T06:12:00.000+02:00,A0025010210,A25,79.0,1370
2026-09-05T04:20:39Z,2026-09-05T06:12:00.000+02:00,A0025011300,A25,89.0,260
2026-09-05T04:20:39Z,2026-09-05T06:12:00.000+02:00,A0001020300,A1,101.0,1030
2026-09-05T04:20:39Z,2026-09-05T06:12:00.000+02:00,A0025021100,A25,89.0,680
2026-09-05T04:20:39Z,2026-09-05T06:12:00.000+02:00,A0025023520,A25,111.0,210
2026-09-05T04:20:39Z,2026-09-05T06:12:00.000+02:00,A0022022130,A22,83.0,980
2026-09-05T04:20:39Z,2026-09-05T06:12:00.000+02:00,A0025010220,A25,79.0,1370
2026-09-05T04:20:39Z,2026-09-05T06:12:00.000+02:00,A0022022120,A22,92.0,1010
2026-09-05T04:20:39Z,2026-09-05T06:12:00.000+02:00,A0001010520,A1,99.0,1190
2026-09-05T04:20:39Z,2026-09-05T06:12:00.000+02:00,A0022011000,A22,90.0,220
2026-09-05T04:20:39Z,2026-09-05T06:12:00.000+02:00,A0001020510,A1,100.0,1040
2026-09-05T04:20:39Z,2026-09-05T06:12:00.000+02:00,A0001021602,A1,88.0,1310
2026-09-05T04:20:39Z,2026-09-05T06:12:00.000+02:00,A22TC020222,A22 (contournement),86.0,390
2026-09-05T04:20:39Z,2026-09-05T06:12:00.000+02:00,A0001010940,A1,94.0,1160
2026-09-05T04:20:39Z,2026-09-05T06:12:00.000+02:00,A0025023320,A25,114.0,330
2026-09-05T04:20:39Z,2026-09-05T06:12:00.000+02:00,A0001020520,A1,96.0,1070
2026-09-05T04:20:39Z,2026-09-05T06:12:00.000+02:00,A0025023100,A25,107.0,260
2026-09-05T04:20:39Z,2026-09-05T06:12:00.000+02:00,A22TC020230,A22 (contournement),86.0,390
2026-09-05T04:20:39Z,2026-09-05T06:12:00.000+02:00,A0025021730,A25,90.0,680
2026-09-05T04:20:39Z,2026-09-05T06:12:00.000+02:00,A0025023910,A25,111.0,260
2026-09-05T04:20:39Z,2026-09-05T06:12:00.000+02:00,A0025021735,A25,103.0,730
2026-09-05T04:20:39Z,2026-09-05T06:12:00.000+02:00,A0023010400,A23,99.0,150
2026-09-05T04:20:39Z,2026-09-05T06:12:00.000+02:00,A0022021900,A22,85.0,870
2026-09-05T04:20:39Z,2026-09-05T06:12:00.000+02:00,A9022100500,A22 (rocade),87.0,340
2026-09-05T04:20:39Z,2026-09-05T06:12:00.000+02:00,A0001020940,A1,89.0,1000
2026-09-05T04:20:39Z,2026-09-05T06:12:00.000+02:00,A0001020700,A1,93.0,940
2026-09-05T04:20:39Z,2026-09-05T06:12:00.000+02:00,A9022020830,A22 (rocade),79.0,80
2026-09-05T04:20:39Z,2026-09-05T06:12:00.000+02:00,A9022020822,A22 (rocade),134.0,980
2026-09-05T04:20:39Z,2026-09-05T06:12:00.000+02:00,A9022020821,A22 (rocade),134.0,980
2026-09-05T04:20:39Z,2026-09-05T06:12:00.000+02:00,A0025020420,A25,76.0,910
2026-09-05T04:20:39Z,2026-09-05T06:12:00.000+02:00,N0227010100,N227,65.0,220
2026-09-05T04:20:39Z,2026-09-05T06:12:00.000+02:00,A0025011720,A25,102.0,530
2026-09-05T04:20:39Z,2026-09-05T06:12:00.000+02:00,A0025021760,A25,89.0,710
2026-09-05T04:20:39Z,2026-09-05T06:12:00.000+02:00,A0025011730,A25,90.0,500
2026-09-05T04:20:39Z,2026-09-05T06:12:00.000+02:00,A0025011735,A25,101.0,480
2026-09-05T04:20:39Z,2026-09-05T06:12:00.000+02:00,A9025080700,A25 (bretelle),,160
2026-09-05T04:20:39Z,2026-09-05T06:12:00.000+02:00,A9022100930,A22 (rocade),98.0,10
2026-09-05T04:20:39Z,2026-09-05T06:12:00.000+02:00,N0356011220,N356,76.0,600
2026-09-05T04:20:39Z,2026-09-05T06:12:00.000+02:00,A0025011740,A25,88.0,460
2026-09-05T04:20:39Z,2026-09-05T06:12:00.000+02:00,A0025010410,A25,70.0,910
2026-09-05T04:20:39Z,2026-09-05T06:12:00.000+02:00,A0023010200,A23,90.0,120
2026-09-05T04:20:39Z,2026-09-05T06:12:00.000+02:00,A9001210120,A1 (bretelle),84.0,140
2026-09-05T04:20:39Z,2026-09-05T06:12:00.000+02:00,A0025020210,A25,80.0,940
2026-09-05T04:20:39Z,2026-09-05T06:12:00.000+02:00,N0356011210,N356,76.0,600
2026-09-05T04:20:39Z,2026-09-05T06:12:00.000+02:00,A0025011510,A25,92.0,300
2026-09-05T04:20:39Z,2026-09-05T06:12:00.000+02:00,A0025020220,A25,80.0,940
2026-09-05T04:20:39Z,2026-09-05T06:12:00.000+02:00,N0227010302,N227,79.0,460
2026-09-05T04:20:39Z,2026-09-05T06:12:00.000+02:00,N0041010500,N41,94.0,460
2026-09-05T04:20:39Z,2026-09-05T06:12:00.000+02:00,N0227020101,N227,89.0,740
2026-09-05T04:20:39Z,2026-09-05T06:12:00.000+02:00,A9022100110,A22 (rocade),64.0,130
2026-09-05T04:20:39Z,2026-09-05T06:12:00.000+02:00,A0022010400,A22,75.0,450
2026-09-05T04:20:39Z,2026-09-05T06:12:00.000+02:00,N0356010302,N356,79.0,1270
2026-09-05T04:20:39Z,2026-09-05T06:12:00.000+02:00,A0025010800,A25,78.0,500
2026-09-05T04:20:39Z,2026-09-05T06:12:00.000+02:00,A0027020621,A27,98.0,350
2026-09-05T04:20:39Z,2026-09-05T06:12:00.000+02:00,N0041010700,N41,99.0,90
2026-09-05T04:20:39Z,2026-09-05T06:12:00.000+02:00,A0027020630,A27,103.0,340
2026-09-05T04:20:39Z,2026-09-05T06:12:00.000+02:00,A0022021512,A22,82.0,730
2026-09-05T04:20:39Z,2026-09-05T06:12:00.000+02:00,A0022021511,A22,82.0,720
2026-09-05T04:20:39Z,2026-09-05T06:12:00.000+02:00,A0027020610,A27,98.0,350
2026-09-05T04:20:39Z,2026-09-05T06:12:00.000+02:00,A0025021720,A25,102.0,710
2026-09-05T04:20:39Z,2026-09-05T06:12:00.000+02:00,A0022021520,A22,82.0,730
2026-09-05T04:20:39Z,2026-09-05T06:12:00.000+02:00,A0025022140,A25,111.0,570
2026-09-05T04:20:39Z,2026-09-05T06:12:00.000+02:00,A0022011302,A22,81.0,220
2026-09-05T04:20:39Z,2026-09-05T06:12:00.000+02:00,A0025022160,A25,103.0,590
2026-09-05T04:20:39Z,2026-09-05T06:12:00.000+02:00,A9025060104,A25 (bretelle),73.0,390
2026-09-05T04:20:39Z,2026-09-05T06:12:00.000+02:00,A0027010201,A27,90.0,330
2026-09-05T04:20:39Z,2026-09-05T06:12:00.000+02:00,A0027010202,A27,90.0,130
2026-09-05T04:20:39Z,2026-09-05T06:12:00.000+02:00,N9227110110,N227 (bretelle),75.0,240
2026-09-05T04:20:39Z,2026-09-05T06:12:00.000+02:00,A0025012130,A25,71.0,330
2026-09-05T04:20:39Z,2026-09-05T06:12:00.000+02:00,A0027010210,A27,90.0,130
2026-09-05T04:20:39Z,2026-09-05T06:12:00.000+02:00,A0025011050,A25,92.0,180
2026-09-05T04:20:39Z,2026-09-05T06:12:00.000+02:00,A0025012140,A25,71.0,350
2026-09-05T04:20:39Z,2026-09-05T06:12:00.000+02:00,A0027010421,A27,93.0,260
2026-09-05T04:20:39Z,2026-09-05T06:12:00.000+02:00,A0022012420,A22,93.0,470
2026-09-05T04:20:39Z,2026-09-05T06:12:00.000+02:00,A0027010430,A27,94.0,270
2026-09-05T04:20:39Z,2026-09-05T06:12:00.000+02:00,A0023020710,A23,105.0,450
2026-09-05T04:20:39Z,2026-09-05T06:12:00.000+02:00,A0022012430,A22,94.0,460
2026-09-05T04:20:39Z,2026-09-05T06:12:00.000+02:00,A0025012160,A25,122.0,310
2026-09-05T04:20:39Z,2026-09-05T06:12:00.000+02:00,A9022021200,A22 (rocade),61.0,100
2026-09-05T04:20:39Z,2026-09-05T06:12:00.000+02:00,A0001021100,A1,89.0,1130
2026-09-05T04:20:39Z,2026-09-05T06:12:00.000+02:00,A9022101000,A22 (rocade),,150
2026-09-05T04:20:39Z,2026-09-05T06:12:00.000+02:00,A0025013020,A25,104.0,210
2026-09-05T04:20:39Z,2026-09-05T06:12:00.000+02:00,A0027010410,A27,93.0,260
2026-09-05T04:20:39Z,2026-09-05T06:12:00.000+02:00,A0022012410,A22,93.0,480
2026-09-05T04:20:39Z,2026-09-05T06:12:00.000+02:00,A0001A20112,A1,92.0,690
2026-09-05T04:20:39Z,2026-09-05T06:12:00.000+02:00,A0001A20111,A1,89.0,330
2026-09-05T04:20:39Z,2026-09-05T06:12:00.000+02:00,A0025010320,A25,75.0,500
2026-09-05T04:20:39Z,2026-09-05T06:12:00.000+02:00,A0025022540,A25,109.0,390
2026-09-05T04:20:39Z,2026-09-05T06:12:00.000+02:00,A0025022300,A25,111.0,380
2026-09-05T04:20:39Z,2026-09-05T06:12:00.000+02:00,N0356021000,N356,74.0,950
2026-09-05T04:20:39Z,2026-09-05T06:12:00.000+02:00,A22TC010102,A22 (contournement),90.0,300
2026-09-05T04:20:39Z,2026-09-05T06:12:00.000+02:00,A0001011503,A1,89.0,1660
2026-09-05T04:20:39Z,2026-09-05T06:12:00.000+02:00,A0022012200,A22,85.0,410
2026-09-05T04:20:39Z,2026-09-05T06:12:00.000+02:00,A22TC020102,A22 (contournement),87.0,660
2026-09-05T04:20:39Z,2026-09-05T06:12:00.000+02:00,A22TC010300,A22 (contournement),85.0,490
2026-09-05T04:20:39Z,2026-09-05T06:12:00.000+02:00,A0022012010,A22,84.0,330
2026-09-05T04:20:39Z,2026-09-05T06:12:00.000+02:00,A0022012020,A22,84.0,330
2026-09-05T04:20:39Z,2026-09-05T06:12:00.000+02:00,A0025022130,A25,121.0,590
2026-09-05T04:20:39Z,2026-09-05T06:12:00.000+02:00,A0023010520,A23,105.0,150
2026-09-05T04:20:39Z,2026-09-05T06:12:00.000+02:00,N0041020800,N41,98.0,300
2026-09-05T04:20:39Z,2026-09-05T06:12:00.000+02:00,A0025010500,A25,71.0,580
2026-09-05T04:20:39Z,2026-09-05T06:12:00.000+02:00,A0022020901,A22,70.0,400
2026-09-05T04:20:39Z,2026-09-05T06:12:00.000+02:00,A0022020902,A22,70.0,290
2026-09-05T04:20:39Z,2026-09-05T06:12:00.000+02:00,A0025020310,A25,72.0,670
2026-09-05T04:20:39Z,2026-09-05T06:12:00.000+02:00,A0022021810,A22,84.0,740
2026-09-05T04:20:39Z,2026-09-05T06:12:00.000+02:00,N0356011100,N356,75.0,560
2026-09-05T04:20:39Z,2026-09-05T06:12:00.000+02:00,A0022021820,A22,84.0,740
2026-09-05T04:20:39Z,2026-09-05T06:12:00.000+02:00,N0356020802,N356,73.0,930
2026-09-05T04:20:39Z,2026-09-05T06:12:00.000+02:00,A0025020102,A25,72.0,360
2026-09-05T04:20:39Z,2026-09-05T06:12:00.000+02:00,A0025010310,A25,79.0,860
2026-09-05T04:20:39Z,2026-09-05T06:12:00.000+02:00,A0023010100,A23,90.0,130
2026-09-05T04:20:39Z,2026-09-05T06:12:00.000+02:00,A0025022530,A25,111.0,430
2026-09-05T04:20:39Z,2026-09-05T06:12:00.000+02:00,A9001210200,A1 (bretelle),72.0,350
2026-09-05T04:20:39Z,2026-09-05T06:12:00.000+02:00,A0022010700,A22,90.0,350
2026-09-05T04:20:39Z,2026-09-05T06:12:00.000+02:00,N0041020400,N41,94.0,370
2026-09-05T04:20:39Z,2026-09-05T06:12:00.000+02:00,A0023020720,A23,110.0,410
2026-09-05T04:20:39Z,2026-09-05T06:12:00.000+02:00,A0022020500,A22,70.0,290
2026-09-05T04:20:39Z,2026-09-05T06:12:00.000+02:00,A0025020950,A25,93.0,940
2026-09-05T04:20:39Z,2026-09-05T06:12:00.000+02:00,A0023020300,A23,95.0,230
2026-09-05T04:20:39Z,2026-09-05T06:12:00.000+02:00,A0001011000,A1,87.0,1050
2026-09-05T04:20:39Z,2026-09-05T06:12:00.000+02:00,A0027020500,A27,92.0,290
2026-09-05T04:20:39Z,2026-09-05T06:12:00.000+02:00,N0356011500,N356,80.0,600
2026-09-05T04:20:39Z,2026-09-05T06:12:00.000+02:00,A0001010150,A1,102.0,1120
2026-09-05T04:20:39Z,2026-09-05T06:12:00.000+02:00,N0356020400,N356,79.0,400
2026-09-05T04:20:39Z,2026-09-05T06:12:00.000+02:00,N0041020600,N41,101.0,260
2026-09-05T04:20:39Z,2026-09-05T06:12:00.000+02:00,A0025010700,A25,65.0,490
2026-09-05T04:20:39Z,2026-09-05T06:12:00.000+02:00,A0002011230,A2,111.0,700
2026-09-05T04:20:39Z,2026-09-05T06:12:00.000+02:00,A0025020500,A25,76.0,690
2026-09-05T04:20:39Z,2026-09-05T06:12:00.000+02:00,A0002021290,A2,107.0,880
2026-09-05T04:20:39Z,2026-09-05T06:12:00.000+02:00,A0022011600,A22,87.0,330
2026-09-05T04:30:33Z,2026-09-05T06:24:00.000+02:00,A0001011200,A1,82.0,1290
2026-09-05T04:30:33Z,2026-09-05T06:24:00.000+02:00,A0027010102,A27,88.0,740
2026-09-05T04:30:33Z,2026-09-05T06:24:00.000+02:00,N0041010100,N41,89.0,500
2026-09-05T04:30:33Z,2026-09-05T06:24:00.000+02:00,A0027010101,A27,88.0,740
2026-09-05T04:30:33Z,2026-09-05T06:24:00.000+02:00,A0001020150,A1,104.0,1260
2026-09-05T04:30:33Z,2026-09-05T06:24:00.000+02:00,N0356011700,N356,75.0,730
2026-09-05T04:30:33Z,2026-09-05T06:24:00.000+02:00,N9227110200,N227 (bretelle),73.0,10
2026-09-05T04:30:33Z,2026-09-05T06:24:00.000+02:00,N0356021300,N356,68.0,1160
2026-09-05T04:30:33Z,2026-09-05T06:24:00.000+02:00,A0022011400,A22,75.0,60
2026-09-05T04:30:33Z,2026-09-05T06:24:00.000+02:00,A0027010300,A27,88.0,250
2026-09-05T04:30:33Z,2026-09-05T06:24:00.000+02:00,A9022020250,A22 (rocade),61.0,270
2026-09-05T04:30:33Z,2026-09-05T06:24:00.000+02:00,N0041010300,N41,93.0,760
2026-09-05T04:30:33Z,2026-09-05T06:24:00.000+02:00,A0022011210,A22,86.0,40
2026-09-05T04:30:33Z,2026-09-05T06:24:00.000+02:00,A0027020100,A27,72.0,220
2026-09-05T04:30:33Z,2026-09-05T06:24:00.000+02:00,A0001010300,A1,100.0,1320
2026-09-05T04:30:33Z,2026-09-05T06:24:00.000+02:00,A0022011220,A22,86.0,40
2026-09-05T04:30:33Z,2026-09-05T06:24:00.000+02:00,A9022101110,A22 (rocade),82.0,270
2026-09-05T04:30:33Z,2026-09-05T06:24:00.000+02:00,A0022022110,A22,85.0,1290
2026-09-05T04:30:33Z,2026-09-05T06:24:00.000+02:00,N0356010800,N356,74.0,820
2026-09-05T04:30:33Z,2026-09-05T06:24:00.000+02:00,A9001210710,A1 (bretelle),78.0,240
2026-09-05T04:30:33Z,2026-09-05T06:24:00.000+02:00,N0356021110,N356,73.0,1170
2026-09-05T04:30:33Z,2026-09-05T06:24:00.000+02:00,A0001010510,A1,100.0,1300
2026-09-05T04:30:33Z,2026-09-05T06:24:00.000+02:00,N0356021122,N356,67.0,1090
2026-09-05T04:30:33Z,2026-09-05T06:24:00.000+02:00,N0356021121,N356,73.0,1170
2026-09-05T04:30:33Z,2026-09-05T06:24:00.000+02:00,A0025010210,A25,78.0,1810
2026-09-05T04:30:33Z,2026-09-05T06:24:00.000+02:00,A0025011300,A25,85.0,290
2026-09-05T04:30:33Z,2026-09-05T06:24:00.000+02:00,A0001020300,A1,107.0,1180
2026-09-05T04:30:33Z,2026-09-05T06:24:00.000+02:00,A0025021100,A25,92.0,910
2026-09-05T04:30:33Z,2026-09-05T06:24:00.000+02:00,A0025023520,A25,112.0,380
2026-09-05T04:30:33Z,2026-09-05T06:24:00.000+02:00,A0022022130,A22,79.0,1210
2026-09-05T04:30:33Z,2026-09-05T06:24:00.000+02:00,A0025010220,A25,78.0,1810
2026-09-05T04:30:33Z,2026-09-05T06:24:00.000+02:00,A0022022120,A22,87.0,1290
2026-09-05T04:30:33Z,2026-09-05T06:24:00.000+02:00,A0001010520,A1,102.0,1370
2026-09-05T04:30:33Z,2026-09-05T06:24:00.000+02:00,A0022011000,A22,77.0,340
2026-09-05T04:30:33Z,2026-09-05T06:24:00.000+02:00,A0001020510,A1,101.0,1310
2026-09-05T04:30:33Z,2026-09-05T06:24:00.000+02:00,A0001021602,A1,85.0,1660
2026-09-05T04:30:33Z,2026-09-05T06:24:00.000+02:00,A22TC020222,A22 (contournement),81.0,420
2026-09-05T04:30:33Z,2026-09-05T06:24:00.000+02:00,A0001010940,A1,101.0,1390
2026-09-05T04:30:33Z,2026-09-05T06:24:00.000+02:00,A0025023320,A25,110.0,530
2026-09-05T04:30:33Z,2026-09-05T06:24:00.000+02:00,A0001020520,A1,96.0,1360
2026-09-05T04:30:33Z,2026-09-05T06:24:00.000+02:00,A0025023100,A25,110.0,460
2026-09-05T04:30:33Z,2026-09-05T06:24:00.000+02:00,A22TC020230,A22 (contournement),81.0,420
2026-09-05T04:30:33Z,2026-09-05T06:24:00.000+02:00,A0025021730,A25,91.0,1060
2026-09-05T04:30:33Z,2026-09-05T06:24:00.000+02:00,A0025023910,A25,108.0,320
2026-09-05T04:30:33Z,2026-09-05T06:24:00.000+02:00,A0025021735,A25,107.0,1090
2026-09-05T04:30:33Z,2026-09-05T06:24:00.000+02:00,A0023010400,A23,104.0,240
2026-09-05T04:30:33Z,2026-09-05T06:24:00.000+02:00,A0022021900,A22,80.0,1250
2026-09-05T04:30:33Z,2026-09-05T06:24:00.000+02:00,A9022100500,A22 (rocade),79.0,460
2026-09-05T04:30:33Z,2026-09-05T06:24:00.000+02:00,A0001020940,A1,91.0,1240
2026-09-05T04:30:33Z,2026-09-05T06:24:00.000+02:00,A0001020700,A1,92.0,1190
2026-09-05T04:30:33Z,2026-09-05T06:24:00.000+02:00,A9022020830,A22 (rocade),83.0,20
2026-09-05T04:30:33Z,2026-09-05T06:24:00.000+02:00,A9022020822,A22 (rocade),134.0,970
2026-09-05T04:30:33Z,2026-09-05T06:24:00.000+02:00,A9022020821,A22 (rocade),134.0,970
2026-09-05T04:30:33Z,2026-09-05T06:24:00.000+02:00,A0025020420,A25,74.0,1130
2026-09-05T04:30:33Z,2026-09-05T06:24:00.000+02:00,A0025021510,A25,91.0,30
2026-09-05T04:30:33Z,2026-09-05T06:24:00.000+02:00,N0227010100,N227,66.0,220
2026-09-05T04:30:33Z,2026-09-05T06:24:00.000+02:00,A0025011720,A25,98.0,560
2026-09-05T04:30:33Z,2026-09-05T06:24:00.000+02:00,A0025021760,A25,91.0,1090
2026-09-05T04:30:33Z,2026-09-05T06:24:00.000+02:00,A0025011730,A25,87.0,560
2026-09-05T04:30:33Z,2026-09-05T06:24:00.000+02:00,A0025011735,A25,99.0,560
2026-09-05T04:30:33Z,2026-09-05T06:24:00.000+02:00,A9025080700,A25 (bretelle),,270
2026-09-05T04:30:33Z,2026-09-05T06:24:00.000+02:00,A9022100930,A22 (rocade),78.0,50
2026-09-05T04:30:33Z,2026-09-05T06:24:00.000+02:00,N0356011220,N356,75.0,750
2026-09-05T04:30:33Z,2026-09-05T06:24:00.000+02:00,A0025011740,A25,84.0,580
2026-09-05T04:30:33Z,2026-09-05T06:24:00.000+02:00,A0025010410,A25,79.0,1200
2026-09-05T04:30:33Z,2026-09-05T06:24:00.000+02:00,A0023010200,A23,90.0,200
2026-09-05T04:30:33Z,2026-09-05T06:24:00.000+02:00,A9001210120,A1 (bretelle),80.0,130
2026-09-05T04:30:33Z,2026-09-05T06:24:00.000+02:00,A0025020210,A25,77.0,1300
2026-09-05T04:30:33Z,2026-09-05T06:24:00.000+02:00,N0356011210,N356,75.0,750
2026-09-05T04:30:33Z,2026-09-05T06:24:00.000+02:00,A0025011510,A25,89.0,360
2026-09-05T04:30:33Z,2026-09-05T06:24:00.000+02:00,A0025020220,A25,77.0,1300
2026-09-05T04:30:33Z,2026-09-05T06:24:00.000+02:00,N0227010302,N227,79.0,640
2026-09-05T04:30:33Z,2026-09-05T06:24:00.000+02:00,N0041010500,N41,84.0,670
2026-09-05T04:30:33Z,2026-09-05T06:24:00.000+02:00,N0227020101,N227,88.0,790
2026-09-05T04:30:33Z,2026-09-05T06:24:00.000+02:00,A9022100110,A22 (rocade),72.0,140
2026-09-05T04:30:33Z,2026-09-05T06:24:00.000+02:00,A0022010400,A22,73.0,440
2026-09-05T04:30:33Z,2026-09-05T06:24:00.000+02:00,N0356010302,N356,75.0,1570
2026-09-05T04:30:33Z,2026-09-05T06:24:00.000+02:00,A0025010800,A25,81.0,460
2026-09-05T04:30:33Z,2026-09-05T06:24:00.000+02:00,A0027020621,A27,95.0,390
2026-09-05T04:30:33Z,2026-09-05T06:24:00.000+02:00,N0041010700,N41,82.0,150
2026-09-05T04:30:33Z,2026-09-05T06:24:00.000+02:00,A0027020630,A27,98.0,380
2026-09-05T04:30:33Z,2026-09-05T06:24:00.000+02:00,A0022021512,A22,79.0,940
2026-09-05T04:30:33Z,2026-09-05T06:24:00.000+02:00,A0022021511,A22,81.0,920
2026-09-05T04:30:33Z,2026-09-05T06:24:00.000+02:00,A0027020610,A27,95.0,390
2026-09-05T04:30:33Z,2026-09-05T06:24:00.000+02:00,A0025021720,A25,104.0,1000
2026-09-05T04:30:33Z,2026-09-05T06:24:00.000+02:00,A0022021520,A22,79.0,940
2026-09-05T04:30:33Z,2026-09-05T06:24:00.000+02:00,A0025022140,A25,113.0,840
2026-09-05T04:30:33Z,2026-09-05T06:24:00.000+02:00,A0022011302,A22,78.0,230
2026-09-05T04:30:33Z,2026-09-05T06:24:00.000+02:00,A0025022160,A25,109.0,880
2026-09-05T04:30:33Z,2026-09-05T06:24:00.000+02:00,A9025060104,A25 (bretelle),71.0,450
2026-09-05T04:30:33Z,2026-09-05T06:24:00.000+02:00,A0027010201,A27,89.0,430
2026-09-05T04:30:33Z,2026-09-05T06:24:00.000+02:00,A0027010202,A27,81.0,140
2026-09-05T04:30:33Z,2026-09-05T06:24:00.000+02:00,N9227110110,N227 (bretelle),74.0,200
2026-09-05T04:30:33Z,2026-09-05T06:24:00.000+02:00,A0025012130,A25,91.0,350
2026-09-05T04:30:33Z,2026-09-05T06:24:00.000+02:00,A0027010210,A27,81.0,140
2026-09-05T04:30:33Z,2026-09-05T06:24:00.000+02:00,A0025011050,A25,89.0,220
2026-09-05T04:30:33Z,2026-09-05T06:24:00.000+02:00,A0025012140,A25,91.0,410
2026-09-05T04:30:33Z,2026-09-05T06:24:00.000+02:00,A0027010421,A27,93.0,270
2026-09-05T04:30:33Z,2026-09-05T06:24:00.000+02:00,A0022012420,A22,96.0,510
2026-09-05T04:30:33Z,2026-09-05T06:24:00.000+02:00,A0027010430,A27,96.0,290
2026-09-05T04:30:33Z,2026-09-05T06:24:00.000+02:00,A0023020710,A23,105.0,470
2026-09-05T04:30:33Z,2026-09-05T06:24:00.000+02:00,A0022012430,A22,93.0,520
2026-09-05T04:30:33Z,2026-09-05T06:24:00.000+02:00,A0025012160,A25,114.0,410
2026-09-05T04:30:33Z,2026-09-05T06:24:00.000+02:00,A9022021200,A22 (rocade),66.0,10
2026-09-05T04:30:33Z,2026-09-05T06:24:00.000+02:00,A0001021100,A1,89.0,1300
2026-09-05T04:30:33Z,2026-09-05T06:24:00.000+02:00,A9022101000,A22 (rocade),66.0,210
2026-09-05T04:30:33Z,2026-09-05T06:24:00.000+02:00,A0025013020,A25,111.0,390
2026-09-05T04:30:33Z,2026-09-05T06:24:00.000+02:00,A0027010410,A27,93.0,270
2026-09-05T04:30:33Z,2026-09-05T06:24:00.000+02:00,A0022012410,A22,96.0,540
2026-09-05T04:30:33Z,2026-09-05T06:24:00.000+02:00,A0001A20112,A1,93.0,770
2026-09-05T04:30:33Z,2026-09-05T06:24:00.000+02:00,A0001A20111,A1,81.0,330
2026-09-05T04:30:33Z,2026-09-05T06:24:00.000+02:00,A0025010320,A25,76.0,630
2026-09-05T04:30:33Z,2026-09-05T06:24:00.000+02:00,A0025022540,A25,110.0,610
2026-09-05T04:30:33Z,2026-09-05T06:24:00.000+02:00,A0025022300,A25,109.0,520
2026-09-05T04:30:33Z,2026-09-05T06:24:00.000+02:00,N0356021000,N356,74.0,1030
2026-09-05T04:30:33Z,2026-09-05T06:24:00.000+02:00,A22TC010102,A22 (contournement),85.0,320
2026-09-05T04:30:33Z,2026-09-05T06:24:00.000+02:00,A0001011503,A1,90.0,1950
2026-09-05T04:30:33Z,2026-09-05T06:24:00.000+02:00,A0022012200,A22,86.0,480
2026-09-05T04:30:33Z,2026-09-05T06:24:00.000+02:00,A22TC020102,A22 (contournement),88.0,760
2026-09-05T04:30:33Z,2026-09-05T06:24:00.000+02:00,A22TC010300,A22 (contournement),86.0,540
2026-09-05T04:30:33Z,2026-09-05T06:24:00.000+02:00,A0022012010,A22,87.0,320
2026-09-05T04:30:33Z,2026-09-05T06:24:00.000+02:00,A0022012020,A22,87.0,320
2026-09-05T04:30:33Z,2026-09-05T06:24:00.000+02:00,A0025022130,A25,129.0,860
2026-09-05T04:30:33Z,2026-09-05T06:24:00.000+02:00,A0023010520,A23,106.0,240
2026-09-05T04:30:33Z,2026-09-05T06:24:00.000+02:00,N0041020800,N41,99.0,220
2026-09-05T04:30:33Z,2026-09-05T06:24:00.000+02:00,A0025010500,A25,73.0,560
2026-09-05T04:30:33Z,2026-09-05T06:24:00.000+02:00,A0022020901,A22,80.0,580
2026-09-05T04:30:33Z,2026-09-05T06:24:00.000+02:00,A0022020902,A22,80.0,650
2026-09-05T04:30:33Z,2026-09-05T06:24:00.000+02:00,A0025020310,A25,75.0,900
2026-09-05T04:30:33Z,2026-09-05T06:24:00.000+02:00,A0022021810,A22,80.0,1140
2026-09-05T04:30:33Z,2026-09-05T06:24:00.000+02:00,N0356011100,N356,73.0,780
2026-09-05T04:30:33Z,2026-09-05T06:24:00.000+02:00,A0022021820,A22,80.0,1140
2026-09-05T04:30:33Z,2026-09-05T06:24:00.000+02:00,N0356020802,N356,72.0,1230
2026-09-05T04:30:33Z,2026-09-05T06:24:00.000+02:00,A0025020102,A25,75.0,190
2026-09-05T04:30:33Z,2026-09-05T06:24:00.000+02:00,A0025010310,A25,79.0,1070
2026-09-05T04:30:33Z,2026-09-05T06:24:00.000+02:00,A0023010100,A23,90.0,160
2026-09-05T04:30:33Z,2026-09-05T06:24:00.000+02:00,A0025022530,A25,110.0,590
2026-09-05T04:30:33Z,2026-09-05T06:24:00.000+02:00,A9001210200,A1 (bretelle),70.0,430
2026-09-05T04:30:33Z,2026-09-05T06:24:00.000+02:00,A0022010700,A22,77.0,300
2026-09-05T04:30:33Z,2026-09-05T06:24:00.000+02:00,N0041020400,N41,94.0,370
2026-09-05T04:30:33Z,2026-09-05T06:24:00.000+02:00,A0023020720,A23,116.0,480
2026-09-05T04:30:33Z,2026-09-05T06:24:00.000+02:00,A0022020500,A22,80.0,380
2026-09-05T04:30:33Z,2026-09-05T06:24:00.000+02:00,N93563b0150,N356 (bretelle),67.0,10
2026-09-05T04:30:33Z,2026-09-05T06:24:00.000+02:00,A0025020950,A25,93.0,1470
2026-09-05T04:30:33Z,2026-09-05T06:24:00.000+02:00,A0023020300,A23,96.0,220
2026-09-05T04:30:33Z,2026-09-05T06:24:00.000+02:00,A0001011000,A1,87.0,1230
2026-09-05T04:30:33Z,2026-09-05T06:24:00.000+02:00,A0027020500,A27,86.0,280
2026-09-05T04:30:33Z,2026-09-05T06:24:00.000+02:00,N0356011500,N356,71.0,760
2026-09-05T04:30:33Z,2026-09-05T06:24:00.000+02:00,A0001010150,A1,101.0,1320
2026-09-05T04:30:33Z,2026-09-05T06:24:00.000+02:00,N0356020400,N356,75.0,590
2026-09-05T04:30:33Z,2026-09-05T06:24:00.000+02:00,N0041020600,N41,99.0,300
2026-09-05T04:30:33Z,2026-09-05T06:24:00.000+02:00,A0025010700,A25,80.0,440
2026-09-05T04:30:33Z,2026-09-05T06:24:00.000+02:00,A0002011230,A2,107.0,830
2026-09-05T04:30:33Z,2026-09-05T06:24:00.000+02:00,A0025020500,A25,74.0,970
2026-09-05T04:30:33Z,2026-09-05T06:24:00.000+02:00,A0002021290,A2,107.0,960
2026-09-05T04:30:33Z,2026-09-05T06:24:00.000+02:00,A0022011600,A22,85.0,320
2026-09-05T04:40:34Z,2026-09-05T06:30:00.000+02:00,A0001011200,A1,82.0,1340
2026-09-05T04:40:34Z,2026-09-05T06:30:00.000+02:00,A0027010102,A27,88.0,830
2026-09-05T04:40:34Z,2026-09-05T06:30:00.000+02:00,N0041010100,N41,88.0,450
2026-09-05T04:40:34Z,2026-09-05T06:30:00.000+02:00,A0027010101,A27,88.0,830
2026-09-05T04:40:34Z,2026-09-05T06:30:00.000+02:00,A0001020150,A1,102.0,1400
2026-09-05T04:40:34Z,2026-09-05T06:30:00.000+02:00,N0356011700,N356,76.0,740
2026-09-05T04:40:34Z,2026-09-05T06:30:00.000+02:00,N0356021300,N356,69.0,1330
2026-09-05T04:40:34Z,2026-09-05T06:30:00.000+02:00,A0022011400,A22,78.0,120
2026-09-05T04:40:34Z,2026-09-05T06:30:00.000+02:00,A0027010300,A27,95.0,200
2026-09-05T04:40:34Z,2026-09-05T06:30:00.000+02:00,A9022020250,A22 (rocade),58.0,140
2026-09-05T04:40:34Z,2026-09-05T06:30:00.000+02:00,N0041010300,N41,95.0,780
2026-09-05T04:40:34Z,2026-09-05T06:30:00.000+02:00,A0022011210,A22,86.0,60
2026-09-05T04:40:34Z,2026-09-05T06:30:00.000+02:00,A0027020100,A27,75.0,230
2026-09-05T04:40:34Z,2026-09-05T06:30:00.000+02:00,A0001010300,A1,88.0,1320
2026-09-05T04:40:34Z,2026-09-05T06:30:00.000+02:00,A0022011220,A22,86.0,60
2026-09-05T04:40:34Z,2026-09-05T06:30:00.000+02:00,A9022101110,A22 (rocade),81.0,310
2026-09-05T04:40:34Z,2026-09-05T06:30:00.000+02:00,A0022022110,A22,87.0,1290
2026-09-05T04:40:34Z,2026-09-05T06:30:00.000+02:00,N0356010800,N356,76.0,770
2026-09-05T04:40:34Z,2026-09-05T06:30:00.000+02:00,A9001210710,A1 (bretelle),75.0,210
2026-09-05T04:40:34Z,2026-09-05T06:30:00.000+02:00,N0356021110,N356,75.0,1420
2026-09-05T04:40:34Z,2026-09-05T06:30:00.000+02:00,A0001010510,A1,88.0,1230
2026-09-05T04:40:34Z,2026-09-05T06:30:00.000+02:00,N0356021122,N356,67.0,1410
2026-09-05T04:40:34Z,2026-09-05T06:30:00.000+02:00,N0356021121,N356,75.0,1420
2026-09-05T04:40:34Z,2026-09-05T06:30:00.000+02:00,A0025010210,A25,78.0,1530
2026-09-05T04:40:34Z,2026-09-05T06:30:00.000+02:00,A0025011300,A25,90.0,400
2026-09-05T04:40:34Z,2026-09-05T06:30:00.000+02:00,A0001020300,A1,103.0,1350
2026-09-05T04:40:34Z,2026-09-05T06:30:00.000+02:00,A0025021100,A25,93.0,900
2026-09-05T04:40:34Z,2026-09-05T06:30:00.000+02:00,A0025023520,A25,110.0,310
2026-09-05T04:40:34Z,2026-09-05T06:30:00.000+02:00,A0022022130,A22,85.0,1270
2026-09-05T04:40:34Z,2026-09-05T06:30:00.000+02:00,A0025010220,A25,78.0,1530
2026-09-05T04:40:34Z,2026-09-05T06:30:00.000+02:00,A0022022120,A22,89.0,1330
2026-09-05T04:40:34Z,2026-09-05T06:30:00.000+02:00,A0001010520,A1,98.0,1320
2026-09-05T04:40:34Z,2026-09-05T06:30:00.000+02:00,A0022011000,A22,78.0,520
2026-09-05T04:40:34Z,2026-09-05T06:30:00.000+02:00,A0001020510,A1,100.0,1360
2026-09-05T04:40:34Z,2026-09-05T06:30:00.000+02:00,A0001021602,A1,89.0,1510
2026-09-05T04:40:34Z,2026-09-05T06:30:00.000+02:00,A22TC020222,A22 (contournement),92.0,560
2026-09-05T04:40:34Z,2026-09-05T06:30:00.000+02:00,A0001010940,A1,95.0,1390
2026-09-05T04:40:34Z,2026-09-05T06:30:00.000+02:00,A0025023320,A25,116.0,460
2026-09-05T04:40:34Z,2026-09-05T06:30:00.000+02:00,A0001020520,A1,98.0,1380
2026-09-05T04:40:34Z,2026-09-05T06:30:00.000+02:00,A0025023100,A25,111.0,500
2026-09-05T04:40:34Z,2026-09-05T06:30:00.000+02:00,A22TC020230,A22 (contournement),92.0,560
2026-09-05T04:40:34Z,2026-09-05T06:30:00.000+02:00,A0025021730,A25,90.0,1080
2026-09-05T04:40:34Z,2026-09-05T06:30:00.000+02:00,A0025023910,A25,115.0,340
2026-09-05T04:40:34Z,2026-09-05T06:30:00.000+02:00,A0025021735,A25,102.0,1130
2026-09-05T04:40:34Z,2026-09-05T06:30:00.000+02:00,A0023010400,A23,109.0,240
2026-09-05T04:40:34Z,2026-09-05T06:30:00.000+02:00,A0022021900,A22,83.0,1040
2026-09-05T04:40:34Z,2026-09-05T06:30:00.000+02:00,A9022100500,A22 (rocade),82.0,320
2026-09-05T04:40:34Z,2026-09-05T06:30:00.000+02:00,A0001020940,A1,89.0,1520
2026-09-05T04:40:34Z,2026-09-05T06:30:00.000+02:00,A0001020700,A1,94.0,1310
2026-09-05T04:40:34Z,2026-09-05T06:30:00.000+02:00,A9022020830,A22 (rocade),82.0,70
2026-09-05T04:40:34Z,2026-09-05T06:30:00.000+02:00,A9022020822,A22 (rocade),106.0,750
2026-09-05T04:40:34Z,2026-09-05T06:30:00.000+02:00,A9022020821,A22 (rocade),106.0,750
2026-09-05T04:40:34Z,2026-09-05T06:30:00.000+02:00,A0025020420,A25,75.0,1150
2026-09-05T04:40:34Z,2026-09-05T06:30:00.000+02:00,A0025021510,A25,101.0,90
2026-09-05T04:40:34Z,2026-09-05T06:30:00.000+02:00,N0227010100,N227,69.0,310
2026-09-05T04:40:34Z,2026-09-05T06:30:00.000+02:00,A0025011720,A25,99.0,540
2026-09-05T04:40:34Z,2026-09-05T06:30:00.000+02:00,A0025021760,A25,87.0,1120
2026-09-05T04:40:34Z,2026-09-05T06:30:00.000+02:00,A0025011730,A25,90.0,520
2026-09-05T04:40:34Z,2026-09-05T06:30:00.000+02:00,A0025011735,A25,103.0,530
2026-09-05T04:40:34Z,2026-09-05T06:30:00.000+02:00,A9025080700,A25 (bretelle),,260
2026-09-05T04:40:34Z,2026-09-05T06:30:00.000+02:00,A9022100930,A22 (rocade),71.0,60
2026-09-05T04:40:34Z,2026-09-05T06:30:00.000+02:00,N0356011220,N356,75.0,730
2026-09-05T04:40:34Z,2026-09-05T06:30:00.000+02:00,A0025011740,A25,88.0,520
2026-09-05T04:40:34Z,2026-09-05T06:30:00.000+02:00,A0025010410,A25,71.0,1240
2026-09-05T04:40:34Z,2026-09-05T06:30:00.000+02:00,A0023010200,A23,92.0,270
2026-09-05T04:40:34Z,2026-09-05T06:30:00.000+02:00,A9001210120,A1 (bretelle),79.0,340
2026-09-05T04:40:34Z,2026-09-05T06:30:00.000+02:00,A0025020210,A25,80.0,1550
2026-09-05T04:40:34Z,2026-09-05T06:30:00.000+02:00,N0356011210,N356,75.0,730
2026-09-05T04:40:34Z,2026-09-05T06:30:00.000+02:00,A0025011510,A25,91.0,470
2026-09-05T04:40:34Z,2026-09-05T06:30:00.000+02:00,A0025020220,A25,80.0,1550
2026-09-05T04:40:34Z,2026-09-05T06:30:00.000+02:00,N0227010302,N227,79.0,540
2026-09-05T04:40:34Z,2026-09-05T06:30:00.000+02:00,N0041010500,N41,89.0,440
2026-09-05T04:40:34Z,2026-09-05T06:30:00.000+02:00,N0227020101,N227,89.0,700
2026-09-05T04:40:34Z,2026-09-05T06:30:00.000+02:00,A9022100110,A22 (rocade),69.0,240
2026-09-05T04:40:34Z,2026-09-05T06:30:00.000+02:00,A0022010400,A22,75.0,530
2026-09-05T04:40:34Z,2026-09-05T06:30:00.000+02:00,N0356010302,N356,75.0,1800
2026-09-05T04:40:34Z,2026-09-05T06:30:00.000+02:00,A0025010800,A25,77.0,450
2026-09-05T04:40:34Z,2026-09-05T06:30:00.000+02:00,A0027020621,A27,102.0,380
2026-09-05T04:40:34Z,2026-09-05T06:30:00.000+02:00,N0041010700,N41,88.0,90
2026-09-05T04:40:34Z,2026-09-05T06:30:00.000+02:00,A0027020630,A27,102.0,390
2026-09-05T04:40:34Z,2026-09-05T06:30:00.000+02:00,A0022021512,A22,80.0,1070
2026-09-05T04:40:34Z,2026-09-05T06:30:00.000+02:00,A0022021511,A22,79.0,1100
2026-09-05T04:40:34Z,2026-09-05T06:30:00.000+02:00,A0027020610,A27,102.0,380
2026-09-05T04:40:34Z,2026-09-05T06:30:00.000+02:00,A0025021720,A25,102.0,1040
2026-09-05T04:40:34Z,2026-09-05T06:30:00.000+02:00,A0022021520,A22,80.0,1070
2026-09-05T04:40:34Z,2026-09-05T06:30:00.000+02:00,A0025022140,A25,112.0,840
2026-09-05T04:40:34Z,2026-09-05T06:30:00.000+02:00,A0022011302,A22,78.0,320
2026-09-05T04:40:34Z,2026-09-05T06:30:00.000+02:00,A0025022160,A25,109.0,900
2026-09-05T04:40:34Z,2026-09-05T06:30:00.000+02:00,A9025060104,A25 (bretelle),73.0,580
2026-09-05T04:40:34Z,2026-09-05T06:30:00.000+02:00,A0027010201,A27,93.0,360
2026-09-05T04:40:34Z,2026-09-05T06:30:00.000+02:00,A0027010202,A27,84.0,210
2026-09-05T04:40:34Z,2026-09-05T06:30:00.000+02:00,N9227110110,N227 (bretelle),76.0,340
2026-09-05T04:40:34Z,2026-09-05T06:30:00.000+02:00,A0025012130,A25,89.0,350
2026-09-05T04:40:34Z,2026-09-05T06:30:00.000+02:00,A0027010210,A27,84.0,210
2026-09-05T04:40:34Z,2026-09-05T06:30:00.000+02:00,A0025011050,A25,86.0,330
2026-09-05T04:40:34Z,2026-09-05T06:30:00.000+02:00,A0025012140,A25,89.0,460
2026-09-05T04:40:34Z,2026-09-05T06:30:00.000+02:00,A0027010421,A27,95.0,250
2026-09-05T04:40:34Z,2026-09-05T06:30:00.000+02:00,A0022012420,A22,94.0,570
2026-09-05T04:40:34Z,2026-09-05T06:30:00.000+02:00,A0027010430,A27,99.0,270
2026-09-05T04:40:34Z,2026-09-05T06:30:00.000+02:00,A0023020710,A23,109.0,400
2026-09-05T04:40:34Z,2026-09-05T06:30:00.000+02:00,A0022012430,A22,95.0,570
2026-09-05T04:40:34Z,2026-09-05T06:30:00.000+02:00,A0025012160,A25,122.0,470
2026-09-05T04:40:34Z,2026-09-05T06:30:00.000+02:00,A9022021200,A22 (rocade),66.0,70
2026-09-05T04:40:34Z,2026-09-05T06:30:00.000+02:00,A0001021100,A1,88.0,1220
2026-09-05T04:40:34Z,2026-09-05T06:30:00.000+02:00,A9022101000,A22 (rocade),66.0,240
2026-09-05T04:40:34Z,2026-09-05T06:30:00.000+02:00,A0025013020,A25,105.0,350
2026-09-05T04:40:34Z,2026-09-05T06:30:00.000+02:00,A0027010410,A27,95.0,250
2026-09-05T04:40:34Z,2026-09-05T06:30:00.000+02:00,A0022012410,A22,95.0,540
2026-09-05T04:40:34Z,2026-09-05T06:30:00.000+02:00,A0001A20112,A1,94.0,570
2026-09-05T04:40:34Z,2026-09-05T06:30:00.000+02:00,A0001A20111,A1,86.0,340
2026-09-05T04:40:34Z,2026-09-05T06:30:00.000+02:00,A0025010320,A25,43.0,690
2026-09-05T04:40:34Z,2026-09-05T06:30:00.000+02:00,A0025022540,A25,114.0,730
2026-09-05T04:40:34Z,2026-09-05T06:30:00.000+02:00,A0025022300,A25,115.0,590
2026-09-05T04:40:34Z,2026-09-05T06:30:00.000+02:00,N0356021000,N356,77.0,1300
2026-09-05T04:40:34Z,2026-09-05T06:30:00.000+02:00,A22TC010102,A22 (contournement),88.0,460
2026-09-05T04:40:34Z,2026-09-05T06:30:00.000+02:00,A0001011503,A1,85.0,1840
2026-09-05T04:40:34Z,2026-09-05T06:30:00.000+02:00,A0022012200,A22,85.0,490
2026-09-05T04:40:34Z,2026-09-05T06:30:00.000+02:00,A22TC020102,A22 (contournement),89.0,610
2026-09-05T04:40:34Z,2026-09-05T06:30:00.000+02:00,A22TC010300,A22 (contournement),88.0,500
2026-09-05T04:40:34Z,2026-09-05T06:30:00.000+02:00,A0022012010,A22,84.0,390
2026-09-05T04:40:34Z,2026-09-05T06:30:00.000+02:00,A0022012020,A22,84.0,390
2026-09-05T04:40:34Z,2026-09-05T06:30:00.000+02:00,A0025022130,A25,125.0,810
2026-09-05T04:40:34Z,2026-09-05T06:30:00.000+02:00,A0023010520,A23,116.0,250
2026-09-05T04:40:34Z,2026-09-05T06:30:00.000+02:00,N0041020800,N41,96.0,320
2026-09-05T04:40:34Z,2026-09-05T06:30:00.000+02:00,A0025010500,A25,71.0,570
2026-09-05T04:40:34Z,2026-09-05T06:30:00.000+02:00,A0022020901,A22,79.0,720
2026-09-05T04:40:34Z,2026-09-05T06:30:00.000+02:00,A0022020902,A22,79.0,770
2026-09-05T04:40:34Z,2026-09-05T06:30:00.000+02:00,A0025020310,A25,78.0,1030
2026-09-05T04:40:34Z,2026-09-05T06:30:00.000+02:00,A0022021810,A22,81.0,990
2026-09-05T04:40:34Z,2026-09-05T06:30:00.000+02:00,N0356011100,N356,75.0,680
2026-09-05T04:40:34Z,2026-09-05T06:30:00.000+02:00,A0022021820,A22,81.0,990
2026-09-05T04:40:34Z,2026-09-05T06:30:00.000+02:00,N0356020802,N356,77.0,1300
2026-09-05T04:40:34Z,2026-09-05T06:30:00.000+02:00,A0025020102,A25,74.0,470
2026-09-05T04:40:34Z,2026-09-05T06:30:00.000+02:00,A0025010310,A25,77.0,930
2026-09-05T04:40:34Z,2026-09-05T06:30:00.000+02:00,A0023010100,A23,90.0,200
2026-09-05T04:40:34Z,2026-09-05T06:30:00.000+02:00,A0025022530,A25,115.0,670
2026-09-05T04:40:34Z,2026-09-05T06:30:00.000+02:00,A9001210200,A1 (bretelle),69.0,480
2026-09-05T04:40:34Z,2026-09-05T06:30:00.000+02:00,A0022010700,A22,78.0,400
2026-09-05T04:40:34Z,2026-09-05T06:30:00.000+02:00,N0041020400,N41,90.0,280
2026-09-05T04:40:34Z,2026-09-05T06:30:00.000+02:00,A0023020720,A23,115.0,380
2026-09-05T04:40:34Z,2026-09-05T06:30:00.000+02:00,A0022020500,A22,79.0,540
2026-09-05T04:40:34Z,2026-09-05T06:30:00.000+02:00,A0025020950,A25,92.0,1280
2026-09-05T04:40:34Z,2026-09-05T06:30:00.000+02:00,A0023020300,A23,106.0,170
2026-09-05T04:40:34Z,2026-09-05T06:30:00.000+02:00,A0001011000,A1,85.0,1230
2026-09-05T04:40:34Z,2026-09-05T06:30:00.000+02:00,A0027020500,A27,91.0,260
2026-09-05T04:40:34Z,2026-09-05T06:30:00.000+02:00,N0356011500,N356,75.0,740
2026-09-05T04:40:34Z,2026-09-05T06:30:00.000+02:00,A0001010150,A1,100.0,1400
2026-09-05T04:40:34Z,2026-09-05T06:30:00.000+02:00,N0356020400,N356,77.0,430
2026-09-05T04:40:34Z,2026-09-05T06:30:00.000+02:00,N0041020600,N41,106.0,230
2026-09-05T04:40:34Z,2026-09-05T06:30:00.000+02:00,A0025010700,A25,72.0,540
2026-09-05T04:40:34Z,2026-09-05T06:30:00.000+02:00,A0002011230,A2,107.0,680
2026-09-05T04:40:34Z,2026-09-05T06:30:00.000+02:00,A0025020500,A25,74.0,820
2026-09-05T04:40:34Z,2026-09-05T06:30:00.000+02:00,A0002021290,A2,105.0,950
2026-09-05T04:40:34Z,2026-09-05T06:30:00.000+02:00,A0022011600,A22,83.0,410
2026-09-05T04:50:31Z,2026-09-05T06:42:00.000+02:00,A0001011200,A1,81.0,1350
2026-09-05T04:50:31Z,2026-09-05T06:42:00.000+02:00,A0027010102,A27,87.0,880
2026-09-05T04:50:31Z,2026-09-05T06:42:00.000+02:00,N0041010100,N41,85.0,390
2026-09-05T04:50:31Z,2026-09-05T06:42:00.000+02:00,A0027010101,A27,87.0,880
2026-09-05T04:50:31Z,2026-09-05T06:42:00.000+02:00,A0001020150,A1,106.0,1320
2026-09-05T04:50:31Z,2026-09-05T06:42:00.000+02:00,N0356011700,N356,76.0,900
2026-09-05T04:50:31Z,2026-09-05T06:42:00.000+02:00,N0356021300,N356,68.0,1610
2026-09-05T04:50:31Z,2026-09-05T06:42:00.000+02:00,A0022011400,A22,83.0,130
2026-09-05T04:50:31Z,2026-09-05T06:42:00.000+02:00,A0027010300,A27,91.0,250
2026-09-05T04:50:31Z,2026-09-05T06:42:00.000+02:00,A9022020250,A22 (rocade),68.0,180
2026-09-05T04:50:31Z,2026-09-05T06:42:00.000+02:00,N0041010300,N41,92.0,650
2026-09-05T04:50:31Z,2026-09-05T06:42:00.000+02:00,A0022011210,A22,93.0,150
2026-09-05T04:50:31Z,2026-09-05T06:42:00.000+02:00,A0027020100,A27,73.0,250
2026-09-05T04:50:31Z,2026-09-05T06:42:00.000+02:00,A0001010300,A1,91.0,1250
2026-09-05T04:50:31Z,2026-09-05T06:42:00.000+02:00,A0022011220,A22,93.0,150
2026-09-05T04:50:31Z,2026-09-05T06:42:00.000+02:00,N0227021400,N227,79.0,20
2026-09-05T04:50:31Z,2026-09-05T06:42:00.000+02:00,A9022101110,A22 (rocade),83.0,420
2026-09-05T04:50:31Z,2026-09-05T06:42:00.000+02:00,A0022022110,A22,91.0,1420
2026-09-05T04:50:31Z,2026-09-05T06:42:00.000+02:00,N0356010800,N356,74.0,920
2026-09-05T04:50:31Z,2026-09-05T06:42:00.000+02:00,A9001210710,A1 (bretelle),71.0,90
2026-09-05T04:50:31Z,2026-09-05T06:42:00.000+02:00,N0356021110,N356,74.0,1540
2026-09-05T04:50:31Z,2026-09-05T06:42:00.000+02:00,A0001010510,A1,91.0,1300
2026-09-05T04:50:31Z,2026-09-05T06:42:00.000+02:00,N0356021122,N356,66.0,1540
2026-09-05T04:50:31Z,2026-09-05T06:42:00.000+02:00,N0356021121,N356,74.0,1540
2026-09-05T04:50:31Z,2026-09-05T06:42:00.000+02:00,A0025010210,A25,77.0,1460
2026-09-05T04:50:31Z,2026-09-05T06:42:00.000+02:00,A0025011300,A25,89.0,290
2026-09-05T04:50:31Z,2026-09-05T06:42:00.000+02:00,A0001020300,A1,107.0,1220
2026-09-05T04:50:31Z,2026-09-05T06:42:00.000+02:00,A0025021100,A25,85.0,930
2026-09-05T04:50:31Z,2026-09-05T06:42:00.000+02:00,A0025023520,A25,112.0,350
2026-09-05T04:50:31Z,2026-09-05T06:42:00.000+02:00,A0022022130,A22,87.0,1360
2026-09-05T04:50:31Z,2026-09-05T06:42:00.000+02:00,A0025010220,A25,77.0,1460
2026-09-05T04:50:31Z,2026-09-05T06:42:00.000+02:00,A0022022120,A22,94.0,1410
2026-09-05T04:50:31Z,2026-09-05T06:42:00.000+02:00,A0001010520,A1,98.0,1440
2026-09-05T04:50:31Z,2026-09-05T06:42:00.000+02:00,A0022011000,A22,91.0,550
2026-09-05T04:50:31Z,2026-09-05T06:42:00.000+02:00,A0001020510,A1,103.0,1410
2026-09-05T04:50:31Z,2026-09-05T06:42:00.000+02:00,A0001021602,A1,85.0,1920
2026-09-05T04:50:31Z,2026-09-05T06:42:00.000+02:00,A22TC020222,A22 (contournement),86.0,700
2026-09-05T04:50:31Z,2026-09-05T06:42:00.000+02:00,A0001010940,A1,93.0,1420
2026-09-05T04:50:31Z,2026-09-05T06:42:00.000+02:00,A0025023320,A25,111.0,550
2026-09-05T04:50:31Z,2026-09-05T06:42:00.000+02:00,A0001020520,A1,96.0,1410
2026-09-05T04:50:31Z,2026-09-05T06:42:00.000+02:00,A0025023100,A25,110.0,430
2026-09-05T04:50:31Z,2026-09-05T06:42:00.000+02:00,A22TC020230,A22 (contournement),86.0,700
2026-09-05T04:50:31Z,2026-09-05T06:42:00.000+02:00,A0025021730,A25,89.0,1030
2026-09-05T04:50:31Z,2026-09-05T06:42:00.000+02:00,A0025023910,A25,114.0,450
2026-09-05T04:50:31Z,2026-09-05T06:42:00.000+02:00,A0025021735,A25,105.0,1000
2026-09-05T04:50:31Z,2026-09-05T06:42:00.000+02:00,A0023010400,A23,105.0,290
2026-09-05T04:50:31Z,2026-09-05T06:42:00.000+02:00,A0022021900,A22,85.0,1260
2026-09-05T04:50:31Z,2026-09-05T06:42:00.000+02:00,A9022100500,A22 (rocade),81.0,490
2026-09-05T04:50:31Z,2026-09-05T06:42:00.000+02:00,A0001020940,A1,89.0,1600
2026-09-05T04:50:31Z,2026-09-05T06:42:00.000+02:00,A0001020700,A1,91.0,1220
2026-09-05T04:50:31Z,2026-09-05T06:42:00.000+02:00,A9022020830,A22 (rocade),89.0,40
2026-09-05T04:50:31Z,2026-09-05T06:42:00.000+02:00,A9022020822,A22 (rocade),75.0,810
2026-09-05T04:50:31Z,2026-09-05T06:42:00.000+02:00,A9022020821,A22 (rocade),75.0,810
2026-09-05T04:50:31Z,2026-09-05T06:42:00.000+02:00,A0025020420,A25,76.0,1240
2026-09-05T04:50:31Z,2026-09-05T06:42:00.000+02:00,A0025021510,A25,104.0,40
2026-09-05T04:50:31Z,2026-09-05T06:42:00.000+02:00,N0227010100,N227,64.0,430
2026-09-05T04:50:31Z,2026-09-05T06:42:00.000+02:00,A0025011720,A25,100.0,520
2026-09-05T04:50:31Z,2026-09-05T06:42:00.000+02:00,A0025021760,A25,90.0,980
2026-09-05T04:50:31Z,2026-09-05T06:42:00.000+02:00,A0025011730,A25,91.0,510
2026-09-05T04:50:31Z,2026-09-05T06:42:00.000+02:00,A0025011735,A25,102.0,520
2026-09-05T04:50:31Z,2026-09-05T06:42:00.000+02:00,A9025080700,A25 (bretelle),,230
2026-09-05T04:50:31Z,2026-09-05T06:42:00.000+02:00,A9022100930,A22 (rocade),82.0,20
2026-09-05T04:50:31Z,2026-09-05T06:42:00.000+02:00,N0356011220,N356,72.0,840
2026-09-05T04:50:31Z,2026-09-05T06:42:00.000+02:00,A0025011740,A25,87.0,460
2026-09-05T04:50:31Z,2026-09-05T06:42:00.000+02:00,A0025010410,A25,72.0,1110
2026-09-05T04:50:31Z,2026-09-05T06:42:00.000+02:00,A0023010200,A23,82.0,330
2026-09-05T04:50:31Z,2026-09-05T06:42:00.000+02:00,A9001210120,A1 (bretelle),77.0,250
2026-09-05T04:50:31Z,2026-09-05T06:42:00.000+02:00,A0025020210,A25,79.0,1700
2026-09-05T04:50:31Z,2026-09-05T06:42:00.000+02:00,N0356011210,N356,72.0,840
2026-09-05T04:50:31Z,2026-09-05T06:42:00.000+02:00,A0025011510,A25,90.0,330
2026-09-05T04:50:31Z,2026-09-05T06:42:00.000+02:00,A0025020220,A25,79.0,1700
2026-09-05T04:50:31Z,2026-09-05T06:42:00.000+02:00,N0227010302,N227,74.0,750
2026-09-05T04:50:31Z,2026-09-05T06:42:00.000+02:00,N0041010500,N41,100.0,570
2026-09-05T04:50:31Z,2026-09-05T06:42:00.000+02:00,N0227020101,N227,89.0,670
2026-09-05T04:50:31Z,2026-09-05T06:42:00.000+02:00,A9022100110,A22 (rocade),70.0,270
2026-09-05T04:50:31Z,2026-09-05T06:42:00.000+02:00,A0022010400,A22,74.0,470
2026-09-05T04:50:31Z,2026-09-05T06:42:00.000+02:00,N0356010302,N356,77.0,1840
2026-09-05T04:50:31Z,2026-09-05T06:42:00.000+02:00,A0025010800,A25,76.0,520
2026-09-05T04:50:31Z,2026-09-05T06:42:00.000+02:00,A0027020621,A27,98.0,380
2026-09-05T04:50:31Z,2026-09-05T06:42:00.000+02:00,N0041010700,N41,85.0,130
2026-09-05T04:50:31Z,2026-09-05T06:42:00.000+02:00,A0027020630,A27,99.0,330
2026-09-05T04:50:31Z,2026-09-05T06:42:00.000+02:00,A0022021512,A22,80.0,1250
2026-09-05T04:50:31Z,2026-09-05T06:42:00.000+02:00,A0022021511,A22,80.0,1210
2026-09-05T04:50:31Z,2026-09-05T06:42:00.000+02:00,A0027020610,A27,98.0,380
2026-09-05T04:50:31Z,2026-09-05T06:42:00.000+02:00,A0025021720,A25,101.0,1120
2026-09-05T04:50:31Z,2026-09-05T06:42:00.000+02:00,A0022021520,A22,80.0,1250
2026-09-05T04:50:31Z,2026-09-05T06:42:00.000+02:00,A0025022140,A25,113.0,870
2026-09-05T04:50:31Z,2026-09-05T06:42:00.000+02:00,A0022011302,A22,78.0,290
2026-09-05T04:50:31Z,2026-09-05T06:42:00.000+02:00,A0025022160,A25,106.0,900
2026-09-05T04:50:31Z,2026-09-05T06:42:00.000+02:00,A9025060104,A25 (bretelle),73.0,550
2026-09-05T04:50:31Z,2026-09-05T06:42:00.000+02:00,A0027010201,A27,91.0,490
2026-09-05T04:50:31Z,2026-09-05T06:42:00.000+02:00,A0027010202,A27,84.0,180
2026-09-05T04:50:31Z,2026-09-05T06:42:00.000+02:00,N9227110110,N227 (bretelle),79.0,240
2026-09-05T04:50:31Z,2026-09-05T06:42:00.000+02:00,A0025012130,A25,95.0,400
2026-09-05T04:50:31Z,2026-09-05T06:42:00.000+02:00,A0027010210,A27,84.0,180
2026-09-05T04:50:31Z,2026-09-05T06:42:00.000+02:00,A0025011050,A25,89.0,250
2026-09-05T04:50:31Z,2026-09-05T06:42:00.000+02:00,A0025012140,A25,95.0,530
2026-09-05T04:50:31Z,2026-09-05T06:42:00.000+02:00,A0027010421,A27,97.0,270
2026-09-05T04:50:31Z,2026-09-05T06:42:00.000+02:00,A0022012420,A22,96.0,670
2026-09-05T04:50:31Z,2026-09-05T06:42:00.000+02:00,A0027010430,A27,100.0,250
2026-09-05T04:50:31Z,2026-09-05T06:42:00.000+02:00,A0023020710,A23,109.0,530
2026-09-05T04:50:31Z,2026-09-05T06:42:00.000+02:00,A0022012430,A22,95.0,690
2026-09-05T04:50:31Z,2026-09-05T06:42:00.000+02:00,A0025012160,A25,119.0,550
2026-09-05T04:50:31Z,2026-09-05T06:42:00.000+02:00,A9022021200,A22 (rocade),63.0,50
2026-09-05T04:50:31Z,2026-09-05T06:42:00.000+02:00,A0001021100,A1,89.0,1470
2026-09-05T04:50:31Z,2026-09-05T06:42:00.000+02:00,A9022101000,A22 (rocade),66.0,300
2026-09-05T04:50:31Z,2026-09-05T06:42:00.000+02:00,A0025013020,A25,105.0,370
2026-09-05T04:50:31Z,2026-09-05T06:42:00.000+02:00,A0027010410,A27,97.0,270
2026-09-05T04:50:31Z,2026-09-05T06:42:00.000+02:00,A0022012410,A22,95.0,660
2026-09-05T04:50:31Z,2026-09-05T06:42:00.000+02:00,A0001A20112,A1,92.0,620
2026-09-05T04:50:31Z,2026-09-05T06:42:00.000+02:00,A0001A20111,A1,97.0,340
2026-09-05T04:50:31Z,2026-09-05T06:42:00.000+02:00,A0025010320,A25,73.0,690
2026-09-05T04:50:31Z,2026-09-05T06:42:00.000+02:00,A0025022540,A25,112.0,570
2026-09-05T04:50:31Z,2026-09-05T06:42:00.000+02:00,A0025022300,A25,112.0,540
2026-09-05T04:50:31Z,2026-09-05T06:42:00.000+02:00,N0356021000,N356,75.0,1420
2026-09-05T04:50:31Z,2026-09-05T06:42:00.000+02:00,A22TC010102,A22 (contournement),86.0,600
2026-09-05T04:50:31Z,2026-09-05T06:42:00.000+02:00,A0001011503,A1,87.0,1760
2026-09-05T04:50:31Z,2026-09-05T06:42:00.000+02:00,A0022012200,A22,88.0,650
2026-09-05T04:50:31Z,2026-09-05T06:42:00.000+02:00,A22TC020102,A22 (contournement),88.0,610
2026-09-05T04:50:31Z,2026-09-05T06:42:00.000+02:00,A22TC010300,A22 (contournement),86.0,570
2026-09-05T04:50:31Z,2026-09-05T06:42:00.000+02:00,A0022012010,A22,86.0,530
2026-09-05T04:50:31Z,2026-09-05T06:42:00.000+02:00,A0022012020,A22,86.0,530
2026-09-05T04:50:31Z,2026-09-05T06:42:00.000+02:00,A0025022130,A25,128.0,780
2026-09-05T04:50:31Z,2026-09-05T06:42:00.000+02:00,A0023010520,A23,116.0,260
2026-09-05T04:50:31Z,2026-09-05T06:42:00.000+02:00,N0041020800,N41,94.0,260
2026-09-05T04:50:31Z,2026-09-05T06:42:00.000+02:00,A0025010500,A25,70.0,600
2026-09-05T04:50:31Z,2026-09-05T06:42:00.000+02:00,A0022020901,A22,90.0,830
2026-09-05T04:50:31Z,2026-09-05T06:42:00.000+02:00,A0022020902,A22,90.0,1140
2026-09-05T04:50:31Z,2026-09-05T06:42:00.000+02:00,A0025020310,A25,86.0,1110
2026-09-05T04:50:31Z,2026-09-05T06:42:00.000+02:00,A0022021810,A22,85.0,1170
2026-09-05T04:50:31Z,2026-09-05T06:42:00.000+02:00,N0356011100,N356,74.0,800
2026-09-05T04:50:31Z,2026-09-05T06:42:00.000+02:00,A0022021820,A22,85.0,1170
2026-09-05T04:50:31Z,2026-09-05T06:42:00.000+02:00,N0356020802,N356,72.0,1610
2026-09-05T04:50:31Z,2026-09-05T06:42:00.000+02:00,A0025020102,A25,70.0,60
2026-09-05T04:50:31Z,2026-09-05T06:42:00.000+02:00,A0025010310,A25,78.0,870
2026-09-05T04:50:31Z,2026-09-05T06:42:00.000+02:00,A0023010100,A23,,210
2026-09-05T04:50:31Z,2026-09-05T06:42:00.000+02:00,A0025022530,A25,116.0,590
2026-09-05T04:50:31Z,2026-09-05T06:42:00.000+02:00,A9001210200,A1 (bretelle),71.0,530
2026-09-05T04:50:31Z,2026-09-05T06:42:00.000+02:00,A0022010700,A22,91.0,390
2026-09-05T04:50:31Z,2026-09-05T06:42:00.000+02:00,N0041020400,N41,95.0,420
2026-09-05T04:50:31Z,2026-09-05T06:42:00.000+02:00,A0023020720,A23,118.0,560
2026-09-05T04:50:31Z,2026-09-05T06:42:00.000+02:00,A0022020500,A22,90.0,650
2026-09-05T04:50:31Z,2026-09-05T06:42:00.000+02:00,N93563b0150,N356 (bretelle),61.0,10
2026-09-05T04:50:31Z,2026-09-05T06:42:00.000+02:00,A0025020950,A25,92.0,1340
2026-09-05T04:50:31Z,2026-09-05T06:42:00.000+02:00,A0023020300,A23,78.0,270
2026-09-05T04:50:31Z,2026-09-05T06:42:00.000+02:00,A0001011000,A1,86.0,1250
2026-09-05T04:50:31Z,2026-09-05T06:42:00.000+02:00,A0027020500,A27,91.0,280
2026-09-05T04:50:31Z,2026-09-05T06:42:00.000+02:00,N0356011500,N356,72.0,950
2026-09-05T04:50:31Z,2026-09-05T06:42:00.000+02:00,A0001010150,A1,104.0,1200
2026-09-05T04:50:31Z,2026-09-05T06:42:00.000+02:00,N0356020400,N356,69.0,560
2026-09-05T04:50:31Z,2026-09-05T06:42:00.000+02:00,N0041020600,N41,100.0,260
2026-09-05T04:50:31Z,2026-09-05T06:42:00.000+02:00,A0025010700,A25,71.0,580
2026-09-05T04:50:31Z,2026-09-05T06:42:00.000+02:00,A0002011230,A2,111.0,620
2026-09-05T04:50:31Z,2026-09-05T06:42:00.000+02:00,A0025020500,A25,75.0,950
2026-09-05T04:50:31Z,2026-09-05T06:42:00.000+02:00,A0002021290,A2,104.0,1020
2026-09-05T04:50:31Z,2026-09-05T06:42:00.000+02:00,A0022011600,A22,85.0,520
2026-09-05T05:00:32Z,2026-09-05T06:54:00.000+02:00,A0001011200,A1,83.0,1410
2026-09-05T05:00:32Z,2026-09-05T06:54:00.000+02:00,A0027010102,A27,80.0,830
2026-09-05T05:00:32Z,2026-09-05T06:54:00.000+02:00,N0041010100,N41,88.0,430
2026-09-05T05:00:32Z,2026-09-05T06:54:00.000+02:00,A0027010101,A27,80.0,830
2026-09-05T05:00:32Z,2026-09-05T06:54:00.000+02:00,A0001020150,A1,102.0,1410
2026-09-05T05:00:32Z,2026-09-05T06:54:00.000+02:00,N0356011700,N356,76.0,870
2026-09-05T05:00:32Z,2026-09-05T06:54:00.000+02:00,N9227110200,N227 (bretelle),95.0,20
2026-09-05T05:00:32Z,2026-09-05T06:54:00.000+02:00,N0356021300,N356,69.0,1280
2026-09-05T05:00:32Z,2026-09-05T06:54:00.000+02:00,A0022011400,A22,84.0,140
2026-09-05T05:00:32Z,2026-09-05T06:54:00.000+02:00,A0027010300,A27,91.0,320
2026-09-05T05:00:32Z,2026-09-05T06:54:00.000+02:00,A9022020250,A22 (rocade),51.0,200
2026-09-05T05:00:32Z,2026-09-05T06:54:00.000+02:00,N0041010300,N41,94.0,710
2026-09-05T05:00:32Z,2026-09-05T06:54:00.000+02:00,A0022011210,A22,88.0,90
2026-09-05T05:00:32Z,2026-09-05T06:54:00.000+02:00,A0027020100,A27,75.0,380
2026-09-05T05:00:32Z,2026-09-05T06:54:00.000+02:00,A0001010300,A1,110.0,1060
2026-09-05T05:00:32Z,2026-09-05T06:54:00.000+02:00,A0022011220,A22,88.0,90
2026-09-05T05:00:32Z,2026-09-05T06:54:00.000+02:00,N0227021400,N227,74.0,10
2026-09-05T05:00:32Z,2026-09-05T06:54:00.000+02:00,A9022101110,A22 (rocade),82.0,390
2026-09-05T05:00:32Z,2026-09-05T06:54:00.000+02:00,A0022022110,A22,88.0,1570
2026-09-05T05:00:32Z,2026-09-05T06:54:00.000+02:00,N0356010800,N356,75.0,1020
2026-09-05T05:00:32Z,2026-09-05T06:54:00.000+02:00,A9001210710,A1 (bretelle),69.0,90
2026-09-05T05:00:32Z,2026-09-05T06:54:00.000+02:00,N0356021110,N356,74.0,1320
2026-09-05T05:00:32Z,2026-09-05T06:54:00.000+02:00,A0001010510,A1,110.0,1190
2026-09-05T05:00:32Z,2026-09-05T06:54:00.000+02:00,N0356021122,N356,67.0,1230
2026-09-05T05:00:32Z,2026-09-05T06:54:00.000+02:00,N0356021121,N356,74.0,1320
2026-09-05T05:00:32Z,2026-09-05T06:54:00.000+02:00,A0025010210,A25,78.0,1530
2026-09-05T05:00:32Z,2026-09-05T06:54:00.000+02:00,A0025011300,A25,88.0,280
2026-09-05T05:00:32Z,2026-09-05T06:54:00.000+02:00,A0001020300,A1,108.0,1340
2026-09-05T05:00:32Z,2026-09-05T06:54:00.000+02:00,A0025021100,A25,87.0,840
2026-09-05T05:00:32Z,2026-09-05T06:54:00.000+02:00,A0025023520,A25,113.0,470
2026-09-05T05:00:32Z,2026-09-05T06:54:00.000+02:00,A0022022130,A22,86.0,1450
2026-09-05T05:00:32Z,2026-09-05T06:54:00.000+02:00,A0025010220,A25,78.0,1530
2026-09-05T05:00:32Z,2026-09-05T06:54:00.000+02:00,A0022022120,A22,90.0,1520
2026-09-05T05:00:32Z,2026-09-05T06:54:00.000+02:00,A0001010520,A1,104.0,1270
2026-09-05T05:00:32Z,2026-09-05T06:54:00.000+02:00,A0022011000,A22,93.0,490
2026-09-05T05:00:32Z,2026-09-05T06:54:00.000+02:00,A0001020510,A1,104.0,1450
2026-09-05T05:00:32Z,2026-09-05T06:54:00.000+02:00,A0001021602,A1,87.0,1990
2026-09-05T05:00:32Z,2026-09-05T06:54:00.000+02:00,A22TC020222,A22 (contournement),85.0,590
2026-09-05T05:00:32Z,2026-09-05T06:54:00.000+02:00,A0001010940,A1,102.0,1390
2026-09-05T05:00:32Z,2026-09-05T06:54:00.000+02:00,A0025023320,A25,112.0,670
2026-09-05T05:00:32Z,2026-09-05T06:54:00.000+02:00,A0001020520,A1,97.0,1540
2026-09-05T05:00:32Z,2026-09-05T06:54:00.000+02:00,A0025023100,A25,111.0,670
2026-09-05T05:00:32Z,2026-09-05T06:54:00.000+02:00,A22TC020230,A22 (contournement),85.0,590
2026-09-05T05:00:32Z,2026-09-05T06:54:00.000+02:00,A0025021730,A25,90.0,1040
2026-09-05T05:00:32Z,2026-09-05T06:54:00.000+02:00,A0025023910,A25,117.0,350
2026-09-05T05:00:32Z,2026-09-05T06:54:00.000+02:00,A0025021735,A25,103.0,1120
2026-09-05T05:00:32Z,2026-09-05T06:54:00.000+02:00,A0023010400,A23,105.0,200
2026-09-05T05:00:32Z,2026-09-05T06:54:00.000+02:00,A0022021900,A22,78.0,1340
2026-09-05T05:00:32Z,2026-09-05T06:54:00.000+02:00,A9022100500,A22 (rocade),83.0,430
2026-09-05T05:00:32Z,2026-09-05T06:54:00.000+02:00,A0001020940,A1,89.0,1390
2026-09-05T05:00:32Z,2026-09-05T06:54:00.000+02:00,A0001020700,A1,92.0,1260
2026-09-05T05:00:32Z,2026-09-05T06:54:00.000+02:00,A9022020830,A22 (rocade),94.0,80
2026-09-05T05:00:32Z,2026-09-05T06:54:00.000+02:00,A9022020822,A22 (rocade),90.0,970
2026-09-05T05:00:32Z,2026-09-05T06:54:00.000+02:00,A9022020821,A22 (rocade),90.0,970
2026-09-05T05:00:32Z,2026-09-05T06:54:00.000+02:00,A0025020420,A25,75.0,1340
2026-09-05T05:00:32Z,2026-09-05T06:54:00.000+02:00,N0227010100,N227,70.0,300
2026-09-05T05:00:32Z,2026-09-05T06:54:00.000+02:00,A0025011720,A25,99.0,710
2026-09-05T05:00:32Z,2026-09-05T06:54:00.000+02:00,A0025021760,A25,91.0,1090
2026-09-05T05:00:32Z,2026-09-05T06:54:00.000+02:00,A0025011730,A25,88.0,710
2026-09-05T05:00:32Z,2026-09-05T06:54:00.000+02:00,A0025011735,A25,101.0,700
2026-09-05T05:00:32Z,2026-09-05T06:54:00.000+02:00,A9025080700,A25 (bretelle),,230
2026-09-05T05:00:32Z,2026-09-05T06:54:00.000+02:00,A9022100930,A22 (rocade),73.0,70
2026-09-05T05:00:32Z,2026-09-05T06:54:00.000+02:00,N0356011220,N356,74.0,970
2026-09-05T05:00:32Z,2026-09-05T06:54:00.000+02:00,A0025011740,A25,85.0,660
2026-09-05T05:00:32Z,2026-09-05T06:54:00.000+02:00,A0025010410,A25,69.0,930
2026-09-05T05:00:32Z,2026-09-05T06:54:00.000+02:00,A0023010200,A23,93.0,260
2026-09-05T05:00:32Z,2026-09-05T06:54:00.000+02:00,A9001210120,A1 (bretelle),77.0,220
2026-09-05T05:00:32Z,2026-09-05T06:54:00.000+02:00,A0025020210,A25,77.0,1830
2026-09-05T05:00:32Z,2026-09-05T06:54:00.000+02:00,N0356011210,N356,74.0,970
2026-09-05T05:00:32Z,2026-09-05T06:54:00.000+02:00,A0025011510,A25,91.0,400
2026-09-05T05:00:32Z,2026-09-05T06:54:00.000+02:00,A0025020220,A25,77.0,1830
2026-09-05T05:00:32Z,2026-09-05T06:54:00.000+02:00,N0227010302,N227,80.0,590
2026-09-05T05:00:32Z,2026-09-05T06:54:00.000+02:00,N0041010500,N41,109.0,430
2026-09-05T05:00:32Z,2026-09-05T06:54:00.000+02:00,N0227020101,N227,86.0,980
2026-09-05T05:00:32Z,2026-09-05T06:54:00.000+02:00,A9022100110,A22 (rocade),73.0,180
2026-09-05T05:00:32Z,2026-09-05T06:54:00.000+02:00,A0022010400,A22,77.0,660
2026-09-05T05:00:32Z,2026-09-05T06:54:00.000+02:00,N0356010302,N356,79.0,1880
2026-09-05T05:00:32Z,2026-09-05T06:54:00.000+02:00,A0025010800,A25,77.0,560
2026-09-05T05:00:32Z,2026-09-05T06:54:00.000+02:00,A0027020621,A27,97.0,460
2026-09-05T05:00:32Z,2026-09-05T06:54:00.000+02:00,N0041010700,N41,98.0,120
2026-09-05T05:00:32Z,2026-09-05T06:54:00.000+02:00,A0027020630,A27,103.0,440
2026-09-05T05:00:32Z,2026-09-05T06:54:00.000+02:00,A0022021512,A22,78.0,1100
2026-09-05T05:00:32Z,2026-09-05T06:54:00.000+02:00,A0022021511,A22,80.0,1120
2026-09-05T05:00:32Z,2026-09-05T06:54:00.000+02:00,A0027020610,A27,97.0,460
2026-09-05T05:00:32Z,2026-09-05T06:54:00.000+02:00,A0025021720,A25,103.0,990
2026-09-05T05:00:32Z,2026-09-05T06:54:00.000+02:00,A0022021520,A22,78.0,1100
2026-09-05T05:00:32Z,2026-09-05T06:54:00.000+02:00,A0025022140,A25,116.0,1010
2026-09-05T05:00:32Z,2026-09-05T06:54:00.000+02:00,A0022011302,A22,81.0,380
2026-09-05T05:00:32Z,2026-09-05T06:54:00.000+02:00,A0025022160,A25,109.0,910
2026-09-05T05:00:32Z,2026-09-05T06:54:00.000+02:00,A9025060104,A25 (bretelle),74.0,520
2026-09-05T05:00:32Z,2026-09-05T06:54:00.000+02:00,A0027010201,A27,93.0,450
2026-09-05T05:00:32Z,2026-09-05T06:54:00.000+02:00,A0027010202,A27,83.0,270
2026-09-05T05:00:32Z,2026-09-05T06:54:00.000+02:00,N9227110110,N227 (bretelle),81.0,310
2026-09-05T05:00:32Z,2026-09-05T06:54:00.000+02:00,A0025012130,A25,104.0,430
2026-09-05T05:00:32Z,2026-09-05T06:54:00.000+02:00,A0027010210,A27,83.0,270
2026-09-05T05:00:32Z,2026-09-05T06:54:00.000+02:00,A0025011050,A25,92.0,250
2026-09-05T05:00:32Z,2026-09-05T06:54:00.000+02:00,A0025012140,A25,104.0,530
2026-09-05T05:00:32Z,2026-09-05T06:54:00.000+02:00,A0027010421,A27,96.0,410
2026-09-05T05:00:32Z,2026-09-05T06:54:00.000+02:00,A0022012420,A22,95.0,700
2026-09-05T05:00:32Z,2026-09-05T06:54:00.000+02:00,A0027010430,A27,98.0,380
2026-09-05T05:00:32Z,2026-09-05T06:54:00.000+02:00,A0023020710,A23,108.0,600
2026-09-05T05:00:32Z,2026-09-05T06:54:00.000+02:00,A0022012430,A22,93.0,620
2026-09-05T05:00:32Z,2026-09-05T06:54:00.000+02:00,A0025012160,A25,117.0,520
2026-09-05T05:00:32Z,2026-09-05T06:54:00.000+02:00,A9022021200,A22 (rocade),58.0,80
2026-09-05T05:00:32Z,2026-09-05T06:54:00.000+02:00,A0001021100,A1,88.0,1620
2026-09-05T05:00:32Z,2026-09-05T06:54:00.000+02:00,A9022101000,A22 (rocade),105.0,460
2026-09-05T05:00:32Z,2026-09-05T06:54:00.000+02:00,A0025013020,A25,109.0,320
2026-09-05T05:00:32Z,2026-09-05T06:54:00.000+02:00,A0027010410,A27,96.0,410
2026-09-05T05:00:32Z,2026-09-05T06:54:00.000+02:00,A0022012410,A22,95.0,700
2026-09-05T05:00:32Z,2026-09-05T06:54:00.000+02:00,A0001A20112,A1,91.0,850
2026-09-05T05:00:32Z,2026-09-05T06:54:00.000+02:00,A0001A20111,A1,82.0,520
2026-09-05T05:00:32Z,2026-09-05T06:54:00.000+02:00,A0025010320,A25,69.0,590
2026-09-05T05:00:32Z,2026-09-05T06:54:00.000+02:00,A0025022540,A25,111.0,780
2026-09-05T05:00:32Z,2026-09-05T06:54:00.000+02:00,A0025022300,A25,112.0,610
2026-09-05T05:00:32Z,2026-09-05T06:54:00.000+02:00,N0356021000,N356,74.0,1260
2026-09-05T05:00:32Z,2026-09-05T06:54:00.000+02:00,A22TC010102,A22 (contournement),91.0,420
2026-09-05T05:00:32Z,2026-09-05T06:54:00.000+02:00,A0001011503,A1,89.0,2160
2026-09-05T05:00:32Z,2026-09-05T06:54:00.000+02:00,A0022012200,A22,84.0,650
2026-09-05T05:00:32Z,2026-09-05T06:54:00.000+02:00,A22TC020102,A22 (contournement),86.0,900
2026-09-05T05:00:32Z,2026-09-05T06:54:00.000+02:00,A22TC010300,A22 (contournement),84.0,790
2026-09-05T05:00:32Z,2026-09-05T06:54:00.000+02:00,A0022012010,A22,87.0,530
2026-09-05T05:00:32Z,2026-09-05T06:54:00.000+02:00,A0022012020,A22,87.0,530
2026-09-05T05:00:32Z,2026-09-05T06:54:00.000+02:00,A0025022130,A25,129.0,970
2026-09-05T05:00:32Z,2026-09-05T06:54:00.000+02:00,A0023010520,A23,112.0,200
2026-09-05T05:00:32Z,2026-09-05T06:54:00.000+02:00,N0041020800,N41,98.0,410
2026-09-05T05:00:32Z,2026-09-05T06:54:00.000+02:00,A0025010500,A25,71.0,560
2026-09-05T05:00:32Z,2026-09-05T06:54:00.000+02:00,A0022020901,A22,93.0,1120
2026-09-05T05:00:32Z,2026-09-05T06:54:00.000+02:00,A0022020902,A22,93.0,1140
2026-09-05T05:00:32Z,2026-09-05T06:54:00.000+02:00,A0025020310,A25,72.0,1130
2026-09-05T05:00:32Z,2026-09-05T06:54:00.000+02:00,A0022021810,A22,78.0,1200
2026-09-05T05:00:32Z,2026-09-05T06:54:00.000+02:00,N0356011100,N356,72.0,860
2026-09-05T05:00:32Z,2026-09-05T06:54:00.000+02:00,A0022021820,A22,78.0,1200
2026-09-05T05:00:32Z,2026-09-05T06:54:00.000+02:00,N0356020802,N356,73.0,1320
2026-09-05T05:00:32Z,2026-09-05T06:54:00.000+02:00,A0025020102,A25,73.0,270
2026-09-05T05:00:32Z,2026-09-05T06:54:00.000+02:00,A0025010310,A25,79.0,890
2026-09-05T05:00:32Z,2026-09-05T06:54:00.000+02:00,A0023010100,A23,97.0,130
2026-09-05T05:00:32Z,2026-09-05T06:54:00.000+02:00,A0025022530,A25,113.0,780
2026-09-05T05:00:32Z,2026-09-05T06:54:00.000+02:00,A9001210200,A1 (bretelle),68.0,460
2026-09-05T05:00:32Z,2026-09-05T06:54:00.000+02:00,A0022010700,A22,84.0,440
2026-09-05T05:00:32Z,2026-09-05T06:54:00.000+02:00,N0041020400,N41,94.0,490
2026-09-05T05:00:32Z,2026-09-05T06:54:00.000+02:00,A0023020720,A23,115.0,580
2026-09-05T05:00:32Z,2026-09-05T06:54:00.000+02:00,A0022020500,A22,93.0,750
2026-09-05T05:00:32Z,2026-09-05T06:54:00.000+02:00,N93563b0150,N356 (bretelle),63.0,20
2026-09-05T05:00:32Z,2026-09-05T06:54:00.000+02:00,A0025020950,A25,93.0,1180
2026-09-05T05:00:32Z,2026-09-05T06:54:00.000+02:00,A0023020300,A23,86.0,300
2026-09-05T05:00:32Z,2026-09-05T06:54:00.000+02:00,A0001011000,A1,88.0,1400
2026-09-05T05:00:32Z,2026-09-05T06:54:00.000+02:00,A0027020500,A27,90.0,300
2026-09-05T05:00:32Z,2026-09-05T06:54:00.000+02:00,N0356011500,N356,70.0,1020
2026-09-05T05:00:32Z,2026-09-05T06:54:00.000+02:00,A0001010150,A1,106.0,1110
2026-09-05T05:00:32Z,2026-09-05T06:54:00.000+02:00,N0356020400,N356,78.0,520
2026-09-05T05:00:32Z,2026-09-05T06:54:00.000+02:00,N0041020600,N41,99.0,300
2026-09-05T05:00:32Z,2026-09-05T06:54:00.000+02:00,A0025010700,A25,67.0,520
2026-09-05T05:00:32Z,2026-09-05T06:54:00.000+02:00,A0002011230,A2,111.0,660
2026-09-05T05:00:32Z,2026-09-05T06:54:00.000+02:00,A0025020500,A25,74.0,1050
2026-09-05T05:00:32Z,2026-09-05T06:54:00.000+02:00,A0002021290,A2,105.0,1070
2026-09-05T05:00:32Z,2026-09-05T06:54:00.000+02:00,A0022011600,A22,84.0,470
2026-09-05T05:10:31Z,2026-09-05T07:00:00.000+02:00,A0001011200,A1,81.0,1310
2026-09-05T05:10:31Z,2026-09-05T07:00:00.000+02:00,A0027010102,A27,87.0,1020
2026-09-05T05:10:31Z,2026-09-05T07:00:00.000+02:00,N0041010100,N41,88.0,320
2026-09-05T05:10:31Z,2026-09-05T07:00:00.000+02:00,A0027010101,A27,87.0,1020
2026-09-05T05:10:31Z,2026-09-05T07:00:00.000+02:00,A0001020150,A1,103.0,1700
2026-09-05T05:10:31Z,2026-09-05T07:00:00.000+02:00,N0356011700,N356,75.0,830
2026-09-05T05:10:31Z,2026-09-05T07:00:00.000+02:00,N0356021300,N356,69.0,1460
2026-09-05T05:10:31Z,2026-09-05T07:00:00.000+02:00,A0022011400,A22,82.0,120
2026-09-05T05:10:31Z,2026-09-05T07:00:00.000+02:00,A0027010300,A27,94.0,230
2026-09-05T05:10:31Z,2026-09-05T07:00:00.000+02:00,A9022020250,A22 (rocade),72.0,240
2026-09-05T05:10:31Z,2026-09-05T07:00:00.000+02:00,N0041010300,N41,95.0,700
2026-09-05T05:10:31Z,2026-09-05T07:00:00.000+02:00,A0022011210,A22,75.0,80
2026-09-05T05:10:31Z,2026-09-05T07:00:00.000+02:00,A0027020100,A27,75.0,320
2026-09-05T05:10:31Z,2026-09-05T07:00:00.000+02:00,A0001010300,A1,97.0,1170
2026-09-05T05:10:31Z,2026-09-05T07:00:00.000+02:00,A0022011220,A22,75.0,80
2026-09-05T05:10:31Z,2026-09-05T07:00:00.000+02:00,N0227021400,N227,74.0,10
2026-09-05T05:10:31Z,2026-09-05T07:00:00.000+02:00,A9022101110,A22 (rocade),81.0,290
2026-09-05T05:10:31Z,2026-09-05T07:00:00.000+02:00,A0022022110,A22,93.0,1360
2026-09-05T05:10:31Z,2026-09-05T07:00:00.000+02:00,N0356010800,N356,76.0,790
2026-09-05T05:10:31Z,2026-09-05T07:00:00.000+02:00,A9001210710,A1 (bretelle),73.0,420
2026-09-05T05:10:31Z,2026-09-05T07:00:00.000+02:00,N0356021110,N356,73.0,1630
2026-09-05T05:10:31Z,2026-09-05T07:00:00.000+02:00,A0001010510,A1,97.0,1120
2026-09-05T05:10:31Z,2026-09-05T07:00:00.000+02:00,N0356021122,N356,67.0,1610
2026-09-05T05:10:31Z,2026-09-05T07:00:00.000+02:00,N0356021121,N356,73.0,1630
2026-09-05T05:10:31Z,2026-09-05T07:00:00.000+02:00,A0025010210,A25,79.0,1790
2026-09-05T05:10:31Z,2026-09-05T07:00:00.000+02:00,A0025011300,A25,86.0,450
2026-09-05T05:10:31Z,2026-09-05T07:00:00.000+02:00,A0001020300,A1,105.0,1630
2026-09-05T05:10:31Z,2026-09-05T07:00:00.000+02:00,A0025021100,A25,100.0,890
2026-09-05T05:10:31Z,2026-09-05T07:00:00.000+02:00,A0025023520,A25,111.0,270
2026-09-05T05:10:31Z,2026-09-05T07:00:00.000+02:00,A0022022130,A22,87.0,1350
2026-09-05T05:10:31Z,2026-09-05T07:00:00.000+02:00,A0025010220,A25,79.0,1790
2026-09-05T05:10:31Z,2026-09-05T07:00:00.000+02:00,A0022022120,A22,95.0,1380
2026-09-05T05:10:31Z,2026-09-05T07:00:00.000+02:00,A0001010520,A1,102.0,1190
2026-09-05T05:10:31Z,2026-09-05T07:00:00.000+02:00,A0022011000,A22,82.0,530
2026-09-05T05:10:31Z,2026-09-05T07:00:00.000+02:00,A0001020510,A1,102.0,1770
2026-09-05T05:10:31Z,2026-09-05T07:00:00.000+02:00,A0001021602,A1,86.0,1920
2026-09-05T05:10:31Z,2026-09-05T07:00:00.000+02:00,A22TC020222,A22 (contournement),85.0,720
2026-09-05T05:10:31Z,2026-09-05T07:00:00.000+02:00,A0001010940,A1,101.0,1450
2026-09-05T05:10:31Z,2026-09-05T07:00:00.000+02:00,A0025023320,A25,120.0,480
2026-09-05T05:10:31Z,2026-09-05T07:00:00.000+02:00,A0001020520,A1,98.0,1740
2026-09-05T05:10:31Z,2026-09-05T07:00:00.000+02:00,A0025023100,A25,112.0,510
2026-09-05T05:10:31Z,2026-09-05T07:00:00.000+02:00,A22TC020230,A22 (contournement),85.0,720
2026-09-05T05:10:31Z,2026-09-05T07:00:00.000+02:00,A0025021730,A25,90.0,1170
2026-09-05T05:10:31Z,2026-09-05T07:00:00.000+02:00,A0025023910,A25,114.0,290
2026-09-05T05:10:31Z,2026-09-05T07:00:00.000+02:00,A0025021735,A25,104.0,1120
2026-09-05T05:10:31Z,2026-09-05T07:00:00.000+02:00,A0023010400,A23,110.0,350
2026-09-05T05:10:31Z,2026-09-05T07:00:00.000+02:00,A0022021900,A22,86.0,1110
2026-09-05T05:10:31Z,2026-09-05T07:00:00.000+02:00,A9022100500,A22 (rocade),83.0,450
2026-09-05T05:10:31Z,2026-09-05T07:00:00.000+02:00,A0001020940,A1,92.0,1720
2026-09-05T05:10:31Z,2026-09-05T07:00:00.000+02:00,A0001020700,A1,93.0,1520
2026-09-05T05:10:31Z,2026-09-05T07:00:00.000+02:00,A9022020830,A22 (rocade),93.0,80
2026-09-05T05:10:31Z,2026-09-05T07:00:00.000+02:00,A9022020822,A22 (rocade),92.0,1040
2026-09-05T05:10:31Z,2026-09-05T07:00:00.000+02:00,A9022020821,A22 (rocade),92.0,1040
2026-09-05T05:10:31Z,2026-09-05T07:00:00.000+02:00,A0025020420,A25,73.0,1430
2026-09-05T05:10:31Z,2026-09-05T07:00:00.000+02:00,N0227010100,N227,70.0,310
2026-09-05T05:10:31Z,2026-09-05T07:00:00.000+02:00,A0025011720,A25,96.0,600
2026-09-05T05:10:31Z,2026-09-05T07:00:00.000+02:00,A0025021760,A25,90.0,1180
2026-09-05T05:10:31Z,2026-09-05T07:00:00.000+02:00,A0025011730,A25,88.0,550
2026-09-05T05:10:31Z,2026-09-05T07:00:00.000+02:00,A0025011735,A25,101.0,530
2026-09-05T05:10:31Z,2026-09-05T07:00:00.000+02:00,A9025080700,A25 (bretelle),,250
2026-09-05T05:10:31Z,2026-09-05T07:00:00.000+02:00,A9022100930,A22 (rocade),55.0,10
2026-09-05T05:10:31Z,2026-09-05T07:00:00.000+02:00,N0356011220,N356,75.0,790
2026-09-05T05:10:31Z,2026-09-05T07:00:00.000+02:00,A0025011740,A25,91.0,520
2026-09-05T05:10:31Z,2026-09-05T07:00:00.000+02:00,A0025010410,A25,73.0,1270
2026-09-05T05:10:31Z,2026-09-05T07:00:00.000+02:00,A0023010200,A23,90.0,280
2026-09-05T05:10:31Z,2026-09-05T07:00:00.000+02:00,A9001210120,A1 (bretelle),77.0,140
2026-09-05T05:10:31Z,2026-09-05T07:00:00.000+02:00,A0025020210,A25,77.0,1540
2026-09-05T05:10:31Z,2026-09-05T07:00:00.000+02:00,N0356011210,N356,75.0,790
2026-09-05T05:10:31Z,2026-09-05T07:00:00.000+02:00,A0025011510,A25,87.0,550
2026-09-05T05:10:31Z,2026-09-05T07:00:00.000+02:00,A0025020220,A25,77.0,1540
2026-09-05T05:10:31Z,2026-09-05T07:00:00.000+02:00,N0227010302,N227,80.0,580
2026-09-05T05:10:31Z,2026-09-05T07:00:00.000+02:00,N0041010500,N41,87.0,430
2026-09-05T05:10:31Z,2026-09-05T07:00:00.000+02:00,N0227020101,N227,88.0,790
2026-09-05T05:10:31Z,2026-09-05T07:00:00.000+02:00,A9022100110,A22 (rocade),70.0,180
2026-09-05T05:10:31Z,2026-09-05T07:00:00.000+02:00,A0022010400,A22,75.0,590
2026-09-05T05:10:31Z,2026-09-05T07:00:00.000+02:00,N0356010302,N356,77.0,1770
2026-09-05T05:10:31Z,2026-09-05T07:00:00.000+02:00,A0025010800,A25,79.0,790
2026-09-05T05:10:31Z,2026-09-05T07:00:00.000+02:00,A0027020621,A27,100.0,460
2026-09-05T05:10:31Z,2026-09-05T07:00:00.000+02:00,N0041010700,N41,90.0,110
2026-09-05T05:10:31Z,2026-09-05T07:00:00.000+02:00,A0027020630,A27,102.0,440
2026-09-05T05:10:31Z,2026-09-05T07:00:00.000+02:00,A0022021512,A22,81.0,1060
2026-09-05T05:10:31Z,2026-09-05T07:00:00.000+02:00,A0022021511,A22,82.0,1090
2026-09-05T05:10:31Z,2026-09-05T07:00:00.000+02:00,A0027020610,A27,100.0,460
2026-09-05T05:10:31Z,2026-09-05T07:00:00.000+02:00,A0025021720,A25,102.0,1170
2026-09-05T05:10:31Z,2026-09-05T07:00:00.000+02:00,A0022021520,A22,81.0,1060
2026-09-05T05:10:31Z,2026-09-05T07:00:00.000+02:00,A0025022140,A25,115.0,960
2026-09-05T05:10:31Z,2026-09-05T07:00:00.000+02:00,A0022011302,A22,78.0,330
2026-09-05T05:10:31Z,2026-09-05T07:00:00.000+02:00,A0025022160,A25,112.0,940
2026-09-05T05:10:31Z,2026-09-05T07:00:00.000+02:00,A9025060104,A25 (bretelle),74.0,540
2026-09-05T05:10:31Z,2026-09-05T07:00:00.000+02:00,A0027010201,A27,94.0,440
2026-09-05T05:10:31Z,2026-09-05T07:00:00.000+02:00,A0027010202,A27,75.0,210
2026-09-05T05:10:31Z,2026-09-05T07:00:00.000+02:00,N9227110110,N227 (bretelle),80.0,270
2026-09-05T05:10:31Z,2026-09-05T07:00:00.000+02:00,A0025012130,A25,102.0,450
2026-09-05T05:10:31Z,2026-09-05T07:00:00.000+02:00,A0027010210,A27,75.0,210
2026-09-05T05:10:31Z,2026-09-05T07:00:00.000+02:00,A0025011050,A25,77.0,400
2026-09-05T05:10:31Z,2026-09-05T07:00:00.000+02:00,A0025012140,A25,102.0,530
2026-09-05T05:10:31Z,2026-09-05T07:00:00.000+02:00,A0027010421,A27,98.0,300
2026-09-05T05:10:31Z,2026-09-05T07:00:00.000+02:00,A0022012420,A22,95.0,630
2026-09-05T05:10:31Z,2026-09-05T07:00:00.000+02:00,A0027010430,A27,101.0,320
2026-09-05T05:10:31Z,2026-09-05T07:00:00.000+02:00,A0023020710,A23,107.0,430
2026-09-05T05:10:31Z,2026-09-05T07:00:00.000+02:00,A0022012430,A22,97.0,610
2026-09-05T05:10:31Z,2026-09-05T07:00:00.000+02:00,A0025012160,A25,124.0,530
2026-09-05T05:10:31Z,2026-09-05T07:00:00.000+02:00,A9022021200,A22 (rocade),61.0,110
2026-09-05T05:10:31Z,2026-09-05T07:00:00.000+02:00,A0001021100,A1,90.0,1480
2026-09-05T05:10:31Z,2026-09-05T07:00:00.000+02:00,A9022101000,A22 (rocade),87.0,290
2026-09-05T05:10:31Z,2026-09-05T07:00:00.000+02:00,A0025013020,A25,111.0,480
2026-09-05T05:10:31Z,2026-09-05T07:00:00.000+02:00,A0027010410,A27,98.0,300
2026-09-05T05:10:31Z,2026-09-05T07:00:00.000+02:00,A0022012410,A22,95.0,640
2026-09-05T05:10:31Z,2026-09-05T07:00:00.000+02:00,A0001A20112,A1,95.0,740
2026-09-05T05:10:31Z,2026-09-05T07:00:00.000+02:00,A0001A20111,A1,83.0,340
2026-09-05T05:10:31Z,2026-09-05T07:00:00.000+02:00,A0025010320,A25,73.0,690
2026-09-05T05:10:31Z,2026-09-05T07:00:00.000+02:00,A0025022540,A25,112.0,660
2026-09-05T05:10:31Z,2026-09-05T07:00:00.000+02:00,A0025022300,A25,114.0,650
2026-09-05T05:10:31Z,2026-09-05T07:00:00.000+02:00,N0356021000,N356,74.0,1460
2026-09-05T05:10:31Z,2026-09-05T07:00:00.000+02:00,A22TC010102,A22 (contournement),85.0,520
2026-09-05T05:10:31Z,2026-09-05T07:00:00.000+02:00,A0001011503,A1,89.0,1820
2026-09-05T05:10:31Z,2026-09-05T07:00:00.000+02:00,A0022012200,A22,85.0,560
2026-09-05T05:10:31Z,2026-09-05T07:00:00.000+02:00,A22TC020102,A22 (contournement),88.0,760
2026-09-05T05:10:31Z,2026-09-05T07:00:00.000+02:00,A22TC010300,A22 (contournement),89.0,580
2026-09-05T05:10:31Z,2026-09-05T07:00:00.000+02:00,A0022012010,A22,84.0,400
2026-09-05T05:10:31Z,2026-09-05T07:00:00.000+02:00,A0022012020,A22,84.0,400
2026-09-05T05:10:31Z,2026-09-05T07:00:00.000+02:00,A0025022130,A25,130.0,980
2026-09-05T05:10:31Z,2026-09-05T07:00:00.000+02:00,A0023010520,A23,114.0,310
2026-09-05T05:10:31Z,2026-09-05T07:00:00.000+02:00,N0041020800,N41,96.0,300
2026-09-05T05:10:31Z,2026-09-05T07:00:00.000+02:00,A0025010500,A25,70.0,900
2026-09-05T05:10:31Z,2026-09-05T07:00:00.000+02:00,A0022020901,A22,82.0,930
2026-09-05T05:10:31Z,2026-09-05T07:00:00.000+02:00,A0022020902,A22,82.0,750
2026-09-05T05:10:31Z,2026-09-05T07:00:00.000+02:00,A0025020310,A25,77.0,1150
2026-09-05T05:10:31Z,2026-09-05T07:00:00.000+02:00,A0022021810,A22,84.0,990
2026-09-05T05:10:31Z,2026-09-05T07:00:00.000+02:00,N0356011100,N356,75.0,730
2026-09-05T05:10:31Z,2026-09-05T07:00:00.000+02:00,A0022021820,A22,84.0,990
2026-09-05T05:10:31Z,2026-09-05T07:00:00.000+02:00,N0356020802,N356,72.0,1610
2026-09-05T05:10:31Z,2026-09-05T07:00:00.000+02:00,A0025020102,A25,71.0,290
2026-09-05T05:10:31Z,2026-09-05T07:00:00.000+02:00,A0025010310,A25,79.0,1120
2026-09-05T05:10:31Z,2026-09-05T07:00:00.000+02:00,A0023010100,A23,88.0,180
2026-09-05T05:10:31Z,2026-09-05T07:00:00.000+02:00,A0025022530,A25,115.0,680
2026-09-05T05:10:31Z,2026-09-05T07:00:00.000+02:00,A9001210200,A1 (bretelle),70.0,500
2026-09-05T05:10:31Z,2026-09-05T07:00:00.000+02:00,A0022010700,A22,82.0,450
2026-09-05T05:10:31Z,2026-09-05T07:00:00.000+02:00,N0041020400,N41,92.0,440
2026-09-05T05:10:31Z,2026-09-05T07:00:00.000+02:00,A0023020720,A23,112.0,410
2026-09-05T05:10:31Z,2026-09-05T07:00:00.000+02:00,A0022020500,A22,82.0,640
2026-09-05T05:10:31Z,2026-09-05T07:00:00.000+02:00,A0025020950,A25,92.0,1280
2026-09-05T05:10:31Z,2026-09-05T07:00:00.000+02:00,A0023020300,A23,108.0,330
2026-09-05T05:10:31Z,2026-09-05T07:00:00.000+02:00,A0001011000,A1,86.0,1190
2026-09-05T05:10:31Z,2026-09-05T07:00:00.000+02:00,A0027020500,A27,91.0,340
2026-09-05T05:10:31Z,2026-09-05T07:00:00.000+02:00,N0356011500,N356,72.0,810
2026-09-05T05:10:31Z,2026-09-05T07:00:00.000+02:00,A0001010150,A1,107.0,1080
2026-09-05T05:10:31Z,2026-09-05T07:00:00.000+02:00,N0356020400,N356,71.0,680
2026-09-05T05:10:31Z,2026-09-05T07:00:00.000+02:00,N0041020600,N41,100.0,300
2026-09-05T05:10:31Z,2026-09-05T07:00:00.000+02:00,A0025010700,A25,66.0,820
2026-09-05T05:10:31Z,2026-09-05T07:00:00.000+02:00,A0002011230,A2,109.0,810
2026-09-05T05:10:31Z,2026-09-05T07:00:00.000+02:00,A0025020500,A25,72.0,920
2026-09-05T05:10:31Z,2026-09-05T07:00:00.000+02:00,A0002021290,A2,109.0,1080
2026-09-05T05:10:31Z,2026-09-05T07:00:00.000+02:00,A0022011600,A22,80.0,470
2026-09-05T05:20:30Z,2026-09-05T07:12:00.000+02:00,A0001011200,A1,83.0,1230
2026-09-05T05:20:30Z,2026-09-05T07:12:00.000+02:00,A0027010102,A27,85.0,820
2026-09-05T05:20:30Z,2026-09-05T07:12:00.000+02:00,N0041010100,N41,89.0,450
2026-09-05T05:20:30Z,2026-09-05T07:12:00.000+02:00,A0027010101,A27,85.0,820
2026-09-05T05:20:30Z,2026-09-05T07:12:00.000+02:00,A0001020150,A1,104.0,1820
2026-09-05T05:20:30Z,2026-09-05T07:12:00.000+02:00,N0356011700,N356,75.0,870
2026-09-05T05:20:30Z,2026-09-05T07:12:00.000+02:00,N9227110200,N227 (bretelle),91.0,20
2026-09-05T05:20:30Z,2026-09-05T07:12:00.000+02:00,N0356021300,N356,69.0,1420
2026-09-05T05:20:30Z,2026-09-05T07:12:00.000+02:00,A0022011400,A22,77.0,150
2026-09-05T05:20:30Z,2026-09-05T07:12:00.000+02:00,A0027010300,A27,93.0,200
2026-09-05T05:20:30Z,2026-09-05T07:12:00.000+02:00,A9022020250,A22 (rocade),33.0,170
2026-09-05T05:20:30Z,2026-09-05T07:12:00.000+02:00,N0041010300,N41,95.0,790
2026-09-05T05:20:30Z,2026-09-05T07:12:00.000+02:00,A0022011210,A22,85.0,110
2026-09-05T05:20:30Z,2026-09-05T07:12:00.000+02:00,A0027020100,A27,73.0,430
2026-09-05T05:20:30Z,2026-09-05T07:12:00.000+02:00,A0001010300,A1,98.0,1210
2026-09-05T05:20:30Z,2026-09-05T07:12:00.000+02:00,A0022011220,A22,85.0,110
2026-09-05T05:20:30Z,2026-09-05T07:12:00.000+02:00,A9022101110,A22 (rocade),78.0,390
2026-09-05T05:20:30Z,2026-09-05T07:12:00.000+02:00,A0022022110,A22,92.0,1530
2026-09-05T05:20:30Z,2026-09-05T07:12:00.000+02:00,N0356010800,N356,75.0,890
2026-09-05T05:20:30Z,2026-09-05T07:12:00.000+02:00,A9001210710,A1 (bretelle),73.0,300
2026-09-05T05:20:30Z,2026-09-05T07:12:00.000+02:00,N0356021110,N356,74.0,1490
2026-09-05T05:20:30Z,2026-09-05T07:12:00.000+02:00,A0001010510,A1,98.0,1260
2026-09-05T05:20:30Z,2026-09-05T07:12:00.000+02:00,N0356021122,N356,67.0,1590
2026-09-05T05:20:30Z,2026-09-05T07:12:00.000+02:00,N0356021121,N356,74.0,1490
2026-09-05T05:20:30Z,2026-09-05T07:12:00.000+02:00,A0025010210,A25,81.0,1280
2026-09-05T05:20:30Z,2026-09-05T07:12:00.000+02:00,A0025011300,A25,89.0,540
2026-09-05T05:20:30Z,2026-09-05T07:12:00.000+02:00,A0001020300,A1,104.0,1740
2026-09-05T05:20:30Z,2026-09-05T07:12:00.000+02:00,A0025021100,A25,91.0,730
2026-09-05T05:20:30Z,2026-09-05T07:12:00.000+02:00,A0025023520,A25,110.0,520
2026-09-05T05:20:30Z,2026-09-05T07:12:00.000+02:00,A0022022130,A22,88.0,1400
2026-09-05T05:20:30Z,2026-09-05T07:12:00.000+02:00,A0025010220,A25,81.0,1280
2026-09-05T05:20:30Z,2026-09-05T07:12:00.000+02:00,A0022022120,A22,95.0,1510
2026-09-05T05:20:30Z,2026-09-05T07:12:00.000+02:00,A0001010520,A1,100.0,1360
2026-09-05T05:20:30Z,2026-09-05T07:12:00.000+02:00,A0022011000,A22,73.0,510
2026-09-05T05:20:30Z,2026-09-05T07:12:00.000+02:00,A0001020510,A1,103.0,1690
2026-09-05T05:20:30Z,2026-09-05T07:12:00.000+02:00,A0001021602,A1,87.0,2070
2026-09-05T05:20:30Z,2026-09-05T07:12:00.000+02:00,A22TC020222,A22 (contournement),95.0,480
2026-09-05T05:20:30Z,2026-09-05T07:12:00.000+02:00,A0001010940,A1,96.0,1380
2026-09-05T05:20:30Z,2026-09-05T07:12:00.000+02:00,A0025023320,A25,115.0,730
2026-09-05T05:20:30Z,2026-09-05T07:12:00.000+02:00,A0001020520,A1,98.0,1700
2026-09-05T05:20:30Z,2026-09-05T07:12:00.000+02:00,A0025023100,A25,113.0,710
2026-09-05T05:20:30Z,2026-09-05T07:12:00.000+02:00,A22TC020230,A22 (contournement),95.0,480
2026-09-05T05:20:30Z,2026-09-05T07:12:00.000+02:00,A0025021730,A25,93.0,920
2026-09-05T05:20:30Z,2026-09-05T07:12:00.000+02:00,A0025023910,A25,112.0,370
2026-09-05T05:20:30Z,2026-09-05T07:12:00.000+02:00,A0025021735,A25,106.0,940
2026-09-05T05:20:30Z,2026-09-05T07:12:00.000+02:00,A0023010400,A23,102.0,420
2026-09-05T05:20:30Z,2026-09-05T07:12:00.000+02:00,A0022021900,A22,82.0,1240
2026-09-05T05:20:30Z,2026-09-05T07:12:00.000+02:00,A9022100500,A22 (rocade),80.0,540
2026-09-05T05:20:30Z,2026-09-05T07:12:00.000+02:00,A0001020940,A1,92.0,1780
2026-09-05T05:20:30Z,2026-09-05T07:12:00.000+02:00,A0001020700,A1,92.0,1530
2026-09-05T05:20:30Z,2026-09-05T07:12:00.000+02:00,A9022020830,A22 (rocade),85.0,130
2026-09-05T05:20:30Z,2026-09-05T07:12:00.000+02:00,A9022020822,A22 (rocade),77.0,1140
2026-09-05T05:20:30Z,2026-09-05T07:12:00.000+02:00,A9022020821,A22 (rocade),77.0,1140
2026-09-05T05:20:30Z,2026-09-05T07:12:00.000+02:00,A0025020420,A25,74.0,1440
2026-09-05T05:20:30Z,2026-09-05T07:12:00.000+02:00,N0227010100,N227,67.0,210
2026-09-05T05:20:30Z,2026-09-05T07:12:00.000+02:00,A0025011720,A25,100.0,850
2026-09-05T05:20:30Z,2026-09-05T07:12:00.000+02:00,A0025021760,A25,94.0,920
2026-09-05T05:20:30Z,2026-09-05T07:12:00.000+02:00,A0025011730,A25,91.0,870
2026-09-05T05:20:30Z,2026-09-05T07:12:00.000+02:00,A0025011735,A25,103.0,800
2026-09-05T05:20:30Z,2026-09-05T07:12:00.000+02:00,A9025080700,A25 (bretelle),,200
2026-09-05T05:20:30Z,2026-09-05T07:12:00.000+02:00,A9022100930,A22 (rocade),76.0,20
2026-09-05T05:20:30Z,2026-09-05T07:12:00.000+02:00,N0356011220,N356,74.0,920
2026-09-05T05:20:30Z,2026-09-05T07:12:00.000+02:00,A0025011740,A25,88.0,730
2026-09-05T05:20:30Z,2026-09-05T07:12:00.000+02:00,A0025010410,A25,74.0,930
2026-09-05T05:20:30Z,2026-09-05T07:12:00.000+02:00,A0023010200,A23,92.0,410
2026-09-05T05:20:30Z,2026-09-05T07:12:00.000+02:00,A9001210120,A1 (bretelle),79.0,220
2026-09-05T05:20:30Z,2026-09-05T07:12:00.000+02:00,A0025020210,A25,78.0,1710
2026-09-05T05:20:30Z,2026-09-05T07:12:00.000+02:00,N0356011210,N356,74.0,920
2026-09-05T05:20:30Z,2026-09-05T07:12:00.000+02:00,A0025011510,A25,93.0,530
2026-09-05T05:20:30Z,2026-09-05T07:12:00.000+02:00,A0025020220,A25,78.0,1710
2026-09-05T05:20:30Z,2026-09-05T07:12:00.000+02:00,N0227010302,N227,80.0,540
2026-09-05T05:20:30Z,2026-09-05T07:12:00.000+02:00,N0041010500,N41,94.0,270
2026-09-05T05:20:30Z,2026-09-05T07:12:00.000+02:00,N0227020101,N227,89.0,870
2026-09-05T05:20:30Z,2026-09-05T07:12:00.000+02:00,A9022100110,A22 (rocade),73.0,110
2026-09-05T05:20:30Z,2026-09-05T07:12:00.000+02:00,A0022010400,A22,74.0,710
2026-09-05T05:20:30Z,2026-09-05T07:12:00.000+02:00,N0356010302,N356,78.0,1780
2026-09-05T05:20:30Z,2026-09-05T07:12:00.000+02:00,A0025010800,A25,78.0,740
2026-09-05T05:20:30Z,2026-09-05T07:12:00.000+02:00,A0027020621,A27,101.0,510
2026-09-05T05:20:30Z,2026-09-05T07:12:00.000+02:00,N0041010700,N41,98.0,130
2026-09-05T05:20:30Z,2026-09-05T07:12:00.000+02:00,A0027020630,A27,101.0,470
2026-09-05T05:20:30Z,2026-09-05T07:12:00.000+02:00,A0022021512,A22,80.0,1050
2026-09-05T05:20:30Z,2026-09-05T07:12:00.000+02:00,A0022021511,A22,81.0,1100
2026-09-05T05:20:30Z,2026-09-05T07:12:00.000+02:00,A0027020610,A27,101.0,510
2026-09-05T05:20:30Z,2026-09-05T07:12:00.000+02:00,A0025021720,A25,105.0,890
2026-09-05T05:20:30Z,2026-09-05T07:12:00.000+02:00,A0022021520,A22,80.0,1050
2026-09-05T05:20:30Z,2026-09-05T07:12:00.000+02:00,A0025022140,A25,115.0,920
2026-09-05T05:20:30Z,2026-09-05T07:12:00.000+02:00,A0022011302,A22,79.0,410
2026-09-05T05:20:30Z,2026-09-05T07:12:00.000+02:00,A0025022160,A25,109.0,980
2026-09-05T05:20:30Z,2026-09-05T07:12:00.000+02:00,A9025060104,A25 (bretelle),74.0,420
2026-09-05T05:20:30Z,2026-09-05T07:12:00.000+02:00,A0027010201,A27,92.0,470
2026-09-05T05:20:30Z,2026-09-05T07:12:00.000+02:00,A0027010202,A27,85.0,200
2026-09-05T05:20:30Z,2026-09-05T07:12:00.000+02:00,N9227110110,N227 (bretelle),75.0,300
2026-09-05T05:20:30Z,2026-09-05T07:12:00.000+02:00,A0025012130,A25,90.0,470
2026-09-05T05:20:30Z,2026-09-05T07:12:00.000+02:00,A0027010210,A27,85.0,200
2026-09-05T05:20:30Z,2026-09-05T07:12:00.000+02:00,A0025011050,A25,97.0,430
2026-09-05T05:20:30Z,2026-09-05T07:12:00.000+02:00,A0025012140,A25,90.0,670
2026-09-05T05:20:30Z,2026-09-05T07:12:00.000+02:00,A0027010421,A27,96.0,300
2026-09-05T05:20:30Z,2026-09-05T07:12:00.000+02:00,A0022012420,A22,93.0,670
2026-09-05T05:20:30Z,2026-09-05T07:12:00.000+02:00,A0027010430,A27,100.0,310
2026-09-05T05:20:30Z,2026-09-05T07:12:00.000+02:00,A0023020710,A23,110.0,740
2026-09-05T05:20:30Z,2026-09-05T07:12:00.000+02:00,A0022012430,A22,93.0,630
2026-09-05T05:20:30Z,2026-09-05T07:12:00.000+02:00,A0025012160,A25,123.0,680
2026-09-05T05:20:30Z,2026-09-05T07:12:00.000+02:00,A9022021200,A22 (rocade),61.0,140
2026-09-05T05:20:30Z,2026-09-05T07:12:00.000+02:00,A0001021100,A1,91.0,1490
2026-09-05T05:20:30Z,2026-09-05T07:12:00.000+02:00,A9022101000,A22 (rocade),74.0,310
2026-09-05T05:20:30Z,2026-09-05T07:12:00.000+02:00,A0025013020,A25,109.0,650
2026-09-05T05:20:30Z,2026-09-05T07:12:00.000+02:00,A0027010410,A27,96.0,300
2026-09-05T05:20:30Z,2026-09-05T07:12:00.000+02:00,A0022012410,A22,92.0,700
2026-09-05T05:20:30Z,2026-09-05T07:12:00.000+02:00,A0001A20112,A1,92.0,650
2026-09-05T05:20:30Z,2026-09-05T07:12:00.000+02:00,A0001A20111,A1,89.0,430
2026-09-05T05:20:30Z,2026-09-05T07:12:00.000+02:00,A0025010320,A25,76.0,670
2026-09-05T05:20:30Z,2026-09-05T07:12:00.000+02:00,A0025022540,A25,116.0,620
2026-09-05T05:20:30Z,2026-09-05T07:12:00.000+02:00,A0025022300,A25,115.0,670
2026-09-05T05:20:30Z,2026-09-05T07:12:00.000+02:00,N0356021000,N356,74.0,1270
2026-09-05T05:20:30Z,2026-09-05T07:12:00.000+02:00,A22TC010102,A22 (contournement),85.0,430
2026-09-05T05:20:30Z,2026-09-05T07:12:00.000+02:00,A0001011503,A1,90.0,1650
2026-09-05T05:20:30Z,2026-09-05T07:12:00.000+02:00,A0022012200,A22,82.0,590
2026-09-05T05:20:30Z,2026-09-05T07:12:00.000+02:00,A22TC020102,A22 (contournement),86.0,730
2026-09-05T05:20:30Z,2026-09-05T07:12:00.000+02:00,A22TC010300,A22 (contournement),88.0,790
2026-09-05T05:20:30Z,2026-09-05T07:12:00.000+02:00,A0022012010,A22,79.0,500
2026-09-05T05:20:30Z,2026-09-05T07:12:00.000+02:00,A0022012020,A22,79.0,500
2026-09-05T05:20:30Z,2026-09-05T07:12:00.000+02:00,A0025022130,A25,130.0,870
2026-09-05T05:20:30Z,2026-09-05T07:12:00.000+02:00,A0023010520,A23,108.0,430
2026-09-05T05:20:30Z,2026-09-05T07:12:00.000+02:00,N0041020800,N41,99.0,440
2026-09-05T05:20:30Z,2026-09-05T07:12:00.000+02:00,A0025010500,A25,73.0,580
2026-09-05T05:20:30Z,2026-09-05T07:12:00.000+02:00,A0022020901,A22,88.0,880
2026-09-05T05:20:30Z,2026-09-05T07:12:00.000+02:00,A0022020902,A22,88.0,1010
2026-09-05T05:20:30Z,2026-09-05T07:12:00.000+02:00,A0025020310,A25,72.0,1220
2026-09-05T05:20:30Z,2026-09-05T07:12:00.000+02:00,A0022021810,A22,82.0,1070
2026-09-05T05:20:30Z,2026-09-05T07:12:00.000+02:00,N0356011100,N356,75.0,810
2026-09-05T05:20:30Z,2026-09-05T07:12:00.000+02:00,A0022021820,A22,82.0,1070
2026-09-05T05:20:30Z,2026-09-05T07:12:00.000+02:00,N0356020802,N356,74.0,1400
2026-09-05T05:20:30Z,2026-09-05T07:12:00.000+02:00,A0025020102,A25,77.0,70
2026-09-05T05:20:30Z,2026-09-05T07:12:00.000+02:00,A0025010310,A25,80.0,770
2026-09-05T05:20:30Z,2026-09-05T07:12:00.000+02:00,A0023010100,A23,94.0,280
2026-09-05T05:20:30Z,2026-09-05T07:12:00.000+02:00,A0025022530,A25,118.0,570
2026-09-05T05:20:30Z,2026-09-05T07:12:00.000+02:00,A9001210200,A1 (bretelle),71.0,460
2026-09-05T05:20:30Z,2026-09-05T07:12:00.000+02:00,A0022010700,A22,80.0,490
2026-09-05T05:20:30Z,2026-09-05T07:12:00.000+02:00,N0041020400,N41,98.0,490
2026-09-05T05:20:30Z,2026-09-05T07:12:00.000+02:00,A0023020720,A23,117.0,800
2026-09-05T05:20:30Z,2026-09-05T07:12:00.000+02:00,A0022020500,A22,88.0,560
2026-09-05T05:20:30Z,2026-09-05T07:12:00.000+02:00,N93563b0150,N356 (bretelle),63.0,10
2026-09-05T05:20:30Z,2026-09-05T07:12:00.000+02:00,A0025020950,A25,92.0,1210
2026-09-05T05:20:30Z,2026-09-05T07:12:00.000+02:00,A0023020300,A23,98.0,380
2026-09-05T05:20:30Z,2026-09-05T07:12:00.000+02:00,A0001011000,A1,88.0,1120
2026-09-05T05:20:30Z,2026-09-05T07:12:00.000+02:00,A0027020500,A27,96.0,300
2026-09-05T05:20:30Z,2026-09-05T07:12:00.000+02:00,N0356011500,N356,67.0,990
2026-09-05T05:20:30Z,2026-09-05T07:12:00.000+02:00,A0001010150,A1,101.0,1280
2026-09-05T05:20:30Z,2026-09-05T07:12:00.000+02:00,N0356020400,N356,75.0,540
2026-09-05T05:20:30Z,2026-09-05T07:12:00.000+02:00,N0041020600,N41,102.0,380
2026-09-05T05:20:30Z,2026-09-05T07:12:00.000+02:00,A0025010700,A25,73.0,710
2026-09-05T05:20:30Z,2026-09-05T07:12:00.000+02:00,A0002011230,A2,109.0,820
2026-09-05T05:20:30Z,2026-09-05T07:12:00.000+02:00,A0025020500,A25,74.0,1010
2026-09-05T05:20:30Z,2026-09-05T07:12:00.000+02:00,A0002021290,A2,106.0,1280
2026-09-05T05:20:30Z,2026-09-05T07:12:00.000+02:00,A0022011600,A22,81.0,490
2026-09-05T05:30:33Z,2026-09-05T07:24:00.000+02:00,A0001011200,A1,83.0,1460
2026-09-05T05:30:33Z,2026-09-05T07:24:00.000+02:00,A0027010102,A27,90.0,1090
2026-09-05T05:30:33Z,2026-09-05T07:24:00.000+02:00,N0041010100,N41,87.0,420
2026-09-05T05:30:33Z,2026-09-05T07:24:00.000+02:00,A0027010101,A27,90.0,1090
2026-09-05T05:30:33Z,2026-09-05T07:24:00.000+02:00,A0001020150,A1,106.0,2000
2026-09-05T05:30:33Z,2026-09-05T07:24:00.000+02:00,N0356011700,N356,77.0,860
2026-09-05T05:30:33Z,2026-09-05T07:24:00.000+02:00,N0356021300,N356,69.0,1760
2026-09-05T05:30:33Z,2026-09-05T07:24:00.000+02:00,A0022011400,A22,76.0,120
2026-09-05T05:30:33Z,2026-09-05T07:24:00.000+02:00,A0027010300,A27,94.0,250
2026-09-05T05:30:33Z,2026-09-05T07:24:00.000+02:00,A9022020250,A22 (rocade),60.0,240
2026-09-05T05:30:33Z,2026-09-05T07:24:00.000+02:00,N0041010300,N41,92.0,690
2026-09-05T05:30:33Z,2026-09-05T07:24:00.000+02:00,A0022011210,A22,80.0,120
2026-09-05T05:30:33Z,2026-09-05T07:24:00.000+02:00,A0027020100,A27,74.0,470
2026-09-05T05:30:33Z,2026-09-05T07:24:00.000+02:00,A0001010300,A1,82.0,1400
2026-09-05T05:30:33Z,2026-09-05T07:24:00.000+02:00,A0022011220,A22,80.0,120
2026-09-05T05:30:33Z,2026-09-05T07:24:00.000+02:00,N0227021400,N227,69.0,20
2026-09-05T05:30:33Z,2026-09-05T07:24:00.000+02:00,A9022101110,A22 (rocade),81.0,370
2026-09-05T05:30:33Z,2026-09-05T07:24:00.000+02:00,A0022022110,A22,91.0,1740
2026-09-05T05:30:33Z,2026-09-05T07:24:00.000+02:00,N0356010800,N356,76.0,920
2026-09-05T05:30:33Z,2026-09-05T07:24:00.000+02:00,A9001210710,A1 (bretelle),70.0,100
2026-09-05T05:30:33Z,2026-09-05T07:24:00.000+02:00,N0356021110,N356,74.0,1730
2026-09-05T05:30:33Z,2026-09-05T07:24:00.000+02:00,A0001010510,A1,82.0,1420
2026-09-05T05:30:33Z,2026-09-05T07:24:00.000+02:00,N0356021122,N356,67.0,1790
2026-09-05T05:30:33Z,2026-09-05T07:24:00.000+02:00,N0356021121,N356,74.0,1730
2026-09-05T05:30:33Z,2026-09-05T07:24:00.000+02:00,A0025010210,A25,78.0,1460
2026-09-05T05:30:33Z,2026-09-05T07:24:00.000+02:00,A0025011300,A25,91.0,640
2026-09-05T05:30:33Z,2026-09-05T07:24:00.000+02:00,A0001020300,A1,105.0,1930
2026-09-05T05:30:33Z,2026-09-05T07:24:00.000+02:00,A0025021100,A25,97.0,840
2026-09-05T05:30:33Z,2026-09-05T07:24:00.000+02:00,A0025023520,A25,112.0,370
2026-09-05T05:30:33Z,2026-09-05T07:24:00.000+02:00,A0022022130,A22,85.0,1590
2026-09-05T05:30:33Z,2026-09-05T07:24:00.000+02:00,A0025010220,A25,78.0,1460
2026-09-05T05:30:33Z,2026-09-05T07:24:00.000+02:00,A0022022120,A22,92.0,1700
2026-09-05T05:30:33Z,2026-09-05T07:24:00.000+02:00,A0001010520,A1,100.0,1590
2026-09-05T05:30:33Z,2026-09-05T07:24:00.000+02:00,A0022011000,A22,87.0,560
2026-09-05T05:30:33Z,2026-09-05T07:24:00.000+02:00,A0001020510,A1,104.0,1850
2026-09-05T05:30:33Z,2026-09-05T07:24:00.000+02:00,A0001021602,A1,87.0,2050
2026-09-05T05:30:33Z,2026-09-05T07:24:00.000+02:00,A22TC020222,A22 (contournement),91.0,770
2026-09-05T05:30:33Z,2026-09-05T07:24:00.000+02:00,A0001010940,A1,100.0,1470
2026-09-05T05:30:33Z,2026-09-05T07:24:00.000+02:00,A0025023320,A25,112.0,690
2026-09-05T05:30:33Z,2026-09-05T07:24:00.000+02:00,A0001020520,A1,102.0,1810
2026-09-05T05:30:33Z,2026-09-05T07:24:00.000+02:00,A0025023100,A25,111.0,710
2026-09-05T05:30:33Z,2026-09-05T07:24:00.000+02:00,A22TC020230,A22 (contournement),91.0,770
2026-09-05T05:30:33Z,2026-09-05T07:24:00.000+02:00,A0025021730,A25,93.0,1270
2026-09-05T05:30:33Z,2026-09-05T07:24:00.000+02:00,A0025023910,A25,111.0,290
2026-09-05T05:30:33Z,2026-09-05T07:24:00.000+02:00,A0025021735,A25,105.0,1230
2026-09-05T05:30:33Z,2026-09-05T07:24:00.000+02:00,A0023010400,A23,107.0,340
2026-09-05T05:30:33Z,2026-09-05T07:24:00.000+02:00,A0022021900,A22,83.0,1520
2026-09-05T05:30:33Z,2026-09-05T07:24:00.000+02:00,A9022100500,A22 (rocade),85.0,620
2026-09-05T05:30:33Z,2026-09-05T07:24:00.000+02:00,A0001020940,A1,91.0,1730
2026-09-05T05:30:33Z,2026-09-05T07:24:00.000+02:00,A0001020700,A1,99.0,1620
2026-09-05T05:30:33Z,2026-09-05T07:24:00.000+02:00,A9022020830,A22 (rocade),93.0,70
2026-09-05T05:30:33Z,2026-09-05T07:24:00.000+02:00,A9022020822,A22 (rocade),88.0,650
2026-09-05T05:30:33Z,2026-09-05T07:24:00.000+02:00,A9022020821,A22 (rocade),88.0,650
2026-09-05T05:30:33Z,2026-09-05T07:24:00.000+02:00,A0025020420,A25,76.0,1410
2026-09-05T05:30:33Z,2026-09-05T07:24:00.000+02:00,N0227010100,N227,64.0,410
2026-09-05T05:30:33Z,2026-09-05T07:24:00.000+02:00,A0025011720,A25,101.0,910
2026-09-05T05:30:33Z,2026-09-05T07:24:00.000+02:00,A0025021760,A25,93.0,1290
2026-09-05T05:30:33Z,2026-09-05T07:24:00.000+02:00,A0025011730,A25,92.0,870
2026-09-05T05:30:33Z,2026-09-05T07:24:00.000+02:00,A0025011735,A25,104.0,810
2026-09-05T05:30:33Z,2026-09-05T07:24:00.000+02:00,A9025080700,A25 (bretelle),,300
2026-09-05T05:30:33Z,2026-09-05T07:24:00.000+02:00,A9022100930,A22 (rocade),74.0,20
2026-09-05T05:30:33Z,2026-09-05T07:24:00.000+02:00,N0356011220,N356,77.0,850
2026-09-05T05:30:33Z,2026-09-05T07:24:00.000+02:00,A0025011740,A25,92.0,820
2026-09-05T05:30:33Z,2026-09-05T07:24:00.000+02:00,A0025010410,A25,73.0,1240
2026-09-05T05:30:33Z,2026-09-05T07:24:00.000+02:00,A0023010200,A23,111.0,370
2026-09-05T05:30:33Z,2026-09-05T07:24:00.000+02:00,A9001210120,A1 (bretelle),76.0,300
2026-09-05T05:30:33Z,2026-09-05T07:24:00.000+02:00,A0025020210,A25,79.0,1760
2026-09-05T05:30:33Z,2026-09-05T07:24:00.000+02:00,N0356011210,N356,77.0,850
2026-09-05T05:30:33Z,2026-09-05T07:24:00.000+02:00,A0025011510,A25,92.0,790
2026-09-05T05:30:33Z,2026-09-05T07:24:00.000+02:00,A0025020220,A25,79.0,1760
2026-09-05T05:30:33Z,2026-09-05T07:24:00.000+02:00,N0227010302,N227,79.0,750
2026-09-05T05:30:33Z,2026-09-05T07:24:00.000+02:00,N0041010500,N41,105.0,540
2026-09-05T05:30:33Z,2026-09-05T07:24:00.000+02:00,N0227020101,N227,88.0,880
2026-09-05T05:30:33Z,2026-09-05T07:24:00.000+02:00,A9022100110,A22 (rocade),67.0,280
2026-09-05T05:30:33Z,2026-09-05T07:24:00.000+02:00,A0022010400,A22,73.0,770
2026-09-05T05:30:33Z,2026-09-05T07:24:00.000+02:00,N0356010302,N356,78.0,2020
2026-09-05T05:30:33Z,2026-09-05T07:24:00.000+02:00,A0025010800,A25,79.0,1040
2026-09-05T05:30:33Z,2026-09-05T07:24:00.000+02:00,A0027020621,A27,99.0,580
2026-09-05T05:30:33Z,2026-09-05T07:24:00.000+02:00,N0041010700,N41,109.0,90
2026-09-05T05:30:33Z,2026-09-05T07:24:00.000+02:00,A0027020630,A27,101.0,600
2026-09-05T05:30:33Z,2026-09-05T07:24:00.000+02:00,A0022021512,A22,79.0,1400
2026-09-05T05:30:33Z,2026-09-05T07:24:00.000+02:00,A0022021511,A22,80.0,1430
2026-09-05T05:30:33Z,2026-09-05T07:24:00.000+02:00,A0027020610,A27,99.0,580
2026-09-05T05:30:33Z,2026-09-05T07:24:00.000+02:00,A0025021720,A25,105.0,1250
2026-09-05T05:30:33Z,2026-09-05T07:24:00.000+02:00,A0022021520,A22,79.0,1400
2026-09-05T05:30:33Z,2026-09-05T07:24:00.000+02:00,A0025022140,A25,115.0,910
2026-09-05T05:30:33Z,2026-09-05T07:24:00.000+02:00,A0022011302,A22,78.0,420
2026-09-05T05:30:33Z,2026-09-05T07:24:00.000+02:00,A0025022160,A25,110.0,880
2026-09-05T05:30:33Z,2026-09-05T07:24:00.000+02:00,A9025060104,A25 (bretelle),79.0,520
2026-09-05T05:30:33Z,2026-09-05T07:24:00.000+02:00,A0027010201,A27,94.0,460
2026-09-05T05:30:33Z,2026-09-05T07:24:00.000+02:00,A0027010202,A27,88.0,200
2026-09-05T05:30:33Z,2026-09-05T07:24:00.000+02:00,N9227110110,N227 (bretelle),74.0,460
2026-09-05T05:30:33Z,2026-09-05T07:24:00.000+02:00,A0025012130,A25,120.0,580
2026-09-05T05:30:33Z,2026-09-05T07:24:00.000+02:00,A0027010210,A27,88.0,200
2026-09-05T05:30:33Z,2026-09-05T07:24:00.000+02:00,A0025011050,A25,88.0,630
2026-09-05T05:30:33Z,2026-09-05T07:24:00.000+02:00,A0025012140,A25,120.0,900
2026-09-05T05:30:33Z,2026-09-05T07:24:00.000+02:00,A0027010421,A27,98.0,320
2026-09-05T05:30:33Z,2026-09-05T07:24:00.000+02:00,A0022012420,A22,94.0,600
2026-09-05T05:30:33Z,2026-09-05T07:24:00.000+02:00,A0027010430,A27,101.0,360
2026-09-05T05:30:33Z,2026-09-05T07:24:00.000+02:00,A0023020710,A23,109.0,640
2026-09-05T05:30:33Z,2026-09-05T07:24:00.000+02:00,A0022012430,A22,95.0,600
2026-09-05T05:30:33Z,2026-09-05T07:24:00.000+02:00,A0025012160,A25,126.0,870
2026-09-05T05:30:33Z,2026-09-05T07:24:00.000+02:00,A9022021200,A22 (rocade),64.0,250
2026-09-05T05:30:33Z,2026-09-05T07:24:00.000+02:00,A0001021100,A1,90.0,1730
2026-09-05T05:30:33Z,2026-09-05T07:24:00.000+02:00,A9022101000,A22 (rocade),69.0,300
2026-09-05T05:30:33Z,2026-09-05T07:24:00.000+02:00,A0025013020,A25,114.0,730
2026-09-05T05:30:33Z,2026-09-05T07:24:00.000+02:00,A0027010410,A27,98.0,320
2026-09-05T05:30:33Z,2026-09-05T07:24:00.000+02:00,A0022012410,A22,94.0,590
2026-09-05T05:30:33Z,2026-09-05T07:24:00.000+02:00,A0001A20112,A1,91.0,760
2026-09-05T05:30:33Z,2026-09-05T07:24:00.000+02:00,A0001A20111,A1,88.0,540
2026-09-05T05:30:33Z,2026-09-05T07:24:00.000+02:00,A0025010320,A25,76.0,580
2026-09-05T05:30:33Z,2026-09-05T07:24:00.000+02:00,A0025022540,A25,112.0,800
2026-09-05T05:30:33Z,2026-09-05T07:24:00.000+02:00,A0025022300,A25,112.0,650
2026-09-05T05:30:33Z,2026-09-05T07:24:00.000+02:00,N0356021000,N356,75.0,1630
2026-09-05T05:30:33Z,2026-09-05T07:24:00.000+02:00,A22TC010102,A22 (contournement),86.0,530
2026-09-05T05:30:33Z,2026-09-05T07:24:00.000+02:00,A0001011503,A1,90.0,1920
2026-09-05T05:30:33Z,2026-09-05T07:24:00.000+02:00,A0022012200,A22,84.0,550
2026-09-05T05:30:33Z,2026-09-05T07:24:00.000+02:00,A22TC020102,A22 (contournement),86.0,750
2026-09-05T05:30:33Z,2026-09-05T07:24:00.000+02:00,A22TC010300,A22 (contournement),84.0,780
2026-09-05T05:30:33Z,2026-09-05T07:24:00.000+02:00,A0022012010,A22,85.0,410
2026-09-05T05:30:33Z,2026-09-05T07:24:00.000+02:00,A0022012020,A22,85.0,410
2026-09-05T05:30:33Z,2026-09-05T07:24:00.000+02:00,A0025022130,A25,131.0,880
2026-09-05T05:30:33Z,2026-09-05T07:24:00.000+02:00,A0023010520,A23,115.0,350
2026-09-05T05:30:33Z,2026-09-05T07:24:00.000+02:00,N0041020800,N41,101.0,600
2026-09-05T05:30:33Z,2026-09-05T07:24:00.000+02:00,A0025010500,A25,71.0,940
2026-09-05T05:30:33Z,2026-09-05T07:24:00.000+02:00,A0022020901,A22,72.0,1020
2026-09-05T05:30:33Z,2026-09-05T07:24:00.000+02:00,A0022020902,A22,72.0,1000
2026-09-05T05:30:33Z,2026-09-05T07:24:00.000+02:00,A0025020310,A25,73.0,1220
2026-09-05T05:30:33Z,2026-09-05T07:24:00.000+02:00,A0022021810,A22,82.0,1440
2026-09-05T05:30:33Z,2026-09-05T07:24:00.000+02:00,N0356011100,N356,75.0,850
2026-09-05T05:30:33Z,2026-09-05T07:24:00.000+02:00,A0022021820,A22,82.0,1440
2026-09-05T05:30:33Z,2026-09-05T07:24:00.000+02:00,N0356020802,N356,49.0,1570
2026-09-05T05:30:33Z,2026-09-05T07:24:00.000+02:00,A0025020102,A25,72.0,310
2026-09-05T05:30:33Z,2026-09-05T07:24:00.000+02:00,A0025010310,A25,77.0,970
2026-09-05T05:30:33Z,2026-09-05T07:24:00.000+02:00,A0023010100,A23,105.0,90
2026-09-05T05:30:33Z,2026-09-05T07:24:00.000+02:00,A0025022530,A25,113.0,760
2026-09-05T05:30:33Z,2026-09-05T07:24:00.000+02:00,A9001210200,A1 (bretelle),70.0,500
2026-09-05T05:30:33Z,2026-09-05T07:24:00.000+02:00,A0022010700,A22,81.0,510
2026-09-05T05:30:33Z,2026-09-05T07:24:00.000+02:00,N0041020400,N41,99.0,700
2026-09-05T05:30:33Z,2026-09-05T07:24:00.000+02:00,A0023020720,A23,119.0,590
2026-09-05T05:30:33Z,2026-09-05T07:24:00.000+02:00,A0022020500,A22,72.0,580
2026-09-05T05:30:33Z,2026-09-05T07:24:00.000+02:00,N93563b0150,N356 (bretelle),72.0,10
2026-09-05T05:30:33Z,2026-09-05T07:24:00.000+02:00,A0025020950,A25,91.0,1210
2026-09-05T05:30:33Z,2026-09-05T07:24:00.000+02:00,A0023020300,A23,94.0,350
2026-09-05T05:30:33Z,2026-09-05T07:24:00.000+02:00,A0001011000,A1,87.0,1410
2026-09-05T05:30:33Z,2026-09-05T07:24:00.000+02:00,A0027020500,A27,90.0,370
2026-09-05T05:30:33Z,2026-09-05T07:24:00.000+02:00,N0356011500,N356,71.0,930
2026-09-05T05:30:33Z,2026-09-05T07:24:00.000+02:00,A0001010150,A1,102.0,1460
2026-09-05T05:30:33Z,2026-09-05T07:24:00.000+02:00,N0356020400,N356,76.0,450
2026-09-05T05:30:33Z,2026-09-05T07:24:00.000+02:00,N0041020600,N41,106.0,530
2026-09-05T05:30:33Z,2026-09-05T07:24:00.000+02:00,A0025010700,A25,75.0,920
2026-09-05T05:30:33Z,2026-09-05T07:24:00.000+02:00,A0002011230,A2,108.0,940
2026-09-05T05:30:33Z,2026-09-05T07:24:00.000+02:00,A0025020500,A25,73.0,920
2026-09-05T05:30:33Z,2026-09-05T07:24:00.000+02:00,A0002021290,A2,105.0,1470
2026-09-05T05:30:33Z,2026-09-05T07:24:00.000+02:00,A0022011600,A22,82.0,420
2026-09-05T05:40:29Z,2026-09-05T07:30:00.000+02:00,A0001011200,A1,82.0,1460
2026-09-05T05:40:29Z,2026-09-05T07:30:00.000+02:00,A0027010102,A27,89.0,960
2026-09-05T05:40:29Z,2026-09-05T07:30:00.000+02:00,N0041010100,N41,87.0,440
2026-09-05T05:40:29Z,2026-09-05T07:30:00.000+02:00,A0027010101,A27,89.0,960
2026-09-05T05:40:29Z,2026-09-05T07:30:00.000+02:00,A0001020150,A1,108.0,1840
2026-09-05T05:40:29Z,2026-09-05T07:30:00.000+02:00,N0356011700,N356,75.0,720
2026-09-05T05:40:29Z,2026-09-05T07:30:00.000+02:00,N9227110200,N227 (bretelle),75.0,10
2026-09-05T05:40:29Z,2026-09-05T07:30:00.000+02:00,N0356021300,N356,69.0,1880
2026-09-05T05:40:29Z,2026-09-05T07:30:00.000+02:00,A0022011400,A22,77.0,190
2026-09-05T05:40:29Z,2026-09-05T07:30:00.000+02:00,A0027010300,A27,88.0,280
2026-09-05T05:40:29Z,2026-09-05T07:30:00.000+02:00,A9022020250,A22 (rocade),27.0,260
2026-09-05T05:40:29Z,2026-09-05T07:30:00.000+02:00,N0041010300,N41,94.0,720
2026-09-05T05:40:29Z,2026-09-05T07:30:00.000+02:00,A0022011210,A22,80.0,110
2026-09-05T05:40:29Z,2026-09-05T07:30:00.000+02:00,A0027020100,A27,74.0,260
2026-09-05T05:40:29Z,2026-09-05T07:30:00.000+02:00,A0001010300,A1,94.0,1630
2026-09-05T05:40:29Z,2026-09-05T07:30:00.000+02:00,A0022011220,A22,80.0,110
2026-09-05T05:40:29Z,2026-09-05T07:30:00.000+02:00,N0227021400,N227,69.0,30
2026-09-05T05:40:29Z,2026-09-05T07:30:00.000+02:00,A9022101110,A22 (rocade),79.0,300
2026-09-05T05:40:29Z,2026-09-05T07:30:00.000+02:00,A0022022110,A22,89.0,1810
2026-09-05T05:40:29Z,2026-09-05T07:30:00.000+02:00,N0356010800,N356,74.0,730
2026-09-05T05:40:29Z,2026-09-05T07:30:00.000+02:00,A9001210710,A1 (bretelle),74.0,640
2026-09-05T05:40:29Z,2026-09-05T07:30:00.000+02:00,N0356021110,N356,72.0,2070
2026-09-05T05:40:29Z,2026-09-05T07:30:00.000+02:00,A0001010510,A1,94.0,1570
2026-09-05T05:40:29Z,2026-09-05T07:30:00.000+02:00,N0356021122,N356,66.0,2040
2026-09-05T05:40:29Z,2026-09-05T07:30:00.000+02:00,N0356021121,N356,72.0,2070
2026-09-05T05:40:29Z,2026-09-05T07:30:00.000+02:00,A0025010210,A25,80.0,1460
2026-09-05T05:40:29Z,2026-09-05T07:30:00.000+02:00,A0025011300,A25,87.0,520
2026-09-05T05:40:29Z,2026-09-05T07:30:00.000+02:00,A0001020300,A1,109.0,1830
2026-09-05T05:40:29Z,2026-09-05T07:30:00.000+02:00,A0025021100,A25,92.0,780
2026-09-05T05:40:29Z,2026-09-05T07:30:00.000+02:00,A0025023520,A25,112.0,540
2026-09-05T05:40:29Z,2026-09-05T07:30:00.000+02:00,A0022022130,A22,86.0,1740
2026-09-05T05:40:29Z,2026-09-05T07:30:00.000+02:00,A0025010220,A25,80.0,1460
2026-09-05T05:40:29Z,2026-09-05T07:30:00.000+02:00,A0022022120,A22,92.0,1850
2026-09-05T05:40:29Z,2026-09-05T07:30:00.000+02:00,A0001010520,A1,98.0,1640
2026-09-05T05:40:29Z,2026-09-05T07:30:00.000+02:00,A0022011000,A22,85.0,340
2026-09-05T05:40:29Z,2026-09-05T07:30:00.000+02:00,A0001020510,A1,107.0,1930
2026-09-05T05:40:29Z,2026-09-05T07:30:00.000+02:00,A0001021602,A1,89.0,1720
2026-09-05T05:40:29Z,2026-09-05T07:30:00.000+02:00,A22TC020222,A22 (contournement),86.0,750
2026-09-05T05:40:29Z,2026-09-05T07:30:00.000+02:00,A0001010940,A1,96.0,1690
2026-09-05T05:40:29Z,2026-09-05T07:30:00.000+02:00,A0025023320,A25,117.0,640
2026-09-05T05:40:29Z,2026-09-05T07:30:00.000+02:00,A0001020520,A1,104.0,1960
2026-09-05T05:40:29Z,2026-09-05T07:30:00.000+02:00,A0025023100,A25,112.0,560
2026-09-05T05:40:29Z,2026-09-05T07:30:00.000+02:00,A22TC020230,A22 (contournement),86.0,750
2026-09-05T05:40:29Z,2026-09-05T07:30:00.000+02:00,A0025021730,A25,91.0,1270
2026-09-05T05:40:29Z,2026-09-05T07:30:00.000+02:00,A0025023910,A25,115.0,560
2026-09-05T05:40:29Z,2026-09-05T07:30:00.000+02:00,A0025021735,A25,105.0,1240
2026-09-05T05:40:29Z,2026-09-05T07:30:00.000+02:00,A0023010400,A23,109.0,460
2026-09-05T05:40:29Z,2026-09-05T07:30:00.000+02:00,A0022021900,A22,81.0,1470
2026-09-05T05:40:29Z,2026-09-05T07:30:00.000+02:00,A9022100500,A22 (rocade),83.0,650
2026-09-05T05:40:29Z,2026-09-05T07:30:00.000+02:00,A0001020940,A1,91.0,1890
2026-09-05T05:40:29Z,2026-09-05T07:30:00.000+02:00,A0001020700,A1,100.0,1730
2026-09-05T05:40:29Z,2026-09-05T07:30:00.000+02:00,A9022020830,A22 (rocade),86.0,90
2026-09-05T05:40:29Z,2026-09-05T07:30:00.000+02:00,A9022020822,A22 (rocade),76.0,860
2026-09-05T05:40:29Z,2026-09-05T07:30:00.000+02:00,A9022020821,A22 (rocade),76.0,860
2026-09-05T05:40:29Z,2026-09-05T07:30:00.000+02:00,A0025020420,A25,75.0,1430
2026-09-05T05:40:29Z,2026-09-05T07:30:00.000+02:00,N0227010100,N227,67.0,260
2026-09-05T05:40:29Z,2026-09-05T07:30:00.000+02:00,A0025011720,A25,99.0,960
2026-09-05T05:40:29Z,2026-09-05T07:30:00.000+02:00,A0025021760,A25,89.0,1260
2026-09-05T05:40:29Z,2026-09-05T07:30:00.000+02:00,A0025011730,A25,89.0,990
2026-09-05T05:40:29Z,2026-09-05T07:30:00.000+02:00,A0025011735,A25,103.0,1020
2026-09-05T05:40:29Z,2026-09-05T07:30:00.000+02:00,A9025080700,A25 (bretelle),,220
2026-09-05T05:40:29Z,2026-09-05T07:30:00.000+02:00,A9022100930,A22 (rocade),74.0,20
2026-09-05T05:40:29Z,2026-09-05T07:30:00.000+02:00,N0356011220,N356,75.0,730
2026-09-05T05:40:29Z,2026-09-05T07:30:00.000+02:00,A0025011740,A25,89.0,1070
2026-09-05T05:40:29Z,2026-09-05T07:30:00.000+02:00,A0025010410,A25,72.0,970
2026-09-05T05:40:29Z,2026-09-05T07:30:00.000+02:00,A0023010200,A23,103.0,400
2026-09-05T05:40:29Z,2026-09-05T07:30:00.000+02:00,A9001210120,A1 (bretelle),77.0,240
2026-09-05T05:40:29Z,2026-09-05T07:30:00.000+02:00,A0025020210,A25,78.0,1720
2026-09-05T05:40:29Z,2026-09-05T07:30:00.000+02:00,N0356011210,N356,75.0,730
2026-09-05T05:40:29Z,2026-09-05T07:30:00.000+02:00,A0025011510,A25,90.0,640
2026-09-05T05:40:29Z,2026-09-05T07:30:00.000+02:00,A0025020220,A25,78.0,1720
2026-09-05T05:40:29Z,2026-09-05T07:30:00.000+02:00,N0227010302,N227,81.0,590
2026-09-05T05:40:29Z,2026-09-05T07:30:00.000+02:00,N0041010500,N41,105.0,610
2026-09-05T05:40:29Z,2026-09-05T07:30:00.000+02:00,N0227020101,N227,81.0,920
2026-09-05T05:40:29Z,2026-09-05T07:30:00.000+02:00,A9022100110,A22 (rocade),75.0,190
2026-09-05T05:40:29Z,2026-09-05T07:30:00.000+02:00,A0022010400,A22,74.0,640
2026-09-05T05:40:29Z,2026-09-05T07:30:00.000+02:00,N0356010302,N356,78.0,1920
2026-09-05T05:40:29Z,2026-09-05T07:30:00.000+02:00,A0025010800,A25,74.0,680
2026-09-05T05:40:29Z,2026-09-05T07:30:00.000+02:00,A0027020621,A27,100.0,690
2026-09-05T05:40:29Z,2026-09-05T07:30:00.000+02:00,N0041010700,N41,107.0,200
2026-09-05T05:40:29Z,2026-09-05T07:30:00.000+02:00,A0027020630,A27,100.0,760
2026-09-05T05:40:29Z,2026-09-05T07:30:00.000+02:00,A0022021512,A22,77.0,1380
2026-09-05T05:40:29Z,2026-09-05T07:30:00.000+02:00,A0022021511,A22,78.0,1400
2026-09-05T05:40:29Z,2026-09-05T07:30:00.000+02:00,A0027020610,A27,100.0,690
2026-09-05T05:40:29Z,2026-09-05T07:30:00.000+02:00,A0025021720,A25,104.0,1300
2026-09-05T05:40:29Z,2026-09-05T07:30:00.000+02:00,A0022021520,A22,77.0,1380
2026-09-05T05:40:29Z,2026-09-05T07:30:00.000+02:00,A0025022140,A25,115.0,1020
2026-09-05T05:40:29Z,2026-09-05T07:30:00.000+02:00,A0022011302,A22,76.0,400
2026-09-05T05:40:29Z,2026-09-05T07:30:00.000+02:00,A0025022160,A25,110.0,1180
2026-09-05T05:40:29Z,2026-09-05T07:30:00.000+02:00,A9025060104,A25 (bretelle),75.0,580
2026-09-05T05:40:29Z,2026-09-05T07:30:00.000+02:00,A0027010201,A27,92.0,540
2026-09-05T05:40:29Z,2026-09-05T07:30:00.000+02:00,A0027010202,A27,76.0,260
2026-09-05T05:40:29Z,2026-09-05T07:30:00.000+02:00,N9227110110,N227 (bretelle),78.0,310
2026-09-05T05:40:29Z,2026-09-05T07:30:00.000+02:00,A0025012130,A25,103.0,590
2026-09-05T05:40:29Z,2026-09-05T07:30:00.000+02:00,A0027010210,A27,76.0,260
2026-09-05T05:40:29Z,2026-09-05T07:30:00.000+02:00,A0025011050,A25,90.0,360
2026-09-05T05:40:29Z,2026-09-05T07:30:00.000+02:00,A0025012140,A25,103.0,930
2026-09-05T05:40:29Z,2026-09-05T07:30:00.000+02:00,A0027010421,A27,95.0,330
2026-09-05T05:40:29Z,2026-09-05T07:30:00.000+02:00,A0022012420,A22,95.0,760
2026-09-05T05:40:29Z,2026-09-05T07:30:00.000+02:00,A0027010430,A27,100.0,320
2026-09-05T05:40:29Z,2026-09-05T07:30:00.000+02:00,A0023020710,A23,109.0,770
2026-09-05T05:40:29Z,2026-09-05T07:30:00.000+02:00,A0022012430,A22,95.0,760
2026-09-05T05:40:29Z,2026-09-05T07:30:00.000+02:00,A0025012160,A25,125.0,840
2026-09-05T05:40:29Z,2026-09-05T07:30:00.000+02:00,A9022021200,A22 (rocade),61.0,240
2026-09-05T05:40:29Z,2026-09-05T07:30:00.000+02:00,A0001021100,A1,89.0,1520
2026-09-05T05:40:29Z,2026-09-05T07:30:00.000+02:00,A9022101000,A22 (rocade),69.0,210
2026-09-05T05:40:29Z,2026-09-05T07:30:00.000+02:00,A0025013020,A25,122.0,570
2026-09-05T05:40:29Z,2026-09-05T07:30:00.000+02:00,A0027010410,A27,95.0,330
2026-09-05T05:40:29Z,2026-09-05T07:30:00.000+02:00,A0022012410,A22,95.0,760
2026-09-05T05:40:29Z,2026-09-05T07:30:00.000+02:00,A0001A20112,A1,91.0,780
2026-09-05T05:40:29Z,2026-09-05T07:30:00.000+02:00,A0001A20111,A1,91.0,460
2026-09-05T05:40:29Z,2026-09-05T07:30:00.000+02:00,A0025010320,A25,73.0,750
2026-09-05T05:40:29Z,2026-09-05T07:30:00.000+02:00,A0025022540,A25,116.0,590
2026-09-05T05:40:29Z,2026-09-05T07:30:00.000+02:00,A0025022300,A25,112.0,580
2026-09-05T05:40:29Z,2026-09-05T07:30:00.000+02:00,N0356021000,N356,68.0,1810
2026-09-05T05:40:29Z,2026-09-05T07:30:00.000+02:00,A22TC010102,A22 (contournement),88.0,500
2026-09-05T05:40:29Z,2026-09-05T07:30:00.000+02:00,A0001011503,A1,91.0,1900
2026-09-05T05:40:29Z,2026-09-05T07:30:00.000+02:00,A0022012200,A22,85.0,700
2026-09-05T05:40:29Z,2026-09-05T07:30:00.000+02:00,A22TC020102,A22 (contournement),85.0,780
2026-09-05T05:40:29Z,2026-09-05T07:30:00.000+02:00,A22TC010300,A22 (contournement),87.0,640
2026-09-05T05:40:29Z,2026-09-05T07:30:00.000+02:00,A0022012010,A22,82.0,560
2026-09-05T05:40:29Z,2026-09-05T07:30:00.000+02:00,A0022012020,A22,82.0,560
2026-09-05T05:40:29Z,2026-09-05T07:30:00.000+02:00,A0025022130,A25,129.0,1070
2026-09-05T05:40:29Z,2026-09-05T07:30:00.000+02:00,A0023010520,A23,114.0,420
2026-09-05T05:40:29Z,2026-09-05T07:30:00.000+02:00,N0041020800,N41,103.0,580
2026-09-05T05:40:29Z,2026-09-05T07:30:00.000+02:00,A0025010500,A25,71.0,570
2026-09-05T05:40:29Z,2026-09-05T07:30:00.000+02:00,A0022020901,A22,78.0,870
2026-09-05T05:40:29Z,2026-09-05T07:30:00.000+02:00,A0022020902,A22,78.0,1000
2026-09-05T05:40:29Z,2026-09-05T07:30:00.000+02:00,A0025020310,A25,74.0,1260
2026-09-05T05:40:29Z,2026-09-05T07:30:00.000+02:00,A0022021810,A22,82.0,1510
2026-09-05T05:40:29Z,2026-09-05T07:30:00.000+02:00,N0356011100,N356,75.0,660
2026-09-05T05:40:29Z,2026-09-05T07:30:00.000+02:00,A0022021820,A22,82.0,1510
2026-09-05T05:40:29Z,2026-09-05T07:30:00.000+02:00,N0356020802,N356,8.0,1220
2026-09-05T05:40:29Z,2026-09-05T07:30:00.000+02:00,A0025020102,A25,74.0,380
2026-09-05T05:40:29Z,2026-09-05T07:30:00.000+02:00,A0025010310,A25,78.0,830
2026-09-05T05:40:29Z,2026-09-05T07:30:00.000+02:00,A0023010100,A23,98.0,50
2026-09-05T05:40:29Z,2026-09-05T07:30:00.000+02:00,A0025022530,A25,118.0,620
2026-09-05T05:40:29Z,2026-09-05T07:30:00.000+02:00,A9001210200,A1 (bretelle),71.0,450
2026-09-05T05:40:29Z,2026-09-05T07:30:00.000+02:00,A0022010700,A22,83.0,460
2026-09-05T05:40:29Z,2026-09-05T07:30:00.000+02:00,N0041020400,N41,94.0,560
2026-09-05T05:40:29Z,2026-09-05T07:30:00.000+02:00,A0023020720,A23,113.0,780
2026-09-05T05:40:29Z,2026-09-05T07:30:00.000+02:00,A0022020500,A22,78.0,500
2026-09-05T05:40:29Z,2026-09-05T07:30:00.000+02:00,N93563b0150,N356 (bretelle),87.0,10
2026-09-05T05:40:29Z,2026-09-05T07:30:00.000+02:00,A0025020950,A25,92.0,1190
2026-09-05T05:40:29Z,2026-09-05T07:30:00.000+02:00,A0023020300,A23,93.0,330
2026-09-05T05:40:29Z,2026-09-05T07:30:00.000+02:00,A0001011000,A1,87.0,1470
2026-09-05T05:40:29Z,2026-09-05T07:30:00.000+02:00,A0027020500,A27,92.0,530
2026-09-05T05:40:29Z,2026-09-05T07:30:00.000+02:00,N0356011500,N356,70.0,790
2026-09-05T05:40:29Z,2026-09-05T07:30:00.000+02:00,A0001010150,A1,100.0,1790
2026-09-05T05:40:29Z,2026-09-05T07:30:00.000+02:00,N0356020400,N356,65.0,400
2026-09-05T05:40:29Z,2026-09-05T07:30:00.000+02:00,N0041020600,N41,104.0,470
2026-09-05T05:40:29Z,2026-09-05T07:30:00.000+02:00,A0025010700,A25,71.0,570
2026-09-05T05:40:29Z,2026-09-05T07:30:00.000+02:00,A0002011230,A2,109.0,1020
2026-09-05T05:40:29Z,2026-09-05T07:30:00.000+02:00,A0025020500,A25,73.0,1050
2026-09-05T05:40:29Z,2026-09-05T07:30:00.000+02:00,A0002021290,A2,107.0,1590
2026-09-05T05:40:29Z,2026-09-05T07:30:00.000+02:00,A0022011600,A22,82.0,530
2026-09-05T05:50:32Z,2026-09-05T07:42:00.000+02:00,A0001011200,A1,82.0,2000
2026-09-05T05:50:32Z,2026-09-05T07:42:00.000+02:00,A0027010102,A27,119.0,1500
2026-09-05T05:50:32Z,2026-09-05T07:42:00.000+02:00,N0041010100,N41,88.0,500
2026-09-05T05:50:32Z,2026-09-05T07:42:00.000+02:00,A0027010101,A27,119.0,1500
2026-09-05T05:50:32Z,2026-09-05T07:42:00.000+02:00,A0001020150,A1,109.0,1750
2026-09-05T05:50:32Z,2026-09-05T07:42:00.000+02:00,N0356011700,N356,77.0,990
2026-09-05T05:50:32Z,2026-09-05T07:42:00.000+02:00,N0356021300,N356,70.0,1360
2026-09-05T05:50:32Z,2026-09-05T07:42:00.000+02:00,A0022011400,A22,85.0,170
2026-09-05T05:50:32Z,2026-09-05T07:42:00.000+02:00,A0027010300,A27,92.0,330
2026-09-05T05:50:32Z,2026-09-05T07:42:00.000+02:00,A9022020250,A22 (rocade),54.0,410
2026-09-05T05:50:32Z,2026-09-05T07:42:00.000+02:00,N0041010300,N41,92.0,900
2026-09-05T05:50:32Z,2026-09-05T07:42:00.000+02:00,A0022011210,A22,67.0,180
2026-09-05T05:50:32Z,2026-09-05T07:42:00.000+02:00,A0027020100,A27,74.0,670
2026-09-05T05:50:32Z,2026-09-05T07:42:00.000+02:00,A0001010300,A1,112.0,1860
2026-09-05T05:50:32Z,2026-09-05T07:42:00.000+02:00,A0022011220,A22,67.0,180
2026-09-05T05:50:32Z,2026-09-05T07:42:00.000+02:00,A9022101110,A22 (rocade),81.0,420
2026-09-05T05:50:32Z,2026-09-05T07:42:00.000+02:00,A0022022110,A22,91.0,1670
2026-09-05T05:50:32Z,2026-09-05T07:42:00.000+02:00,N0356010800,N356,75.0,970
2026-09-05T05:50:32Z,2026-09-05T07:42:00.000+02:00,A9001210710,A1 (bretelle),70.0,100
2026-09-05T05:50:32Z,2026-09-05T07:42:00.000+02:00,N0356021110,N356,68.0,1580
2026-09-05T05:50:32Z,2026-09-05T07:42:00.000+02:00,A0001010510,A1,112.0,1750
2026-09-05T05:50:32Z,2026-09-05T07:42:00.000+02:00,N0356021122,N356,68.0,1510
2026-09-05T05:50:32Z,2026-09-05T07:42:00.000+02:00,N0356021121,N356,68.0,1580
2026-09-05T05:50:32Z,2026-09-05T07:42:00.000+02:00,A0025010210,A25,77.0,1830
2026-09-05T05:50:32Z,2026-09-05T07:42:00.000+02:00,A0025011300,A25,88.0,440
2026-09-05T05:50:32Z,2026-09-05T07:42:00.000+02:00,A0001020300,A1,110.0,1590
2026-09-05T05:50:32Z,2026-09-05T07:42:00.000+02:00,A0025021100,A25,98.0,760
2026-09-05T05:50:32Z,2026-09-05T07:42:00.000+02:00,A0025023520,A25,114.0,590
2026-09-05T05:50:32Z,2026-09-05T07:42:00.000+02:00,A0022022130,A22,85.0,1720
2026-09-05T05:50:32Z,2026-09-05T07:42:00.000+02:00,A0025010220,A25,77.0,1830
2026-09-05T05:50:32Z,2026-09-05T07:42:00.000+02:00,A0022022120,A22,92.0,1740
2026-09-05T05:50:32Z,2026-09-05T07:42:00.000+02:00,A0001010520,A1,105.0,1920
2026-09-05T05:50:32Z,2026-09-05T07:42:00.000+02:00,A0022011000,A22,92.0,760
2026-09-05T05:50:32Z,2026-09-05T07:42:00.000+02:00,A0001020510,A1,107.0,1670
2026-09-05T05:50:32Z,2026-09-05T07:42:00.000+02:00,A0001021602,A1,88.0,2210
2026-09-05T05:50:32Z,2026-09-05T07:42:00.000+02:00,A22TC020222,A22 (contournement),88.0,1000
2026-09-05T05:50:32Z,2026-09-05T07:42:00.000+02:00,A0001010940,A1,101.0,1900
2026-09-05T05:50:32Z,2026-09-05T07:42:00.000+02:00,A0025023320,A25,115.0,910
2026-09-05T05:50:32Z,2026-09-05T07:42:00.000+02:00,A0001020520,A1,105.0,1710
2026-09-05T05:50:32Z,2026-09-05T07:42:00.000+02:00,A0025023100,A25,112.0,780
2026-09-05T05:50:32Z,2026-09-05T07:42:00.000+02:00,A22TC020230,A22 (contournement),88.0,1000
2026-09-05T05:50:32Z,2026-09-05T07:42:00.000+02:00,A0025021730,A25,92.0,1330
2026-09-05T05:50:32Z,2026-09-05T07:42:00.000+02:00,A0025023910,A25,116.0,480
2026-09-05T05:50:32Z,2026-09-05T07:42:00.000+02:00,A0025021735,A25,105.0,1330
2026-09-05T05:50:32Z,2026-09-05T07:42:00.000+02:00,A0023010400,A23,106.0,410
2026-09-05T05:50:32Z,2026-09-05T07:42:00.000+02:00,A0022021900,A22,81.0,1700
2026-09-05T05:50:32Z,2026-09-05T07:42:00.000+02:00,A9022100500,A22 (rocade),83.0,580
2026-09-05T05:50:32Z,2026-09-05T07:42:00.000+02:00,A0001020940,A1,91.0,1700
2026-09-05T05:50:32Z,2026-09-05T07:42:00.000+02:00,A0001020700,A1,101.0,1450
2026-09-05T05:50:32Z,2026-09-05T07:42:00.000+02:00,A9022020830,A22 (rocade),91.0,100
2026-09-05T05:50:32Z,2026-09-05T07:42:00.000+02:00,A9022020822,A22 (rocade),89.0,1110
2026-09-05T05:50:32Z,2026-09-05T07:42:00.000+02:00,A9022020821,A22 (rocade),89.0,1110
2026-09-05T05:50:32Z,2026-09-05T07:42:00.000+02:00,A0025020420,A25,74.0,1450
2026-09-05T05:50:32Z,2026-09-05T07:42:00.000+02:00,A0025021510,A25,107.0,10
2026-09-05T05:50:32Z,2026-09-05T07:42:00.000+02:00,N0227010100,N227,65.0,550
2026-09-05T05:50:32Z,2026-09-05T07:42:00.000+02:00,A0025011720,A25,101.0,990
2026-09-05T05:50:32Z,2026-09-05T07:42:00.000+02:00,A0025021760,A25,92.0,1380
2026-09-05T05:50:32Z,2026-09-05T07:42:00.000+02:00,A0025011730,A25,90.0,950
2026-09-05T05:50:32Z,2026-09-05T07:42:00.000+02:00,A0025011735,A25,103.0,920
2026-09-05T05:50:32Z,2026-09-05T07:42:00.000+02:00,A9025080700,A25 (bretelle),,230
2026-09-05T05:50:32Z,2026-09-05T07:42:00.000+02:00,A9022100930,A22 (rocade),83.0,50
2026-09-05T05:50:32Z,2026-09-05T07:42:00.000+02:00,N0356011220,N356,76.0,1000
2026-09-05T05:50:32Z,2026-09-05T07:42:00.000+02:00,A0025011740,A25,88.0,960
2026-09-05T05:50:32Z,2026-09-05T07:42:00.000+02:00,A0025010410,A25,70.0,1260
2026-09-05T05:50:32Z,2026-09-05T07:42:00.000+02:00,A0023010200,A23,104.0,370
2026-09-05T05:50:32Z,2026-09-05T07:42:00.000+02:00,A9001210120,A1 (bretelle),78.0,250
2026-09-05T05:50:32Z,2026-09-05T07:42:00.000+02:00,A0025020210,A25,77.0,1960
2026-09-05T05:50:32Z,2026-09-05T07:42:00.000+02:00,N0356011210,N356,76.0,1000
2026-09-05T05:50:32Z,2026-09-05T07:42:00.000+02:00,A0025011510,A25,89.0,580
2026-09-05T05:50:32Z,2026-09-05T07:42:00.000+02:00,A0025020220,A25,77.0,1960
2026-09-05T05:50:32Z,2026-09-05T07:42:00.000+02:00,N0227010302,N227,76.0,1090
2026-09-05T05:50:32Z,2026-09-05T07:42:00.000+02:00,N0041010500,N41,104.0,700
2026-09-05T05:50:32Z,2026-09-05T07:42:00.000+02:00,N0227020101,N227,89.0,1070
2026-09-05T05:50:32Z,2026-09-05T07:42:00.000+02:00,A9022100110,A22 (rocade),73.0,210
2026-09-05T05:50:32Z,2026-09-05T07:42:00.000+02:00,A0022010400,A22,74.0,1060
2026-09-05T05:50:32Z,2026-09-05T07:42:00.000+02:00,N0356010302,N356,78.0,2330
2026-09-05T05:50:32Z,2026-09-05T07:42:00.000+02:00,A0025010800,A25,75.0,800
2026-09-05T05:50:32Z,2026-09-05T07:42:00.000+02:00,A0027020621,A27,100.0,720
2026-09-05T05:50:32Z,2026-09-05T07:42:00.000+02:00,N0041010700,N41,106.0,170
2026-09-05T05:50:32Z,2026-09-05T07:42:00.000+02:00,A0027020630,A27,103.0,680
2026-09-05T05:50:32Z,2026-09-05T07:42:00.000+02:00,A0022021512,A22,75.0,1400
2026-09-05T05:50:32Z,2026-09-05T07:42:00.000+02:00,A0022021511,A22,78.0,1420
2026-09-05T05:50:32Z,2026-09-05T07:42:00.000+02:00,A0027020610,A27,100.0,720
2026-09-05T05:50:32Z,2026-09-05T07:42:00.000+02:00,A0025021720,A25,105.0,1340
2026-09-05T05:50:32Z,2026-09-05T07:42:00.000+02:00,A0022021520,A22,75.0,1400
2026-09-05T05:50:32Z,2026-09-05T07:42:00.000+02:00,A0025022140,A25,115.0,1240
2026-09-05T05:50:32Z,2026-09-05T07:42:00.000+02:00,A0022011302,A22,82.0,520
2026-09-05T05:50:32Z,2026-09-05T07:42:00.000+02:00,A0025022160,A25,112.0,1230
2026-09-05T05:50:32Z,2026-09-05T07:42:00.000+02:00,A9025060104,A25 (bretelle),77.0,620
2026-09-05T05:50:32Z,2026-09-05T07:42:00.000+02:00,A0027010201,A27,90.0,560
2026-09-05T05:50:32Z,2026-09-05T07:42:00.000+02:00,A0027010202,A27,68.0,350
2026-09-05T05:50:32Z,2026-09-05T07:42:00.000+02:00,N9227110110,N227 (bretelle),77.0,510
2026-09-05T05:50:32Z,2026-09-05T07:42:00.000+02:00,A0025012130,A25,104.0,570
2026-09-05T05:50:32Z,2026-09-05T07:42:00.000+02:00,A0027010210,A27,68.0,350
2026-09-05T05:50:32Z,2026-09-05T07:42:00.000+02:00,A0025011050,A25,112.0,390
2026-09-05T05:50:32Z,2026-09-05T07:42:00.000+02:00,A0025012140,A25,104.0,740
2026-09-05T05:50:32Z,2026-09-05T07:42:00.000+02:00,A0027010421,A27,94.0,390
2026-09-05T05:50:32Z,2026-09-05T07:42:00.000+02:00,A0022012420,A22,96.0,890
2026-09-05T05:50:32Z,2026-09-05T07:42:00.000+02:00,A0027010430,A27,98.0,430
2026-09-05T05:50:32Z,2026-09-05T07:42:00.000+02:00,A0023020710,A23,106.0,870
2026-09-05T05:50:32Z,2026-09-05T07:42:00.000+02:00,A0022012430,A22,96.0,780
2026-09-05T05:50:32Z,2026-09-05T07:42:00.000+02:00,A0025012160,A25,122.0,770
2026-09-05T05:50:32Z,2026-09-05T07:42:00.000+02:00,A9022021200,A22 (rocade),62.0,210
2026-09-05T05:50:32Z,2026-09-05T07:42:00.000+02:00,A0001021100,A1,91.0,1680
2026-09-05T05:50:32Z,2026-09-05T07:42:00.000+02:00,A9022101000,A22 (rocade),87.0,320
2026-09-05T05:50:32Z,2026-09-05T07:42:00.000+02:00,A0025013020,A25,109.0,730
2026-09-05T05:50:32Z,2026-09-05T07:42:00.000+02:00,A0027010410,A27,94.0,390
2026-09-05T05:50:32Z,2026-09-05T07:42:00.000+02:00,A0022012410,A22,97.0,870
2026-09-05T05:50:32Z,2026-09-05T07:42:00.000+02:00,A0001A20112,A1,92.0,1010
2026-09-05T05:50:32Z,2026-09-05T07:42:00.000+02:00,A0001A20111,A1,90.0,670
2026-09-05T05:50:32Z,2026-09-05T07:42:00.000+02:00,A0025010320,A25,48.0,980
2026-09-05T05:50:32Z,2026-09-05T07:42:00.000+02:00,A0025022540,A25,114.0,980
2026-09-05T05:50:32Z,2026-09-05T07:42:00.000+02:00,A0025022300,A25,114.0,840
2026-09-05T05:50:32Z,2026-09-05T07:42:00.000+02:00,N0356021000,N356,12.0,1050
2026-09-05T05:50:32Z,2026-09-05T07:42:00.000+02:00,A22TC010102,A22 (contournement),86.0,820
2026-09-05T05:50:32Z,2026-09-05T07:42:00.000+02:00,A0001011503,A1,88.0,2640
2026-09-05T05:50:32Z,2026-09-05T07:42:00.000+02:00,A0022012200,A22,87.0,780
2026-09-05T05:50:32Z,2026-09-05T07:42:00.000+02:00,A22TC020102,A22 (contournement),86.0,1090
2026-09-05T05:50:32Z,2026-09-05T07:42:00.000+02:00,A22TC010300,A22 (contournement),85.0,960
2026-09-05T05:50:32Z,2026-09-05T07:42:00.000+02:00,A0022012010,A22,83.0,590
2026-09-05T05:50:32Z,2026-09-05T07:42:00.000+02:00,A0022012020,A22,83.0,590
2026-09-05T05:50:32Z,2026-09-05T07:42:00.000+02:00,A0025022130,A25,129.0,1260
2026-09-05T05:50:32Z,2026-09-05T07:42:00.000+02:00,A0023010520,A23,111.0,440
2026-09-05T05:50:32Z,2026-09-05T07:42:00.000+02:00,N0041020800,N41,98.0,630
2026-09-05T05:50:32Z,2026-09-05T07:42:00.000+02:00,A0025010500,A25,70.0,800
2026-09-05T05:50:32Z,2026-09-05T07:42:00.000+02:00,A0022020901,A22,71.0,1210
2026-09-05T05:50:32Z,2026-09-05T07:42:00.000+02:00,A0022020902,A22,71.0,1030
2026-09-05T05:50:32Z,2026-09-05T07:42:00.000+02:00,A0025020310,A25,83.0,1320
2026-09-05T05:50:32Z,2026-09-05T07:42:00.000+02:00,A0022021810,A22,79.0,1480
2026-09-05T05:50:32Z,2026-09-05T07:42:00.000+02:00,N0356011100,N356,76.0,820
2026-09-05T05:50:32Z,2026-09-05T07:42:00.000+02:00,A0022021820,A22,79.0,1480
2026-09-05T05:50:32Z,2026-09-05T07:42:00.000+02:00,N0356020802,N356,8.0,1230
2026-09-05T05:50:32Z,2026-09-05T07:42:00.000+02:00,A0025020102,A25,71.0,280
2026-09-05T05:50:32Z,2026-09-05T07:42:00.000+02:00,A0025010310,A25,76.0,1130
2026-09-05T05:50:32Z,2026-09-05T07:42:00.000+02:00,A0023010100,A23,125.0,70
2026-09-05T05:50:32Z,2026-09-05T07:42:00.000+02:00,A0025022530,A25,116.0,960
2026-09-05T05:50:32Z,2026-09-05T07:42:00.000+02:00,A9001210200,A1 (bretelle),69.0,530
2026-09-05T05:50:32Z,2026-09-05T07:42:00.000+02:00,A0022010700,A22,82.0,710
2026-09-05T05:50:32Z,2026-09-05T07:42:00.000+02:00,N0041020400,N41,91.0,650
2026-09-05T05:50:32Z,2026-09-05T07:42:00.000+02:00,A0023020720,A23,116.0,790
2026-09-05T05:50:32Z,2026-09-05T07:42:00.000+02:00,A0022020500,A22,71.0,680
2026-09-05T05:50:32Z,2026-09-05T07:42:00.000+02:00,A0025020950,A25,93.0,1220
2026-09-05T05:50:32Z,2026-09-05T07:42:00.000+02:00,A0023020300,A23,105.0,430
2026-09-05T05:50:32Z,2026-09-05T07:42:00.000+02:00,A0001011000,A1,88.0,1850
2026-09-05T05:50:32Z,2026-09-05T07:42:00.000+02:00,A0027020500,A27,94.0,500
2026-09-05T05:50:32Z,2026-09-05T07:42:00.000+02:00,N0356011500,N356,70.0,1060
2026-09-05T05:50:32Z,2026-09-05T07:42:00.000+02:00,A0001010150,A1,108.0,1940
2026-09-05T05:50:32Z,2026-09-05T07:42:00.000+02:00,N0356020400,N356,78.0,520
2026-09-05T05:50:32Z,2026-09-05T07:42:00.000+02:00,N0041020600,N41,98.0,540
2026-09-05T05:50:32Z,2026-09-05T07:42:00.000+02:00,A0025010700,A25,77.0,650
2026-09-05T05:50:32Z,2026-09-05T07:42:00.000+02:00,A0002011230,A2,104.0,1130
2026-09-05T05:50:32Z,2026-09-05T07:42:00.000+02:00,A0025020500,A25,74.0,1010
2026-09-05T05:50:32Z,2026-09-05T07:42:00.000+02:00,A0002021290,A2,107.0,1460
2026-09-05T05:50:32Z,2026-09-05T07:42:00.000+02:00,A0022011600,A22,86.0,570
2026-09-05T06:00:33Z,2026-09-05T07:54:00.000+02:00,A0001011200,A1,83.0,1870
2026-09-05T06:00:33Z,2026-09-05T07:54:00.000+02:00,A0027010102,A27,95.0,1440
2026-09-05T06:00:33Z,2026-09-05T07:54:00.000+02:00,N0041010100,N41,89.0,580
2026-09-05T06:00:33Z,2026-09-05T07:54:00.000+02:00,A0027010101,A27,95.0,1440
2026-09-05T06:00:33Z,2026-09-05T07:54:00.000+02:00,A0001020150,A1,108.0,1750
2026-09-05T06:00:33Z,2026-09-05T07:54:00.000+02:00,N0356011700,N356,76.0,1160
2026-09-05T06:00:33Z,2026-09-05T07:54:00.000+02:00,N9227110200,N227 (bretelle),66.0,20
2026-09-05T06:00:33Z,2026-09-05T07:54:00.000+02:00,N0356021300,N356,71.0,1520
2026-09-05T06:00:33Z,2026-09-05T07:54:00.000+02:00,A0022011400,A22,80.0,260
2026-09-05T06:00:33Z,2026-09-05T07:54:00.000+02:00,A0027010300,A27,91.0,310
2026-09-05T06:00:33Z,2026-09-05T07:54:00.000+02:00,A9022020250,A22 (rocade),36.0,270
2026-09-05T06:00:33Z,2026-09-05T07:54:00.000+02:00,N0041010300,N41,94.0,1050
2026-09-05T06:00:33Z,2026-09-05T07:54:00.000+02:00,A0022011210,A22,76.0,140
2026-09-05T06:00:33Z,2026-09-05T07:54:00.000+02:00,A0027020100,A27,72.0,740
2026-09-05T06:00:33Z,2026-09-05T07:54:00.000+02:00,A0001010300,A1,97.0,1720
2026-09-05T06:00:33Z,2026-09-05T07:54:00.000+02:00,A0022011220,A22,76.0,140
2026-09-05T06:00:33Z,2026-09-05T07:54:00.000+02:00,N0227021400,N227,67.0,10
2026-09-05T06:00:33Z,2026-09-05T07:54:00.000+02:00,A9022101110,A22 (rocade),79.0,370
2026-09-05T06:00:33Z,2026-09-05T07:54:00.000+02:00,A0022022110,A22,89.0,2120
2026-09-05T06:00:33Z,2026-09-05T07:54:00.000+02:00,N0356010800,N356,74.0,1210
2026-09-05T06:00:33Z,2026-09-05T07:54:00.000+02:00,A9001210710,A1 (bretelle),75.0,410
2026-09-05T06:00:33Z,2026-09-05T07:54:00.000+02:00,N0356021110,N356,36.0,1580
2026-09-05T06:00:33Z,2026-09-05T07:54:00.000+02:00,A0001010510,A1,97.0,1620
2026-09-05T06:00:33Z,2026-09-05T07:54:00.000+02:00,N0356021122,N356,67.0,1510
2026-09-05T06:00:33Z,2026-09-05T07:54:00.000+02:00,N0356021121,N356,36.0,1580
2026-09-05T06:00:33Z,2026-09-05T07:54:00.000+02:00,A0025010210,A25,79.0,1820
2026-09-05T06:00:33Z,2026-09-05T07:54:00.000+02:00,A0025011300,A25,89.0,510
2026-09-05T06:00:33Z,2026-09-05T07:54:00.000+02:00,A0001020300,A1,108.0,1740
2026-09-05T06:00:33Z,2026-09-05T07:54:00.000+02:00,A0025021100,A25,94.0,1000
2026-09-05T06:00:33Z,2026-09-05T07:54:00.000+02:00,A0025023520,A25,112.0,610
2026-09-05T06:00:33Z,2026-09-05T07:54:00.000+02:00,A0022022130,A22,84.0,2080
2026-09-05T06:00:33Z,2026-09-05T07:54:00.000+02:00,A0025010220,A25,79.0,1820
2026-09-05T06:00:33Z,2026-09-05T07:54:00.000+02:00,A0022022120,A22,91.0,2180
2026-09-05T06:00:33Z,2026-09-05T07:54:00.000+02:00,A0001010520,A1,103.0,1800
2026-09-05T06:00:33Z,2026-09-05T07:54:00.000+02:00,A0022011000,A22,82.0,730
2026-09-05T06:00:33Z,2026-09-05T07:54:00.000+02:00,A0001020510,A1,106.0,1820
2026-09-05T06:00:33Z,2026-09-05T07:54:00.000+02:00,A0001021602,A1,87.0,2280
2026-09-05T06:00:33Z,2026-09-05T07:54:00.000+02:00,A22TC020222,A22 (contournement),86.0,920
2026-09-05T06:00:33Z,2026-09-05T07:54:00.000+02:00,A0001010940,A1,102.0,1920
2026-09-05T06:00:33Z,2026-09-05T07:54:00.000+02:00,A0025023320,A25,114.0,920
2026-09-05T06:00:33Z,2026-09-05T07:54:00.000+02:00,A0001020520,A1,102.0,1830
2026-09-05T06:00:33Z,2026-09-05T07:54:00.000+02:00,A0025023100,A25,110.0,880
2026-09-05T06:00:33Z,2026-09-05T07:54:00.000+02:00,A22TC020230,A22 (contournement),86.0,920
2026-09-05T06:00:33Z,2026-09-05T07:54:00.000+02:00,A0025021730,A25,91.0,1430
2026-09-05T06:00:33Z,2026-09-05T07:54:00.000+02:00,A0025023910,A25,117.0,500
2026-09-05T06:00:33Z,2026-09-05T07:54:00.000+02:00,A0025021735,A25,105.0,1410
2026-09-05T06:00:33Z,2026-09-05T07:54:00.000+02:00,A0023010400,A23,108.0,600
2026-09-05T06:00:33Z,2026-09-05T07:54:00.000+02:00,A0022021900,A22,80.0,1770
2026-09-05T06:00:33Z,2026-09-05T07:54:00.000+02:00,A9022100500,A22 (rocade),83.0,530
2026-09-05T06:00:33Z,2026-09-05T07:54:00.000+02:00,A0001020940,A1,91.0,1930
2026-09-05T06:00:33Z,2026-09-05T07:54:00.000+02:00,A0001020700,A1,96.0,1550
2026-09-05T06:00:33Z,2026-09-05T07:54:00.000+02:00,A9022020830,A22 (rocade),82.0,110
2026-09-05T06:00:33Z,2026-09-05T07:54:00.000+02:00,A9022020822,A22 (rocade),76.0,1180
2026-09-05T06:00:33Z,2026-09-05T07:54:00.000+02:00,A9022020821,A22 (rocade),76.0,1180
2026-09-05T06:00:33Z,2026-09-05T07:54:00.000+02:00,A0025020420,A25,74.0,1710
2026-09-05T06:00:33Z,2026-09-05T07:54:00.000+02:00,N0227010100,N227,67.0,410
2026-09-05T06:00:33Z,2026-09-05T07:54:00.000+02:00,A0025011720,A25,103.0,850
2026-09-05T06:00:33Z,2026-09-05T07:54:00.000+02:00,A0025021760,A25,92.0,1460
2026-09-05T06:00:33Z,2026-09-05T07:54:00.000+02:00,A0025011730,A25,92.0,870
2026-09-05T06:00:33Z,2026-09-05T07:54:00.000+02:00,A0025011735,A25,104.0,930
2026-09-05T06:00:33Z,2026-09-05T07:54:00.000+02:00,A9025080700,A25 (bretelle),,290
2026-09-05T06:00:33Z,2026-09-05T07:54:00.000+02:00,A9022100930,A22 (rocade),69.0,60
2026-09-05T06:00:33Z,2026-09-05T07:54:00.000+02:00,N0356011220,N356,74.0,1220
2026-09-05T06:00:33Z,2026-09-05T07:54:00.000+02:00,A0025011740,A25,89.0,960
2026-09-05T06:00:33Z,2026-09-05T07:54:00.000+02:00,A0025010410,A25,72.0,1370
2026-09-05T06:00:33Z,2026-09-05T07:54:00.000+02:00,A0023010200,A23,99.0,700
2026-09-05T06:00:33Z,2026-09-05T07:54:00.000+02:00,A9001210120,A1 (bretelle),79.0,140
2026-09-05T06:00:33Z,2026-09-05T07:54:00.000+02:00,A0025020210,A25,76.0,2170
2026-09-05T06:00:33Z,2026-09-05T07:54:00.000+02:00,N0356011210,N356,74.0,1220
2026-09-05T06:00:33Z,2026-09-05T07:54:00.000+02:00,A0025011510,A25,91.0,610
2026-09-05T06:00:33Z,2026-09-05T07:54:00.000+02:00,A0025020220,A25,76.0,2170
2026-09-05T06:00:33Z,2026-09-05T07:54:00.000+02:00,N0227010302,N227,78.0,850
2026-09-05T06:00:33Z,2026-09-05T07:54:00.000+02:00,N0041010500,N41,99.0,850
2026-09-05T06:00:33Z,2026-09-05T07:54:00.000+02:00,N0227020101,N227,90.0,1060
2026-09-05T06:00:33Z,2026-09-05T07:54:00.000+02:00,A9022100110,A22 (rocade),70.0,160
2026-09-05T06:00:33Z,2026-09-05T07:54:00.000+02:00,A0022010400,A22,75.0,880
2026-09-05T06:00:33Z,2026-09-05T07:54:00.000+02:00,N0356010302,N356,79.0,2410
2026-09-05T06:00:33Z,2026-09-05T07:54:00.000+02:00,A0025010800,A25,78.0,950
2026-09-05T06:00:33Z,2026-09-05T07:54:00.000+02:00,A0027020621,A27,100.0,690
2026-09-05T06:00:33Z,2026-09-05T07:54:00.000+02:00,N0041010700,N41,94.0,310
2026-09-05T06:00:33Z,2026-09-05T07:54:00.000+02:00,A0027020630,A27,103.0,710
2026-09-05T06:00:33Z,2026-09-05T07:54:00.000+02:00,A0022021512,A22,79.0,1510
2026-09-05T06:00:33Z,2026-09-05T07:54:00.000+02:00,A0022021511,A22,81.0,1510
2026-09-05T06:00:33Z,2026-09-05T07:54:00.000+02:00,A0027020610,A27,100.0,690
2026-09-05T06:00:33Z,2026-09-05T07:54:00.000+02:00,A0025021720,A25,101.0,1360
2026-09-05T06:00:33Z,2026-09-05T07:54:00.000+02:00,A0022021520,A22,79.0,1510
2026-09-05T06:00:33Z,2026-09-05T07:54:00.000+02:00,A0025022140,A25,117.0,1140
2026-09-05T06:00:33Z,2026-09-05T07:54:00.000+02:00,A0022011302,A22,77.0,660
2026-09-05T06:00:33Z,2026-09-05T07:54:00.000+02:00,A0025022160,A25,115.0,1110
2026-09-05T06:00:33Z,2026-09-05T07:54:00.000+02:00,A9025060104,A25 (bretelle),80.0,760
2026-09-05T06:00:33Z,2026-09-05T07:54:00.000+02:00,A0027010201,A27,90.0,740
2026-09-05T06:00:33Z,2026-09-05T07:54:00.000+02:00,A0027010202,A27,80.0,410
2026-09-05T06:00:33Z,2026-09-05T07:54:00.000+02:00,N9227110110,N227 (bretelle),78.0,450
2026-09-05T06:00:33Z,2026-09-05T07:54:00.000+02:00,A0025012130,A25,96.0,540
2026-09-05T06:00:33Z,2026-09-05T07:54:00.000+02:00,A0027010210,A27,80.0,410
2026-09-05T06:00:33Z,2026-09-05T07:54:00.000+02:00,A0025011050,A25,93.0,480
2026-09-05T06:00:33Z,2026-09-05T07:54:00.000+02:00,A0025012140,A25,96.0,860
2026-09-05T06:00:33Z,2026-09-05T07:54:00.000+02:00,A0027010421,A27,96.0,380
2026-09-05T06:00:33Z,2026-09-05T07:54:00.000+02:00,A0022012420,A22,96.0,930
2026-09-05T06:00:33Z,2026-09-05T07:54:00.000+02:00,A0027010430,A27,98.0,380
2026-09-05T06:00:33Z,2026-09-05T07:54:00.000+02:00,A0023020710,A23,109.0,890
2026-09-05T06:00:33Z,2026-09-05T07:54:00.000+02:00,A0022012430,A22,95.0,940
2026-09-05T06:00:33Z,2026-09-05T07:54:00.000+02:00,A0025012160,A25,124.0,870
2026-09-05T06:00:33Z,2026-09-05T07:54:00.000+02:00,A9022021200,A22 (rocade),61.0,260
2026-09-05T06:00:33Z,2026-09-05T07:54:00.000+02:00,A0001021100,A1,91.0,1860
2026-09-05T06:00:33Z,2026-09-05T07:54:00.000+02:00,A9022101000,A22 (rocade),71.0,460
2026-09-05T06:00:33Z,2026-09-05T07:54:00.000+02:00,A0025013020,A25,112.0,700
2026-09-05T06:00:33Z,2026-09-05T07:54:00.000+02:00,A0027010410,A27,96.0,380
2026-09-05T06:00:33Z,2026-09-05T07:54:00.000+02:00,A0022012410,A22,95.0,930
2026-09-05T06:00:33Z,2026-09-05T07:54:00.000+02:00,A0001A20112,A1,93.0,1130
2026-09-05T06:00:33Z,2026-09-05T07:54:00.000+02:00,A0001A20111,A1,89.0,620
2026-09-05T06:00:33Z,2026-09-05T07:54:00.000+02:00,A0025010320,A25,78.0,670
2026-09-05T06:00:33Z,2026-09-05T07:54:00.000+02:00,A0025022540,A25,115.0,1050
2026-09-05T06:00:33Z,2026-09-05T07:54:00.000+02:00,A0025022300,A25,116.0,730
2026-09-05T06:00:33Z,2026-09-05T07:54:00.000+02:00,N0356021000,N356,9.0,1180
2026-09-05T06:00:33Z,2026-09-05T07:54:00.000+02:00,A22TC010102,A22 (contournement),87.0,760
2026-09-05T06:00:33Z,2026-09-05T07:54:00.000+02:00,A0001011503,A1,90.0,2770
2026-09-05T06:00:33Z,2026-09-05T07:54:00.000+02:00,A0022012200,A22,83.0,800
2026-09-05T06:00:33Z,2026-09-05T07:54:00.000+02:00,A22TC020102,A22 (contournement),88.0,1120
2026-09-05T06:00:33Z,2026-09-05T07:54:00.000+02:00,A22TC010300,A22 (contournement),85.0,1000
2026-09-05T06:00:33Z,2026-09-05T07:54:00.000+02:00,A0022012010,A22,80.0,640
2026-09-05T06:00:33Z,2026-09-05T07:54:00.000+02:00,A0022012020,A22,80.0,640
2026-09-05T06:00:33Z,2026-09-05T07:54:00.000+02:00,A0025022130,A25,132.0,1180
2026-09-05T06:00:33Z,2026-09-05T07:54:00.000+02:00,A0023010520,A23,113.0,560
2026-09-05T06:00:33Z,2026-09-05T07:54:00.000+02:00,N0041020800,N41,100.0,470
2026-09-05T06:00:33Z,2026-09-05T07:54:00.000+02:00,A0025010500,A25,71.0,890
2026-09-05T06:00:33Z,2026-09-05T07:54:00.000+02:00,A0022020901,A22,75.0,1630
2026-09-05T06:00:33Z,2026-09-05T07:54:00.000+02:00,A0022020902,A22,75.0,1710
2026-09-05T06:00:33Z,2026-09-05T07:54:00.000+02:00,A0025020310,A25,71.0,1460
2026-09-05T06:00:33Z,2026-09-05T07:54:00.000+02:00,A0022021810,A22,80.0,1630
2026-09-05T06:00:33Z,2026-09-05T07:54:00.000+02:00,N0356011100,N356,73.0,1080
2026-09-05T06:00:33Z,2026-09-05T07:54:00.000+02:00,A0022021820,A22,80.0,1630
2026-09-05T06:00:33Z,2026-09-05T07:54:00.000+02:00,N0356020802,N356,10.0,1090
2026-09-05T06:00:33Z,2026-09-05T07:54:00.000+02:00,A0025020102,A25,71.0,250
2026-09-05T06:00:33Z,2026-09-05T07:54:00.000+02:00,A0025010310,A25,79.0,1080
2026-09-05T06:00:33Z,2026-09-05T07:54:00.000+02:00,A0023010100,A23,98.0,370
2026-09-05T06:00:33Z,2026-09-05T07:54:00.000+02:00,A0025022530,A25,116.0,1010
2026-09-05T06:00:33Z,2026-09-05T07:54:00.000+02:00,A9001210200,A1 (bretelle),70.0,610
2026-09-05T06:00:33Z,2026-09-05T07:54:00.000+02:00,A0022010700,A22,87.0,640
2026-09-05T06:00:33Z,2026-09-05T07:54:00.000+02:00,N0041020400,N41,95.0,770
2026-09-05T06:00:33Z,2026-09-05T07:54:00.000+02:00,A0023020720,A23,119.0,890
2026-09-05T06:00:33Z,2026-09-05T07:54:00.000+02:00,A0022020500,A22,75.0,940
2026-09-05T06:00:33Z,2026-09-05T07:54:00.000+02:00,N93563b0150,N356 (bretelle),72.0,50
2026-09-05T06:00:33Z,2026-09-05T07:54:00.000+02:00,A0025020950,A25,92.0,1650
2026-09-05T06:00:33Z,2026-09-05T07:54:00.000+02:00,A0023020300,A23,100.0,580
2026-09-05T06:00:33Z,2026-09-05T07:54:00.000+02:00,A0001011000,A1,90.0,1760
2026-09-05T06:00:33Z,2026-09-05T07:54:00.000+02:00,A0027020500,A27,92.0,450
2026-09-05T06:00:33Z,2026-09-05T07:54:00.000+02:00,N0356011500,N356,68.0,1390
2026-09-05T06:00:33Z,2026-09-05T07:54:00.000+02:00,A0001010150,A1,106.0,1780
2026-09-05T06:00:33Z,2026-09-05T07:54:00.000+02:00,N0356020400,N356,65.0,450
2026-09-05T06:00:33Z,2026-09-05T07:54:00.000+02:00,N0041020600,N41,100.0,470
2026-09-05T06:00:33Z,2026-09-05T07:54:00.000+02:00,A0025010700,A25,69.0,930
2026-09-05T06:00:33Z,2026-09-05T07:54:00.000+02:00,A0002011230,A2,111.0,1000
2026-09-05T06:00:33Z,2026-09-05T07:54:00.000+02:00,A0025020500,A25,72.0,1330
2026-09-05T06:00:33Z,2026-09-05T07:54:00.000+02:00,A0002021290,A2,106.0,1560
2026-09-05T06:00:33Z,2026-09-05T07:54:00.000+02:00,A0022011600,A22,79.0,620
2026-09-05T06:10:31Z,2026-09-05T08:00:00.000+02:00,A0001011200,A1,84.0,1670
2026-09-05T06:10:31Z,2026-09-05T08:00:00.000+02:00,A0027010102,A27,91.0,1520
2026-09-05T06:10:31Z,2026-09-05T08:00:00.000+02:00,N0041010100,N41,86.0,570
2026-09-05T06:10:31Z,2026-09-05T08:00:00.000+02:00,A0027010101,A27,91.0,1520
2026-09-05T06:10:31Z,2026-09-05T08:00:00.000+02:00,A0001020150,A1,108.0,1800
2026-09-05T06:10:31Z,2026-09-05T08:00:00.000+02:00,N0356011700,N356,78.0,860
2026-09-05T06:10:31Z,2026-09-05T08:00:00.000+02:00,N0356021300,N356,70.0,1150
2026-09-05T06:10:31Z,2026-09-05T08:00:00.000+02:00,A0022011400,A22,79.0,160
2026-09-05T06:10:31Z,2026-09-05T08:00:00.000+02:00,A0027010300,A27,88.0,450
2026-09-05T06:10:31Z,2026-09-05T08:00:00.000+02:00,A9022020250,A22 (rocade),66.0,300
2026-09-05T06:10:31Z,2026-09-05T08:00:00.000+02:00,N0041010300,N41,93.0,980
2026-09-05T06:10:31Z,2026-09-05T08:00:00.000+02:00,A0022011210,A22,70.0,160
2026-09-05T06:10:31Z,2026-09-05T08:00:00.000+02:00,A0027020100,A27,75.0,810
2026-09-05T06:10:31Z,2026-09-05T08:00:00.000+02:00,A0001010300,A1,75.0,1560
2026-09-05T06:10:31Z,2026-09-05T08:00:00.000+02:00,A0022011220,A22,70.0,160
2026-09-05T06:10:31Z,2026-09-05T08:00:00.000+02:00,N0227021400,N227,57.0,50
2026-09-05T06:10:31Z,2026-09-05T08:00:00.000+02:00,A9022101110,A22 (rocade),82.0,440
2026-09-05T06:10:31Z,2026-09-05T08:00:00.000+02:00,A0022022110,A22,91.0,1970
2026-09-05T06:10:31Z,2026-09-05T08:00:00.000+02:00,N0356010800,N356,77.0,890
2026-09-05T06:10:31Z,2026-09-05T08:00:00.000+02:00,A9001210710,A1 (bretelle),70.0,280
2026-09-05T06:10:31Z,2026-09-05T08:00:00.000+02:00,N0356021110,N356,42.0,1170
2026-09-05T06:10:31Z,2026-09-05T08:00:00.000+02:00,A0001010510,A1,75.0,1630
2026-09-05T06:10:31Z,2026-09-05T08:00:00.000+02:00,N0356021122,N356,67.0,1180
2026-09-05T06:10:31Z,2026-09-05T08:00:00.000+02:00,N0356021121,N356,42.0,1170
2026-09-05T06:10:31Z,2026-09-05T08:00:00.000+02:00,A0025010210,A25,79.0,1750
2026-09-05T06:10:31Z,2026-09-05T08:00:00.000+02:00,A0025011300,A25,90.0,490
2026-09-05T06:10:31Z,2026-09-05T08:00:00.000+02:00,A0001020300,A1,109.0,1650
2026-09-05T06:10:31Z,2026-09-05T08:00:00.000+02:00,A0025021100,A25,96.0,1010
2026-09-05T06:10:31Z,2026-09-05T08:00:00.000+02:00,A0025023520,A25,114.0,710
2026-09-05T06:10:31Z,2026-09-05T08:00:00.000+02:00,A0022022130,A22,81.0,1810
2026-09-05T06:10:31Z,2026-09-05T08:00:00.000+02:00,A0025010220,A25,79.0,1750
2026-09-05T06:10:31Z,2026-09-05T08:00:00.000+02:00,A0022022120,A22,92.0,1880
2026-09-05T06:10:31Z,2026-09-05T08:00:00.000+02:00,A0001010520,A1,101.0,1730
2026-09-05T06:10:31Z,2026-09-05T08:00:00.000+02:00,A0022011000,A22,77.0,660
2026-09-05T06:10:31Z,2026-09-05T08:00:00.000+02:00,A0001020510,A1,107.0,1780
2026-09-05T06:10:31Z,2026-09-05T08:00:00.000+02:00,A0001021602,A1,87.0,2330
2026-09-05T06:10:31Z,2026-09-05T08:00:00.000+02:00,A22TC020222,A22 (contournement),90.0,1010
2026-09-05T06:10:31Z,2026-09-05T08:00:00.000+02:00,A0001010940,A1,98.0,1710
2026-09-05T06:10:31Z,2026-09-05T08:00:00.000+02:00,A0025023320,A25,116.0,990
2026-09-05T06:10:31Z,2026-09-05T08:00:00.000+02:00,A0001020520,A1,103.0,1840
2026-09-05T06:10:31Z,2026-09-05T08:00:00.000+02:00,A0025023100,A25,113.0,920
2026-09-05T06:10:31Z,2026-09-05T08:00:00.000+02:00,A22TC020230,A22 (contournement),90.0,1010
2026-09-05T06:10:31Z,2026-09-05T08:00:00.000+02:00,A0025021730,A25,92.0,1560
2026-09-05T06:10:31Z,2026-09-05T08:00:00.000+02:00,A0025023910,A25,119.0,670
2026-09-05T06:10:31Z,2026-09-05T08:00:00.000+02:00,A0025021735,A25,106.0,1510
2026-09-05T06:10:31Z,2026-09-05T08:00:00.000+02:00,A0023010400,A23,108.0,570
2026-09-05T06:10:31Z,2026-09-05T08:00:00.000+02:00,A0022021900,A22,82.0,1690
2026-09-05T06:10:31Z,2026-09-05T08:00:00.000+02:00,A9022100500,A22 (rocade),80.0,520
2026-09-05T06:10:31Z,2026-09-05T08:00:00.000+02:00,A0001020940,A1,90.0,2210
2026-09-05T06:10:31Z,2026-09-05T08:00:00.000+02:00,A0001020700,A1,100.0,1620
2026-09-05T06:10:31Z,2026-09-05T08:00:00.000+02:00,A9022020830,A22 (rocade),82.0,130
2026-09-05T06:10:31Z,2026-09-05T08:00:00.000+02:00,A9022020822,A22 (rocade),72.0,1240
2026-09-05T06:10:31Z,2026-09-05T08:00:00.000+02:00,A9022020821,A22 (rocade),72.0,1240
2026-09-05T06:10:31Z,2026-09-05T08:00:00.000+02:00,A0025020420,A25,73.0,1720
2026-09-05T06:10:31Z,2026-09-05T08:00:00.000+02:00,N0227010100,N227,69.0,490
2026-09-05T06:10:31Z,2026-09-05T08:00:00.000+02:00,A0025011720,A25,101.0,1120
2026-09-05T06:10:31Z,2026-09-05T08:00:00.000+02:00,A0025021760,A25,93.0,1500
2026-09-05T06:10:31Z,2026-09-05T08:00:00.000+02:00,A0025011730,A25,90.0,1060
2026-09-05T06:10:31Z,2026-09-05T08:00:00.000+02:00,A0025011735,A25,103.0,960
2026-09-05T06:10:31Z,2026-09-05T08:00:00.000+02:00,A9025080700,A25 (bretelle),,240
2026-09-05T06:10:31Z,2026-09-05T08:00:00.000+02:00,A9022100930,A22 (rocade),69.0,10
2026-09-05T06:10:31Z,2026-09-05T08:00:00.000+02:00,N0356011220,N356,75.0,980
2026-09-05T06:10:31Z,2026-09-05T08:00:00.000+02:00,A0025011740,A25,89.0,940
2026-09-05T06:10:31Z,2026-09-05T08:00:00.000+02:00,A0025010410,A25,74.0,1280
2026-09-05T06:10:31Z,2026-09-05T08:00:00.000+02:00,A0023010200,A23,97.0,660
2026-09-05T06:10:31Z,2026-09-05T08:00:00.000+02:00,A9001210120,A1 (bretelle),80.0,290
2026-09-05T06:10:31Z,2026-09-05T08:00:00.000+02:00,A0025020210,A25,76.0,2080
2026-09-05T06:10:31Z,2026-09-05T08:00:00.000+02:00,N0356011210,N356,75.0,980
2026-09-05T06:10:31Z,2026-09-05T08:00:00.000+02:00,A0025011510,A25,91.0,670
2026-09-05T06:10:31Z,2026-09-05T08:00:00.000+02:00,A0025020220,A25,76.0,2080
2026-09-05T06:10:31Z,2026-09-05T08:00:00.000+02:00,N0227010302,N227,81.0,1020
2026-09-05T06:10:31Z,2026-09-05T08:00:00.000+02:00,N0041010500,N41,89.0,830
2026-09-05T06:10:31Z,2026-09-05T08:00:00.000+02:00,N0227020101,N227,87.0,1010
2026-09-05T06:10:31Z,2026-09-05T08:00:00.000+02:00,A9022100110,A22 (rocade),70.0,220
2026-09-05T06:10:31Z,2026-09-05T08:00:00.000+02:00,A0022010400,A22,78.0,890
2026-09-05T06:10:31Z,2026-09-05T08:00:00.000+02:00,N0356010302,N356,79.0,2450
2026-09-05T06:10:31Z,2026-09-05T08:00:00.000+02:00,A0025010800,A25,78.0,640
2026-09-05T06:10:31Z,2026-09-05T08:00:00.000+02:00,A0027020621,A27,98.0,720
2026-09-05T06:10:31Z,2026-09-05T08:00:00.000+02:00,N0041010700,N41,93.0,210
2026-09-05T06:10:31Z,2026-09-05T08:00:00.000+02:00,A0027020630,A27,100.0,680
2026-09-05T06:10:31Z,2026-09-05T08:00:00.000+02:00,A0022021512,A22,83.0,1530
2026-09-05T06:10:31Z,2026-09-05T08:00:00.000+02:00,A0022021511,A22,84.0,1470
2026-09-05T06:10:31Z,2026-09-05T08:00:00.000+02:00,A0027020610,A27,98.0,720
2026-09-05T06:10:31Z,2026-09-05T08:00:00.000+02:00,A0025021720,A25,103.0,1550
2026-09-05T06:10:31Z,2026-09-05T08:00:00.000+02:00,A0022021520,A22,83.0,1530
2026-09-05T06:10:31Z,2026-09-05T08:00:00.000+02:00,A0025022140,A25,114.0,1400
2026-09-05T06:10:31Z,2026-09-05T08:00:00.000+02:00,A0022011302,A22,83.0,420
2026-09-05T06:10:31Z,2026-09-05T08:00:00.000+02:00,A0025022160,A25,108.0,1310
2026-09-05T06:10:31Z,2026-09-05T08:00:00.000+02:00,A9025060104,A25 (bretelle),75.0,720
2026-09-05T06:10:31Z,2026-09-05T08:00:00.000+02:00,A0027010201,A27,90.0,820
2026-09-05T06:10:31Z,2026-09-05T08:00:00.000+02:00,A0027010202,A27,74.0,350
2026-09-05T06:10:31Z,2026-09-05T08:00:00.000+02:00,N9227110110,N227 (bretelle),80.0,500
2026-09-05T06:10:31Z,2026-09-05T08:00:00.000+02:00,A0025012130,A25,102.0,610
2026-09-05T06:10:31Z,2026-09-05T08:00:00.000+02:00,A0027010210,A27,74.0,350
2026-09-05T06:10:31Z,2026-09-05T08:00:00.000+02:00,A0025011050,A25,95.0,380
2026-09-05T06:10:31Z,2026-09-05T08:00:00.000+02:00,A0025012140,A25,102.0,920
2026-09-05T06:10:31Z,2026-09-05T08:00:00.000+02:00,A0027010421,A27,93.0,520
2026-09-05T06:10:31Z,2026-09-05T08:00:00.000+02:00,A0022012420,A22,98.0,800
2026-09-05T06:10:31Z,2026-09-05T08:00:00.000+02:00,A0027010430,A27,97.0,530
2026-09-05T06:10:31Z,2026-09-05T08:00:00.000+02:00,A0023020710,A23,108.0,910
2026-09-05T06:10:31Z,2026-09-05T08:00:00.000+02:00,A0022012430,A22,97.0,840
2026-09-05T06:10:31Z,2026-09-05T08:00:00.000+02:00,A0025012160,A25,128.0,840
2026-09-05T06:10:31Z,2026-09-05T08:00:00.000+02:00,A9022021200,A22 (rocade),64.0,220
2026-09-05T06:10:31Z,2026-09-05T08:00:00.000+02:00,A0001021100,A1,89.0,1980
2026-09-05T06:10:31Z,2026-09-05T08:00:00.000+02:00,A9022101000,A22 (rocade),71.0,350
2026-09-05T06:10:31Z,2026-09-05T08:00:00.000+02:00,A0025013020,A25,110.0,700
2026-09-05T06:10:31Z,2026-09-05T08:00:00.000+02:00,A0027010410,A27,93.0,520
2026-09-05T06:10:31Z,2026-09-05T08:00:00.000+02:00,A0022012410,A22,98.0,800
2026-09-05T06:10:31Z,2026-09-05T08:00:00.000+02:00,A0001A20112,A1,90.0,990
2026-09-05T06:10:31Z,2026-09-05T08:00:00.000+02:00,A0001A20111,A1,93.0,760
2026-09-05T06:10:31Z,2026-09-05T08:00:00.000+02:00,A0025010320,A25,76.0,610
2026-09-05T06:10:31Z,2026-09-05T08:00:00.000+02:00,A0025022540,A25,111.0,1050
2026-09-05T06:10:31Z,2026-09-05T08:00:00.000+02:00,A0025022300,A25,113.0,960
2026-09-05T06:10:31Z,2026-09-05T08:00:00.000+02:00,N0356021000,N356,9.0,990
2026-09-05T06:10:31Z,2026-09-05T08:00:00.000+02:00,A22TC010102,A22 (contournement),87.0,740
2026-09-05T06:10:31Z,2026-09-05T08:00:00.000+02:00,A0001011503,A1,90.0,2440
2026-09-05T06:10:31Z,2026-09-05T08:00:00.000+02:00,A0022012200,A22,87.0,690
2026-09-05T06:10:31Z,2026-09-05T08:00:00.000+02:00,A22TC020102,A22 (contournement),84.0,1050
2026-09-05T06:10:31Z,2026-09-05T08:00:00.000+02:00,A22TC010300,A22 (contournement),86.0,1020
2026-09-05T06:10:31Z,2026-09-05T08:00:00.000+02:00,A0022012010,A22,87.0,540
2026-09-05T06:10:31Z,2026-09-05T08:00:00.000+02:00,A0022012020,A22,87.0,540
2026-09-05T06:10:31Z,2026-09-05T08:00:00.000+02:00,A0025022130,A25,129.0,1370
2026-09-05T06:10:31Z,2026-09-05T08:00:00.000+02:00,A0023010520,A23,115.0,580
2026-09-05T06:10:31Z,2026-09-05T08:00:00.000+02:00,N0041020800,N41,100.0,550
2026-09-05T06:10:31Z,2026-09-05T08:00:00.000+02:00,A0025010500,A25,71.0,740
2026-09-05T06:10:31Z,2026-09-05T08:00:00.000+02:00,A0022020901,A22,75.0,1540
2026-09-05T06:10:31Z,2026-09-05T08:00:00.000+02:00,A0022020902,A22,75.0,1750
2026-09-05T06:10:31Z,2026-09-05T08:00:00.000+02:00,A0025020310,A25,75.0,1490
2026-09-05T06:10:31Z,2026-09-05T08:00:00.000+02:00,A0022021810,A22,81.0,1580
2026-09-05T06:10:31Z,2026-09-05T08:00:00.000+02:00,N0356011100,N356,75.0,790
2026-09-05T06:10:31Z,2026-09-05T08:00:00.000+02:00,A0022021820,A22,81.0,1580
2026-09-05T06:10:31Z,2026-09-05T08:00:00.000+02:00,N0356020802,N356,9.0,780
2026-09-05T06:10:31Z,2026-09-05T08:00:00.000+02:00,A0025020102,A25,72.0,590
2026-09-05T06:10:31Z,2026-09-05T08:00:00.000+02:00,A0025010310,A25,74.0,1030
2026-09-05T06:10:31Z,2026-09-05T08:00:00.000+02:00,A0023010100,A23,109.0,420
2026-09-05T06:10:31Z,2026-09-05T08:00:00.000+02:00,A0025022530,A25,113.0,1030
2026-09-05T06:10:31Z,2026-09-05T08:00:00.000+02:00,A9001210200,A1 (bretelle),70.0,610
2026-09-05T06:10:31Z,2026-09-05T08:00:00.000+02:00,A0022010700,A22,88.0,590
2026-09-05T06:10:31Z,2026-09-05T08:00:00.000+02:00,N0041020400,N41,95.0,660
2026-09-05T06:10:31Z,2026-09-05T08:00:00.000+02:00,A0023020720,A23,115.0,970
2026-09-05T06:10:31Z,2026-09-05T08:00:00.000+02:00,A0022020500,A22,75.0,920
2026-09-05T06:10:31Z,2026-09-05T08:00:00.000+02:00,A0025020950,A25,93.0,1510
2026-09-05T06:10:31Z,2026-09-05T08:00:00.000+02:00,A0023020300,A23,90.0,480
2026-09-05T06:10:31Z,2026-09-05T08:00:00.000+02:00,A0001011000,A1,87.0,1560
2026-09-05T06:10:31Z,2026-09-05T08:00:00.000+02:00,A0027020500,A27,92.0,490
2026-09-05T06:10:31Z,2026-09-05T08:00:00.000+02:00,N0356011500,N356,70.0,1030
2026-09-05T06:10:31Z,2026-09-05T08:00:00.000+02:00,A0001010150,A1,105.0,1720
2026-09-05T06:10:31Z,2026-09-05T08:00:00.000+02:00,N0356020400,N356,77.0,480
2026-09-05T06:10:31Z,2026-09-05T08:00:00.000+02:00,N0041020600,N41,103.0,480
2026-09-05T06:10:31Z,2026-09-05T08:00:00.000+02:00,A0025010700,A25,77.0,630
2026-09-05T06:10:31Z,2026-09-05T08:00:00.000+02:00,A0002011230,A2,111.0,1110
2026-09-05T06:10:31Z,2026-09-05T08:00:00.000+02:00,A0025020500,A25,73.0,1190
2026-09-05T06:10:31Z,2026-09-05T08:00:00.000+02:00,A0002021290,A2,101.0,1870
2026-09-05T06:10:31Z,2026-09-05T08:00:00.000+02:00,A0022011600,A22,87.0,560
2026-09-05T06:20:30Z,2026-09-05T08:12:00.000+02:00,A0001011200,A1,82.0,1850
2026-09-05T06:20:30Z,2026-09-05T08:12:00.000+02:00,A0027010102,A27,100.0,1550
2026-09-05T06:20:30Z,2026-09-05T08:12:00.000+02:00,N0041010100,N41,85.0,590
2026-09-05T06:20:30Z,2026-09-05T08:12:00.000+02:00,A0027010101,A27,100.0,1550
2026-09-05T06:20:30Z,2026-09-05T08:12:00.000+02:00,A0001020150,A1,108.0,2020
2026-09-05T06:20:30Z,2026-09-05T08:12:00.000+02:00,N0356011700,N356,76.0,1030
2026-09-05T06:20:30Z,2026-09-05T08:12:00.000+02:00,N9227110200,N227 (bretelle),68.0,10
2026-09-05T06:20:30Z,2026-09-05T08:12:00.000+02:00,N0356021300,N356,68.0,1200
2026-09-05T06:20:30Z,2026-09-05T08:12:00.000+02:00,A0022011400,A22,79.0,240
2026-09-05T06:20:30Z,2026-09-05T08:12:00.000+02:00,A0027010300,A27,91.0,440
2026-09-05T06:20:30Z,2026-09-05T08:12:00.000+02:00,A9022020250,A22 (rocade),39.0,310
2026-09-05T06:20:30Z,2026-09-05T08:12:00.000+02:00,N0041010300,N41,93.0,1130
2026-09-05T06:20:30Z,2026-09-05T08:12:00.000+02:00,A0022011210,A22,78.0,150
2026-09-05T06:20:30Z,2026-09-05T08:12:00.000+02:00,A0027020100,A27,72.0,1000
2026-09-05T06:20:30Z,2026-09-05T08:12:00.000+02:00,A0001010300,A1,105.0,1890
2026-09-05T06:20:30Z,2026-09-05T08:12:00.000+02:00,A0022011220,A22,78.0,150
2026-09-05T06:20:30Z,2026-09-05T08:12:00.000+02:00,A9022101110,A22 (rocade),78.0,340
2026-09-05T06:20:30Z,2026-09-05T08:12:00.000+02:00,A0022022110,A22,87.0,2050
2026-09-05T06:20:30Z,2026-09-05T08:12:00.000+02:00,N0356010800,N356,72.0,1140
2026-09-05T06:20:30Z,2026-09-05T08:12:00.000+02:00,A9001210710,A1 (bretelle),70.0,440
2026-09-05T06:20:30Z,2026-09-05T08:12:00.000+02:00,N0356021110,N356,50.0,1280
2026-09-05T06:20:30Z,2026-09-05T08:12:00.000+02:00,A0001010510,A1,105.0,1870
2026-09-05T06:20:30Z,2026-09-05T08:12:00.000+02:00,N0356021122,N356,66.0,1310
2026-09-05T06:20:30Z,2026-09-05T08:12:00.000+02:00,N0356021121,N356,50.0,1280
2026-09-05T06:20:30Z,2026-09-05T08:12:00.000+02:00,A0025010210,A25,78.0,1680
2026-09-05T06:20:30Z,2026-09-05T08:12:00.000+02:00,A0025011300,A25,89.0,580
2026-09-05T06:20:30Z,2026-09-05T08:12:00.000+02:00,A0001020300,A1,109.0,1930
2026-09-05T06:20:30Z,2026-09-05T08:12:00.000+02:00,A0025021100,A25,95.0,1260
2026-09-05T06:20:30Z,2026-09-05T08:12:00.000+02:00,A0025023520,A25,113.0,720
2026-09-05T06:20:30Z,2026-09-05T08:12:00.000+02:00,A0022022130,A22,82.0,1940
2026-09-05T06:20:30Z,2026-09-05T08:12:00.000+02:00,A0025010220,A25,78.0,1680
2026-09-05T06:20:30Z,2026-09-05T08:12:00.000+02:00,A0022022120,A22,87.0,1990
2026-09-05T06:20:30Z,2026-09-05T08:12:00.000+02:00,A0001010520,A1,99.0,2070
2026-09-05T06:20:30Z,2026-09-05T08:12:00.000+02:00,A0022011000,A22,73.0,800
2026-09-05T06:20:30Z,2026-09-05T08:12:00.000+02:00,A0001020510,A1,108.0,1990
2026-09-05T06:20:30Z,2026-09-05T08:12:00.000+02:00,A0001021602,A1,89.0,2370
2026-09-05T06:20:30Z,2026-09-05T08:12:00.000+02:00,A22TC020222,A22 (contournement),88.0,1110
2026-09-05T06:20:30Z,2026-09-05T08:12:00.000+02:00,A0001010940,A1,99.0,2110
2026-09-05T06:20:30Z,2026-09-05T08:12:00.000+02:00,A0025023320,A25,114.0,850
2026-09-05T06:20:30Z,2026-09-05T08:12:00.000+02:00,A0001020520,A1,102.0,2010
2026-09-05T06:20:30Z,2026-09-05T08:12:00.000+02:00,A0025023100,A25,113.0,890
2026-09-05T06:20:30Z,2026-09-05T08:12:00.000+02:00,A22TC020230,A22 (contournement),88.0,1110
2026-09-05T06:20:30Z,2026-09-05T08:12:00.000+02:00,A0025021730,A25,92.0,1720
2026-09-05T06:20:30Z,2026-09-05T08:12:00.000+02:00,A0025023910,A25,117.0,580
2026-09-05T06:20:30Z,2026-09-05T08:12:00.000+02:00,A0025021735,A25,106.0,1710
2026-09-05T06:20:30Z,2026-09-05T08:12:00.000+02:00,A0023010400,A23,110.0,440
2026-09-05T06:20:30Z,2026-09-05T08:12:00.000+02:00,A0022021900,A22,78.0,1670
2026-09-05T06:20:30Z,2026-09-05T08:12:00.000+02:00,A9022100500,A22 (rocade),83.0,420
2026-09-05T06:20:30Z,2026-09-05T08:12:00.000+02:00,A0001020940,A1,91.0,2030
2026-09-05T06:20:30Z,2026-09-05T08:12:00.000+02:00,A0001020700,A1,95.0,1670
2026-09-05T06:20:30Z,2026-09-05T08:12:00.000+02:00,A9022020830,A22 (rocade),86.0,180
2026-09-05T06:20:30Z,2026-09-05T08:12:00.000+02:00,A9022020822,A22 (rocade),76.0,660
2026-09-05T06:20:30Z,2026-09-05T08:12:00.000+02:00,A9022020821,A22 (rocade),76.0,660
2026-09-05T06:20:30Z,2026-09-05T08:12:00.000+02:00,A0025020420,A25,72.0,1810
2026-09-05T06:20:30Z,2026-09-05T08:12:00.000+02:00,N0227010100,N227,67.0,460
2026-09-05T06:20:30Z,2026-09-05T08:12:00.000+02:00,A0025011720,A25,100.0,1000
2026-09-05T06:20:30Z,2026-09-05T08:12:00.000+02:00,A0025021760,A25,93.0,1750
2026-09-05T06:20:30Z,2026-09-05T08:12:00.000+02:00,A0025011730,A25,89.0,1040
2026-09-05T06:20:30Z,2026-09-05T08:12:00.000+02:00,A0025011735,A25,103.0,970
2026-09-05T06:20:30Z,2026-09-05T08:12:00.000+02:00,A9025080700,A25 (bretelle),,350
2026-09-05T06:20:30Z,2026-09-05T08:12:00.000+02:00,A9022100930,A22 (rocade),72.0,100
2026-09-05T06:20:30Z,2026-09-05T08:12:00.000+02:00,N0356011220,N356,73.0,1180
2026-09-05T06:20:30Z,2026-09-05T08:12:00.000+02:00,A0025011740,A25,89.0,990
2026-09-05T06:20:30Z,2026-09-05T08:12:00.000+02:00,A0025010410,A25,71.0,1360
2026-09-05T06:20:30Z,2026-09-05T08:12:00.000+02:00,A0023010200,A23,90.0,520
2026-09-05T06:20:30Z,2026-09-05T08:12:00.000+02:00,A9001210120,A1 (bretelle),79.0,240
2026-09-05T06:20:30Z,2026-09-05T08:12:00.000+02:00,A0025020210,A25,74.0,1950
2026-09-05T06:20:30Z,2026-09-05T08:12:00.000+02:00,N0356011210,N356,73.0,1180
2026-09-05T06:20:30Z,2026-09-05T08:12:00.000+02:00,A0025011510,A25,91.0,710
2026-09-05T06:20:30Z,2026-09-05T08:12:00.000+02:00,A0025020220,A25,74.0,1950
2026-09-05T06:20:30Z,2026-09-05T08:12:00.000+02:00,N0227010302,N227,75.0,860
2026-09-05T06:20:30Z,2026-09-05T08:12:00.000+02:00,N0041010500,N41,101.0,810
2026-09-05T06:20:30Z,2026-09-05T08:12:00.000+02:00,N0227020101,N227,87.0,1200
2026-09-05T06:20:30Z,2026-09-05T08:12:00.000+02:00,A9022100110,A22 (rocade),76.0,210
2026-09-05T06:20:30Z,2026-09-05T08:12:00.000+02:00,A0022010400,A22,77.0,1090
2026-09-05T06:20:30Z,2026-09-05T08:12:00.000+02:00,N0356010302,N356,75.0,2480
2026-09-05T06:20:30Z,2026-09-05T08:12:00.000+02:00,A0025010800,A25,77.0,900
2026-09-05T06:20:30Z,2026-09-05T08:12:00.000+02:00,A0027020621,A27,99.0,820
2026-09-05T06:20:30Z,2026-09-05T08:12:00.000+02:00,N0041010700,N41,101.0,250
2026-09-05T06:20:30Z,2026-09-05T08:12:00.000+02:00,A0027020630,A27,103.0,870
2026-09-05T06:20:30Z,2026-09-05T08:12:00.000+02:00,A0022021512,A22,79.0,1490
2026-09-05T06:20:30Z,2026-09-05T08:12:00.000+02:00,A0022021511,A22,82.0,1420
2026-09-05T06:20:30Z,2026-09-05T08:12:00.000+02:00,A0027020610,A27,99.0,820
2026-09-05T06:20:30Z,2026-09-05T08:12:00.000+02:00,A0025021720,A25,103.0,1770
2026-09-05T06:20:30Z,2026-09-05T08:12:00.000+02:00,A0022021520,A22,79.0,1490
2026-09-05T06:20:30Z,2026-09-05T08:12:00.000+02:00,A0025022140,A25,114.0,1600
2026-09-05T06:20:30Z,2026-09-05T08:12:00.000+02:00,A0022011302,A22,80.0,730
2026-09-05T06:20:30Z,2026-09-05T08:12:00.000+02:00,A0025022160,A25,111.0,1580
2026-09-05T06:20:30Z,2026-09-05T08:12:00.000+02:00,A9025060104,A25 (bretelle),74.0,810
2026-09-05T06:20:30Z,2026-09-05T08:12:00.000+02:00,A0027010201,A27,92.0,570
2026-09-05T06:20:30Z,2026-09-05T08:12:00.000+02:00,A0027010202,A27,100.0,400
2026-09-05T06:20:30Z,2026-09-05T08:12:00.000+02:00,N9227110110,N227 (bretelle),78.0,620
2026-09-05T06:20:30Z,2026-09-05T08:12:00.000+02:00,A0025012130,A25,105.0,610
2026-09-05T06:20:30Z,2026-09-05T08:12:00.000+02:00,A0027010210,A27,100.0,400
2026-09-05T06:20:30Z,2026-09-05T08:12:00.000+02:00,A0025011050,A25,92.0,450
2026-09-05T06:20:30Z,2026-09-05T08:12:00.000+02:00,A0025012140,A25,105.0,830
2026-09-05T06:20:30Z,2026-09-05T08:12:00.000+02:00,A0027010421,A27,98.0,570
2026-09-05T06:20:30Z,2026-09-05T08:12:00.000+02:00,A0022012420,A22,95.0,860
2026-09-05T06:20:30Z,2026-09-05T08:12:00.000+02:00,A0027010430,A27,102.0,540
2026-09-05T06:20:30Z,2026-09-05T08:12:00.000+02:00,A0023020710,A23,107.0,800
2026-09-05T06:20:30Z,2026-09-05T08:12:00.000+02:00,A0022012430,A22,97.0,780
2026-09-05T06:20:30Z,2026-09-05T08:12:00.000+02:00,A0025012160,A25,122.0,840
2026-09-05T06:20:30Z,2026-09-05T08:12:00.000+02:00,A9022021200,A22 (rocade),59.0,250
2026-09-05T06:20:30Z,2026-09-05T08:12:00.000+02:00,A0001021100,A1,90.0,2010
2026-09-05T06:20:30Z,2026-09-05T08:12:00.000+02:00,A9022101000,A22 (rocade),69.0,410
2026-09-05T06:20:30Z,2026-09-05T08:12:00.000+02:00,A0025013020,A25,114.0,730
2026-09-05T06:20:30Z,2026-09-05T08:12:00.000+02:00,A0027010410,A27,98.0,570
2026-09-05T06:20:30Z,2026-09-05T08:12:00.000+02:00,A0022012410,A22,95.0,860
2026-09-05T06:20:30Z,2026-09-05T08:12:00.000+02:00,A0001A20112,A1,91.0,970
2026-09-05T06:20:30Z,2026-09-05T08:12:00.000+02:00,A0001A20111,A1,93.0,900
2026-09-05T06:20:30Z,2026-09-05T08:12:00.000+02:00,A0025010320,A25,78.0,810
2026-09-05T06:20:30Z,2026-09-05T08:12:00.000+02:00,A0025022540,A25,116.0,1280
2026-09-05T06:20:30Z,2026-09-05T08:12:00.000+02:00,A0025022300,A25,118.0,1160
2026-09-05T06:20:30Z,2026-09-05T08:12:00.000+02:00,N0356021000,N356,11.0,1000
2026-09-05T06:20:30Z,2026-09-05T08:12:00.000+02:00,A22TC010102,A22 (contournement),86.0,730
2026-09-05T06:20:30Z,2026-09-05T08:12:00.000+02:00,A0001011503,A1,88.0,2730
2026-09-05T06:20:30Z,2026-09-05T08:12:00.000+02:00,A0022012200,A22,84.0,700
2026-09-05T06:20:30Z,2026-09-05T08:12:00.000+02:00,A22TC020102,A22 (contournement),85.0,1030
2026-09-05T06:20:30Z,2026-09-05T08:12:00.000+02:00,A22TC010300,A22 (contournement),83.0,1080
2026-09-05T06:20:30Z,2026-09-05T08:12:00.000+02:00,A0022012010,A22,84.0,530
2026-09-05T06:20:30Z,2026-09-05T08:12:00.000+02:00,A0022012020,A22,84.0,530
2026-09-05T06:20:30Z,2026-09-05T08:12:00.000+02:00,A0025022130,A25,130.0,1620
2026-09-05T06:20:30Z,2026-09-05T08:12:00.000+02:00,A0023010520,A23,116.0,480
2026-09-05T06:20:30Z,2026-09-05T08:12:00.000+02:00,N0041020800,N41,102.0,610
2026-09-05T06:20:30Z,2026-09-05T08:12:00.000+02:00,A0025010500,A25,72.0,980
2026-09-05T06:20:30Z,2026-09-05T08:12:00.000+02:00,A0022020901,A22,85.0,1510
2026-09-05T06:20:30Z,2026-09-05T08:12:00.000+02:00,A0022020902,A22,85.0,1680
2026-09-05T06:20:30Z,2026-09-05T08:12:00.000+02:00,A0025020310,A25,71.0,1560
2026-09-05T06:20:30Z,2026-09-05T08:12:00.000+02:00,A0022021810,A22,79.0,1490
2026-09-05T06:20:30Z,2026-09-05T08:12:00.000+02:00,N0356011100,N356,72.0,970
2026-09-05T06:20:30Z,2026-09-05T08:12:00.000+02:00,A0022021820,A22,79.0,1490
2026-09-05T06:20:30Z,2026-09-05T08:12:00.000+02:00,N0356020802,N356,8.0,1080
2026-09-05T06:20:30Z,2026-09-05T08:12:00.000+02:00,A0025020102,A25,66.0,300
2026-09-05T06:20:30Z,2026-09-05T08:12:00.000+02:00,A0025010310,A25,75.0,1180
2026-09-05T06:20:30Z,2026-09-05T08:12:00.000+02:00,A0023010100,A23,92.0,160
2026-09-05T06:20:30Z,2026-09-05T08:12:00.000+02:00,A0025022530,A25,119.0,1270
2026-09-05T06:20:30Z,2026-09-05T08:12:00.000+02:00,A9001210200,A1 (bretelle),67.0,620
2026-09-05T06:20:30Z,2026-09-05T08:12:00.000+02:00,A0022010700,A22,83.0,830
2026-09-05T06:20:30Z,2026-09-05T08:12:00.000+02:00,N0041020400,N41,98.0,610
2026-09-05T06:20:30Z,2026-09-05T08:12:00.000+02:00,A0023020720,A23,116.0,800
2026-09-05T06:20:30Z,2026-09-05T08:12:00.000+02:00,A0022020500,A22,85.0,820
2026-09-05T06:20:30Z,2026-09-05T08:12:00.000+02:00,A0025020950,A25,90.0,1900
2026-09-05T06:20:30Z,2026-09-05T08:12:00.000+02:00,A0023020300,A23,89.0,460
2026-09-05T06:20:30Z,2026-09-05T08:12:00.000+02:00,A0001011000,A1,86.0,1790
2026-09-05T06:20:30Z,2026-09-05T08:12:00.000+02:00,A0027020500,A27,91.0,560
2026-09-05T06:20:30Z,2026-09-05T08:12:00.000+02:00,N0356011500,N356,69.0,1160
2026-09-05T06:20:30Z,2026-09-05T08:12:00.000+02:00,A0001010150,A1,106.0,2050
2026-09-05T06:20:30Z,2026-09-05T08:12:00.000+02:00,N0356020400,N356,66.0,690
2026-09-05T06:20:30Z,2026-09-05T08:12:00.000+02:00,N0041020600,N41,104.0,510
2026-09-05T06:20:30Z,2026-09-05T08:12:00.000+02:00,A0025010700,A25,76.0,750
2026-09-05T06:20:30Z,2026-09-05T08:12:00.000+02:00,A0002011230,A2,109.0,1290
2026-09-05T06:20:30Z,2026-09-05T08:12:00.000+02:00,A0025020500,A25,72.0,1420
2026-09-05T06:20:30Z,2026-09-05T08:12:00.000+02:00,A0002021290,A2,106.0,1760
2026-09-05T06:20:30Z,2026-09-05T08:12:00.000+02:00,A0022011600,A22,79.0,530
2026-09-05T06:30:32Z,2026-09-05T08:24:00.000+02:00,A0001011200,A1,82.0,2250
2026-09-05T06:30:32Z,2026-09-05T08:24:00.000+02:00,A0027010102,A27,89.0,1890
2026-09-05T06:30:32Z,2026-09-05T08:24:00.000+02:00,N0041010100,N41,85.0,610
2026-09-05T06:30:32Z,2026-09-05T08:24:00.000+02:00,A0027010101,A27,89.0,1890
2026-09-05T06:30:32Z,2026-09-05T08:24:00.000+02:00,A0001020150,A1,106.0,2620
2026-09-05T06:30:32Z,2026-09-05T08:24:00.000+02:00,N0356011700,N356,75.0,1160
2026-09-05T06:30:32Z,2026-09-05T08:24:00.000+02:00,N9227110200,N227 (bretelle),68.0,20
2026-09-05T06:30:32Z,2026-09-05T08:24:00.000+02:00,N0356021300,N356,69.0,1310
2026-09-05T06:30:32Z,2026-09-05T08:24:00.000+02:00,A0022011400,A22,78.0,320
2026-09-05T06:30:32Z,2026-09-05T08:24:00.000+02:00,A0027010300,A27,91.0,350
2026-09-05T06:30:32Z,2026-09-05T08:24:00.000+02:00,A9022020250,A22 (rocade),38.0,380
2026-09-05T06:30:32Z,2026-09-05T08:24:00.000+02:00,N0041010300,N41,92.0,1380
2026-09-05T06:30:32Z,2026-09-05T08:24:00.000+02:00,A0022011210,A22,92.0,270
2026-09-05T06:30:32Z,2026-09-05T08:24:00.000+02:00,A0027020100,A27,74.0,1030
2026-09-05T06:30:32Z,2026-09-05T08:24:00.000+02:00,A0001010300,A1,109.0,2200
2026-09-05T06:30:32Z,2026-09-05T08:24:00.000+02:00,A0022011220,A22,92.0,270
2026-09-05T06:30:32Z,2026-09-05T08:24:00.000+02:00,N0227021400,N227,80.0,50
2026-09-05T06:30:32Z,2026-09-05T08:24:00.000+02:00,A9022101110,A22 (rocade),81.0,550
2026-09-05T06:30:32Z,2026-09-05T08:24:00.000+02:00,A0022022110,A22,85.0,2670
2026-09-05T06:30:32Z,2026-09-05T08:24:00.000+02:00,N0356010800,N356,73.0,1340
2026-09-05T06:30:32Z,2026-09-05T08:24:00.000+02:00,A9001210710,A1 (bretelle),69.0,490
2026-09-05T06:30:32Z,2026-09-05T08:24:00.000+02:00,N0356021110,N356,72.0,1290
2026-09-05T06:30:32Z,2026-09-05T08:24:00.000+02:00,A0001010510,A1,109.0,2140
2026-09-05T06:30:32Z,2026-09-05T08:24:00.000+02:00,N0356021122,N356,67.0,1370
2026-09-05T06:30:32Z,2026-09-05T08:24:00.000+02:00,N0356021121,N356,72.0,1290
2026-09-05T06:30:32Z,2026-09-05T08:24:00.000+02:00,A0025010210,A25,77.0,2060
2026-09-05T06:30:32Z,2026-09-05T08:24:00.000+02:00,A0025011300,A25,87.0,630
2026-09-05T06:30:32Z,2026-09-05T08:24:00.000+02:00,A0001020300,A1,107.0,2550
2026-09-05T06:30:32Z,2026-09-05T08:24:00.000+02:00,A0025021100,A25,91.0,1220
2026-09-05T06:30:32Z,2026-09-05T08:24:00.000+02:00,A0025023520,A25,115.0,810
2026-09-05T06:30:32Z,2026-09-05T08:24:00.000+02:00,A0022022130,A22,80.0,2460
2026-09-05T06:30:32Z,2026-09-05T08:24:00.000+02:00,A0025010220,A25,77.0,2060
2026-09-05T06:30:32Z,2026-09-05T08:24:00.000+02:00,A0022022120,A22,87.0,2660
2026-09-05T06:30:32Z,2026-09-05T08:24:00.000+02:00,A0001010520,A1,103.0,2270
2026-09-05T06:30:32Z,2026-09-05T08:24:00.000+02:00,A0022011000,A22,82.0,1130
2026-09-05T06:30:32Z,2026-09-05T08:24:00.000+02:00,A0001020510,A1,103.0,2700
2026-09-05T06:30:32Z,2026-09-05T08:24:00.000+02:00,A0001021602,A1,87.0,2520
2026-09-05T06:30:32Z,2026-09-05T08:24:00.000+02:00,A22TC020222,A22 (contournement),85.0,1440
2026-09-05T06:30:32Z,2026-09-05T08:24:00.000+02:00,A0001010940,A1,103.0,2310
2026-09-05T06:30:32Z,2026-09-05T08:24:00.000+02:00,A0025023320,A25,120.0,1140
2026-09-05T06:30:32Z,2026-09-05T08:24:00.000+02:00,A0001020520,A1,99.0,2810
2026-09-05T06:30:32Z,2026-09-05T08:24:00.000+02:00,A0025023100,A25,116.0,1100
2026-09-05T06:30:32Z,2026-09-05T08:24:00.000+02:00,A22TC020230,A22 (contournement),85.0,1440
2026-09-05T06:30:32Z,2026-09-05T08:24:00.000+02:00,A0025021730,A25,91.0,1740
2026-09-05T06:30:32Z,2026-09-05T08:24:00.000+02:00,A0025023910,A25,120.0,750
2026-09-05T06:30:32Z,2026-09-05T08:24:00.000+02:00,A0025021735,A25,104.0,1800
2026-09-05T06:30:32Z,2026-09-05T08:24:00.000+02:00,A0023010400,A23,108.0,620
2026-09-05T06:30:32Z,2026-09-05T08:24:00.000+02:00,A0022021900,A22,77.0,2080
2026-09-05T06:30:32Z,2026-09-05T08:24:00.000+02:00,A9022100500,A22 (rocade),81.0,580
2026-09-05T06:30:32Z,2026-09-05T08:24:00.000+02:00,A0001020940,A1,91.0,2750
2026-09-05T06:30:32Z,2026-09-05T08:24:00.000+02:00,A0001020700,A1,93.0,2480
2026-09-05T06:30:32Z,2026-09-05T08:24:00.000+02:00,A9022020830,A22 (rocade),87.0,120
2026-09-05T06:30:32Z,2026-09-05T08:24:00.000+02:00,A9022020822,A22 (rocade),70.0,1190
2026-09-05T06:30:32Z,2026-09-05T08:24:00.000+02:00,A9022020821,A22 (rocade),70.0,1190
2026-09-05T06:30:32Z,2026-09-05T08:24:00.000+02:00,A0025020420,A25,73.0,2240
2026-09-05T06:30:32Z,2026-09-05T08:24:00.000+02:00,N0227010100,N227,68.0,560
2026-09-05T06:30:32Z,2026-09-05T08:24:00.000+02:00,A0025011720,A25,101.0,1260
2026-09-05T06:30:32Z,2026-09-05T08:24:00.000+02:00,A0025021760,A25,90.0,1790
2026-09-05T06:30:32Z,2026-09-05T08:24:00.000+02:00,A0025011730,A25,88.0,1280
2026-09-05T06:30:32Z,2026-09-05T08:24:00.000+02:00,A0025011735,A25,99.0,1290
2026-09-05T06:30:32Z,2026-09-05T08:24:00.000+02:00,A9025080700,A25 (bretelle),,390
2026-09-05T06:30:32Z,2026-09-05T08:24:00.000+02:00,A9022100930,A22 (rocade),71.0,100
2026-09-05T06:30:32Z,2026-09-05T08:24:00.000+02:00,N0356011220,N356,73.0,1310
2026-09-05T06:30:32Z,2026-09-05T08:24:00.000+02:00,A0025011740,A25,88.0,1240
2026-09-05T06:30:32Z,2026-09-05T08:24:00.000+02:00,A0025010410,A25,71.0,1660
2026-09-05T06:30:32Z,2026-09-05T08:24:00.000+02:00,A0023010200,A23,98.0,690
2026-09-05T06:30:32Z,2026-09-05T08:24:00.000+02:00,A9001210120,A1 (bretelle),78.0,320
2026-09-05T06:30:32Z,2026-09-05T08:24:00.000+02:00,A0025020210,A25,75.0,2310
2026-09-05T06:30:32Z,2026-09-05T08:24:00.000+02:00,N0356011210,N356,73.0,1310
2026-09-05T06:30:32Z,2026-09-05T08:24:00.000+02:00,A0025011510,A25,89.0,860
2026-09-05T06:30:32Z,2026-09-05T08:24:00.000+02:00,A0025020220,A25,75.0,2310
2026-09-05T06:30:32Z,2026-09-05T08:24:00.000+02:00,N0227010302,N227,78.0,1060
2026-09-05T06:30:32Z,2026-09-05T08:24:00.000+02:00,N0041010500,N41,88.0,1070
2026-09-05T06:30:32Z,2026-09-05T08:24:00.000+02:00,N0227020101,N227,84.0,1160
2026-09-05T06:30:32Z,2026-09-05T08:24:00.000+02:00,A9022100110,A22 (rocade),69.0,300
2026-09-05T06:30:32Z,2026-09-05T08:24:00.000+02:00,A0022010400,A22,74.0,1280
2026-09-05T06:30:32Z,2026-09-05T08:24:00.000+02:00,N0356010302,N356,77.0,2830
2026-09-05T06:30:32Z,2026-09-05T08:24:00.000+02:00,A0025010800,A25,76.0,910
2026-09-05T06:30:32Z,2026-09-05T08:24:00.000+02:00,A0027020621,A27,101.0,790
2026-09-05T06:30:32Z,2026-09-05T08:24:00.000+02:00,N0041010700,N41,90.0,460
2026-09-05T06:30:32Z,2026-09-05T08:24:00.000+02:00,A0027020630,A27,103.0,850
2026-09-05T06:30:32Z,2026-09-05T08:24:00.000+02:00,A0022021512,A22,76.0,1760
2026-09-05T06:30:32Z,2026-09-05T08:24:00.000+02:00,A0022021511,A22,79.0,1710
2026-09-05T06:30:32Z,2026-09-05T08:24:00.000+02:00,A0027020610,A27,101.0,790
2026-09-05T06:30:32Z,2026-09-05T08:24:00.000+02:00,A0025021720,A25,101.0,1770
2026-09-05T06:30:32Z,2026-09-05T08:24:00.000+02:00,A0022021520,A22,76.0,1760
2026-09-05T06:30:32Z,2026-09-05T08:24:00.000+02:00,A0025022140,A25,114.0,1560
2026-09-05T06:30:32Z,2026-09-05T08:24:00.000+02:00,A0022011302,A22,76.0,910
2026-09-05T06:30:32Z,2026-09-05T08:24:00.000+02:00,A0025022160,A25,111.0,1580
2026-09-05T06:30:32Z,2026-09-05T08:24:00.000+02:00,A9025060104,A25 (bretelle),76.0,1060
2026-09-05T06:30:32Z,2026-09-05T08:24:00.000+02:00,A0027010201,A27,93.0,790
2026-09-05T06:30:32Z,2026-09-05T08:24:00.000+02:00,A0027010202,A27,89.0,260
2026-09-05T06:30:32Z,2026-09-05T08:24:00.000+02:00,N9227110110,N227 (bretelle),74.0,690
2026-09-05T06:30:32Z,2026-09-05T08:24:00.000+02:00,A0025012130,A25,113.0,700
2026-09-05T06:30:32Z,2026-09-05T08:24:00.000+02:00,A0027010210,A27,89.0,260
2026-09-05T06:30:32Z,2026-09-05T08:24:00.000+02:00,A0025011050,A25,87.0,550
2026-09-05T06:30:32Z,2026-09-05T08:24:00.000+02:00,A0025012140,A25,113.0,1040
2026-09-05T06:30:32Z,2026-09-05T08:24:00.000+02:00,A0027010421,A27,97.0,510
2026-09-05T06:30:32Z,2026-09-05T08:24:00.000+02:00,A0022012420,A22,98.0,1160
2026-09-05T06:30:32Z,2026-09-05T08:24:00.000+02:00,A0027010430,A27,100.0,490
2026-09-05T06:30:32Z,2026-09-05T08:24:00.000+02:00,A0023020710,A23,107.0,1210
2026-09-05T06:30:32Z,2026-09-05T08:24:00.000+02:00,A0022012430,A22,97.0,1090
2026-09-05T06:30:32Z,2026-09-05T08:24:00.000+02:00,A0025012160,A25,126.0,960
2026-09-05T06:30:32Z,2026-09-05T08:24:00.000+02:00,A9022021200,A22 (rocade),57.0,420
2026-09-05T06:30:32Z,2026-09-05T08:24:00.000+02:00,A0001021100,A1,89.0,2500
2026-09-05T06:30:32Z,2026-09-05T08:24:00.000+02:00,A9022101000,A22 (rocade),63.0,390
2026-09-05T06:30:32Z,2026-09-05T08:24:00.000+02:00,A0025013020,A25,113.0,940
2026-09-05T06:30:32Z,2026-09-05T08:24:00.000+02:00,A0027010410,A27,97.0,510
2026-09-05T06:30:32Z,2026-09-05T08:24:00.000+02:00,A0022012410,A22,96.0,1200
2026-09-05T06:30:32Z,2026-09-05T08:24:00.000+02:00,A0001A20112,A1,92.0,1140
2026-09-05T06:30:32Z,2026-09-05T08:24:00.000+02:00,A0001A20111,A1,91.0,1160
2026-09-05T06:30:32Z,2026-09-05T08:24:00.000+02:00,A0025010320,A25,72.0,780
2026-09-05T06:30:32Z,2026-09-05T08:24:00.000+02:00,A0025022540,A25,118.0,1200
2026-09-05T06:30:32Z,2026-09-05T08:24:00.000+02:00,A0025022300,A25,115.0,1100
2026-09-05T06:30:32Z,2026-09-05T08:24:00.000+02:00,N0356021000,N356,52.0,1100
2026-09-05T06:30:32Z,2026-09-05T08:24:00.000+02:00,A22TC010102,A22 (contournement),87.0,1030
2026-09-05T06:30:32Z,2026-09-05T08:24:00.000+02:00,A0001011503,A1,88.0,3240
2026-09-05T06:30:32Z,2026-09-05T08:24:00.000+02:00,A0022012200,A22,82.0,1060
2026-09-05T06:30:32Z,2026-09-05T08:24:00.000+02:00,A22TC020102,A22 (contournement),87.0,1210
2026-09-05T06:30:32Z,2026-09-05T08:24:00.000+02:00,A22TC010300,A22 (contournement),86.0,1200
2026-09-05T06:30:32Z,2026-09-05T08:24:00.000+02:00,A0022012010,A22,80.0,780
2026-09-05T06:30:32Z,2026-09-05T08:24:00.000+02:00,A0022012020,A22,80.0,780
2026-09-05T06:30:32Z,2026-09-05T08:24:00.000+02:00,A0025022130,A25,129.0,1460
2026-09-05T06:30:32Z,2026-09-05T08:24:00.000+02:00,A0023010520,A23,115.0,630
2026-09-05T06:30:32Z,2026-09-05T08:24:00.000+02:00,N0041020800,N41,97.0,910
2026-09-05T06:30:32Z,2026-09-05T08:24:00.000+02:00,A0025010500,A25,71.0,1100
2026-09-05T06:30:32Z,2026-09-05T08:24:00.000+02:00,A0022020901,A22,67.0,1570
2026-09-05T06:30:32Z,2026-09-05T08:24:00.000+02:00,A0022020902,A22,67.0,1470
2026-09-05T06:30:32Z,2026-09-05T08:24:00.000+02:00,A0025020310,A25,73.0,1680
2026-09-05T06:30:32Z,2026-09-05T08:24:00.000+02:00,A0022021810,A22,76.0,1920
2026-09-05T06:30:32Z,2026-09-05T08:24:00.000+02:00,N0356011100,N356,73.0,1150
2026-09-05T06:30:32Z,2026-09-05T08:24:00.000+02:00,A0022021820,A22,76.0,1920
2026-09-05T06:30:32Z,2026-09-05T08:24:00.000+02:00,N0356020802,N356,9.0,1240
2026-09-05T06:30:32Z,2026-09-05T08:24:00.000+02:00,A0025020102,A25,67.0,170
2026-09-05T06:30:32Z,2026-09-05T08:24:00.000+02:00,A0025010310,A25,74.0,1380
2026-09-05T06:30:32Z,2026-09-05T08:24:00.000+02:00,A0023010100,A23,103.0,60
2026-09-05T06:30:32Z,2026-09-05T08:24:00.000+02:00,A0025022530,A25,118.0,1220
2026-09-05T06:30:32Z,2026-09-05T08:24:00.000+02:00,A9001210200,A1 (bretelle),69.0,780
2026-09-05T06:30:32Z,2026-09-05T08:24:00.000+02:00,A0022010700,A22,80.0,950
2026-09-05T06:30:32Z,2026-09-05T08:24:00.000+02:00,N0041020400,N41,92.0,960
2026-09-05T06:30:32Z,2026-09-05T08:24:00.000+02:00,A0023020720,A23,117.0,1250
2026-09-05T06:30:32Z,2026-09-05T08:24:00.000+02:00,A0022020500,A22,67.0,920
2026-09-05T06:30:32Z,2026-09-05T08:24:00.000+02:00,N93563b0150,N356 (bretelle),61.0,30
2026-09-05T06:30:32Z,2026-09-05T08:24:00.000+02:00,A0025020950,A25,92.0,1890
2026-09-05T06:30:32Z,2026-09-05T08:24:00.000+02:00,A0023020300,A23,92.0,620
2026-09-05T06:30:32Z,2026-09-05T08:24:00.000+02:00,A0001011000,A1,87.0,2080
2026-09-05T06:30:32Z,2026-09-05T08:24:00.000+02:00,A0027020500,A27,91.0,500
2026-09-05T06:30:32Z,2026-09-05T08:24:00.000+02:00,N0356011500,N356,72.0,1300
2026-09-05T06:30:32Z,2026-09-05T08:24:00.000+02:00,A0001010150,A1,106.0,2240
2026-09-05T06:30:32Z,2026-09-05T08:24:00.000+02:00,N0356020400,N356,65.0,780
2026-09-05T06:30:32Z,2026-09-05T08:24:00.000+02:00,N0041020600,N41,98.0,760
2026-09-05T06:30:32Z,2026-09-05T08:24:00.000+02:00,A0025010700,A25,72.0,800
2026-09-05T06:30:32Z,2026-09-05T08:24:00.000+02:00,A0002011230,A2,109.0,1370
2026-09-05T06:30:32Z,2026-09-05T08:24:00.000+02:00,A0025020500,A25,72.0,1700
2026-09-05T06:30:32Z,2026-09-05T08:24:00.000+02:00,A0002021290,A2,101.0,2220
2026-09-05T06:30:32Z,2026-09-05T08:24:00.000+02:00,A0022011600,A22,81.0,860
2026-09-05T06:40:30Z,2026-09-05T08:30:00.000+02:00,A0001011200,A1,83.0,2530
2026-09-05T06:40:30Z,2026-09-05T08:30:00.000+02:00,A0027010102,A27,84.0,1930
2026-09-05T06:40:30Z,2026-09-05T08:30:00.000+02:00,N0041010100,N41,81.0,650
2026-09-05T06:40:30Z,2026-09-05T08:30:00.000+02:00,A0027010101,A27,84.0,1930
2026-09-05T06:40:30Z,2026-09-05T08:30:00.000+02:00,A0001020150,A1,105.0,2460
2026-09-05T06:40:30Z,2026-09-05T08:30:00.000+02:00,N0356011700,N356,74.0,1190
2026-09-05T06:40:30Z,2026-09-05T08:30:00.000+02:00,N9227110200,N227 (bretelle),94.0,20
2026-09-05T06:40:30Z,2026-09-05T08:30:00.000+02:00,N0356021300,N356,68.0,1640
2026-09-05T06:40:30Z,2026-09-05T08:30:00.000+02:00,A0022011400,A22,79.0,380
2026-09-05T06:40:30Z,2026-09-05T08:30:00.000+02:00,A0027010300,A27,91.0,480
2026-09-05T06:40:30Z,2026-09-05T08:30:00.000+02:00,A9022020250,A22 (rocade),42.0,440
2026-09-05T06:40:30Z,2026-09-05T08:30:00.000+02:00,N0041010300,N41,90.0,1580
2026-09-05T06:40:30Z,2026-09-05T08:30:00.000+02:00,A0022011210,A22,72.0,300
2026-09-05T06:40:30Z,2026-09-05T08:30:00.000+02:00,A0027020100,A27,71.0,970
2026-09-05T06:40:30Z,2026-09-05T08:30:00.000+02:00,A0001010300,A1,103.0,2220
2026-09-05T06:40:30Z,2026-09-05T08:30:00.000+02:00,A0022011220,A22,72.0,300
2026-09-05T06:40:30Z,2026-09-05T08:30:00.000+02:00,N0227021400,N227,60.0,30
2026-09-05T06:40:30Z,2026-09-05T08:30:00.000+02:00,A9022101110,A22 (rocade),76.0,470
2026-09-05T06:40:30Z,2026-09-05T08:30:00.000+02:00,A0022022110,A22,88.0,2500
2026-09-05T06:40:30Z,2026-09-05T08:30:00.000+02:00,N0356010800,N356,75.0,1270
2026-09-05T06:40:30Z,2026-09-05T08:30:00.000+02:00,A9001210710,A1 (bretelle),73.0,150
2026-09-05T06:40:30Z,2026-09-05T08:30:00.000+02:00,N0356021110,N356,73.0,1630
2026-09-05T06:40:30Z,2026-09-05T08:30:00.000+02:00,A0001010510,A1,103.0,2140
2026-09-05T06:40:30Z,2026-09-05T08:30:00.000+02:00,N0356021122,N356,67.0,1700
2026-09-05T06:40:30Z,2026-09-05T08:30:00.000+02:00,N0356021121,N356,73.0,1630
2026-09-05T06:40:30Z,2026-09-05T08:30:00.000+02:00,A0025010210,A25,77.0,2160
2026-09-05T06:40:30Z,2026-09-05T08:30:00.000+02:00,A0025011300,A25,87.0,550
2026-09-05T06:40:30Z,2026-09-05T08:30:00.000+02:00,A0001020300,A1,106.0,2360
2026-09-05T06:40:30Z,2026-09-05T08:30:00.000+02:00,A0025021100,A25,90.0,1430
2026-09-05T06:40:30Z,2026-09-05T08:30:00.000+02:00,A0025023520,A25,112.0,720
2026-09-05T06:40:30Z,2026-09-05T08:30:00.000+02:00,A0022022130,A22,79.0,2370
2026-09-05T06:40:30Z,2026-09-05T08:30:00.000+02:00,A0025010220,A25,77.0,2160
2026-09-05T06:40:30Z,2026-09-05T08:30:00.000+02:00,A0022022120,A22,90.0,2540
2026-09-05T06:40:30Z,2026-09-05T08:30:00.000+02:00,A0001010520,A1,103.0,2330
2026-09-05T06:40:30Z,2026-09-05T08:30:00.000+02:00,A0022011000,A22,73.0,1250
2026-09-05T06:40:30Z,2026-09-05T08:30:00.000+02:00,A0001020510,A1,104.0,2480
2026-09-05T06:40:30Z,2026-09-05T08:30:00.000+02:00,A0001021602,A1,85.0,3720
2026-09-05T06:40:30Z,2026-09-05T08:30:00.000+02:00,A22TC020222,A22 (contournement),85.0,1350
2026-09-05T06:40:30Z,2026-09-05T08:30:00.000+02:00,A0001010940,A1,102.0,2570
2026-09-05T06:40:30Z,2026-09-05T08:30:00.000+02:00,A0025023320,A25,112.0,1120
2026-09-05T06:40:30Z,2026-09-05T08:30:00.000+02:00,A0001020520,A1,99.0,2520
2026-09-05T06:40:30Z,2026-09-05T08:30:00.000+02:00,A0025023100,A25,113.0,950
2026-09-05T06:40:30Z,2026-09-05T08:30:00.000+02:00,A22TC020230,A22 (contournement),85.0,1350
2026-09-05T06:40:30Z,2026-09-05T08:30:00.000+02:00,A0025021730,A25,89.0,1970
2026-09-05T06:40:30Z,2026-09-05T08:30:00.000+02:00,A0025023910,A25,114.0,690
2026-09-05T06:40:30Z,2026-09-05T08:30:00.000+02:00,A0025021735,A25,106.0,1900
2026-09-05T06:40:30Z,2026-09-05T08:30:00.000+02:00,A0023010400,A23,108.0,650
2026-09-05T06:40:30Z,2026-09-05T08:30:00.000+02:00,A0022021900,A22,81.0,2060
2026-09-05T06:40:30Z,2026-09-05T08:30:00.000+02:00,A9022100500,A22 (rocade),77.0,560
2026-09-05T06:40:30Z,2026-09-05T08:30:00.000+02:00,A0001020940,A1,91.0,2550
2026-09-05T06:40:30Z,2026-09-05T08:30:00.000+02:00,A0001020700,A1,95.0,2040
2026-09-05T06:40:30Z,2026-09-05T08:30:00.000+02:00,A9022020830,A22 (rocade),88.0,150
2026-09-05T06:40:30Z,2026-09-05T08:30:00.000+02:00,A9022020822,A22 (rocade),72.0,1180
2026-09-05T06:40:30Z,2026-09-05T08:30:00.000+02:00,A9022020821,A22 (rocade),72.0,1180
2026-09-05T06:40:30Z,2026-09-05T08:30:00.000+02:00,A0025020420,A25,71.0,2290
2026-09-05T06:40:30Z,2026-09-05T08:30:00.000+02:00,N0227010100,N227,68.0,760
2026-09-05T06:40:30Z,2026-09-05T08:30:00.000+02:00,A0025011720,A25,100.0,1220
2026-09-05T06:40:30Z,2026-09-05T08:30:00.000+02:00,A0025021760,A25,92.0,1880
2026-09-05T06:40:30Z,2026-09-05T08:30:00.000+02:00,A0025011730,A25,89.0,1300
2026-09-05T06:40:30Z,2026-09-05T08:30:00.000+02:00,A0025011735,A25,102.0,1300
2026-09-05T06:40:30Z,2026-09-05T08:30:00.000+02:00,A9025080700,A25 (bretelle),,350
2026-09-05T06:40:30Z,2026-09-05T08:30:00.000+02:00,N0356011220,N356,73.0,1170
2026-09-05T06:40:30Z,2026-09-05T08:30:00.000+02:00,A0025011740,A25,88.0,1340
2026-09-05T06:40:30Z,2026-09-05T08:30:00.000+02:00,A0025010410,A25,72.0,1670
2026-09-05T06:40:30Z,2026-09-05T08:30:00.000+02:00,A0023010200,A23,97.0,680
2026-09-05T06:40:30Z,2026-09-05T08:30:00.000+02:00,A9001210120,A1 (bretelle),76.0,220
2026-09-05T06:40:30Z,2026-09-05T08:30:00.000+02:00,A0025020210,A25,73.0,2570
2026-09-05T06:40:30Z,2026-09-05T08:30:00.000+02:00,N0356011210,N356,73.0,1170
2026-09-05T06:40:30Z,2026-09-05T08:30:00.000+02:00,A0025011510,A25,92.0,780
2026-09-05T06:40:30Z,2026-09-05T08:30:00.000+02:00,A0025020220,A25,73.0,2570
2026-09-05T06:40:30Z,2026-09-05T08:30:00.000+02:00,N0227010302,N227,78.0,1320
2026-09-05T06:40:30Z,2026-09-05T08:30:00.000+02:00,N0041010500,N41,94.0,1190
2026-09-05T06:40:30Z,2026-09-05T08:30:00.000+02:00,N0227020101,N227,88.0,1530
2026-09-05T06:40:30Z,2026-09-05T08:30:00.000+02:00,A9022100110,A22 (rocade),71.0,380
2026-09-05T06:40:30Z,2026-09-05T08:30:00.000+02:00,A0022010400,A22,74.0,1350
2026-09-05T06:40:30Z,2026-09-05T08:30:00.000+02:00,N0356010302,N356,77.0,2600
2026-09-05T06:40:30Z,2026-09-05T08:30:00.000+02:00,A0025010800,A25,73.0,1280
2026-09-05T06:40:30Z,2026-09-05T08:30:00.000+02:00,A0027020621,A27,99.0,1010
2026-09-05T06:40:30Z,2026-09-05T08:30:00.000+02:00,N0041010700,N41,98.0,540
2026-09-05T06:40:30Z,2026-09-05T08:30:00.000+02:00,A0027020630,A27,101.0,930
2026-09-05T06:40:30Z,2026-09-05T08:30:00.000+02:00,A0022021512,A22,80.0,1720
2026-09-05T06:40:30Z,2026-09-05T08:30:00.000+02:00,A0022021511,A22,82.0,1740
2026-09-05T06:40:30Z,2026-09-05T08:30:00.000+02:00,A0027020610,A27,99.0,1010
2026-09-05T06:40:30Z,2026-09-05T08:30:00.000+02:00,A0025021720,A25,102.0,1820
2026-09-05T06:40:30Z,2026-09-05T08:30:00.000+02:00,A0022021520,A22,80.0,1720
2026-09-05T06:40:30Z,2026-09-05T08:30:00.000+02:00,A0025022140,A25,117.0,1710
2026-09-05T06:40:30Z,2026-09-05T08:30:00.000+02:00,A0022011302,A22,80.0,1040
2026-09-05T06:40:30Z,2026-09-05T08:30:00.000+02:00,A0025022160,A25,112.0,1630
2026-09-05T06:40:30Z,2026-09-05T08:30:00.000+02:00,A9025060104,A25 (bretelle),77.0,1200
2026-09-05T06:40:30Z,2026-09-05T08:30:00.000+02:00,A0027010201,A27,89.0,840
2026-09-05T06:40:30Z,2026-09-05T08:30:00.000+02:00,A0027010202,A27,84.0,380
2026-09-05T06:40:30Z,2026-09-05T08:30:00.000+02:00,N9227110110,N227 (bretelle),76.0,690
2026-09-05T06:40:30Z,2026-09-05T08:30:00.000+02:00,A0025012130,A25,102.0,750
2026-09-05T06:40:30Z,2026-09-05T08:30:00.000+02:00,A0027010210,A27,84.0,380
2026-09-05T06:40:30Z,2026-09-05T08:30:00.000+02:00,A0025011050,A25,86.0,540
2026-09-05T06:40:30Z,2026-09-05T08:30:00.000+02:00,A0025012140,A25,102.0,1090
2026-09-05T06:40:30Z,2026-09-05T08:30:00.000+02:00,A0027010421,A27,97.0,620
2026-09-05T06:40:30Z,2026-09-05T08:30:00.000+02:00,A0022012420,A22,96.0,1460
2026-09-05T06:40:30Z,2026-09-05T08:30:00.000+02:00,A0027010430,A27,101.0,610
2026-09-05T06:40:30Z,2026-09-05T08:30:00.000+02:00,A0023020710,A23,108.0,1110
2026-09-05T06:40:30Z,2026-09-05T08:30:00.000+02:00,A0022012430,A22,94.0,1370
2026-09-05T06:40:30Z,2026-09-05T08:30:00.000+02:00,A0025012160,A25,123.0,1150
2026-09-05T06:40:30Z,2026-09-05T08:30:00.000+02:00,A9022021200,A22 (rocade),61.0,380
2026-09-05T06:40:30Z,2026-09-05T08:30:00.000+02:00,A0001021100,A1,90.0,2240
2026-09-05T06:40:30Z,2026-09-05T08:30:00.000+02:00,A0025013020,A25,110.0,960
2026-09-05T06:40:30Z,2026-09-05T08:30:00.000+02:00,A0027010410,A27,97.0,620
2026-09-05T06:40:30Z,2026-09-05T08:30:00.000+02:00,A0022012410,A22,97.0,1380
2026-09-05T06:40:30Z,2026-09-05T08:30:00.000+02:00,A0001A20112,A1,92.0,1180
2026-09-05T06:40:30Z,2026-09-05T08:30:00.000+02:00,A0001A20111,A1,83.0,1020
2026-09-05T06:40:30Z,2026-09-05T08:30:00.000+02:00,A0025010320,A25,81.0,930
2026-09-05T06:40:30Z,2026-09-05T08:30:00.000+02:00,A0025022540,A25,115.0,1160
2026-09-05T06:40:30Z,2026-09-05T08:30:00.000+02:00,A0025022300,A25,119.0,1020
2026-09-05T06:40:30Z,2026-09-05T08:30:00.000+02:00,N0356021000,N356,66.0,1560
2026-09-05T06:40:30Z,2026-09-05T08:30:00.000+02:00,A22TC010102,A22 (contournement),87.0,970
2026-09-05T06:40:30Z,2026-09-05T08:30:00.000+02:00,A0001011503,A1,89.0,2950
2026-09-05T06:40:30Z,2026-09-05T08:30:00.000+02:00,A0022012200,A22,84.0,1280
2026-09-05T06:40:30Z,2026-09-05T08:30:00.000+02:00,A22TC020102,A22 (contournement),86.0,1220
2026-09-05T06:40:30Z,2026-09-05T08:30:00.000+02:00,A22TC010300,A22 (contournement),83.0,1180
2026-09-05T06:40:30Z,2026-09-05T08:30:00.000+02:00,A0022012010,A22,84.0,850
2026-09-05T06:40:30Z,2026-09-05T08:30:00.000+02:00,A0022012020,A22,84.0,850
2026-09-05T06:40:30Z,2026-09-05T08:30:00.000+02:00,A0025022130,A25,132.0,1800
2026-09-05T06:40:30Z,2026-09-05T08:30:00.000+02:00,A0023010520,A23,115.0,620
2026-09-05T06:40:30Z,2026-09-05T08:30:00.000+02:00,N0041020800,N41,97.0,690
2026-09-05T06:40:30Z,2026-09-05T08:30:00.000+02:00,A0025010500,A25,71.0,1030
2026-09-05T06:40:30Z,2026-09-05T08:30:00.000+02:00,A0022020901,A22,83.0,1940
2026-09-05T06:40:30Z,2026-09-05T08:30:00.000+02:00,A0022020902,A22,83.0,1920
2026-09-05T06:40:30Z,2026-09-05T08:30:00.000+02:00,A0025020310,A25,72.0,2090
2026-09-05T06:40:30Z,2026-09-05T08:30:00.000+02:00,A0022021810,A22,80.0,1850
2026-09-05T06:40:30Z,2026-09-05T08:30:00.000+02:00,N0356011100,N356,73.0,1060
2026-09-05T06:40:30Z,2026-09-05T08:30:00.000+02:00,A0022021820,A22,80.0,1850
2026-09-05T06:40:30Z,2026-09-05T08:30:00.000+02:00,N0356020802,N356,26.0,2160
2026-09-05T06:40:30Z,2026-09-05T08:30:00.000+02:00,A0025020102,A25,74.0,150
2026-09-05T06:40:30Z,2026-09-05T08:30:00.000+02:00,A0025010310,A25,73.0,1360
2026-09-05T06:40:30Z,2026-09-05T08:30:00.000+02:00,A0023010100,A23,99.0,60
2026-09-05T06:40:30Z,2026-09-05T08:30:00.000+02:00,A0025022530,A25,120.0,1120
2026-09-05T06:40:30Z,2026-09-05T08:30:00.000+02:00,A9001210200,A1 (bretelle),68.0,660
2026-09-05T06:40:30Z,2026-09-05T08:30:00.000+02:00,A0022010700,A22,80.0,990
2026-09-05T06:40:30Z,2026-09-05T08:30:00.000+02:00,N0041020400,N41,93.0,660
2026-09-05T06:40:30Z,2026-09-05T08:30:00.000+02:00,A0023020720,A23,117.0,1100
2026-09-05T06:40:30Z,2026-09-05T08:30:00.000+02:00,A0022020500,A22,83.0,1000
2026-09-05T06:40:30Z,2026-09-05T08:30:00.000+02:00,N93563b0150,N356 (bretelle),71.0,10
2026-09-05T06:40:30Z,2026-09-05T08:30:00.000+02:00,A0025020950,A25,90.0,1860
2026-09-05T06:40:30Z,2026-09-05T08:30:00.000+02:00,A0023020300,A23,98.0,670
2026-09-05T06:40:30Z,2026-09-05T08:30:00.000+02:00,A0001011000,A1,88.0,2460
2026-09-05T06:40:30Z,2026-09-05T08:30:00.000+02:00,A0027020500,A27,89.0,610
2026-09-05T06:40:30Z,2026-09-05T08:30:00.000+02:00,N0356011500,N356,66.0,1330
2026-09-05T06:40:30Z,2026-09-05T08:30:00.000+02:00,A0001010150,A1,108.0,2380
2026-09-05T06:40:30Z,2026-09-05T08:30:00.000+02:00,N0356020400,N356,52.0,1460
2026-09-05T06:40:30Z,2026-09-05T08:30:00.000+02:00,N0041020600,N41,100.0,470
2026-09-05T06:40:30Z,2026-09-05T08:30:00.000+02:00,A0025010700,A25,76.0,930
2026-09-05T06:40:30Z,2026-09-05T08:30:00.000+02:00,A0002011230,A2,109.0,1550
2026-09-05T06:40:30Z,2026-09-05T08:30:00.000+02:00,A0025020500,A25,71.0,1730
2026-09-05T06:40:30Z,2026-09-05T08:30:00.000+02:00,A0002021290,A2,105.0,1920
2026-09-05T06:40:30Z,2026-09-05T08:30:00.000+02:00,A0022011600,A22,81.0,800
2026-09-05T06:50:35Z,2026-09-05T08:42:00.000+02:00,A0001011200,A1,82.0,2620
2026-09-05T06:50:35Z,2026-09-05T08:42:00.000+02:00,A0027010102,A27,87.0,2250
2026-09-05T06:50:35Z,2026-09-05T08:42:00.000+02:00,N0041010100,N41,90.0,830
2026-09-05T06:50:35Z,2026-09-05T08:42:00.000+02:00,A0027010101,A27,87.0,2250
2026-09-05T06:50:35Z,2026-09-05T08:42:00.000+02:00,A0001020150,A1,101.0,3270
2026-09-05T06:50:35Z,2026-09-05T08:42:00.000+02:00,N0356011700,N356,76.0,1360
2026-09-05T06:50:35Z,2026-09-05T08:42:00.000+02:00,N9227110200,N227 (bretelle),67.0,20
2026-09-05T06:50:35Z,2026-09-05T08:42:00.000+02:00,N0356021300,N356,69.0,1870
2026-09-05T06:50:35Z,2026-09-05T08:42:00.000+02:00,A0022011400,A22,80.0,340
2026-09-05T06:50:35Z,2026-09-05T08:42:00.000+02:00,A0027010300,A27,91.0,550
2026-09-05T06:50:35Z,2026-09-05T08:42:00.000+02:00,A9022020250,A22 (rocade),44.0,560
2026-09-05T06:50:35Z,2026-09-05T08:42:00.000+02:00,N0041010300,N41,94.0,1830
2026-09-05T06:50:35Z,2026-09-05T08:42:00.000+02:00,A0022011210,A22,99.0,300
2026-09-05T06:50:35Z,2026-09-05T08:42:00.000+02:00,A0027020100,A27,71.0,1230
2026-09-05T06:50:35Z,2026-09-05T08:42:00.000+02:00,A0022011220,A22,99.0,300
2026-09-05T06:50:35Z,2026-09-05T08:42:00.000+02:00,N0227021400,N227,81.0,20
2026-09-05T06:50:35Z,2026-09-05T08:42:00.000+02:00,A9022101110,A22 (rocade),81.0,640
2026-09-05T06:50:35Z,2026-09-05T08:42:00.000+02:00,A0022022110,A22,85.0,2610
2026-09-05T06:50:35Z,2026-09-05T08:42:00.000+02:00,N0356010800,N356,75.0,1580
2026-09-05T06:50:35Z,2026-09-05T08:42:00.000+02:00,A9001210710,A1 (bretelle),71.0,620
2026-09-05T06:50:35Z,2026-09-05T08:42:00.000+02:00,N0356021110,N356,72.0,1860
2026-09-05T06:50:35Z,2026-09-05T08:42:00.000+02:00,A0001010510,A1,106.0,2610
2026-09-05T06:50:35Z,2026-09-05T08:42:00.000+02:00,N0356021122,N356,66.0,1840
2026-09-05T06:50:35Z,2026-09-05T08:42:00.000+02:00,N0356021121,N356,72.0,1860
2026-09-05T06:50:35Z,2026-09-05T08:42:00.000+02:00,A0025010210,A25,74.0,2640
2026-09-05T06:50:35Z,2026-09-05T08:42:00.000+02:00,A0025011300,A25,88.0,680
2026-09-05T06:50:35Z,2026-09-05T08:42:00.000+02:00,A0025021100,A25,102.0,1260
2026-09-05T06:50:35Z,2026-09-05T08:42:00.000+02:00,A0025023520,A25,114.0,780
2026-09-05T06:50:35Z,2026-09-05T08:42:00.000+02:00,A0022022130,A22,76.0,2530
2026-09-05T06:50:35Z,2026-09-05T08:42:00.000+02:00,A0025010220,A25,74.0,2640
2026-09-05T06:50:35Z,2026-09-05T08:42:00.000+02:00,A0022022120,A22,90.0,2690
2026-09-05T06:50:35Z,2026-09-05T08:42:00.000+02:00,A0001010520,A1,102.0,2830
2026-09-05T06:50:35Z,2026-09-05T08:42:00.000+02:00,A0022011000,A22,73.0,1300
2026-09-05T06:50:35Z,2026-09-05T08:42:00.000+02:00,A0001020510,A1,88.0,870
2026-09-05T06:50:35Z,2026-09-05T08:42:00.000+02:00,A0001021602,A1,86.0,3030
2026-09-05T06:50:35Z,2026-09-05T08:42:00.000+02:00,A22TC020222,A22 (contournement),87.0,1960
2026-09-05T06:50:35Z,2026-09-05T08:42:00.000+02:00,A0001010940,A1,101.0,2700
2026-09-05T06:50:35Z,2026-09-05T08:42:00.000+02:00,A0025023320,A25,116.0,1420
2026-09-05T06:50:35Z,2026-09-05T08:42:00.000+02:00,A0001020520,A1,95.0,3320
2026-09-05T06:50:35Z,2026-09-05T08:42:00.000+02:00,A0025023100,A25,115.0,1180
2026-09-05T06:50:35Z,2026-09-05T08:42:00.000+02:00,A22TC020230,A22 (contournement),87.0,1960
2026-09-05T06:50:35Z,2026-09-05T08:42:00.000+02:00,A0025021730,A25,91.0,2040
2026-09-05T06:50:35Z,2026-09-05T08:42:00.000+02:00,A0025023910,A25,113.0,800
2026-09-05T06:50:35Z,2026-09-05T08:42:00.000+02:00,A0025021735,A25,105.0,2180
2026-09-05T06:50:35Z,2026-09-05T08:42:00.000+02:00,A0023010400,A23,110.0,680
2026-09-05T06:50:35Z,2026-09-05T08:42:00.000+02:00,A0022021900,A22,79.0,1990
2026-09-05T06:50:35Z,2026-09-05T08:42:00.000+02:00,A9022100500,A22 (rocade),81.0,710
2026-09-05T06:50:35Z,2026-09-05T08:42:00.000+02:00,A0001020940,A1,90.0,2960
2026-09-05T06:50:35Z,2026-09-05T08:42:00.000+02:00,A0001020700,A1,90.0,2850
2026-09-05T06:50:35Z,2026-09-05T08:42:00.000+02:00,A9022020830,A22 (rocade),86.0,210
2026-09-05T06:50:35Z,2026-09-05T08:42:00.000+02:00,A9022020822,A22 (rocade),72.0,1230
2026-09-05T06:50:35Z,2026-09-05T08:42:00.000+02:00,A9022020821,A22 (rocade),72.0,1230
2026-09-05T06:50:35Z,2026-09-05T08:42:00.000+02:00,A0025020420,A25,73.0,2540
2026-09-05T06:50:35Z,2026-09-05T08:42:00.000+02:00,A0025021510,A25,105.0,210
2026-09-05T06:50:35Z,2026-09-05T08:42:00.000+02:00,N0227010100,N227,67.0,930
2026-09-05T06:50:35Z,2026-09-05T08:42:00.000+02:00,A0025011720,A25,99.0,1600
2026-09-05T06:50:35Z,2026-09-05T08:42:00.000+02:00,A0025021760,A25,90.0,2240
2026-09-05T06:50:35Z,2026-09-05T08:42:00.000+02:00,A0025011730,A25,89.0,1550
2026-09-05T06:50:35Z,2026-09-05T08:42:00.000+02:00,A0025011735,A25,102.0,1580
2026-09-05T06:50:35Z,2026-09-05T08:42:00.000+02:00,A9025080700,A25 (bretelle),,650
2026-09-05T06:50:35Z,2026-09-05T08:42:00.000+02:00,A9022100930,A22 (rocade),73.0,60
2026-09-05T06:50:35Z,2026-09-05T08:42:00.000+02:00,N0356011220,N356,74.0,1490
2026-09-05T06:50:35Z,2026-09-05T08:42:00.000+02:00,A0025011740,A25,89.0,1560
2026-09-05T06:50:35Z,2026-09-05T08:42:00.000+02:00,A0025010410,A25,71.0,1940
2026-09-05T06:50:35Z,2026-09-05T08:42:00.000+02:00,A0023010200,A23,79.0,690
2026-09-05T06:50:35Z,2026-09-05T08:42:00.000+02:00,A9001210120,A1 (bretelle),78.0,420
2026-09-05T06:50:35Z,2026-09-05T08:42:00.000+02:00,A0025020210,A25,75.0,2820
2026-09-05T06:50:35Z,2026-09-05T08:42:00.000+02:00,N0356011210,N356,74.0,1490
2026-09-05T06:50:35Z,2026-09-05T08:42:00.000+02:00,A0025011510,A25,88.0,1050
2026-09-05T06:50:35Z,2026-09-05T08:42:00.000+02:00,A0025020220,A25,75.0,2820
2026-09-05T06:50:35Z,2026-09-05T08:42:00.000+02:00,N0227010302,N227,76.0,1680
2026-09-05T06:50:35Z,2026-09-05T08:42:00.000+02:00,N0041010500,N41,83.0,1520
2026-09-05T06:50:35Z,2026-09-05T08:42:00.000+02:00,N0227020101,N227,78.0,1530
2026-09-05T06:50:35Z,2026-09-05T08:42:00.000+02:00,A9022100110,A22 (rocade),71.0,290
2026-09-05T06:50:35Z,2026-09-05T08:42:00.000+02:00,A0022010400,A22,75.0,1530
2026-09-05T06:50:35Z,2026-09-05T08:42:00.000+02:00,N0356010302,N356,79.0,3010
2026-09-05T06:50:35Z,2026-09-05T08:42:00.000+02:00,A0025010800,A25,74.0,1060
2026-09-05T06:50:35Z,2026-09-05T08:42:00.000+02:00,A0027020621,A27,100.0,1040
2026-09-05T06:50:35Z,2026-09-05T08:42:00.000+02:00,N0041010700,N41,104.0,810
2026-09-05T06:50:35Z,2026-09-05T08:42:00.000+02:00,A0027020630,A27,100.0,1090
2026-09-05T06:50:35Z,2026-09-05T08:42:00.000+02:00,A0022021512,A22,80.0,1660
2026-09-05T06:50:35Z,2026-09-05T08:42:00.000+02:00,A0022021511,A22,80.0,1610
2026-09-05T06:50:35Z,2026-09-05T08:42:00.000+02:00,A0027020610,A27,100.0,1040
2026-09-05T06:50:35Z,2026-09-05T08:42:00.000+02:00,A0025021720,A25,103.0,2070
2026-09-05T06:50:35Z,2026-09-05T08:42:00.000+02:00,A0022021520,A22,80.0,1660
2026-09-05T06:50:35Z,2026-09-05T08:42:00.000+02:00,A0025022140,A25,115.0,1720
2026-09-05T06:50:35Z,2026-09-05T08:42:00.000+02:00,A0022011302,A22,78.0,1020
2026-09-05T06:50:35Z,2026-09-05T08:42:00.000+02:00,A0025022160,A25,108.0,1790
2026-09-05T06:50:35Z,2026-09-05T08:42:00.000+02:00,A9025060104,A25 (bretelle),74.0,1490
2026-09-05T06:50:35Z,2026-09-05T08:42:00.000+02:00,A0027010201,A27,89.0,910
2026-09-05T06:50:35Z,2026-09-05T08:42:00.000+02:00,A0027010202,A27,67.0,530
2026-09-05T06:50:35Z,2026-09-05T08:42:00.000+02:00,N9227110110,N227 (bretelle),76.0,900
2026-09-05T06:50:35Z,2026-09-05T08:42:00.000+02:00,A0025012130,A25,120.0,960
2026-09-05T06:50:35Z,2026-09-05T08:42:00.000+02:00,A0027010210,A27,67.0,530
2026-09-05T06:50:35Z,2026-09-05T08:42:00.000+02:00,A0025011050,A25,93.0,570
2026-09-05T06:50:35Z,2026-09-05T08:42:00.000+02:00,A0025012140,A25,120.0,1440
2026-09-05T06:50:35Z,2026-09-05T08:42:00.000+02:00,A0027010421,A27,99.0,770
2026-09-05T06:50:35Z,2026-09-05T08:42:00.000+02:00,A0022012420,A22,96.0,1340
2026-09-05T06:50:35Z,2026-09-05T08:42:00.000+02:00,A0027010430,A27,103.0,810
2026-09-05T06:50:35Z,2026-09-05T08:42:00.000+02:00,A0023020710,A23,109.0,1180
2026-09-05T06:50:35Z,2026-09-05T08:42:00.000+02:00,A0022012430,A22,96.0,1360
2026-09-05T06:50:35Z,2026-09-05T08:42:00.000+02:00,A0025012160,A25,128.0,1340
2026-09-05T06:50:35Z,2026-09-05T08:42:00.000+02:00,A9022021200,A22 (rocade),63.0,320
2026-09-05T06:50:35Z,2026-09-05T08:42:00.000+02:00,A0001021100,A1,88.0,2730
2026-09-05T06:50:35Z,2026-09-05T08:42:00.000+02:00,A9022101000,A22 (rocade),59.0,360
2026-09-05T06:50:35Z,2026-09-05T08:42:00.000+02:00,A0025013020,A25,114.0,1330
2026-09-05T06:50:35Z,2026-09-05T08:42:00.000+02:00,A0027010410,A27,99.0,770
2026-09-05T06:50:35Z,2026-09-05T08:42:00.000+02:00,A0022012410,A22,98.0,1320
2026-09-05T06:50:35Z,2026-09-05T08:42:00.000+02:00,A0001A20112,A1,90.0,1500
2026-09-05T06:50:35Z,2026-09-05T08:42:00.000+02:00,A0001A20111,A1,90.0,1110
2026-09-05T06:50:35Z,2026-09-05T08:42:00.000+02:00,A0025010320,A25,71.0,1470
2026-09-05T06:50:35Z,2026-09-05T08:42:00.000+02:00,A0025022540,A25,116.0,1440
2026-09-05T06:50:35Z,2026-09-05T08:42:00.000+02:00,A0025022300,A25,114.0,1300
2026-09-05T06:50:35Z,2026-09-05T08:42:00.000+02:00,N0356021000,N356,73.0,1470
2026-09-05T06:50:35Z,2026-09-05T08:42:00.000+02:00,A22TC010102,A22 (contournement),85.0,1340
2026-09-05T06:50:35Z,2026-09-05T08:42:00.000+02:00,A0001011503,A1,88.0,3380
2026-09-05T06:50:35Z,2026-09-05T08:42:00.000+02:00,A0022012200,A22,86.0,1160
2026-09-05T06:50:35Z,2026-09-05T08:42:00.000+02:00,A22TC020102,A22 (contournement),85.0,1560
2026-09-05T06:50:35Z,2026-09-05T08:42:00.000+02:00,A22TC010300,A22 (contournement),82.0,1600
2026-09-05T06:50:35Z,2026-09-05T08:42:00.000+02:00,A0022012010,A22,85.0,830
2026-09-05T06:50:35Z,2026-09-05T08:42:00.000+02:00,A0022012020,A22,85.0,830
2026-09-05T06:50:35Z,2026-09-05T08:42:00.000+02:00,A0025022130,A25,130.0,1680
2026-09-05T06:50:35Z,2026-09-05T08:42:00.000+02:00,A0023010520,A23,116.0,770
2026-09-05T06:50:35Z,2026-09-05T08:42:00.000+02:00,N0041020800,N41,100.0,890
2026-09-05T06:50:35Z,2026-09-05T08:42:00.000+02:00,A0025010500,A25,71.0,1060
2026-09-05T06:50:35Z,2026-09-05T08:42:00.000+02:00,A0022020901,A22,86.0,1620
2026-09-05T06:50:35Z,2026-09-05T08:42:00.000+02:00,A0022020902,A22,86.0,1400
2026-09-05T06:50:35Z,2026-09-05T08:42:00.000+02:00,A0025020310,A25,73.0,2280
2026-09-05T06:50:35Z,2026-09-05T08:42:00.000+02:00,A0022021810,A22,79.0,1700
2026-09-05T06:50:35Z,2026-09-05T08:42:00.000+02:00,N0356011100,N356,74.0,1330
2026-09-05T06:50:35Z,2026-09-05T08:42:00.000+02:00,A0022021820,A22,79.0,1700
2026-09-05T06:50:35Z,2026-09-05T08:42:00.000+02:00,N0356020802,N356,72.0,1780
2026-09-05T06:50:35Z,2026-09-05T08:42:00.000+02:00,A0025020102,A25,66.0,230
2026-09-05T06:50:35Z,2026-09-05T08:42:00.000+02:00,A0025010310,A25,74.0,1830
2026-09-05T06:50:35Z,2026-09-05T08:42:00.000+02:00,A0023010100,A23,88.0,60
2026-09-05T06:50:35Z,2026-09-05T08:42:00.000+02:00,A0025022530,A25,119.0,1360
2026-09-05T06:50:35Z,2026-09-05T08:42:00.000+02:00,A9001210200,A1 (bretelle),68.0,680
2026-09-05T06:50:35Z,2026-09-05T08:42:00.000+02:00,A0022010700,A22,81.0,1280
2026-09-05T06:50:35Z,2026-09-05T08:42:00.000+02:00,N0041020400,N41,96.0,940
2026-09-05T06:50:35Z,2026-09-05T08:42:00.000+02:00,A0023020720,A23,119.0,1180
2026-09-05T06:50:35Z,2026-09-05T08:42:00.000+02:00,A0022020500,A22,86.0,970
2026-09-05T06:50:35Z,2026-09-05T08:42:00.000+02:00,A0025020950,A25,93.0,2010
2026-09-05T06:50:35Z,2026-09-05T08:42:00.000+02:00,A0023020300,A23,88.0,700
2026-09-05T06:50:35Z,2026-09-05T08:42:00.000+02:00,A0001011000,A1,86.0,2430
2026-09-05T06:50:35Z,2026-09-05T08:42:00.000+02:00,A0027020500,A27,89.0,710
2026-09-05T06:50:35Z,2026-09-05T08:42:00.000+02:00,N0356011500,N356,70.0,1470
2026-09-05T06:50:35Z,2026-09-05T08:42:00.000+02:00,A0001010150,A1,105.0,2850
2026-09-05T06:50:35Z,2026-09-05T08:42:00.000+02:00,N0356020400,N356,73.0,640
2026-09-05T06:50:35Z,2026-09-05T08:42:00.000+02:00,N0041020600,N41,102.0,640
2026-09-05T06:50:35Z,2026-09-05T08:42:00.000+02:00,A0025010700,A25,73.0,920
2026-09-05T06:50:35Z,2026-09-05T08:42:00.000+02:00,A0002011230,A2,110.0,1720
2026-09-05T06:50:35Z,2026-09-05T08:42:00.000+02:00,A0025020500,A25,74.0,1870
2026-09-05T06:50:35Z,2026-09-05T08:42:00.000+02:00,A0002021290,A2,104.0,2050
2026-09-05T06:50:35Z,2026-09-05T08:42:00.000+02:00,A0022011600,A22,82.0,940
2026-09-05T07:00:37Z,2026-09-05T08:54:00.000+02:00,A0001011200,A1,81.0,3300
2026-09-05T07:00:37Z,2026-09-05T08:54:00.000+02:00,A0027010102,A27,97.0,2160
2026-09-05T07:00:37Z,2026-09-05T08:54:00.000+02:00,N0041010100,N41,85.0,830
2026-09-05T07:00:37Z,2026-09-05T08:54:00.000+02:00,A0027010101,A27,97.0,2160
2026-09-05T07:00:37Z,2026-09-05T08:54:00.000+02:00,A0001020150,A1,110.0,2480
2026-09-05T07:00:37Z,2026-09-05T08:54:00.000+02:00,N0356011700,N356,74.0,1490
2026-09-05T07:00:37Z,2026-09-05T08:54:00.000+02:00,N0356021300,N356,67.0,2140
2026-09-05T07:00:37Z,2026-09-05T08:54:00.000+02:00,A0022011400,A22,78.0,290
2026-09-05T07:00:37Z,2026-09-05T08:54:00.000+02:00,A0027010300,A27,91.0,610
2026-09-05T07:00:37Z,2026-09-05T08:54:00.000+02:00,A9022020250,A22 (rocade),52.0,650
2026-09-05T07:00:37Z,2026-09-05T08:54:00.000+02:00,N0041010300,N41,89.0,1910
2026-09-05T07:00:37Z,2026-09-05T08:54:00.000+02:00,A0022011210,A22,86.0,350
2026-09-05T07:00:37Z,2026-09-05T08:54:00.000+02:00,A0027020100,A27,73.0,940
2026-09-05T07:00:37Z,2026-09-05T08:54:00.000+02:00,A0001010300,A1,108.0,1020
2026-09-05T07:00:37Z,2026-09-05T08:54:00.000+02:00,A0022011220,A22,86.0,350
2026-09-05T07:00:37Z,2026-09-05T08:54:00.000+02:00,N0227021400,N227,78.0,40
2026-09-05T07:00:37Z,2026-09-05T08:54:00.000+02:00,A9022101110,A22 (rocade),78.0,570
2026-09-05T07:00:37Z,2026-09-05T08:54:00.000+02:00,A0022022110,A22,88.0,2370
2026-09-05T07:00:37Z,2026-09-05T08:54:00.000+02:00,N0356010800,N356,74.0,1620
2026-09-05T07:00:37Z,2026-09-05T08:54:00.000+02:00,A9001210710,A1 (bretelle),71.0,460
2026-09-05T07:00:37Z,2026-09-05T08:54:00.000+02:00,N0356021110,N356,74.0,2410
2026-09-05T07:00:37Z,2026-09-05T08:54:00.000+02:00,A0001010510,A1,108.0,2690
2026-09-05T07:00:37Z,2026-09-05T08:54:00.000+02:00,N0356021122,N356,66.0,2370
2026-09-05T07:00:37Z,2026-09-05T08:54:00.000+02:00,N0356021121,N356,74.0,2410
2026-09-05T07:00:37Z,2026-09-05T08:54:00.000+02:00,A0025010210,A25,77.0,2650
2026-09-05T07:00:37Z,2026-09-05T08:54:00.000+02:00,A0025011300,A25,87.0,910
2026-09-05T07:00:37Z,2026-09-05T08:54:00.000+02:00,A0001020300,A1,112.0,820
2026-09-05T07:00:37Z,2026-09-05T08:54:00.000+02:00,A0025021100,A25,90.0,1280
2026-09-05T07:00:37Z,2026-09-05T08:54:00.000+02:00,A0025023520,A25,116.0,1100
2026-09-05T07:00:37Z,2026-09-05T08:54:00.000+02:00,A0022022130,A22,82.0,2290
2026-09-05T07:00:37Z,2026-09-05T08:54:00.000+02:00,A0025010220,A25,77.0,2650
2026-09-05T07:00:37Z,2026-09-05T08:54:00.000+02:00,A0022022120,A22,91.0,2410
2026-09-05T07:00:37Z,2026-09-05T08:54:00.000+02:00,A0001010520,A1,102.0,3060
2026-09-05T07:00:37Z,2026-09-05T08:54:00.000+02:00,A0022011000,A22,87.0,1450
2026-09-05T07:00:37Z,2026-09-05T08:54:00.000+02:00,A0001020510,A1,92.0,760
2026-09-05T07:00:37Z,2026-09-05T08:54:00.000+02:00,A0001021602,A1,86.0,3450
2026-09-05T07:00:37Z,2026-09-05T08:54:00.000+02:00,A22TC020222,A22 (contournement),89.0,2030
2026-09-05T07:00:37Z,2026-09-05T08:54:00.000+02:00,A0001010940,A1,101.0,3340
2026-09-05T07:00:37Z,2026-09-05T08:54:00.000+02:00,A0025023320,A25,116.0,1400
2026-09-05T07:00:37Z,2026-09-05T08:54:00.000+02:00,A0001020520,A1,102.0,2420
2026-09-05T07:00:37Z,2026-09-05T08:54:00.000+02:00,A0025023100,A25,115.0,1170
2026-09-05T07:00:37Z,2026-09-05T08:54:00.000+02:00,A22TC020230,A22 (contournement),89.0,2030
2026-09-05T07:00:37Z,2026-09-05T08:54:00.000+02:00,A0025021730,A25,91.0,2040
2026-09-05T07:00:37Z,2026-09-05T08:54:00.000+02:00,A0025023910,A25,119.0,950
2026-09-05T07:00:37Z,2026-09-05T08:54:00.000+02:00,A0025021735,A25,105.0,2010
2026-09-05T07:00:37Z,2026-09-05T08:54:00.000+02:00,A0023010400,A23,109.0,560
2026-09-05T07:00:37Z,2026-09-05T08:54:00.000+02:00,A0022021900,A22,81.0,1870
2026-09-05T07:00:37Z,2026-09-05T08:54:00.000+02:00,A9022100500,A22 (rocade),80.0,930
2026-09-05T07:00:37Z,2026-09-05T08:54:00.000+02:00,A0001020940,A1,90.0,2700
2026-09-05T07:00:37Z,2026-09-05T08:54:00.000+02:00,A0001020700,A1,96.0,2020
2026-09-05T07:00:37Z,2026-09-05T08:54:00.000+02:00,A9022020830,A22 (rocade),85.0,220
2026-09-05T07:00:37Z,2026-09-05T08:54:00.000+02:00,A9022020822,A22 (rocade),75.0,990
2026-09-05T07:00:37Z,2026-09-05T08:54:00.000+02:00,A9022020821,A22 (rocade),75.0,990
2026-09-05T07:00:37Z,2026-09-05T08:54:00.000+02:00,A0025020420,A25,73.0,2840
2026-09-05T07:00:37Z,2026-09-05T08:54:00.000+02:00,A0025021510,A25,92.0,110
2026-09-05T07:00:37Z,2026-09-05T08:54:00.000+02:00,N0227010100,N227,67.0,920
2026-09-05T07:00:37Z,2026-09-05T08:54:00.000+02:00,A0025011720,A25,100.0,1860
2026-09-05T07:00:37Z,2026-09-05T08:54:00.000+02:00,A0025021760,A25,93.0,1930
2026-09-05T07:00:37Z,2026-09-05T08:54:00.000+02:00,A0025011730,A25,89.0,1820
2026-09-05T07:00:37Z,2026-09-05T08:54:00.000+02:00,A0025011735,A25,101.0,1800
2026-09-05T07:00:37Z,2026-09-05T08:54:00.000+02:00,A9025080700,A25 (bretelle),,380
2026-09-05T07:00:37Z,2026-09-05T08:54:00.000+02:00,A9022100930,A22 (rocade),76.0,80
2026-09-05T07:00:37Z,2026-09-05T08:54:00.000+02:00,N0356011220,N356,74.0,1480
2026-09-05T07:00:37Z,2026-09-05T08:54:00.000+02:00,A0025011740,A25,88.0,1740
2026-09-05T07:00:37Z,2026-09-05T08:54:00.000+02:00,A0025010410,A25,72.0,1980
2026-09-05T07:00:37Z,2026-09-05T08:54:00.000+02:00,A0023010200,A23,102.0,590
2026-09-05T07:00:37Z,2026-09-05T08:54:00.000+02:00,A9001210120,A1 (bretelle),78.0,460
2026-09-05T07:00:37Z,2026-09-05T08:54:00.000+02:00,A0025020210,A25,76.0,2870
2026-09-05T07:00:37Z,2026-09-05T08:54:00.000+02:00,N0356011210,N356,74.0,1480
2026-09-05T07:00:37Z,2026-09-05T08:54:00.000+02:00,A0025011510,A25,89.0,1010
2026-09-05T07:00:37Z,2026-09-05T08:54:00.000+02:00,A0025020220,A25,76.0,2870
2026-09-05T07:00:37Z,2026-09-05T08:54:00.000+02:00,N0227010302,N227,76.0,1800
2026-09-05T07:00:37Z,2026-09-05T08:54:00.000+02:00,N0041010500,N41,105.0,1490
2026-09-05T07:00:37Z,2026-09-05T08:54:00.000+02:00,N0227020101,N227,85.0,1580
2026-09-05T07:00:37Z,2026-09-05T08:54:00.000+02:00,A9022100110,A22 (rocade),67.0,500
2026-09-05T07:00:37Z,2026-09-05T08:54:00.000+02:00,A0022010400,A22,75.0,1750
2026-09-05T07:00:37Z,2026-09-05T08:54:00.000+02:00,N0356010302,N356,77.0,3690
2026-09-05T07:00:37Z,2026-09-05T08:54:00.000+02:00,A0025010800,A25,75.0,1500
2026-09-05T07:00:37Z,2026-09-05T08:54:00.000+02:00,A0027020621,A27,102.0,1090
2026-09-05T07:00:37Z,2026-09-05T08:54:00.000+02:00,N0041010700,N41,106.0,640
2026-09-05T07:00:37Z,2026-09-05T08:54:00.000+02:00,A0027020630,A27,103.0,1200
2026-09-05T07:00:37Z,2026-09-05T08:54:00.000+02:00,A0022021512,A22,79.0,1830
2026-09-05T07:00:37Z,2026-09-05T08:54:00.000+02:00,A0022021511,A22,81.0,1790
2026-09-05T07:00:37Z,2026-09-05T08:54:00.000+02:00,A0027020610,A27,102.0,1090
2026-09-05T07:00:37Z,2026-09-05T08:54:00.000+02:00,A0025021720,A25,103.0,1940
2026-09-05T07:00:37Z,2026-09-05T08:54:00.000+02:00,A0022021520,A22,79.0,1830
2026-09-05T07:00:37Z,2026-09-05T08:54:00.000+02:00,A0025022140,A25,117.0,1670
2026-09-05T07:00:37Z,2026-09-05T08:54:00.000+02:00,A0022011302,A22,76.0,1000
2026-09-05T07:00:37Z,2026-09-05T08:54:00.000+02:00,A0025022160,A25,111.0,1670
2026-09-05T07:00:37Z,2026-09-05T08:54:00.000+02:00,A9025060104,A25 (bretelle),74.0,1700
2026-09-05T07:00:37Z,2026-09-05T08:54:00.000+02:00,A0027010201,A27,92.0,1030
2026-09-05T07:00:37Z,2026-09-05T08:54:00.000+02:00,A0027010202,A27,73.0,460
2026-09-05T07:00:37Z,2026-09-05T08:54:00.000+02:00,N9227110110,N227 (bretelle),77.0,900
2026-09-05T07:00:37Z,2026-09-05T08:54:00.000+02:00,A0025012130,A25,101.0,930
2026-09-05T07:00:37Z,2026-09-05T08:54:00.000+02:00,A0027010210,A27,73.0,460
2026-09-05T07:00:37Z,2026-09-05T08:54:00.000+02:00,A0025011050,A25,96.0,750
2026-09-05T07:00:37Z,2026-09-05T08:54:00.000+02:00,A0025012140,A25,101.0,780
2026-09-05T07:00:37Z,2026-09-05T08:54:00.000+02:00,A0027010421,A27,93.0,700
2026-09-05T07:00:37Z,2026-09-05T08:54:00.000+02:00,A0022012420,A22,97.0,1540
2026-09-05T07:00:37Z,2026-09-05T08:54:00.000+02:00,A0027010430,A27,98.0,760
2026-09-05T07:00:37Z,2026-09-05T08:54:00.000+02:00,A0023020710,A23,109.0,1380
2026-09-05T07:00:37Z,2026-09-05T08:54:00.000+02:00,A0022012430,A22,96.0,1510
2026-09-05T07:00:37Z,2026-09-05T08:54:00.000+02:00,A0025012160,A25,128.0,1700
2026-09-05T07:00:37Z,2026-09-05T08:54:00.000+02:00,A9022021200,A22 (rocade),62.0,340
2026-09-05T07:00:37Z,2026-09-05T08:54:00.000+02:00,A0001021100,A1,90.0,2480
2026-09-05T07:00:37Z,2026-09-05T08:54:00.000+02:00,A9022101000,A22 (rocade),59.0,500
2026-09-05T07:00:37Z,2026-09-05T08:54:00.000+02:00,A0025013020,A25,114.0,1580
2026-09-05T07:00:37Z,2026-09-05T08:54:00.000+02:00,A0027010410,A27,93.0,700
2026-09-05T07:00:37Z,2026-09-05T08:54:00.000+02:00,A0022012410,A22,96.0,1470
2026-09-05T07:00:37Z,2026-09-05T08:54:00.000+02:00,A0001A20112,A1,90.0,1490
2026-09-05T07:00:37Z,2026-09-05T08:54:00.000+02:00,A0001A20111,A1,84.0,1050
2026-09-05T07:00:37Z,2026-09-05T08:54:00.000+02:00,A0025010320,A25,50.0,1410
2026-09-05T07:00:37Z,2026-09-05T08:54:00.000+02:00,A0025022540,A25,113.0,1410
2026-09-05T07:00:37Z,2026-09-05T08:54:00.000+02:00,A0025022300,A25,113.0,1130
2026-09-05T07:00:37Z,2026-09-05T08:54:00.000+02:00,N0356021000,N356,75.0,2370
2026-09-05T07:00:37Z,2026-09-05T08:54:00.000+02:00,A22TC010102,A22 (contournement),87.0,1410
2026-09-05T07:00:37Z,2026-09-05T08:54:00.000+02:00,A0001011503,A1,88.0,4110
2026-09-05T07:00:37Z,2026-09-05T08:54:00.000+02:00,A0022012200,A22,84.0,1350
2026-09-05T07:00:37Z,2026-09-05T08:54:00.000+02:00,A22TC020102,A22 (contournement),87.0,1520
2026-09-05T07:00:37Z,2026-09-05T08:54:00.000+02:00,A22TC010300,A22 (contournement),84.0,1420
2026-09-05T07:00:37Z,2026-09-05T08:54:00.000+02:00,A0022012010,A22,82.0,840
2026-09-05T07:00:37Z,2026-09-05T08:54:00.000+02:00,A0022012020,A22,82.0,840
2026-09-05T07:00:37Z,2026-09-05T08:54:00.000+02:00,A0025022130,A25,130.0,1650
2026-09-05T07:00:37Z,2026-09-05T08:54:00.000+02:00,A0023010520,A23,114.0,550
2026-09-05T07:00:37Z,2026-09-05T08:54:00.000+02:00,N0041020800,N41,96.0,1050
2026-09-05T07:00:37Z,2026-09-05T08:54:00.000+02:00,A0025010500,A25,69.0,1480
2026-09-05T07:00:37Z,2026-09-05T08:54:00.000+02:00,A0022020901,A22,79.0,2110
2026-09-05T07:00:37Z,2026-09-05T08:54:00.000+02:00,A0022020902,A22,79.0,1830
2026-09-05T07:00:37Z,2026-09-05T08:54:00.000+02:00,A0025020310,A25,75.0,2320
2026-09-05T07:00:37Z,2026-09-05T08:54:00.000+02:00,A0022021810,A22,81.0,1660
2026-09-05T07:00:37Z,2026-09-05T08:54:00.000+02:00,N0356011100,N356,74.0,1320
2026-09-05T07:00:37Z,2026-09-05T08:54:00.000+02:00,A0022021820,A22,81.0,1660
2026-09-05T07:00:37Z,2026-09-05T08:54:00.000+02:00,N0356020802,N356,72.0,2300
2026-09-05T07:00:37Z,2026-09-05T08:54:00.000+02:00,A0025020102,A25,69.0,460
2026-09-05T07:00:37Z,2026-09-05T08:54:00.000+02:00,A0025010310,A25,76.0,1610
2026-09-05T07:00:37Z,2026-09-05T08:54:00.000+02:00,A0023010100,A23,109.0,60
2026-09-05T07:00:37Z,2026-09-05T08:54:00.000+02:00,A0025022530,A25,117.0,1310
2026-09-05T07:00:37Z,2026-09-05T08:54:00.000+02:00,A9001210200,A1 (bretelle),69.0,720
2026-09-05T07:00:37Z,2026-09-05T08:54:00.000+02:00,A0022010700,A22,82.0,1280
2026-09-05T07:00:37Z,2026-09-05T08:54:00.000+02:00,N0041020400,N41,95.0,1150
2026-09-05T07:00:37Z,2026-09-05T08:54:00.000+02:00,A0023020720,A23,119.0,1390
2026-09-05T07:00:37Z,2026-09-05T08:54:00.000+02:00,A0022020500,A22,79.0,1050
2026-09-05T07:00:37Z,2026-09-05T08:54:00.000+02:00,N93563b0150,N356 (bretelle),69.0,10
2026-09-05T07:00:37Z,2026-09-05T08:54:00.000+02:00,A0025020950,A25,91.0,2130
2026-09-05T07:00:37Z,2026-09-05T08:54:00.000+02:00,A0023020300,A23,86.0,850
2026-09-05T07:00:37Z,2026-09-05T08:54:00.000+02:00,A0001011000,A1,85.0,3100
2026-09-05T07:00:37Z,2026-09-05T08:54:00.000+02:00,A0027020500,A27,93.0,780
2026-09-05T07:00:37Z,2026-09-05T08:54:00.000+02:00,N0356011500,N356,71.0,1570
2026-09-05T07:00:37Z,2026-09-05T08:54:00.000+02:00,A0001010150,A1,109.0,2860
2026-09-05T07:00:37Z,2026-09-05T08:54:00.000+02:00,N0356020400,N356,62.0,1080
2026-09-05T07:00:37Z,2026-09-05T08:54:00.000+02:00,N0041020600,N41,103.0,780
2026-09-05T07:00:37Z,2026-09-05T08:54:00.000+02:00,A0025010700,A25,78.0,1030
2026-09-05T07:00:37Z,2026-09-05T08:54:00.000+02:00,A0002011230,A2,110.0,1640
2026-09-05T07:00:37Z,2026-09-05T08:54:00.000+02:00,A0025020500,A25,73.0,2230
2026-09-05T07:00:37Z,2026-09-05T08:54:00.000+02:00,A0002021290,A2,104.0,2340
2026-09-05T07:00:37Z,2026-09-05T08:54:00.000+02:00,A0022011600,A22,79.0,720
2026-09-05T07:10:31Z,2026-09-05T09:00:00.000+02:00,A0001011200,A1,82.0,2880
2026-09-05T07:10:31Z,2026-09-05T09:00:00.000+02:00,A0027010102,A27,101.0,1980
2026-09-05T07:10:31Z,2026-09-05T09:00:00.000+02:00,N0041010100,N41,88.0,900
2026-09-05T07:10:31Z,2026-09-05T09:00:00.000+02:00,A0027010101,A27,101.0,1980
2026-09-05T07:10:31Z,2026-09-05T09:00:00.000+02:00,A0001020150,A1,111.0,2300
2026-09-05T07:10:31Z,2026-09-05T09:00:00.000+02:00,N0356011700,N356,75.0,1470
2026-09-05T07:10:31Z,2026-09-05T09:00:00.000+02:00,N9227110200,N227 (bretelle),74.0,10
2026-09-05T07:10:31Z,2026-09-05T09:00:00.000+02:00,N0356021300,N356,69.0,1960
2026-09-05T07:10:31Z,2026-09-05T09:00:00.000+02:00,A0022011400,A22,79.0,450
2026-09-05T07:10:31Z,2026-09-05T09:00:00.000+02:00,A0027010300,A27,89.0,660
2026-09-05T07:10:31Z,2026-09-05T09:00:00.000+02:00,A9022020250,A22 (rocade),50.0,690
2026-09-05T07:10:31Z,2026-09-05T09:00:00.000+02:00,N0041010300,N41,89.0,1930
2026-09-05T07:10:31Z,2026-09-05T09:00:00.000+02:00,A0022011210,A22,77.0,290
2026-09-05T07:10:31Z,2026-09-05T09:00:00.000+02:00,A0027020100,A27,72.0,840
2026-09-05T07:10:31Z,2026-09-05T09:00:00.000+02:00,A0001010300,A1,111.0,3010
2026-09-05T07:10:31Z,2026-09-05T09:00:00.000+02:00,A0022011220,A22,77.0,290
2026-09-05T07:10:31Z,2026-09-05T09:00:00.000+02:00,N0227021400,N227,63.0,20
2026-09-05T07:10:31Z,2026-09-05T09:00:00.000+02:00,A9022101110,A22 (rocade),78.0,600
2026-09-05T07:10:31Z,2026-09-05T09:00:00.000+02:00,A0022022110,A22,87.0,2610
2026-09-05T07:10:31Z,2026-09-05T09:00:00.000+02:00,N0356010800,N356,75.0,1860
2026-09-05T07:10:31Z,2026-09-05T09:00:00.000+02:00,A9001210710,A1 (bretelle),67.0,260
2026-09-05T07:10:31Z,2026-09-05T09:00:00.000+02:00,N0356021110,N356,74.0,2010
2026-09-05T07:10:31Z,2026-09-05T09:00:00.000+02:00,A0001010510,A1,111.0,2850
2026-09-05T07:10:31Z,2026-09-05T09:00:00.000+02:00,N0356021122,N356,66.0,1950
2026-09-05T07:10:31Z,2026-09-05T09:00:00.000+02:00,N0356021121,N356,74.0,2010
2026-09-05T07:10:31Z,2026-09-05T09:00:00.000+02:00,A0025010210,A25,76.0,2660
2026-09-05T07:10:31Z,2026-09-05T09:00:00.000+02:00,A0025011300,A25,89.0,770
2026-09-05T07:10:31Z,2026-09-05T09:00:00.000+02:00,A0001020300,A1,111.0,2310
2026-09-05T07:10:31Z,2026-09-05T09:00:00.000+02:00,A0025021100,A25,92.0,1430
2026-09-05T07:10:31Z,2026-09-05T09:00:00.000+02:00,A0025023520,A25,115.0,980
2026-09-05T07:10:31Z,2026-09-05T09:00:00.000+02:00,A0022022130,A22,77.0,2510
2026-09-05T07:10:31Z,2026-09-05T09:00:00.000+02:00,A0025010220,A25,76.0,2660
2026-09-05T07:10:31Z,2026-09-05T09:00:00.000+02:00,A0022022120,A22,90.0,2710
2026-09-05T07:10:31Z,2026-09-05T09:00:00.000+02:00,A0001010520,A1,101.0,3260
2026-09-05T07:10:31Z,2026-09-05T09:00:00.000+02:00,A0022011000,A22,77.0,1460
2026-09-05T07:10:31Z,2026-09-05T09:00:00.000+02:00,A0001020510,A1,103.0,1260
2026-09-05T07:10:31Z,2026-09-05T09:00:00.000+02:00,A0001021602,A1,86.0,3560
2026-09-05T07:10:31Z,2026-09-05T09:00:00.000+02:00,A22TC020222,A22 (contournement),90.0,1560
2026-09-05T07:10:31Z,2026-09-05T09:00:00.000+02:00,A0001010940,A1,100.0,3260
2026-09-05T07:10:31Z,2026-09-05T09:00:00.000+02:00,A0025023320,A25,115.0,1330
2026-09-05T07:10:31Z,2026-09-05T09:00:00.000+02:00,A0001020520,A1,104.0,2670
2026-09-05T07:10:31Z,2026-09-05T09:00:00.000+02:00,A0025023100,A25,113.0,1340
2026-09-05T07:10:31Z,2026-09-05T09:00:00.000+02:00,A22TC020230,A22 (contournement),90.0,1560
2026-09-05T07:10:31Z,2026-09-05T09:00:00.000+02:00,A0025021730,A25,90.0,2210
2026-09-05T07:10:31Z,2026-09-05T09:00:00.000+02:00,A0025023910,A25,119.0,980
2026-09-05T07:10:31Z,2026-09-05T09:00:00.000+02:00,A0025021735,A25,105.0,2250
2026-09-05T07:10:31Z,2026-09-05T09:00:00.000+02:00,A0023010400,A23,104.0,680
2026-09-05T07:10:31Z,2026-09-05T09:00:00.000+02:00,A0022021900,A22,79.0,1990
2026-09-05T07:10:31Z,2026-09-05T09:00:00.000+02:00,A9022100500,A22 (rocade),78.0,810
2026-09-05T07:10:31Z,2026-09-05T09:00:00.000+02:00,A0001020940,A1,88.0,3090
2026-09-05T07:10:31Z,2026-09-05T09:00:00.000+02:00,A0001020700,A1,99.0,2290
2026-09-05T07:10:31Z,2026-09-05T09:00:00.000+02:00,A9022020830,A22 (rocade),85.0,190
2026-09-05T07:10:31Z,2026-09-05T09:00:00.000+02:00,A9022020822,A22 (rocade),69.0,840
2026-09-05T07:10:31Z,2026-09-05T09:00:00.000+02:00,A9022020821,A22 (rocade),69.0,840
2026-09-05T07:10:31Z,2026-09-05T09:00:00.000+02:00,A0025020420,A25,72.0,2600
2026-09-05T07:10:31Z,2026-09-05T09:00:00.000+02:00,A0025021510,A25,93.0,120
2026-09-05T07:10:31Z,2026-09-05T09:00:00.000+02:00,N0227010100,N227,67.0,900
2026-09-05T07:10:31Z,2026-09-05T09:00:00.000+02:00,A0025011720,A25,98.0,1700
2026-09-05T07:10:31Z,2026-09-05T09:00:00.000+02:00,A0025021760,A25,91.0,2320
2026-09-05T07:10:31Z,2026-09-05T09:00:00.000+02:00,A0025011730,A25,88.0,1700
2026-09-05T07:10:31Z,2026-09-05T09:00:00.000+02:00,A0025011735,A25,101.0,1640
2026-09-05T07:10:31Z,2026-09-05T09:00:00.000+02:00,A9025080700,A25 (bretelle),,470
2026-09-05T07:10:31Z,2026-09-05T09:00:00.000+02:00,A9022100930,A22 (rocade),72.0,90
2026-09-05T07:10:31Z,2026-09-05T09:00:00.000+02:00,N0356011220,N356,75.0,1620
2026-09-05T07:10:31Z,2026-09-05T09:00:00.000+02:00,A0025011740,A25,87.0,1730
2026-09-05T07:10:31Z,2026-09-05T09:00:00.000+02:00,A0025010410,A25,71.0,1960
2026-09-05T07:10:31Z,2026-09-05T09:00:00.000+02:00,A0023010200,A23,104.0,660
2026-09-05T07:10:31Z,2026-09-05T09:00:00.000+02:00,A9001210120,A1 (bretelle),79.0,440
2026-09-05T07:10:31Z,2026-09-05T09:00:00.000+02:00,A0025020210,A25,75.0,2980
2026-09-05T07:10:31Z,2026-09-05T09:00:00.000+02:00,N0356011210,N356,75.0,1620
2026-09-05T07:10:31Z,2026-09-05T09:00:00.000+02:00,A0025011510,A25,90.0,1120
2026-09-05T07:10:31Z,2026-09-05T09:00:00.000+02:00,A0025020220,A25,75.0,2980
2026-09-05T07:10:31Z,2026-09-05T09:00:00.000+02:00,N0227010302,N227,77.0,1750
2026-09-05T07:10:31Z,2026-09-05T09:00:00.000+02:00,N0041010500,N41,100.0,1350
2026-09-05T07:10:31Z,2026-09-05T09:00:00.000+02:00,N0227020101,N227,87.0,1700
2026-09-05T07:10:31Z,2026-09-05T09:00:00.000+02:00,A9022100110,A22 (rocade),67.0,500
2026-09-05T07:10:31Z,2026-09-05T09:00:00.000+02:00,A0022010400,A22,74.0,1630
2026-09-05T07:10:31Z,2026-09-05T09:00:00.000+02:00,N0356010302,N356,77.0,3660
2026-09-05T07:10:31Z,2026-09-05T09:00:00.000+02:00,A0025010800,A25,74.0,1410
2026-09-05T07:10:31Z,2026-09-05T09:00:00.000+02:00,A0027020621,A27,101.0,1080
2026-09-05T07:10:31Z,2026-09-05T09:00:00.000+02:00,N0041010700,N41,94.0,510
2026-09-05T07:10:31Z,2026-09-05T09:00:00.000+02:00,A0027020630,A27,105.0,1010
2026-09-05T07:10:31Z,2026-09-05T09:00:00.000+02:00,A0022021512,A22,78.0,1720
2026-09-05T07:10:31Z,2026-09-05T09:00:00.000+02:00,A0022021511,A22,80.0,1770
2026-09-05T07:10:31Z,2026-09-05T09:00:00.000+02:00,A0027020610,A27,101.0,1080
2026-09-05T07:10:31Z,2026-09-05T09:00:00.000+02:00,A0025021720,A25,101.0,2130
2026-09-05T07:10:31Z,2026-09-05T09:00:00.000+02:00,A0022021520,A22,78.0,1720
2026-09-05T07:10:31Z,2026-09-05T09:00:00.000+02:00,A0025022140,A25,115.0,2060
2026-09-05T07:10:31Z,2026-09-05T09:00:00.000+02:00,A0022011302,A22,78.0,1130
2026-09-05T07:10:31Z,2026-09-05T09:00:00.000+02:00,A0025022160,A25,113.0,2020
2026-09-05T07:10:31Z,2026-09-05T09:00:00.000+02:00,A9025060104,A25 (bretelle),72.0,1520
2026-09-05T07:10:31Z,2026-09-05T09:00:00.000+02:00,A0027010201,A27,92.0,960
2026-09-05T07:10:31Z,2026-09-05T09:00:00.000+02:00,A0027010202,A27,81.0,470
2026-09-05T07:10:31Z,2026-09-05T09:00:00.000+02:00,N9227110110,N227 (bretelle),77.0,690
2026-09-05T07:10:31Z,2026-09-05T09:00:00.000+02:00,A0025012130,A25,104.0,960
2026-09-05T07:10:31Z,2026-09-05T09:00:00.000+02:00,A0027010210,A27,81.0,470
2026-09-05T07:10:31Z,2026-09-05T09:00:00.000+02:00,A0025011050,A25,91.0,710
2026-09-05T07:10:31Z,2026-09-05T09:00:00.000+02:00,A0025012140,A25,104.0,650
2026-09-05T07:10:31Z,2026-09-05T09:00:00.000+02:00,A0027010421,A27,98.0,960
2026-09-05T07:10:31Z,2026-09-05T09:00:00.000+02:00,A0022012420,A22,97.0,1600
2026-09-05T07:10:31Z,2026-09-05T09:00:00.000+02:00,A0027010430,A27,102.0,990
2026-09-05T07:10:31Z,2026-09-05T09:00:00.000+02:00,A0023020710,A23,109.0,1460
2026-09-05T07:10:31Z,2026-09-05T09:00:00.000+02:00,A0022012430,A22,96.0,1580
2026-09-05T07:10:31Z,2026-09-05T09:00:00.000+02:00,A0025012160,A25,126.0,1740
2026-09-05T07:10:31Z,2026-09-05T09:00:00.000+02:00,A9022021200,A22 (rocade),61.0,460
2026-09-05T07:10:31Z,2026-09-05T09:00:00.000+02:00,A0001021100,A1,89.0,2880
2026-09-05T07:10:31Z,2026-09-05T09:00:00.000+02:00,A9022101000,A22 (rocade),78.0,390
2026-09-05T07:10:31Z,2026-09-05T09:00:00.000+02:00,A0025013020,A25,113.0,1460
2026-09-05T07:10:31Z,2026-09-05T09:00:00.000+02:00,A0027010410,A27,98.0,960
2026-09-05T07:10:31Z,2026-09-05T09:00:00.000+02:00,A0022012410,A22,97.0,1620
2026-09-05T07:10:31Z,2026-09-05T09:00:00.000+02:00,A0001A20112,A1,91.0,1510
2026-09-05T07:10:31Z,2026-09-05T09:00:00.000+02:00,A0001A20111,A1,87.0,920
2026-09-05T07:10:31Z,2026-09-05T09:00:00.000+02:00,A0025010320,A25,76.0,910
2026-09-05T07:10:31Z,2026-09-05T09:00:00.000+02:00,A0025022540,A25,115.0,1610
2026-09-05T07:10:31Z,2026-09-05T09:00:00.000+02:00,A0025022300,A25,117.0,1370
2026-09-05T07:10:31Z,2026-09-05T09:00:00.000+02:00,N0356021000,N356,74.0,1730
2026-09-05T07:10:31Z,2026-09-05T09:00:00.000+02:00,A22TC010102,A22 (contournement),88.0,1130
2026-09-05T07:10:31Z,2026-09-05T09:00:00.000+02:00,A0001011503,A1,87.0,4150
2026-09-05T07:10:31Z,2026-09-05T09:00:00.000+02:00,A0022012200,A22,83.0,1410
2026-09-05T07:10:31Z,2026-09-05T09:00:00.000+02:00,A22TC020102,A22 (contournement),86.0,1620
2026-09-05T07:10:31Z,2026-09-05T09:00:00.000+02:00,A22TC010300,A22 (contournement),86.0,1400
2026-09-05T07:10:31Z,2026-09-05T09:00:00.000+02:00,A0022012010,A22,81.0,1020
2026-09-05T07:10:31Z,2026-09-05T09:00:00.000+02:00,A0022012020,A22,81.0,1020
2026-09-05T07:10:31Z,2026-09-05T09:00:00.000+02:00,A0025022130,A25,129.0,2000
2026-09-05T07:10:31Z,2026-09-05T09:00:00.000+02:00,A0023010520,A23,111.0,710
2026-09-05T07:10:31Z,2026-09-05T09:00:00.000+02:00,N0041020800,N41,100.0,870
2026-09-05T07:10:31Z,2026-09-05T09:00:00.000+02:00,A0025010500,A25,70.0,1380
2026-09-05T07:10:31Z,2026-09-05T09:00:00.000+02:00,A0022020901,A22,81.0,1760
2026-09-05T07:10:31Z,2026-09-05T09:00:00.000+02:00,A0022020902,A22,81.0,1370
2026-09-05T07:10:31Z,2026-09-05T09:00:00.000+02:00,A0025020310,A25,70.0,2140
2026-09-05T07:10:31Z,2026-09-05T09:00:00.000+02:00,A0022021810,A22,80.0,1750
2026-09-05T07:10:31Z,2026-09-05T09:00:00.000+02:00,N0356011100,N356,74.0,1460
2026-09-05T07:10:31Z,2026-09-05T09:00:00.000+02:00,A0022021820,A22,80.0,1750
2026-09-05T07:10:31Z,2026-09-05T09:00:00.000+02:00,N0356020802,N356,71.0,2050
2026-09-05T07:10:31Z,2026-09-05T09:00:00.000+02:00,A0025020102,A25,79.0,160
2026-09-05T07:10:31Z,2026-09-05T09:00:00.000+02:00,A0025010310,A25,73.0,1620
2026-09-05T07:10:31Z,2026-09-05T09:00:00.000+02:00,A0023010100,A23,117.0,60
2026-09-05T07:10:31Z,2026-09-05T09:00:00.000+02:00,A0025022530,A25,118.0,1600
2026-09-05T07:10:31Z,2026-09-05T09:00:00.000+02:00,A9001210200,A1 (bretelle),70.0,790
2026-09-05T07:10:31Z,2026-09-05T09:00:00.000+02:00,A0022010700,A22,80.0,1260
2026-09-05T07:10:31Z,2026-09-05T09:00:00.000+02:00,N0041020400,N41,95.0,1070
2026-09-05T07:10:31Z,2026-09-05T09:00:00.000+02:00,A0023020720,A23,115.0,1500
2026-09-05T07:10:31Z,2026-09-05T09:00:00.000+02:00,A0022020500,A22,81.0,860
2026-09-05T07:10:31Z,2026-09-05T09:00:00.000+02:00,N93563b0150,N356 (bretelle),78.0,50
2026-09-05T07:10:31Z,2026-09-05T09:00:00.000+02:00,A0025020950,A25,92.0,2240
2026-09-05T07:10:31Z,2026-09-05T09:00:00.000+02:00,A0023020300,A23,83.0,790
2026-09-05T07:10:31Z,2026-09-05T09:00:00.000+02:00,A0001011000,A1,85.0,2730
2026-09-05T07:10:31Z,2026-09-05T09:00:00.000+02:00,A0027020500,A27,93.0,600
2026-09-05T07:10:31Z,2026-09-05T09:00:00.000+02:00,N0356011500,N356,76.0,1610
2026-09-05T07:10:31Z,2026-09-05T09:00:00.000+02:00,A0001010150,A1,106.0,2970
2026-09-05T07:10:31Z,2026-09-05T09:00:00.000+02:00,N0356020400,N356,66.0,900
2026-09-05T07:10:31Z,2026-09-05T09:00:00.000+02:00,N0041020600,N41,103.0,720
2026-09-05T07:10:31Z,2026-09-05T09:00:00.000+02:00,A0025010700,A25,74.0,940
2026-09-05T07:10:31Z,2026-09-05T09:00:00.000+02:00,A0002011230,A2,108.0,2030
2026-09-05T07:10:31Z,2026-09-05T09:00:00.000+02:00,A0025020500,A25,71.0,1880
2026-09-05T07:10:31Z,2026-09-05T09:00:00.000+02:00,A0002021290,A2,103.0,2380
2026-09-05T07:10:31Z,2026-09-05T09:00:00.000+02:00,A0022011600,A22,81.0,1040
2026-09-05T07:20:31Z,2026-09-05T09:12:00.000+02:00,A0001011200,A1,82.0,3260
2026-09-05T07:20:31Z,2026-09-05T09:12:00.000+02:00,A0027010102,A27,90.0,2330
2026-09-05T07:20:31Z,2026-09-05T09:12:00.000+02:00,N0041010100,N41,87.0,630
2026-09-05T07:20:31Z,2026-09-05T09:12:00.000+02:00,A0027010101,A27,90.0,2330
2026-09-05T07:20:31Z,2026-09-05T09:12:00.000+02:00,A0001020150,A1,110.0,2520
2026-09-05T07:20:31Z,2026-09-05T09:12:00.000+02:00,N0356011700,N356,76.0,1510
2026-09-05T07:20:31Z,2026-09-05T09:12:00.000+02:00,N9227110200,N227 (bretelle),63.0,10
2026-09-05T07:20:31Z,2026-09-05T09:12:00.000+02:00,N0356021300,N356,69.0,2200
2026-09-05T07:20:31Z,2026-09-05T09:12:00.000+02:00,A0022011400,A22,81.0,380
2026-09-05T07:20:31Z,2026-09-05T09:12:00.000+02:00,A0027010300,A27,90.0,590
2026-09-05T07:20:31Z,2026-09-05T09:12:00.000+02:00,A9022020250,A22 (rocade),29.0,550
2026-09-05T07:20:31Z,2026-09-05T09:12:00.000+02:00,N0041010300,N41,93.0,1650
2026-09-05T07:20:31Z,2026-09-05T09:12:00.000+02:00,A0022011210,A22,86.0,350
2026-09-05T07:20:31Z,2026-09-05T09:12:00.000+02:00,A0027020100,A27,71.0,980
2026-09-05T07:20:31Z,2026-09-05T09:12:00.000+02:00,A0001010300,A1,103.0,3110
2026-09-05T07:20:31Z,2026-09-05T09:12:00.000+02:00,A0022011220,A22,86.0,350
2026-09-05T07:20:31Z,2026-09-05T09:12:00.000+02:00,N0227021400,N227,87.0,20
2026-09-05T07:20:31Z,2026-09-05T09:12:00.000+02:00,A9022101110,A22 (rocade),77.0,670
2026-09-05T07:20:31Z,2026-09-05T09:12:00.000+02:00,A0022022110,A22,86.0,2810
2026-09-05T07:20:31Z,2026-09-05T09:12:00.000+02:00,N0356010800,N356,75.0,1620
2026-09-05T07:20:31Z,2026-09-05T09:12:00.000+02:00,A9001210710,A1 (bretelle),71.0,230
2026-09-05T07:20:31Z,2026-09-05T09:12:00.000+02:00,N0356021110,N356,74.0,2490
2026-09-05T07:20:31Z,2026-09-05T09:12:00.000+02:00,A0001010510,A1,103.0,2950
2026-09-05T07:20:31Z,2026-09-05T09:12:00.000+02:00,N0356021122,N356,67.0,2510
2026-09-05T07:20:31Z,2026-09-05T09:12:00.000+02:00,N0356021121,N356,74.0,2490
2026-09-05T07:20:31Z,2026-09-05T09:12:00.000+02:00,A0025010210,A25,73.0,3150
2026-09-05T07:20:31Z,2026-09-05T09:12:00.000+02:00,A0025011300,A25,87.0,970
2026-09-05T07:20:31Z,2026-09-05T09:12:00.000+02:00,A0001020300,A1,109.0,2460
2026-09-05T07:20:31Z,2026-09-05T09:12:00.000+02:00,A0025021100,A25,89.0,1540
2026-09-05T07:20:31Z,2026-09-05T09:12:00.000+02:00,A0025023520,A25,115.0,970
2026-09-05T07:20:31Z,2026-09-05T09:12:00.000+02:00,A0022022130,A22,76.0,2560
2026-09-05T07:20:31Z,2026-09-05T09:12:00.000+02:00,A0025010220,A25,73.0,3150
2026-09-05T07:20:31Z,2026-09-05T09:12:00.000+02:00,A0022022120,A22,89.0,2850
2026-09-05T07:20:31Z,2026-09-05T09:12:00.000+02:00,A0001010520,A1,101.0,3300
2026-09-05T07:20:31Z,2026-09-05T09:12:00.000+02:00,A0022011000,A22,81.0,1340
2026-09-05T07:20:31Z,2026-09-05T09:12:00.000+02:00,A0001020510,A1,105.0,1440
2026-09-05T07:20:31Z,2026-09-05T09:12:00.000+02:00,A0001021602,A1,86.0,3160
2026-09-05T07:20:31Z,2026-09-05T09:12:00.000+02:00,A22TC020222,A22 (contournement),87.0,1950
2026-09-05T07:20:31Z,2026-09-05T09:12:00.000+02:00,A0001010940,A1,98.0,3590
2026-09-05T07:20:31Z,2026-09-05T09:12:00.000+02:00,A0025023320,A25,117.0,1450
2026-09-05T07:20:31Z,2026-09-05T09:12:00.000+02:00,A0001020520,A1,104.0,2510
2026-09-05T07:20:31Z,2026-09-05T09:12:00.000+02:00,A0025023100,A25,116.0,1300
2026-09-05T07:20:31Z,2026-09-05T09:12:00.000+02:00,A22TC020230,A22 (contournement),87.0,1950
2026-09-05T07:20:31Z,2026-09-05T09:12:00.000+02:00,A0025021730,A25,90.0,2260
2026-09-05T07:20:31Z,2026-09-05T09:12:00.000+02:00,A0025023910,A25,118.0,980
2026-09-05T07:20:31Z,2026-09-05T09:12:00.000+02:00,A0025021735,A25,104.0,2220
2026-09-05T07:20:31Z,2026-09-05T09:12:00.000+02:00,A0023010400,A23,108.0,640
2026-09-05T07:20:31Z,2026-09-05T09:12:00.000+02:00,A0022021900,A22,80.0,2270
2026-09-05T07:20:31Z,2026-09-05T09:12:00.000+02:00,A9022100500,A22 (rocade),78.0,1060
2026-09-05T07:20:31Z,2026-09-05T09:12:00.000+02:00,A0001020940,A1,90.0,2940
2026-09-05T07:20:31Z,2026-09-05T09:12:00.000+02:00,A0001020700,A1,99.0,2100
2026-09-05T07:20:31Z,2026-09-05T09:12:00.000+02:00,A9022020830,A22 (rocade),85.0,190
2026-09-05T07:20:31Z,2026-09-05T09:12:00.000+02:00,A9022020822,A22 (rocade),76.0,1400
2026-09-05T07:20:31Z,2026-09-05T09:12:00.000+02:00,A9022020821,A22 (rocade),76.0,1400
2026-09-05T07:20:31Z,2026-09-05T09:12:00.000+02:00,A0025020420,A25,72.0,2640
2026-09-05T07:20:31Z,2026-09-05T09:12:00.000+02:00,A0025021510,A25,98.0,620
2026-09-05T07:20:31Z,2026-09-05T09:12:00.000+02:00,N0227010100,N227,67.0,970
2026-09-05T07:20:31Z,2026-09-05T09:12:00.000+02:00,A0025011720,A25,102.0,1710
2026-09-05T07:20:31Z,2026-09-05T09:12:00.000+02:00,A0025021760,A25,92.0,2210
2026-09-05T07:20:31Z,2026-09-05T09:12:00.000+02:00,A0025011730,A25,91.0,1740
2026-09-05T07:20:31Z,2026-09-05T09:12:00.000+02:00,A0025011735,A25,105.0,1800
2026-09-05T07:20:31Z,2026-09-05T09:12:00.000+02:00,A9025080700,A25 (bretelle),,400
2026-09-05T07:20:31Z,2026-09-05T09:12:00.000+02:00,A9022100930,A22 (rocade),78.0,120
2026-09-05T07:20:31Z,2026-09-05T09:12:00.000+02:00,N0356011220,N356,73.0,1760
2026-09-05T07:20:31Z,2026-09-05T09:12:00.000+02:00,A0025011740,A25,90.0,1830
2026-09-05T07:20:31Z,2026-09-05T09:12:00.000+02:00,A0025010410,A25,70.0,2390
2026-09-05T07:20:31Z,2026-09-05T09:12:00.000+02:00,A0023010200,A23,92.0,610
2026-09-05T07:20:31Z,2026-09-05T09:12:00.000+02:00,A9001210120,A1 (bretelle),79.0,390
2026-09-05T07:20:31Z,2026-09-05T09:12:00.000+02:00,A0025020210,A25,74.0,2830
2026-09-05T07:20:31Z,2026-09-05T09:12:00.000+02:00,N0356011210,N356,73.0,1760
2026-09-05T07:20:31Z,2026-09-05T09:12:00.000+02:00,A0025011510,A25,90.0,1080
2026-09-05T07:20:31Z,2026-09-05T09:12:00.000+02:00,A0025020220,A25,74.0,2830
2026-09-05T07:20:31Z,2026-09-05T09:12:00.000+02:00,N0227010302,N227,74.0,1740
2026-09-05T07:20:31Z,2026-09-05T09:12:00.000+02:00,N0041010500,N41,109.0,1130
2026-09-05T07:20:31Z,2026-09-05T09:12:00.000+02:00,N0227020101,N227,86.0,1860
2026-09-05T07:20:31Z,2026-09-05T09:12:00.000+02:00,A9022100110,A22 (rocade),69.0,430
2026-09-05T07:20:31Z,2026-09-05T09:12:00.000+02:00,A0022010400,A22,74.0,1570
2026-09-05T07:20:31Z,2026-09-05T09:12:00.000+02:00,N0356010302,N356,77.0,3450
2026-09-05T07:20:31Z,2026-09-05T09:12:00.000+02:00,A0025010800,A25,73.0,1680
2026-09-05T07:20:31Z,2026-09-05T09:12:00.000+02:00,A0027020621,A27,98.0,1440
2026-09-05T07:20:31Z,2026-09-05T09:12:00.000+02:00,N0041010700,N41,111.0,440
2026-09-05T07:20:31Z,2026-09-05T09:12:00.000+02:00,A0027020630,A27,100.0,1390
2026-09-05T07:20:31Z,2026-09-05T09:12:00.000+02:00,A0022021512,A22,78.0,2100
2026-09-05T07:20:31Z,2026-09-05T09:12:00.000+02:00,A0022021511,A22,78.0,2170
2026-09-05T07:20:31Z,2026-09-05T09:12:00.000+02:00,A0027020610,A27,98.0,1440
2026-09-05T07:20:31Z,2026-09-05T09:12:00.000+02:00,A0025021720,A25,102.0,2210
2026-09-05T07:20:31Z,2026-09-05T09:12:00.000+02:00,A0022021520,A22,78.0,2100
2026-09-05T07:20:31Z,2026-09-05T09:12:00.000+02:00,A0025022140,A25,113.0,2090
2026-09-05T07:20:31Z,2026-09-05T09:12:00.000+02:00,A0022011302,A22,75.0,1130
2026-09-05T07:20:31Z,2026-09-05T09:12:00.000+02:00,A0025022160,A25,109.0,2090
2026-09-05T07:20:31Z,2026-09-05T09:12:00.000+02:00,A9025060104,A25 (bretelle),75.0,1290
2026-09-05T07:20:31Z,2026-09-05T09:12:00.000+02:00,A0027010201,A27,91.0,950
2026-09-05T07:20:31Z,2026-09-05T09:12:00.000+02:00,A0027010202,A27,82.0,470
2026-09-05T07:20:31Z,2026-09-05T09:12:00.000+02:00,N9227110110,N227 (bretelle),76.0,630
2026-09-05T07:20:31Z,2026-09-05T09:12:00.000+02:00,A0025012130,A25,109.0,1000
2026-09-05T07:20:31Z,2026-09-05T09:12:00.000+02:00,A0027010210,A27,82.0,470
2026-09-05T07:20:31Z,2026-09-05T09:12:00.000+02:00,A0025011050,A25,89.0,790
2026-09-05T07:20:31Z,2026-09-05T09:12:00.000+02:00,A0025012140,A25,109.0,740
2026-09-05T07:20:31Z,2026-09-05T09:12:00.000+02:00,A0027010421,A27,97.0,740
2026-09-05T07:20:31Z,2026-09-05T09:12:00.000+02:00,A0022012420,A22,93.0,1560
2026-09-05T07:20:31Z,2026-09-05T09:12:00.000+02:00,A0027010430,A27,101.0,720
2026-09-05T07:20:31Z,2026-09-05T09:12:00.000+02:00,A0023020710,A23,107.0,1460
2026-09-05T07:20:31Z,2026-09-05T09:12:00.000+02:00,A0022012430,A22,92.0,1630
2026-09-05T07:20:31Z,2026-09-05T09:12:00.000+02:00,A0025012160,A25,125.0,1680
2026-09-05T07:20:31Z,2026-09-05T09:12:00.000+02:00,A9022021200,A22 (rocade),59.0,470
2026-09-05T07:20:31Z,2026-09-05T09:12:00.000+02:00,A0001021100,A1,90.0,2630
2026-09-05T07:20:31Z,2026-09-05T09:12:00.000+02:00,A9022101000,A22 (rocade),80.0,450
2026-09-05T07:20:31Z,2026-09-05T09:12:00.000+02:00,A0025013020,A25,110.0,1780
2026-09-05T07:20:31Z,2026-09-05T09:12:00.000+02:00,A0027010410,A27,97.0,740
2026-09-05T07:20:31Z,2026-09-05T09:12:00.000+02:00,A0022012410,A22,95.0,1500
2026-09-05T07:20:31Z,2026-09-05T09:12:00.000+02:00,A0001A20112,A1,89.0,1680
2026-09-05T07:20:31Z,2026-09-05T09:12:00.000+02:00,A0001A20111,A1,92.0,1080
2026-09-05T07:20:31Z,2026-09-05T09:12:00.000+02:00,A0025010320,A25,64.0,1790
2026-09-05T07:20:31Z,2026-09-05T09:12:00.000+02:00,A0025022540,A25,115.0,1490
2026-09-05T07:20:31Z,2026-09-05T09:12:00.000+02:00,A0025022300,A25,115.0,1350
2026-09-05T07:20:31Z,2026-09-05T09:12:00.000+02:00,N0356021000,N356,74.0,2210
2026-09-05T07:20:31Z,2026-09-05T09:12:00.000+02:00,A22TC010102,A22 (contournement),86.0,1480
2026-09-05T07:20:31Z,2026-09-05T09:12:00.000+02:00,A0001011503,A1,87.0,4060
2026-09-05T07:20:31Z,2026-09-05T09:12:00.000+02:00,A0022012200,A22,80.0,1330
2026-09-05T07:20:31Z,2026-09-05T09:12:00.000+02:00,A22TC020102,A22 (contournement),84.0,1730
2026-09-05T07:20:31Z,2026-09-05T09:12:00.000+02:00,A22TC010300,A22 (contournement),83.0,1350
2026-09-05T07:20:31Z,2026-09-05T09:12:00.000+02:00,A0022012010,A22,79.0,1020
2026-09-05T07:20:31Z,2026-09-05T09:12:00.000+02:00,A0022012020,A22,79.0,1020
2026-09-05T07:20:31Z,2026-09-05T09:12:00.000+02:00,A0025022130,A25,128.0,2000
2026-09-05T07:20:31Z,2026-09-05T09:12:00.000+02:00,A0023010520,A23,116.0,640
2026-09-05T07:20:31Z,2026-09-05T09:12:00.000+02:00,N0041020800,N41,95.0,970
2026-09-05T07:20:31Z,2026-09-05T09:12:00.000+02:00,A0025010500,A25,71.0,1700
2026-09-05T07:20:31Z,2026-09-05T09:12:00.000+02:00,A0022020901,A22,75.0,1690
2026-09-05T07:20:31Z,2026-09-05T09:12:00.000+02:00,A0022020902,A22,75.0,1770
2026-09-05T07:20:31Z,2026-09-05T09:12:00.000+02:00,A0025020310,A25,73.0,2220
2026-09-05T07:20:31Z,2026-09-05T09:12:00.000+02:00,A0022021810,A22,80.0,2130
2026-09-05T07:20:31Z,2026-09-05T09:12:00.000+02:00,N0356011100,N356,74.0,1460
2026-09-05T07:20:31Z,2026-09-05T09:12:00.000+02:00,A0022021820,A22,80.0,2130
2026-09-05T07:20:31Z,2026-09-05T09:12:00.000+02:00,N0356020802,N356,70.0,2300
2026-09-05T07:20:31Z,2026-09-05T09:12:00.000+02:00,A0025020102,A25,69.0,370
2026-09-05T07:20:31Z,2026-09-05T09:12:00.000+02:00,A0025010310,A25,74.0,2190
2026-09-05T07:20:31Z,2026-09-05T09:12:00.000+02:00,A0023010100,A23,92.0,30
2026-09-05T07:20:31Z,2026-09-05T09:12:00.000+02:00,A0025022530,A25,119.0,1370
2026-09-05T07:20:31Z,2026-09-05T09:12:00.000+02:00,A9001210200,A1 (bretelle),67.0,770
2026-09-05T07:20:31Z,2026-09-05T09:12:00.000+02:00,A0022010700,A22,78.0,1180
2026-09-05T07:20:31Z,2026-09-05T09:12:00.000+02:00,N0041020400,N41,92.0,1060
2026-09-05T07:20:31Z,2026-09-05T09:12:00.000+02:00,A0023020720,A23,117.0,1540
2026-09-05T07:20:31Z,2026-09-05T09:12:00.000+02:00,A0022020500,A22,75.0,820
2026-09-05T07:20:31Z,2026-09-05T09:12:00.000+02:00,N93563b0150,N356 (bretelle),77.0,20
2026-09-05T07:20:31Z,2026-09-05T09:12:00.000+02:00,A0025020950,A25,90.0,2160
2026-09-05T07:20:31Z,2026-09-05T09:12:00.000+02:00,A0023020300,A23,100.0,700
2026-09-05T07:20:31Z,2026-09-05T09:12:00.000+02:00,A0001011000,A1,85.0,3100
2026-09-05T07:20:31Z,2026-09-05T09:12:00.000+02:00,A0027020500,A27,91.0,720
2026-09-05T07:20:31Z,2026-09-05T09:12:00.000+02:00,N0356011500,N356,71.0,1830
2026-09-05T07:20:31Z,2026-09-05T09:12:00.000+02:00,A0001010150,A1,106.0,3330
2026-09-05T07:20:31Z,2026-09-05T09:12:00.000+02:00,N0356020400,N356,67.0,1010
2026-09-05T07:20:31Z,2026-09-05T09:12:00.000+02:00,N0041020600,N41,99.0,660
2026-09-05T07:20:31Z,2026-09-05T09:12:00.000+02:00,A0025010700,A25,68.0,1110
2026-09-05T07:20:31Z,2026-09-05T09:12:00.000+02:00,A0002011230,A2,109.0,2010
2026-09-05T07:20:31Z,2026-09-05T09:12:00.000+02:00,A0025020500,A25,71.0,2110
2026-09-05T07:20:31Z,2026-09-05T09:12:00.000+02:00,A0002021290,A2,106.0,2440
2026-09-05T07:20:31Z,2026-09-05T09:12:00.000+02:00,A0022011600,A22,79.0,1000
2026-09-05T07:30:33Z,2026-09-05T09:24:00.000+02:00,A0001011200,A1,82.0,3190
2026-09-05T07:30:33Z,2026-09-05T09:24:00.000+02:00,A0027010102,A27,86.0,2420
2026-09-05T07:30:33Z,2026-09-05T09:24:00.000+02:00,N0041010100,N41,85.0,830
2026-09-05T07:30:33Z,2026-09-05T09:24:00.000+02:00,A0027010101,A27,86.0,2420
2026-09-05T07:30:33Z,2026-09-05T09:24:00.000+02:00,A0001020150,A1,108.0,2990
2026-09-05T07:30:33Z,2026-09-05T09:24:00.000+02:00,N0356011700,N356,75.0,1650
2026-09-05T07:30:33Z,2026-09-05T09:24:00.000+02:00,N9227110200,N227 (bretelle),70.0,60
2026-09-05T07:30:33Z,2026-09-05T09:24:00.000+02:00,N0356021300,N356,66.0,2790
2026-09-05T07:30:33Z,2026-09-05T09:24:00.000+02:00,A0022011400,A22,72.0,470
2026-09-05T07:30:33Z,2026-09-05T09:24:00.000+02:00,A0027010300,A27,91.0,640
2026-09-05T07:30:33Z,2026-09-05T09:24:00.000+02:00,A9022020250,A22 (rocade),36.0,740
2026-09-05T07:30:33Z,2026-09-05T09:24:00.000+02:00,N0041010300,N41,88.0,2020
2026-09-05T07:30:33Z,2026-09-05T09:24:00.000+02:00,A0022011210,A22,80.0,340
2026-09-05T07:30:33Z,2026-09-05T09:24:00.000+02:00,A0027020100,A27,73.0,790
2026-09-05T07:30:33Z,2026-09-05T09:24:00.000+02:00,A0001010300,A1,102.0,3010
2026-09-05T07:30:33Z,2026-09-05T09:24:00.000+02:00,A0022011220,A22,80.0,340
2026-09-05T07:30:33Z,2026-09-05T09:24:00.000+02:00,N0227021400,N227,74.0,30
2026-09-05T07:30:33Z,2026-09-05T09:24:00.000+02:00,A9022101110,A22 (rocade),78.0,730
2026-09-05T07:30:33Z,2026-09-05T09:24:00.000+02:00,A0022022110,A22,87.0,3150
2026-09-05T07:30:33Z,2026-09-05T09:24:00.000+02:00,N0356010800,N356,74.0,1740
2026-09-05T07:30:33Z,2026-09-05T09:24:00.000+02:00,A9001210710,A1 (bretelle),72.0,170
2026-09-05T07:30:33Z,2026-09-05T09:24:00.000+02:00,N0356021110,N356,72.0,2960
2026-09-05T07:30:33Z,2026-09-05T09:24:00.000+02:00,A0001010510,A1,102.0,2830
2026-09-05T07:30:33Z,2026-09-05T09:24:00.000+02:00,N0356021122,N356,65.0,2880
2026-09-05T07:30:33Z,2026-09-05T09:24:00.000+02:00,N0356021121,N356,72.0,2960
2026-09-05T07:30:33Z,2026-09-05T09:24:00.000+02:00,A0025010210,A25,74.0,3070
2026-09-05T07:30:33Z,2026-09-05T09:24:00.000+02:00,A0025011300,A25,86.0,1100
2026-09-05T07:30:33Z,2026-09-05T09:24:00.000+02:00,A0001020300,A1,109.0,2820
2026-09-05T07:30:33Z,2026-09-05T09:24:00.000+02:00,A0025021100,A25,91.0,1390
2026-09-05T07:30:33Z,2026-09-05T09:24:00.000+02:00,A0025023520,A25,114.0,1160
2026-09-05T07:30:33Z,2026-09-05T09:24:00.000+02:00,A0022022130,A22,78.0,2770
2026-09-05T07:30:33Z,2026-09-05T09:24:00.000+02:00,A0025010220,A25,74.0,3070
2026-09-05T07:30:33Z,2026-09-05T09:24:00.000+02:00,A0022022120,A22,89.0,3060
2026-09-05T07:30:33Z,2026-09-05T09:24:00.000+02:00,A0001010520,A1,103.0,3240
2026-09-05T07:30:33Z,2026-09-05T09:24:00.000+02:00,A0022011000,A22,87.0,1760
2026-09-05T07:30:33Z,2026-09-05T09:24:00.000+02:00,A0001020510,A1,104.0,3060
2026-09-05T07:30:33Z,2026-09-05T09:24:00.000+02:00,A0001021602,A1,85.0,4080
2026-09-05T07:30:33Z,2026-09-05T09:24:00.000+02:00,A22TC020222,A22 (contournement),85.0,2020
2026-09-05T07:30:33Z,2026-09-05T09:24:00.000+02:00,A0001010940,A1,101.0,3660
2026-09-05T07:30:33Z,2026-09-05T09:24:00.000+02:00,A0025023320,A25,113.0,1770
2026-09-05T07:30:33Z,2026-09-05T09:24:00.000+02:00,A0001020520,A1,102.0,3060
2026-09-05T07:30:33Z,2026-09-05T09:24:00.000+02:00,A0025023100,A25,114.0,1360
2026-09-05T07:30:33Z,2026-09-05T09:24:00.000+02:00,A22TC020230,A22 (contournement),85.0,2020
2026-09-05T07:30:33Z,2026-09-05T09:24:00.000+02:00,A0025021730,A25,89.0,2350
2026-09-05T07:30:33Z,2026-09-05T09:24:00.000+02:00,A0025023910,A25,119.0,960
2026-09-05T07:30:33Z,2026-09-05T09:24:00.000+02:00,A0025021735,A25,102.0,2530
2026-09-05T07:30:33Z,2026-09-05T09:24:00.000+02:00,A0023010400,A23,111.0,760
2026-09-05T07:30:33Z,2026-09-05T09:24:00.000+02:00,A0022021900,A22,79.0,2590
2026-09-05T07:30:33Z,2026-09-05T09:24:00.000+02:00,A9022100500,A22 (rocade),80.0,1110
2026-09-05T07:30:33Z,2026-09-05T09:24:00.000+02:00,A0001020940,A1,89.0,3300
2026-09-05T07:30:33Z,2026-09-05T09:24:00.000+02:00,A0001020700,A1,99.0,2410
2026-09-05T07:30:33Z,2026-09-05T09:24:00.000+02:00,A9022020830,A22 (rocade),86.0,230
2026-09-05T07:30:33Z,2026-09-05T09:24:00.000+02:00,A9022020822,A22 (rocade),66.0,1060
2026-09-05T07:30:33Z,2026-09-05T09:24:00.000+02:00,A9022020821,A22 (rocade),66.0,1060
2026-09-05T07:30:33Z,2026-09-05T09:24:00.000+02:00,A0025020420,A25,73.0,2620
2026-09-05T07:30:33Z,2026-09-05T09:24:00.000+02:00,A0025021510,A25,92.0,430
2026-09-05T07:30:33Z,2026-09-05T09:24:00.000+02:00,N0227010100,N227,64.0,1010
2026-09-05T07:30:33Z,2026-09-05T09:24:00.000+02:00,A0025011720,A25,98.0,2020
2026-09-05T07:30:33Z,2026-09-05T09:24:00.000+02:00,A0025021760,A25,86.0,2600
2026-09-05T07:30:33Z,2026-09-05T09:24:00.000+02:00,A0025011730,A25,88.0,2150
2026-09-05T07:30:33Z,2026-09-05T09:24:00.000+02:00,A0025011735,A25,101.0,2140
2026-09-05T07:30:33Z,2026-09-05T09:24:00.000+02:00,A9025080700,A25 (bretelle),,680
2026-09-05T07:30:33Z,2026-09-05T09:24:00.000+02:00,A9022100930,A22 (rocade),70.0,90
2026-09-05T07:30:33Z,2026-09-05T09:24:00.000+02:00,N0356011220,N356,74.0,1730
2026-09-05T07:30:33Z,2026-09-05T09:24:00.000+02:00,A0025011740,A25,88.0,2160
2026-09-05T07:30:33Z,2026-09-05T09:24:00.000+02:00,A0025010410,A25,70.0,2640
2026-09-05T07:30:33Z,2026-09-05T09:24:00.000+02:00,A0023010200,A23,90.0,820
2026-09-05T07:30:33Z,2026-09-05T09:24:00.000+02:00,A9001210120,A1 (bretelle),78.0,360
2026-09-05T07:30:33Z,2026-09-05T09:24:00.000+02:00,A0025020210,A25,74.0,3120
2026-09-05T07:30:33Z,2026-09-05T09:24:00.000+02:00,N0356011210,N356,74.0,1730
2026-09-05T07:30:33Z,2026-09-05T09:24:00.000+02:00,A0025011510,A25,88.0,1190
2026-09-05T07:30:33Z,2026-09-05T09:24:00.000+02:00,A0025020220,A25,74.0,3120
2026-09-05T07:30:33Z,2026-09-05T09:24:00.000+02:00,N0227010302,N227,75.0,2080
2026-09-05T07:30:33Z,2026-09-05T09:24:00.000+02:00,N0041010500,N41,91.0,1610
2026-09-05T07:30:33Z,2026-09-05T09:24:00.000+02:00,N0227020101,N227,84.0,1690
2026-09-05T07:30:33Z,2026-09-05T09:24:00.000+02:00,A9022100110,A22 (rocade),69.0,630
2026-09-05T07:30:33Z,2026-09-05T09:24:00.000+02:00,A0022010400,A22,71.0,1920
2026-09-05T07:30:33Z,2026-09-05T09:24:00.000+02:00,N0356010302,N356,76.0,3470
2026-09-05T07:30:33Z,2026-09-05T09:24:00.000+02:00,A0025010800,A25,73.0,1830
2026-09-05T07:30:33Z,2026-09-05T09:24:00.000+02:00,A0027020621,A27,100.0,1360
2026-09-05T07:30:33Z,2026-09-05T09:24:00.000+02:00,N0041010700,N41,98.0,750
2026-09-05T07:30:33Z,2026-09-05T09:24:00.000+02:00,A0027020630,A27,104.0,1350
2026-09-05T07:30:33Z,2026-09-05T09:24:00.000+02:00,A0022021512,A22,78.0,2200
2026-09-05T07:30:33Z,2026-09-05T09:24:00.000+02:00,A0022021511,A22,80.0,2310
2026-09-05T07:30:33Z,2026-09-05T09:24:00.000+02:00,A0027020610,A27,100.0,1360
2026-09-05T07:30:33Z,2026-09-05T09:24:00.000+02:00,A0025021720,A25,102.0,2320
2026-09-05T07:30:33Z,2026-09-05T09:24:00.000+02:00,A0022021520,A22,78.0,2200
2026-09-05T07:30:33Z,2026-09-05T09:24:00.000+02:00,A0025022140,A25,111.0,2030
2026-09-05T07:30:33Z,2026-09-05T09:24:00.000+02:00,A0022011302,A22,72.0,1270
2026-09-05T07:30:33Z,2026-09-05T09:24:00.000+02:00,A0025022160,A25,107.0,2060
2026-09-05T07:30:33Z,2026-09-05T09:24:00.000+02:00,A9025060104,A25 (bretelle),71.0,1680
2026-09-05T07:30:33Z,2026-09-05T09:24:00.000+02:00,A0027010201,A27,90.0,940
2026-09-05T07:30:33Z,2026-09-05T09:24:00.000+02:00,A0027010202,A27,67.0,400
2026-09-05T07:30:33Z,2026-09-05T09:24:00.000+02:00,N9227110110,N227 (bretelle),74.0,980
2026-09-05T07:30:33Z,2026-09-05T09:24:00.000+02:00,A0025012130,A25,113.0,1150
2026-09-05T07:30:33Z,2026-09-05T09:24:00.000+02:00,A0027010210,A27,67.0,400
2026-09-05T07:30:33Z,2026-09-05T09:24:00.000+02:00,A0025011050,A25,92.0,1050
2026-09-05T07:30:33Z,2026-09-05T09:24:00.000+02:00,A0025012140,A25,113.0,1990
2026-09-05T07:30:33Z,2026-09-05T09:24:00.000+02:00,A0027010421,A27,98.0,850
2026-09-05T07:30:33Z,2026-09-05T09:24:00.000+02:00,A0022012420,A22,94.0,1840
2026-09-05T07:30:33Z,2026-09-05T09:24:00.000+02:00,A0027010430,A27,101.0,840
2026-09-05T07:30:33Z,2026-09-05T09:24:00.000+02:00,A0023020710,A23,108.0,1660
2026-09-05T07:30:33Z,2026-09-05T09:24:00.000+02:00,A0022012430,A22,93.0,1830
2026-09-05T07:30:33Z,2026-09-05T09:24:00.000+02:00,A0025012160,A25,125.0,1960
2026-09-05T07:30:33Z,2026-09-05T09:24:00.000+02:00,A9022021200,A22 (rocade),60.0,490
2026-09-05T07:30:33Z,2026-09-05T09:24:00.000+02:00,A0001021100,A1,89.0,3020
2026-09-05T07:30:33Z,2026-09-05T09:24:00.000+02:00,A9022101000,A22 (rocade),58.0,530
2026-09-05T07:30:33Z,2026-09-05T09:24:00.000+02:00,A0025013020,A25,114.0,1800
2026-09-05T07:30:33Z,2026-09-05T09:24:00.000+02:00,A0027010410,A27,98.0,850
2026-09-05T07:30:33Z,2026-09-05T09:24:00.000+02:00,A0022012410,A22,93.0,1870
2026-09-05T07:30:33Z,2026-09-05T09:24:00.000+02:00,A0001A20112,A1,90.0,1640
2026-09-05T07:30:33Z,2026-09-05T09:24:00.000+02:00,A0001A20111,A1,82.0,910
2026-09-05T07:30:33Z,2026-09-05T09:24:00.000+02:00,A0025010320,A25,54.0,1820
2026-09-05T07:30:33Z,2026-09-05T09:24:00.000+02:00,A0025022540,A25,113.0,1750
2026-09-05T07:30:33Z,2026-09-05T09:24:00.000+02:00,A0025022300,A25,112.0,1560
2026-09-05T07:30:33Z,2026-09-05T09:24:00.000+02:00,N0356021000,N356,73.0,2580
2026-09-05T07:30:33Z,2026-09-05T09:24:00.000+02:00,A22TC010102,A22 (contournement),84.0,1390
2026-09-05T07:30:33Z,2026-09-05T09:24:00.000+02:00,A0001011503,A1,86.0,4450
2026-09-05T07:30:33Z,2026-09-05T09:24:00.000+02:00,A0022012200,A22,80.0,1610
2026-09-05T07:30:33Z,2026-09-05T09:24:00.000+02:00,A22TC020102,A22 (contournement),85.0,1720
2026-09-05T07:30:33Z,2026-09-05T09:24:00.000+02:00,A22TC010300,A22 (contournement),83.0,1400
2026-09-05T07:30:33Z,2026-09-05T09:24:00.000+02:00,A0022012010,A22,75.0,1120
2026-09-05T07:30:33Z,2026-09-05T09:24:00.000+02:00,A0022012020,A22,75.0,1120
2026-09-05T07:30:33Z,2026-09-05T09:24:00.000+02:00,A0025022130,A25,127.0,2100
2026-09-05T07:30:33Z,2026-09-05T09:24:00.000+02:00,A0023010520,A23,118.0,740
2026-09-05T07:30:33Z,2026-09-05T09:24:00.000+02:00,N0041020800,N41,97.0,990
2026-09-05T07:30:33Z,2026-09-05T09:24:00.000+02:00,A0025010500,A25,69.0,2040
2026-09-05T07:30:33Z,2026-09-05T09:24:00.000+02:00,A0022020901,A22,80.0,2300
2026-09-05T07:30:33Z,2026-09-05T09:24:00.000+02:00,A0022020902,A22,80.0,2130
2026-09-05T07:30:33Z,2026-09-05T09:24:00.000+02:00,A0025020310,A25,72.0,2180
2026-09-05T07:30:33Z,2026-09-05T09:24:00.000+02:00,A0022021810,A22,79.0,2330
2026-09-05T07:30:33Z,2026-09-05T09:24:00.000+02:00,N0356011100,N356,74.0,1580
2026-09-05T07:30:33Z,2026-09-05T09:24:00.000+02:00,A0022021820,A22,79.0,2330
2026-09-05T07:30:33Z,2026-09-05T09:24:00.000+02:00,N0356020802,N356,67.0,2820
2026-09-05T07:30:33Z,2026-09-05T09:24:00.000+02:00,A0025020102,A25,74.0,260
2026-09-05T07:30:33Z,2026-09-05T09:24:00.000+02:00,A0025010310,A25,74.0,2190
2026-09-05T07:30:33Z,2026-09-05T09:24:00.000+02:00,A0023010100,A23,83.0,20
2026-09-05T07:30:33Z,2026-09-05T09:24:00.000+02:00,A0025022530,A25,117.0,1670
2026-09-05T07:30:33Z,2026-09-05T09:24:00.000+02:00,A9001210200,A1 (bretelle),69.0,800
2026-09-05T07:30:33Z,2026-09-05T09:24:00.000+02:00,A0022010700,A22,78.0,1500
2026-09-05T07:30:33Z,2026-09-05T09:24:00.000+02:00,N0041020400,N41,91.0,1140
2026-09-05T07:30:33Z,2026-09-05T09:24:00.000+02:00,A0023020720,A23,115.0,1650
2026-09-05T07:30:33Z,2026-09-05T09:24:00.000+02:00,A0022020500,A22,80.0,1230
2026-09-05T07:30:33Z,2026-09-05T09:24:00.000+02:00,N93563b0150,N356 (bretelle),60.0,10
2026-09-05T07:30:33Z,2026-09-05T09:24:00.000+02:00,A0025020950,A25,88.0,2210
2026-09-05T07:30:33Z,2026-09-05T09:24:00.000+02:00,A0023020300,A23,95.0,910
2026-09-05T07:30:33Z,2026-09-05T09:24:00.000+02:00,A0001011000,A1,87.0,2980
2026-09-05T07:30:33Z,2026-09-05T09:24:00.000+02:00,A0027020500,A27,91.0,740
2026-09-05T07:30:33Z,2026-09-05T09:24:00.000+02:00,N0356011500,N356,64.0,1710
2026-09-05T07:30:33Z,2026-09-05T09:24:00.000+02:00,A0001010150,A1,107.0,3150
2026-09-05T07:30:33Z,2026-09-05T09:24:00.000+02:00,N0356020400,N356,68.0,1210
2026-09-05T07:30:33Z,2026-09-05T09:24:00.000+02:00,N0041020600,N41,101.0,810
2026-09-05T07:30:33Z,2026-09-05T09:24:00.000+02:00,A0025010700,A25,77.0,1150
2026-09-05T07:30:33Z,2026-09-05T09:24:00.000+02:00,A0002011230,A2,109.0,2170
2026-09-05T07:30:33Z,2026-09-05T09:24:00.000+02:00,A0025020500,A25,72.0,2080
2026-09-05T07:30:33Z,2026-09-05T09:24:00.000+02:00,A0002021290,A2,106.0,2410
2026-09-05T07:30:33Z,2026-09-05T09:24:00.000+02:00,A0022011600,A22,80.0,1120
2026-09-05T07:40:31Z,2026-09-05T09:30:00.000+02:00,A0001011200,A1,83.0,3340
2026-09-05T07:40:31Z,2026-09-05T09:30:00.000+02:00,A0027010102,A27,87.0,2500
2026-09-05T07:40:31Z,2026-09-05T09:30:00.000+02:00,N0041010100,N41,87.0,650
2026-09-05T07:40:31Z,2026-09-05T09:30:00.000+02:00,A0027010101,A27,87.0,2500
2026-09-05T07:40:31Z,2026-09-05T09:30:00.000+02:00,A0001020150,A1,107.0,3050
2026-09-05T07:40:31Z,2026-09-05T09:30:00.000+02:00,N0356011700,N356,73.0,1490
2026-09-05T07:40:31Z,2026-09-05T09:30:00.000+02:00,N9227110200,N227 (bretelle),61.0,20
2026-09-05T07:40:31Z,2026-09-05T09:30:00.000+02:00,N0356021300,N356,67.0,2220
2026-09-05T07:40:31Z,2026-09-05T09:30:00.000+02:00,A0022011400,A22,77.0,440
2026-09-05T07:40:31Z,2026-09-05T09:30:00.000+02:00,A0027010300,A27,91.0,520
2026-09-05T07:40:31Z,2026-09-05T09:30:00.000+02:00,A9022020250,A22 (rocade),39.0,690
2026-09-05T07:40:31Z,2026-09-05T09:30:00.000+02:00,N0041010300,N41,90.0,1830
2026-09-05T07:40:31Z,2026-09-05T09:30:00.000+02:00,A0022011210,A22,86.0,330
2026-09-05T07:40:31Z,2026-09-05T09:30:00.000+02:00,A0027020100,A27,72.0,980
2026-09-05T07:40:31Z,2026-09-05T09:30:00.000+02:00,A0001010300,A1,104.0,3010
2026-09-05T07:40:31Z,2026-09-05T09:30:00.000+02:00,A0022011220,A22,86.0,330
2026-09-05T07:40:31Z,2026-09-05T09:30:00.000+02:00,N0227021400,N227,44.0,60
2026-09-05T07:40:31Z,2026-09-05T09:30:00.000+02:00,A9022101110,A22 (rocade),76.0,650
2026-09-05T07:40:31Z,2026-09-05T09:30:00.000+02:00,A0022022110,A22,86.0,2890
2026-09-05T07:40:31Z,2026-09-05T09:30:00.000+02:00,N0356010800,N356,73.0,1720
2026-09-05T07:40:31Z,2026-09-05T09:30:00.000+02:00,A9001210710,A1 (bretelle),68.0,160
2026-09-05T07:40:31Z,2026-09-05T09:30:00.000+02:00,N0356021110,N356,73.0,2300
2026-09-05T07:40:31Z,2026-09-05T09:30:00.000+02:00,A0001010510,A1,104.0,2900
2026-09-05T07:40:31Z,2026-09-05T09:30:00.000+02:00,N0356021122,N356,66.0,2300
2026-09-05T07:40:31Z,2026-09-05T09:30:00.000+02:00,N0356021121,N356,73.0,2300
2026-09-05T07:40:31Z,2026-09-05T09:30:00.000+02:00,A0025010210,A25,74.0,2890
2026-09-05T07:40:31Z,2026-09-05T09:30:00.000+02:00,A0025011300,A25,85.0,1210
2026-09-05T07:40:31Z,2026-09-05T09:30:00.000+02:00,A0001020300,A1,110.0,3020
2026-09-05T07:40:31Z,2026-09-05T09:30:00.000+02:00,A0025021100,A25,96.0,1610
2026-09-05T07:40:31Z,2026-09-05T09:30:00.000+02:00,A0025023520,A25,115.0,1150
2026-09-05T07:40:31Z,2026-09-05T09:30:00.000+02:00,A0022022130,A22,77.0,2730
2026-09-05T07:40:31Z,2026-09-05T09:30:00.000+02:00,A0025010220,A25,74.0,2890
2026-09-05T07:40:31Z,2026-09-05T09:30:00.000+02:00,A0022022120,A22,89.0,2940
2026-09-05T07:40:31Z,2026-09-05T09:30:00.000+02:00,A0001010520,A1,99.0,3310
2026-09-05T07:40:31Z,2026-09-05T09:30:00.000+02:00,A0022011000,A22,80.0,1610
2026-09-05T07:40:31Z,2026-09-05T09:30:00.000+02:00,A0001020510,A1,108.0,2960
2026-09-05T07:40:31Z,2026-09-05T09:30:00.000+02:00,A0001021602,A1,85.0,3900
2026-09-05T07:40:31Z,2026-09-05T09:30:00.000+02:00,A22TC020222,A22 (contournement),85.0,2270
2026-09-05T07:40:31Z,2026-09-05T09:30:00.000+02:00,A0001010940,A1,98.0,3770
2026-09-05T07:40:31Z,2026-09-05T09:30:00.000+02:00,A0025023320,A25,114.0,1580
2026-09-05T07:40:31Z,2026-09-05T09:30:00.000+02:00,A0001020520,A1,104.0,3140
2026-09-05T07:40:31Z,2026-09-05T09:30:00.000+02:00,A0025023100,A25,112.0,1570
2026-09-05T07:40:31Z,2026-09-05T09:30:00.000+02:00,A22TC020230,A22 (contournement),85.0,2270
2026-09-05T07:40:31Z,2026-09-05T09:30:00.000+02:00,A0025021730,A25,89.0,2730
2026-09-05T07:40:31Z,2026-09-05T09:30:00.000+02:00,A0025023910,A25,120.0,1070
2026-09-05T07:40:31Z,2026-09-05T09:30:00.000+02:00,A0025021735,A25,103.0,2590
2026-09-05T07:40:31Z,2026-09-05T09:30:00.000+02:00,A0023010400,A23,109.0,810
2026-09-05T07:40:31Z,2026-09-05T09:30:00.000+02:00,A0022021900,A22,80.0,2250
2026-09-05T07:40:31Z,2026-09-05T09:30:00.000+02:00,A9022100500,A22 (rocade),78.0,890
2026-09-05T07:40:31Z,2026-09-05T09:30:00.000+02:00,A0001020940,A1,89.0,3410
2026-09-05T07:40:31Z,2026-09-05T09:30:00.000+02:00,A0001020700,A1,98.0,2680
2026-09-05T07:40:31Z,2026-09-05T09:30:00.000+02:00,A9022020830,A22 (rocade),84.0,310
2026-09-05T07:40:31Z,2026-09-05T09:30:00.000+02:00,A9022020822,A22 (rocade),64.0,1140
2026-09-05T07:40:31Z,2026-09-05T09:30:00.000+02:00,A9022020821,A22 (rocade),64.0,1140
2026-09-05T07:40:31Z,2026-09-05T09:30:00.000+02:00,A0025020420,A25,72.0,2650
2026-09-05T07:40:31Z,2026-09-05T09:30:00.000+02:00,A0025021510,A25,98.0,870
2026-09-05T07:40:31Z,2026-09-05T09:30:00.000+02:00,N0227010100,N227,67.0,1180
2026-09-05T07:40:31Z,2026-09-05T09:30:00.000+02:00,A0025011720,A25,98.0,2420
2026-09-05T07:40:31Z,2026-09-05T09:30:00.000+02:00,A0025021760,A25,90.0,2590
2026-09-05T07:40:31Z,2026-09-05T09:30:00.000+02:00,A0025011730,A25,88.0,2320
2026-09-05T07:40:31Z,2026-09-05T09:30:00.000+02:00,A0025011735,A25,100.0,2360
2026-09-05T07:40:31Z,2026-09-05T09:30:00.000+02:00,A9025080700,A25 (bretelle),,520
2026-09-05T07:40:31Z,2026-09-05T09:30:00.000+02:00,A9022100930,A22 (rocade),76.0,130
2026-09-05T07:40:31Z,2026-09-05T09:30:00.000+02:00,N0356011220,N356,72.0,1480
2026-09-05T07:40:31Z,2026-09-05T09:30:00.000+02:00,A0025011740,A25,86.0,2390
2026-09-05T07:40:31Z,2026-09-05T09:30:00.000+02:00,A0025010410,A25,70.0,2170
2026-09-05T07:40:31Z,2026-09-05T09:30:00.000+02:00,A0023010200,A23,94.0,640
2026-09-05T07:40:31Z,2026-09-05T09:30:00.000+02:00,A9001210120,A1 (bretelle),78.0,370
2026-09-05T07:40:31Z,2026-09-05T09:30:00.000+02:00,A0025020210,A25,73.0,3180
2026-09-05T07:40:31Z,2026-09-05T09:30:00.000+02:00,N0356011210,N356,72.0,1480
2026-09-05T07:40:31Z,2026-09-05T09:30:00.000+02:00,A0025011510,A25,86.0,1670
2026-09-05T07:40:31Z,2026-09-05T09:30:00.000+02:00,A0025020220,A25,73.0,3180
2026-09-05T07:40:31Z,2026-09-05T09:30:00.000+02:00,N0227010302,N227,75.0,2070
2026-09-05T07:40:31Z,2026-09-05T09:30:00.000+02:00,N0041010500,N41,102.0,1030
2026-09-05T07:40:31Z,2026-09-05T09:30:00.000+02:00,N0227020101,N227,87.0,1900
2026-09-05T07:40:31Z,2026-09-05T09:30:00.000+02:00,A9022100110,A22 (rocade),68.0,540
2026-09-05T07:40:31Z,2026-09-05T09:30:00.000+02:00,A0022010400,A22,74.0,1930
2026-09-05T07:40:31Z,2026-09-05T09:30:00.000+02:00,N0356010302,N356,76.0,3550
2026-09-05T07:40:31Z,2026-09-05T09:30:00.000+02:00,A0025010800,A25,74.0,1770
2026-09-05T07:40:31Z,2026-09-05T09:30:00.000+02:00,A0027020621,A27,100.0,1330
2026-09-05T07:40:31Z,2026-09-05T09:30:00.000+02:00,N0041010700,N41,96.0,550
2026-09-05T07:40:31Z,2026-09-05T09:30:00.000+02:00,A0027020630,A27,103.0,1330
2026-09-05T07:40:31Z,2026-09-05T09:30:00.000+02:00,A0022021512,A22,77.0,1860
2026-09-05T07:40:31Z,2026-09-05T09:30:00.000+02:00,A0022021511,A22,76.0,1810
2026-09-05T07:40:31Z,2026-09-05T09:30:00.000+02:00,A0027020610,A27,100.0,1330
2026-09-05T07:40:31Z,2026-09-05T09:30:00.000+02:00,A0025021720,A25,99.0,2750
2026-09-05T07:40:31Z,2026-09-05T09:30:00.000+02:00,A0022021520,A22,77.0,1860
2026-09-05T07:40:31Z,2026-09-05T09:30:00.000+02:00,A0025022140,A25,116.0,2150
2026-09-05T07:40:31Z,2026-09-05T09:30:00.000+02:00,A0022011302,A22,75.0,1230
2026-09-05T07:40:31Z,2026-09-05T09:30:00.000+02:00,A0025022160,A25,110.0,2290
2026-09-05T07:40:31Z,2026-09-05T09:30:00.000+02:00,A9025060104,A25 (bretelle),72.0,1750
2026-09-05T07:40:31Z,2026-09-05T09:30:00.000+02:00,A0027010201,A27,91.0,820
2026-09-05T07:40:31Z,2026-09-05T09:30:00.000+02:00,A0027010202,A27,87.0,430
2026-09-05T07:40:31Z,2026-09-05T09:30:00.000+02:00,N9227110110,N227 (bretelle),75.0,930
2026-09-05T07:40:31Z,2026-09-05T09:30:00.000+02:00,A0025012130,A25,98.0,1050
2026-09-05T07:40:31Z,2026-09-05T09:30:00.000+02:00,A0027010210,A27,87.0,430
2026-09-05T07:40:31Z,2026-09-05T09:30:00.000+02:00,A0025011050,A25,87.0,1130
2026-09-05T07:40:31Z,2026-09-05T09:30:00.000+02:00,A0025012140,A25,98.0,1030
2026-09-05T07:40:31Z,2026-09-05T09:30:00.000+02:00,A0027010421,A27,98.0,860
2026-09-05T07:40:31Z,2026-09-05T09:30:00.000+02:00,A0022012420,A22,93.0,1860
2026-09-05T07:40:31Z,2026-09-05T09:30:00.000+02:00,A0027010430,A27,102.0,860
2026-09-05T07:40:31Z,2026-09-05T09:30:00.000+02:00,A0023020710,A23,107.0,1560
2026-09-05T07:40:31Z,2026-09-05T09:30:00.000+02:00,A0022012430,A22,92.0,1800
2026-09-05T07:40:31Z,2026-09-05T09:30:00.000+02:00,A0025012160,A25,121.0,2040
2026-09-05T07:40:31Z,2026-09-05T09:30:00.000+02:00,A9022021200,A22 (rocade),64.0,400
2026-09-05T07:40:31Z,2026-09-05T09:30:00.000+02:00,A0001021100,A1,89.0,3250
2026-09-05T07:40:31Z,2026-09-05T09:30:00.000+02:00,A9022101000,A22 (rocade),59.0,510
2026-09-05T07:40:31Z,2026-09-05T09:30:00.000+02:00,A0025013020,A25,112.0,1790
2026-09-05T07:40:31Z,2026-09-05T09:30:00.000+02:00,A0027010410,A27,98.0,860
2026-09-05T07:40:31Z,2026-09-05T09:30:00.000+02:00,A0022012410,A22,92.0,1780
2026-09-05T07:40:31Z,2026-09-05T09:30:00.000+02:00,A0001A20112,A1,92.0,1420
2026-09-05T07:40:31Z,2026-09-05T09:30:00.000+02:00,A0001A20111,A1,85.0,1230
2026-09-05T07:40:31Z,2026-09-05T09:30:00.000+02:00,A0025010320,A25,74.0,1620
2026-09-05T07:40:31Z,2026-09-05T09:30:00.000+02:00,A0025022540,A25,114.0,1780
2026-09-05T07:40:31Z,2026-09-05T09:30:00.000+02:00,A0025022300,A25,115.0,1560
2026-09-05T07:40:31Z,2026-09-05T09:30:00.000+02:00,N0356021000,N356,72.0,2150
2026-09-05T07:40:31Z,2026-09-05T09:30:00.000+02:00,A22TC010102,A22 (contournement),87.0,1460
2026-09-05T07:40:31Z,2026-09-05T09:30:00.000+02:00,A0001011503,A1,86.0,4050
2026-09-05T07:40:31Z,2026-09-05T09:30:00.000+02:00,A0022012200,A22,80.0,1490
2026-09-05T07:40:31Z,2026-09-05T09:30:00.000+02:00,A22TC020102,A22 (contournement),84.0,1540
2026-09-05T07:40:31Z,2026-09-05T09:30:00.000+02:00,A22TC010300,A22 (contournement),84.0,1380
2026-09-05T07:40:31Z,2026-09-05T09:30:00.000+02:00,A0022012010,A22,78.0,1160
2026-09-05T07:40:31Z,2026-09-05T09:30:00.000+02:00,A0022012020,A22,78.0,1160
2026-09-05T07:40:31Z,2026-09-05T09:30:00.000+02:00,A0025022130,A25,131.0,2160
2026-09-05T07:40:31Z,2026-09-05T09:30:00.000+02:00,A0023010520,A23,117.0,840
2026-09-05T07:40:31Z,2026-09-05T09:30:00.000+02:00,N0041020800,N41,93.0,1260
2026-09-05T07:40:31Z,2026-09-05T09:30:00.000+02:00,A0025010500,A25,71.0,1570
2026-09-05T07:40:31Z,2026-09-05T09:30:00.000+02:00,A0022020901,A22,74.0,1900
2026-09-05T07:40:31Z,2026-09-05T09:30:00.000+02:00,A0022020902,A22,74.0,1810
2026-09-05T07:40:31Z,2026-09-05T09:30:00.000+02:00,A0025020310,A25,71.0,2350
2026-09-05T07:40:31Z,2026-09-05T09:30:00.000+02:00,A0022021810,A22,78.0,1940
2026-09-05T07:40:31Z,2026-09-05T09:30:00.000+02:00,N0356011100,N356,72.0,1490
2026-09-05T07:40:31Z,2026-09-05T09:30:00.000+02:00,A0022021820,A22,78.0,1940
2026-09-05T07:40:31Z,2026-09-05T09:30:00.000+02:00,N0356020802,N356,71.0,2220
2026-09-05T07:40:31Z,2026-09-05T09:30:00.000+02:00,A0025020102,A25,72.0,180
2026-09-05T07:40:31Z,2026-09-05T09:30:00.000+02:00,A0025010310,A25,73.0,1740
2026-09-05T07:40:31Z,2026-09-05T09:30:00.000+02:00,A0023010100,A23,83.0,40
2026-09-05T07:40:31Z,2026-09-05T09:30:00.000+02:00,A0025022530,A25,117.0,1690
2026-09-05T07:40:31Z,2026-09-05T09:30:00.000+02:00,A9001210200,A1 (bretelle),68.0,770
2026-09-05T07:40:31Z,2026-09-05T09:30:00.000+02:00,A0022010700,A22,78.0,1380
2026-09-05T07:40:31Z,2026-09-05T09:30:00.000+02:00,N0041020400,N41,92.0,1330
2026-09-05T07:40:31Z,2026-09-05T09:30:00.000+02:00,A0023020720,A23,116.0,1640
2026-09-05T07:40:31Z,2026-09-05T09:30:00.000+02:00,A0022020500,A22,74.0,1080
2026-09-05T07:40:31Z,2026-09-05T09:30:00.000+02:00,N93563b0150,N356 (bretelle),65.0,10
2026-09-05T07:40:31Z,2026-09-05T09:30:00.000+02:00,A0025020950,A25,91.0,2200
2026-09-05T07:40:31Z,2026-09-05T09:30:00.000+02:00,A0023020300,A23,85.0,840
2026-09-05T07:40:31Z,2026-09-05T09:30:00.000+02:00,A0001011000,A1,85.0,3280
2026-09-05T07:40:31Z,2026-09-05T09:30:00.000+02:00,A0027020500,A27,91.0,850
2026-09-05T07:40:31Z,2026-09-05T09:30:00.000+02:00,N0356011500,N356,67.0,1620
2026-09-05T07:40:31Z,2026-09-05T09:30:00.000+02:00,A0001010150,A1,104.0,3120
2026-09-05T07:40:31Z,2026-09-05T09:30:00.000+02:00,N0356020400,N356,67.0,1220
2026-09-05T07:40:31Z,2026-09-05T09:30:00.000+02:00,N0041020600,N41,100.0,960
2026-09-05T07:40:31Z,2026-09-05T09:30:00.000+02:00,A0025010700,A25,72.0,1110
2026-09-05T07:40:31Z,2026-09-05T09:30:00.000+02:00,A0002011230,A2,110.0,2140
2026-09-05T07:40:31Z,2026-09-05T09:30:00.000+02:00,A0025020500,A25,72.0,1980
2026-09-05T07:40:31Z,2026-09-05T09:30:00.000+02:00,A0002021290,A2,103.0,2430
2026-09-05T07:40:31Z,2026-09-05T09:30:00.000+02:00,A0022011600,A22,79.0,1000
2026-09-05T07:50:31Z,2026-09-05T09:42:00.000+02:00,A0001011200,A1,81.0,4080
2026-09-05T07:50:31Z,2026-09-05T09:42:00.000+02:00,A0027010102,A27,88.0,2570
2026-09-05T07:50:31Z,2026-09-05T09:42:00.000+02:00,N0041010100,N41,85.0,940
2026-09-05T07:50:31Z,2026-09-05T09:42:00.000+02:00,A0027010101,A27,88.0,2570
2026-09-05T07:50:31Z,2026-09-05T09:42:00.000+02:00,A0001020150,A1,106.0,2910
2026-09-05T07:50:31Z,2026-09-05T09:42:00.000+02:00,N0356011700,N356,73.0,1510
2026-09-05T07:50:31Z,2026-09-05T09:42:00.000+02:00,N0356021300,N356,67.0,2550
2026-09-05T07:50:31Z,2026-09-05T09:42:00.000+02:00,A0022011400,A22,74.0,550
2026-09-05T07:50:31Z,2026-09-05T09:42:00.000+02:00,A0027010300,A27,92.0,620
2026-09-05T07:50:31Z,2026-09-05T09:42:00.000+02:00,A9022020250,A22 (rocade),29.0,680
2026-09-05T07:50:31Z,2026-09-05T09:42:00.000+02:00,N0041010300,N41,89.0,2240
2026-09-05T07:50:31Z,2026-09-05T09:42:00.000+02:00,A0022011210,A22,76.0,530
2026-09-05T07:50:31Z,2026-09-05T09:42:00.000+02:00,A0027020100,A27,72.0,1080
2026-09-05T07:50:31Z,2026-09-05T09:42:00.000+02:00,A0001010300,A1,104.0,3590
2026-09-05T07:50:31Z,2026-09-05T09:42:00.000+02:00,A0022011220,A22,76.0,530
2026-09-05T07:50:31Z,2026-09-05T09:42:00.000+02:00,N0227021400,N227,68.0,40
2026-09-05T07:50:31Z,2026-09-05T09:42:00.000+02:00,A9022101110,A22 (rocade),78.0,710
2026-09-05T07:50:31Z,2026-09-05T09:42:00.000+02:00,A0022022110,A22,89.0,3040
2026-09-05T07:50:31Z,2026-09-05T09:42:00.000+02:00,N0356010800,N356,74.0,1870
2026-09-05T07:50:31Z,2026-09-05T09:42:00.000+02:00,A9001210710,A1 (bretelle),69.0,90
2026-09-05T07:50:31Z,2026-09-05T09:42:00.000+02:00,N0356021110,N356,73.0,2900
2026-09-05T07:50:31Z,2026-09-05T09:42:00.000+02:00,A0001010510,A1,104.0,3510
2026-09-05T07:50:31Z,2026-09-05T09:42:00.000+02:00,N0356021122,N356,65.0,2890
2026-09-05T07:50:31Z,2026-09-05T09:42:00.000+02:00,N0356021121,N356,73.0,2900
2026-09-05T07:50:31Z,2026-09-05T09:42:00.000+02:00,A0025010210,A25,74.0,3120
2026-09-05T07:50:31Z,2026-09-05T09:42:00.000+02:00,A0025011300,A25,85.0,1270
2026-09-05T07:50:31Z,2026-09-05T09:42:00.000+02:00,A0001020300,A1,108.0,2540
2026-09-05T07:50:31Z,2026-09-05T09:42:00.000+02:00,A0025021100,A25,92.0,1960
2026-09-05T07:50:31Z,2026-09-05T09:42:00.000+02:00,A0025023520,A25,114.0,1380
2026-09-05T07:50:31Z,2026-09-05T09:42:00.000+02:00,A0022022130,A22,74.0,2680
2026-09-05T07:50:31Z,2026-09-05T09:42:00.000+02:00,A0025010220,A25,74.0,3120
2026-09-05T07:50:31Z,2026-09-05T09:42:00.000+02:00,A0022022120,A22,91.0,3020
2026-09-05T07:50:31Z,2026-09-05T09:42:00.000+02:00,A0001010520,A1,101.0,3930
2026-09-05T07:50:31Z,2026-09-05T09:42:00.000+02:00,A0022011000,A22,84.0,1970
2026-09-05T07:50:31Z,2026-09-05T09:42:00.000+02:00,A0001020510,A1,106.0,2690
2026-09-05T07:50:31Z,2026-09-05T09:42:00.000+02:00,A0001021602,A1,85.0,3840
2026-09-05T07:50:31Z,2026-09-05T09:42:00.000+02:00,A22TC020222,A22 (contournement),84.0,2350
2026-09-05T07:50:31Z,2026-09-05T09:42:00.000+02:00,A0001010940,A1,96.0,4560
2026-09-05T07:50:31Z,2026-09-05T09:42:00.000+02:00,A0025023320,A25,116.0,1770
2026-09-05T07:50:31Z,2026-09-05T09:42:00.000+02:00,A0001020520,A1,100.0,2890
2026-09-05T07:50:31Z,2026-09-05T09:42:00.000+02:00,A0025023100,A25,114.0,1410
2026-09-05T07:50:31Z,2026-09-05T09:42:00.000+02:00,A22TC020230,A22 (contournement),84.0,2350
2026-09-05T07:50:31Z,2026-09-05T09:42:00.000+02:00,A0025021730,A25,90.0,2760
2026-09-05T07:50:31Z,2026-09-05T09:42:00.000+02:00,A0025023910,A25,117.0,1130
2026-09-05T07:50:31Z,2026-09-05T09:42:00.000+02:00,A0025021735,A25,104.0,2710
2026-09-05T07:50:31Z,2026-09-05T09:42:00.000+02:00,A0023010400,A23,109.0,830
2026-09-05T07:50:31Z,2026-09-05T09:42:00.000+02:00,A0022021900,A22,80.0,2520
2026-09-05T07:50:31Z,2026-09-05T09:42:00.000+02:00,A9022100500,A22 (rocade),79.0,940
2026-09-05T07:50:31Z,2026-09-05T09:42:00.000+02:00,A0001020940,A1,90.0,3170
2026-09-05T07:50:31Z,2026-09-05T09:42:00.000+02:00,A0001020700,A1,94.0,2200
2026-09-05T07:50:31Z,2026-09-05T09:42:00.000+02:00,A9022020830,A22 (rocade),86.0,260
2026-09-05T07:50:31Z,2026-09-05T09:42:00.000+02:00,A9022020822,A22 (rocade),84.0,1380
2026-09-05T07:50:31Z,2026-09-05T09:42:00.000+02:00,A9022020821,A22 (rocade),84.0,1380
2026-09-05T07:50:31Z,2026-09-05T09:42:00.000+02:00,A0025020420,A25,72.0,2920
2026-09-05T07:50:31Z,2026-09-05T09:42:00.000+02:00,A0025021510,A25,98.0,1070
2026-09-05T07:50:31Z,2026-09-05T09:42:00.000+02:00,N0227010100,N227,65.0,1050
2026-09-05T07:50:31Z,2026-09-05T09:42:00.000+02:00,A0025011720,A25,100.0,2210
2026-09-05T07:50:31Z,2026-09-05T09:42:00.000+02:00,A0025021760,A25,89.0,2620
2026-09-05T07:50:31Z,2026-09-05T09:42:00.000+02:00,A0025011730,A25,89.0,2020
2026-09-05T07:50:31Z,2026-09-05T09:42:00.000+02:00,A0025011735,A25,101.0,2120
2026-09-05T07:50:31Z,2026-09-05T09:42:00.000+02:00,A9025080700,A25 (bretelle),,550
2026-09-05T07:50:31Z,2026-09-05T09:42:00.000+02:00,A9022100930,A22 (rocade),71.0,180
2026-09-05T07:50:31Z,2026-09-05T09:42:00.000+02:00,N0356011220,N356,73.0,1730
2026-09-05T07:50:31Z,2026-09-05T09:42:00.000+02:00,A0025011740,A25,87.0,2140
2026-09-05T07:50:31Z,2026-09-05T09:42:00.000+02:00,A0025010410,A25,70.0,2550
2026-09-05T07:50:31Z,2026-09-05T09:42:00.000+02:00,A0023010200,A23,84.0,810
2026-09-05T07:50:31Z,2026-09-05T09:42:00.000+02:00,A9001210120,A1 (bretelle),74.0,600
2026-09-05T07:50:31Z,2026-09-05T09:42:00.000+02:00,A0025020210,A25,74.0,3440
2026-09-05T07:50:31Z,2026-09-05T09:42:00.000+02:00,N0356011210,N356,73.0,1730
2026-09-05T07:50:31Z,2026-09-05T09:42:00.000+02:00,A0025011510,A25,88.0,1550
2026-09-05T07:50:31Z,2026-09-05T09:42:00.000+02:00,A0025020220,A25,74.0,3440
2026-09-05T07:50:31Z,2026-09-05T09:42:00.000+02:00,N0227010302,N227,75.0,2140
2026-09-05T07:50:31Z,2026-09-05T09:42:00.000+02:00,N0041010500,N41,99.0,1590
2026-09-05T07:50:31Z,2026-09-05T09:42:00.000+02:00,N0227020101,N227,80.0,2300
2026-09-05T07:50:31Z,2026-09-05T09:42:00.000+02:00,A9022100110,A22 (rocade),66.0,550
2026-09-05T07:50:31Z,2026-09-05T09:42:00.000+02:00,A0022010400,A22,72.0,2190
2026-09-05T07:50:31Z,2026-09-05T09:42:00.000+02:00,N0356010302,N356,75.0,4170
2026-09-05T07:50:31Z,2026-09-05T09:42:00.000+02:00,A0025010800,A25,72.0,2030
2026-09-05T07:50:31Z,2026-09-05T09:42:00.000+02:00,A0027020621,A27,102.0,1310
2026-09-05T07:50:31Z,2026-09-05T09:42:00.000+02:00,N0041010700,N41,102.0,820
2026-09-05T07:50:31Z,2026-09-05T09:42:00.000+02:00,A0027020630,A27,104.0,1340
2026-09-05T07:50:31Z,2026-09-05T09:42:00.000+02:00,A0022021512,A22,78.0,2140
2026-09-05T07:50:31Z,2026-09-05T09:42:00.000+02:00,A0022021511,A22,80.0,2110
2026-09-05T07:50:31Z,2026-09-05T09:42:00.000+02:00,A0027020610,A27,102.0,1310
2026-09-05T07:50:31Z,2026-09-05T09:42:00.000+02:00,A0025021720,A25,101.0,2690
2026-09-05T07:50:31Z,2026-09-05T09:42:00.000+02:00,A0022021520,A22,78.0,2140
2026-09-05T07:50:31Z,2026-09-05T09:42:00.000+02:00,A0025022140,A25,112.0,2230
2026-09-05T07:50:31Z,2026-09-05T09:42:00.000+02:00,A0022011302,A22,72.0,1540
2026-09-05T07:50:31Z,2026-09-05T09:42:00.000+02:00,A0025022160,A25,110.0,2240
2026-09-05T07:50:31Z,2026-09-05T09:42:00.000+02:00,A9025060104,A25 (bretelle),70.0,1880
2026-09-05T07:50:31Z,2026-09-05T09:42:00.000+02:00,A0027010201,A27,90.0,1050
2026-09-05T07:50:31Z,2026-09-05T09:42:00.000+02:00,A0027010202,A27,68.0,720
2026-09-05T07:50:31Z,2026-09-05T09:42:00.000+02:00,N9227110110,N227 (bretelle),72.0,1220
2026-09-05T07:50:31Z,2026-09-05T09:42:00.000+02:00,A0025012130,A25,106.0,1000
2026-09-05T07:50:31Z,2026-09-05T09:42:00.000+02:00,A0027010210,A27,68.0,720
2026-09-05T07:50:31Z,2026-09-05T09:42:00.000+02:00,A0025011050,A25,86.0,1190
2026-09-05T07:50:31Z,2026-09-05T09:42:00.000+02:00,A0025012140,A25,106.0,1710
2026-09-05T07:50:31Z,2026-09-05T09:42:00.000+02:00,A0027010421,A27,98.0,910
2026-09-05T07:50:31Z,2026-09-05T09:42:00.000+02:00,A0022012420,A22,94.0,2150
2026-09-05T07:50:31Z,2026-09-05T09:42:00.000+02:00,A0027010430,A27,102.0,930
2026-09-05T07:50:31Z,2026-09-05T09:42:00.000+02:00,A0023020710,A23,107.0,2020
2026-09-05T07:50:31Z,2026-09-05T09:42:00.000+02:00,A0022012430,A22,93.0,2070
2026-09-05T07:50:31Z,2026-09-05T09:42:00.000+02:00,A0025012160,A25,124.0,1760
2026-09-05T07:50:31Z,2026-09-05T09:42:00.000+02:00,A9022021200,A22 (rocade),50.0,610
2026-09-05T07:50:31Z,2026-09-05T09:42:00.000+02:00,A0001021100,A1,88.0,2890
2026-09-05T07:50:31Z,2026-09-05T09:42:00.000+02:00,A9022101000,A22 (rocade),81.0,540
2026-09-05T07:50:31Z,2026-09-05T09:42:00.000+02:00,A0025013020,A25,110.0,1730
2026-09-05T07:50:31Z,2026-09-05T09:42:00.000+02:00,A0027010410,A27,98.0,910
2026-09-05T07:50:31Z,2026-09-05T09:42:00.000+02:00,A0022012410,A22,95.0,2160
2026-09-05T07:50:31Z,2026-09-05T09:42:00.000+02:00,A0001A20112,A1,90.0,2040
2026-09-05T07:50:31Z,2026-09-05T09:42:00.000+02:00,A0001A20111,A1,85.0,1130
2026-09-05T07:50:31Z,2026-09-05T09:42:00.000+02:00,A0025010320,A25,73.0,1250
2026-09-05T07:50:31Z,2026-09-05T09:42:00.000+02:00,A0025022540,A25,112.0,2050
2026-09-05T07:50:31Z,2026-09-05T09:42:00.000+02:00,A0025022300,A25,114.0,1550
2026-09-05T07:50:31Z,2026-09-05T09:42:00.000+02:00,N0356021000,N356,73.0,2470
2026-09-05T07:50:31Z,2026-09-05T09:42:00.000+02:00,A22TC010102,A22 (contournement),84.0,1600
2026-09-05T07:50:31Z,2026-09-05T09:42:00.000+02:00,A0001011503,A1,86.0,4920
2026-09-05T07:50:31Z,2026-09-05T09:42:00.000+02:00,A0022012200,A22,80.0,1920
2026-09-05T07:50:31Z,2026-09-05T09:42:00.000+02:00,A22TC020102,A22 (contournement),85.0,2100
2026-09-05T07:50:31Z,2026-09-05T09:42:00.000+02:00,A22TC010300,A22 (contournement),82.0,1850
2026-09-05T07:50:31Z,2026-09-05T09:42:00.000+02:00,A0022012010,A22,79.0,1310
2026-09-05T07:50:31Z,2026-09-05T09:42:00.000+02:00,A0022012020,A22,79.0,1310
2026-09-05T07:50:31Z,2026-09-05T09:42:00.000+02:00,A0025022130,A25,128.0,2260
2026-09-05T07:50:31Z,2026-09-05T09:42:00.000+02:00,A0023010520,A23,114.0,860
2026-09-05T07:50:31Z,2026-09-05T09:42:00.000+02:00,N0041020800,N41,94.0,1380
2026-09-05T07:50:31Z,2026-09-05T09:42:00.000+02:00,A0025010500,A25,68.0,1940
2026-09-05T07:50:31Z,2026-09-05T09:42:00.000+02:00,A0022020901,A22,81.0,1960
2026-09-05T07:50:31Z,2026-09-05T09:42:00.000+02:00,A0022020902,A22,81.0,1770
2026-09-05T07:50:31Z,2026-09-05T09:42:00.000+02:00,A0025020310,A25,71.0,2470
2026-09-05T07:50:31Z,2026-09-05T09:42:00.000+02:00,A0022021810,A22,79.0,2300
2026-09-05T07:50:31Z,2026-09-05T09:42:00.000+02:00,N0356011100,N356,72.0,1630
2026-09-05T07:50:31Z,2026-09-05T09:42:00.000+02:00,A0022021820,A22,79.0,2300
2026-09-05T07:50:31Z,2026-09-05T09:42:00.000+02:00,N0356020802,N356,70.0,2730
2026-09-05T07:50:31Z,2026-09-05T09:42:00.000+02:00,A0025020102,A25,66.0,180
2026-09-05T07:50:31Z,2026-09-05T09:42:00.000+02:00,A0025010310,A25,74.0,2340
2026-09-05T07:50:31Z,2026-09-05T09:42:00.000+02:00,A0023010100,A23,82.0,40
2026-09-05T07:50:31Z,2026-09-05T09:42:00.000+02:00,A0025022530,A25,115.0,1980
2026-09-05T07:50:31Z,2026-09-05T09:42:00.000+02:00,A9001210200,A1 (bretelle),68.0,900
2026-09-05T07:50:31Z,2026-09-05T09:42:00.000+02:00,A0022010700,A22,76.0,1840
2026-09-05T07:50:31Z,2026-09-05T09:42:00.000+02:00,N0041020400,N41,89.0,1510
2026-09-05T07:50:31Z,2026-09-05T09:42:00.000+02:00,A0023020720,A23,117.0,2060
2026-09-05T07:50:31Z,2026-09-05T09:42:00.000+02:00,A0022020500,A22,81.0,1140
2026-09-05T07:50:31Z,2026-09-05T09:42:00.000+02:00,N93563b0150,N356 (bretelle),73.0,30
2026-09-05T07:50:31Z,2026-09-05T09:42:00.000+02:00,A0025020950,A25,86.0,2760
2026-09-05T07:50:31Z,2026-09-05T09:42:00.000+02:00,A0023020300,A23,93.0,1060
2026-09-05T07:50:31Z,2026-09-05T09:42:00.000+02:00,A0001011000,A1,85.0,3890
2026-09-05T07:50:31Z,2026-09-05T09:42:00.000+02:00,A0027020500,A27,91.0,780
2026-09-05T07:50:31Z,2026-09-05T09:42:00.000+02:00,N0356011500,N356,77.0,1740
2026-09-05T07:50:31Z,2026-09-05T09:42:00.000+02:00,A0001010150,A1,107.0,3770
2026-09-05T07:50:31Z,2026-09-05T09:42:00.000+02:00,N0356020400,N356,63.0,1100
2026-09-05T07:50:31Z,2026-09-05T09:42:00.000+02:00,N0041020600,N41,98.0,1170
2026-09-05T07:50:31Z,2026-09-05T09:42:00.000+02:00,A0025010700,A25,68.0,1360
2026-09-05T07:50:31Z,2026-09-05T09:42:00.000+02:00,A0002011230,A2,107.0,2410
2026-09-05T07:50:31Z,2026-09-05T09:42:00.000+02:00,A0025020500,A25,71.0,2310
2026-09-05T07:50:31Z,2026-09-05T09:42:00.000+02:00,A0002021290,A2,103.0,2740
2026-09-05T07:50:31Z,2026-09-05T09:42:00.000+02:00,A0022011600,A22,80.0,1140
2026-09-05T08:00:38Z,2026-09-05T09:54:00.000+02:00,A0001011200,A1,79.0,3680
2026-09-05T08:00:38Z,2026-09-05T09:54:00.000+02:00,A0027010102,A27,88.0,2780
2026-09-05T08:00:38Z,2026-09-05T09:54:00.000+02:00,N0041010100,N41,85.0,750
2026-09-05T08:00:38Z,2026-09-05T09:54:00.000+02:00,A0027010101,A27,88.0,2780
2026-09-05T08:00:38Z,2026-09-05T09:54:00.000+02:00,A0001020150,A1,109.0,2850
2026-09-05T08:00:38Z,2026-09-05T09:54:00.000+02:00,N0356011700,N356,74.0,1870
2026-09-05T08:00:38Z,2026-09-05T09:54:00.000+02:00,N9227110200,N227 (bretelle),77.0,30
2026-09-05T08:00:38Z,2026-09-05T09:54:00.000+02:00,N0356021300,N356,67.0,2760
2026-09-05T08:00:38Z,2026-09-05T09:54:00.000+02:00,A0022011400,A22,75.0,510
2026-09-05T08:00:38Z,2026-09-05T09:54:00.000+02:00,A0027010300,A27,90.0,640
2026-09-05T08:00:38Z,2026-09-05T09:54:00.000+02:00,A9022020250,A22 (rocade),46.0,930
2026-09-05T08:00:38Z,2026-09-05T09:54:00.000+02:00,N0041010300,N41,88.0,2200
2026-09-05T08:00:38Z,2026-09-05T09:54:00.000+02:00,A0022011210,A22,79.0,610
2026-09-05T08:00:38Z,2026-09-05T09:54:00.000+02:00,A0027020100,A27,73.0,960
2026-09-05T08:00:38Z,2026-09-05T09:54:00.000+02:00,A0001010300,A1,102.0,3970
2026-09-05T08:00:38Z,2026-09-05T09:54:00.000+02:00,A0022011220,A22,79.0,610
2026-09-05T08:00:38Z,2026-09-05T09:54:00.000+02:00,N0227021400,N227,49.0,60
2026-09-05T08:00:38Z,2026-09-05T09:54:00.000+02:00,A9022101110,A22 (rocade),80.0,780
2026-09-05T08:00:38Z,2026-09-05T09:54:00.000+02:00,A0022022110,A22,86.0,3470
2026-09-05T08:00:38Z,2026-09-05T09:54:00.000+02:00,N0356010800,N356,73.0,2050
2026-09-05T08:00:38Z,2026-09-05T09:54:00.000+02:00,A9001210710,A1 (bretelle),67.0,110
2026-09-05T08:00:38Z,2026-09-05T09:54:00.000+02:00,N0356021110,N356,72.0,2940
2026-09-05T08:00:38Z,2026-09-05T09:54:00.000+02:00,A0001010510,A1,102.0,3710
2026-09-05T08:00:38Z,2026-09-05T09:54:00.000+02:00,N0356021122,N356,66.0,2950
2026-09-05T08:00:38Z,2026-09-05T09:54:00.000+02:00,N0356021121,N356,72.0,2940
2026-09-05T08:00:38Z,2026-09-05T09:54:00.000+02:00,A0025010210,A25,73.0,3680
2026-09-05T08:00:38Z,2026-09-05T09:54:00.000+02:00,A0025011300,A25,86.0,1080
2026-09-05T08:00:38Z,2026-09-05T09:54:00.000+02:00,A0001020300,A1,109.0,2850
2026-09-05T08:00:38Z,2026-09-05T09:54:00.000+02:00,A0025021100,A25,89.0,1690
2026-09-05T08:00:38Z,2026-09-05T09:54:00.000+02:00,A0025023520,A25,115.0,1120
2026-09-05T08:00:38Z,2026-09-05T09:54:00.000+02:00,A0022022130,A22,75.0,3240
2026-09-05T08:00:38Z,2026-09-05T09:54:00.000+02:00,A0025010220,A25,73.0,3680
2026-09-05T08:00:38Z,2026-09-05T09:54:00.000+02:00,A0022022120,A22,90.0,3470
2026-09-05T08:00:38Z,2026-09-05T09:54:00.000+02:00,A0001010520,A1,96.0,4290
2026-09-05T08:00:38Z,2026-09-05T09:54:00.000+02:00,A0022011000,A22,80.0,2160
2026-09-05T08:00:38Z,2026-09-05T09:54:00.000+02:00,A0001020510,A1,106.0,3030
2026-09-05T08:00:38Z,2026-09-05T09:54:00.000+02:00,A0001021602,A1,86.0,3760
2026-09-05T08:00:38Z,2026-09-05T09:54:00.000+02:00,A22TC020222,A22 (contournement),84.0,2420
2026-09-05T08:00:38Z,2026-09-05T09:54:00.000+02:00,A0001010940,A1,98.0,4000
2026-09-05T08:00:38Z,2026-09-05T09:54:00.000+02:00,A0025023320,A25,117.0,1790
2026-09-05T08:00:38Z,2026-09-05T09:54:00.000+02:00,A0001020520,A1,99.0,3040
2026-09-05T08:00:38Z,2026-09-05T09:54:00.000+02:00,A0025023100,A25,113.0,1530
2026-09-05T08:00:38Z,2026-09-05T09:54:00.000+02:00,A22TC020230,A22 (contournement),84.0,2420
2026-09-05T08:00:38Z,2026-09-05T09:54:00.000+02:00,A0025021730,A25,90.0,2520
2026-09-05T08:00:38Z,2026-09-05T09:54:00.000+02:00,A0025023910,A25,117.0,1160
2026-09-05T08:00:38Z,2026-09-05T09:54:00.000+02:00,A0025021735,A25,103.0,2460
2026-09-05T08:00:38Z,2026-09-05T09:54:00.000+02:00,A0023010400,A23,112.0,810
2026-09-05T08:00:38Z,2026-09-05T09:54:00.000+02:00,A0022021900,A22,79.0,2680
2026-09-05T08:00:38Z,2026-09-05T09:54:00.000+02:00,A9022100500,A22 (rocade),79.0,1100
2026-09-05T08:00:38Z,2026-09-05T09:54:00.000+02:00,A0001020940,A1,89.0,3320
2026-09-05T08:00:38Z,2026-09-05T09:54:00.000+02:00,A0001020700,A1,91.0,2480
2026-09-05T08:00:38Z,2026-09-05T09:54:00.000+02:00,A9022020830,A22 (rocade),86.0,320
2026-09-05T08:00:38Z,2026-09-05T09:54:00.000+02:00,A9022020822,A22 (rocade),73.0,1340
2026-09-05T08:00:38Z,2026-09-05T09:54:00.000+02:00,A9022020821,A22 (rocade),73.0,1340
2026-09-05T08:00:38Z,2026-09-05T09:54:00.000+02:00,A0025020420,A25,73.0,2880
2026-09-05T08:00:38Z,2026-09-05T09:54:00.000+02:00,A0025021510,A25,96.0,960
2026-09-05T08:00:38Z,2026-09-05T09:54:00.000+02:00,N0227010100,N227,67.0,1140
2026-09-05T08:00:38Z,2026-09-05T09:54:00.000+02:00,A0025011720,A25,101.0,1990
2026-09-05T08:00:38Z,2026-09-05T09:54:00.000+02:00,A0025021760,A25,88.0,2550
2026-09-05T08:00:38Z,2026-09-05T09:54:00.000+02:00,A0025011730,A25,90.0,2070
2026-09-05T08:00:38Z,2026-09-05T09:54:00.000+02:00,A0025011735,A25,102.0,2200
2026-09-05T08:00:38Z,2026-09-05T09:54:00.000+02:00,A9025080700,A25 (bretelle),,590
2026-09-05T08:00:38Z,2026-09-05T09:54:00.000+02:00,A9022100930,A22 (rocade),76.0,140
2026-09-05T08:00:38Z,2026-09-05T09:54:00.000+02:00,N0356011220,N356,72.0,2070
2026-09-05T08:00:38Z,2026-09-05T09:54:00.000+02:00,A0025011740,A25,87.0,2190
2026-09-05T08:00:38Z,2026-09-05T09:54:00.000+02:00,A0025010410,A25,70.0,2740
2026-09-05T08:00:38Z,2026-09-05T09:54:00.000+02:00,A0023010200,A23,92.0,750
2026-09-05T08:00:38Z,2026-09-05T09:54:00.000+02:00,A9001210120,A1 (bretelle),77.0,490
2026-09-05T08:00:38Z,2026-09-05T09:54:00.000+02:00,A0025020210,A25,74.0,3560
2026-09-05T08:00:38Z,2026-09-05T09:54:00.000+02:00,N0356011210,N356,72.0,2070
2026-09-05T08:00:38Z,2026-09-05T09:54:00.000+02:00,A0025011510,A25,88.0,1470
2026-09-05T08:00:38Z,2026-09-05T09:54:00.000+02:00,A0025020220,A25,74.0,3560
2026-09-05T08:00:38Z,2026-09-05T09:54:00.000+02:00,N0227010302,N227,75.0,2350
2026-09-05T08:00:38Z,2026-09-05T09:54:00.000+02:00,N0041010500,N41,105.0,1760
2026-09-05T08:00:38Z,2026-09-05T09:54:00.000+02:00,N0227020101,N227,78.0,2240
2026-09-05T08:00:38Z,2026-09-05T09:54:00.000+02:00,A9022100110,A22 (rocade),68.0,700
2026-09-05T08:00:38Z,2026-09-05T09:54:00.000+02:00,A0022010400,A22,71.0,2780
2026-09-05T08:00:38Z,2026-09-05T09:54:00.000+02:00,N0356010302,N356,76.0,4310
2026-09-05T08:00:38Z,2026-09-05T09:54:00.000+02:00,A0025010800,A25,70.0,1960
2026-09-05T08:00:38Z,2026-09-05T09:54:00.000+02:00,A0027020621,A27,101.0,1450
2026-09-05T08:00:38Z,2026-09-05T09:54:00.000+02:00,N0041010700,N41,101.0,850
2026-09-05T08:00:38Z,2026-09-05T09:54:00.000+02:00,A0027020630,A27,103.0,1550
2026-09-05T08:00:38Z,2026-09-05T09:54:00.000+02:00,A0022021512,A22,79.0,2430
2026-09-05T08:00:38Z,2026-09-05T09:54:00.000+02:00,A0022021511,A22,80.0,2450
2026-09-05T08:00:38Z,2026-09-05T09:54:00.000+02:00,A0027020610,A27,101.0,1450
2026-09-05T08:00:38Z,2026-09-05T09:54:00.000+02:00,A0025021720,A25,99.0,2790
2026-09-05T08:00:38Z,2026-09-05T09:54:00.000+02:00,A0022021520,A22,79.0,2430
2026-09-05T08:00:38Z,2026-09-05T09:54:00.000+02:00,A0025022140,A25,111.0,2450
2026-09-05T08:00:38Z,2026-09-05T09:54:00.000+02:00,A0022011302,A22,74.0,1690
2026-09-05T08:00:38Z,2026-09-05T09:54:00.000+02:00,A0025022160,A25,105.0,2450
2026-09-05T08:00:38Z,2026-09-05T09:54:00.000+02:00,A9025060104,A25 (bretelle),72.0,2060
2026-09-05T08:00:38Z,2026-09-05T09:54:00.000+02:00,A0027010201,A27,91.0,1000
2026-09-05T08:00:38Z,2026-09-05T09:54:00.000+02:00,A0027010202,A27,81.0,650
2026-09-05T08:00:38Z,2026-09-05T09:54:00.000+02:00,N9227110110,N227 (bretelle),72.0,1480
2026-09-05T08:00:38Z,2026-09-05T09:54:00.000+02:00,A0025012130,A25,99.0,1090
2026-09-05T08:00:38Z,2026-09-05T09:54:00.000+02:00,A0027010210,A27,81.0,650
2026-09-05T08:00:38Z,2026-09-05T09:54:00.000+02:00,A0025011050,A25,94.0,1130
2026-09-05T08:00:38Z,2026-09-05T09:54:00.000+02:00,A0025012140,A25,99.0,2100
2026-09-05T08:00:38Z,2026-09-05T09:54:00.000+02:00,A0027010421,A27,98.0,910
2026-09-05T08:00:38Z,2026-09-05T09:54:00.000+02:00,A0022012420,A22,93.0,2600
2026-09-05T08:00:38Z,2026-09-05T09:54:00.000+02:00,A0027010430,A27,102.0,940
2026-09-05T08:00:38Z,2026-09-05T09:54:00.000+02:00,A0023020710,A23,109.0,1920
2026-09-05T08:00:38Z,2026-09-05T09:54:00.000+02:00,A0022012430,A22,90.0,2530
2026-09-05T08:00:38Z,2026-09-05T09:54:00.000+02:00,A0025012160,A25,121.0,2130
2026-09-05T08:00:38Z,2026-09-05T09:54:00.000+02:00,A9022021200,A22 (rocade),54.0,340
2026-09-05T08:00:38Z,2026-09-05T09:54:00.000+02:00,A0001021100,A1,87.0,2800
2026-09-05T08:00:38Z,2026-09-05T09:54:00.000+02:00,A9022101000,A22 (rocade),71.0,670
2026-09-05T08:00:38Z,2026-09-05T09:54:00.000+02:00,A0025013020,A25,113.0,2010
2026-09-05T08:00:38Z,2026-09-05T09:54:00.000+02:00,A0027010410,A27,98.0,910
2026-09-05T08:00:38Z,2026-09-05T09:54:00.000+02:00,A0022012410,A22,93.0,2590
2026-09-05T08:00:38Z,2026-09-05T09:54:00.000+02:00,A0001A20112,A1,89.0,2020
2026-09-05T08:00:38Z,2026-09-05T09:54:00.000+02:00,A0001A20111,A1,85.0,1040
2026-09-05T08:00:38Z,2026-09-05T09:54:00.000+02:00,A0025010320,A25,73.0,2310
2026-09-05T08:00:38Z,2026-09-05T09:54:00.000+02:00,A0025022540,A25,112.0,2030
2026-09-05T08:00:38Z,2026-09-05T09:54:00.000+02:00,A0025022300,A25,113.0,1680
2026-09-05T08:00:38Z,2026-09-05T09:54:00.000+02:00,N0356021000,N356,72.0,2580
2026-09-05T08:00:38Z,2026-09-05T09:54:00.000+02:00,A22TC010102,A22 (contournement),87.0,1550
2026-09-05T08:00:38Z,2026-09-05T09:54:00.000+02:00,A0001011503,A1,86.0,5110
2026-09-05T08:00:38Z,2026-09-05T09:54:00.000+02:00,A0022012200,A22,78.0,2310
2026-09-05T08:00:38Z,2026-09-05T09:54:00.000+02:00,A22TC020102,A22 (contournement),84.0,2010
2026-09-05T08:00:38Z,2026-09-05T09:54:00.000+02:00,A22TC010300,A22 (contournement),80.0,1640
2026-09-05T08:00:38Z,2026-09-05T09:54:00.000+02:00,A0022012010,A22,79.0,1460
2026-09-05T08:00:38Z,2026-09-05T09:54:00.000+02:00,A0022012020,A22,79.0,1460
2026-09-05T08:00:38Z,2026-09-05T09:54:00.000+02:00,A0025022130,A25,123.0,2340
2026-09-05T08:00:38Z,2026-09-05T09:54:00.000+02:00,A0023010520,A23,117.0,870
2026-09-05T08:00:38Z,2026-09-05T09:54:00.000+02:00,N0041020800,N41,96.0,1230
2026-09-05T08:00:38Z,2026-09-05T09:54:00.000+02:00,A0025010500,A25,70.0,2140
2026-09-05T08:00:38Z,2026-09-05T09:54:00.000+02:00,A0022020901,A22,83.0,2480
2026-09-05T08:00:38Z,2026-09-05T09:54:00.000+02:00,A0022020902,A22,83.0,2340
2026-09-05T08:00:38Z,2026-09-05T09:54:00.000+02:00,A0025020310,A25,75.0,2480
2026-09-05T08:00:38Z,2026-09-05T09:54:00.000+02:00,A0022021810,A22,79.0,2380
2026-09-05T08:00:38Z,2026-09-05T09:54:00.000+02:00,N0356011100,N356,73.0,1800
2026-09-05T08:00:38Z,2026-09-05T09:54:00.000+02:00,A0022021820,A22,79.0,2380
2026-09-05T08:00:38Z,2026-09-05T09:54:00.000+02:00,N0356020802,N356,68.0,2840
2026-09-05T08:00:38Z,2026-09-05T09:54:00.000+02:00,A0025020102,A25,78.0,260
2026-09-05T08:00:38Z,2026-09-05T09:54:00.000+02:00,A0025010310,A25,72.0,2260
2026-09-05T08:00:38Z,2026-09-05T09:54:00.000+02:00,A0023010100,A23,85.0,60
2026-09-05T08:00:38Z,2026-09-05T09:54:00.000+02:00,A0025022530,A25,115.0,1920
2026-09-05T08:00:38Z,2026-09-05T09:54:00.000+02:00,A9001210200,A1 (bretelle),66.0,1000
2026-09-05T08:00:38Z,2026-09-05T09:54:00.000+02:00,A0022010700,A22,77.0,1890
2026-09-05T08:00:38Z,2026-09-05T09:54:00.000+02:00,N0041020400,N41,95.0,1290
2026-09-05T08:00:38Z,2026-09-05T09:54:00.000+02:00,A0023020720,A23,117.0,2070
2026-09-05T08:00:38Z,2026-09-05T09:54:00.000+02:00,A0022020500,A22,83.0,1130
2026-09-05T08:00:38Z,2026-09-05T09:54:00.000+02:00,N93563b0150,N356 (bretelle),73.0,50
2026-09-05T08:00:38Z,2026-09-05T09:54:00.000+02:00,A0025020950,A25,90.0,2490
2026-09-05T08:00:38Z,2026-09-05T09:54:00.000+02:00,A0023020300,A23,96.0,1020
2026-09-05T08:00:38Z,2026-09-05T09:54:00.000+02:00,A0001011000,A1,84.0,3500
2026-09-05T08:00:38Z,2026-09-05T09:54:00.000+02:00,A0027020500,A27,90.0,990
2026-09-05T08:00:38Z,2026-09-05T09:54:00.000+02:00,N0356011500,N356,69.0,1990
2026-09-05T08:00:38Z,2026-09-05T09:54:00.000+02:00,A0001010150,A1,102.0,4110
2026-09-05T08:00:38Z,2026-09-05T09:54:00.000+02:00,N0356020400,N356,65.0,1280
2026-09-05T08:00:38Z,2026-09-05T09:54:00.000+02:00,N0041020600,N41,104.0,820
2026-09-05T08:00:38Z,2026-09-05T09:54:00.000+02:00,A0025010700,A25,79.0,1260
2026-09-05T08:00:38Z,2026-09-05T09:54:00.000+02:00,A0002011230,A2,105.0,2500
2026-09-05T08:00:38Z,2026-09-05T09:54:00.000+02:00,A0025020500,A25,72.0,2080
2026-09-05T08:00:38Z,2026-09-05T09:54:00.000+02:00,A0002021290,A2,103.0,2750
2026-09-05T08:00:38Z,2026-09-05T09:54:00.000+02:00,A0022011600,A22,82.0,1300
2026-09-05T08:10:31Z,2026-09-05T10:00:00.000+02:00,A0001011200,A1,80.0,4000
2026-09-05T08:10:31Z,2026-09-05T10:00:00.000+02:00,A0027010102,A27,86.0,2530
2026-09-05T08:10:31Z,2026-09-05T10:00:00.000+02:00,N0041010100,N41,83.0,810
2026-09-05T08:10:31Z,2026-09-05T10:00:00.000+02:00,A0027010101,A27,86.0,2530
2026-09-05T08:10:31Z,2026-09-05T10:00:00.000+02:00,A0001020150,A1,109.0,2580
2026-09-05T08:10:31Z,2026-09-05T10:00:00.000+02:00,N0356011700,N356,70.0,1660
2026-09-05T08:10:31Z,2026-09-05T10:00:00.000+02:00,N9227110200,N227 (bretelle),69.0,10
2026-09-05T08:10:31Z,2026-09-05T10:00:00.000+02:00,N0356021300,N356,68.0,2800
2026-09-05T08:10:31Z,2026-09-05T10:00:00.000+02:00,A0022011400,A22,78.0,500
2026-09-05T08:10:31Z,2026-09-05T10:00:00.000+02:00,A0027010300,A27,89.0,660
2026-09-05T08:10:31Z,2026-09-05T10:00:00.000+02:00,A9022020250,A22 (rocade),48.0,930
2026-09-05T08:10:31Z,2026-09-05T10:00:00.000+02:00,N0041010300,N41,89.0,2010
2026-09-05T08:10:31Z,2026-09-05T10:00:00.000+02:00,A0022011210,A22,78.0,610
2026-09-05T08:10:31Z,2026-09-05T10:00:00.000+02:00,A0027020100,A27,72.0,990
2026-09-05T08:10:31Z,2026-09-05T10:00:00.000+02:00,A0001010300,A1,104.0,3470
2026-09-05T08:10:31Z,2026-09-05T10:00:00.000+02:00,A0022011220,A22,78.0,610
2026-09-05T08:10:31Z,2026-09-05T10:00:00.000+02:00,N0227021400,N227,59.0,60
2026-09-05T08:10:31Z,2026-09-05T10:00:00.000+02:00,A9022101110,A22 (rocade),76.0,670
2026-09-05T08:10:31Z,2026-09-05T10:00:00.000+02:00,A0022022110,A22,87.0,3230
2026-09-05T08:10:31Z,2026-09-05T10:00:00.000+02:00,N0356010800,N356,74.0,1950
2026-09-05T08:10:31Z,2026-09-05T10:00:00.000+02:00,A9001210710,A1 (bretelle),72.0,230
2026-09-05T08:10:31Z,2026-09-05T10:00:00.000+02:00,N0356021110,N356,72.0,2990
2026-09-05T08:10:31Z,2026-09-05T10:00:00.000+02:00,A0001010510,A1,104.0,2900
2026-09-05T08:10:31Z,2026-09-05T10:00:00.000+02:00,N0356021122,N356,66.0,2980
2026-09-05T08:10:31Z,2026-09-05T10:00:00.000+02:00,N0356021121,N356,72.0,2990
2026-09-05T08:10:31Z,2026-09-05T10:00:00.000+02:00,A0025010210,A25,71.0,3720
2026-09-05T08:10:31Z,2026-09-05T10:00:00.000+02:00,A0025011300,A25,87.0,1290
2026-09-05T08:10:31Z,2026-09-05T10:00:00.000+02:00,A0001020300,A1,110.0,2500
2026-09-05T08:10:31Z,2026-09-05T10:00:00.000+02:00,A0025021100,A25,91.0,1710
2026-09-05T08:10:31Z,2026-09-05T10:00:00.000+02:00,A0025023520,A25,114.0,1050
2026-09-05T08:10:31Z,2026-09-05T10:00:00.000+02:00,A0022022130,A22,66.0,2940
2026-09-05T08:10:31Z,2026-09-05T10:00:00.000+02:00,A0025010220,A25,71.0,3720
2026-09-05T08:10:31Z,2026-09-05T10:00:00.000+02:00,A0022022120,A22,89.0,3230
2026-09-05T08:10:31Z,2026-09-05T10:00:00.000+02:00,A0001010520,A1,99.0,3010
2026-09-05T08:10:31Z,2026-09-05T10:00:00.000+02:00,A0022011000,A22,76.0,2160
2026-09-05T08:10:31Z,2026-09-05T10:00:00.000+02:00,A0001020510,A1,107.0,2560
2026-09-05T08:10:31Z,2026-09-05T10:00:00.000+02:00,A0001021602,A1,85.0,3810
2026-09-05T08:10:31Z,2026-09-05T10:00:00.000+02:00,A22TC020222,A22 (contournement),86.0,2310
2026-09-05T08:10:31Z,2026-09-05T10:00:00.000+02:00,A0001010940,A1,94.0,4140
2026-09-05T08:10:31Z,2026-09-05T10:00:00.000+02:00,A0025023320,A25,114.0,1590
2026-09-05T08:10:31Z,2026-09-05T10:00:00.000+02:00,A0001020520,A1,99.0,2660
2026-09-05T08:10:31Z,2026-09-05T10:00:00.000+02:00,A0025023100,A25,110.0,1510
2026-09-05T08:10:31Z,2026-09-05T10:00:00.000+02:00,A22TC020230,A22 (contournement),86.0,2310
2026-09-05T08:10:31Z,2026-09-05T10:00:00.000+02:00,A0025021730,A25,87.0,3030
2026-09-05T08:10:31Z,2026-09-05T10:00:00.000+02:00,A0025023910,A25,117.0,1070
2026-09-05T08:10:31Z,2026-09-05T10:00:00.000+02:00,A0025021735,A25,99.0,3190
2026-09-05T08:10:31Z,2026-09-05T10:00:00.000+02:00,A0023010400,A23,107.0,860
2026-09-05T08:10:31Z,2026-09-05T10:00:00.000+02:00,A0022021900,A22,78.0,2720
2026-09-05T08:10:31Z,2026-09-05T10:00:00.000+02:00,A9022100500,A22 (rocade),79.0,1040
2026-09-05T08:10:31Z,2026-09-05T10:00:00.000+02:00,A0001020940,A1,89.0,3200
2026-09-05T08:10:31Z,2026-09-05T10:00:00.000+02:00,A0001020700,A1,92.0,2140
2026-09-05T08:10:31Z,2026-09-05T10:00:00.000+02:00,A9022020830,A22 (rocade),83.0,250
2026-09-05T08:10:31Z,2026-09-05T10:00:00.000+02:00,A9022020822,A22 (rocade),75.0,1390
2026-09-05T08:10:31Z,2026-09-05T10:00:00.000+02:00,A9022020821,A22 (rocade),75.0,1390
2026-09-05T08:10:31Z,2026-09-05T10:00:00.000+02:00,A0025020420,A25,72.0,2800
2026-09-05T08:10:31Z,2026-09-05T10:00:00.000+02:00,A0025021510,A25,97.0,860
2026-09-05T08:10:31Z,2026-09-05T10:00:00.000+02:00,N0227010100,N227,66.0,1100
2026-09-05T08:10:31Z,2026-09-05T10:00:00.000+02:00,A0025011720,A25,98.0,2430
2026-09-05T08:10:31Z,2026-09-05T10:00:00.000+02:00,A0025021760,A25,85.0,3040
2026-09-05T08:10:31Z,2026-09-05T10:00:00.000+02:00,A0025011730,A25,88.0,2410
2026-09-05T08:10:31Z,2026-09-05T10:00:00.000+02:00,A0025011735,A25,99.0,2280
2026-09-05T08:10:31Z,2026-09-05T10:00:00.000+02:00,A9025080700,A25 (bretelle),,530
2026-09-05T08:10:31Z,2026-09-05T10:00:00.000+02:00,A9022100930,A22 (rocade),75.0,140
2026-09-05T08:10:31Z,2026-09-05T10:00:00.000+02:00,N0356011220,N356,74.0,1690
2026-09-05T08:10:31Z,2026-09-05T10:00:00.000+02:00,A0025011740,A25,86.0,2300
2026-09-05T08:10:31Z,2026-09-05T10:00:00.000+02:00,A0025010410,A25,70.0,2750
2026-09-05T08:10:31Z,2026-09-05T10:00:00.000+02:00,A0023010200,A23,112.0,890
2026-09-05T08:10:31Z,2026-09-05T10:00:00.000+02:00,A9001210120,A1 (bretelle),78.0,450
2026-09-05T08:10:31Z,2026-09-05T10:00:00.000+02:00,A0025020210,A25,74.0,3100
2026-09-05T08:10:31Z,2026-09-05T10:00:00.000+02:00,N0356011210,N356,74.0,1690
2026-09-05T08:10:31Z,2026-09-05T10:00:00.000+02:00,A0025011510,A25,89.0,1610
2026-09-05T08:10:31Z,2026-09-05T10:00:00.000+02:00,A0025020220,A25,74.0,3100
2026-09-05T08:10:31Z,2026-09-05T10:00:00.000+02:00,N0227010302,N227,76.0,2210
2026-09-05T08:10:31Z,2026-09-05T10:00:00.000+02:00,N0041010500,N41,108.0,1520
2026-09-05T08:10:31Z,2026-09-05T10:00:00.000+02:00,N0227020101,N227,76.0,2100
2026-09-05T08:10:31Z,2026-09-05T10:00:00.000+02:00,A9022100110,A22 (rocade),67.0,770
2026-09-05T08:10:31Z,2026-09-05T10:00:00.000+02:00,A0022010400,A22,73.0,2380
2026-09-05T08:10:31Z,2026-09-05T10:00:00.000+02:00,N0356010302,N356,76.0,4160
2026-09-05T08:10:31Z,2026-09-05T10:00:00.000+02:00,A0025010800,A25,74.0,2020
2026-09-05T08:10:31Z,2026-09-05T10:00:00.000+02:00,A0027020621,A27,100.0,1650
2026-09-05T08:10:31Z,2026-09-05T10:00:00.000+02:00,N0041010700,N41,103.0,700
2026-09-05T08:10:31Z,2026-09-05T10:00:00.000+02:00,A0027020630,A27,103.0,1720
2026-09-05T08:10:31Z,2026-09-05T10:00:00.000+02:00,A0022021512,A22,76.0,2470
2026-09-05T08:10:31Z,2026-09-05T10:00:00.000+02:00,A0022021511,A22,77.0,2510
2026-09-05T08:10:31Z,2026-09-05T10:00:00.000+02:00,A0027020610,A27,100.0,1650
2026-09-05T08:10:31Z,2026-09-05T10:00:00.000+02:00,A0025021720,A25,98.0,2900
2026-09-05T08:10:31Z,2026-09-05T10:00:00.000+02:00,A0022021520,A22,76.0,2470
2026-09-05T08:10:31Z,2026-09-05T10:00:00.000+02:00,A0025022140,A25,114.0,2400
2026-09-05T08:10:31Z,2026-09-05T10:00:00.000+02:00,A0022011302,A22,74.0,1670
2026-09-05T08:10:31Z,2026-09-05T10:00:00.000+02:00,A0025022160,A25,108.0,2390
2026-09-05T08:10:31Z,2026-09-05T10:00:00.000+02:00,A9025060104,A25 (bretelle),72.0,2050
2026-09-05T08:10:31Z,2026-09-05T10:00:00.000+02:00,A0027010201,A27,90.0,1050
2026-09-05T08:10:31Z,2026-09-05T10:00:00.000+02:00,A0027010202,A27,61.0,610
2026-09-05T08:10:31Z,2026-09-05T10:00:00.000+02:00,N9227110110,N227 (bretelle),75.0,1180
2026-09-05T08:10:31Z,2026-09-05T10:00:00.000+02:00,A0025012130,A25,109.0,1020
2026-09-05T08:10:31Z,2026-09-05T10:00:00.000+02:00,A0027010210,A27,61.0,610
2026-09-05T08:10:31Z,2026-09-05T10:00:00.000+02:00,A0025011050,A25,94.0,1130
2026-09-05T08:10:31Z,2026-09-05T10:00:00.000+02:00,A0025012140,A25,109.0,1800
2026-09-05T08:10:31Z,2026-09-05T10:00:00.000+02:00,A0027010421,A27,95.0,930
2026-09-05T08:10:31Z,2026-09-05T10:00:00.000+02:00,A0022012420,A22,94.0,2190
2026-09-05T08:10:31Z,2026-09-05T10:00:00.000+02:00,A0027010430,A27,100.0,950
2026-09-05T08:10:31Z,2026-09-05T10:00:00.000+02:00,A0023020710,A23,108.0,1790
2026-09-05T08:10:31Z,2026-09-05T10:00:00.000+02:00,A0022012430,A22,92.0,2200
2026-09-05T08:10:31Z,2026-09-05T10:00:00.000+02:00,A0025012160,A25,128.0,1760
2026-09-05T08:10:31Z,2026-09-05T10:00:00.000+02:00,A9022021200,A22 (rocade),53.0,590
2026-09-05T08:10:31Z,2026-09-05T10:00:00.000+02:00,A0001021100,A1,89.0,2980
2026-09-05T08:10:31Z,2026-09-05T10:00:00.000+02:00,A9022101000,A22 (rocade),61.0,670
2026-09-05T08:10:31Z,2026-09-05T10:00:00.000+02:00,A0025013020,A25,112.0,1740
2026-09-05T08:10:31Z,2026-09-05T10:00:00.000+02:00,A0027010410,A27,95.0,930
2026-09-05T08:10:31Z,2026-09-05T10:00:00.000+02:00,A0022012410,A22,93.0,2230
2026-09-05T08:10:31Z,2026-09-05T10:00:00.000+02:00,A0001A20112,A1,90.0,1800
2026-09-05T08:10:31Z,2026-09-05T10:00:00.000+02:00,A0001A20111,A1,85.0,1200
2026-09-05T08:10:31Z,2026-09-05T10:00:00.000+02:00,A0025010320,A25,71.0,2150
2026-09-05T08:10:31Z,2026-09-05T10:00:00.000+02:00,A0025022540,A25,115.0,1820
2026-09-05T08:10:31Z,2026-09-05T10:00:00.000+02:00,A0025022300,A25,111.0,1640
2026-09-05T08:10:31Z,2026-09-05T10:00:00.000+02:00,N0356021000,N356,72.0,2590
2026-09-05T08:10:31Z,2026-09-05T10:00:00.000+02:00,A22TC010102,A22 (contournement),84.0,1570
2026-09-05T08:10:31Z,2026-09-05T10:00:00.000+02:00,A0001011503,A1,84.0,5240
2026-09-05T08:10:31Z,2026-09-05T10:00:00.000+02:00,A0022012200,A22,78.0,1880
2026-09-05T08:10:31Z,2026-09-05T10:00:00.000+02:00,A22TC020102,A22 (contournement),84.0,1930
2026-09-05T08:10:31Z,2026-09-05T10:00:00.000+02:00,A22TC010300,A22 (contournement),82.0,1560
2026-09-05T08:10:31Z,2026-09-05T10:00:00.000+02:00,A0022012010,A22,78.0,1220
2026-09-05T08:10:31Z,2026-09-05T10:00:00.000+02:00,A0022012020,A22,78.0,1220
2026-09-05T08:10:31Z,2026-09-05T10:00:00.000+02:00,A0025022130,A25,126.0,2480
2026-09-05T08:10:31Z,2026-09-05T10:00:00.000+02:00,A0023010520,A23,112.0,790
2026-09-05T08:10:31Z,2026-09-05T10:00:00.000+02:00,N0041020800,N41,99.0,1070
2026-09-05T08:10:31Z,2026-09-05T10:00:00.000+02:00,A0025010500,A25,70.0,1990
2026-09-05T08:10:31Z,2026-09-05T10:00:00.000+02:00,A0022020901,A22,78.0,2370
2026-09-05T08:10:31Z,2026-09-05T10:00:00.000+02:00,A0022020902,A22,78.0,2210
2026-09-05T08:10:31Z,2026-09-05T10:00:00.000+02:00,A0025020310,A25,74.0,2360
2026-09-05T08:10:31Z,2026-09-05T10:00:00.000+02:00,A0022021810,A22,76.0,2460
2026-09-05T08:10:31Z,2026-09-05T10:00:00.000+02:00,N0356011100,N356,74.0,1530
2026-09-05T08:10:31Z,2026-09-05T10:00:00.000+02:00,A0022021820,A22,76.0,2460
2026-09-05T08:10:31Z,2026-09-05T10:00:00.000+02:00,N0356020802,N356,69.0,2840
2026-09-05T08:10:31Z,2026-09-05T10:00:00.000+02:00,A0025020102,A25,72.0,140
2026-09-05T08:10:31Z,2026-09-05T10:00:00.000+02:00,A0025010310,A25,71.0,2080
2026-09-05T08:10:31Z,2026-09-05T10:00:00.000+02:00,A0023010100,A23,85.0,130
2026-09-05T08:10:31Z,2026-09-05T10:00:00.000+02:00,A0025022530,A25,117.0,1820
2026-09-05T08:10:31Z,2026-09-05T10:00:00.000+02:00,A9001210200,A1 (bretelle),67.0,810
2026-09-05T08:10:31Z,2026-09-05T10:00:00.000+02:00,A0022010700,A22,80.0,1790
2026-09-05T08:10:31Z,2026-09-05T10:00:00.000+02:00,N0041020400,N41,91.0,1430
2026-09-05T08:10:31Z,2026-09-05T10:00:00.000+02:00,A0023020720,A23,115.0,1720
2026-09-05T08:10:31Z,2026-09-05T10:00:00.000+02:00,A0022020500,A22,78.0,1260
2026-09-05T08:10:31Z,2026-09-05T10:00:00.000+02:00,N93563b0150,N356 (bretelle),63.0,30
2026-09-05T08:10:31Z,2026-09-05T10:00:00.000+02:00,A0025020950,A25,87.0,2250
2026-09-05T08:10:31Z,2026-09-05T10:00:00.000+02:00,A0023020300,A23,97.0,960
2026-09-05T08:10:31Z,2026-09-05T10:00:00.000+02:00,A0001011000,A1,84.0,3840
2026-09-05T08:10:31Z,2026-09-05T10:00:00.000+02:00,A0027020500,A27,90.0,1050
2026-09-05T08:10:31Z,2026-09-05T10:00:00.000+02:00,N0356011500,N356,73.0,1810
2026-09-05T08:10:31Z,2026-09-05T10:00:00.000+02:00,A0001010150,A1,97.0,3710
2026-09-05T08:10:31Z,2026-09-05T10:00:00.000+02:00,N0356020400,N356,66.0,940
2026-09-05T08:10:31Z,2026-09-05T10:00:00.000+02:00,N0041020600,N41,102.0,990
2026-09-05T08:10:31Z,2026-09-05T10:00:00.000+02:00,A0025010700,A25,71.0,1110
2026-09-05T08:10:31Z,2026-09-05T10:00:00.000+02:00,A0002011230,A2,108.0,2090
2026-09-05T08:10:31Z,2026-09-05T10:00:00.000+02:00,A0025020500,A25,72.0,2080
2026-09-05T08:10:31Z,2026-09-05T10:00:00.000+02:00,A0002021290,A2,105.0,2370
2026-09-05T08:10:31Z,2026-09-05T10:00:00.000+02:00,A0022011600,A22,79.0,1070
2026-09-05T08:20:30Z,2026-09-05T10:12:00.000+02:00,A0001011200,A1,79.0,4090
2026-09-05T08:20:30Z,2026-09-05T10:12:00.000+02:00,A0027010102,A27,94.0,2670
2026-09-05T08:20:30Z,2026-09-05T10:12:00.000+02:00,N0041010100,N41,87.0,790
2026-09-05T08:20:30Z,2026-09-05T10:12:00.000+02:00,A0027010101,A27,94.0,2670
2026-09-05T08:20:30Z,2026-09-05T10:12:00.000+02:00,A0001020150,A1,108.0,2700
2026-09-05T08:20:30Z,2026-09-05T10:12:00.000+02:00,N0356011700,N356,74.0,1710
2026-09-05T08:20:30Z,2026-09-05T10:12:00.000+02:00,N9227110200,N227 (bretelle),71.0,50
2026-09-05T08:20:30Z,2026-09-05T10:12:00.000+02:00,N0356021300,N356,67.0,2540
2026-09-05T08:20:30Z,2026-09-05T10:12:00.000+02:00,A0022011400,A22,74.0,520
2026-09-05T08:20:30Z,2026-09-05T10:12:00.000+02:00,A0027010300,A27,91.0,810
2026-09-05T08:20:30Z,2026-09-05T10:12:00.000+02:00,A9022020250,A22 (rocade),47.0,870
2026-09-05T08:20:30Z,2026-09-05T10:12:00.000+02:00,N0041010300,N41,89.0,2000
2026-09-05T08:20:30Z,2026-09-05T10:12:00.000+02:00,A0022011210,A22,76.0,450
2026-09-05T08:20:30Z,2026-09-05T10:12:00.000+02:00,A0027020100,A27,73.0,990
2026-09-05T08:20:30Z,2026-09-05T10:12:00.000+02:00,A0001010300,A1,96.0,3860
2026-09-05T08:20:30Z,2026-09-05T10:12:00.000+02:00,A0022011220,A22,76.0,450
2026-09-05T08:20:30Z,2026-09-05T10:12:00.000+02:00,N0227021400,N227,84.0,90
2026-09-05T08:20:30Z,2026-09-05T10:12:00.000+02:00,A9022101110,A22 (rocade),77.0,690
2026-09-05T08:20:30Z,2026-09-05T10:12:00.000+02:00,A0022022110,A22,88.0,2880
2026-09-05T08:20:30Z,2026-09-05T10:12:00.000+02:00,N0356010800,N356,74.0,1680
2026-09-05T08:20:30Z,2026-09-05T10:12:00.000+02:00,A9001210710,A1 (bretelle),66.0,630
2026-09-05T08:20:30Z,2026-09-05T10:12:00.000+02:00,N0356021110,N356,72.0,2650
2026-09-05T08:20:30Z,2026-09-05T10:12:00.000+02:00,A0001010510,A1,96.0,3570
2026-09-05T08:20:30Z,2026-09-05T10:12:00.000+02:00,N0356021122,N356,65.0,2710
2026-09-05T08:20:30Z,2026-09-05T10:12:00.000+02:00,N0356021121,N356,72.0,2650
2026-09-05T08:20:30Z,2026-09-05T10:12:00.000+02:00,A0025010210,A25,74.0,3420
2026-09-05T08:20:30Z,2026-09-05T10:12:00.000+02:00,A0025011300,A25,86.0,1230
2026-09-05T08:20:30Z,2026-09-05T10:12:00.000+02:00,A0001020300,A1,110.0,2750
2026-09-05T08:20:30Z,2026-09-05T10:12:00.000+02:00,A0025021100,A25,99.0,1850
2026-09-05T08:20:30Z,2026-09-05T10:12:00.000+02:00,A0025023520,A25,115.0,1340
2026-09-05T08:20:30Z,2026-09-05T10:12:00.000+02:00,A0022022130,A22,81.0,2660
2026-09-05T08:20:30Z,2026-09-05T10:12:00.000+02:00,A0025010220,A25,74.0,3420
2026-09-05T08:20:30Z,2026-09-05T10:12:00.000+02:00,A0022022120,A22,90.0,2920
2026-09-05T08:20:30Z,2026-09-05T10:12:00.000+02:00,A0001010520,A1,97.0,4060
2026-09-05T08:20:30Z,2026-09-05T10:12:00.000+02:00,A0022011000,A22,79.0,1820
2026-09-05T08:20:30Z,2026-09-05T10:12:00.000+02:00,A0001020510,A1,106.0,2990
2026-09-05T08:20:30Z,2026-09-05T10:12:00.000+02:00,A0001021602,A1,84.0,4420
2026-09-05T08:20:30Z,2026-09-05T10:12:00.000+02:00,A22TC020222,A22 (contournement),86.0,2510
2026-09-05T08:20:30Z,2026-09-05T10:12:00.000+02:00,A0001010940,A1,92.0,4010
2026-09-05T08:20:30Z,2026-09-05T10:12:00.000+02:00,A0025023320,A25,116.0,1950
2026-09-05T08:20:30Z,2026-09-05T10:12:00.000+02:00,A0001020520,A1,98.0,3050
2026-09-05T08:20:30Z,2026-09-05T10:12:00.000+02:00,A0025023100,A25,114.0,1730
2026-09-05T08:20:30Z,2026-09-05T10:12:00.000+02:00,A22TC020230,A22 (contournement),86.0,2510
2026-09-05T08:20:30Z,2026-09-05T10:12:00.000+02:00,A0025021730,A25,89.0,2610
2026-09-05T08:20:30Z,2026-09-05T10:12:00.000+02:00,A0025023910,A25,120.0,1070
2026-09-05T08:20:30Z,2026-09-05T10:12:00.000+02:00,A0025021735,A25,102.0,2590
2026-09-05T08:20:30Z,2026-09-05T10:12:00.000+02:00,A0023010400,A23,112.0,820
2026-09-05T08:20:30Z,2026-09-05T10:12:00.000+02:00,A0022021900,A22,79.0,2320
2026-09-05T08:20:30Z,2026-09-05T10:12:00.000+02:00,A9022100500,A22 (rocade),80.0,1070
2026-09-05T08:20:30Z,2026-09-05T10:12:00.000+02:00,A0001020940,A1,89.0,3520
2026-09-05T08:20:30Z,2026-09-05T10:12:00.000+02:00,A0001020700,A1,91.0,2490
2026-09-05T08:20:30Z,2026-09-05T10:12:00.000+02:00,A9022020830,A22 (rocade),81.0,230
2026-09-05T08:20:30Z,2026-09-05T10:12:00.000+02:00,A9022020822,A22 (rocade),71.0,1640
2026-09-05T08:20:30Z,2026-09-05T10:12:00.000+02:00,A9022020821,A22 (rocade),71.0,1640
2026-09-05T08:20:30Z,2026-09-05T10:12:00.000+02:00,A0025020420,A25,71.0,3190
2026-09-05T08:20:30Z,2026-09-05T10:12:00.000+02:00,A0025021510,A25,101.0,1100
2026-09-05T08:20:30Z,2026-09-05T10:12:00.000+02:00,N0227010100,N227,64.0,1220
2026-09-05T08:20:30Z,2026-09-05T10:12:00.000+02:00,A0025011720,A25,99.0,2280
2026-09-05T08:20:30Z,2026-09-05T10:12:00.000+02:00,A0025021760,A25,89.0,2390
2026-09-05T08:20:30Z,2026-09-05T10:12:00.000+02:00,A0025011730,A25,83.0,2410
2026-09-05T08:20:30Z,2026-09-05T10:12:00.000+02:00,A0025011735,A25,100.0,2350
2026-09-05T08:20:30Z,2026-09-05T10:12:00.000+02:00,A9025080700,A25 (bretelle),,430
2026-09-05T08:20:30Z,2026-09-05T10:12:00.000+02:00,A9022100930,A22 (rocade),72.0,200
2026-09-05T08:20:30Z,2026-09-05T10:12:00.000+02:00,N0356011220,N356,73.0,1750
2026-09-05T08:20:30Z,2026-09-05T10:12:00.000+02:00,A0025011740,A25,85.0,2450
2026-09-05T08:20:30Z,2026-09-05T10:12:00.000+02:00,A0025010410,A25,70.0,2700
2026-09-05T08:20:30Z,2026-09-05T10:12:00.000+02:00,A0023010200,A23,97.0,880
2026-09-05T08:20:30Z,2026-09-05T10:12:00.000+02:00,A9001210120,A1 (bretelle),79.0,410
2026-09-05T08:20:30Z,2026-09-05T10:12:00.000+02:00,A0025020210,A25,73.0,3350
2026-09-05T08:20:30Z,2026-09-05T10:12:00.000+02:00,N0356011210,N356,73.0,1750
2026-09-05T08:20:30Z,2026-09-05T10:12:00.000+02:00,A0025011510,A25,88.0,1530
2026-09-05T08:20:30Z,2026-09-05T10:12:00.000+02:00,A0025020220,A25,73.0,3350
2026-09-05T08:20:30Z,2026-09-05T10:12:00.000+02:00,N0227010302,N227,74.0,2390
2026-09-05T08:20:30Z,2026-09-05T10:12:00.000+02:00,N0041010500,N41,103.0,1360
2026-09-05T08:20:30Z,2026-09-05T10:12:00.000+02:00,N0227020101,N227,82.0,2260
2026-09-05T08:20:30Z,2026-09-05T10:12:00.000+02:00,A9022100110,A22 (rocade),70.0,510
2026-09-05T08:20:30Z,2026-09-05T10:12:00.000+02:00,A0022010400,A22,72.0,2030
2026-09-05T08:20:30Z,2026-09-05T10:12:00.000+02:00,N0356010302,N356,77.0,4210
2026-09-05T08:20:30Z,2026-09-05T10:12:00.000+02:00,A0025010800,A25,73.0,1920
2026-09-05T08:20:30Z,2026-09-05T10:12:00.000+02:00,A0027020621,A27,98.0,1610
2026-09-05T08:20:30Z,2026-09-05T10:12:00.000+02:00,N0041010700,N41,103.0,700
2026-09-05T08:20:30Z,2026-09-05T10:12:00.000+02:00,A0027020630,A27,101.0,1710
2026-09-05T08:20:30Z,2026-09-05T10:12:00.000+02:00,A0022021512,A22,78.0,1920
2026-09-05T08:20:30Z,2026-09-05T10:12:00.000+02:00,A0022021511,A22,80.0,1920
2026-09-05T08:20:30Z,2026-09-05T10:12:00.000+02:00,A0027020610,A27,98.0,1610
2026-09-05T08:20:30Z,2026-09-05T10:12:00.000+02:00,A0025021720,A25,101.0,2630
2026-09-05T08:20:30Z,2026-09-05T10:12:00.000+02:00,A0022021520,A22,78.0,1920
2026-09-05T08:20:30Z,2026-09-05T10:12:00.000+02:00,A0025022140,A25,114.0,2300
2026-09-05T08:20:30Z,2026-09-05T10:12:00.000+02:00,A0022011302,A22,72.0,1610
2026-09-05T08:20:30Z,2026-09-05T10:12:00.000+02:00,A0025022160,A25,109.0,2300
2026-09-05T08:20:30Z,2026-09-05T10:12:00.000+02:00,A9025060104,A25 (bretelle),70.0,2020
2026-09-05T08:20:30Z,2026-09-05T10:12:00.000+02:00,A0027010201,A27,91.0,1350
2026-09-05T08:20:30Z,2026-09-05T10:12:00.000+02:00,A0027010202,A27,69.0,600
2026-09-05T08:20:30Z,2026-09-05T10:12:00.000+02:00,N9227110110,N227 (bretelle),75.0,920
2026-09-05T08:20:30Z,2026-09-05T10:12:00.000+02:00,A0025012130,A25,101.0,970
2026-09-05T08:20:30Z,2026-09-05T10:12:00.000+02:00,A0027010210,A27,69.0,600
2026-09-05T08:20:30Z,2026-09-05T10:12:00.000+02:00,A0025011050,A25,89.0,1180
2026-09-05T08:20:30Z,2026-09-05T10:12:00.000+02:00,A0025012140,A25,101.0,2030
2026-09-05T08:20:30Z,2026-09-05T10:12:00.000+02:00,A0027010421,A27,98.0,1030
2026-09-05T08:20:30Z,2026-09-05T10:12:00.000+02:00,A0022012420,A22,93.0,2260
2026-09-05T08:20:30Z,2026-09-05T10:12:00.000+02:00,A0027010430,A27,101.0,1120
2026-09-05T08:20:30Z,2026-09-05T10:12:00.000+02:00,A0023020710,A23,109.0,1850
2026-09-05T08:20:30Z,2026-09-05T10:12:00.000+02:00,A0022012430,A22,93.0,2160
2026-09-05T08:20:30Z,2026-09-05T10:12:00.000+02:00,A0025012160,A25,120.0,2090
2026-09-05T08:20:30Z,2026-09-05T10:12:00.000+02:00,A9022021200,A22 (rocade),57.0,430
2026-09-05T08:20:30Z,2026-09-05T10:12:00.000+02:00,A0001021100,A1,90.0,3190
2026-09-05T08:20:30Z,2026-09-05T10:12:00.000+02:00,A9022101000,A22 (rocade),75.0,600
2026-09-05T08:20:30Z,2026-09-05T10:12:00.000+02:00,A0025013020,A25,109.0,1960
2026-09-05T08:20:30Z,2026-09-05T10:12:00.000+02:00,A0027010410,A27,98.0,1030
2026-09-05T08:20:30Z,2026-09-05T10:12:00.000+02:00,A0022012410,A22,93.0,2250
2026-09-05T08:20:30Z,2026-09-05T10:12:00.000+02:00,A0001A20112,A1,89.0,1940
2026-09-05T08:20:30Z,2026-09-05T10:12:00.000+02:00,A0001A20111,A1,85.0,1170
2026-09-05T08:20:30Z,2026-09-05T10:12:00.000+02:00,A0025010320,A25,39.0,2180
2026-09-05T08:20:30Z,2026-09-05T10:12:00.000+02:00,A0025022540,A25,113.0,2090
2026-09-05T08:20:30Z,2026-09-05T10:12:00.000+02:00,A0025022300,A25,112.0,1580
2026-09-05T08:20:30Z,2026-09-05T10:12:00.000+02:00,N0356021000,N356,72.0,2530
2026-09-05T08:20:30Z,2026-09-05T10:12:00.000+02:00,A22TC010102,A22 (contournement),85.0,1970
2026-09-05T08:20:30Z,2026-09-05T10:12:00.000+02:00,A0001011503,A1,85.0,5550
2026-09-05T08:20:30Z,2026-09-05T10:12:00.000+02:00,A0022012200,A22,81.0,1990
2026-09-05T08:20:30Z,2026-09-05T10:12:00.000+02:00,A22TC020102,A22 (contournement),84.0,1930
2026-09-05T08:20:30Z,2026-09-05T10:12:00.000+02:00,A22TC010300,A22 (contournement),80.0,1740
2026-09-05T08:20:30Z,2026-09-05T10:12:00.000+02:00,A0022012010,A22,79.0,1350
2026-09-05T08:20:30Z,2026-09-05T10:12:00.000+02:00,A0022012020,A22,79.0,1350
2026-09-05T08:20:30Z,2026-09-05T10:12:00.000+02:00,A0025022130,A25,127.0,2260
2026-09-05T08:20:30Z,2026-09-05T10:12:00.000+02:00,A0023010520,A23,119.0,800
2026-09-05T08:20:30Z,2026-09-05T10:12:00.000+02:00,N0041020800,N41,99.0,1410
2026-09-05T08:20:30Z,2026-09-05T10:12:00.000+02:00,A0025010500,A25,66.0,2070
2026-09-05T08:20:30Z,2026-09-05T10:12:00.000+02:00,A0022020901,A22,76.0,2220
2026-09-05T08:20:30Z,2026-09-05T10:12:00.000+02:00,A0022020902,A22,76.0,2080
2026-09-05T08:20:30Z,2026-09-05T10:12:00.000+02:00,A0025020310,A25,73.0,2460
2026-09-05T08:20:30Z,2026-09-05T10:12:00.000+02:00,A0022021810,A22,79.0,2060
2026-09-05T08:20:30Z,2026-09-05T10:12:00.000+02:00,N0356011100,N356,73.0,1740
2026-09-05T08:20:30Z,2026-09-05T10:12:00.000+02:00,A0022021820,A22,79.0,2060
2026-09-05T08:20:30Z,2026-09-05T10:12:00.000+02:00,N0356020802,N356,68.0,2940
2026-09-05T08:20:30Z,2026-09-05T10:12:00.000+02:00,A0025020102,A25,73.0,180
2026-09-05T08:20:30Z,2026-09-05T10:12:00.000+02:00,A0025010310,A25,73.0,2280
2026-09-05T08:20:30Z,2026-09-05T10:12:00.000+02:00,A0023010100,A23,107.0,290
2026-09-05T08:20:30Z,2026-09-05T10:12:00.000+02:00,A0025022530,A25,116.0,1880
2026-09-05T08:20:30Z,2026-09-05T10:12:00.000+02:00,A9001210200,A1 (bretelle),67.0,860
2026-09-05T08:20:30Z,2026-09-05T10:12:00.000+02:00,A0022010700,A22,77.0,1480
2026-09-05T08:20:30Z,2026-09-05T10:12:00.000+02:00,N0041020400,N41,92.0,1440
2026-09-05T08:20:30Z,2026-09-05T10:12:00.000+02:00,A0023020720,A23,115.0,1810
2026-09-05T08:20:30Z,2026-09-05T10:12:00.000+02:00,A0022020500,A22,76.0,1270
2026-09-05T08:20:30Z,2026-09-05T10:12:00.000+02:00,N93563b0150,N356 (bretelle),62.0,30
2026-09-05T08:20:30Z,2026-09-05T10:12:00.000+02:00,A0025020950,A25,92.0,2460
2026-09-05T08:20:30Z,2026-09-05T10:12:00.000+02:00,A0023020300,A23,91.0,1210
2026-09-05T08:20:30Z,2026-09-05T10:12:00.000+02:00,A0001011000,A1,83.0,3960
2026-09-05T08:20:30Z,2026-09-05T10:12:00.000+02:00,A0027020500,A27,90.0,1110
2026-09-05T08:20:30Z,2026-09-05T10:12:00.000+02:00,N0356011500,N356,71.0,1920
2026-09-05T08:20:30Z,2026-09-05T10:12:00.000+02:00,A0001010150,A1,100.0,3970
2026-09-05T08:20:30Z,2026-09-05T10:12:00.000+02:00,N0356020400,N356,68.0,1330
2026-09-05T08:20:30Z,2026-09-05T10:12:00.000+02:00,N0041020600,N41,102.0,930
2026-09-05T08:20:30Z,2026-09-05T10:12:00.000+02:00,A0025010700,A25,71.0,1270
2026-09-05T08:20:30Z,2026-09-05T10:12:00.000+02:00,A0002011230,A2,109.0,2010
2026-09-05T08:20:30Z,2026-09-05T10:12:00.000+02:00,A0025020500,A25,72.0,2280
2026-09-05T08:20:30Z,2026-09-05T10:12:00.000+02:00,A0002021290,A2,105.0,2830
2026-09-05T08:20:30Z,2026-09-05T10:12:00.000+02:00,A0022011600,A22,78.0,1200
2026-09-05T08:30:32Z,2026-09-05T10:24:00.000+02:00,A0001011200,A1,78.0,4170
2026-09-05T08:30:32Z,2026-09-05T10:24:00.000+02:00,A0027010102,A27,90.0,2610
2026-09-05T08:30:32Z,2026-09-05T10:24:00.000+02:00,N0041010100,N41,85.0,840
2026-09-05T08:30:32Z,2026-09-05T10:24:00.000+02:00,A0027010101,A27,90.0,2610
2026-09-05T08:30:32Z,2026-09-05T10:24:00.000+02:00,A0001020150,A1,107.0,3290
2026-09-05T08:30:32Z,2026-09-05T10:24:00.000+02:00,N0356011700,N356,75.0,2030
2026-09-05T08:30:32Z,2026-09-05T10:24:00.000+02:00,N9227110200,N227 (bretelle),74.0,20
2026-09-05T08:30:32Z,2026-09-05T10:24:00.000+02:00,N0356021300,N356,67.0,2750
2026-09-05T08:30:32Z,2026-09-05T10:24:00.000+02:00,A0022011400,A22,75.0,590
2026-09-05T08:30:32Z,2026-09-05T10:24:00.000+02:00,A0027010300,A27,90.0,660
2026-09-05T08:30:32Z,2026-09-05T10:24:00.000+02:00,A9022020250,A22 (rocade),32.0,740
2026-09-05T08:30:32Z,2026-09-05T10:24:00.000+02:00,N0041010300,N41,82.0,2400
2026-09-05T08:30:32Z,2026-09-05T10:24:00.000+02:00,A0022011210,A22,76.0,570
2026-09-05T08:30:32Z,2026-09-05T10:24:00.000+02:00,A0027020100,A27,73.0,1110
2026-09-05T08:30:32Z,2026-09-05T10:24:00.000+02:00,A0001010300,A1,98.0,3620
2026-09-05T08:30:32Z,2026-09-05T10:24:00.000+02:00,A0022011220,A22,76.0,570
2026-09-05T08:30:32Z,2026-09-05T10:24:00.000+02:00,N0227021400,N227,68.0,40
2026-09-05T08:30:32Z,2026-09-05T10:24:00.000+02:00,A9022101110,A22 (rocade),79.0,800
2026-09-05T08:30:32Z,2026-09-05T10:24:00.000+02:00,A0022022110,A22,85.0,3430
2026-09-05T08:30:32Z,2026-09-05T10:24:00.000+02:00,N0356010800,N356,74.0,2290
2026-09-05T08:30:32Z,2026-09-05T10:24:00.000+02:00,A9001210710,A1 (bretelle),68.0,470
2026-09-05T08:30:32Z,2026-09-05T10:24:00.000+02:00,N0356021110,N356,72.0,2910
2026-09-05T08:30:32Z,2026-09-05T10:24:00.000+02:00,A0001010510,A1,98.0,3540
2026-09-05T08:30:32Z,2026-09-05T10:24:00.000+02:00,N0356021122,N356,65.0,3020
2026-09-05T08:30:32Z,2026-09-05T10:24:00.000+02:00,N0356021121,N356,72.0,2910
2026-09-05T08:30:32Z,2026-09-05T10:24:00.000+02:00,A0025010210,A25,74.0,4010
2026-09-05T08:30:32Z,2026-09-05T10:24:00.000+02:00,A0025011300,A25,87.0,1080
2026-09-05T08:30:32Z,2026-09-05T10:24:00.000+02:00,A0001020300,A1,108.0,3090
2026-09-05T08:30:32Z,2026-09-05T10:24:00.000+02:00,A0025021100,A25,94.0,1990
2026-09-05T08:30:32Z,2026-09-05T10:24:00.000+02:00,A0025023520,A25,113.0,1240
2026-09-05T08:30:32Z,2026-09-05T10:24:00.000+02:00,A0022022130,A22,68.0,2940
2026-09-05T08:30:32Z,2026-09-05T10:24:00.000+02:00,A0025010220,A25,74.0,4010
2026-09-05T08:30:32Z,2026-09-05T10:24:00.000+02:00,A0022022120,A22,88.0,3390
2026-09-05T08:30:32Z,2026-09-05T10:24:00.000+02:00,A0001010520,A1,97.0,3850
2026-09-05T08:30:32Z,2026-09-05T10:24:00.000+02:00,A0022011000,A22,76.0,2270
2026-09-05T08:30:32Z,2026-09-05T10:24:00.000+02:00,A0001020510,A1,104.0,3360
2026-09-05T08:30:32Z,2026-09-05T10:24:00.000+02:00,A0001021602,A1,83.0,4050
2026-09-05T08:30:32Z,2026-09-05T10:24:00.000+02:00,A22TC020222,A22 (contournement),86.0,2170
2026-09-05T08:30:32Z,2026-09-05T10:24:00.000+02:00,A0001010940,A1,97.0,4040
2026-09-05T08:30:32Z,2026-09-05T10:24:00.000+02:00,A0025023320,A25,115.0,1700
2026-09-05T08:30:32Z,2026-09-05T10:24:00.000+02:00,A0001020520,A1,100.0,3460
2026-09-05T08:30:32Z,2026-09-05T10:24:00.000+02:00,A0025023100,A25,113.0,1550
2026-09-05T08:30:32Z,2026-09-05T10:24:00.000+02:00,A22TC020230,A22 (contournement),86.0,2170
2026-09-05T08:30:32Z,2026-09-05T10:24:00.000+02:00,A0025021730,A25,90.0,2670
2026-09-05T08:30:32Z,2026-09-05T10:24:00.000+02:00,A0025023910,A25,120.0,1000
2026-09-05T08:30:32Z,2026-09-05T10:24:00.000+02:00,A0025021735,A25,104.0,2650
2026-09-05T08:30:32Z,2026-09-05T10:24:00.000+02:00,A0023010400,A23,107.0,910
2026-09-05T08:30:32Z,2026-09-05T10:24:00.000+02:00,A0022021900,A22,79.0,2670
2026-09-05T08:30:32Z,2026-09-05T10:24:00.000+02:00,A9022100500,A22 (rocade),77.0,1200
2026-09-05T08:30:32Z,2026-09-05T10:24:00.000+02:00,A0001020940,A1,89.0,3630
2026-09-05T08:30:32Z,2026-09-05T10:24:00.000+02:00,A0001020700,A1,95.0,2780
2026-09-05T08:30:32Z,2026-09-05T10:24:00.000+02:00,A9022020830,A22 (rocade),88.0,280
2026-09-05T08:30:32Z,2026-09-05T10:24:00.000+02:00,A9022020822,A22 (rocade),65.0,1530
2026-09-05T08:30:32Z,2026-09-05T10:24:00.000+02:00,A9022020821,A22 (rocade),65.0,1530
2026-09-05T08:30:32Z,2026-09-05T10:24:00.000+02:00,A0025020420,A25,72.0,2840
2026-09-05T08:30:32Z,2026-09-05T10:24:00.000+02:00,A0025021510,A25,92.0,1010
2026-09-05T08:30:32Z,2026-09-05T10:24:00.000+02:00,N0227010100,N227,65.0,1130
2026-09-05T08:30:32Z,2026-09-05T10:24:00.000+02:00,A0025011720,A25,100.0,2470
2026-09-05T08:30:32Z,2026-09-05T10:24:00.000+02:00,A0025021760,A25,88.0,2640
2026-09-05T08:30:32Z,2026-09-05T10:24:00.000+02:00,A0025011730,A25,89.0,2400
2026-09-05T08:30:32Z,2026-09-05T10:24:00.000+02:00,A0025011735,A25,101.0,2380
2026-09-05T08:30:32Z,2026-09-05T10:24:00.000+02:00,A9025080700,A25 (bretelle),,510
2026-09-05T08:30:32Z,2026-09-05T10:24:00.000+02:00,A9022100930,A22 (rocade),77.0,160
2026-09-05T08:30:32Z,2026-09-05T10:24:00.000+02:00,N0356011220,N356,73.0,2310
2026-09-05T08:30:32Z,2026-09-05T10:24:00.000+02:00,A0025011740,A25,86.0,2420
2026-09-05T08:30:32Z,2026-09-05T10:24:00.000+02:00,A0025010410,A25,71.0,2990
2026-09-05T08:30:32Z,2026-09-05T10:24:00.000+02:00,A0023010200,A23,89.0,970
2026-09-05T08:30:32Z,2026-09-05T10:24:00.000+02:00,A9001210120,A1 (bretelle),76.0,510
2026-09-05T08:30:32Z,2026-09-05T10:24:00.000+02:00,A0025020210,A25,74.0,3310
2026-09-05T08:30:32Z,2026-09-05T10:24:00.000+02:00,N0356011210,N356,73.0,2310
2026-09-05T08:30:32Z,2026-09-05T10:24:00.000+02:00,A0025011510,A25,88.0,1530
2026-09-05T08:30:32Z,2026-09-05T10:24:00.000+02:00,A0025020220,A25,74.0,3310
2026-09-05T08:30:32Z,2026-09-05T10:24:00.000+02:00,N0227010302,N227,75.0,2310
2026-09-05T08:30:32Z,2026-09-05T10:24:00.000+02:00,N0041010500,N41,85.0,1350
2026-09-05T08:30:32Z,2026-09-05T10:24:00.000+02:00,N0227020101,N227,76.0,2120
2026-09-05T08:30:32Z,2026-09-05T10:24:00.000+02:00,A9022100110,A22 (rocade),65.0,760
2026-09-05T08:30:32Z,2026-09-05T10:24:00.000+02:00,A0022010400,A22,73.0,2430
2026-09-05T08:30:32Z,2026-09-05T10:24:00.000+02:00,N0356010302,N356,74.0,4500
2026-09-05T08:30:32Z,2026-09-05T10:24:00.000+02:00,A0025010800,A25,73.0,1980
2026-09-05T08:30:32Z,2026-09-05T10:24:00.000+02:00,A0027020621,A27,98.0,1730
2026-09-05T08:30:32Z,2026-09-05T10:24:00.000+02:00,N0041010700,N41,100.0,880
2026-09-05T08:30:32Z,2026-09-05T10:24:00.000+02:00,A0027020630,A27,101.0,1740
2026-09-05T08:30:32Z,2026-09-05T10:24:00.000+02:00,A0022021512,A22,76.0,2280
2026-09-05T08:30:32Z,2026-09-05T10:24:00.000+02:00,A0022021511,A22,77.0,2270
2026-09-05T08:30:32Z,2026-09-05T10:24:00.000+02:00,A0027020610,A27,98.0,1730
2026-09-05T08:30:32Z,2026-09-05T10:24:00.000+02:00,A0025021720,A25,100.0,2740
2026-09-05T08:30:32Z,2026-09-05T10:24:00.000+02:00,A0022021520,A22,76.0,2280
2026-09-05T08:30:32Z,2026-09-05T10:24:00.000+02:00,A0025022140,A25,115.0,2110
2026-09-05T08:30:32Z,2026-09-05T10:24:00.000+02:00,A0022011302,A22,76.0,1620
2026-09-05T08:30:32Z,2026-09-05T10:24:00.000+02:00,A0025022160,A25,110.0,2100
2026-09-05T08:30:32Z,2026-09-05T10:24:00.000+02:00,A9025060104,A25 (bretelle),72.0,2030
2026-09-05T08:30:32Z,2026-09-05T10:24:00.000+02:00,A0027010201,A27,92.0,1130
2026-09-05T08:30:32Z,2026-09-05T10:24:00.000+02:00,A0027010202,A27,89.0,710
2026-09-05T08:30:32Z,2026-09-05T10:24:00.000+02:00,N9227110110,N227 (bretelle),75.0,1190
2026-09-05T08:30:32Z,2026-09-05T10:24:00.000+02:00,A0025012130,A25,105.0,1170
2026-09-05T08:30:32Z,2026-09-05T10:24:00.000+02:00,A0027010210,A27,89.0,710
2026-09-05T08:30:32Z,2026-09-05T10:24:00.000+02:00,A0025011050,A25,94.0,1170
2026-09-05T08:30:32Z,2026-09-05T10:24:00.000+02:00,A0025012140,A25,105.0,1860
2026-09-05T08:30:32Z,2026-09-05T10:24:00.000+02:00,A0027010421,A27,99.0,970
2026-09-05T08:30:32Z,2026-09-05T10:24:00.000+02:00,A0022012420,A22,92.0,2570
2026-09-05T08:30:32Z,2026-09-05T10:24:00.000+02:00,A0027010430,A27,103.0,1050
2026-09-05T08:30:32Z,2026-09-05T10:24:00.000+02:00,A0023020710,A23,108.0,1570
2026-09-05T08:30:32Z,2026-09-05T10:24:00.000+02:00,A0022012430,A22,91.0,2450
2026-09-05T08:30:32Z,2026-09-05T10:24:00.000+02:00,A0025012160,A25,119.0,2320
2026-09-05T08:30:32Z,2026-09-05T10:24:00.000+02:00,A9022021200,A22 (rocade),54.0,470
2026-09-05T08:30:32Z,2026-09-05T10:24:00.000+02:00,A0001021100,A1,89.0,3200
2026-09-05T08:30:32Z,2026-09-05T10:24:00.000+02:00,A9022101000,A22 (rocade),59.0,770
2026-09-05T08:30:32Z,2026-09-05T10:24:00.000+02:00,A0025013020,A25,110.0,1970
2026-09-05T08:30:32Z,2026-09-05T10:24:00.000+02:00,A0027010410,A27,99.0,970
2026-09-05T08:30:32Z,2026-09-05T10:24:00.000+02:00,A0022012410,A22,91.0,2620
2026-09-05T08:30:32Z,2026-09-05T10:24:00.000+02:00,A0001A20112,A1,89.0,1980
2026-09-05T08:30:32Z,2026-09-05T10:24:00.000+02:00,A0001A20111,A1,87.0,1070
2026-09-05T08:30:32Z,2026-09-05T10:24:00.000+02:00,A0025010320,A25,74.0,2320
2026-09-05T08:30:32Z,2026-09-05T10:24:00.000+02:00,A0025022540,A25,114.0,1870
2026-09-05T08:30:32Z,2026-09-05T10:24:00.000+02:00,A0025022300,A25,114.0,1340
2026-09-05T08:30:32Z,2026-09-05T10:24:00.000+02:00,N0356021000,N356,72.0,2530
2026-09-05T08:30:32Z,2026-09-05T10:24:00.000+02:00,A22TC010102,A22 (contournement),87.0,1650
2026-09-05T08:30:32Z,2026-09-05T10:24:00.000+02:00,A0001011503,A1,85.0,5480
2026-09-05T08:30:32Z,2026-09-05T10:24:00.000+02:00,A0022012200,A22,79.0,2270
2026-09-05T08:30:32Z,2026-09-05T10:24:00.000+02:00,A22TC020102,A22 (contournement),84.0,2060
2026-09-05T08:30:32Z,2026-09-05T10:24:00.000+02:00,A22TC010300,A22 (contournement),79.0,1650
2026-09-05T08:30:32Z,2026-09-05T10:24:00.000+02:00,A0022012010,A22,78.0,1710
2026-09-05T08:30:32Z,2026-09-05T10:24:00.000+02:00,A0022012020,A22,78.0,1710
2026-09-05T08:30:32Z,2026-09-05T10:24:00.000+02:00,A0025022130,A25,129.0,2170
2026-09-05T08:30:32Z,2026-09-05T10:24:00.000+02:00,A0023010520,A23,114.0,870
2026-09-05T08:30:32Z,2026-09-05T10:24:00.000+02:00,N0041020800,N41,96.0,1410
2026-09-05T08:30:32Z,2026-09-05T10:24:00.000+02:00,A0025010500,A25,71.0,2040
2026-09-05T08:30:32Z,2026-09-05T10:24:00.000+02:00,A0022020901,A22,78.0,2460
2026-09-05T08:30:32Z,2026-09-05T10:24:00.000+02:00,A0022020902,A22,78.0,2320
2026-09-05T08:30:32Z,2026-09-05T10:24:00.000+02:00,A0025020310,A25,77.0,2300
2026-09-05T08:30:32Z,2026-09-05T10:24:00.000+02:00,A0022021810,A22,79.0,2200
2026-09-05T08:30:32Z,2026-09-05T10:24:00.000+02:00,N0356011100,N356,73.0,1990
2026-09-05T08:30:32Z,2026-09-05T10:24:00.000+02:00,A0022021820,A22,79.0,2200
2026-09-05T08:30:32Z,2026-09-05T10:24:00.000+02:00,N0356020802,N356,68.0,2710
2026-09-05T08:30:32Z,2026-09-05T10:24:00.000+02:00,A0025020102,A25,71.0,50
2026-09-05T08:30:32Z,2026-09-05T10:24:00.000+02:00,A0025010310,A25,74.0,2460
2026-09-05T08:30:32Z,2026-09-05T10:24:00.000+02:00,A0023010100,A23,87.0,110
2026-09-05T08:30:32Z,2026-09-05T10:24:00.000+02:00,A0025022530,A25,117.0,1830
2026-09-05T08:30:32Z,2026-09-05T10:24:00.000+02:00,A9001210200,A1 (bretelle),67.0,890
2026-09-05T08:30:32Z,2026-09-05T10:24:00.000+02:00,A0022010700,A22,79.0,1820
2026-09-05T08:30:32Z,2026-09-05T10:24:00.000+02:00,N0041020400,N41,92.0,1520
2026-09-05T08:30:32Z,2026-09-05T10:24:00.000+02:00,A0023020720,A23,118.0,1630
2026-09-05T08:30:32Z,2026-09-05T10:24:00.000+02:00,A0022020500,A22,78.0,1270
2026-09-05T08:30:32Z,2026-09-05T10:24:00.000+02:00,N93563b0150,N356 (bretelle),68.0,80
2026-09-05T08:30:32Z,2026-09-05T10:24:00.000+02:00,A0025020950,A25,91.0,2620
2026-09-05T08:30:32Z,2026-09-05T10:24:00.000+02:00,A0023020300,A23,84.0,1130
2026-09-05T08:30:32Z,2026-09-05T10:24:00.000+02:00,A0001011000,A1,84.0,3830
2026-09-05T08:30:32Z,2026-09-05T10:24:00.000+02:00,A0027020500,A27,88.0,1020
2026-09-05T08:30:32Z,2026-09-05T10:24:00.000+02:00,N0356011500,N356,72.0,2340
2026-09-05T08:30:32Z,2026-09-05T10:24:00.000+02:00,A0001010150,A1,106.0,3740
2026-09-05T08:30:32Z,2026-09-05T10:24:00.000+02:00,N0356020400,N356,66.0,1190
2026-09-05T08:30:32Z,2026-09-05T10:24:00.000+02:00,N0041020600,N41,102.0,1060
2026-09-05T08:30:32Z,2026-09-05T10:24:00.000+02:00,A0025010700,A25,68.0,1330
2026-09-05T08:30:32Z,2026-09-05T10:24:00.000+02:00,A0002011230,A2,104.0,2930
2026-09-05T08:30:32Z,2026-09-05T10:24:00.000+02:00,A0025020500,A25,72.0,2180
2026-09-05T08:30:32Z,2026-09-05T10:24:00.000+02:00,A0002021290,A2,105.0,2760
2026-09-05T08:30:32Z,2026-09-05T10:24:00.000+02:00,A0022011600,A22,79.0,1360
2026-09-05T08:40:31Z,2026-09-05T10:30:00.000+02:00,A0001011200,A1,79.0,4090
2026-09-05T08:40:31Z,2026-09-05T10:30:00.000+02:00,A0027010102,A27,90.0,2350
2026-09-05T08:40:31Z,2026-09-05T10:30:00.000+02:00,N0041010100,N41,85.0,940
2026-09-05T08:40:31Z,2026-09-05T10:30:00.000+02:00,A0027010101,A27,90.0,2350
2026-09-05T08:40:31Z,2026-09-05T10:30:00.000+02:00,A0001020150,A1,109.0,2860
2026-09-05T08:40:31Z,2026-09-05T10:30:00.000+02:00,N0356011700,N356,74.0,1930
2026-09-05T08:40:31Z,2026-09-05T10:30:00.000+02:00,N0356021300,N356,66.0,2820
2026-09-05T08:40:31Z,2026-09-05T10:30:00.000+02:00,A0022011400,A22,79.0,520
2026-09-05T08:40:31Z,2026-09-05T10:30:00.000+02:00,A0027010300,A27,91.0,630
2026-09-05T08:40:31Z,2026-09-05T10:30:00.000+02:00,A9022020250,A22 (rocade),38.0,950
2026-09-05T08:40:31Z,2026-09-05T10:30:00.000+02:00,N0041010300,N41,86.0,2190
2026-09-05T08:40:31Z,2026-09-05T10:30:00.000+02:00,A0022011210,A22,88.0,560
2026-09-05T08:40:31Z,2026-09-05T10:30:00.000+02:00,A0027020100,A27,72.0,950
2026-09-05T08:40:31Z,2026-09-05T10:30:00.000+02:00,A0001010300,A1,106.0,3430
2026-09-05T08:40:31Z,2026-09-05T10:30:00.000+02:00,A0022011220,A22,88.0,560
2026-09-05T08:40:31Z,2026-09-05T10:30:00.000+02:00,N0227021400,N227,90.0,100
2026-09-05T08:40:31Z,2026-09-05T10:30:00.000+02:00,A9022101110,A22 (rocade),79.0,830
2026-09-05T08:40:31Z,2026-09-05T10:30:00.000+02:00,A0022022110,A22,86.0,3230
2026-09-05T08:40:31Z,2026-09-05T10:30:00.000+02:00,N0356010800,N356,73.0,2000
2026-09-05T08:40:31Z,2026-09-05T10:30:00.000+02:00,A9001210710,A1 (bretelle),67.0,200
2026-09-05T08:40:31Z,2026-09-05T10:30:00.000+02:00,N0356021110,N356,72.0,3160
2026-09-05T08:40:31Z,2026-09-05T10:30:00.000+02:00,A0001010510,A1,106.0,3300
2026-09-05T08:40:31Z,2026-09-05T10:30:00.000+02:00,N0356021122,N356,64.0,3140
2026-09-05T08:40:31Z,2026-09-05T10:30:00.000+02:00,N0356021121,N356,72.0,3160
2026-09-05T08:40:31Z,2026-09-05T10:30:00.000+02:00,A0025010210,A25,72.0,3820
2026-09-05T08:40:31Z,2026-09-05T10:30:00.000+02:00,A0025011300,A25,86.0,1290
2026-09-05T08:40:31Z,2026-09-05T10:30:00.000+02:00,A0001020300,A1,107.0,2990
2026-09-05T08:40:31Z,2026-09-05T10:30:00.000+02:00,A0025021100,A25,96.0,1670
2026-09-05T08:40:31Z,2026-09-05T10:30:00.000+02:00,A0025023520,A25,115.0,940
2026-09-05T08:40:31Z,2026-09-05T10:30:00.000+02:00,A0022022130,A22,66.0,2860
2026-09-05T08:40:31Z,2026-09-05T10:30:00.000+02:00,A0025010220,A25,72.0,3820
2026-09-05T08:40:31Z,2026-09-05T10:30:00.000+02:00,A0022022120,A22,87.0,3270
2026-09-05T08:40:31Z,2026-09-05T10:30:00.000+02:00,A0001010520,A1,98.0,3810
2026-09-05T08:40:31Z,2026-09-05T10:30:00.000+02:00,A0022011000,A22,81.0,2080
2026-09-05T08:40:31Z,2026-09-05T10:30:00.000+02:00,A0001020510,A1,103.0,3150
2026-09-05T08:40:31Z,2026-09-05T10:30:00.000+02:00,A0001021602,A1,83.0,4370
2026-09-05T08:40:31Z,2026-09-05T10:30:00.000+02:00,A22TC020222,A22 (contournement),81.0,2040
2026-09-05T08:40:31Z,2026-09-05T10:30:00.000+02:00,A0001010940,A1,98.0,4330
2026-09-05T08:40:31Z,2026-09-05T10:30:00.000+02:00,A0025023320,A25,114.0,1670
2026-09-05T08:40:31Z,2026-09-05T10:30:00.000+02:00,A0001020520,A1,97.0,3070
2026-09-05T08:40:31Z,2026-09-05T10:30:00.000+02:00,A0025023100,A25,112.0,1370
2026-09-05T08:40:31Z,2026-09-05T10:30:00.000+02:00,A22TC020230,A22 (contournement),81.0,2040
2026-09-05T08:40:31Z,2026-09-05T10:30:00.000+02:00,A0025021730,A25,88.0,2550
2026-09-05T08:40:31Z,2026-09-05T10:30:00.000+02:00,A0025023910,A25,118.0,1000
2026-09-05T08:40:31Z,2026-09-05T10:30:00.000+02:00,A0025021735,A25,103.0,2630
2026-09-05T08:40:31Z,2026-09-05T10:30:00.000+02:00,A0023010400,A23,110.0,1110
2026-09-05T08:40:31Z,2026-09-05T10:30:00.000+02:00,A0022021900,A22,79.0,2630
2026-09-05T08:40:31Z,2026-09-05T10:30:00.000+02:00,A9022100500,A22 (rocade),78.0,1410
2026-09-05T08:40:31Z,2026-09-05T10:30:00.000+02:00,A0001020940,A1,88.0,3430
2026-09-05T08:40:31Z,2026-09-05T10:30:00.000+02:00,A0001020700,A1,91.0,2430
2026-09-05T08:40:31Z,2026-09-05T10:30:00.000+02:00,A9022020830,A22 (rocade),89.0,320
2026-09-05T08:40:31Z,2026-09-05T10:30:00.000+02:00,A9022020822,A22 (rocade),69.0,1600
2026-09-05T08:40:31Z,2026-09-05T10:30:00.000+02:00,A9022020821,A22 (rocade),69.0,1600
2026-09-05T08:40:31Z,2026-09-05T10:30:00.000+02:00,A0025020420,A25,70.0,3010
2026-09-05T08:40:31Z,2026-09-05T10:30:00.000+02:00,A0025021510,A25,99.0,890
2026-09-05T08:40:31Z,2026-09-05T10:30:00.000+02:00,N0227010100,N227,66.0,1200
2026-09-05T08:40:31Z,2026-09-05T10:30:00.000+02:00,A0025011720,A25,100.0,2880
2026-09-05T08:40:31Z,2026-09-05T10:30:00.000+02:00,A0025021760,A25,88.0,2690
2026-09-05T08:40:31Z,2026-09-05T10:30:00.000+02:00,A0025011730,A25,88.0,2840
2026-09-05T08:40:31Z,2026-09-05T10:30:00.000+02:00,A0025011735,A25,102.0,2620
2026-09-05T08:40:31Z,2026-09-05T10:30:00.000+02:00,A9025080700,A25 (bretelle),,800
2026-09-05T08:40:31Z,2026-09-05T10:30:00.000+02:00,A9022100930,A22 (rocade),74.0,120
2026-09-05T08:40:31Z,2026-09-05T10:30:00.000+02:00,N0356011220,N356,73.0,1950
2026-09-05T08:40:31Z,2026-09-05T10:30:00.000+02:00,A0025011740,A25,87.0,2530
2026-09-05T08:40:31Z,2026-09-05T10:30:00.000+02:00,A0025010410,A25,70.0,2920
2026-09-05T08:40:31Z,2026-09-05T10:30:00.000+02:00,A0023010200,A23,82.0,1000
2026-09-05T08:40:31Z,2026-09-05T10:30:00.000+02:00,A9001210120,A1 (bretelle),78.0,490
2026-09-05T08:40:31Z,2026-09-05T10:30:00.000+02:00,A0025020210,A25,73.0,3610
2026-09-05T08:40:31Z,2026-09-05T10:30:00.000+02:00,N0356011210,N356,73.0,1950
2026-09-05T08:40:31Z,2026-09-05T10:30:00.000+02:00,A0025011510,A25,88.0,1780
2026-09-05T08:40:31Z,2026-09-05T10:30:00.000+02:00,A0025020220,A25,73.0,3610
2026-09-05T08:40:31Z,2026-09-05T10:30:00.000+02:00,N0227010302,N227,73.0,2540
2026-09-05T08:40:31Z,2026-09-05T10:30:00.000+02:00,N0041010500,N41,92.0,1760
2026-09-05T08:40:31Z,2026-09-05T10:30:00.000+02:00,N0227020101,N227,82.0,2130
2026-09-05T08:40:31Z,2026-09-05T10:30:00.000+02:00,A9022100110,A22 (rocade),65.0,580
2026-09-05T08:40:31Z,2026-09-05T10:30:00.000+02:00,A0022010400,A22,71.0,2660
2026-09-05T08:40:31Z,2026-09-05T10:30:00.000+02:00,N0356010302,N356,75.0,4380
2026-09-05T08:40:31Z,2026-09-05T10:30:00.000+02:00,A0025010800,A25,75.0,2200
2026-09-05T08:40:31Z,2026-09-05T10:30:00.000+02:00,A0027020621,A27,98.0,1530
2026-09-05T08:40:31Z,2026-09-05T10:30:00.000+02:00,N0041010700,N41,107.0,830
2026-09-05T08:40:31Z,2026-09-05T10:30:00.000+02:00,A0027020630,A27,103.0,1600
2026-09-05T08:40:31Z,2026-09-05T10:30:00.000+02:00,A0022021512,A22,78.0,2320
2026-09-05T08:40:31Z,2026-09-05T10:30:00.000+02:00,A0022021511,A22,79.0,2390
2026-09-05T08:40:31Z,2026-09-05T10:30:00.000+02:00,A0027020610,A27,98.0,1530
2026-09-05T08:40:31Z,2026-09-05T10:30:00.000+02:00,A0025021720,A25,100.0,2420
2026-09-05T08:40:31Z,2026-09-05T10:30:00.000+02:00,A0022021520,A22,78.0,2320
2026-09-05T08:40:31Z,2026-09-05T10:30:00.000+02:00,A0025022140,A25,113.0,2180
2026-09-05T08:40:31Z,2026-09-05T10:30:00.000+02:00,A0022011302,A22,73.0,1480
2026-09-05T08:40:31Z,2026-09-05T10:30:00.000+02:00,A0025022160,A25,107.0,2110
2026-09-05T08:40:31Z,2026-09-05T10:30:00.000+02:00,A9025060104,A25 (bretelle),69.0,2330
2026-09-05T08:40:31Z,2026-09-05T10:30:00.000+02:00,A0027010201,A27,91.0,1240
2026-09-05T08:40:31Z,2026-09-05T10:30:00.000+02:00,A0027010202,A27,82.0,810
2026-09-05T08:40:31Z,2026-09-05T10:30:00.000+02:00,N9227110110,N227 (bretelle),74.0,1230
2026-09-05T08:40:31Z,2026-09-05T10:30:00.000+02:00,A0025012130,A25,109.0,1040
2026-09-05T08:40:31Z,2026-09-05T10:30:00.000+02:00,A0027010210,A27,82.0,810
2026-09-05T08:40:31Z,2026-09-05T10:30:00.000+02:00,A0025011050,A25,92.0,1350
2026-09-05T08:40:31Z,2026-09-05T10:30:00.000+02:00,A0025012140,A25,109.0,2080
2026-09-05T08:40:31Z,2026-09-05T10:30:00.000+02:00,A0027010421,A27,97.0,890
2026-09-05T08:40:31Z,2026-09-05T10:30:00.000+02:00,A0022012420,A22,91.0,2550
2026-09-05T08:40:31Z,2026-09-05T10:30:00.000+02:00,A0027010430,A27,101.0,930
2026-09-05T08:40:31Z,2026-09-05T10:30:00.000+02:00,A0023020710,A23,107.0,1740
2026-09-05T08:40:31Z,2026-09-05T10:30:00.000+02:00,A0022012430,A22,91.0,2370
2026-09-05T08:40:31Z,2026-09-05T10:30:00.000+02:00,A0025012160,A25,124.0,2180
2026-09-05T08:40:31Z,2026-09-05T10:30:00.000+02:00,A9022021200,A22 (rocade),49.0,540
2026-09-05T08:40:31Z,2026-09-05T10:30:00.000+02:00,A0001021100,A1,88.0,2990
2026-09-05T08:40:31Z,2026-09-05T10:30:00.000+02:00,A9022101000,A22 (rocade),67.0,570
2026-09-05T08:40:31Z,2026-09-05T10:30:00.000+02:00,A0025013020,A25,113.0,1930
2026-09-05T08:40:31Z,2026-09-05T10:30:00.000+02:00,A0027010410,A27,97.0,890
2026-09-05T08:40:31Z,2026-09-05T10:30:00.000+02:00,A0022012410,A22,89.0,2520
2026-09-05T08:40:31Z,2026-09-05T10:30:00.000+02:00,A0001A20112,A1,89.0,1780
2026-09-05T08:40:31Z,2026-09-05T10:30:00.000+02:00,A0001A20111,A1,86.0,1170
2026-09-05T08:40:31Z,2026-09-05T10:30:00.000+02:00,A0025010320,A25,76.0,2210
2026-09-05T08:40:31Z,2026-09-05T10:30:00.000+02:00,A0025022540,A25,113.0,1880
2026-09-05T08:40:31Z,2026-09-05T10:30:00.000+02:00,A0025022300,A25,113.0,1560
2026-09-05T08:40:31Z,2026-09-05T10:30:00.000+02:00,N0356021000,N356,73.0,2840
2026-09-05T08:40:31Z,2026-09-05T10:30:00.000+02:00,A22TC010102,A22 (contournement),87.0,1330
2026-09-05T08:40:31Z,2026-09-05T10:30:00.000+02:00,A0001011503,A1,85.0,5420
2026-09-05T08:40:31Z,2026-09-05T10:30:00.000+02:00,A0022012200,A22,79.0,2160
2026-09-05T08:40:31Z,2026-09-05T10:30:00.000+02:00,A22TC020102,A22 (contournement),84.0,1870
2026-09-05T08:40:31Z,2026-09-05T10:30:00.000+02:00,A22TC010300,A22 (contournement),80.0,1690
2026-09-05T08:40:31Z,2026-09-05T10:30:00.000+02:00,A0022012010,A22,81.0,1410
2026-09-05T08:40:31Z,2026-09-05T10:30:00.000+02:00,A0022012020,A22,81.0,1410
2026-09-05T08:40:31Z,2026-09-05T10:30:00.000+02:00,A0025022130,A25,127.0,2130
2026-09-05T08:40:31Z,2026-09-05T10:30:00.000+02:00,A0023010520,A23,114.0,1090
2026-09-05T08:40:31Z,2026-09-05T10:30:00.000+02:00,N0041020800,N41,97.0,1380
2026-09-05T08:40:31Z,2026-09-05T10:30:00.000+02:00,A0025010500,A25,71.0,2270
2026-09-05T08:40:31Z,2026-09-05T10:30:00.000+02:00,A0022020901,A22,79.0,2320
2026-09-05T08:40:31Z,2026-09-05T10:30:00.000+02:00,A0022020902,A22,79.0,2050
2026-09-05T08:40:31Z,2026-09-05T10:30:00.000+02:00,A0025020310,A25,86.0,2740
2026-09-05T08:40:31Z,2026-09-05T10:30:00.000+02:00,A0022021810,A22,79.0,2330
2026-09-05T08:40:31Z,2026-09-05T10:30:00.000+02:00,N0356011100,N356,72.0,1780
2026-09-05T08:40:31Z,2026-09-05T10:30:00.000+02:00,A0022021820,A22,79.0,2330
2026-09-05T08:40:31Z,2026-09-05T10:30:00.000+02:00,N0356020802,N356,69.0,3050
2026-09-05T08:40:31Z,2026-09-05T10:30:00.000+02:00,A0025020102,A25,77.0,120
2026-09-05T08:40:31Z,2026-09-05T10:30:00.000+02:00,A0025010310,A25,74.0,2530
2026-09-05T08:40:31Z,2026-09-05T10:30:00.000+02:00,A0023010100,A23,92.0,40
2026-09-05T08:40:31Z,2026-09-05T10:30:00.000+02:00,A0025022530,A25,116.0,1850
2026-09-05T08:40:31Z,2026-09-05T10:30:00.000+02:00,A9001210200,A1 (bretelle),66.0,980
2026-09-05T08:40:31Z,2026-09-05T10:30:00.000+02:00,A0022010700,A22,79.0,1620
2026-09-05T08:40:31Z,2026-09-05T10:30:00.000+02:00,N0041020400,N41,90.0,1470
2026-09-05T08:40:31Z,2026-09-05T10:30:00.000+02:00,A0023020720,A23,115.0,1730
2026-09-05T08:40:31Z,2026-09-05T10:30:00.000+02:00,A0022020500,A22,79.0,1310
2026-09-05T08:40:31Z,2026-09-05T10:30:00.000+02:00,N93563b0150,N356 (bretelle),62.0,40
2026-09-05T08:40:31Z,2026-09-05T10:30:00.000+02:00,A0025020950,A25,90.0,2650
2026-09-05T08:40:31Z,2026-09-05T10:30:00.000+02:00,A0023020300,A23,88.0,1020
2026-09-05T08:40:31Z,2026-09-05T10:30:00.000+02:00,A0001011000,A1,83.0,3810
2026-09-05T08:40:31Z,2026-09-05T10:30:00.000+02:00,A0027020500,A27,91.0,980
2026-09-05T08:40:31Z,2026-09-05T10:30:00.000+02:00,N0356011500,N356,71.0,2120
2026-09-05T08:40:31Z,2026-09-05T10:30:00.000+02:00,A0001010150,A1,106.0,3450
2026-09-05T08:40:31Z,2026-09-05T10:30:00.000+02:00,N0356020400,N356,63.0,1590
2026-09-05T08:40:31Z,2026-09-05T10:30:00.000+02:00,N0041020600,N41,101.0,900
2026-09-05T08:40:31Z,2026-09-05T10:30:00.000+02:00,A0025010700,A25,73.0,1360
2026-09-05T08:40:31Z,2026-09-05T10:30:00.000+02:00,A0002011230,A2,107.0,2390
2026-09-05T08:40:31Z,2026-09-05T10:30:00.000+02:00,A0025020500,A25,71.0,2100
2026-09-05T08:40:31Z,2026-09-05T10:30:00.000+02:00,A0002021290,A2,102.0,2920
2026-09-05T08:40:31Z,2026-09-05T10:30:00.000+02:00,A0022011600,A22,75.0,1240
2026-09-05T08:50:29Z,2026-09-05T10:42:00.000+02:00,A0001011200,A1,78.0,4380
2026-09-05T08:50:29Z,2026-09-05T10:42:00.000+02:00,A0027010102,A27,97.0,3170
2026-09-05T08:50:29Z,2026-09-05T10:42:00.000+02:00,N0041010100,N41,84.0,720
2026-09-05T08:50:29Z,2026-09-05T10:42:00.000+02:00,A0027010101,A27,97.0,3170
2026-09-05T08:50:29Z,2026-09-05T10:42:00.000+02:00,A0001020150,A1,109.0,3490
2026-09-05T08:50:29Z,2026-09-05T10:42:00.000+02:00,N0356011700,N356,74.0,1940
2026-09-05T08:50:29Z,2026-09-05T10:42:00.000+02:00,N9227110200,N227 (bretelle),71.0,40
2026-09-05T08:50:29Z,2026-09-05T10:42:00.000+02:00,N0356021300,N356,68.0,2860
2026-09-05T08:50:29Z,2026-09-05T10:42:00.000+02:00,A0022011400,A22,75.0,460
2026-09-05T08:50:29Z,2026-09-05T10:42:00.000+02:00,A0027010300,A27,91.0,620
2026-09-05T08:50:29Z,2026-09-05T10:42:00.000+02:00,A9022020250,A22 (rocade),38.0,760
2026-09-05T08:50:29Z,2026-09-05T10:42:00.000+02:00,N0041010300,N41,88.0,2160
2026-09-05T08:50:29Z,2026-09-05T10:42:00.000+02:00,A0022011210,A22,80.0,500
2026-09-05T08:50:29Z,2026-09-05T10:42:00.000+02:00,A0027020100,A27,71.0,1390
2026-09-05T08:50:29Z,2026-09-05T10:42:00.000+02:00,A0001010300,A1,106.0,3480
2026-09-05T08:50:29Z,2026-09-05T10:42:00.000+02:00,A0022011220,A22,80.0,500
2026-09-05T08:50:29Z,2026-09-05T10:42:00.000+02:00,N0227021400,N227,84.0,100
2026-09-05T08:50:29Z,2026-09-05T10:42:00.000+02:00,A9022101110,A22 (rocade),77.0,800
2026-09-05T08:50:29Z,2026-09-05T10:42:00.000+02:00,A0022022110,A22,81.0,3500
2026-09-05T08:50:29Z,2026-09-05T10:42:00.000+02:00,N0356010800,N356,74.0,2490
2026-09-05T08:50:29Z,2026-09-05T10:42:00.000+02:00,A9001210710,A1 (bretelle),68.0,80
2026-09-05T08:50:29Z,2026-09-05T10:42:00.000+02:00,N0356021110,N356,73.0,3140
2026-09-05T08:50:29Z,2026-09-05T10:42:00.000+02:00,A0001010510,A1,106.0,3240
2026-09-05T08:50:29Z,2026-09-05T10:42:00.000+02:00,N0356021122,N356,66.0,3090
2026-09-05T08:50:29Z,2026-09-05T10:42:00.000+02:00,N0356021121,N356,73.0,3140
2026-09-05T08:50:29Z,2026-09-05T10:42:00.000+02:00,A0025010210,A25,74.0,4070
2026-09-05T08:50:29Z,2026-09-05T10:42:00.000+02:00,A0025011300,A25,85.0,1570
2026-09-05T08:50:29Z,2026-09-05T10:42:00.000+02:00,A0001020300,A1,109.0,3550
2026-09-05T08:50:29Z,2026-09-05T10:42:00.000+02:00,A0025021100,A25,100.0,1850
2026-09-05T08:50:29Z,2026-09-05T10:42:00.000+02:00,A0025023520,A25,112.0,1400
2026-09-05T08:50:29Z,2026-09-05T10:42:00.000+02:00,A0022022130,A22,65.0,3190
2026-09-05T08:50:29Z,2026-09-05T10:42:00.000+02:00,A0025010220,A25,74.0,4070
2026-09-05T08:50:29Z,2026-09-05T10:42:00.000+02:00,A0022022120,A22,84.0,3570
2026-09-05T08:50:29Z,2026-09-05T10:42:00.000+02:00,A0001010520,A1,100.0,3680
2026-09-05T08:50:29Z,2026-09-05T10:42:00.000+02:00,A0022011000,A22,80.0,2080
2026-09-05T08:50:29Z,2026-09-05T10:42:00.000+02:00,A0001020510,A1,103.0,3590
2026-09-05T08:50:29Z,2026-09-05T10:42:00.000+02:00,A0001021602,A1,83.0,4590
2026-09-05T08:50:29Z,2026-09-05T10:42:00.000+02:00,A22TC020222,A22 (contournement),87.0,2810
2026-09-05T08:50:29Z,2026-09-05T10:42:00.000+02:00,A0001010940,A1,97.0,4490
2026-09-05T08:50:29Z,2026-09-05T10:42:00.000+02:00,A0025023320,A25,114.0,1720
2026-09-05T08:50:29Z,2026-09-05T10:42:00.000+02:00,A0001020520,A1,97.0,3860
2026-09-05T08:50:29Z,2026-09-05T10:42:00.000+02:00,A0025023100,A25,111.0,1440
2026-09-05T08:50:29Z,2026-09-05T10:42:00.000+02:00,A22TC020230,A22 (contournement),87.0,2810
2026-09-05T08:50:29Z,2026-09-05T10:42:00.000+02:00,A0025021730,A25,90.0,2540
2026-09-05T08:50:29Z,2026-09-05T10:42:00.000+02:00,A0025023910,A25,120.0,1250
2026-09-05T08:50:29Z,2026-09-05T10:42:00.000+02:00,A0025021735,A25,104.0,2550
2026-09-05T08:50:29Z,2026-09-05T10:42:00.000+02:00,A0023010400,A23,111.0,1230
2026-09-05T08:50:29Z,2026-09-05T10:42:00.000+02:00,A0022021900,A22,76.0,2710
2026-09-05T08:50:29Z,2026-09-05T10:42:00.000+02:00,A9022100500,A22 (rocade),78.0,1320
2026-09-05T08:50:29Z,2026-09-05T10:42:00.000+02:00,A0001020940,A1,89.0,4010
2026-09-05T08:50:29Z,2026-09-05T10:42:00.000+02:00,A0001020700,A1,91.0,3130
2026-09-05T08:50:29Z,2026-09-05T10:42:00.000+02:00,A9022020830,A22 (rocade),88.0,280
2026-09-05T08:50:29Z,2026-09-05T10:42:00.000+02:00,A9022020822,A22 (rocade),78.0,1500
2026-09-05T08:50:29Z,2026-09-05T10:42:00.000+02:00,A9022020821,A22 (rocade),78.0,1500
2026-09-05T08:50:29Z,2026-09-05T10:42:00.000+02:00,A0025020420,A25,72.0,3280
2026-09-05T08:50:29Z,2026-09-05T10:42:00.000+02:00,A0025021510,A25,94.0,990
2026-09-05T08:50:29Z,2026-09-05T10:42:00.000+02:00,N0227010100,N227,64.0,1290
2026-09-05T08:50:29Z,2026-09-05T10:42:00.000+02:00,A0025011720,A25,100.0,2670
2026-09-05T08:50:29Z,2026-09-05T10:42:00.000+02:00,A0025021760,A25,89.0,2560
2026-09-05T08:50:29Z,2026-09-05T10:42:00.000+02:00,A0025011730,A25,88.0,2520
2026-09-05T08:50:29Z,2026-09-05T10:42:00.000+02:00,A0025011735,A25,100.0,2480
2026-09-05T08:50:29Z,2026-09-05T10:42:00.000+02:00,A9025080700,A25 (bretelle),,510
2026-09-05T08:50:29Z,2026-09-05T10:42:00.000+02:00,A9022100930,A22 (rocade),66.0,180
2026-09-05T08:50:29Z,2026-09-05T10:42:00.000+02:00,N0356011220,N356,73.0,2310
2026-09-05T08:50:29Z,2026-09-05T10:42:00.000+02:00,A0025011740,A25,86.0,2560
2026-09-05T08:50:29Z,2026-09-05T10:42:00.000+02:00,A0025010410,A25,69.0,3220
2026-09-05T08:50:29Z,2026-09-05T10:42:00.000+02:00,A0023010200,A23,90.0,1230
2026-09-05T08:50:29Z,2026-09-05T10:42:00.000+02:00,A9001210120,A1 (bretelle),77.0,480
2026-09-05T08:50:29Z,2026-09-05T10:42:00.000+02:00,A0025020210,A25,73.0,3850
2026-09-05T08:50:29Z,2026-09-05T10:42:00.000+02:00,N0356011210,N356,73.0,2310
2026-09-05T08:50:29Z,2026-09-05T10:42:00.000+02:00,A0025011510,A25,87.0,1870
2026-09-05T08:50:29Z,2026-09-05T10:42:00.000+02:00,A0025020220,A25,73.0,3850
2026-09-05T08:50:29Z,2026-09-05T10:42:00.000+02:00,N0227010302,N227,73.0,2440
2026-09-05T08:50:29Z,2026-09-05T10:42:00.000+02:00,N0041010500,N41,95.0,1670
2026-09-05T08:50:29Z,2026-09-05T10:42:00.000+02:00,N0227020101,N227,83.0,2330
2026-09-05T08:50:29Z,2026-09-05T10:42:00.000+02:00,A9022100110,A22 (rocade),67.0,710
2026-09-05T08:50:29Z,2026-09-05T10:42:00.000+02:00,A0022010400,A22,71.0,2480
2026-09-05T08:50:29Z,2026-09-05T10:42:00.000+02:00,N0356010302,N356,75.0,5090
2026-09-05T08:50:29Z,2026-09-05T10:42:00.000+02:00,A0025010800,A25,71.0,2560
2026-09-05T08:50:29Z,2026-09-05T10:42:00.000+02:00,A0027020621,A27,101.0,1610
2026-09-05T08:50:29Z,2026-09-05T10:42:00.000+02:00,N0041010700,N41,101.0,640
2026-09-05T08:50:29Z,2026-09-05T10:42:00.000+02:00,A0027020630,A27,104.0,1630
2026-09-05T08:50:29Z,2026-09-05T10:42:00.000+02:00,A0022021512,A22,77.0,2340
2026-09-05T08:50:29Z,2026-09-05T10:42:00.000+02:00,A0022021511,A22,80.0,2410
2026-09-05T08:50:29Z,2026-09-05T10:42:00.000+02:00,A0027020610,A27,101.0,1610
2026-09-05T08:50:29Z,2026-09-05T10:42:00.000+02:00,A0025021720,A25,99.0,2720
2026-09-05T08:50:29Z,2026-09-05T10:42:00.000+02:00,A0022021520,A22,77.0,2340
2026-09-05T08:50:29Z,2026-09-05T10:42:00.000+02:00,A0025022140,A25,111.0,2450
2026-09-05T08:50:29Z,2026-09-05T10:42:00.000+02:00,A0022011302,A22,74.0,1420
2026-09-05T08:50:29Z,2026-09-05T10:42:00.000+02:00,A0025022160,A25,107.0,2520
2026-09-05T08:50:29Z,2026-09-05T10:42:00.000+02:00,A9025060104,A25 (bretelle),72.0,2250
2026-09-05T08:50:29Z,2026-09-05T10:42:00.000+02:00,A0027010201,A27,92.0,1380
2026-09-05T08:50:29Z,2026-09-05T10:42:00.000+02:00,A0027010202,A27,79.0,780
2026-09-05T08:50:29Z,2026-09-05T10:42:00.000+02:00,N9227110110,N227 (bretelle),74.0,1150
2026-09-05T08:50:29Z,2026-09-05T10:42:00.000+02:00,A0025012130,A25,106.0,1170
2026-09-05T08:50:29Z,2026-09-05T10:42:00.000+02:00,A0027010210,A27,79.0,780
2026-09-05T08:50:29Z,2026-09-05T10:42:00.000+02:00,A0025011050,A25,94.0,1670
2026-09-05T08:50:29Z,2026-09-05T10:42:00.000+02:00,A0025012140,A25,106.0,2240
2026-09-05T08:50:29Z,2026-09-05T10:42:00.000+02:00,A0027010421,A27,99.0,980
2026-09-05T08:50:29Z,2026-09-05T10:42:00.000+02:00,A0022012420,A22,93.0,2470
2026-09-05T08:50:29Z,2026-09-05T10:42:00.000+02:00,A0027010430,A27,101.0,1020
2026-09-05T08:50:29Z,2026-09-05T10:42:00.000+02:00,A0023020710,A23,107.0,1700
2026-09-05T08:50:29Z,2026-09-05T10:42:00.000+02:00,A0022012430,A22,89.0,2350
2026-09-05T08:50:29Z,2026-09-05T10:42:00.000+02:00,A0025012160,A25,122.0,2180
2026-09-05T08:50:29Z,2026-09-05T10:42:00.000+02:00,A9022021200,A22 (rocade),53.0,480
2026-09-05T08:50:29Z,2026-09-05T10:42:00.000+02:00,A0001021100,A1,88.0,3790
2026-09-05T08:50:29Z,2026-09-05T10:42:00.000+02:00,A9022101000,A22 (rocade),71.0,730
2026-09-05T08:50:29Z,2026-09-05T10:42:00.000+02:00,A0025013020,A25,107.0,1950
2026-09-05T08:50:29Z,2026-09-05T10:42:00.000+02:00,A0027010410,A27,99.0,980
2026-09-05T08:50:29Z,2026-09-05T10:42:00.000+02:00,A0022012410,A22,93.0,2530
2026-09-05T08:50:29Z,2026-09-05T10:42:00.000+02:00,A0001A20112,A1,89.0,2240
2026-09-05T08:50:29Z,2026-09-05T10:42:00.000+02:00,A0001A20111,A1,88.0,1450
2026-09-05T08:50:29Z,2026-09-05T10:42:00.000+02:00,A0025010320,A25,71.0,2340
2026-09-05T08:50:29Z,2026-09-05T10:42:00.000+02:00,A0025022540,A25,112.0,1910
2026-09-05T08:50:29Z,2026-09-05T10:42:00.000+02:00,A0025022300,A25,113.0,1710
2026-09-05T08:50:29Z,2026-09-05T10:42:00.000+02:00,N0356021000,N356,73.0,2790
2026-09-05T08:50:29Z,2026-09-05T10:42:00.000+02:00,A22TC010102,A22 (contournement),85.0,1840
2026-09-05T08:50:29Z,2026-09-05T10:42:00.000+02:00,A0001011503,A1,86.0,5710
2026-09-05T08:50:29Z,2026-09-05T10:42:00.000+02:00,A0022012200,A22,80.0,2100
2026-09-05T08:50:29Z,2026-09-05T10:42:00.000+02:00,A22TC020102,A22 (contournement),83.0,2340
2026-09-05T08:50:29Z,2026-09-05T10:42:00.000+02:00,A22TC010300,A22 (contournement),78.0,1950
2026-09-05T08:50:29Z,2026-09-05T10:42:00.000+02:00,A0022012010,A22,80.0,1340
2026-09-05T08:50:29Z,2026-09-05T10:42:00.000+02:00,A0022012020,A22,80.0,1340
2026-09-05T08:50:29Z,2026-09-05T10:42:00.000+02:00,A0025022130,A25,127.0,2420
2026-09-05T08:50:29Z,2026-09-05T10:42:00.000+02:00,A0023010520,A23,117.0,1130
2026-09-05T08:50:29Z,2026-09-05T10:42:00.000+02:00,N0041020800,N41,96.0,1420
2026-09-05T08:50:29Z,2026-09-05T10:42:00.000+02:00,A0025010500,A25,70.0,2500
2026-09-05T08:50:29Z,2026-09-05T10:42:00.000+02:00,A0022020901,A22,74.0,2590
2026-09-05T08:50:29Z,2026-09-05T10:42:00.000+02:00,A0022020902,A22,74.0,2170
2026-09-05T08:50:29Z,2026-09-05T10:42:00.000+02:00,A0025020310,A25,76.0,2630
2026-09-05T08:50:29Z,2026-09-05T10:42:00.000+02:00,A0022021810,A22,77.0,2430
2026-09-05T08:50:29Z,2026-09-05T10:42:00.000+02:00,N0356011100,N356,73.0,2160
2026-09-05T08:50:29Z,2026-09-05T10:42:00.000+02:00,A0022021820,A22,77.0,2430
2026-09-05T08:50:29Z,2026-09-05T10:42:00.000+02:00,N0356020802,N356,69.0,3050
2026-09-05T08:50:29Z,2026-09-05T10:42:00.000+02:00,A0025020102,A25,66.0,60
2026-09-05T08:50:29Z,2026-09-05T10:42:00.000+02:00,A0025010310,A25,74.0,2730
2026-09-05T08:50:29Z,2026-09-05T10:42:00.000+02:00,A0025022530,A25,115.0,1890
2026-09-05T08:50:29Z,2026-09-05T10:42:00.000+02:00,A9001210200,A1 (bretelle),65.0,1110
2026-09-05T08:50:29Z,2026-09-05T10:42:00.000+02:00,A0022010700,A22,77.0,1840
2026-09-05T08:50:29Z,2026-09-05T10:42:00.000+02:00,N0041020400,N41,91.0,1650
2026-09-05T08:50:29Z,2026-09-05T10:42:00.000+02:00,A0023020720,A23,116.0,1630
2026-09-05T08:50:29Z,2026-09-05T10:42:00.000+02:00,A0022020500,A22,74.0,1290
2026-09-05T08:50:29Z,2026-09-05T10:42:00.000+02:00,N93563b0150,N356 (bretelle),66.0,40
2026-09-05T08:50:29Z,2026-09-05T10:42:00.000+02:00,A0025020950,A25,87.0,2580
2026-09-05T08:50:29Z,2026-09-05T10:42:00.000+02:00,A0023020300,A23,96.0,1030
2026-09-05T08:50:29Z,2026-09-05T10:42:00.000+02:00,A0001011000,A1,83.0,3940
2026-09-05T08:50:29Z,2026-09-05T10:42:00.000+02:00,A0027020500,A27,90.0,1070
2026-09-05T08:50:29Z,2026-09-05T10:42:00.000+02:00,N0356011500,N356,68.0,2250
2026-09-05T08:50:29Z,2026-09-05T10:42:00.000+02:00,A0001010150,A1,108.0,3630
2026-09-05T08:50:29Z,2026-09-05T10:42:00.000+02:00,N0356020400,N356,63.0,1370
2026-09-05T08:50:29Z,2026-09-05T10:42:00.000+02:00,N0041020600,N41,100.0,1170
2026-09-05T08:50:29Z,2026-09-05T10:42:00.000+02:00,A0025010700,A25,71.0,1430
2026-09-05T08:50:29Z,2026-09-05T10:42:00.000+02:00,A0002011230,A2,109.0,2390
2026-09-05T08:50:29Z,2026-09-05T10:42:00.000+02:00,A0025020500,A25,72.0,2400
2026-09-05T08:50:29Z,2026-09-05T10:42:00.000+02:00,A0002021290,A2,104.0,2930
2026-09-05T08:50:29Z,2026-09-05T10:42:00.000+02:00,A0022011600,A22,80.0,1240
2026-09-05T09:00:34Z,2026-09-05T10:54:00.000+02:00,A0001011200,A1,80.0,4240
2026-09-05T09:00:34Z,2026-09-05T10:54:00.000+02:00,A0027010102,A27,96.0,2780
2026-09-05T09:00:34Z,2026-09-05T10:54:00.000+02:00,N0041010100,N41,85.0,870
2026-09-05T09:00:34Z,2026-09-05T10:54:00.000+02:00,A0027010101,A27,96.0,2780
2026-09-05T09:00:34Z,2026-09-05T10:54:00.000+02:00,A0001020150,A1,107.0,3370
2026-09-05T09:00:34Z,2026-09-05T10:54:00.000+02:00,N0356011700,N356,73.0,2180
2026-09-05T09:00:34Z,2026-09-05T10:54:00.000+02:00,N9227110200,N227 (bretelle),78.0,20
2026-09-05T09:00:34Z,2026-09-05T10:54:00.000+02:00,N0356021300,N356,67.0,3030
2026-09-05T09:00:34Z,2026-09-05T10:54:00.000+02:00,A0022011400,A22,76.0,660
2026-09-05T09:00:34Z,2026-09-05T10:54:00.000+02:00,A0027010300,A27,93.0,610
2026-09-05T09:00:34Z,2026-09-05T10:54:00.000+02:00,A9022020250,A22 (rocade),33.0,890
2026-09-05T09:00:34Z,2026-09-05T10:54:00.000+02:00,N0041010300,N41,86.0,2130
2026-09-05T09:00:34Z,2026-09-05T10:54:00.000+02:00,A0022011210,A22,88.0,860
2026-09-05T09:00:34Z,2026-09-05T10:54:00.000+02:00,A0027020100,A27,70.0,1190
2026-09-05T09:00:34Z,2026-09-05T10:54:00.000+02:00,A0001010300,A1,107.0,3520
2026-09-05T09:00:34Z,2026-09-05T10:54:00.000+02:00,A0022011220,A22,88.0,860
2026-09-05T09:00:34Z,2026-09-05T10:54:00.000+02:00,N0227021400,N227,52.0,60
2026-09-05T09:00:34Z,2026-09-05T10:54:00.000+02:00,A9022101110,A22 (rocade),79.0,920
2026-09-05T09:00:34Z,2026-09-05T10:54:00.000+02:00,A0022022110,A22,85.0,3410
2026-09-05T09:00:34Z,2026-09-05T10:54:00.000+02:00,N0356010800,N356,73.0,2490
2026-09-05T09:00:34Z,2026-09-05T10:54:00.000+02:00,A9001210710,A1 (bretelle),73.0,150
2026-09-05T09:00:34Z,2026-09-05T10:54:00.000+02:00,N0356021110,N356,73.0,3100
2026-09-05T09:00:34Z,2026-09-05T10:54:00.000+02:00,A0001010510,A1,107.0,3490
2026-09-05T09:00:34Z,2026-09-05T10:54:00.000+02:00,N0356021122,N356,66.0,3140
2026-09-05T09:00:34Z,2026-09-05T10:54:00.000+02:00,N0356021121,N356,73.0,3100
2026-09-05T09:00:34Z,2026-09-05T10:54:00.000+02:00,A0025010210,A25,72.0,4510
2026-09-05T09:00:34Z,2026-09-05T10:54:00.000+02:00,A0025011300,A25,88.0,1440
2026-09-05T09:00:34Z,2026-09-05T10:54:00.000+02:00,A0001020300,A1,107.0,3370
2026-09-05T09:00:34Z,2026-09-05T10:54:00.000+02:00,A0025021100,A25,95.0,1730
2026-09-05T09:00:34Z,2026-09-05T10:54:00.000+02:00,A0025023520,A25,115.0,1490
2026-09-05T09:00:34Z,2026-09-05T10:54:00.000+02:00,A0022022130,A22,68.0,2980
2026-09-05T09:00:34Z,2026-09-05T10:54:00.000+02:00,A0025010220,A25,72.0,4510
2026-09-05T09:00:34Z,2026-09-05T10:54:00.000+02:00,A0022022120,A22,87.0,3340
2026-09-05T09:00:34Z,2026-09-05T10:54:00.000+02:00,A0001010520,A1,102.0,3940
2026-09-05T09:00:34Z,2026-09-05T10:54:00.000+02:00,A0022011000,A22,80.0,2570
2026-09-05T09:00:34Z,2026-09-05T10:54:00.000+02:00,A0001020510,A1,104.0,3440
2026-09-05T09:00:34Z,2026-09-05T10:54:00.000+02:00,A0001021602,A1,84.0,4210
2026-09-05T09:00:34Z,2026-09-05T10:54:00.000+02:00,A22TC020222,A22 (contournement),84.0,2810
2026-09-05T09:00:34Z,2026-09-05T10:54:00.000+02:00,A0001010940,A1,98.0,4390
2026-09-05T09:00:34Z,2026-09-05T10:54:00.000+02:00,A0025023320,A25,115.0,2040
2026-09-05T09:00:34Z,2026-09-05T10:54:00.000+02:00,A0001020520,A1,97.0,3580
2026-09-05T09:00:34Z,2026-09-05T10:54:00.000+02:00,A0025023100,A25,111.0,1950
2026-09-05T09:00:34Z,2026-09-05T10:54:00.000+02:00,A22TC020230,A22 (contournement),84.0,2810
2026-09-05T09:00:34Z,2026-09-05T10:54:00.000+02:00,A0025021730,A25,86.0,2840
2026-09-05T09:00:34Z,2026-09-05T10:54:00.000+02:00,A0025023910,A25,119.0,1320
2026-09-05T09:00:34Z,2026-09-05T10:54:00.000+02:00,A0025021735,A25,101.0,2670
2026-09-05T09:00:34Z,2026-09-05T10:54:00.000+02:00,A0023010400,A23,111.0,1260
2026-09-05T09:00:34Z,2026-09-05T10:54:00.000+02:00,A0022021900,A22,77.0,2860
2026-09-05T09:00:34Z,2026-09-05T10:54:00.000+02:00,A9022100500,A22 (rocade),78.0,1610
2026-09-05T09:00:34Z,2026-09-05T10:54:00.000+02:00,A0001020940,A1,89.0,3790
2026-09-05T09:00:34Z,2026-09-05T10:54:00.000+02:00,A0001020700,A1,90.0,3120
2026-09-05T09:00:34Z,2026-09-05T10:54:00.000+02:00,A9022020830,A22 (rocade),87.0,220
2026-09-05T09:00:34Z,2026-09-05T10:54:00.000+02:00,A9022020822,A22 (rocade),71.0,1520
2026-09-05T09:00:34Z,2026-09-05T10:54:00.000+02:00,A9022020821,A22 (rocade),71.0,1520
2026-09-05T09:00:34Z,2026-09-05T10:54:00.000+02:00,A0025020420,A25,71.0,2970
2026-09-05T09:00:34Z,2026-09-05T10:54:00.000+02:00,A0025021510,A25,93.0,960
2026-09-05T09:00:34Z,2026-09-05T10:54:00.000+02:00,N0227010100,N227,58.0,1380
2026-09-05T09:00:34Z,2026-09-05T10:54:00.000+02:00,A0025011720,A25,99.0,2810
2026-09-05T09:00:34Z,2026-09-05T10:54:00.000+02:00,A0025021760,A25,85.0,2670
2026-09-05T09:00:34Z,2026-09-05T10:54:00.000+02:00,A0025011730,A25,87.0,2810
2026-09-05T09:00:34Z,2026-09-05T10:54:00.000+02:00,A0025011735,A25,101.0,2630
2026-09-05T09:00:34Z,2026-09-05T10:54:00.000+02:00,A9025080700,A25 (bretelle),,650
2026-09-05T09:00:34Z,2026-09-05T10:54:00.000+02:00,A9022100930,A22 (rocade),76.0,150
2026-09-05T09:00:34Z,2026-09-05T10:54:00.000+02:00,N0356011220,N356,71.0,2250
2026-09-05T09:00:34Z,2026-09-05T10:54:00.000+02:00,A0025011740,A25,88.0,2560
2026-09-05T09:00:34Z,2026-09-05T10:54:00.000+02:00,A0025010410,A25,70.0,3580
2026-09-05T09:00:34Z,2026-09-05T10:54:00.000+02:00,A0023010200,A23,101.0,1110
2026-09-05T09:00:34Z,2026-09-05T10:54:00.000+02:00,A9001210120,A1 (bretelle),76.0,640
2026-09-05T09:00:34Z,2026-09-05T10:54:00.000+02:00,A0025020210,A25,74.0,3930
2026-09-05T09:00:34Z,2026-09-05T10:54:00.000+02:00,N0356011210,N356,71.0,2250
2026-09-05T09:00:34Z,2026-09-05T10:54:00.000+02:00,A0025011510,A25,88.0,1850
2026-09-05T09:00:34Z,2026-09-05T10:54:00.000+02:00,A0025020220,A25,74.0,3930
2026-09-05T09:00:34Z,2026-09-05T10:54:00.000+02:00,N0227010302,N227,74.0,2540
2026-09-05T09:00:34Z,2026-09-05T10:54:00.000+02:00,N0041010500,N41,93.0,1780
2026-09-05T09:00:34Z,2026-09-05T10:54:00.000+02:00,N0227020101,N227,84.0,2350
2026-09-05T09:00:34Z,2026-09-05T10:54:00.000+02:00,A9022100110,A22 (rocade),64.0,790
2026-09-05T09:00:34Z,2026-09-05T10:54:00.000+02:00,A0022010400,A22,73.0,2660
2026-09-05T09:00:34Z,2026-09-05T10:54:00.000+02:00,N0356010302,N356,73.0,4970
2026-09-05T09:00:34Z,2026-09-05T10:54:00.000+02:00,A0025010800,A25,74.0,2250
2026-09-05T09:00:34Z,2026-09-05T10:54:00.000+02:00,A0027020621,A27,101.0,1510
2026-09-05T09:00:34Z,2026-09-05T10:54:00.000+02:00,N0041010700,N41,96.0,840
2026-09-05T09:00:34Z,2026-09-05T10:54:00.000+02:00,A0027020630,A27,103.0,1640
2026-09-05T09:00:34Z,2026-09-05T10:54:00.000+02:00,A0022021512,A22,76.0,2610
2026-09-05T09:00:34Z,2026-09-05T10:54:00.000+02:00,A0022021511,A22,77.0,2740
2026-09-05T09:00:34Z,2026-09-05T10:54:00.000+02:00,A0027020610,A27,101.0,1510
2026-09-05T09:00:34Z,2026-09-05T10:54:00.000+02:00,A0025021720,A25,98.0,2810
2026-09-05T09:00:34Z,2026-09-05T10:54:00.000+02:00,A0022021520,A22,76.0,2610
2026-09-05T09:00:34Z,2026-09-05T10:54:00.000+02:00,A0025022140,A25,109.0,2220
2026-09-05T09:00:34Z,2026-09-05T10:54:00.000+02:00,A0022011302,A22,74.0,1820
2026-09-05T09:00:34Z,2026-09-05T10:54:00.000+02:00,A0025022160,A25,106.0,2190
2026-09-05T09:00:34Z,2026-09-05T10:54:00.000+02:00,A9025060104,A25 (bretelle),71.0,2030
2026-09-05T09:00:34Z,2026-09-05T10:54:00.000+02:00,A0027010201,A27,91.0,1100
2026-09-05T09:00:34Z,2026-09-05T10:54:00.000+02:00,A0027010202,A27,81.0,780
2026-09-05T09:00:34Z,2026-09-05T10:54:00.000+02:00,N9227110110,N227 (bretelle),73.0,1160
2026-09-05T09:00:34Z,2026-09-05T10:54:00.000+02:00,A0025012130,A25,106.0,1270
2026-09-05T09:00:34Z,2026-09-05T10:54:00.000+02:00,A0027010210,A27,81.0,780
2026-09-05T09:00:34Z,2026-09-05T10:54:00.000+02:00,A0025011050,A25,87.0,1460
2026-09-05T09:00:34Z,2026-09-05T10:54:00.000+02:00,A0025012140,A25,106.0,2560
2026-09-05T09:00:34Z,2026-09-05T10:54:00.000+02:00,A0027010421,A27,98.0,770
2026-09-05T09:00:34Z,2026-09-05T10:54:00.000+02:00,A0022012420,A22,92.0,2980
2026-09-05T09:00:34Z,2026-09-05T10:54:00.000+02:00,A0027010430,A27,101.0,780
2026-09-05T09:00:34Z,2026-09-05T10:54:00.000+02:00,A0023020710,A23,108.0,1560
2026-09-05T09:00:34Z,2026-09-05T10:54:00.000+02:00,A0022012430,A22,91.0,2850
2026-09-05T09:00:34Z,2026-09-05T10:54:00.000+02:00,A0025012160,A25,122.0,2830
2026-09-05T09:00:34Z,2026-09-05T10:54:00.000+02:00,A9022021200,A22 (rocade),55.0,440
2026-09-05T09:00:34Z,2026-09-05T10:54:00.000+02:00,A0001021100,A1,89.0,3160
2026-09-05T09:00:34Z,2026-09-05T10:54:00.000+02:00,A9022101000,A22 (rocade),98.0,690
2026-09-05T09:00:34Z,2026-09-05T10:54:00.000+02:00,A0025013020,A25,109.0,2660
2026-09-05T09:00:34Z,2026-09-05T10:54:00.000+02:00,A0027010410,A27,98.0,770
2026-09-05T09:00:34Z,2026-09-05T10:54:00.000+02:00,A0022012410,A22,90.0,3010
2026-09-05T09:00:34Z,2026-09-05T10:54:00.000+02:00,A0001A20112,A1,87.0,2220
2026-09-05T09:00:34Z,2026-09-05T10:54:00.000+02:00,A0001A20111,A1,92.0,1200
2026-09-05T09:00:34Z,2026-09-05T10:54:00.000+02:00,A0025010320,A25,60.0,2280
2026-09-05T09:00:34Z,2026-09-05T10:54:00.000+02:00,A0025022540,A25,108.0,1940
2026-09-05T09:00:34Z,2026-09-05T10:54:00.000+02:00,A0025022300,A25,106.0,1510
2026-09-05T09:00:34Z,2026-09-05T10:54:00.000+02:00,N0356021000,N356,74.0,2750
2026-09-05T09:00:34Z,2026-09-05T10:54:00.000+02:00,A22TC010102,A22 (contournement),86.0,1690
2026-09-05T09:00:34Z,2026-09-05T10:54:00.000+02:00,A0001011503,A1,85.0,5720
2026-09-05T09:00:34Z,2026-09-05T10:54:00.000+02:00,A0022012200,A22,80.0,2470
2026-09-05T09:00:34Z,2026-09-05T10:54:00.000+02:00,A22TC020102,A22 (contournement),82.0,2270
2026-09-05T09:00:34Z,2026-09-05T10:54:00.000+02:00,A22TC010300,A22 (contournement),78.0,2010
2026-09-05T09:00:34Z,2026-09-05T10:54:00.000+02:00,A0022012010,A22,80.0,1710
2026-09-05T09:00:34Z,2026-09-05T10:54:00.000+02:00,A0022012020,A22,80.0,1710
2026-09-05T09:00:34Z,2026-09-05T10:54:00.000+02:00,A0025022130,A25,123.0,2290
2026-09-05T09:00:34Z,2026-09-05T10:54:00.000+02:00,A0023010520,A23,117.0,1300
2026-09-05T09:00:34Z,2026-09-05T10:54:00.000+02:00,N0041020800,N41,98.0,1450
2026-09-05T09:00:34Z,2026-09-05T10:54:00.000+02:00,A0025010500,A25,65.0,2340
2026-09-05T09:00:34Z,2026-09-05T10:54:00.000+02:00,A0022020901,A22,79.0,2400
2026-09-05T09:00:34Z,2026-09-05T10:54:00.000+02:00,A0022020902,A22,79.0,1790
2026-09-05T09:00:34Z,2026-09-05T10:54:00.000+02:00,A0025020310,A25,76.0,2730
2026-09-05T09:00:34Z,2026-09-05T10:54:00.000+02:00,A0022021810,A22,78.0,2640
2026-09-05T09:00:34Z,2026-09-05T10:54:00.000+02:00,N0356011100,N356,71.0,2160
2026-09-05T09:00:34Z,2026-09-05T10:54:00.000+02:00,A0022021820,A22,78.0,2640
2026-09-05T09:00:34Z,2026-09-05T10:54:00.000+02:00,N0356020802,N356,70.0,3130
2026-09-05T09:00:34Z,2026-09-05T10:54:00.000+02:00,A9022020900,A22 (rocade),81.0,280
2026-09-05T09:00:34Z,2026-09-05T10:54:00.000+02:00,A0025020102,A25,70.0,400
2026-09-05T09:00:34Z,2026-09-05T10:54:00.000+02:00,A0025010310,A25,73.0,2970
2026-09-05T09:00:34Z,2026-09-05T10:54:00.000+02:00,A0023010100,A23,114.0,130
2026-09-05T09:00:34Z,2026-09-05T10:54:00.000+02:00,A0025022530,A25,110.0,1970
2026-09-05T09:00:34Z,2026-09-05T10:54:00.000+02:00,A9001210200,A1 (bretelle),66.0,1100
2026-09-05T09:00:34Z,2026-09-05T10:54:00.000+02:00,A0022010700,A22,79.0,1940
2026-09-05T09:00:34Z,2026-09-05T10:54:00.000+02:00,N0041020400,N41,90.0,1980
2026-09-05T09:00:34Z,2026-09-05T10:54:00.000+02:00,A0023020720,A23,117.0,1410
2026-09-05T09:00:34Z,2026-09-05T10:54:00.000+02:00,A0022020500,A22,79.0,1210
2026-09-05T09:00:34Z,2026-09-05T10:54:00.000+02:00,N93563b0150,N356 (bretelle),70.0,110
2026-09-05T09:00:34Z,2026-09-05T10:54:00.000+02:00,A0025020950,A25,90.0,2470
2026-09-05T09:00:34Z,2026-09-05T10:54:00.000+02:00,A0023020300,A23,94.0,1020
2026-09-05T09:00:34Z,2026-09-05T10:54:00.000+02:00,A0001011000,A1,84.0,3940
2026-09-05T09:00:34Z,2026-09-05T10:54:00.000+02:00,A0027020500,A27,85.0,830
2026-09-05T09:00:34Z,2026-09-05T10:54:00.000+02:00,N0356011500,N356,72.0,2360
2026-09-05T09:00:34Z,2026-09-05T10:54:00.000+02:00,A0001010150,A1,108.0,3620
2026-09-05T09:00:34Z,2026-09-05T10:54:00.000+02:00,N0356020400,N356,66.0,1250
2026-09-05T09:00:34Z,2026-09-05T10:54:00.000+02:00,N0041020600,N41,102.0,1280
2026-09-05T09:00:34Z,2026-09-05T10:54:00.000+02:00,A0025010700,A25,67.0,1350
2026-09-05T09:00:34Z,2026-09-05T10:54:00.000+02:00,A0002011230,A2,106.0,2360
2026-09-05T09:00:34Z,2026-09-05T10:54:00.000+02:00,A0025020500,A25,71.0,2140
2026-09-05T09:00:34Z,2026-09-05T10:54:00.000+02:00,A0002021290,A2,104.0,3080
2026-09-05T09:00:34Z,2026-09-05T10:54:00.000+02:00,A0022011600,A22,81.0,1510
2026-09-05T09:10:32Z,2026-09-05T11:00:00.000+02:00,A0001011200,A1,81.0,3540
2026-09-05T09:10:32Z,2026-09-05T11:00:00.000+02:00,A0027010102,A27,90.0,2750
2026-09-05T09:10:32Z,2026-09-05T11:00:00.000+02:00,N0041010100,N41,87.0,750
2026-09-05T09:10:32Z,2026-09-05T11:00:00.000+02:00,A0027010101,A27,90.0,2750
2026-09-05T09:10:32Z,2026-09-05T11:00:00.000+02:00,A0001020150,A1,108.0,3060
2026-09-05T09:10:32Z,2026-09-05T11:00:00.000+02:00,N0356011700,N356,74.0,1930
2026-09-05T09:10:32Z,2026-09-05T11:00:00.000+02:00,N9227110200,N227 (bretelle),57.0,20
2026-09-05T09:10:32Z,2026-09-05T11:00:00.000+02:00,N0356021300,N356,66.0,3270
2026-09-05T09:10:32Z,2026-09-05T11:00:00.000+02:00,A0022011400,A22,77.0,640
2026-09-05T09:10:32Z,2026-09-05T11:00:00.000+02:00,A0027010300,A27,92.0,630
2026-09-05T09:10:32Z,2026-09-05T11:00:00.000+02:00,A9022020250,A22 (rocade),36.0,790
2026-09-05T09:10:32Z,2026-09-05T11:00:00.000+02:00,N0041010300,N41,89.0,2040
2026-09-05T09:10:32Z,2026-09-05T11:00:00.000+02:00,A0022011210,A22,90.0,810
2026-09-05T09:10:32Z,2026-09-05T11:00:00.000+02:00,A0027020100,A27,72.0,1050
2026-09-05T09:10:32Z,2026-09-05T11:00:00.000+02:00,A0001010300,A1,101.0,3790
2026-09-05T09:10:32Z,2026-09-05T11:00:00.000+02:00,A0022011220,A22,90.0,810
2026-09-05T09:10:32Z,2026-09-05T11:00:00.000+02:00,N0227021400,N227,66.0,40
2026-09-05T09:10:32Z,2026-09-05T11:00:00.000+02:00,A9022101110,A22 (rocade),82.0,870
2026-09-05T09:10:32Z,2026-09-05T11:00:00.000+02:00,A0022022110,A22,79.0,3630
2026-09-05T09:10:32Z,2026-09-05T11:00:00.000+02:00,N0356010800,N356,73.0,2160
2026-09-05T09:10:32Z,2026-09-05T11:00:00.000+02:00,A9001210710,A1 (bretelle),68.0,270
2026-09-05T09:10:32Z,2026-09-05T11:00:00.000+02:00,N0356021110,N356,71.0,3560
2026-09-05T09:10:32Z,2026-09-05T11:00:00.000+02:00,A0001010510,A1,101.0,3330
2026-09-05T09:10:32Z,2026-09-05T11:00:00.000+02:00,N0356021122,N356,65.0,3490
2026-09-05T09:10:32Z,2026-09-05T11:00:00.000+02:00,N0356021121,N356,71.0,3560
2026-09-05T09:10:32Z,2026-09-05T11:00:00.000+02:00,A0025010210,A25,72.0,4170
2026-09-05T09:10:32Z,2026-09-05T11:00:00.000+02:00,A0025011300,A25,87.0,1330
2026-09-05T09:10:32Z,2026-09-05T11:00:00.000+02:00,A0001020300,A1,108.0,3070
2026-09-05T09:10:32Z,2026-09-05T11:00:00.000+02:00,A0025021100,A25,92.0,1700
2026-09-05T09:10:32Z,2026-09-05T11:00:00.000+02:00,A0025023520,A25,111.0,1390
2026-09-05T09:10:32Z,2026-09-05T11:00:00.000+02:00,A0022022130,A22,66.0,3260
2026-09-05T09:10:32Z,2026-09-05T11:00:00.000+02:00,A0025010220,A25,72.0,4170
2026-09-05T09:10:32Z,2026-09-05T11:00:00.000+02:00,A0022022120,A22,82.0,3680
2026-09-05T09:10:32Z,2026-09-05T11:00:00.000+02:00,A0001010520,A1,100.0,3680
2026-09-05T09:10:32Z,2026-09-05T11:00:00.000+02:00,A0022011000,A22,87.0,2310
2026-09-05T09:10:32Z,2026-09-05T11:00:00.000+02:00,A0001020510,A1,105.0,3050
2026-09-05T09:10:32Z,2026-09-05T11:00:00.000+02:00,A0001021602,A1,83.0,4350
2026-09-05T09:10:32Z,2026-09-05T11:00:00.000+02:00,A22TC020222,A22 (contournement),86.0,2400
2026-09-05T09:10:32Z,2026-09-05T11:00:00.000+02:00,A0001010940,A1,98.0,3980
2026-09-05T09:10:32Z,2026-09-05T11:00:00.000+02:00,A0025023320,A25,112.0,2120
2026-09-05T09:10:32Z,2026-09-05T11:00:00.000+02:00,A0001020520,A1,99.0,3100
2026-09-05T09:10:32Z,2026-09-05T11:00:00.000+02:00,A0025023100,A25,112.0,1690
2026-09-05T09:10:32Z,2026-09-05T11:00:00.000+02:00,A22TC020230,A22 (contournement),86.0,2400
2026-09-05T09:10:32Z,2026-09-05T11:00:00.000+02:00,A0025021730,A25,87.0,2870
2026-09-05T09:10:32Z,2026-09-05T11:00:00.000+02:00,A0025023910,A25,120.0,1210
2026-09-05T09:10:32Z,2026-09-05T11:00:00.000+02:00,A0025021735,A25,99.0,3070
2026-09-05T09:10:32Z,2026-09-05T11:00:00.000+02:00,A0023010400,A23,109.0,1120
2026-09-05T09:10:32Z,2026-09-05T11:00:00.000+02:00,A0022021900,A22,77.0,2770
2026-09-05T09:10:32Z,2026-09-05T11:00:00.000+02:00,A9022100500,A22 (rocade),78.0,1420
2026-09-05T09:10:32Z,2026-09-05T11:00:00.000+02:00,A0001020940,A1,91.0,3650
2026-09-05T09:10:32Z,2026-09-05T11:00:00.000+02:00,A0001020700,A1,94.0,2450
2026-09-05T09:10:32Z,2026-09-05T11:00:00.000+02:00,A9022020830,A22 (rocade),87.0,310
2026-09-05T09:10:32Z,2026-09-05T11:00:00.000+02:00,A9022020822,A22 (rocade),74.0,1510
2026-09-05T09:10:32Z,2026-09-05T11:00:00.000+02:00,A9022020821,A22 (rocade),74.0,1510
2026-09-05T09:10:32Z,2026-09-05T11:00:00.000+02:00,A0025020420,A25,70.0,2950
2026-09-05T09:10:32Z,2026-09-05T11:00:00.000+02:00,A0025021510,A25,93.0,920
2026-09-05T09:10:32Z,2026-09-05T11:00:00.000+02:00,N0227010100,N227,67.0,1230
2026-09-05T09:10:32Z,2026-09-05T11:00:00.000+02:00,A0025011720,A25,101.0,2540
2026-09-05T09:10:32Z,2026-09-05T11:00:00.000+02:00,A0025021760,A25,86.0,3100
2026-09-05T09:10:32Z,2026-09-05T11:00:00.000+02:00,A0025011730,A25,88.0,2650
2026-09-05T09:10:32Z,2026-09-05T11:00:00.000+02:00,A0025011735,A25,99.0,2830
2026-09-05T09:10:32Z,2026-09-05T11:00:00.000+02:00,A9025080700,A25 (bretelle),,740
2026-09-05T09:10:32Z,2026-09-05T11:00:00.000+02:00,A9022100930,A22 (rocade),79.0,170
2026-09-05T09:10:32Z,2026-09-05T11:00:00.000+02:00,N0356011220,N356,71.0,2110
2026-09-05T09:10:32Z,2026-09-05T11:00:00.000+02:00,A0025011740,A25,84.0,2840
2026-09-05T09:10:32Z,2026-09-05T11:00:00.000+02:00,A0025010410,A25,70.0,3270
2026-09-05T09:10:32Z,2026-09-05T11:00:00.000+02:00,A0023010200,A23,95.0,1060
2026-09-05T09:10:32Z,2026-09-05T11:00:00.000+02:00,A9001210120,A1 (bretelle),77.0,520
2026-09-05T09:10:32Z,2026-09-05T11:00:00.000+02:00,A0025020210,A25,72.0,3410
2026-09-05T09:10:32Z,2026-09-05T11:00:00.000+02:00,N0356011210,N356,71.0,2110
2026-09-05T09:10:32Z,2026-09-05T11:00:00.000+02:00,A0025011510,A25,89.0,1660
2026-09-05T09:10:32Z,2026-09-05T11:00:00.000+02:00,A0025020220,A25,72.0,3410
2026-09-05T09:10:32Z,2026-09-05T11:00:00.000+02:00,N0227010302,N227,76.0,2410
2026-09-05T09:10:32Z,2026-09-05T11:00:00.000+02:00,N0041010500,N41,57.0,1460
2026-09-05T09:10:32Z,2026-09-05T11:00:00.000+02:00,N0227020101,N227,78.0,2110
2026-09-05T09:10:32Z,2026-09-05T11:00:00.000+02:00,A9022100110,A22 (rocade),65.0,720
2026-09-05T09:10:32Z,2026-09-05T11:00:00.000+02:00,A0022010400,A22,72.0,2650
2026-09-05T09:10:32Z,2026-09-05T11:00:00.000+02:00,N0356010302,N356,74.0,4570
2026-09-05T09:10:32Z,2026-09-05T11:00:00.000+02:00,A0025010800,A25,72.0,2290
2026-09-05T09:10:32Z,2026-09-05T11:00:00.000+02:00,A0027020621,A27,102.0,1570
2026-09-05T09:10:32Z,2026-09-05T11:00:00.000+02:00,N0041010700,N41,97.0,530
2026-09-05T09:10:32Z,2026-09-05T11:00:00.000+02:00,A0027020630,A27,104.0,1520
2026-09-05T09:10:32Z,2026-09-05T11:00:00.000+02:00,A0022021512,A22,74.0,2200
2026-09-05T09:10:32Z,2026-09-05T11:00:00.000+02:00,A0022021511,A22,73.0,2150
2026-09-05T09:10:32Z,2026-09-05T11:00:00.000+02:00,A0027020610,A27,102.0,1570
2026-09-05T09:10:32Z,2026-09-05T11:00:00.000+02:00,A0025021720,A25,100.0,2660
2026-09-05T09:10:32Z,2026-09-05T11:00:00.000+02:00,A0022021520,A22,74.0,2200
2026-09-05T09:10:32Z,2026-09-05T11:00:00.000+02:00,A0025022140,A25,106.0,2790
2026-09-05T09:10:32Z,2026-09-05T11:00:00.000+02:00,A0022011302,A22,76.0,1820
2026-09-05T09:10:32Z,2026-09-05T11:00:00.000+02:00,A0025022160,A25,105.0,2830
2026-09-05T09:10:32Z,2026-09-05T11:00:00.000+02:00,A9025060104,A25 (bretelle),71.0,2040
2026-09-05T09:10:32Z,2026-09-05T11:00:00.000+02:00,A0027010201,A27,92.0,1160
2026-09-05T09:10:32Z,2026-09-05T11:00:00.000+02:00,A0027010202,A27,79.0,830
2026-09-05T09:10:32Z,2026-09-05T11:00:00.000+02:00,N9227110110,N227 (bretelle),74.0,1180
2026-09-05T09:10:32Z,2026-09-05T11:00:00.000+02:00,A0025012130,A25,106.0,1250
2026-09-05T09:10:32Z,2026-09-05T11:00:00.000+02:00,A0027010210,A27,79.0,830
2026-09-05T09:10:32Z,2026-09-05T11:00:00.000+02:00,A0025011050,A25,92.0,1410
2026-09-05T09:10:32Z,2026-09-05T11:00:00.000+02:00,A0025012140,A25,106.0,2550
2026-09-05T09:10:32Z,2026-09-05T11:00:00.000+02:00,A0027010421,A27,99.0,970
2026-09-05T09:10:32Z,2026-09-05T11:00:00.000+02:00,A0022012420,A22,95.0,2540
2026-09-05T09:10:32Z,2026-09-05T11:00:00.000+02:00,A0027010430,A27,102.0,1020
2026-09-05T09:10:32Z,2026-09-05T11:00:00.000+02:00,A0023020710,A23,107.0,1420
2026-09-05T09:10:32Z,2026-09-05T11:00:00.000+02:00,A0022012430,A22,91.0,2690
2026-09-05T09:10:32Z,2026-09-05T11:00:00.000+02:00,A0025012160,A25,123.0,2410
2026-09-05T09:10:32Z,2026-09-05T11:00:00.000+02:00,A9022021200,A22 (rocade),54.0,390
2026-09-05T09:10:32Z,2026-09-05T11:00:00.000+02:00,A0001021100,A1,86.0,3030
2026-09-05T09:10:32Z,2026-09-05T11:00:00.000+02:00,A9022101000,A22 (rocade),127.0,660
2026-09-05T09:10:32Z,2026-09-05T11:00:00.000+02:00,A0025013020,A25,112.0,2090
2026-09-05T09:10:32Z,2026-09-05T11:00:00.000+02:00,A0027010410,A27,99.0,970
2026-09-05T09:10:32Z,2026-09-05T11:00:00.000+02:00,A0022012410,A22,95.0,2540
2026-09-05T09:10:32Z,2026-09-05T11:00:00.000+02:00,A0001A20112,A1,87.0,1950
2026-09-05T09:10:32Z,2026-09-05T11:00:00.000+02:00,A0001A20111,A1,87.0,1330
2026-09-05T09:10:32Z,2026-09-05T11:00:00.000+02:00,A0025010320,A25,43.0,2200
2026-09-05T09:10:32Z,2026-09-05T11:00:00.000+02:00,A0025022540,A25,113.0,2290
2026-09-05T09:10:32Z,2026-09-05T11:00:00.000+02:00,A0025022300,A25,114.0,1920
2026-09-05T09:10:32Z,2026-09-05T11:00:00.000+02:00,N0356021000,N356,72.0,3100
2026-09-05T09:10:32Z,2026-09-05T11:00:00.000+02:00,A22TC010102,A22 (contournement),88.0,1410
2026-09-05T09:10:32Z,2026-09-05T11:00:00.000+02:00,A0001011503,A1,85.0,5410
2026-09-05T09:10:32Z,2026-09-05T11:00:00.000+02:00,A0022012200,A22,82.0,2110
2026-09-05T09:10:32Z,2026-09-05T11:00:00.000+02:00,A22TC020102,A22 (contournement),83.0,2090
2026-09-05T09:10:32Z,2026-09-05T11:00:00.000+02:00,A22TC010300,A22 (contournement),81.0,1610
2026-09-05T09:10:32Z,2026-09-05T11:00:00.000+02:00,A0022012010,A22,81.0,1630
2026-09-05T09:10:32Z,2026-09-05T11:00:00.000+02:00,A0022012020,A22,81.0,1630
2026-09-05T09:10:32Z,2026-09-05T11:00:00.000+02:00,A0025022130,A25,120.0,2740
2026-09-05T09:10:32Z,2026-09-05T11:00:00.000+02:00,A0023010520,A23,116.0,1130
2026-09-05T09:10:32Z,2026-09-05T11:00:00.000+02:00,N0041020800,N41,96.0,1570
2026-09-05T09:10:32Z,2026-09-05T11:00:00.000+02:00,A0025010500,A25,68.0,2480
2026-09-05T09:10:32Z,2026-09-05T11:00:00.000+02:00,A0022020901,A22,80.0,2240
2026-09-05T09:10:32Z,2026-09-05T11:00:00.000+02:00,A0022020902,A22,80.0,1940
2026-09-05T09:10:32Z,2026-09-05T11:00:00.000+02:00,A0025020310,A25,71.0,2470
2026-09-05T09:10:32Z,2026-09-05T11:00:00.000+02:00,A0022021810,A22,76.0,2320
2026-09-05T09:10:32Z,2026-09-05T11:00:00.000+02:00,N0356011100,N356,71.0,1990
2026-09-05T09:10:32Z,2026-09-05T11:00:00.000+02:00,A0022021820,A22,76.0,2320
2026-09-05T09:10:32Z,2026-09-05T11:00:00.000+02:00,N0356020802,N356,68.0,3310
2026-09-05T09:10:32Z,2026-09-05T11:00:00.000+02:00,A9022020900,A22 (rocade),77.0,200
2026-09-05T09:10:32Z,2026-09-05T11:00:00.000+02:00,A0025020102,A25,69.0,110
2026-09-05T09:10:32Z,2026-09-05T11:00:00.000+02:00,A0025010310,A25,72.0,2720
2026-09-05T09:10:32Z,2026-09-05T11:00:00.000+02:00,A0023010100,A23,103.0,50
2026-09-05T09:10:32Z,2026-09-05T11:00:00.000+02:00,A0025022530,A25,115.0,2200
2026-09-05T09:10:32Z,2026-09-05T11:00:00.000+02:00,A9001210200,A1 (bretelle),65.0,960
2026-09-05T09:10:32Z,2026-09-05T11:00:00.000+02:00,A0022010700,A22,78.0,2030
2026-09-05T09:10:32Z,2026-09-05T11:00:00.000+02:00,N0041020400,N41,89.0,1740
2026-09-05T09:10:32Z,2026-09-05T11:00:00.000+02:00,A0023020720,A23,115.0,1520
2026-09-05T09:10:32Z,2026-09-05T11:00:00.000+02:00,A0022020500,A22,80.0,1280
2026-09-05T09:10:32Z,2026-09-05T11:00:00.000+02:00,N93563b0150,N356 (bretelle),69.0,70
2026-09-05T09:10:32Z,2026-09-05T11:00:00.000+02:00,A0025020950,A25,87.0,2480
2026-09-05T09:10:32Z,2026-09-05T11:00:00.000+02:00,A0023020300,A23,89.0,940
2026-09-05T09:10:32Z,2026-09-05T11:00:00.000+02:00,A0001011000,A1,86.0,3350
2026-09-05T09:10:32Z,2026-09-05T11:00:00.000+02:00,A0027020500,A27,92.0,970
2026-09-05T09:10:32Z,2026-09-05T11:00:00.000+02:00,N0356011500,N356,70.0,2250
2026-09-05T09:10:32Z,2026-09-05T11:00:00.000+02:00,A0001010150,A1,107.0,3910
2026-09-05T09:10:32Z,2026-09-05T11:00:00.000+02:00,N0356020400,N356,59.0,1520
2026-09-05T09:10:32Z,2026-09-05T11:00:00.000+02:00,N0041020600,N41,100.0,1140
2026-09-05T09:10:32Z,2026-09-05T11:00:00.000+02:00,A0025010700,A25,66.0,1490
2026-09-05T09:10:32Z,2026-09-05T11:00:00.000+02:00,A0002011230,A2,106.0,2410
2026-09-05T09:10:32Z,2026-09-05T11:00:00.000+02:00,A0025020500,A25,69.0,2410
2026-09-05T09:10:32Z,2026-09-05T11:00:00.000+02:00,A0002021290,A2,103.0,3290
2026-09-05T09:10:32Z,2026-09-05T11:00:00.000+02:00,A0022011600,A22,82.0,1450
2026-09-05T09:20:30Z,2026-09-05T11:12:00.000+02:00,A0001011200,A1,65.0,4500
2026-09-05T09:20:30Z,2026-09-05T11:12:00.000+02:00,A0027010102,A27,105.0,2880
2026-09-05T09:20:30Z,2026-09-05T11:12:00.000+02:00,N0041010100,N41,84.0,990
2026-09-05T09:20:30Z,2026-09-05T11:12:00.000+02:00,A0027010101,A27,105.0,2880
2026-09-05T09:20:30Z,2026-09-05T11:12:00.000+02:00,A0001020150,A1,108.0,3300
2026-09-05T09:20:30Z,2026-09-05T11:12:00.000+02:00,N0356011700,N356,74.0,1930
2026-09-05T09:20:30Z,2026-09-05T11:12:00.000+02:00,N9227110200,N227 (bretelle),70.0,20
2026-09-05T09:20:30Z,2026-09-05T11:12:00.000+02:00,N0356021300,N356,67.0,2700
2026-09-05T09:20:30Z,2026-09-05T11:12:00.000+02:00,A0022011400,A22,74.0,420
2026-09-05T09:20:30Z,2026-09-05T11:12:00.000+02:00,A0027010300,A27,89.0,580
2026-09-05T09:20:30Z,2026-09-05T11:12:00.000+02:00,A9022020250,A22 (rocade),40.0,930
2026-09-05T09:20:30Z,2026-09-05T11:12:00.000+02:00,N0041010300,N41,84.0,2570
2026-09-05T09:20:30Z,2026-09-05T11:12:00.000+02:00,A0022011210,A22,81.0,550
2026-09-05T09:20:30Z,2026-09-05T11:12:00.000+02:00,A0027020100,A27,73.0,1230
2026-09-05T09:20:30Z,2026-09-05T11:12:00.000+02:00,A0001010300,A1,108.0,3360
2026-09-05T09:20:30Z,2026-09-05T11:12:00.000+02:00,A0022011220,A22,81.0,550
2026-09-05T09:20:30Z,2026-09-05T11:12:00.000+02:00,N0227021400,N227,53.0,80
2026-09-05T09:20:30Z,2026-09-05T11:12:00.000+02:00,A9022101110,A22 (rocade),78.0,810
2026-09-05T09:20:30Z,2026-09-05T11:12:00.000+02:00,A0022022110,A22,86.0,3130
2026-09-05T09:20:30Z,2026-09-05T11:12:00.000+02:00,N0356010800,N356,72.0,2190
2026-09-05T09:20:30Z,2026-09-05T11:12:00.000+02:00,A9001210710,A1 (bretelle),70.0,60
2026-09-05T09:20:30Z,2026-09-05T11:12:00.000+02:00,N0356021110,N356,70.0,2900
2026-09-05T09:20:30Z,2026-09-05T11:12:00.000+02:00,A0001010510,A1,108.0,3070
2026-09-05T09:20:30Z,2026-09-05T11:12:00.000+02:00,N0356021122,N356,65.0,2840
2026-09-05T09:20:30Z,2026-09-05T11:12:00.000+02:00,N0356021121,N356,70.0,2900
2026-09-05T09:20:30Z,2026-09-05T11:12:00.000+02:00,A0025010210,A25,72.0,4200
2026-09-05T09:20:30Z,2026-09-05T11:12:00.000+02:00,A0025011300,A25,87.0,1320
2026-09-05T09:20:30Z,2026-09-05T11:12:00.000+02:00,A0001020300,A1,109.0,3260
2026-09-05T09:20:30Z,2026-09-05T11:12:00.000+02:00,A0025021100,A25,89.0,2150
2026-09-05T09:20:30Z,2026-09-05T11:12:00.000+02:00,A0025023520,A25,113.0,1340
2026-09-05T09:20:30Z,2026-09-05T11:12:00.000+02:00,A0022022130,A22,75.0,2850
2026-09-05T09:20:30Z,2026-09-05T11:12:00.000+02:00,A0025010220,A25,72.0,4200
2026-09-05T09:20:30Z,2026-09-05T11:12:00.000+02:00,A0022022120,A22,89.0,3150
2026-09-05T09:20:30Z,2026-09-05T11:12:00.000+02:00,A0001010520,A1,99.0,3720
2026-09-05T09:20:30Z,2026-09-05T11:12:00.000+02:00,A0022011000,A22,77.0,2270
2026-09-05T09:20:30Z,2026-09-05T11:12:00.000+02:00,A0001020510,A1,107.0,3190
2026-09-05T09:20:30Z,2026-09-05T11:12:00.000+02:00,A0001021602,A1,82.0,4670
2026-09-05T09:20:30Z,2026-09-05T11:12:00.000+02:00,A22TC020222,A22 (contournement),85.0,2580
2026-09-05T09:20:30Z,2026-09-05T11:12:00.000+02:00,A0001010940,A1,97.0,4380
2026-09-05T09:20:30Z,2026-09-05T11:12:00.000+02:00,A0025023320,A25,115.0,1910
2026-09-05T09:20:30Z,2026-09-05T11:12:00.000+02:00,A0001020520,A1,102.0,3370
2026-09-05T09:20:30Z,2026-09-05T11:12:00.000+02:00,A0025023100,A25,112.0,1560
2026-09-05T09:20:30Z,2026-09-05T11:12:00.000+02:00,A22TC020230,A22 (contournement),85.0,2580
2026-09-05T09:20:30Z,2026-09-05T11:12:00.000+02:00,A0025021730,A25,86.0,2920
2026-09-05T09:20:30Z,2026-09-05T11:12:00.000+02:00,A0025023910,A25,117.0,1150
2026-09-05T09:20:30Z,2026-09-05T11:12:00.000+02:00,A0025021735,A25,98.0,3000
2026-09-05T09:20:30Z,2026-09-05T11:12:00.000+02:00,A0023010400,A23,109.0,1130
2026-09-05T09:20:30Z,2026-09-05T11:12:00.000+02:00,A0022021900,A22,81.0,2510
2026-09-05T09:20:30Z,2026-09-05T11:12:00.000+02:00,A9022100500,A22 (rocade),77.0,1230
2026-09-05T09:20:30Z,2026-09-05T11:12:00.000+02:00,A0001020940,A1,89.0,3770
2026-09-05T09:20:30Z,2026-09-05T11:12:00.000+02:00,A0001020700,A1,99.0,2810
2026-09-05T09:20:30Z,2026-09-05T11:12:00.000+02:00,A9022020830,A22 (rocade),88.0,330
2026-09-05T09:20:30Z,2026-09-05T11:12:00.000+02:00,A9022020822,A22 (rocade),69.0,1440
2026-09-05T09:20:30Z,2026-09-05T11:12:00.000+02:00,A9022020821,A22 (rocade),69.0,1440
2026-09-05T09:20:30Z,2026-09-05T11:12:00.000+02:00,A0025020420,A25,72.0,3170
2026-09-05T09:20:30Z,2026-09-05T11:12:00.000+02:00,A0025021510,A25,90.0,1080
2026-09-05T09:20:30Z,2026-09-05T11:12:00.000+02:00,N0227010100,N227,67.0,1210
2026-09-05T09:20:30Z,2026-09-05T11:12:00.000+02:00,A0025011720,A25,100.0,2800
2026-09-05T09:20:30Z,2026-09-05T11:12:00.000+02:00,A0025021760,A25,85.0,3070
2026-09-05T09:20:30Z,2026-09-05T11:12:00.000+02:00,A0025011730,A25,88.0,2800
2026-09-05T09:20:30Z,2026-09-05T11:12:00.000+02:00,A0025011735,A25,101.0,2760
2026-09-05T09:20:30Z,2026-09-05T11:12:00.000+02:00,A9025080700,A25 (bretelle),,700
2026-09-05T09:20:30Z,2026-09-05T11:12:00.000+02:00,A9022100930,A22 (rocade),73.0,210
2026-09-05T09:20:30Z,2026-09-05T11:12:00.000+02:00,N0356011220,N356,70.0,2210
2026-09-05T09:20:30Z,2026-09-05T11:12:00.000+02:00,A0025011740,A25,86.0,2590
2026-09-05T09:20:30Z,2026-09-05T11:12:00.000+02:00,A0025010410,A25,70.0,3320
2026-09-05T09:20:30Z,2026-09-05T11:12:00.000+02:00,A0023010200,A23,92.0,900
2026-09-05T09:20:30Z,2026-09-05T11:12:00.000+02:00,A9001210120,A1 (bretelle),75.0,540
2026-09-05T09:20:30Z,2026-09-05T11:12:00.000+02:00,A0025020210,A25,72.0,3950
2026-09-05T09:20:30Z,2026-09-05T11:12:00.000+02:00,N0356011210,N356,70.0,2210
2026-09-05T09:20:30Z,2026-09-05T11:12:00.000+02:00,A0025011510,A25,90.0,1630
2026-09-05T09:20:30Z,2026-09-05T11:12:00.000+02:00,A0025020220,A25,72.0,3950
2026-09-05T09:20:30Z,2026-09-05T11:12:00.000+02:00,N0227010302,N227,74.0,2400
2026-09-05T09:20:30Z,2026-09-05T11:12:00.000+02:00,N0041010500,N41,97.0,1610
2026-09-05T09:20:30Z,2026-09-05T11:12:00.000+02:00,N0227020101,N227,83.0,2220
2026-09-05T09:20:30Z,2026-09-05T11:12:00.000+02:00,A9022100110,A22 (rocade),66.0,720
2026-09-05T09:20:30Z,2026-09-05T11:12:00.000+02:00,A0022010400,A22,72.0,2550
2026-09-05T09:20:30Z,2026-09-05T11:12:00.000+02:00,N0356010302,N356,76.0,4430
2026-09-05T09:20:30Z,2026-09-05T11:12:00.000+02:00,A0025010800,A25,73.0,2370
2026-09-05T09:20:30Z,2026-09-05T11:12:00.000+02:00,A0027020621,A27,102.0,1710
2026-09-05T09:20:30Z,2026-09-05T11:12:00.000+02:00,N0041010700,N41,101.0,780
2026-09-05T09:20:30Z,2026-09-05T11:12:00.000+02:00,A0027020630,A27,102.0,1820
2026-09-05T09:20:30Z,2026-09-05T11:12:00.000+02:00,A0022021512,A22,80.0,1970
2026-09-05T09:20:30Z,2026-09-05T11:12:00.000+02:00,A0022021511,A22,82.0,2030
2026-09-05T09:20:30Z,2026-09-05T11:12:00.000+02:00,A0027020610,A27,102.0,1710
2026-09-05T09:20:30Z,2026-09-05T11:12:00.000+02:00,A0025021720,A25,98.0,2790
2026-09-05T09:20:30Z,2026-09-05T11:12:00.000+02:00,A0022021520,A22,80.0,1970
2026-09-05T09:20:30Z,2026-09-05T11:12:00.000+02:00,A0025022140,A25,109.0,2490
2026-09-05T09:20:30Z,2026-09-05T11:12:00.000+02:00,A0022011302,A22,72.0,1670
2026-09-05T09:20:30Z,2026-09-05T11:12:00.000+02:00,A0025022160,A25,106.0,2380
2026-09-05T09:20:30Z,2026-09-05T11:12:00.000+02:00,A9025060104,A25 (bretelle),69.0,2170
2026-09-05T09:20:30Z,2026-09-05T11:12:00.000+02:00,A0027010201,A27,90.0,1070
2026-09-05T09:20:30Z,2026-09-05T11:12:00.000+02:00,A0027010202,A27,80.0,940
2026-09-05T09:20:30Z,2026-09-05T11:12:00.000+02:00,N9227110110,N227 (bretelle),74.0,1120
2026-09-05T09:20:30Z,2026-09-05T11:12:00.000+02:00,A0025012130,A25,102.0,1250
2026-09-05T09:20:30Z,2026-09-05T11:12:00.000+02:00,A0027010210,A27,80.0,940
2026-09-05T09:20:30Z,2026-09-05T11:12:00.000+02:00,A0025011050,A25,89.0,1320
2026-09-05T09:20:30Z,2026-09-05T11:12:00.000+02:00,A0025012140,A25,102.0,2450
2026-09-05T09:20:30Z,2026-09-05T11:12:00.000+02:00,A0027010421,A27,98.0,890
2026-09-05T09:20:30Z,2026-09-05T11:12:00.000+02:00,A0022012420,A22,93.0,2610
2026-09-05T09:20:30Z,2026-09-05T11:12:00.000+02:00,A0027010430,A27,103.0,1030
2026-09-05T09:20:30Z,2026-09-05T11:12:00.000+02:00,A0023020710,A23,108.0,1750
2026-09-05T09:20:30Z,2026-09-05T11:12:00.000+02:00,A0022012430,A22,90.0,2530
2026-09-05T09:20:30Z,2026-09-05T11:12:00.000+02:00,A0025012160,A25,126.0,2540
2026-09-05T09:20:30Z,2026-09-05T11:12:00.000+02:00,A9022021200,A22 (rocade),54.0,440
2026-09-05T09:20:30Z,2026-09-05T11:12:00.000+02:00,A0001021100,A1,89.0,3040
2026-09-05T09:20:30Z,2026-09-05T11:12:00.000+02:00,A9022101000,A22 (rocade),86.0,600
2026-09-05T09:20:30Z,2026-09-05T11:12:00.000+02:00,A0025013020,A25,106.0,2250
2026-09-05T09:20:30Z,2026-09-05T11:12:00.000+02:00,A0027010410,A27,98.0,890
2026-09-05T09:20:30Z,2026-09-05T11:12:00.000+02:00,A0022012410,A22,93.0,2620
2026-09-05T09:20:30Z,2026-09-05T11:12:00.000+02:00,A0001A20112,A1,86.0,2240
2026-09-05T09:20:30Z,2026-09-05T11:12:00.000+02:00,A0001A20111,A1,83.0,1090
2026-09-05T09:20:30Z,2026-09-05T11:12:00.000+02:00,A0025010320,A25,70.0,2640
2026-09-05T09:20:30Z,2026-09-05T11:12:00.000+02:00,A0025022540,A25,114.0,1890
2026-09-05T09:20:30Z,2026-09-05T11:12:00.000+02:00,A0025022300,A25,114.0,1640
2026-09-05T09:20:30Z,2026-09-05T11:12:00.000+02:00,N0356021000,N356,71.0,2580
2026-09-05T09:20:30Z,2026-09-05T11:12:00.000+02:00,A22TC010102,A22 (contournement),86.0,1600
2026-09-05T09:20:30Z,2026-09-05T11:12:00.000+02:00,A0001011503,A1,84.0,5910
2026-09-05T09:20:30Z,2026-09-05T11:12:00.000+02:00,A0022012200,A22,80.0,2170
2026-09-05T09:20:30Z,2026-09-05T11:12:00.000+02:00,A22TC020102,A22 (contournement),83.0,2340
2026-09-05T09:20:30Z,2026-09-05T11:12:00.000+02:00,A22TC010300,A22 (contournement),81.0,1930
2026-09-05T09:20:30Z,2026-09-05T11:12:00.000+02:00,A0022012010,A22,80.0,1300
2026-09-05T09:20:30Z,2026-09-05T11:12:00.000+02:00,A0022012020,A22,80.0,1300
2026-09-05T09:20:30Z,2026-09-05T11:12:00.000+02:00,A0025022130,A25,122.0,2570
2026-09-05T09:20:30Z,2026-09-05T11:12:00.000+02:00,A0023010520,A23,114.0,1100
2026-09-05T09:20:30Z,2026-09-05T11:12:00.000+02:00,N0041020800,N41,99.0,1550
2026-09-05T09:20:30Z,2026-09-05T11:12:00.000+02:00,A0025010500,A25,68.0,2380
2026-09-05T09:20:30Z,2026-09-05T11:12:00.000+02:00,A0022020901,A22,78.0,2300
2026-09-05T09:20:30Z,2026-09-05T11:12:00.000+02:00,A0022020902,A22,78.0,1980
2026-09-05T09:20:30Z,2026-09-05T11:12:00.000+02:00,A0025020310,A25,75.0,2670
2026-09-05T09:20:30Z,2026-09-05T11:12:00.000+02:00,A0022021810,A22,80.0,2120
2026-09-05T09:20:30Z,2026-09-05T11:12:00.000+02:00,N0356011100,N356,70.0,1870
2026-09-05T09:20:30Z,2026-09-05T11:12:00.000+02:00,A0022021820,A22,80.0,2120
2026-09-05T09:20:30Z,2026-09-05T11:12:00.000+02:00,N0356020802,N356,69.0,2840
2026-09-05T09:20:30Z,2026-09-05T11:12:00.000+02:00,A9022020900,A22 (rocade),76.0,20
2026-09-05T09:20:30Z,2026-09-05T11:12:00.000+02:00,A0025020102,A25,64.0,150
2026-09-05T09:20:30Z,2026-09-05T11:12:00.000+02:00,A0025010310,A25,71.0,2940
2026-09-05T09:20:30Z,2026-09-05T11:12:00.000+02:00,A0023010100,A23,106.0,60
2026-09-05T09:20:30Z,2026-09-05T11:12:00.000+02:00,A0025022530,A25,117.0,1810
2026-09-05T09:20:30Z,2026-09-05T11:12:00.000+02:00,A9001210200,A1 (bretelle),66.0,890
2026-09-05T09:20:30Z,2026-09-05T11:12:00.000+02:00,A0022010700,A22,77.0,1930
2026-09-05T09:20:30Z,2026-09-05T11:12:00.000+02:00,N0041020400,N41,92.0,1780
2026-09-05T09:20:30Z,2026-09-05T11:12:00.000+02:00,A0023020720,A23,115.0,1820
2026-09-05T09:20:30Z,2026-09-05T11:12:00.000+02:00,A0022020500,A22,78.0,1100
2026-09-05T09:20:30Z,2026-09-05T11:12:00.000+02:00,N93563b0150,N356 (bretelle),62.0,60
2026-09-05T09:20:30Z,2026-09-05T11:12:00.000+02:00,A0025020950,A25,91.0,2820
2026-09-05T09:20:30Z,2026-09-05T11:12:00.000+02:00,A0023020300,A23,90.0,980
2026-09-05T09:20:30Z,2026-09-05T11:12:00.000+02:00,A0001011000,A1,83.0,4180
2026-09-05T09:20:30Z,2026-09-05T11:12:00.000+02:00,A0027020500,A27,91.0,1140
2026-09-05T09:20:30Z,2026-09-05T11:12:00.000+02:00,N0356011500,N356,70.0,2310
2026-09-05T09:20:30Z,2026-09-05T11:12:00.000+02:00,A0001010150,A1,111.0,3280
2026-09-05T09:20:30Z,2026-09-05T11:12:00.000+02:00,N0356020400,N356,65.0,1480
2026-09-05T09:20:30Z,2026-09-05T11:12:00.000+02:00,N0041020600,N41,102.0,1190
2026-09-05T09:20:30Z,2026-09-05T11:12:00.000+02:00,A0025010700,A25,71.0,1450
2026-09-05T09:20:30Z,2026-09-05T11:12:00.000+02:00,A0002011230,A2,107.0,2480
2026-09-05T09:20:30Z,2026-09-05T11:12:00.000+02:00,A0025020500,A25,70.0,2340
2026-09-05T09:20:30Z,2026-09-05T11:12:00.000+02:00,A0002021290,A2,105.0,2770
2026-09-05T09:20:30Z,2026-09-05T11:12:00.000+02:00,A0022011600,A22,77.0,1150
2026-09-05T09:30:33Z,2026-09-05T11:24:00.000+02:00,A0001011200,A1,80.0,4020
2026-09-05T09:30:33Z,2026-09-05T11:24:00.000+02:00,A0027010102,A27,96.0,2460
2026-09-05T09:30:33Z,2026-09-05T11:24:00.000+02:00,N0041010100,N41,84.0,860
2026-09-05T09:30:33Z,2026-09-05T11:24:00.000+02:00,A0027010101,A27,96.0,2460
2026-09-05T09:30:33Z,2026-09-05T11:24:00.000+02:00,A0001020150,A1,109.0,3210
2026-09-05T09:30:33Z,2026-09-05T11:24:00.000+02:00,N0356011700,N356,73.0,2050
2026-09-05T09:30:33Z,2026-09-05T11:24:00.000+02:00,N9227110200,N227 (bretelle),71.0,20
2026-09-05T09:30:33Z,2026-09-05T11:24:00.000+02:00,N0356021300,N356,69.0,2670
2026-09-05T09:30:33Z,2026-09-05T11:24:00.000+02:00,A0022011400,A22,76.0,650
2026-09-05T09:30:33Z,2026-09-05T11:24:00.000+02:00,A0027010300,A27,91.0,700
2026-09-05T09:30:33Z,2026-09-05T11:24:00.000+02:00,A9022020250,A22 (rocade),39.0,900
2026-09-05T09:30:33Z,2026-09-05T11:24:00.000+02:00,N0041010300,N41,87.0,1900
2026-09-05T09:30:33Z,2026-09-05T11:24:00.000+02:00,A0022011210,A22,75.0,710
2026-09-05T09:30:33Z,2026-09-05T11:24:00.000+02:00,A0027020100,A27,72.0,1010
2026-09-05T09:30:33Z,2026-09-05T11:24:00.000+02:00,A0001010300,A1,100.0,3680
2026-09-05T09:30:33Z,2026-09-05T11:24:00.000+02:00,A0022011220,A22,75.0,710
2026-09-05T09:30:33Z,2026-09-05T11:24:00.000+02:00,N0227021400,N227,67.0,50
2026-09-05T09:30:33Z,2026-09-05T11:24:00.000+02:00,A9022101110,A22 (rocade),74.0,980
2026-09-05T09:30:33Z,2026-09-05T11:24:00.000+02:00,A0022022110,A22,85.0,3280
2026-09-05T09:30:33Z,2026-09-05T11:24:00.000+02:00,N0356010800,N356,72.0,2050
2026-09-05T09:30:33Z,2026-09-05T11:24:00.000+02:00,A9001210710,A1 (bretelle),68.0,480
2026-09-05T09:30:33Z,2026-09-05T11:24:00.000+02:00,N0356021110,N356,72.0,3020
2026-09-05T09:30:33Z,2026-09-05T11:24:00.000+02:00,A0001010510,A1,100.0,3350
2026-09-05T09:30:33Z,2026-09-05T11:24:00.000+02:00,N0356021122,N356,66.0,2950
2026-09-05T09:30:33Z,2026-09-05T11:24:00.000+02:00,N0356021121,N356,72.0,3020
2026-09-05T09:30:33Z,2026-09-05T11:24:00.000+02:00,A0025010210,A25,49.0,4290
2026-09-05T09:30:33Z,2026-09-05T11:24:00.000+02:00,A0025011300,A25,88.0,1340
2026-09-05T09:30:33Z,2026-09-05T11:24:00.000+02:00,A0001020300,A1,110.0,3210
2026-09-05T09:30:33Z,2026-09-05T11:24:00.000+02:00,A0025021100,A25,94.0,2010
2026-09-05T09:30:33Z,2026-09-05T11:24:00.000+02:00,A0025023520,A25,114.0,1180
2026-09-05T09:30:33Z,2026-09-05T11:24:00.000+02:00,A0022022130,A22,72.0,2920
2026-09-05T09:30:33Z,2026-09-05T11:24:00.000+02:00,A0025010220,A25,49.0,4290
2026-09-05T09:30:33Z,2026-09-05T11:24:00.000+02:00,A0022022120,A22,89.0,3290
2026-09-05T09:30:33Z,2026-09-05T11:24:00.000+02:00,A0001010520,A1,100.0,3850
2026-09-05T09:30:33Z,2026-09-05T11:24:00.000+02:00,A0022011000,A22,73.0,2470
2026-09-05T09:30:33Z,2026-09-05T11:24:00.000+02:00,A0001020510,A1,107.0,3230
2026-09-05T09:30:33Z,2026-09-05T11:24:00.000+02:00,A0001021602,A1,81.0,4690
2026-09-05T09:30:33Z,2026-09-05T11:24:00.000+02:00,A22TC020222,A22 (contournement),87.0,2370
2026-09-05T09:30:33Z,2026-09-05T11:24:00.000+02:00,A0001010940,A1,97.0,4340
2026-09-05T09:30:33Z,2026-09-05T11:24:00.000+02:00,A0025023320,A25,117.0,1840
2026-09-05T09:30:33Z,2026-09-05T11:24:00.000+02:00,A0001020520,A1,100.0,3380
2026-09-05T09:30:33Z,2026-09-05T11:24:00.000+02:00,A0025023100,A25,112.0,1630
2026-09-05T09:30:33Z,2026-09-05T11:24:00.000+02:00,A22TC020230,A22 (contournement),87.0,2370
2026-09-05T09:30:33Z,2026-09-05T11:24:00.000+02:00,A0025021730,A25,89.0,2920
2026-09-05T09:30:33Z,2026-09-05T11:24:00.000+02:00,A0025023910,A25,119.0,1150
2026-09-05T09:30:33Z,2026-09-05T11:24:00.000+02:00,A0025021735,A25,101.0,2860
2026-09-05T09:30:33Z,2026-09-05T11:24:00.000+02:00,A0023010400,A23,109.0,1490
2026-09-05T09:30:33Z,2026-09-05T11:24:00.000+02:00,A0022021900,A22,79.0,2340
2026-09-05T09:30:33Z,2026-09-05T11:24:00.000+02:00,A9022100500,A22 (rocade),78.0,1100
2026-09-05T09:30:33Z,2026-09-05T11:24:00.000+02:00,A0001020940,A1,88.0,3800
2026-09-05T09:30:33Z,2026-09-05T11:24:00.000+02:00,A0001020700,A1,95.0,2580
2026-09-05T09:30:33Z,2026-09-05T11:24:00.000+02:00,A9022020830,A22 (rocade),88.0,340
2026-09-05T09:30:33Z,2026-09-05T11:24:00.000+02:00,A9022020822,A22 (rocade),72.0,1840
2026-09-05T09:30:33Z,2026-09-05T11:24:00.000+02:00,A9022020821,A22 (rocade),72.0,1840
2026-09-05T09:30:33Z,2026-09-05T11:24:00.000+02:00,A0025020420,A25,71.0,3420
2026-09-05T09:30:33Z,2026-09-05T11:24:00.000+02:00,A0025021510,A25,98.0,1010
2026-09-05T09:30:33Z,2026-09-05T11:24:00.000+02:00,N0227010100,N227,66.0,1330
2026-09-05T09:30:33Z,2026-09-05T11:24:00.000+02:00,A0025011720,A25,101.0,3050
2026-09-05T09:30:33Z,2026-09-05T11:24:00.000+02:00,A0025021760,A25,87.0,2880
2026-09-05T09:30:33Z,2026-09-05T11:24:00.000+02:00,A0025011730,A25,89.0,3010
2026-09-05T09:30:33Z,2026-09-05T11:24:00.000+02:00,A0025011735,A25,102.0,2950
2026-09-05T09:30:33Z,2026-09-05T11:24:00.000+02:00,A9025080700,A25 (bretelle),,690
2026-09-05T09:30:33Z,2026-09-05T11:24:00.000+02:00,A9022100930,A22 (rocade),73.0,210
2026-09-05T09:30:33Z,2026-09-05T11:24:00.000+02:00,N0356011220,N356,71.0,1980
2026-09-05T09:30:33Z,2026-09-05T11:24:00.000+02:00,A0025011740,A25,87.0,3020
2026-09-05T09:30:33Z,2026-09-05T11:24:00.000+02:00,A0025010410,A25,70.0,3370
2026-09-05T09:30:33Z,2026-09-05T11:24:00.000+02:00,A0023010200,A23,101.0,1240
2026-09-05T09:30:33Z,2026-09-05T11:24:00.000+02:00,A9001210120,A1 (bretelle),72.0,580
2026-09-05T09:30:33Z,2026-09-05T11:24:00.000+02:00,A0025020210,A25,71.0,4110
2026-09-05T09:30:33Z,2026-09-05T11:24:00.000+02:00,N0356011210,N356,71.0,1980
2026-09-05T09:30:33Z,2026-09-05T11:24:00.000+02:00,A0025011510,A25,88.0,1730
2026-09-05T09:30:33Z,2026-09-05T11:24:00.000+02:00,A0025020220,A25,71.0,4110
2026-09-05T09:30:33Z,2026-09-05T11:24:00.000+02:00,N0227010302,N227,75.0,2470
2026-09-05T09:30:33Z,2026-09-05T11:24:00.000+02:00,N0041010500,N41,78.0,1290
2026-09-05T09:30:33Z,2026-09-05T11:24:00.000+02:00,N0227020101,N227,86.0,2170
2026-09-05T09:30:33Z,2026-09-05T11:24:00.000+02:00,A9022100110,A22 (rocade),67.0,820
2026-09-05T09:30:33Z,2026-09-05T11:24:00.000+02:00,A0022010400,A22,73.0,2600
2026-09-05T09:30:33Z,2026-09-05T11:24:00.000+02:00,N0356010302,N356,74.0,4290
2026-09-05T09:30:33Z,2026-09-05T11:24:00.000+02:00,A0025010800,A25,74.0,2220
2026-09-05T09:30:33Z,2026-09-05T11:24:00.000+02:00,A0027020621,A27,101.0,1450
2026-09-05T09:30:33Z,2026-09-05T11:24:00.000+02:00,N0041010700,N41,94.0,590
2026-09-05T09:30:33Z,2026-09-05T11:24:00.000+02:00,A0027020630,A27,102.0,1610
2026-09-05T09:30:33Z,2026-09-05T11:24:00.000+02:00,A0022021512,A22,78.0,1730
2026-09-05T09:30:33Z,2026-09-05T11:24:00.000+02:00,A0022021511,A22,77.0,1730
2026-09-05T09:30:33Z,2026-09-05T11:24:00.000+02:00,A0027020610,A27,101.0,1450
2026-09-05T09:30:33Z,2026-09-05T11:24:00.000+02:00,A0025021720,A25,101.0,2840
2026-09-05T09:30:33Z,2026-09-05T11:24:00.000+02:00,A0022021520,A22,78.0,1730
2026-09-05T09:30:33Z,2026-09-05T11:24:00.000+02:00,A0025022140,A25,113.0,2280
2026-09-05T09:30:33Z,2026-09-05T11:24:00.000+02:00,A0022011302,A22,74.0,2000
2026-09-05T09:30:33Z,2026-09-05T11:24:00.000+02:00,A0025022160,A25,108.0,2290
2026-09-05T09:30:33Z,2026-09-05T11:24:00.000+02:00,A9025060104,A25 (bretelle),70.0,1900
2026-09-05T09:30:33Z,2026-09-05T11:24:00.000+02:00,A0027010201,A27,92.0,1310
2026-09-05T09:30:33Z,2026-09-05T11:24:00.000+02:00,A0027010202,A27,63.0,730
2026-09-05T09:30:33Z,2026-09-05T11:24:00.000+02:00,N9227110110,N227 (bretelle),75.0,1150
2026-09-05T09:30:33Z,2026-09-05T11:24:00.000+02:00,A0025012130,A25,105.0,1270
2026-09-05T09:30:33Z,2026-09-05T11:24:00.000+02:00,A0027010210,A27,63.0,730
2026-09-05T09:30:33Z,2026-09-05T11:24:00.000+02:00,A0025011050,A25,89.0,1530
2026-09-05T09:30:33Z,2026-09-05T11:24:00.000+02:00,A0025012140,A25,105.0,2530
2026-09-05T09:30:33Z,2026-09-05T11:24:00.000+02:00,A0027010421,A27,99.0,1050
2026-09-05T09:30:33Z,2026-09-05T11:24:00.000+02:00,A0022012420,A22,92.0,2580
2026-09-05T09:30:33Z,2026-09-05T11:24:00.000+02:00,A0027010430,A27,104.0,1040
2026-09-05T09:30:33Z,2026-09-05T11:24:00.000+02:00,A0023020710,A23,107.0,1990
2026-09-05T09:30:33Z,2026-09-05T11:24:00.000+02:00,A0022012430,A22,90.0,2550
2026-09-05T09:30:33Z,2026-09-05T11:24:00.000+02:00,A0025012160,A25,123.0,2570
2026-09-05T09:30:33Z,2026-09-05T11:24:00.000+02:00,A9022021200,A22 (rocade),59.0,430
2026-09-05T09:30:33Z,2026-09-05T11:24:00.000+02:00,A0001021100,A1,88.0,3210
2026-09-05T09:30:33Z,2026-09-05T11:24:00.000+02:00,A9022101000,A22 (rocade),73.0,550
2026-09-05T09:30:33Z,2026-09-05T11:24:00.000+02:00,A0025013020,A25,110.0,2240
2026-09-05T09:30:33Z,2026-09-05T11:24:00.000+02:00,A0027010410,A27,99.0,1050
2026-09-05T09:30:33Z,2026-09-05T11:24:00.000+02:00,A0022012410,A22,91.0,2660
2026-09-05T09:30:33Z,2026-09-05T11:24:00.000+02:00,A0001A20112,A1,89.0,2070
2026-09-05T09:30:33Z,2026-09-05T11:24:00.000+02:00,A0001A20111,A1,88.0,1070
2026-09-05T09:30:33Z,2026-09-05T11:24:00.000+02:00,A0025010320,A25,69.0,2580
2026-09-05T09:30:33Z,2026-09-05T11:24:00.000+02:00,A0025022540,A25,109.0,2220
2026-09-05T09:30:33Z,2026-09-05T11:24:00.000+02:00,A0025022300,A25,111.0,1820
2026-09-05T09:30:33Z,2026-09-05T11:24:00.000+02:00,N0356021000,N356,72.0,2670
2026-09-05T09:30:33Z,2026-09-05T11:24:00.000+02:00,A22TC010102,A22 (contournement),86.0,1620
2026-09-05T09:30:33Z,2026-09-05T11:24:00.000+02:00,A0001011503,A1,85.0,5500
2026-09-05T09:30:33Z,2026-09-05T11:24:00.000+02:00,A0022012200,A22,78.0,2340
2026-09-05T09:30:33Z,2026-09-05T11:24:00.000+02:00,A22TC020102,A22 (contournement),85.0,2060
2026-09-05T09:30:33Z,2026-09-05T11:24:00.000+02:00,A22TC010300,A22 (contournement),83.0,1790
2026-09-05T09:30:33Z,2026-09-05T11:24:00.000+02:00,A0022012010,A22,76.0,1740
2026-09-05T09:30:33Z,2026-09-05T11:24:00.000+02:00,A0022012020,A22,76.0,1740
2026-09-05T09:30:33Z,2026-09-05T11:24:00.000+02:00,A0025022130,A25,126.0,2280
2026-09-05T09:30:33Z,2026-09-05T11:24:00.000+02:00,A0023010520,A23,116.0,1420
2026-09-05T09:30:33Z,2026-09-05T11:24:00.000+02:00,N0041020800,N41,99.0,1780
2026-09-05T09:30:33Z,2026-09-05T11:24:00.000+02:00,A0025010500,A25,70.0,2370
2026-09-05T09:30:33Z,2026-09-05T11:24:00.000+02:00,A0022020901,A22,77.0,2240
2026-09-05T09:30:33Z,2026-09-05T11:24:00.000+02:00,A0022020902,A22,77.0,2140
2026-09-05T09:30:33Z,2026-09-05T11:24:00.000+02:00,A0025020310,A25,75.0,3040
2026-09-05T09:30:33Z,2026-09-05T11:24:00.000+02:00,A0022021810,A22,79.0,1990
2026-09-05T09:30:33Z,2026-09-05T11:24:00.000+02:00,N0356011100,N356,70.0,1680
2026-09-05T09:30:33Z,2026-09-05T11:24:00.000+02:00,A0022021820,A22,79.0,1990
2026-09-05T09:30:33Z,2026-09-05T11:24:00.000+02:00,N0356020802,N356,69.0,3030
2026-09-05T09:30:33Z,2026-09-05T11:24:00.000+02:00,A9022020900,A22 (rocade),85.0,20
2026-09-05T09:30:33Z,2026-09-05T11:24:00.000+02:00,A0025020102,A25,71.0,70
2026-09-05T09:30:33Z,2026-09-05T11:24:00.000+02:00,A0025010310,A25,73.0,2880
2026-09-05T09:30:33Z,2026-09-05T11:24:00.000+02:00,A0023010100,A23,101.0,20
2026-09-05T09:30:33Z,2026-09-05T11:24:00.000+02:00,A0025022530,A25,113.0,2270
2026-09-05T09:30:33Z,2026-09-05T11:24:00.000+02:00,A9001210200,A1 (bretelle),62.0,1000
2026-09-05T09:30:33Z,2026-09-05T11:24:00.000+02:00,A0022010700,A22,78.0,1880
2026-09-05T09:30:33Z,2026-09-05T11:24:00.000+02:00,N0041020400,N41,92.0,2070
2026-09-05T09:30:33Z,2026-09-05T11:24:00.000+02:00,A0023020720,A23,116.0,1930
2026-09-05T09:30:33Z,2026-09-05T11:24:00.000+02:00,A0022020500,A22,77.0,1250
2026-09-05T09:30:33Z,2026-09-05T11:24:00.000+02:00,N93563b0150,N356 (bretelle),79.0,20
2026-09-05T09:30:33Z,2026-09-05T11:24:00.000+02:00,A0025020950,A25,87.0,2780
2026-09-05T09:30:33Z,2026-09-05T11:24:00.000+02:00,A0023020300,A23,94.0,1080
2026-09-05T09:30:33Z,2026-09-05T11:24:00.000+02:00,A0001011000,A1,84.0,3770
2026-09-05T09:30:33Z,2026-09-05T11:24:00.000+02:00,A0027020500,A27,91.0,1010
2026-09-05T09:30:33Z,2026-09-05T11:24:00.000+02:00,N0356011500,N356,69.0,2380
2026-09-05T09:30:33Z,2026-09-05T11:24:00.000+02:00,A0001010150,A1,104.0,3790
2026-09-05T09:30:33Z,2026-09-05T11:24:00.000+02:00,N0356020400,N356,61.0,1370
2026-09-05T09:30:33Z,2026-09-05T11:24:00.000+02:00,N0041020600,N41,104.0,1380
2026-09-05T09:30:33Z,2026-09-05T11:24:00.000+02:00,A0025010700,A25,74.0,1480
2026-09-05T09:30:33Z,2026-09-05T11:24:00.000+02:00,A0025020500,A25,71.0,2720
2026-09-05T09:30:33Z,2026-09-05T11:24:00.000+02:00,A0022011600,A22,78.0,1630
2026-09-05T09:40:34Z,2026-09-05T11:30:00.000+02:00,A0001011200,A1,79.0,4160
2026-09-05T09:40:34Z,2026-09-05T11:30:00.000+02:00,A0027010102,A27,96.0,2590
2026-09-05T09:40:34Z,2026-09-05T11:30:00.000+02:00,N0041010100,N41,84.0,890
2026-09-05T09:40:34Z,2026-09-05T11:30:00.000+02:00,A0027010101,A27,96.0,2590
2026-09-05T09:40:34Z,2026-09-05T11:30:00.000+02:00,A0001020150,A1,106.0,3210
2026-09-05T09:40:34Z,2026-09-05T11:30:00.000+02:00,N0356011700,N356,73.0,1880
2026-09-05T09:40:34Z,2026-09-05T11:30:00.000+02:00,N9227110200,N227 (bretelle),76.0,20
2026-09-05T09:40:34Z,2026-09-05T11:30:00.000+02:00,N0356021300,N356,68.0,2790
2026-09-05T09:40:34Z,2026-09-05T11:30:00.000+02:00,A0022011400,A22,77.0,610
2026-09-05T09:40:34Z,2026-09-05T11:30:00.000+02:00,A0027010300,A27,93.0,860
2026-09-05T09:40:34Z,2026-09-05T11:30:00.000+02:00,A9022020250,A22 (rocade),43.0,1040
2026-09-05T09:40:34Z,2026-09-05T11:30:00.000+02:00,N0041010300,N41,86.0,2270
2026-09-05T09:40:34Z,2026-09-05T11:30:00.000+02:00,A0022011210,A22,78.0,770
2026-09-05T09:40:34Z,2026-09-05T11:30:00.000+02:00,A0027020100,A27,72.0,1190
2026-09-05T09:40:34Z,2026-09-05T11:30:00.000+02:00,A0001010300,A1,108.0,3730
2026-09-05T09:40:34Z,2026-09-05T11:30:00.000+02:00,A0022011220,A22,78.0,770
2026-09-05T09:40:34Z,2026-09-05T11:30:00.000+02:00,N0227021400,N227,41.0,30
2026-09-05T09:40:34Z,2026-09-05T11:30:00.000+02:00,A9022101110,A22 (rocade),75.0,610
2026-09-05T09:40:34Z,2026-09-05T11:30:00.000+02:00,A0022022110,A22,83.0,3580
2026-09-05T09:40:34Z,2026-09-05T11:30:00.000+02:00,N0356010800,N356,71.0,2530
2026-09-05T09:40:34Z,2026-09-05T11:30:00.000+02:00,A9001210710,A1 (bretelle),70.0,60
2026-09-05T09:40:34Z,2026-09-05T11:30:00.000+02:00,N0356021110,N356,73.0,2890
2026-09-05T09:40:34Z,2026-09-05T11:30:00.000+02:00,A0001010510,A1,108.0,3730
2026-09-05T09:40:34Z,2026-09-05T11:30:00.000+02:00,N0356021122,N356,65.0,3000
2026-09-05T09:40:34Z,2026-09-05T11:30:00.000+02:00,N0356021121,N356,73.0,2890
2026-09-05T09:40:34Z,2026-09-05T11:30:00.000+02:00,A0025010210,A25,72.0,4220
2026-09-05T09:40:34Z,2026-09-05T11:30:00.000+02:00,A0025011300,A25,85.0,1570
2026-09-05T09:40:34Z,2026-09-05T11:30:00.000+02:00,A0001020300,A1,105.0,3190
2026-09-05T09:40:34Z,2026-09-05T11:30:00.000+02:00,A0025021100,A25,91.0,2010
2026-09-05T09:40:34Z,2026-09-05T11:30:00.000+02:00,A0025023520,A25,112.0,1280
2026-09-05T09:40:34Z,2026-09-05T11:30:00.000+02:00,A0022022130,A22,70.0,3110
2026-09-05T09:40:34Z,2026-09-05T11:30:00.000+02:00,A0025010220,A25,72.0,4220
2026-09-05T09:40:34Z,2026-09-05T11:30:00.000+02:00,A0022022120,A22,85.0,3570
2026-09-05T09:40:34Z,2026-09-05T11:30:00.000+02:00,A0001010520,A1,100.0,4250
2026-09-05T09:40:34Z,2026-09-05T11:30:00.000+02:00,A0022011000,A22,79.0,2600
2026-09-05T09:40:34Z,2026-09-05T11:30:00.000+02:00,A0001020510,A1,103.0,3390
2026-09-05T09:40:34Z,2026-09-05T11:30:00.000+02:00,A0001021602,A1,84.0,4520
2026-09-05T09:40:34Z,2026-09-05T11:30:00.000+02:00,A22TC020222,A22 (contournement),84.0,2510
2026-09-05T09:40:34Z,2026-09-05T11:30:00.000+02:00,A0001010940,A1,97.0,4230
2026-09-05T09:40:34Z,2026-09-05T11:30:00.000+02:00,A0025023320,A25,111.0,1800
2026-09-05T09:40:34Z,2026-09-05T11:30:00.000+02:00,A0001020520,A1,99.0,3550
2026-09-05T09:40:34Z,2026-09-05T11:30:00.000+02:00,A0025023100,A25,111.0,1540
2026-09-05T09:40:34Z,2026-09-05T11:30:00.000+02:00,A22TC020230,A22 (contournement),84.0,2510
2026-09-05T09:40:34Z,2026-09-05T11:30:00.000+02:00,A0025021730,A25,87.0,3150
2026-09-05T09:40:34Z,2026-09-05T11:30:00.000+02:00,A0025023910,A25,113.0,1170
2026-09-05T09:40:34Z,2026-09-05T11:30:00.000+02:00,A0025021735,A25,101.0,3180
2026-09-05T09:40:34Z,2026-09-05T11:30:00.000+02:00,A0023010400,A23,111.0,980
2026-09-05T09:40:34Z,2026-09-05T11:30:00.000+02:00,A0022021900,A22,77.0,2780
2026-09-05T09:40:34Z,2026-09-05T11:30:00.000+02:00,A9022100500,A22 (rocade),80.0,1290
2026-09-05T09:40:34Z,2026-09-05T11:30:00.000+02:00,A0001020940,A1,89.0,3890
2026-09-05T09:40:34Z,2026-09-05T11:30:00.000+02:00,A0001020700,A1,95.0,2970
2026-09-05T09:40:34Z,2026-09-05T11:30:00.000+02:00,A9022020830,A22 (rocade),89.0,350
2026-09-05T09:40:34Z,2026-09-05T11:30:00.000+02:00,A9022020822,A22 (rocade),73.0,1830
2026-09-05T09:40:34Z,2026-09-05T11:30:00.000+02:00,A9022020821,A22 (rocade),73.0,1830
2026-09-05T09:40:34Z,2026-09-05T11:30:00.000+02:00,A0025020420,A25,72.0,3170
2026-09-05T09:40:34Z,2026-09-05T11:30:00.000+02:00,A0025021510,A25,96.0,1070
2026-09-05T09:40:34Z,2026-09-05T11:30:00.000+02:00,N0227010100,N227,67.0,1170
2026-09-05T09:40:34Z,2026-09-05T11:30:00.000+02:00,A0025011720,A25,100.0,2890
2026-09-05T09:40:34Z,2026-09-05T11:30:00.000+02:00,A0025021760,A25,86.0,3080
2026-09-05T09:40:34Z,2026-09-05T11:30:00.000+02:00,A0025011730,A25,90.0,2860
2026-09-05T09:40:34Z,2026-09-05T11:30:00.000+02:00,A0025011735,A25,103.0,2890
2026-09-05T09:40:34Z,2026-09-05T11:30:00.000+02:00,A9025080700,A25 (bretelle),,640
2026-09-05T09:40:34Z,2026-09-05T11:30:00.000+02:00,A9022100930,A22 (rocade),77.0,110
2026-09-05T09:40:34Z,2026-09-05T11:30:00.000+02:00,N0356011220,N356,70.0,2110
2026-09-05T09:40:34Z,2026-09-05T11:30:00.000+02:00,A0025011740,A25,87.0,2890
2026-09-05T09:40:34Z,2026-09-05T11:30:00.000+02:00,A0025010410,A25,70.0,3380
2026-09-05T09:40:34Z,2026-09-05T11:30:00.000+02:00,A0023010200,A23,99.0,1020
2026-09-05T09:40:34Z,2026-09-05T11:30:00.000+02:00,A9001210120,A1 (bretelle),74.0,640
2026-09-05T09:40:34Z,2026-09-05T11:30:00.000+02:00,A0025020210,A25,73.0,4030
2026-09-05T09:40:34Z,2026-09-05T11:30:00.000+02:00,N0356011210,N356,70.0,2110
2026-09-05T09:40:34Z,2026-09-05T11:30:00.000+02:00,A0025011510,A25,88.0,1450
2026-09-05T09:40:34Z,2026-09-05T11:30:00.000+02:00,A0025020220,A25,73.0,4030
2026-09-05T09:40:34Z,2026-09-05T11:30:00.000+02:00,N0227010302,N227,74.0,2460
2026-09-05T09:40:34Z,2026-09-05T11:30:00.000+02:00,N0041010500,N41,104.0,1690
2026-09-05T09:40:34Z,2026-09-05T11:30:00.000+02:00,N0227020101,N227,78.0,2300
2026-09-05T09:40:34Z,2026-09-05T11:30:00.000+02:00,A9022100110,A22 (rocade),65.0,750
2026-09-05T09:40:34Z,2026-09-05T11:30:00.000+02:00,A0022010400,A22,71.0,3110
2026-09-05T09:40:34Z,2026-09-05T11:30:00.000+02:00,N0356010302,N356,72.0,5170
2026-09-05T09:40:34Z,2026-09-05T11:30:00.000+02:00,A0025010800,A25,74.0,2620
2026-09-05T09:40:34Z,2026-09-05T11:30:00.000+02:00,A0027020621,A27,98.0,1710
2026-09-05T09:40:34Z,2026-09-05T11:30:00.000+02:00,N0041010700,N41,106.0,640
2026-09-05T09:40:34Z,2026-09-05T11:30:00.000+02:00,A0027020630,A27,101.0,1660
2026-09-05T09:40:34Z,2026-09-05T11:30:00.000+02:00,A0022021512,A22,78.0,2320
2026-09-05T09:40:34Z,2026-09-05T11:30:00.000+02:00,A0022021511,A22,80.0,2230
2026-09-05T09:40:34Z,2026-09-05T11:30:00.000+02:00,A0027020610,A27,98.0,1710
2026-09-05T09:40:34Z,2026-09-05T11:30:00.000+02:00,A0025021720,A25,98.0,2980
2026-09-05T09:40:34Z,2026-09-05T11:30:00.000+02:00,A0022021520,A22,78.0,2320
2026-09-05T09:40:34Z,2026-09-05T11:30:00.000+02:00,A0025022140,A25,110.0,2750
2026-09-05T09:40:34Z,2026-09-05T11:30:00.000+02:00,A0022011302,A22,74.0,1980
2026-09-05T09:40:34Z,2026-09-05T11:30:00.000+02:00,A0025022160,A25,106.0,2760
2026-09-05T09:40:34Z,2026-09-05T11:30:00.000+02:00,A9025060104,A25 (bretelle),68.0,2160
2026-09-05T09:40:34Z,2026-09-05T11:30:00.000+02:00,A0027010201,A27,94.0,1420
2026-09-05T09:40:34Z,2026-09-05T11:30:00.000+02:00,A0027010202,A27,66.0,800
2026-09-05T09:40:34Z,2026-09-05T11:30:00.000+02:00,N9227110110,N227 (bretelle),73.0,1390
2026-09-05T09:40:34Z,2026-09-05T11:30:00.000+02:00,A0025012130,A25,109.0,1290
2026-09-05T09:40:34Z,2026-09-05T11:30:00.000+02:00,A0027010210,A27,66.0,800
2026-09-05T09:40:34Z,2026-09-05T11:30:00.000+02:00,A0025011050,A25,96.0,1690
2026-09-05T09:40:34Z,2026-09-05T11:30:00.000+02:00,A0025012140,A25,113.0,1790
2026-09-05T09:40:34Z,2026-09-05T11:30:00.000+02:00,A0027010421,A27,99.0,1270
2026-09-05T09:40:34Z,2026-09-05T11:30:00.000+02:00,A0022012420,A22,92.0,2700
2026-09-05T09:40:34Z,2026-09-05T11:30:00.000+02:00,A0027010430,A27,102.0,1270
2026-09-05T09:40:34Z,2026-09-05T11:30:00.000+02:00,A0023020710,A23,109.0,1400
2026-09-05T09:40:34Z,2026-09-05T11:30:00.000+02:00,A0022012430,A22,90.0,2680
2026-09-05T09:40:34Z,2026-09-05T11:30:00.000+02:00,A0025012160,A25,126.0,2530
2026-09-05T09:40:34Z,2026-09-05T11:30:00.000+02:00,A9022021200,A22 (rocade),61.0,470
2026-09-05T09:40:34Z,2026-09-05T11:30:00.000+02:00,A0001021100,A1,88.0,3530
2026-09-05T09:40:34Z,2026-09-05T11:30:00.000+02:00,A9022101000,A22 (rocade),71.0,740
2026-09-05T09:40:34Z,2026-09-05T11:30:00.000+02:00,A0025013020,A25,115.0,2250
2026-09-05T09:40:34Z,2026-09-05T11:30:00.000+02:00,A0027010410,A27,99.0,1270
2026-09-05T09:40:34Z,2026-09-05T11:30:00.000+02:00,A0022012410,A22,91.0,2650
2026-09-05T09:40:34Z,2026-09-05T11:30:00.000+02:00,A0001A20112,A1,87.0,2310
2026-09-05T09:40:34Z,2026-09-05T11:30:00.000+02:00,A0001A20111,A1,82.0,1340
2026-09-05T09:40:34Z,2026-09-05T11:30:00.000+02:00,A0025010320,A25,71.0,2460
2026-09-05T09:40:34Z,2026-09-05T11:30:00.000+02:00,A0025022540,A25,114.0,1970
2026-09-05T09:40:34Z,2026-09-05T11:30:00.000+02:00,A0025022300,A25,113.0,1790
2026-09-05T09:40:34Z,2026-09-05T11:30:00.000+02:00,N0356021000,N356,73.0,2760
2026-09-05T09:40:34Z,2026-09-05T11:30:00.000+02:00,A22TC010102,A22 (contournement),87.0,1450
2026-09-05T09:40:34Z,2026-09-05T11:30:00.000+02:00,A0001011503,A1,83.0,6050
2026-09-05T09:40:34Z,2026-09-05T11:30:00.000+02:00,A0022012200,A22,78.0,2300
2026-09-05T09:40:34Z,2026-09-05T11:30:00.000+02:00,A22TC020102,A22 (contournement),83.0,2390
2026-09-05T09:40:34Z,2026-09-05T11:30:00.000+02:00,A22TC010300,A22 (contournement),79.0,1910
2026-09-05T09:40:34Z,2026-09-05T11:30:00.000+02:00,A0022012010,A22,77.0,1380
2026-09-05T09:40:34Z,2026-09-05T11:30:00.000+02:00,A0022012020,A22,77.0,1380
2026-09-05T09:40:34Z,2026-09-05T11:30:00.000+02:00,A0025022130,A25,125.0,2690
2026-09-05T09:40:34Z,2026-09-05T11:30:00.000+02:00,A0023010520,A23,116.0,1080
2026-09-05T09:40:34Z,2026-09-05T11:30:00.000+02:00,N0041020800,N41,97.0,1640
2026-09-05T09:40:34Z,2026-09-05T11:30:00.000+02:00,A0025010500,A25,70.0,2600
2026-09-05T09:40:34Z,2026-09-05T11:30:00.000+02:00,A0022020901,A22,78.0,2390
2026-09-05T09:40:34Z,2026-09-05T11:30:00.000+02:00,A0022020902,A22,78.0,1900
2026-09-05T09:40:34Z,2026-09-05T11:30:00.000+02:00,A0025020310,A25,74.0,2640
2026-09-05T09:40:34Z,2026-09-05T11:30:00.000+02:00,A0022021810,A22,78.0,2350
2026-09-05T09:40:34Z,2026-09-05T11:30:00.000+02:00,N0356011100,N356,70.0,2080
2026-09-05T09:40:34Z,2026-09-05T11:30:00.000+02:00,A0022021820,A22,78.0,2350
2026-09-05T09:40:34Z,2026-09-05T11:30:00.000+02:00,N0356020802,N356,69.0,2940
2026-09-05T09:40:34Z,2026-09-05T11:30:00.000+02:00,A0025020102,A25,68.0,320
2026-09-05T09:40:34Z,2026-09-05T11:30:00.000+02:00,A0025010310,A25,72.0,3050
2026-09-05T09:40:34Z,2026-09-05T11:30:00.000+02:00,A0025022530,A25,116.0,2000
2026-09-05T09:40:34Z,2026-09-05T11:30:00.000+02:00,A9001210200,A1 (bretelle),64.0,1130
2026-09-05T09:40:34Z,2026-09-05T11:30:00.000+02:00,A0022010700,A22,77.0,2240
2026-09-05T09:40:34Z,2026-09-05T11:30:00.000+02:00,N0041020400,N41,89.0,1940
2026-09-05T09:40:34Z,2026-09-05T11:30:00.000+02:00,A0023020720,A23,119.0,1410
2026-09-05T09:40:34Z,2026-09-05T11:30:00.000+02:00,A0022020500,A22,78.0,1290
2026-09-05T09:40:34Z,2026-09-05T11:30:00.000+02:00,N93563b0150,N356 (bretelle),68.0,40
2026-09-05T09:40:34Z,2026-09-05T11:30:00.000+02:00,A0025020950,A25,89.0,3060
2026-09-05T09:40:34Z,2026-09-05T11:30:00.000+02:00,A0023020300,A23,88.0,1080
2026-09-05T09:40:34Z,2026-09-05T11:30:00.000+02:00,A0001011000,A1,84.0,3870
2026-09-05T09:40:34Z,2026-09-05T11:30:00.000+02:00,A0027020500,A27,88.0,1080
2026-09-05T09:40:34Z,2026-09-05T11:30:00.000+02:00,N0356011500,N356,66.0,2230
2026-09-05T09:40:34Z,2026-09-05T11:30:00.000+02:00,A0001010150,A1,108.0,3950
2026-09-05T09:40:34Z,2026-09-05T11:30:00.000+02:00,N0356020400,N356,70.0,1450
2026-09-05T09:40:34Z,2026-09-05T11:30:00.000+02:00,N0041020600,N41,101.0,1360
2026-09-05T09:40:34Z,2026-09-05T11:30:00.000+02:00,A0025010700,A25,72.0,1550
2026-09-05T09:40:34Z,2026-09-05T11:30:00.000+02:00,A0002011230,A2,105.0,2630
2026-09-05T09:40:34Z,2026-09-05T11:30:00.000+02:00,A0025020500,A25,72.0,2380
2026-09-05T09:40:34Z,2026-09-05T11:30:00.000+02:00,A0002021290,A2,104.0,3090
2026-09-05T09:40:34Z,2026-09-05T11:30:00.000+02:00,A0022011600,A22,78.0,1180
2026-09-05T09:50:32Z,2026-09-05T11:42:00.000+02:00,A0001011200,A1,79.0,4370
2026-09-05T09:50:32Z,2026-09-05T11:42:00.000+02:00,A0027010102,A27,103.0,2840
2026-09-05T09:50:32Z,2026-09-05T11:42:00.000+02:00,N0041010100,N41,86.0,910
2026-09-05T09:50:32Z,2026-09-05T11:42:00.000+02:00,A0027010101,A27,103.0,2840
2026-09-05T09:50:32Z,2026-09-05T11:42:00.000+02:00,A0001020150,A1,111.0,3200
2026-09-05T09:50:32Z,2026-09-05T11:42:00.000+02:00,N0356011700,N356,74.0,2300
2026-09-05T09:50:32Z,2026-09-05T11:42:00.000+02:00,N9227110200,N227 (bretelle),78.0,30
2026-09-05T09:50:32Z,2026-09-05T11:42:00.000+02:00,N0356021300,N356,67.0,2980
2026-09-05T09:50:32Z,2026-09-05T11:42:00.000+02:00,A0022011400,A22,78.0,520
2026-09-05T09:50:32Z,2026-09-05T11:42:00.000+02:00,A0027010300,A27,90.0,740
2026-09-05T09:50:32Z,2026-09-05T11:42:00.000+02:00,A9022020250,A22 (rocade),37.0,760
2026-09-05T09:50:32Z,2026-09-05T11:42:00.000+02:00,N0041010300,N41,85.0,2380
2026-09-05T09:50:32Z,2026-09-05T11:42:00.000+02:00,A0022011210,A22,80.0,790
2026-09-05T09:50:32Z,2026-09-05T11:42:00.000+02:00,A0027020100,A27,73.0,1360
2026-09-05T09:50:32Z,2026-09-05T11:42:00.000+02:00,A0001010300,A1,102.0,3990
2026-09-05T09:50:32Z,2026-09-05T11:42:00.000+02:00,A0022011220,A22,80.0,790
2026-09-05T09:50:32Z,2026-09-05T11:42:00.000+02:00,N0227021400,N227,52.0,40
2026-09-05T09:50:32Z,2026-09-05T11:42:00.000+02:00,A9022101110,A22 (rocade),79.0,1080
2026-09-05T09:50:32Z,2026-09-05T11:42:00.000+02:00,A0022022110,A22,85.0,3420
2026-09-05T09:50:32Z,2026-09-05T11:42:00.000+02:00,N0356010800,N356,73.0,2410
2026-09-05T09:50:32Z,2026-09-05T11:42:00.000+02:00,A9001210710,A1 (bretelle),71.0,170
2026-09-05T09:50:32Z,2026-09-05T11:42:00.000+02:00,N0356021110,N356,72.0,3290
2026-09-05T09:50:32Z,2026-09-05T11:42:00.000+02:00,A0001010510,A1,102.0,3910
2026-09-05T09:50:32Z,2026-09-05T11:42:00.000+02:00,N0356021122,N356,65.0,3350
2026-09-05T09:50:32Z,2026-09-05T11:42:00.000+02:00,N0356021121,N356,72.0,3290
2026-09-05T09:50:32Z,2026-09-05T11:42:00.000+02:00,A0025010210,A25,73.0,4700
2026-09-05T09:50:32Z,2026-09-05T11:42:00.000+02:00,A0025011300,A25,87.0,1370
2026-09-05T09:50:32Z,2026-09-05T11:42:00.000+02:00,A0001020300,A1,110.0,3240
2026-09-05T09:50:32Z,2026-09-05T11:42:00.000+02:00,A0025021100,A25,88.0,1940
2026-09-05T09:50:32Z,2026-09-05T11:42:00.000+02:00,A0025023520,A25,112.0,1310
2026-09-05T09:50:32Z,2026-09-05T11:42:00.000+02:00,A0022022130,A22,66.0,2930
2026-09-05T09:50:32Z,2026-09-05T11:42:00.000+02:00,A0025010220,A25,73.0,4700
2026-09-05T09:50:32Z,2026-09-05T11:42:00.000+02:00,A0022022120,A22,87.0,3380
2026-09-05T09:50:32Z,2026-09-05T11:42:00.000+02:00,A0001010520,A1,98.0,4320
2026-09-05T09:50:32Z,2026-09-05T11:42:00.000+02:00,A0022011000,A22,80.0,2510
2026-09-05T09:50:32Z,2026-09-05T11:42:00.000+02:00,A0001020510,A1,107.0,3300
2026-09-05T09:50:32Z,2026-09-05T11:42:00.000+02:00,A0001021602,A1,82.0,4940
2026-09-05T09:50:32Z,2026-09-05T11:42:00.000+02:00,A22TC020222,A22 (contournement),84.0,2680
2026-09-05T09:50:32Z,2026-09-05T11:42:00.000+02:00,A0001010940,A1,95.0,4700
2026-09-05T09:50:32Z,2026-09-05T11:42:00.000+02:00,A0025023320,A25,111.0,1790
2026-09-05T09:50:32Z,2026-09-05T11:42:00.000+02:00,A0001020520,A1,100.0,3400
2026-09-05T09:50:32Z,2026-09-05T11:42:00.000+02:00,A0025023100,A25,111.0,1480
2026-09-05T09:50:32Z,2026-09-05T11:42:00.000+02:00,A22TC020230,A22 (contournement),84.0,2680
2026-09-05T09:50:32Z,2026-09-05T11:42:00.000+02:00,A0025021730,A25,88.0,2860
2026-09-05T09:50:32Z,2026-09-05T11:42:00.000+02:00,A0025023910,A25,116.0,1090
2026-09-05T09:50:32Z,2026-09-05T11:42:00.000+02:00,A0025021735,A25,101.0,2860
2026-09-05T09:50:32Z,2026-09-05T11:42:00.000+02:00,A0023010400,A23,111.0,1470
2026-09-05T09:50:32Z,2026-09-05T11:42:00.000+02:00,A0022021900,A22,79.0,2740
2026-09-05T09:50:32Z,2026-09-05T11:42:00.000+02:00,A9022100500,A22 (rocade),81.0,1410
2026-09-05T09:50:32Z,2026-09-05T11:42:00.000+02:00,A0001020940,A1,89.0,3900
2026-09-05T09:50:32Z,2026-09-05T11:42:00.000+02:00,A0001020700,A1,95.0,2930
2026-09-05T09:50:32Z,2026-09-05T11:42:00.000+02:00,A9022020830,A22 (rocade),89.0,360
2026-09-05T09:50:32Z,2026-09-05T11:42:00.000+02:00,A9022020822,A22 (rocade),74.0,1770
2026-09-05T09:50:32Z,2026-09-05T11:42:00.000+02:00,A9022020821,A22 (rocade),74.0,1770
2026-09-05T09:50:32Z,2026-09-05T11:42:00.000+02:00,A0025020420,A25,70.0,3720
2026-09-05T09:50:32Z,2026-09-05T11:42:00.000+02:00,A0025021510,A25,91.0,990
2026-09-05T09:50:32Z,2026-09-05T11:42:00.000+02:00,N0227010100,N227,64.0,1460
2026-09-05T09:50:32Z,2026-09-05T11:42:00.000+02:00,A0025011720,A25,100.0,3070
2026-09-05T09:50:32Z,2026-09-05T11:42:00.000+02:00,A0025021760,A25,86.0,2960
2026-09-05T09:50:32Z,2026-09-05T11:42:00.000+02:00,A0025011730,A25,85.0,3040
2026-09-05T09:50:32Z,2026-09-05T11:42:00.000+02:00,A0025011735,A25,99.0,3110
2026-09-05T09:50:32Z,2026-09-05T11:42:00.000+02:00,A9025080700,A25 (bretelle),,620
2026-09-05T09:50:32Z,2026-09-05T11:42:00.000+02:00,A9022100930,A22 (rocade),73.0,180
2026-09-05T09:50:32Z,2026-09-05T11:42:00.000+02:00,N0356011220,N356,73.0,2380
2026-09-05T09:50:32Z,2026-09-05T11:42:00.000+02:00,A0025011740,A25,84.0,3010
2026-09-05T09:50:32Z,2026-09-05T11:42:00.000+02:00,A0025010410,A25,70.0,3520
2026-09-05T09:50:32Z,2026-09-05T11:42:00.000+02:00,A0023010200,A23,90.0,1350
2026-09-05T09:50:32Z,2026-09-05T11:42:00.000+02:00,A9001210120,A1 (bretelle),74.0,640
2026-09-05T09:50:32Z,2026-09-05T11:42:00.000+02:00,A0025020210,A25,71.0,4120
2026-09-05T09:50:32Z,2026-09-05T11:42:00.000+02:00,N0356011210,N356,73.0,2380
2026-09-05T09:50:32Z,2026-09-05T11:42:00.000+02:00,A0025011510,A25,88.0,1340
2026-09-05T09:50:32Z,2026-09-05T11:42:00.000+02:00,A0025020220,A25,71.0,4120
2026-09-05T09:50:32Z,2026-09-05T11:42:00.000+02:00,N0227010302,N227,74.0,2590
2026-09-05T09:50:32Z,2026-09-05T11:42:00.000+02:00,N0041010500,N41,95.0,1470
2026-09-05T09:50:32Z,2026-09-05T11:42:00.000+02:00,N0227020101,N227,78.0,2670
2026-09-05T09:50:32Z,2026-09-05T11:42:00.000+02:00,A9022100110,A22 (rocade),66.0,690
2026-09-05T09:50:32Z,2026-09-05T11:42:00.000+02:00,A0022010400,A22,71.0,2920
2026-09-05T09:50:32Z,2026-09-05T11:42:00.000+02:00,N0356010302,N356,75.0,5030
2026-09-05T09:50:32Z,2026-09-05T11:42:00.000+02:00,A0025010800,A25,73.0,2420
2026-09-05T09:50:32Z,2026-09-05T11:42:00.000+02:00,A0027020621,A27,101.0,1830
2026-09-05T09:50:32Z,2026-09-05T11:42:00.000+02:00,N0041010700,N41,97.0,700
2026-09-05T09:50:32Z,2026-09-05T11:42:00.000+02:00,A0027020630,A27,103.0,1900
2026-09-05T09:50:32Z,2026-09-05T11:42:00.000+02:00,A0022021512,A22,76.0,2410
2026-09-05T09:50:32Z,2026-09-05T11:42:00.000+02:00,A0022021511,A22,80.0,2450
2026-09-05T09:50:32Z,2026-09-05T11:42:00.000+02:00,A0027020610,A27,101.0,1830
2026-09-05T09:50:32Z,2026-09-05T11:42:00.000+02:00,A0025021720,A25,100.0,2780
2026-09-05T09:50:32Z,2026-09-05T11:42:00.000+02:00,A0022021520,A22,76.0,2410
2026-09-05T09:50:32Z,2026-09-05T11:42:00.000+02:00,A0025022140,A25,108.0,2860
2026-09-05T09:50:32Z,2026-09-05T11:42:00.000+02:00,A0022011302,A22,75.0,1950
2026-09-05T09:50:32Z,2026-09-05T11:42:00.000+02:00,A0025022160,A25,101.0,2870
2026-09-05T09:50:32Z,2026-09-05T11:42:00.000+02:00,A9025060104,A25 (bretelle),72.0,2050
2026-09-05T09:50:32Z,2026-09-05T11:42:00.000+02:00,A0027010201,A27,90.0,1430
2026-09-05T09:50:32Z,2026-09-05T11:42:00.000+02:00,A0027010202,A27,81.0,1020
2026-09-05T09:50:32Z,2026-09-05T11:42:00.000+02:00,N9227110110,N227 (bretelle),73.0,1220
2026-09-05T09:50:32Z,2026-09-05T11:42:00.000+02:00,A0025012130,A25,108.0,1330
2026-09-05T09:50:32Z,2026-09-05T11:42:00.000+02:00,A0027010210,A27,81.0,1020
2026-09-05T09:50:32Z,2026-09-05T11:42:00.000+02:00,A0025011050,A25,87.0,1410
2026-09-05T09:50:32Z,2026-09-05T11:42:00.000+02:00,A0025012140,A25,107.0,2680
2026-09-05T09:50:32Z,2026-09-05T11:42:00.000+02:00,A0027010421,A27,98.0,1070
2026-09-05T09:50:32Z,2026-09-05T11:42:00.000+02:00,A0022012420,A22,94.0,2720
2026-09-05T09:50:32Z,2026-09-05T11:42:00.000+02:00,A0027010430,A27,102.0,1110
2026-09-05T09:50:32Z,2026-09-05T11:42:00.000+02:00,A0023020710,A23,105.0,2040
2026-09-05T09:50:32Z,2026-09-05T11:42:00.000+02:00,A0022012430,A22,90.0,2690
2026-09-05T09:50:32Z,2026-09-05T11:42:00.000+02:00,A0025012160,A25,121.0,2740
2026-09-05T09:50:32Z,2026-09-05T11:42:00.000+02:00,A9022021200,A22 (rocade),64.0,430
2026-09-05T09:50:32Z,2026-09-05T11:42:00.000+02:00,A0001021100,A1,87.0,3580
2026-09-05T09:50:32Z,2026-09-05T11:42:00.000+02:00,A9022101000,A22 (rocade),70.0,700
2026-09-05T09:50:32Z,2026-09-05T11:42:00.000+02:00,A0025013020,A25,109.0,2320
2026-09-05T09:50:32Z,2026-09-05T11:42:00.000+02:00,A0027010410,A27,98.0,1070
2026-09-05T09:50:32Z,2026-09-05T11:42:00.000+02:00,A0022012410,A22,92.0,2750
2026-09-05T09:50:32Z,2026-09-05T11:42:00.000+02:00,A0001A20112,A1,86.0,2600
2026-09-05T09:50:32Z,2026-09-05T11:42:00.000+02:00,A0001A20111,A1,90.0,1290
2026-09-05T09:50:32Z,2026-09-05T11:42:00.000+02:00,A0025010320,A25,70.0,2730
2026-09-05T09:50:32Z,2026-09-05T11:42:00.000+02:00,A0025022540,A25,108.0,2140
2026-09-05T09:50:32Z,2026-09-05T11:42:00.000+02:00,A0025022300,A25,105.0,1800
2026-09-05T09:50:32Z,2026-09-05T11:42:00.000+02:00,N0356021000,N356,74.0,2920
2026-09-05T09:50:32Z,2026-09-05T11:42:00.000+02:00,A22TC010102,A22 (contournement),86.0,1910
2026-09-05T09:50:32Z,2026-09-05T11:42:00.000+02:00,A0001011503,A1,84.0,6130
2026-09-05T09:50:32Z,2026-09-05T11:42:00.000+02:00,A0022012200,A22,80.0,2390
2026-09-05T09:50:32Z,2026-09-05T11:42:00.000+02:00,A22TC020102,A22 (contournement),82.0,2700
2026-09-05T09:50:32Z,2026-09-05T11:42:00.000+02:00,A22TC010300,A22 (contournement),78.0,2110
2026-09-05T09:50:32Z,2026-09-05T11:42:00.000+02:00,A0022012010,A22,80.0,1720
2026-09-05T09:50:32Z,2026-09-05T11:42:00.000+02:00,A0022012020,A22,80.0,1720
2026-09-05T09:50:32Z,2026-09-05T11:42:00.000+02:00,A0025022130,A25,125.0,2870
2026-09-05T09:50:32Z,2026-09-05T11:42:00.000+02:00,A0023010520,A23,116.0,1430
2026-09-05T09:50:32Z,2026-09-05T11:42:00.000+02:00,N0041020800,N41,96.0,1700
2026-09-05T09:50:32Z,2026-09-05T11:42:00.000+02:00,A0025010500,A25,70.0,2550
2026-09-05T09:50:32Z,2026-09-05T11:42:00.000+02:00,A0022020901,A22,88.0,2370
2026-09-05T09:50:32Z,2026-09-05T11:42:00.000+02:00,A0022020902,A22,88.0,2340
2026-09-05T09:50:32Z,2026-09-05T11:42:00.000+02:00,A0025020310,A25,75.0,3030
2026-09-05T09:50:32Z,2026-09-05T11:42:00.000+02:00,A0022021810,A22,78.0,2450
2026-09-05T09:50:32Z,2026-09-05T11:42:00.000+02:00,N0356011100,N356,71.0,2230
2026-09-05T09:50:32Z,2026-09-05T11:42:00.000+02:00,A0022021820,A22,78.0,2450
2026-09-05T09:50:32Z,2026-09-05T11:42:00.000+02:00,N0356020802,N356,71.0,3140
2026-09-05T09:50:32Z,2026-09-05T11:42:00.000+02:00,A0025020102,A25,72.0,470
2026-09-05T09:50:32Z,2026-09-05T11:42:00.000+02:00,A0025010310,A25,75.0,3180
2026-09-05T09:50:32Z,2026-09-05T11:42:00.000+02:00,A0025022530,A25,112.0,2180
2026-09-05T09:50:32Z,2026-09-05T11:42:00.000+02:00,A9001210200,A1 (bretelle),64.0,1100
2026-09-05T09:50:32Z,2026-09-05T11:42:00.000+02:00,A0022010700,A22,77.0,2170
2026-09-05T09:50:32Z,2026-09-05T11:42:00.000+02:00,N0041020400,N41,91.0,2020
2026-09-05T09:50:32Z,2026-09-05T11:42:00.000+02:00,A0023020720,A23,112.0,2000
2026-09-05T09:50:32Z,2026-09-05T11:42:00.000+02:00,A0022020500,A22,88.0,1340
2026-09-05T09:50:32Z,2026-09-05T11:42:00.000+02:00,N93563b0150,N356 (bretelle),72.0,60
2026-09-05T09:50:32Z,2026-09-05T11:42:00.000+02:00,A0025020950,A25,92.0,2970
2026-09-05T09:50:32Z,2026-09-05T11:42:00.000+02:00,A0023020300,A23,94.0,1240
2026-09-05T09:50:32Z,2026-09-05T11:42:00.000+02:00,A0001011000,A1,82.0,4010
2026-09-05T09:50:32Z,2026-09-05T11:42:00.000+02:00,A0027020500,A27,89.0,1170
2026-09-05T09:50:32Z,2026-09-05T11:42:00.000+02:00,N0356011500,N356,72.0,2510
2026-09-05T09:50:32Z,2026-09-05T11:42:00.000+02:00,A0001010150,A1,104.0,4080
2026-09-05T09:50:32Z,2026-09-05T11:42:00.000+02:00,N0356020400,N356,65.0,1540
2026-09-05T09:50:32Z,2026-09-05T11:42:00.000+02:00,N0041020600,N41,102.0,1360
2026-09-05T09:50:32Z,2026-09-05T11:42:00.000+02:00,A0025010700,A25,66.0,1240
2026-09-05T09:50:32Z,2026-09-05T11:42:00.000+02:00,A0002011230,A2,106.0,2700
2026-09-05T09:50:32Z,2026-09-05T11:42:00.000+02:00,A0025020500,A25,71.0,2860
2026-09-05T09:50:32Z,2026-09-05T11:42:00.000+02:00,A0002021290,A2,106.0,2730
2026-09-05T09:50:32Z,2026-09-05T11:42:00.000+02:00,A0022011600,A22,81.0,1640
2026-09-05T10:00:33Z,2026-09-05T11:54:00.000+02:00,A0001011200,A1,80.0,4540
2026-09-05T10:00:33Z,2026-09-05T11:54:00.000+02:00,A0027010102,A27,86.0,2760
2026-09-05T10:00:33Z,2026-09-05T11:54:00.000+02:00,N0041010100,N41,88.0,930
2026-09-05T10:00:33Z,2026-09-05T11:54:00.000+02:00,A0027010101,A27,86.0,2760
2026-09-05T10:00:33Z,2026-09-05T11:54:00.000+02:00,A0001020150,A1,103.0,3490
2026-09-05T10:00:33Z,2026-09-05T11:54:00.000+02:00,N0356011700,N356,72.0,2500
2026-09-05T10:00:33Z,2026-09-05T11:54:00.000+02:00,N9227110200,N227 (bretelle),85.0,60
2026-09-05T10:00:33Z,2026-09-05T11:54:00.000+02:00,N0356021300,N356,66.0,2780
2026-09-05T10:00:33Z,2026-09-05T11:54:00.000+02:00,A0022011400,A22,76.0,740
2026-09-05T10:00:33Z,2026-09-05T11:54:00.000+02:00,A0027010300,A27,90.0,810
2026-09-05T10:00:33Z,2026-09-05T11:54:00.000+02:00,A9022020250,A22 (rocade),58.0,810
2026-09-05T10:00:33Z,2026-09-05T11:54:00.000+02:00,N0041010300,N41,90.0,2400
2026-09-05T10:00:33Z,2026-09-05T11:54:00.000+02:00,A0022011210,A22,80.0,840
2026-09-05T10:00:33Z,2026-09-05T11:54:00.000+02:00,A0027020100,A27,71.0,1280
2026-09-05T10:00:33Z,2026-09-05T11:54:00.000+02:00,A0001010300,A1,97.0,4280
2026-09-05T10:00:33Z,2026-09-05T11:54:00.000+02:00,A0022011220,A22,80.0,840
2026-09-05T10:00:33Z,2026-09-05T11:54:00.000+02:00,N0227021400,N227,78.0,50
2026-09-05T10:00:33Z,2026-09-05T11:54:00.000+02:00,A9022101110,A22 (rocade),77.0,970
2026-09-05T10:00:33Z,2026-09-05T11:54:00.000+02:00,A0022022110,A22,84.0,3050
2026-09-05T10:00:33Z,2026-09-05T11:54:00.000+02:00,N0356010800,N356,72.0,2650
2026-09-05T10:00:33Z,2026-09-05T11:54:00.000+02:00,A9001210710,A1 (bretelle),69.0,290
2026-09-05T10:00:33Z,2026-09-05T11:54:00.000+02:00,N0356021110,N356,72.0,2850
2026-09-05T10:00:33Z,2026-09-05T11:54:00.000+02:00,A0001010510,A1,97.0,4020
2026-09-05T10:00:33Z,2026-09-05T11:54:00.000+02:00,N0356021122,N356,65.0,3050
2026-09-05T10:00:33Z,2026-09-05T11:54:00.000+02:00,N0356021121,N356,72.0,2850
2026-09-05T10:00:33Z,2026-09-05T11:54:00.000+02:00,A0025010210,A25,70.0,4780
2026-09-05T10:00:33Z,2026-09-05T11:54:00.000+02:00,A0025011300,A25,86.0,1750
2026-09-05T10:00:33Z,2026-09-05T11:54:00.000+02:00,A0001020300,A1,104.0,3160
2026-09-05T10:00:33Z,2026-09-05T11:54:00.000+02:00,A0025021100,A25,90.0,2080
2026-09-05T10:00:33Z,2026-09-05T11:54:00.000+02:00,A0025023520,A25,114.0,1540
2026-09-05T10:00:33Z,2026-09-05T11:54:00.000+02:00,A0022022130,A22,73.0,2920
2026-09-05T10:00:33Z,2026-09-05T11:54:00.000+02:00,A0025010220,A25,70.0,4780
2026-09-05T10:00:33Z,2026-09-05T11:54:00.000+02:00,A0022022120,A22,86.0,3180
2026-09-05T10:00:33Z,2026-09-05T11:54:00.000+02:00,A0001010520,A1,97.0,4720
2026-09-05T10:00:33Z,2026-09-05T11:54:00.000+02:00,A0022011000,A22,76.0,2600
2026-09-05T10:00:33Z,2026-09-05T11:54:00.000+02:00,A0001020510,A1,99.0,3410
2026-09-05T10:00:33Z,2026-09-05T11:54:00.000+02:00,A0001021602,A1,82.0,4860
2026-09-05T10:00:33Z,2026-09-05T11:54:00.000+02:00,A22TC020222,A22 (contournement),84.0,2780
2026-09-05T10:00:33Z,2026-09-05T11:54:00.000+02:00,A0001010940,A1,95.0,4890
2026-09-05T10:00:33Z,2026-09-05T11:54:00.000+02:00,A0025023320,A25,113.0,1880
2026-09-05T10:00:33Z,2026-09-05T11:54:00.000+02:00,A0001020520,A1,94.0,3500
2026-09-05T10:00:33Z,2026-09-05T11:54:00.000+02:00,A0025023100,A25,114.0,1540
2026-09-05T10:00:33Z,2026-09-05T11:54:00.000+02:00,A22TC020230,A22 (contournement),84.0,2780
2026-09-05T10:00:33Z,2026-09-05T11:54:00.000+02:00,A0025021730,A25,89.0,2720
2026-09-05T10:00:33Z,2026-09-05T11:54:00.000+02:00,A0025023910,A25,115.0,1450
2026-09-05T10:00:33Z,2026-09-05T11:54:00.000+02:00,A0025021735,A25,103.0,2680
2026-09-05T10:00:33Z,2026-09-05T11:54:00.000+02:00,A0023010400,A23,110.0,1500
2026-09-05T10:00:33Z,2026-09-05T11:54:00.000+02:00,A0022021900,A22,79.0,2490
2026-09-05T10:00:33Z,2026-09-05T11:54:00.000+02:00,A9022100500,A22 (rocade),78.0,1260
2026-09-05T10:00:33Z,2026-09-05T11:54:00.000+02:00,A0001020940,A1,87.0,4190
2026-09-05T10:00:33Z,2026-09-05T11:54:00.000+02:00,A0001020700,A1,91.0,2870
2026-09-05T10:00:33Z,2026-09-05T11:54:00.000+02:00,A9022020830,A22 (rocade),85.0,490
2026-09-05T10:00:33Z,2026-09-05T11:54:00.000+02:00,A9022020822,A22 (rocade),76.0,1680
2026-09-05T10:00:33Z,2026-09-05T11:54:00.000+02:00,A9022020821,A22 (rocade),76.0,1680
2026-09-05T10:00:33Z,2026-09-05T11:54:00.000+02:00,A0025020420,A25,72.0,3510
2026-09-05T10:00:33Z,2026-09-05T11:54:00.000+02:00,A0025021510,A25,93.0,1040
2026-09-05T10:00:33Z,2026-09-05T11:54:00.000+02:00,N0227010100,N227,65.0,1350
2026-09-05T10:00:33Z,2026-09-05T11:54:00.000+02:00,A0025011720,A25,98.0,3190
2026-09-05T10:00:33Z,2026-09-05T11:54:00.000+02:00,A0025021760,A25,88.0,2650
2026-09-05T10:00:33Z,2026-09-05T11:54:00.000+02:00,A0025011730,A25,88.0,3210
2026-09-05T10:00:33Z,2026-09-05T11:54:00.000+02:00,A0025011735,A25,99.0,3210
2026-09-05T10:00:33Z,2026-09-05T11:54:00.000+02:00,A9025080700,A25 (bretelle),,620
2026-09-05T10:00:33Z,2026-09-05T11:54:00.000+02:00,A9022100930,A22 (rocade),73.0,190
2026-09-05T10:00:33Z,2026-09-05T11:54:00.000+02:00,N0356011220,N356,71.0,2530
2026-09-05T10:00:33Z,2026-09-05T11:54:00.000+02:00,A0025011740,A25,85.0,3140
2026-09-05T10:00:33Z,2026-09-05T11:54:00.000+02:00,A0025010410,A25,70.0,3390
2026-09-05T10:00:33Z,2026-09-05T11:54:00.000+02:00,A0023010200,A23,100.0,1240
2026-09-05T10:00:33Z,2026-09-05T11:54:00.000+02:00,A9001210120,A1 (bretelle),74.0,500
2026-09-05T10:00:33Z,2026-09-05T11:54:00.000+02:00,A0025020210,A25,73.0,4190
2026-09-05T10:00:33Z,2026-09-05T11:54:00.000+02:00,N0356011210,N356,71.0,2530
2026-09-05T10:00:33Z,2026-09-05T11:54:00.000+02:00,A0025011510,A25,93.0,1300
2026-09-05T10:00:33Z,2026-09-05T11:54:00.000+02:00,A0025020220,A25,73.0,4190
2026-09-05T10:00:33Z,2026-09-05T11:54:00.000+02:00,N0227010302,N227,76.0,2330
2026-09-05T10:00:33Z,2026-09-05T11:54:00.000+02:00,N0041010500,N41,100.0,1530
2026-09-05T10:00:33Z,2026-09-05T11:54:00.000+02:00,N0227020101,N227,83.0,2510
2026-09-05T10:00:33Z,2026-09-05T11:54:00.000+02:00,A9022100110,A22 (rocade),65.0,650
2026-09-05T10:00:33Z,2026-09-05T11:54:00.000+02:00,A0022010400,A22,72.0,3000
2026-09-05T10:00:33Z,2026-09-05T11:54:00.000+02:00,N0356010302,N356,73.0,5220
2026-09-05T10:00:33Z,2026-09-05T11:54:00.000+02:00,A0025010800,A25,73.0,2380
2026-09-05T10:00:33Z,2026-09-05T11:54:00.000+02:00,A0027020621,A27,102.0,1610
2026-09-05T10:00:33Z,2026-09-05T11:54:00.000+02:00,N0041010700,N41,98.0,1130
2026-09-05T10:00:33Z,2026-09-05T11:54:00.000+02:00,A0027020630,A27,103.0,1580
2026-09-05T10:00:33Z,2026-09-05T11:54:00.000+02:00,A0022021512,A22,77.0,2030
2026-09-05T10:00:33Z,2026-09-05T11:54:00.000+02:00,A0022021511,A22,80.0,2180
2026-09-05T10:00:33Z,2026-09-05T11:54:00.000+02:00,A0027020610,A27,102.0,1610
2026-09-05T10:00:33Z,2026-09-05T11:54:00.000+02:00,A0025021720,A25,100.0,2700
2026-09-05T10:00:33Z,2026-09-05T11:54:00.000+02:00,A0022021520,A22,77.0,2030
2026-09-05T10:00:33Z,2026-09-05T11:54:00.000+02:00,A0025022140,A25,112.0,2310
2026-09-05T10:00:33Z,2026-09-05T11:54:00.000+02:00,A0022011302,A22,73.0,2270
2026-09-05T10:00:33Z,2026-09-05T11:54:00.000+02:00,A0025022160,A25,109.0,2310
2026-09-05T10:00:33Z,2026-09-05T11:54:00.000+02:00,A9025060104,A25 (bretelle),69.0,2320
2026-09-05T10:00:33Z,2026-09-05T11:54:00.000+02:00,A0027010201,A27,92.0,1480
2026-09-05T10:00:33Z,2026-09-05T11:54:00.000+02:00,A0027010202,A27,77.0,1040
2026-09-05T10:00:33Z,2026-09-05T11:54:00.000+02:00,N9227110110,N227 (bretelle),73.0,1210
2026-09-05T10:00:33Z,2026-09-05T11:54:00.000+02:00,A0025012130,A25,100.0,1220
2026-09-05T10:00:33Z,2026-09-05T11:54:00.000+02:00,A0027010210,A27,77.0,1040
2026-09-05T10:00:33Z,2026-09-05T11:54:00.000+02:00,A0025011050,A25,92.0,1680
2026-09-05T10:00:33Z,2026-09-05T11:54:00.000+02:00,A0025012140,A25,50.0,2060
2026-09-05T10:00:33Z,2026-09-05T11:54:00.000+02:00,A0027010421,A27,99.0,1180
2026-09-05T10:00:33Z,2026-09-05T11:54:00.000+02:00,A0022012420,A22,96.0,2630
2026-09-05T10:00:33Z,2026-09-05T11:54:00.000+02:00,A0027010430,A27,101.0,1170
2026-09-05T10:00:33Z,2026-09-05T11:54:00.000+02:00,A0023020710,A23,110.0,1720
2026-09-05T10:00:33Z,2026-09-05T11:54:00.000+02:00,A0022012430,A22,92.0,2600
2026-09-05T10:00:33Z,2026-09-05T11:54:00.000+02:00,A0025012160,A25,120.0,2850
2026-09-05T10:00:33Z,2026-09-05T11:54:00.000+02:00,A9022021200,A22 (rocade),62.0,410
2026-09-05T10:00:33Z,2026-09-05T11:54:00.000+02:00,A0001021100,A1,89.0,3570
2026-09-05T10:00:33Z,2026-09-05T11:54:00.000+02:00,A9022101000,A22 (rocade),79.0,780
2026-09-05T10:00:33Z,2026-09-05T11:54:00.000+02:00,A0025013020,A25,114.0,2420
2026-09-05T10:00:33Z,2026-09-05T11:54:00.000+02:00,A0027010410,A27,99.0,1180
2026-09-05T10:00:33Z,2026-09-05T11:54:00.000+02:00,A0022012410,A22,94.0,2800
2026-09-05T10:00:33Z,2026-09-05T11:54:00.000+02:00,A0001A20112,A1,88.0,2320
2026-09-05T10:00:33Z,2026-09-05T11:54:00.000+02:00,A0001A20111,A1,85.0,1150
2026-09-05T10:00:33Z,2026-09-05T11:54:00.000+02:00,A0025010320,A25,53.0,2310
2026-09-05T10:00:33Z,2026-09-05T11:54:00.000+02:00,A0025022540,A25,117.0,1660
2026-09-05T10:00:33Z,2026-09-05T11:54:00.000+02:00,A0025022300,A25,113.0,1700
2026-09-05T10:00:33Z,2026-09-05T11:54:00.000+02:00,N0356021000,N356,74.0,2560
2026-09-05T10:00:33Z,2026-09-05T11:54:00.000+02:00,A22TC010102,A22 (contournement),84.0,1890
2026-09-05T10:00:33Z,2026-09-05T11:54:00.000+02:00,A0001011503,A1,83.0,6260
2026-09-05T10:00:33Z,2026-09-05T11:54:00.000+02:00,A0022012200,A22,80.0,2480
2026-09-05T10:00:33Z,2026-09-05T11:54:00.000+02:00,A22TC020102,A22 (contournement),82.0,2510
2026-09-05T10:00:33Z,2026-09-05T11:54:00.000+02:00,A22TC010300,A22 (contournement),79.0,2100
2026-09-05T10:00:33Z,2026-09-05T11:54:00.000+02:00,A0022012010,A22,80.0,1630
2026-09-05T10:00:33Z,2026-09-05T11:54:00.000+02:00,A0022012020,A22,80.0,1630
2026-09-05T10:00:33Z,2026-09-05T11:54:00.000+02:00,A0025022130,A25,127.0,2350
2026-09-05T10:00:33Z,2026-09-05T11:54:00.000+02:00,A0023010520,A23,117.0,1510
2026-09-05T10:00:33Z,2026-09-05T11:54:00.000+02:00,N0041020800,N41,96.0,1990
2026-09-05T10:00:33Z,2026-09-05T11:54:00.000+02:00,A0025010500,A25,70.0,2550
2026-09-05T10:00:33Z,2026-09-05T11:54:00.000+02:00,A0022020901,A22,85.0,2720
2026-09-05T10:00:33Z,2026-09-05T11:54:00.000+02:00,A0022020902,A22,85.0,2360
2026-09-05T10:00:33Z,2026-09-05T11:54:00.000+02:00,A0025020310,A25,74.0,2860
2026-09-05T10:00:33Z,2026-09-05T11:54:00.000+02:00,A0022021810,A22,78.0,2050
2026-09-05T10:00:33Z,2026-09-05T11:54:00.000+02:00,N0356011100,N356,71.0,2380
2026-09-05T10:00:33Z,2026-09-05T11:54:00.000+02:00,A0022021820,A22,78.0,2050
2026-09-05T10:00:33Z,2026-09-05T11:54:00.000+02:00,N0356020802,N356,71.0,2660
2026-09-05T10:00:33Z,2026-09-05T11:54:00.000+02:00,A9022020900,A22 (rocade),82.0,730
2026-09-05T10:00:33Z,2026-09-05T11:54:00.000+02:00,A0025020102,A25,67.0,130
2026-09-05T10:00:33Z,2026-09-05T11:54:00.000+02:00,A0025010310,A25,72.0,3020
2026-09-05T10:00:33Z,2026-09-05T11:54:00.000+02:00,A0025022530,A25,118.0,1800
2026-09-05T10:00:33Z,2026-09-05T11:54:00.000+02:00,A9001210200,A1 (bretelle),65.0,1130
2026-09-05T10:00:33Z,2026-09-05T11:54:00.000+02:00,A0022010700,A22,79.0,2170
2026-09-05T10:00:33Z,2026-09-05T11:54:00.000+02:00,N0041020400,N41,91.0,2090
2026-09-05T10:00:33Z,2026-09-05T11:54:00.000+02:00,A0023020720,A23,119.0,1710
2026-09-05T10:00:33Z,2026-09-05T11:54:00.000+02:00,A0022020500,A22,85.0,1560
2026-09-05T10:00:33Z,2026-09-05T11:54:00.000+02:00,N93563b0150,N356 (bretelle),64.0,50
2026-09-05T10:00:33Z,2026-09-05T11:54:00.000+02:00,A0025020950,A25,92.0,2960
2026-09-05T10:00:33Z,2026-09-05T11:54:00.000+02:00,A0023020300,A23,89.0,910
2026-09-05T10:00:33Z,2026-09-05T11:54:00.000+02:00,A0001011000,A1,83.0,4360
2026-09-05T10:00:33Z,2026-09-05T11:54:00.000+02:00,A0027020500,A27,91.0,1110
2026-09-05T10:00:33Z,2026-09-05T11:54:00.000+02:00,N0356011500,N356,70.0,2790
2026-09-05T10:00:33Z,2026-09-05T11:54:00.000+02:00,A0001010150,A1,101.0,4400
2026-09-05T10:00:33Z,2026-09-05T11:54:00.000+02:00,N0356020400,N356,65.0,1390
2026-09-05T10:00:33Z,2026-09-05T11:54:00.000+02:00,N0041020600,N41,103.0,1600
2026-09-05T10:00:33Z,2026-09-05T11:54:00.000+02:00,A0025010700,A25,71.0,1580
2026-09-05T10:00:33Z,2026-09-05T11:54:00.000+02:00,A0002011230,A2,106.0,2760
2026-09-05T10:00:33Z,2026-09-05T11:54:00.000+02:00,A0025020500,A25,70.0,2470
2026-09-05T10:00:33Z,2026-09-05T11:54:00.000+02:00,A0002021290,A2,106.0,2890
2026-09-05T10:00:33Z,2026-09-05T11:54:00.000+02:00,A0022011600,A22,79.0,1700
2026-09-05T10:10:32Z,2026-09-05T12:00:00.000+02:00,A0001011200,A1,78.0,4590
2026-09-05T10:10:32Z,2026-09-05T12:00:00.000+02:00,A0027010102,A27,88.0,2990
2026-09-05T10:10:32Z,2026-09-05T12:00:00.000+02:00,N0041010100,N41,87.0,760
2026-09-05T10:10:32Z,2026-09-05T12:00:00.000+02:00,A0027010101,A27,88.0,2990
2026-09-05T10:10:32Z,2026-09-05T12:00:00.000+02:00,A0001020150,A1,107.0,3710
2026-09-05T10:10:32Z,2026-09-05T12:00:00.000+02:00,N0356011700,N356,72.0,2590
2026-09-05T10:10:32Z,2026-09-05T12:00:00.000+02:00,N9227110200,N227 (bretelle),81.0,10
2026-09-05T10:10:32Z,2026-09-05T12:00:00.000+02:00,N0356021300,N356,67.0,3150
2026-09-05T10:10:32Z,2026-09-05T12:00:00.000+02:00,A0022011400,A22,75.0,640
2026-09-05T10:10:32Z,2026-09-05T12:00:00.000+02:00,A0027010300,A27,90.0,890
2026-09-05T10:10:32Z,2026-09-05T12:00:00.000+02:00,A9022020250,A22 (rocade),31.0,790
2026-09-05T10:10:32Z,2026-09-05T12:00:00.000+02:00,N0041010300,N41,90.0,2260
2026-09-05T10:10:32Z,2026-09-05T12:00:00.000+02:00,A0022011210,A22,75.0,800
2026-09-05T10:10:32Z,2026-09-05T12:00:00.000+02:00,A0027020100,A27,73.0,1350
2026-09-05T10:10:32Z,2026-09-05T12:00:00.000+02:00,A0001010300,A1,96.0,4100
2026-09-05T10:10:32Z,2026-09-05T12:00:00.000+02:00,A0022011220,A22,75.0,800
2026-09-05T10:10:32Z,2026-09-05T12:00:00.000+02:00,N0227021400,N227,66.0,50
2026-09-05T10:10:32Z,2026-09-05T12:00:00.000+02:00,A9022101110,A22 (rocade),74.0,940
2026-09-05T10:10:32Z,2026-09-05T12:00:00.000+02:00,A0022022110,A22,81.0,3580
2026-09-05T10:10:32Z,2026-09-05T12:00:00.000+02:00,N0356010800,N356,73.0,2530
2026-09-05T10:10:32Z,2026-09-05T12:00:00.000+02:00,A9001210710,A1 (bretelle),67.0,280
2026-09-05T10:10:32Z,2026-09-05T12:00:00.000+02:00,N0356021110,N356,71.0,3190
2026-09-05T10:10:32Z,2026-09-05T12:00:00.000+02:00,A0001010510,A1,96.0,3740
2026-09-05T10:10:32Z,2026-09-05T12:00:00.000+02:00,N0356021122,N356,65.0,3370
2026-09-05T10:10:32Z,2026-09-05T12:00:00.000+02:00,N0356021121,N356,71.0,3190
2026-09-05T10:10:32Z,2026-09-05T12:00:00.000+02:00,A0025010210,A25,71.0,4200
2026-09-05T10:10:32Z,2026-09-05T12:00:00.000+02:00,A0025011300,A25,85.0,1350
2026-09-05T10:10:32Z,2026-09-05T12:00:00.000+02:00,A0001020300,A1,107.0,3640
2026-09-05T10:10:32Z,2026-09-05T12:00:00.000+02:00,A0025021100,A25,94.0,2000
2026-09-05T10:10:32Z,2026-09-05T12:00:00.000+02:00,A0025023520,A25,110.0,1220
2026-09-05T10:10:32Z,2026-09-05T12:00:00.000+02:00,A0022022130,A22,70.0,3090
2026-09-05T10:10:32Z,2026-09-05T12:00:00.000+02:00,A0025010220,A25,71.0,4200
2026-09-05T10:10:32Z,2026-09-05T12:00:00.000+02:00,A0022022120,A22,85.0,3530
2026-09-05T10:10:32Z,2026-09-05T12:00:00.000+02:00,A0001010520,A1,99.0,4370
2026-09-05T10:10:32Z,2026-09-05T12:00:00.000+02:00,A0022011000,A22,74.0,2610
2026-09-05T10:10:32Z,2026-09-05T12:00:00.000+02:00,A0001020510,A1,104.0,3720
2026-09-05T10:10:32Z,2026-09-05T12:00:00.000+02:00,A0001021602,A1,81.0,4750
2026-09-05T10:10:32Z,2026-09-05T12:00:00.000+02:00,A22TC020222,A22 (contournement),88.0,3060
2026-09-05T10:10:32Z,2026-09-05T12:00:00.000+02:00,A0001010940,A1,94.0,4810
2026-09-05T10:10:32Z,2026-09-05T12:00:00.000+02:00,A0025023320,A25,112.0,1740
2026-09-05T10:10:32Z,2026-09-05T12:00:00.000+02:00,A0001020520,A1,98.0,3800
2026-09-05T10:10:32Z,2026-09-05T12:00:00.000+02:00,A0025023100,A25,110.0,1620
2026-09-05T10:10:32Z,2026-09-05T12:00:00.000+02:00,A22TC020230,A22 (contournement),88.0,3060
2026-09-05T10:10:32Z,2026-09-05T12:00:00.000+02:00,A0025021730,A25,84.0,2830
2026-09-05T10:10:32Z,2026-09-05T12:00:00.000+02:00,A0025023910,A25,117.0,1100
2026-09-05T10:10:32Z,2026-09-05T12:00:00.000+02:00,A0025021735,A25,100.0,2740
2026-09-05T10:10:32Z,2026-09-05T12:00:00.000+02:00,A0023010400,A23,111.0,1380
2026-09-05T10:10:32Z,2026-09-05T12:00:00.000+02:00,A0022021900,A22,75.0,2690
2026-09-05T10:10:32Z,2026-09-05T12:00:00.000+02:00,A9022100500,A22 (rocade),76.0,1640
2026-09-05T10:10:32Z,2026-09-05T12:00:00.000+02:00,A0001020940,A1,87.0,3950
2026-09-05T10:10:32Z,2026-09-05T12:00:00.000+02:00,A0001020700,A1,91.0,3010
2026-09-05T10:10:32Z,2026-09-05T12:00:00.000+02:00,A9022020830,A22 (rocade),88.0,360
2026-09-05T10:10:32Z,2026-09-05T12:00:00.000+02:00,A9022020822,A22 (rocade),75.0,1930
2026-09-05T10:10:32Z,2026-09-05T12:00:00.000+02:00,A9022020821,A22 (rocade),75.0,1930
2026-09-05T10:10:32Z,2026-09-05T12:00:00.000+02:00,A0025020420,A25,73.0,3550
2026-09-05T10:10:32Z,2026-09-05T12:00:00.000+02:00,A0025021510,A25,97.0,930
2026-09-05T10:10:32Z,2026-09-05T12:00:00.000+02:00,N0227010100,N227,66.0,1540
2026-09-05T10:10:32Z,2026-09-05T12:00:00.000+02:00,A0025011720,A25,99.0,2710
2026-09-05T10:10:32Z,2026-09-05T12:00:00.000+02:00,A0025021760,A25,88.0,2730
2026-09-05T10:10:32Z,2026-09-05T12:00:00.000+02:00,A0025011730,A25,87.0,2670
2026-09-05T10:10:32Z,2026-09-05T12:00:00.000+02:00,A0025011735,A25,99.0,2870
2026-09-05T10:10:32Z,2026-09-05T12:00:00.000+02:00,A9025080700,A25 (bretelle),,580
2026-09-05T10:10:32Z,2026-09-05T12:00:00.000+02:00,A9022100930,A22 (rocade),78.0,180
2026-09-05T10:10:32Z,2026-09-05T12:00:00.000+02:00,N0356011220,N356,71.0,2630
2026-09-05T10:10:32Z,2026-09-05T12:00:00.000+02:00,A0025011740,A25,85.0,2800
2026-09-05T10:10:32Z,2026-09-05T12:00:00.000+02:00,A0025010410,A25,70.0,3430
2026-09-05T10:10:32Z,2026-09-05T12:00:00.000+02:00,A0023010200,A23,100.0,1220
2026-09-05T10:10:32Z,2026-09-05T12:00:00.000+02:00,A9001210120,A1 (bretelle),75.0,660
2026-09-05T10:10:32Z,2026-09-05T12:00:00.000+02:00,A0025020210,A25,74.0,4110
2026-09-05T10:10:32Z,2026-09-05T12:00:00.000+02:00,N0356011210,N356,71.0,2630
2026-09-05T10:10:32Z,2026-09-05T12:00:00.000+02:00,A0025011510,A25,86.0,1540
2026-09-05T10:10:32Z,2026-09-05T12:00:00.000+02:00,A0025020220,A25,74.0,4110
2026-09-05T10:10:32Z,2026-09-05T12:00:00.000+02:00,N0227010302,N227,75.0,2830
2026-09-05T10:10:32Z,2026-09-05T12:00:00.000+02:00,N0041010500,N41,76.0,1310
2026-09-05T10:10:32Z,2026-09-05T12:00:00.000+02:00,N0227020101,N227,72.0,2380
2026-09-05T10:10:32Z,2026-09-05T12:00:00.000+02:00,A9022100110,A22 (rocade),67.0,830
2026-09-05T10:10:32Z,2026-09-05T12:00:00.000+02:00,A0022010400,A22,71.0,3080
2026-09-05T10:10:32Z,2026-09-05T12:00:00.000+02:00,N0356010302,N356,77.0,4150
2026-09-05T10:10:32Z,2026-09-05T12:00:00.000+02:00,A0025010800,A25,74.0,2470
2026-09-05T10:10:32Z,2026-09-05T12:00:00.000+02:00,A0027020621,A27,98.0,1720
2026-09-05T10:10:32Z,2026-09-05T12:00:00.000+02:00,N0041010700,N41,102.0,790
2026-09-05T10:10:32Z,2026-09-05T12:00:00.000+02:00,A0027020630,A27,101.0,1700
2026-09-05T10:10:32Z,2026-09-05T12:00:00.000+02:00,A0022021512,A22,76.0,2280
2026-09-05T10:10:32Z,2026-09-05T12:00:00.000+02:00,A0022021511,A22,75.0,2250
2026-09-05T10:10:32Z,2026-09-05T12:00:00.000+02:00,A0027020610,A27,98.0,1720
2026-09-05T10:10:32Z,2026-09-05T12:00:00.000+02:00,A0025021720,A25,95.0,2750
2026-09-05T10:10:32Z,2026-09-05T12:00:00.000+02:00,A0022021520,A22,76.0,2280
2026-09-05T10:10:32Z,2026-09-05T12:00:00.000+02:00,A0025022140,A25,112.0,2490
2026-09-05T10:10:32Z,2026-09-05T12:00:00.000+02:00,A0022011302,A22,73.0,2060
2026-09-05T10:10:32Z,2026-09-05T12:00:00.000+02:00,A0025022160,A25,106.0,2490
2026-09-05T10:10:32Z,2026-09-05T12:00:00.000+02:00,A9025060104,A25 (bretelle),70.0,2420
2026-09-05T10:10:32Z,2026-09-05T12:00:00.000+02:00,A0027010201,A27,93.0,1730
2026-09-05T10:10:32Z,2026-09-05T12:00:00.000+02:00,A0027010202,A27,65.0,830
2026-09-05T10:10:32Z,2026-09-05T12:00:00.000+02:00,N9227110110,N227 (bretelle),73.0,1380
2026-09-05T10:10:32Z,2026-09-05T12:00:00.000+02:00,A0025012130,A25,110.0,1230
2026-09-05T10:10:32Z,2026-09-05T12:00:00.000+02:00,A0027010210,A27,65.0,830
2026-09-05T10:10:32Z,2026-09-05T12:00:00.000+02:00,A0025011050,A25,86.0,1700
2026-09-05T10:10:32Z,2026-09-05T12:00:00.000+02:00,A0025012140,A25,107.0,1230
2026-09-05T10:10:32Z,2026-09-05T12:00:00.000+02:00,A0027010421,A27,99.0,1310
2026-09-05T10:10:32Z,2026-09-05T12:00:00.000+02:00,A0022012420,A22,90.0,3250
2026-09-05T10:10:32Z,2026-09-05T12:00:00.000+02:00,A0027010430,A27,102.0,1380
2026-09-05T10:10:32Z,2026-09-05T12:00:00.000+02:00,A0023020710,A23,107.0,1740
2026-09-05T10:10:32Z,2026-09-05T12:00:00.000+02:00,A0022012430,A22,89.0,3140
2026-09-05T10:10:32Z,2026-09-05T12:00:00.000+02:00,A0025012160,A25,121.0,2710
2026-09-05T10:10:32Z,2026-09-05T12:00:00.000+02:00,A9022021200,A22 (rocade),61.0,520
2026-09-05T10:10:32Z,2026-09-05T12:00:00.000+02:00,A0001021100,A1,88.0,3310
2026-09-05T10:10:32Z,2026-09-05T12:00:00.000+02:00,A9022101000,A22 (rocade),68.0,810
2026-09-05T10:10:32Z,2026-09-05T12:00:00.000+02:00,A0025013020,A25,105.0,2260
2026-09-05T10:10:32Z,2026-09-05T12:00:00.000+02:00,A0027010410,A27,99.0,1310
2026-09-05T10:10:32Z,2026-09-05T12:00:00.000+02:00,A0022012410,A22,90.0,3170
2026-09-05T10:10:32Z,2026-09-05T12:00:00.000+02:00,A0001A20112,A1,87.0,2350
2026-09-05T10:10:32Z,2026-09-05T12:00:00.000+02:00,A0001A20111,A1,80.0,1230
2026-09-05T10:10:32Z,2026-09-05T12:00:00.000+02:00,A0025010320,A25,67.0,2480
2026-09-05T10:10:32Z,2026-09-05T12:00:00.000+02:00,A0025022540,A25,112.0,2050
2026-09-05T10:10:32Z,2026-09-05T12:00:00.000+02:00,A0025022300,A25,113.0,1690
2026-09-05T10:10:32Z,2026-09-05T12:00:00.000+02:00,N0356021000,N356,72.0,2790
2026-09-05T10:10:32Z,2026-09-05T12:00:00.000+02:00,A22TC010102,A22 (contournement),84.0,1980
2026-09-05T10:10:32Z,2026-09-05T12:00:00.000+02:00,A0001011503,A1,83.0,4560
2026-09-05T10:10:32Z,2026-09-05T12:00:00.000+02:00,A0022012200,A22,78.0,2680
2026-09-05T10:10:32Z,2026-09-05T12:00:00.000+02:00,A22TC020102,A22 (contournement),82.0,2390
2026-09-05T10:10:32Z,2026-09-05T12:00:00.000+02:00,A22TC010300,A22 (contournement),75.0,2070
2026-09-05T10:10:32Z,2026-09-05T12:00:00.000+02:00,A0022012010,A22,77.0,1870
2026-09-05T10:10:32Z,2026-09-05T12:00:00.000+02:00,A0022012020,A22,77.0,1870
2026-09-05T10:10:32Z,2026-09-05T12:00:00.000+02:00,A0025022130,A25,128.0,2390
2026-09-05T10:10:32Z,2026-09-05T12:00:00.000+02:00,A0023010520,A23,116.0,1380
2026-09-05T10:10:32Z,2026-09-05T12:00:00.000+02:00,N0041020800,N41,97.0,1790
2026-09-05T10:10:32Z,2026-09-05T12:00:00.000+02:00,A0025010500,A25,68.0,2470
2026-09-05T10:10:32Z,2026-09-05T12:00:00.000+02:00,A0022020901,A22,75.0,2500
2026-09-05T10:10:32Z,2026-09-05T12:00:00.000+02:00,A0022020902,A22,75.0,2630
2026-09-05T10:10:32Z,2026-09-05T12:00:00.000+02:00,A0025020310,A25,75.0,3020
2026-09-05T10:10:32Z,2026-09-05T12:00:00.000+02:00,A0022021810,A22,76.0,2310
2026-09-05T10:10:32Z,2026-09-05T12:00:00.000+02:00,N0356011100,N356,71.0,2350
2026-09-05T10:10:32Z,2026-09-05T12:00:00.000+02:00,A0022021820,A22,76.0,2310
2026-09-05T10:10:32Z,2026-09-05T12:00:00.000+02:00,N0356020802,N356,67.0,3060
2026-09-05T10:10:32Z,2026-09-05T12:00:00.000+02:00,A9022020900,A22 (rocade),80.0,180
2026-09-05T10:10:32Z,2026-09-05T12:00:00.000+02:00,A0025020102,A25,65.0,390
2026-09-05T10:10:32Z,2026-09-05T12:00:00.000+02:00,A0025010310,A25,71.0,2780
2026-09-05T10:10:32Z,2026-09-05T12:00:00.000+02:00,A0025022530,A25,115.0,1930
2026-09-05T10:10:32Z,2026-09-05T12:00:00.000+02:00,A9001210200,A1 (bretelle),66.0,1040
2026-09-05T10:10:32Z,2026-09-05T12:00:00.000+02:00,A0022010700,A22,77.0,2350
2026-09-05T10:10:32Z,2026-09-05T12:00:00.000+02:00,N0041020400,N41,90.0,2080
2026-09-05T10:10:32Z,2026-09-05T12:00:00.000+02:00,A0023020720,A23,116.0,1840
2026-09-05T10:10:32Z,2026-09-05T12:00:00.000+02:00,A0022020500,A22,75.0,1210
2026-09-05T10:10:32Z,2026-09-05T12:00:00.000+02:00,N93563b0150,N356 (bretelle),67.0,80
2026-09-05T10:10:32Z,2026-09-05T12:00:00.000+02:00,A0025020950,A25,91.0,2790
2026-09-05T10:10:32Z,2026-09-05T12:00:00.000+02:00,A0023020300,A23,96.0,1120
2026-09-05T10:10:32Z,2026-09-05T12:00:00.000+02:00,A0001011000,A1,82.0,4100
2026-09-05T10:10:32Z,2026-09-05T12:00:00.000+02:00,A0027020500,A27,85.0,1070
2026-09-05T10:10:32Z,2026-09-05T12:00:00.000+02:00,N0356011500,N356,71.0,2750
2026-09-05T10:10:32Z,2026-09-05T12:00:00.000+02:00,A0001010150,A1,101.0,4250
2026-09-05T10:10:32Z,2026-09-05T12:00:00.000+02:00,N0356020400,N356,64.0,1280
2026-09-05T10:10:32Z,2026-09-05T12:00:00.000+02:00,N0041020600,N41,101.0,1460
2026-09-05T10:10:32Z,2026-09-05T12:00:00.000+02:00,A0025010700,A25,69.0,1390
2026-09-05T10:10:32Z,2026-09-05T12:00:00.000+02:00,A0002011230,A2,110.0,2350
2026-09-05T10:10:32Z,2026-09-05T12:00:00.000+02:00,A0025020500,A25,74.0,2720
2026-09-05T10:10:32Z,2026-09-05T12:00:00.000+02:00,A0002021290,A2,103.0,3070
2026-09-05T10:10:32Z,2026-09-05T12:00:00.000+02:00,A0022011600,A22,79.0,1480
2026-09-05T10:20:29Z,2026-09-05T12:12:00.000+02:00,A0001011200,A1,67.0,3840
2026-09-05T10:20:29Z,2026-09-05T12:12:00.000+02:00,A0027010102,A27,94.0,2930
2026-09-05T10:20:29Z,2026-09-05T12:12:00.000+02:00,N0041010100,N41,87.0,720
2026-09-05T10:20:29Z,2026-09-05T12:12:00.000+02:00,A0027010101,A27,94.0,2930
2026-09-05T10:20:29Z,2026-09-05T12:12:00.000+02:00,A0001020150,A1,106.0,3490
2026-09-05T10:20:29Z,2026-09-05T12:12:00.000+02:00,N0356011700,N356,74.0,2170
2026-09-05T10:20:29Z,2026-09-05T12:12:00.000+02:00,N9227110200,N227 (bretelle),73.0,40
2026-09-05T10:20:29Z,2026-09-05T12:12:00.000+02:00,N0356021300,N356,67.0,3000
2026-09-05T10:20:29Z,2026-09-05T12:12:00.000+02:00,A0022011400,A22,77.0,770
2026-09-05T10:20:29Z,2026-09-05T12:12:00.000+02:00,A0027010300,A27,95.0,620
2026-09-05T10:20:29Z,2026-09-05T12:12:00.000+02:00,A9022020250,A22 (rocade),64.0,1030
2026-09-05T10:20:29Z,2026-09-05T12:12:00.000+02:00,N0041010300,N41,91.0,2070
2026-09-05T10:20:29Z,2026-09-05T12:12:00.000+02:00,A0022011210,A22,65.0,1180
2026-09-05T10:20:29Z,2026-09-05T12:12:00.000+02:00,A0027020100,A27,75.0,1260
2026-09-05T10:20:29Z,2026-09-05T12:12:00.000+02:00,A0001010300,A1,104.0,3820
2026-09-05T10:20:29Z,2026-09-05T12:12:00.000+02:00,A0022011220,A22,65.0,1180
2026-09-05T10:20:29Z,2026-09-05T12:12:00.000+02:00,N0227021400,N227,87.0,90
2026-09-05T10:20:29Z,2026-09-05T12:12:00.000+02:00,A9022101110,A22 (rocade),78.0,880
2026-09-05T10:20:29Z,2026-09-05T12:12:00.000+02:00,A0022022110,A22,82.0,3620
2026-09-05T10:20:29Z,2026-09-05T12:12:00.000+02:00,N0356010800,N356,71.0,2350
2026-09-05T10:20:29Z,2026-09-05T12:12:00.000+02:00,A9001210710,A1 (bretelle),71.0,270
2026-09-05T10:20:29Z,2026-09-05T12:12:00.000+02:00,N0356021110,N356,71.0,3160
2026-09-05T10:20:29Z,2026-09-05T12:12:00.000+02:00,A0001010510,A1,104.0,3840
2026-09-05T10:20:29Z,2026-09-05T12:12:00.000+02:00,N0356021122,N356,65.0,3140
2026-09-05T10:20:29Z,2026-09-05T12:12:00.000+02:00,N0356021121,N356,71.0,3160
2026-09-05T10:20:29Z,2026-09-05T12:12:00.000+02:00,A0025010210,A25,72.0,4310
2026-09-05T10:20:29Z,2026-09-05T12:12:00.000+02:00,A0025011300,A25,86.0,1550
2026-09-05T10:20:29Z,2026-09-05T12:12:00.000+02:00,A0001020300,A1,107.0,3350
2026-09-05T10:20:29Z,2026-09-05T12:12:00.000+02:00,A0025021100,A25,90.0,2050
2026-09-05T10:20:29Z,2026-09-05T12:12:00.000+02:00,A0025023520,A25,116.0,1260
2026-09-05T10:20:29Z,2026-09-05T12:12:00.000+02:00,A0022022130,A22,68.0,3220
2026-09-05T10:20:29Z,2026-09-05T12:12:00.000+02:00,A0025010220,A25,72.0,4310
2026-09-05T10:20:29Z,2026-09-05T12:12:00.000+02:00,A0022022120,A22,85.0,3600
2026-09-05T10:20:29Z,2026-09-05T12:12:00.000+02:00,A0001010520,A1,94.0,4340
2026-09-05T10:20:29Z,2026-09-05T12:12:00.000+02:00,A0022011000,A22,64.0,3030
2026-09-05T10:20:29Z,2026-09-05T12:12:00.000+02:00,A0001020510,A1,103.0,3580
2026-09-05T10:20:29Z,2026-09-05T12:12:00.000+02:00,A0001021602,A1,85.0,4570
2026-09-05T10:20:29Z,2026-09-05T12:12:00.000+02:00,A22TC020222,A22 (contournement),85.0,3370
2026-09-05T10:20:29Z,2026-09-05T12:12:00.000+02:00,A0001010940,A1,95.0,4180
2026-09-05T10:20:29Z,2026-09-05T12:12:00.000+02:00,A0025023320,A25,116.0,1740
2026-09-05T10:20:29Z,2026-09-05T12:12:00.000+02:00,A0001020520,A1,98.0,3680
2026-09-05T10:20:29Z,2026-09-05T12:12:00.000+02:00,A0025023100,A25,114.0,1460
2026-09-05T10:20:29Z,2026-09-05T12:12:00.000+02:00,A22TC020230,A22 (contournement),85.0,3370
2026-09-05T10:20:29Z,2026-09-05T12:12:00.000+02:00,A0025021730,A25,89.0,2840
2026-09-05T10:20:29Z,2026-09-05T12:12:00.000+02:00,A0025023910,A25,119.0,1120
2026-09-05T10:20:29Z,2026-09-05T12:12:00.000+02:00,A0025021735,A25,102.0,2990
2026-09-05T10:20:29Z,2026-09-05T12:12:00.000+02:00,A0023010400,A23,110.0,1490
2026-09-05T10:20:29Z,2026-09-05T12:12:00.000+02:00,A0022021900,A22,77.0,2790
2026-09-05T10:20:29Z,2026-09-05T12:12:00.000+02:00,A9022100500,A22 (rocade),79.0,1240
2026-09-05T10:20:29Z,2026-09-05T12:12:00.000+02:00,A0001020940,A1,88.0,4270
2026-09-05T10:20:29Z,2026-09-05T12:12:00.000+02:00,A0001020700,A1,91.0,3100
2026-09-05T10:20:29Z,2026-09-05T12:12:00.000+02:00,A9022020830,A22 (rocade),86.0,440
2026-09-05T10:20:29Z,2026-09-05T12:12:00.000+02:00,A9022020822,A22 (rocade),67.0,1670
2026-09-05T10:20:29Z,2026-09-05T12:12:00.000+02:00,A9022020821,A22 (rocade),67.0,1670
2026-09-05T10:20:29Z,2026-09-05T12:12:00.000+02:00,A0025020420,A25,71.0,3300
2026-09-05T10:20:29Z,2026-09-05T12:12:00.000+02:00,A0025021510,A25,97.0,950
2026-09-05T10:20:29Z,2026-09-05T12:12:00.000+02:00,N0227010100,N227,66.0,1850
2026-09-05T10:20:29Z,2026-09-05T12:12:00.000+02:00,A0025011720,A25,98.0,3000
2026-09-05T10:20:29Z,2026-09-05T12:12:00.000+02:00,A0025021760,A25,89.0,2830
2026-09-05T10:20:29Z,2026-09-05T12:12:00.000+02:00,A0025011730,A25,86.0,3000
2026-09-05T10:20:29Z,2026-09-05T12:12:00.000+02:00,A0025011735,A25,100.0,2870
2026-09-05T10:20:29Z,2026-09-05T12:12:00.000+02:00,A9025080700,A25 (bretelle),,570
2026-09-05T10:20:29Z,2026-09-05T12:12:00.000+02:00,A9022100930,A22 (rocade),75.0,270
2026-09-05T10:20:29Z,2026-09-05T12:12:00.000+02:00,N0356011220,N356,72.0,2350
2026-09-05T10:20:29Z,2026-09-05T12:12:00.000+02:00,A0025011740,A25,85.0,2700
2026-09-05T10:20:29Z,2026-09-05T12:12:00.000+02:00,A0025010410,A25,69.0,3320
2026-09-05T10:20:29Z,2026-09-05T12:12:00.000+02:00,A0023010200,A23,79.0,1280
2026-09-05T10:20:29Z,2026-09-05T12:12:00.000+02:00,A9001210120,A1 (bretelle),77.0,450
2026-09-05T10:20:29Z,2026-09-05T12:12:00.000+02:00,A0025020210,A25,73.0,3830
2026-09-05T10:20:29Z,2026-09-05T12:12:00.000+02:00,N0356011210,N356,72.0,2350
2026-09-05T10:20:29Z,2026-09-05T12:12:00.000+02:00,A0025011510,A25,87.0,1300
2026-09-05T10:20:29Z,2026-09-05T12:12:00.000+02:00,A0025020220,A25,73.0,3830
2026-09-05T10:20:29Z,2026-09-05T12:12:00.000+02:00,N0227010302,N227,76.0,2940
2026-09-05T10:20:29Z,2026-09-05T12:12:00.000+02:00,N0041010500,N41,100.0,610
2026-09-05T10:20:29Z,2026-09-05T12:12:00.000+02:00,N0227020101,N227,77.0,2340
2026-09-05T10:20:29Z,2026-09-05T12:12:00.000+02:00,A9022100110,A22 (rocade),66.0,660
2026-09-05T10:20:29Z,2026-09-05T12:12:00.000+02:00,A0022010400,A22,72.0,3270
2026-09-05T10:20:29Z,2026-09-05T12:12:00.000+02:00,N0356010302,N356,74.0,4890
2026-09-05T10:20:29Z,2026-09-05T12:12:00.000+02:00,A0025010800,A25,73.0,2510
2026-09-05T10:20:29Z,2026-09-05T12:12:00.000+02:00,A0027020621,A27,100.0,1580
2026-09-05T10:20:29Z,2026-09-05T12:12:00.000+02:00,N0041010700,N41,99.0,650
2026-09-05T10:20:29Z,2026-09-05T12:12:00.000+02:00,A0027020630,A27,101.0,1660
2026-09-05T10:20:29Z,2026-09-05T12:12:00.000+02:00,A0022021512,A22,78.0,2100
2026-09-05T10:20:29Z,2026-09-05T12:12:00.000+02:00,A0022021511,A22,80.0,2160
2026-09-05T10:20:29Z,2026-09-05T12:12:00.000+02:00,A0027020610,A27,100.0,1580
2026-09-05T10:20:29Z,2026-09-05T12:12:00.000+02:00,A0025021720,A25,100.0,2750
2026-09-05T10:20:29Z,2026-09-05T12:12:00.000+02:00,A0022021520,A22,78.0,2100
2026-09-05T10:20:29Z,2026-09-05T12:12:00.000+02:00,A0025022140,A25,110.0,2500
2026-09-05T10:20:29Z,2026-09-05T12:12:00.000+02:00,A0022011302,A22,71.0,2430
2026-09-05T10:20:29Z,2026-09-05T12:12:00.000+02:00,A0025022160,A25,107.0,2560
2026-09-05T10:20:29Z,2026-09-05T12:12:00.000+02:00,A9025060104,A25 (bretelle),68.0,2150
2026-09-05T10:20:29Z,2026-09-05T12:12:00.000+02:00,A0027010201,A27,92.0,1510
2026-09-05T10:20:29Z,2026-09-05T12:12:00.000+02:00,A0027010202,A27,83.0,920
2026-09-05T10:20:29Z,2026-09-05T12:12:00.000+02:00,N9227110110,N227 (bretelle),74.0,1360
2026-09-05T10:20:29Z,2026-09-05T12:12:00.000+02:00,A0025012130,A25,110.0,1220
2026-09-05T10:20:29Z,2026-09-05T12:12:00.000+02:00,A0027010210,A27,83.0,920
2026-09-05T10:20:29Z,2026-09-05T12:12:00.000+02:00,A0025011050,A25,92.0,1680
2026-09-05T10:20:29Z,2026-09-05T12:12:00.000+02:00,A0025012140,A25,110.0,640
2026-09-05T10:20:29Z,2026-09-05T12:12:00.000+02:00,A0027010421,A27,100.0,1200
2026-09-05T10:20:29Z,2026-09-05T12:12:00.000+02:00,A0022012420,A22,92.0,3110
2026-09-05T10:20:29Z,2026-09-05T12:12:00.000+02:00,A0027010430,A27,103.0,1280
2026-09-05T10:20:29Z,2026-09-05T12:12:00.000+02:00,A0023020710,A23,109.0,1540
2026-09-05T10:20:29Z,2026-09-05T12:12:00.000+02:00,A0022012430,A22,90.0,3080
2026-09-05T10:20:29Z,2026-09-05T12:12:00.000+02:00,A0025012160,A25,123.0,2340
2026-09-05T10:20:29Z,2026-09-05T12:12:00.000+02:00,A9022021200,A22 (rocade),63.0,340
2026-09-05T10:20:29Z,2026-09-05T12:12:00.000+02:00,A0001021100,A1,88.0,3650
2026-09-05T10:20:29Z,2026-09-05T12:12:00.000+02:00,A9022101000,A22 (rocade),68.0,850
2026-09-05T10:20:29Z,2026-09-05T12:12:00.000+02:00,A0025013020,A25,110.0,2140
2026-09-05T10:20:29Z,2026-09-05T12:12:00.000+02:00,A0027010410,A27,100.0,1200
2026-09-05T10:20:29Z,2026-09-05T12:12:00.000+02:00,A0022012410,A22,91.0,3090
2026-09-05T10:20:29Z,2026-09-05T12:12:00.000+02:00,A0001A20112,A1,88.0,2170
2026-09-05T10:20:29Z,2026-09-05T12:12:00.000+02:00,A0001A20111,A1,84.0,1130
2026-09-05T10:20:29Z,2026-09-05T12:12:00.000+02:00,A0025010320,A25,69.0,2400
2026-09-05T10:20:29Z,2026-09-05T12:12:00.000+02:00,A0025022540,A25,118.0,1790
2026-09-05T10:20:29Z,2026-09-05T12:12:00.000+02:00,A0025022300,A25,114.0,1590
2026-09-05T10:20:29Z,2026-09-05T12:12:00.000+02:00,N0356021000,N356,72.0,2820
2026-09-05T10:20:29Z,2026-09-05T12:12:00.000+02:00,A22TC010102,A22 (contournement),83.0,2470
2026-09-05T10:20:29Z,2026-09-05T12:12:00.000+02:00,A0001011503,A1,83.0,5490
2026-09-05T10:20:29Z,2026-09-05T12:12:00.000+02:00,A0022012200,A22,78.0,2630
2026-09-05T10:20:29Z,2026-09-05T12:12:00.000+02:00,A22TC020102,A22 (contournement),85.0,2220
2026-09-05T10:20:29Z,2026-09-05T12:12:00.000+02:00,A22TC010300,A22 (contournement),82.0,2090
2026-09-05T10:20:29Z,2026-09-05T12:12:00.000+02:00,A0022012010,A22,78.0,1740
2026-09-05T10:20:29Z,2026-09-05T12:12:00.000+02:00,A0022012020,A22,78.0,1740
2026-09-05T10:20:29Z,2026-09-05T12:12:00.000+02:00,A0025022130,A25,125.0,2540
2026-09-05T10:20:29Z,2026-09-05T12:12:00.000+02:00,A0023010520,A23,115.0,1500
2026-09-05T10:20:29Z,2026-09-05T12:12:00.000+02:00,N0041020800,N41,97.0,1820
2026-09-05T10:20:29Z,2026-09-05T12:12:00.000+02:00,A0025010500,A25,70.0,2510
2026-09-05T10:20:29Z,2026-09-05T12:12:00.000+02:00,A0022020901,A22,78.0,2740
2026-09-05T10:20:29Z,2026-09-05T12:12:00.000+02:00,A0022020902,A22,78.0,2430
2026-09-05T10:20:29Z,2026-09-05T12:12:00.000+02:00,A0025020310,A25,72.0,2840
2026-09-05T10:20:29Z,2026-09-05T12:12:00.000+02:00,A0022021810,A22,79.0,2190
2026-09-05T10:20:29Z,2026-09-05T12:12:00.000+02:00,N0356011100,N356,71.0,2130
2026-09-05T10:20:29Z,2026-09-05T12:12:00.000+02:00,A0022021820,A22,79.0,2190
2026-09-05T10:20:29Z,2026-09-05T12:12:00.000+02:00,N0356020802,N356,68.0,3130
2026-09-05T10:20:29Z,2026-09-05T12:12:00.000+02:00,A9022020900,A22 (rocade),75.0,380
2026-09-05T10:20:29Z,2026-09-05T12:12:00.000+02:00,A0025020102,A25,67.0,150
2026-09-05T10:20:29Z,2026-09-05T12:12:00.000+02:00,A0025010310,A25,72.0,2730
2026-09-05T10:20:29Z,2026-09-05T12:12:00.000+02:00,A0025022530,A25,119.0,1720
2026-09-05T10:20:29Z,2026-09-05T12:12:00.000+02:00,A9001210200,A1 (bretelle),66.0,1110
2026-09-05T10:20:29Z,2026-09-05T12:12:00.000+02:00,A0022010700,A22,77.0,2560
2026-09-05T10:20:29Z,2026-09-05T12:12:00.000+02:00,N0041020400,N41,91.0,2090
2026-09-05T10:20:29Z,2026-09-05T12:12:00.000+02:00,A0023020720,A23,117.0,1550
2026-09-05T10:20:29Z,2026-09-05T12:12:00.000+02:00,A0022020500,A22,78.0,1450
2026-09-05T10:20:29Z,2026-09-05T12:12:00.000+02:00,N93563b0150,N356 (bretelle),67.0,40
2026-09-05T10:20:29Z,2026-09-05T12:12:00.000+02:00,A0025020950,A25,92.0,2810
2026-09-05T10:20:29Z,2026-09-05T12:12:00.000+02:00,A0023020300,A23,93.0,930
2026-09-05T10:20:29Z,2026-09-05T12:12:00.000+02:00,A0001011000,A1,82.0,3720
2026-09-05T10:20:29Z,2026-09-05T12:12:00.000+02:00,A0027020500,A27,90.0,1060
2026-09-05T10:20:29Z,2026-09-05T12:12:00.000+02:00,N0356011500,N356,69.0,2380
2026-09-05T10:20:29Z,2026-09-05T12:12:00.000+02:00,A0001010150,A1,103.0,4040
2026-09-05T10:20:29Z,2026-09-05T12:12:00.000+02:00,N0356020400,N356,54.0,1600
2026-09-05T10:20:29Z,2026-09-05T12:12:00.000+02:00,N0041020600,N41,104.0,1410
2026-09-05T10:20:29Z,2026-09-05T12:12:00.000+02:00,A0025010700,A25,72.0,1380
2026-09-05T10:20:29Z,2026-09-05T12:12:00.000+02:00,A0002011230,A2,107.0,2850
2026-09-05T10:20:29Z,2026-09-05T12:12:00.000+02:00,A0025020500,A25,72.0,2300
2026-09-05T10:20:29Z,2026-09-05T12:12:00.000+02:00,A0002021290,A2,102.0,3240
2026-09-05T10:20:29Z,2026-09-05T12:12:00.000+02:00,A0022011600,A22,78.0,1580
2026-09-05T10:30:37Z,2026-09-05T12:24:00.000+02:00,A0001011200,A1,32.0,4110
2026-09-05T10:30:37Z,2026-09-05T12:24:00.000+02:00,A0027010102,A27,93.0,3060
2026-09-05T10:30:37Z,2026-09-05T12:24:00.000+02:00,N0041010100,N41,87.0,760
2026-09-05T10:30:37Z,2026-09-05T12:24:00.000+02:00,A0027010101,A27,93.0,3060
2026-09-05T10:30:37Z,2026-09-05T12:24:00.000+02:00,A0001020150,A1,108.0,3320
2026-09-05T10:30:37Z,2026-09-05T12:24:00.000+02:00,N0356011700,N356,74.0,1940
2026-09-05T10:30:37Z,2026-09-05T12:24:00.000+02:00,N9227110200,N227 (bretelle),72.0,40
2026-09-05T10:30:37Z,2026-09-05T12:24:00.000+02:00,N0356021300,N356,66.0,3070
2026-09-05T10:30:37Z,2026-09-05T12:24:00.000+02:00,A0022011400,A22,75.0,850
2026-09-05T10:30:37Z,2026-09-05T12:24:00.000+02:00,A0027010300,A27,91.0,880
2026-09-05T10:30:37Z,2026-09-05T12:24:00.000+02:00,A9022020250,A22 (rocade),48.0,760
2026-09-05T10:30:37Z,2026-09-05T12:24:00.000+02:00,N0041010300,N41,88.0,2050
2026-09-05T10:30:37Z,2026-09-05T12:24:00.000+02:00,A0022011210,A22,77.0,1360
2026-09-05T10:30:37Z,2026-09-05T12:24:00.000+02:00,A0027020100,A27,74.0,1410
2026-09-05T10:30:37Z,2026-09-05T12:24:00.000+02:00,A0001010300,A1,102.0,3880
2026-09-05T10:30:37Z,2026-09-05T12:24:00.000+02:00,A0022011220,A22,77.0,1360
2026-09-05T10:30:37Z,2026-09-05T12:24:00.000+02:00,N0227021400,N227,69.0,80
2026-09-05T10:30:37Z,2026-09-05T12:24:00.000+02:00,A9022101110,A22 (rocade),80.0,780
2026-09-05T10:30:37Z,2026-09-05T12:24:00.000+02:00,A0022022110,A22,80.0,3580
2026-09-05T10:30:37Z,2026-09-05T12:24:00.000+02:00,N0356010800,N356,72.0,2350
2026-09-05T10:30:37Z,2026-09-05T12:24:00.000+02:00,A9001210710,A1 (bretelle),69.0,160
2026-09-05T10:30:37Z,2026-09-05T12:24:00.000+02:00,N0356021110,N356,70.0,3300
2026-09-05T10:30:37Z,2026-09-05T12:24:00.000+02:00,A0001010510,A1,102.0,3580
2026-09-05T10:30:37Z,2026-09-05T12:24:00.000+02:00,N0356021122,N356,64.0,3240
2026-09-05T10:30:37Z,2026-09-05T12:24:00.000+02:00,N0356021121,N356,70.0,3300
2026-09-05T10:30:37Z,2026-09-05T12:24:00.000+02:00,A0025010210,A25,71.0,4710
2026-09-05T10:30:37Z,2026-09-05T12:24:00.000+02:00,A0025011300,A25,88.0,1400
2026-09-05T10:30:37Z,2026-09-05T12:24:00.000+02:00,A0001020300,A1,109.0,3360
2026-09-05T10:30:37Z,2026-09-05T12:24:00.000+02:00,A0025021100,A25,90.0,1880
2026-09-05T10:30:37Z,2026-09-05T12:24:00.000+02:00,A0025023520,A25,111.0,1240
2026-09-05T10:30:37Z,2026-09-05T12:24:00.000+02:00,A0022022130,A22,68.0,3160
2026-09-05T10:30:37Z,2026-09-05T12:24:00.000+02:00,A0025010220,A25,71.0,4710
2026-09-05T10:30:37Z,2026-09-05T12:24:00.000+02:00,A0022022120,A22,83.0,3580
2026-09-05T10:30:37Z,2026-09-05T12:24:00.000+02:00,A0001010520,A1,92.0,4250
2026-09-05T10:30:37Z,2026-09-05T12:24:00.000+02:00,A0022011000,A22,70.0,3440
2026-09-05T10:30:37Z,2026-09-05T12:24:00.000+02:00,A0001020510,A1,105.0,3370
2026-09-05T10:30:37Z,2026-09-05T12:24:00.000+02:00,A0001021602,A1,83.0,4910
2026-09-05T10:30:37Z,2026-09-05T12:24:00.000+02:00,A22TC020222,A22 (contournement),81.0,3080
2026-09-05T10:30:37Z,2026-09-05T12:24:00.000+02:00,A0001010940,A1,90.0,4300
2026-09-05T10:30:37Z,2026-09-05T12:24:00.000+02:00,A0025023320,A25,116.0,1610
2026-09-05T10:30:37Z,2026-09-05T12:24:00.000+02:00,A0001020520,A1,98.0,3620
2026-09-05T10:30:37Z,2026-09-05T12:24:00.000+02:00,A0025023100,A25,115.0,1390
2026-09-05T10:30:37Z,2026-09-05T12:24:00.000+02:00,A22TC020230,A22 (contournement),81.0,3080
2026-09-05T10:30:37Z,2026-09-05T12:24:00.000+02:00,A0025021730,A25,89.0,2490
2026-09-05T10:30:37Z,2026-09-05T12:24:00.000+02:00,A0025023910,A25,112.0,1150
2026-09-05T10:30:37Z,2026-09-05T12:24:00.000+02:00,A0025021735,A25,103.0,2490
2026-09-05T10:30:37Z,2026-09-05T12:24:00.000+02:00,A0023010400,A23,109.0,1380
2026-09-05T10:30:37Z,2026-09-05T12:24:00.000+02:00,A0022021900,A22,77.0,2630
2026-09-05T10:30:37Z,2026-09-05T12:24:00.000+02:00,A9022100500,A22 (rocade),82.0,1090
2026-09-05T10:30:37Z,2026-09-05T12:24:00.000+02:00,A0001020940,A1,88.0,4030
2026-09-05T10:30:37Z,2026-09-05T12:24:00.000+02:00,A0001020700,A1,91.0,2940
2026-09-05T10:30:37Z,2026-09-05T12:24:00.000+02:00,A9022020830,A22 (rocade),88.0,420
2026-09-05T10:30:37Z,2026-09-05T12:24:00.000+02:00,A9022020822,A22 (rocade),69.0,1800
2026-09-05T10:30:37Z,2026-09-05T12:24:00.000+02:00,A9022020821,A22 (rocade),69.0,1800
2026-09-05T10:30:37Z,2026-09-05T12:24:00.000+02:00,A0025020420,A25,72.0,3350
2026-09-05T10:30:37Z,2026-09-05T12:24:00.000+02:00,A0025021510,A25,103.0,880
2026-09-05T10:30:37Z,2026-09-05T12:24:00.000+02:00,N0227010100,N227,64.0,1570
2026-09-05T10:30:37Z,2026-09-05T12:24:00.000+02:00,A0025011720,A25,98.0,2820
2026-09-05T10:30:37Z,2026-09-05T12:24:00.000+02:00,A0025021760,A25,91.0,2570
2026-09-05T10:30:37Z,2026-09-05T12:24:00.000+02:00,A0025011730,A25,88.0,2780
2026-09-05T10:30:37Z,2026-09-05T12:24:00.000+02:00,A0025011735,A25,102.0,2620
2026-09-05T10:30:37Z,2026-09-05T12:24:00.000+02:00,A9025080700,A25 (bretelle),,530
2026-09-05T10:30:37Z,2026-09-05T12:24:00.000+02:00,A9022100930,A22 (rocade),77.0,280
2026-09-05T10:30:37Z,2026-09-05T12:24:00.000+02:00,N0356011220,N356,73.0,2310
2026-09-05T10:30:37Z,2026-09-05T12:24:00.000+02:00,A0025011740,A25,86.0,2740
2026-09-05T10:30:37Z,2026-09-05T12:24:00.000+02:00,A0025010410,A25,70.0,3510
2026-09-05T10:30:37Z,2026-09-05T12:24:00.000+02:00,A0023010200,A23,97.0,1230
2026-09-05T10:30:37Z,2026-09-05T12:24:00.000+02:00,A9001210120,A1 (bretelle),77.0,620
2026-09-05T10:30:37Z,2026-09-05T12:24:00.000+02:00,A0025020210,A25,73.0,4170
2026-09-05T10:30:37Z,2026-09-05T12:24:00.000+02:00,N0356011210,N356,73.0,2310
2026-09-05T10:30:37Z,2026-09-05T12:24:00.000+02:00,A0025011510,A25,90.0,1770
2026-09-05T10:30:37Z,2026-09-05T12:24:00.000+02:00,A0025020220,A25,73.0,4170
2026-09-05T10:30:37Z,2026-09-05T12:24:00.000+02:00,N0227010302,N227,74.0,2720
2026-09-05T10:30:37Z,2026-09-05T12:24:00.000+02:00,N0041010500,N41,94.0,1140
2026-09-05T10:30:37Z,2026-09-05T12:24:00.000+02:00,N0227020101,N227,85.0,2240
2026-09-05T10:30:37Z,2026-09-05T12:24:00.000+02:00,A9022100110,A22 (rocade),67.0,770
2026-09-05T10:30:37Z,2026-09-05T12:24:00.000+02:00,A0022010400,A22,72.0,3210
2026-09-05T10:30:37Z,2026-09-05T12:24:00.000+02:00,N0356010302,N356,75.0,4430
2026-09-05T10:30:37Z,2026-09-05T12:24:00.000+02:00,A0025010800,A25,74.0,2360
2026-09-05T10:30:37Z,2026-09-05T12:24:00.000+02:00,A0027020621,A27,99.0,1520
2026-09-05T10:30:37Z,2026-09-05T12:24:00.000+02:00,N0041010700,N41,96.0,770
2026-09-05T10:30:37Z,2026-09-05T12:24:00.000+02:00,A0027020630,A27,101.0,1560
2026-09-05T10:30:37Z,2026-09-05T12:24:00.000+02:00,A0022021512,A22,78.0,1970
2026-09-05T10:30:37Z,2026-09-05T12:24:00.000+02:00,A0022021511,A22,80.0,2000
2026-09-05T10:30:37Z,2026-09-05T12:24:00.000+02:00,A0027020610,A27,99.0,1520
2026-09-05T10:30:37Z,2026-09-05T12:24:00.000+02:00,A0025021720,A25,101.0,2520
2026-09-05T10:30:37Z,2026-09-05T12:24:00.000+02:00,A0022021520,A22,78.0,1970
2026-09-05T10:30:37Z,2026-09-05T12:24:00.000+02:00,A0025022140,A25,115.0,2450
2026-09-05T10:30:37Z,2026-09-05T12:24:00.000+02:00,A0022011302,A22,70.0,2920
2026-09-05T10:30:37Z,2026-09-05T12:24:00.000+02:00,A0025022160,A25,110.0,2340
2026-09-05T10:30:37Z,2026-09-05T12:24:00.000+02:00,A9025060104,A25 (bretelle),70.0,2270
2026-09-05T10:30:37Z,2026-09-05T12:24:00.000+02:00,A0027010201,A27,92.0,1520
2026-09-05T10:30:37Z,2026-09-05T12:24:00.000+02:00,A0027010202,A27,85.0,1030
2026-09-05T10:30:37Z,2026-09-05T12:24:00.000+02:00,N9227110110,N227 (bretelle),74.0,1390
2026-09-05T10:30:37Z,2026-09-05T12:24:00.000+02:00,A0025012130,A25,103.0,1250
2026-09-05T10:30:37Z,2026-09-05T12:24:00.000+02:00,A0027010210,A27,85.0,1030
2026-09-05T10:30:37Z,2026-09-05T12:24:00.000+02:00,A0025011050,A25,90.0,1600
2026-09-05T10:30:37Z,2026-09-05T12:24:00.000+02:00,A0025012140,A25,103.0,1240
2026-09-05T10:30:37Z,2026-09-05T12:24:00.000+02:00,A0027010421,A27,98.0,1300
2026-09-05T10:30:37Z,2026-09-05T12:24:00.000+02:00,A0022012420,A22,91.0,3100
2026-09-05T10:30:37Z,2026-09-05T12:24:00.000+02:00,A0027010430,A27,102.0,1300
2026-09-05T10:30:37Z,2026-09-05T12:24:00.000+02:00,A0023020710,A23,108.0,1290
2026-09-05T10:30:37Z,2026-09-05T12:24:00.000+02:00,A0022012430,A22,90.0,2950
2026-09-05T10:30:37Z,2026-09-05T12:24:00.000+02:00,A0025012160,A25,118.0,2410
2026-09-05T10:30:37Z,2026-09-05T12:24:00.000+02:00,A9022021200,A22 (rocade),63.0,320
2026-09-05T10:30:37Z,2026-09-05T12:24:00.000+02:00,A0001021100,A1,89.0,3540
2026-09-05T10:30:37Z,2026-09-05T12:24:00.000+02:00,A9022101000,A22 (rocade),72.0,580
2026-09-05T10:30:37Z,2026-09-05T12:24:00.000+02:00,A0025013020,A25,111.0,2170
2026-09-05T10:30:37Z,2026-09-05T12:24:00.000+02:00,A0027010410,A27,98.0,1300
2026-09-05T10:30:37Z,2026-09-05T12:24:00.000+02:00,A0022012410,A22,90.0,3090
2026-09-05T10:30:37Z,2026-09-05T12:24:00.000+02:00,A0001A20112,A1,86.0,2180
2026-09-05T10:30:37Z,2026-09-05T12:24:00.000+02:00,A0001A20111,A1,85.0,1160
2026-09-05T10:30:37Z,2026-09-05T12:24:00.000+02:00,A0025010320,A25,70.0,2740
2026-09-05T10:30:37Z,2026-09-05T12:24:00.000+02:00,A0025022540,A25,114.0,1770
2026-09-05T10:30:37Z,2026-09-05T12:24:00.000+02:00,A0025022300,A25,116.0,1560
2026-09-05T10:30:37Z,2026-09-05T12:24:00.000+02:00,N0356021000,N356,71.0,2920
2026-09-05T10:30:37Z,2026-09-05T12:24:00.000+02:00,A22TC010102,A22 (contournement),83.0,2080
2026-09-05T10:30:37Z,2026-09-05T12:24:00.000+02:00,A0001011503,A1,80.0,5210
2026-09-05T10:30:37Z,2026-09-05T12:24:00.000+02:00,A0022012200,A22,79.0,2750
2026-09-05T10:30:37Z,2026-09-05T12:24:00.000+02:00,A22TC020102,A22 (contournement),81.0,2260
2026-09-05T10:30:37Z,2026-09-05T12:24:00.000+02:00,A22TC010300,A22 (contournement),80.0,1800
2026-09-05T10:30:37Z,2026-09-05T12:24:00.000+02:00,A0022012010,A22,76.0,2100
2026-09-05T10:30:37Z,2026-09-05T12:24:00.000+02:00,A0022012020,A22,76.0,2100
2026-09-05T10:30:37Z,2026-09-05T12:24:00.000+02:00,A0025022130,A25,128.0,2440
2026-09-05T10:30:37Z,2026-09-05T12:24:00.000+02:00,A0023010520,A23,115.0,1390
2026-09-05T10:30:37Z,2026-09-05T12:24:00.000+02:00,N0041020800,N41,99.0,2020
2026-09-05T10:30:37Z,2026-09-05T12:24:00.000+02:00,A0025010500,A25,70.0,2380
2026-09-05T10:30:37Z,2026-09-05T12:24:00.000+02:00,A0022020901,A22,76.0,2380
2026-09-05T10:30:37Z,2026-09-05T12:24:00.000+02:00,A0022020902,A22,76.0,2330
2026-09-05T10:30:37Z,2026-09-05T12:24:00.000+02:00,A0025020310,A25,72.0,2840
2026-09-05T10:30:37Z,2026-09-05T12:24:00.000+02:00,A0022021810,A22,79.0,2110
2026-09-05T10:30:37Z,2026-09-05T12:24:00.000+02:00,N0356011100,N356,72.0,2090
2026-09-05T10:30:37Z,2026-09-05T12:24:00.000+02:00,A0022021820,A22,79.0,2110
2026-09-05T10:30:37Z,2026-09-05T12:24:00.000+02:00,N0356020802,N356,68.0,3150
2026-09-05T10:30:37Z,2026-09-05T12:24:00.000+02:00,A9022020900,A22 (rocade),79.0,70
2026-09-05T10:30:37Z,2026-09-05T12:24:00.000+02:00,A0025020102,A25,68.0,60
2026-09-05T10:30:37Z,2026-09-05T12:24:00.000+02:00,A0025010310,A25,70.0,3250
2026-09-05T10:30:37Z,2026-09-05T12:24:00.000+02:00,A0025022530,A25,116.0,1750
2026-09-05T10:30:37Z,2026-09-05T12:24:00.000+02:00,A9001210200,A1 (bretelle),66.0,1100
2026-09-05T10:30:37Z,2026-09-05T12:24:00.000+02:00,A0022010700,A22,76.0,2670
2026-09-05T10:30:37Z,2026-09-05T12:24:00.000+02:00,N0041020400,N41,89.0,2420
2026-09-05T10:30:37Z,2026-09-05T12:24:00.000+02:00,A0023020720,A23,115.0,1400
2026-09-05T10:30:37Z,2026-09-05T12:24:00.000+02:00,A0022020500,A22,76.0,1270
2026-09-05T10:30:37Z,2026-09-05T12:24:00.000+02:00,N93563b0150,N356 (bretelle),70.0,60
2026-09-05T10:30:37Z,2026-09-05T12:24:00.000+02:00,A0025020950,A25,92.0,2670
2026-09-05T10:30:37Z,2026-09-05T12:24:00.000+02:00,A0023020300,A23,91.0,790
2026-09-05T10:30:37Z,2026-09-05T12:24:00.000+02:00,A0001011000,A1,40.0,4130
2026-09-05T10:30:37Z,2026-09-05T12:24:00.000+02:00,A0027020500,A27,92.0,1020
2026-09-05T10:30:37Z,2026-09-05T12:24:00.000+02:00,N0356011500,N356,69.0,2400
2026-09-05T10:30:37Z,2026-09-05T12:24:00.000+02:00,A0001010150,A1,102.0,3960
2026-09-05T10:30:37Z,2026-09-05T12:24:00.000+02:00,N0356020400,N356,67.0,1560
2026-09-05T10:30:37Z,2026-09-05T12:24:00.000+02:00,N0041020600,N41,102.0,1620
2026-09-05T10:30:37Z,2026-09-05T12:24:00.000+02:00,A0025010700,A25,69.0,1370
2026-09-05T10:30:37Z,2026-09-05T12:24:00.000+02:00,A0002011230,A2,107.0,2590
2026-09-05T10:30:37Z,2026-09-05T12:24:00.000+02:00,A0025020500,A25,73.0,2260
2026-09-05T10:30:37Z,2026-09-05T12:24:00.000+02:00,A0002021290,A2,108.0,2750
2026-09-05T10:30:37Z,2026-09-05T12:24:00.000+02:00,A0022011600,A22,80.0,1910
2026-09-05T10:40:28Z,2026-09-05T12:30:00.000+02:00,A0001011200,A1,28.0,3610
2026-09-05T10:40:28Z,2026-09-05T12:30:00.000+02:00,A0027010102,A27,86.0,2600
2026-09-05T10:40:28Z,2026-09-05T12:30:00.000+02:00,N0041010100,N41,86.0,680
2026-09-05T10:40:28Z,2026-09-05T12:30:00.000+02:00,A0027010101,A27,86.0,2600
2026-09-05T10:40:28Z,2026-09-05T12:30:00.000+02:00,A0001020150,A1,110.0,3420
2026-09-05T10:40:28Z,2026-09-05T12:30:00.000+02:00,N0356011700,N356,73.0,2440
2026-09-05T10:40:28Z,2026-09-05T12:30:00.000+02:00,N9227110200,N227 (bretelle),80.0,50
2026-09-05T10:40:28Z,2026-09-05T12:30:00.000+02:00,N0356021300,N356,67.0,2620
2026-09-05T10:40:28Z,2026-09-05T12:30:00.000+02:00,A0022011400,A22,74.0,710
2026-09-05T10:40:28Z,2026-09-05T12:30:00.000+02:00,A0027010300,A27,91.0,640
2026-09-05T10:40:28Z,2026-09-05T12:30:00.000+02:00,A9022020250,A22 (rocade),39.0,750
2026-09-05T10:40:28Z,2026-09-05T12:30:00.000+02:00,N0041010300,N41,89.0,1910
2026-09-05T10:40:28Z,2026-09-05T12:30:00.000+02:00,A0022011210,A22,77.0,840
2026-09-05T10:40:28Z,2026-09-05T12:30:00.000+02:00,A0027020100,A27,73.0,1280
2026-09-05T10:40:28Z,2026-09-05T12:30:00.000+02:00,A0001010300,A1,88.0,3650
2026-09-05T10:40:28Z,2026-09-05T12:30:00.000+02:00,A0022011220,A22,77.0,840
2026-09-05T10:40:28Z,2026-09-05T12:30:00.000+02:00,N0227021400,N227,84.0,50
2026-09-05T10:40:28Z,2026-09-05T12:30:00.000+02:00,A9022101110,A22 (rocade),77.0,1060
2026-09-05T10:40:28Z,2026-09-05T12:30:00.000+02:00,A0022022110,A22,86.0,3290
2026-09-05T10:40:28Z,2026-09-05T12:30:00.000+02:00,N0356010800,N356,74.0,2470
2026-09-05T10:40:28Z,2026-09-05T12:30:00.000+02:00,A9001210710,A1 (bretelle),72.0,180
2026-09-05T10:40:28Z,2026-09-05T12:30:00.000+02:00,N0356021110,N356,73.0,3030
2026-09-05T10:40:28Z,2026-09-05T12:30:00.000+02:00,A0001010510,A1,88.0,3370
2026-09-05T10:40:28Z,2026-09-05T12:30:00.000+02:00,N0356021122,N356,65.0,2850
2026-09-05T10:40:28Z,2026-09-05T12:30:00.000+02:00,N0356021121,N356,73.0,3030
2026-09-05T10:40:28Z,2026-09-05T12:30:00.000+02:00,A0025010210,A25,70.0,4430
2026-09-05T10:40:28Z,2026-09-05T12:30:00.000+02:00,A0025011300,A25,87.0,1200
2026-09-05T10:40:28Z,2026-09-05T12:30:00.000+02:00,A0001020300,A1,108.0,3480
2026-09-05T10:40:28Z,2026-09-05T12:30:00.000+02:00,A0025021100,A25,94.0,2150
2026-09-05T10:40:28Z,2026-09-05T12:30:00.000+02:00,A0025023520,A25,113.0,990
2026-09-05T10:40:28Z,2026-09-05T12:30:00.000+02:00,A0022022130,A22,74.0,2810
2026-09-05T10:40:28Z,2026-09-05T12:30:00.000+02:00,A0025010220,A25,70.0,4430
2026-09-05T10:40:28Z,2026-09-05T12:30:00.000+02:00,A0022022120,A22,90.0,3240
2026-09-05T10:40:28Z,2026-09-05T12:30:00.000+02:00,A0001010520,A1,92.0,3970
2026-09-05T10:40:28Z,2026-09-05T12:30:00.000+02:00,A0022011000,A22,76.0,2550
2026-09-05T10:40:28Z,2026-09-05T12:30:00.000+02:00,A0001020510,A1,104.0,3750
2026-09-05T10:40:28Z,2026-09-05T12:30:00.000+02:00,A0001021602,A1,82.0,4710
2026-09-05T10:40:28Z,2026-09-05T12:30:00.000+02:00,A22TC020222,A22 (contournement),84.0,2660
2026-09-05T10:40:28Z,2026-09-05T12:30:00.000+02:00,A0001010940,A1,88.0,4450
2026-09-05T10:40:28Z,2026-09-05T12:30:00.000+02:00,A0025023320,A25,115.0,1780
2026-09-05T10:40:28Z,2026-09-05T12:30:00.000+02:00,A0001020520,A1,98.0,3820
2026-09-05T10:40:28Z,2026-09-05T12:30:00.000+02:00,A0025023100,A25,111.0,1590
2026-09-05T10:40:28Z,2026-09-05T12:30:00.000+02:00,A22TC020230,A22 (contournement),84.0,2660
2026-09-05T10:40:28Z,2026-09-05T12:30:00.000+02:00,A0025021730,A25,91.0,2360
2026-09-05T10:40:28Z,2026-09-05T12:30:00.000+02:00,A0025023910,A25,122.0,980
2026-09-05T10:40:28Z,2026-09-05T12:30:00.000+02:00,A0025021735,A25,104.0,2480
2026-09-05T10:40:28Z,2026-09-05T12:30:00.000+02:00,A0023010400,A23,110.0,1410
2026-09-05T10:40:28Z,2026-09-05T12:30:00.000+02:00,A0022021900,A22,80.0,2640
2026-09-05T10:40:28Z,2026-09-05T12:30:00.000+02:00,A9022100500,A22 (rocade),80.0,1390
2026-09-05T10:40:28Z,2026-09-05T12:30:00.000+02:00,A0001020940,A1,88.0,4000
2026-09-05T10:40:28Z,2026-09-05T12:30:00.000+02:00,A0001020700,A1,92.0,2990
2026-09-05T10:40:28Z,2026-09-05T12:30:00.000+02:00,A9022020830,A22 (rocade),88.0,310
2026-09-05T10:40:28Z,2026-09-05T12:30:00.000+02:00,A9022020822,A22 (rocade),73.0,1630
2026-09-05T10:40:28Z,2026-09-05T12:30:00.000+02:00,A9022020821,A22 (rocade),73.0,1630
2026-09-05T10:40:28Z,2026-09-05T12:30:00.000+02:00,A0025020420,A25,72.0,3330
2026-09-05T10:40:28Z,2026-09-05T12:30:00.000+02:00,A0025021510,A25,99.0,1060
2026-09-05T10:40:28Z,2026-09-05T12:30:00.000+02:00,N0227010100,N227,61.0,1380
2026-09-05T10:40:28Z,2026-09-05T12:30:00.000+02:00,A0025011720,A25,102.0,2570
2026-09-05T10:40:28Z,2026-09-05T12:30:00.000+02:00,A0025021760,A25,91.0,2370
2026-09-05T10:40:28Z,2026-09-05T12:30:00.000+02:00,A0025011730,A25,89.0,2680
2026-09-05T10:40:28Z,2026-09-05T12:30:00.000+02:00,A0025011735,A25,102.0,2840
2026-09-05T10:40:28Z,2026-09-05T12:30:00.000+02:00,A9025080700,A25 (bretelle),,440
2026-09-05T10:40:28Z,2026-09-05T12:30:00.000+02:00,A9022100930,A22 (rocade),74.0,200
2026-09-05T10:40:28Z,2026-09-05T12:30:00.000+02:00,N0356011220,N356,73.0,2380
2026-09-05T10:40:28Z,2026-09-05T12:30:00.000+02:00,A0025011740,A25,87.0,2800
2026-09-05T10:40:28Z,2026-09-05T12:30:00.000+02:00,A0025010410,A25,70.0,3480
2026-09-05T10:40:28Z,2026-09-05T12:30:00.000+02:00,A0023010200,A23,93.0,1260
2026-09-05T10:40:28Z,2026-09-05T12:30:00.000+02:00,A9001210120,A1 (bretelle),79.0,640
2026-09-05T10:40:28Z,2026-09-05T12:30:00.000+02:00,A0025020210,A25,74.0,3970
2026-09-05T10:40:28Z,2026-09-05T12:30:00.000+02:00,N0356011210,N356,73.0,2380
2026-09-05T10:40:28Z,2026-09-05T12:30:00.000+02:00,A0025011510,A25,88.0,1600
2026-09-05T10:40:28Z,2026-09-05T12:30:00.000+02:00,A0025020220,A25,74.0,3970
2026-09-05T10:40:28Z,2026-09-05T12:30:00.000+02:00,N0227010302,N227,75.0,2640
2026-09-05T10:40:28Z,2026-09-05T12:30:00.000+02:00,N0041010500,N41,97.0,1120
2026-09-05T10:40:28Z,2026-09-05T12:30:00.000+02:00,N0227020101,N227,83.0,2100
2026-09-05T10:40:28Z,2026-09-05T12:30:00.000+02:00,A9022100110,A22 (rocade),65.0,800
2026-09-05T10:40:28Z,2026-09-05T12:30:00.000+02:00,A0022010400,A22,70.0,2980
2026-09-05T10:40:28Z,2026-09-05T12:30:00.000+02:00,N0356010302,N356,74.0,4750
2026-09-05T10:40:28Z,2026-09-05T12:30:00.000+02:00,A0025010800,A25,74.0,2350
2026-09-05T10:40:28Z,2026-09-05T12:30:00.000+02:00,A0027020621,A27,101.0,1400
2026-09-05T10:40:28Z,2026-09-05T12:30:00.000+02:00,N0041010700,N41,98.0,440
2026-09-05T10:40:28Z,2026-09-05T12:30:00.000+02:00,A0027020630,A27,105.0,1480
2026-09-05T10:40:28Z,2026-09-05T12:30:00.000+02:00,A0022021512,A22,80.0,2060
2026-09-05T10:40:28Z,2026-09-05T12:30:00.000+02:00,A0022021511,A22,81.0,2200
2026-09-05T10:40:28Z,2026-09-05T12:30:00.000+02:00,A0027020610,A27,101.0,1400
2026-09-05T10:40:28Z,2026-09-05T12:30:00.000+02:00,A0025021720,A25,102.0,2350
2026-09-05T10:40:28Z,2026-09-05T12:30:00.000+02:00,A0022021520,A22,80.0,2060
2026-09-05T10:40:28Z,2026-09-05T12:30:00.000+02:00,A0025022140,A25,114.0,2200
2026-09-05T10:40:28Z,2026-09-05T12:30:00.000+02:00,A0022011302,A22,72.0,2060
2026-09-05T10:40:28Z,2026-09-05T12:30:00.000+02:00,A0025022160,A25,107.0,2230
2026-09-05T10:40:28Z,2026-09-05T12:30:00.000+02:00,A9025060104,A25 (bretelle),73.0,1830
2026-09-05T10:40:28Z,2026-09-05T12:30:00.000+02:00,A0027010201,A27,91.0,1380
2026-09-05T10:40:28Z,2026-09-05T12:30:00.000+02:00,A0027010202,A27,72.0,980
2026-09-05T10:40:28Z,2026-09-05T12:30:00.000+02:00,N9227110110,N227 (bretelle),72.0,1230
2026-09-05T10:40:28Z,2026-09-05T12:30:00.000+02:00,A0025012130,A25,109.0,1200
2026-09-05T10:40:28Z,2026-09-05T12:30:00.000+02:00,A0027010210,A27,72.0,980
2026-09-05T10:40:28Z,2026-09-05T12:30:00.000+02:00,A0025011050,A25,88.0,1360
2026-09-05T10:40:28Z,2026-09-05T12:30:00.000+02:00,A0025012140,A25,109.0,1310
2026-09-05T10:40:28Z,2026-09-05T12:30:00.000+02:00,A0027010421,A27,99.0,1050
2026-09-05T10:40:28Z,2026-09-05T12:30:00.000+02:00,A0022012420,A22,91.0,2770
2026-09-05T10:40:28Z,2026-09-05T12:30:00.000+02:00,A0027010430,A27,102.0,1110
2026-09-05T10:40:28Z,2026-09-05T12:30:00.000+02:00,A0023020710,A23,108.0,1690
2026-09-05T10:40:28Z,2026-09-05T12:30:00.000+02:00,A0022012430,A22,90.0,2820
2026-09-05T10:40:28Z,2026-09-05T12:30:00.000+02:00,A0025012160,A25,120.0,2510
2026-09-05T10:40:28Z,2026-09-05T12:30:00.000+02:00,A9022021200,A22 (rocade),62.0,390
2026-09-05T10:40:28Z,2026-09-05T12:30:00.000+02:00,A0001021100,A1,89.0,3230
2026-09-05T10:40:28Z,2026-09-05T12:30:00.000+02:00,A9022101000,A22 (rocade),68.0,810
2026-09-05T10:40:28Z,2026-09-05T12:30:00.000+02:00,A0025013020,A25,112.0,1900
2026-09-05T10:40:28Z,2026-09-05T12:30:00.000+02:00,A0027010410,A27,99.0,1050
2026-09-05T10:40:28Z,2026-09-05T12:30:00.000+02:00,A0022012410,A22,91.0,2760
2026-09-05T10:40:28Z,2026-09-05T12:30:00.000+02:00,A0001A20112,A1,87.0,1990
2026-09-05T10:40:28Z,2026-09-05T12:30:00.000+02:00,A0001A20111,A1,80.0,1230
2026-09-05T10:40:28Z,2026-09-05T12:30:00.000+02:00,A0025010320,A25,70.0,2300
2026-09-05T10:40:28Z,2026-09-05T12:30:00.000+02:00,A0025022540,A25,110.0,2250
2026-09-05T10:40:28Z,2026-09-05T12:30:00.000+02:00,A0025022300,A25,113.0,1550
2026-09-05T10:40:28Z,2026-09-05T12:30:00.000+02:00,N0356021000,N356,74.0,2760
2026-09-05T10:40:28Z,2026-09-05T12:30:00.000+02:00,A22TC010102,A22 (contournement),85.0,1590
2026-09-05T10:40:28Z,2026-09-05T12:30:00.000+02:00,A0001011503,A1,82.0,5160
2026-09-05T10:40:28Z,2026-09-05T12:30:00.000+02:00,A0022012200,A22,78.0,2440
2026-09-05T10:40:28Z,2026-09-05T12:30:00.000+02:00,A22TC020102,A22 (contournement),82.0,2050
2026-09-05T10:40:28Z,2026-09-05T12:30:00.000+02:00,A22TC010300,A22 (contournement),80.0,1780
2026-09-05T10:40:28Z,2026-09-05T12:30:00.000+02:00,A0022012010,A22,76.0,1690
2026-09-05T10:40:28Z,2026-09-05T12:30:00.000+02:00,A0022012020,A22,76.0,1690
2026-09-05T10:40:28Z,2026-09-05T12:30:00.000+02:00,A0025022130,A25,130.0,2070
2026-09-05T10:40:28Z,2026-09-05T12:30:00.000+02:00,A0023010520,A23,115.0,1390
2026-09-05T10:40:28Z,2026-09-05T12:30:00.000+02:00,N0041020800,N41,95.0,2020
2026-09-05T10:40:28Z,2026-09-05T12:30:00.000+02:00,A0025010500,A25,68.0,2440
2026-09-05T10:40:28Z,2026-09-05T12:30:00.000+02:00,A0022020901,A22,81.0,2430
2026-09-05T10:40:28Z,2026-09-05T12:30:00.000+02:00,A0022020902,A22,81.0,2360
2026-09-05T10:40:28Z,2026-09-05T12:30:00.000+02:00,A0025020310,A25,72.0,2830
2026-09-05T10:40:28Z,2026-09-05T12:30:00.000+02:00,A0022021810,A22,80.0,2330
2026-09-05T10:40:28Z,2026-09-05T12:30:00.000+02:00,N0356011100,N356,73.0,2060
2026-09-05T10:40:28Z,2026-09-05T12:30:00.000+02:00,A0022021820,A22,80.0,2330
2026-09-05T10:40:28Z,2026-09-05T12:30:00.000+02:00,N0356020802,N356,71.0,2960
2026-09-05T10:40:28Z,2026-09-05T12:30:00.000+02:00,A9022020900,A22 (rocade),78.0,610
2026-09-05T10:40:28Z,2026-09-05T12:30:00.000+02:00,A0025020102,A25,79.0,50
2026-09-05T10:40:28Z,2026-09-05T12:30:00.000+02:00,A0025010310,A25,71.0,2720
2026-09-05T10:40:28Z,2026-09-05T12:30:00.000+02:00,A0025022530,A25,113.0,2190
2026-09-05T10:40:28Z,2026-09-05T12:30:00.000+02:00,A9001210200,A1 (bretelle),66.0,1020
2026-09-05T10:40:28Z,2026-09-05T12:30:00.000+02:00,A0022010700,A22,76.0,2270
2026-09-05T10:40:28Z,2026-09-05T12:30:00.000+02:00,N0041020400,N41,88.0,2210
2026-09-05T10:40:28Z,2026-09-05T12:30:00.000+02:00,A0023020720,A23,117.0,1640
2026-09-05T10:40:28Z,2026-09-05T12:30:00.000+02:00,A0022020500,A22,81.0,1240
2026-09-05T10:40:28Z,2026-09-05T12:30:00.000+02:00,N93563b0150,N356 (bretelle),70.0,100
2026-09-05T10:40:28Z,2026-09-05T12:30:00.000+02:00,A0025020950,A25,90.0,2860
2026-09-05T10:40:28Z,2026-09-05T12:30:00.000+02:00,A0023020300,A23,92.0,1020
2026-09-05T10:40:28Z,2026-09-05T12:30:00.000+02:00,A0001011000,A1,28.0,3230
2026-09-05T10:40:28Z,2026-09-05T12:30:00.000+02:00,A0027020500,A27,88.0,880
2026-09-05T10:40:28Z,2026-09-05T12:30:00.000+02:00,N0356011500,N356,67.0,2600
2026-09-05T10:40:28Z,2026-09-05T12:30:00.000+02:00,A0001010150,A1,102.0,3520
2026-09-05T10:40:28Z,2026-09-05T12:30:00.000+02:00,N0356020400,N356,64.0,1460
2026-09-05T10:40:28Z,2026-09-05T12:30:00.000+02:00,N0041020600,N41,102.0,1520
2026-09-05T10:40:28Z,2026-09-05T12:30:00.000+02:00,A0025010700,A25,67.0,1400
2026-09-05T10:40:28Z,2026-09-05T12:30:00.000+02:00,A0002011230,A2,108.0,2480
2026-09-05T10:40:28Z,2026-09-05T12:30:00.000+02:00,A0025020500,A25,72.0,2580
2026-09-05T10:40:28Z,2026-09-05T12:30:00.000+02:00,A0002021290,A2,107.0,2730
2026-09-05T10:40:28Z,2026-09-05T12:30:00.000+02:00,A0022011600,A22,78.0,1580
