poll_utc,feed_time,code_pme,route,vitesse_kmh,debit_vh
2026-10-10T04:01:22Z,2026-10-10T05:54:00.000+02:00,A0001011200,A1,82.0,730
2026-10-10T04:01:22Z,2026-10-10T05:54:00.000+02:00,A0027010102,A27,87.0,590
2026-10-10T04:01:22Z,2026-10-10T05:54:00.000+02:00,N0041010100,N41,79.0,360
2026-10-10T04:01:22Z,2026-10-10T05:54:00.000+02:00,A0027010101,A27,87.0,590
2026-10-10T04:01:22Z,2026-10-10T05:54:00.000+02:00,A9022010250,A22 (rocade),93.0,90
2026-10-10T04:01:22Z,2026-10-10T05:54:00.000+02:00,A0001020150,A1,101.0,840
2026-10-10T04:01:22Z,2026-10-10T05:54:00.000+02:00,N0356011700,N356,76.0,500
2026-10-10T04:01:22Z,2026-10-10T05:54:00.000+02:00,N0356021300,N356,68.0,760
2026-10-10T04:01:22Z,2026-10-10T05:54:00.000+02:00,A0022011400,A22,79.0,50
2026-10-10T04:01:22Z,2026-10-10T05:54:00.000+02:00,A0027010300,A27,,110
2026-10-10T04:01:22Z,2026-10-10T05:54:00.000+02:00,A9022020250,A22 (rocade),51.0,140
2026-10-10T04:01:22Z,2026-10-10T05:54:00.000+02:00,N0041010300,N41,91.0,150
2026-10-10T04:01:22Z,2026-10-10T05:54:00.000+02:00,A0022011210,A22,,80
2026-10-10T04:01:22Z,2026-10-10T05:54:00.000+02:00,A0027020100,A27,69.0,90
2026-10-10T04:01:22Z,2026-10-10T05:54:00.000+02:00,A0001010300,A1,88.0,680
2026-10-10T04:01:22Z,2026-10-10T05:54:00.000+02:00,A0022011220,A22,,80
2026-10-10T04:01:22Z,2026-10-10T05:54:00.000+02:00,A9022101110,A22 (rocade),83.0,310
2026-10-10T04:01:22Z,2026-10-10T05:54:00.000+02:00,A0022022110,A22,89.0,690
2026-10-10T04:01:22Z,2026-10-10T05:54:00.000+02:00,A0001011420,A1,92.0,640
2026-10-10T04:01:22Z,2026-10-10T05:54:00.000+02:00,N0356010800,N356,77.0,670
2026-10-10T04:01:22Z,2026-10-10T05:54:00.000+02:00,A9001210710,A1 (bretelle),77.0,190
2026-10-10T04:01:22Z,2026-10-10T05:54:00.000+02:00,N0356021110,N356,78.0,790
2026-10-10T04:01:22Z,2026-10-10T05:54:00.000+02:00,A0001010510,A1,88.0,780
2026-10-10T04:01:22Z,2026-10-10T05:54:00.000+02:00,N0356021122,N356,66.0,770
2026-10-10T04:01:22Z,2026-10-10T05:54:00.000+02:00,N0356021121,N356,78.0,790
2026-10-10T04:01:22Z,2026-10-10T05:54:00.000+02:00,A0025010210,A25,82.0,830
2026-10-10T04:01:22Z,2026-10-10T05:54:00.000+02:00,A0025011300,A25,92.0,50
2026-10-10T04:01:22Z,2026-10-10T05:54:00.000+02:00,A0001020300,A1,102.0,870
2026-10-10T04:01:22Z,2026-10-10T05:54:00.000+02:00,A0025021100,A25,87.0,390
2026-10-10T04:01:22Z,2026-10-10T05:54:00.000+02:00,A0025023520,A25,116.0,190
2026-10-10T04:01:22Z,2026-10-10T05:54:00.000+02:00,A0022022130,A22,102.0,620
2026-10-10T04:01:22Z,2026-10-10T05:54:00.000+02:00,A0025010220,A25,82.0,830
2026-10-10T04:01:22Z,2026-10-10T05:54:00.000+02:00,A0022022120,A22,93.0,700
2026-10-10T04:01:22Z,2026-10-10T05:54:00.000+02:00,A0001010520,A1,104.0,770
2026-10-10T04:01:22Z,2026-10-10T05:54:00.000+02:00,A0022011000,A22,,390
2026-10-10T04:01:22Z,2026-10-10T05:54:00.000+02:00,A0001020510,A1,101.0,920
2026-10-10T04:01:22Z,2026-10-10T05:54:00.000+02:00,A0001021602,A1,89.0,1150
2026-10-10T04:01:22Z,2026-10-10T05:54:00.000+02:00,A22TC020222,A22 (contournement),85.0,420
2026-10-10T04:01:22Z,2026-10-10T05:54:00.000+02:00,A0001010940,A1,98.0,860
2026-10-10T04:01:22Z,2026-10-10T05:54:00.000+02:00,A0025023320,A25,116.0,260
2026-10-10T04:01:22Z,2026-10-10T05:54:00.000+02:00,A0001020520,A1,101.0,910
2026-10-10T04:01:22Z,2026-10-10T05:54:00.000+02:00,A0025023100,A25,109.0,250
2026-10-10T04:01:22Z,2026-10-10T05:54:00.000+02:00,A22TC020230,A22 (contournement),85.0,420
2026-10-10T04:01:22Z,2026-10-10T05:54:00.000+02:00,A0025021730,A25,91.0,440
2026-10-10T04:01:22Z,2026-10-10T05:54:00.000+02:00,A0025023910,A25,112.0,120
2026-10-10T04:01:22Z,2026-10-10T05:54:00.000+02:00,A0025021735,A25,104.0,440
2026-10-10T04:01:22Z,2026-10-10T05:54:00.000+02:00,A0023010400,A23,99.0,320
2026-10-10T04:01:22Z,2026-10-10T05:54:00.000+02:00,A0022021900,A22,85.0,560
2026-10-10T04:01:22Z,2026-10-10T05:54:00.000+02:00,A9022100500,A22 (rocade),82.0,260
2026-10-10T04:01:22Z,2026-10-10T05:54:00.000+02:00,A0001020940,A1,91.0,800
2026-10-10T04:01:22Z,2026-10-10T05:54:00.000+02:00,A0001020700,A1,96.0,800
2026-10-10T04:01:22Z,2026-10-10T05:54:00.000+02:00,A9022020830,A22 (rocade),86.0,20
2026-10-10T04:01:22Z,2026-10-10T05:54:00.000+02:00,A9022020822,A22 (rocade),93.0,480
2026-10-10T04:01:22Z,2026-10-10T05:54:00.000+02:00,A9022020821,A22 (rocade),93.0,480
2026-10-10T04:01:22Z,2026-10-10T05:54:00.000+02:00,A0025020420,A25,75.0,620
2026-10-10T04:01:22Z,2026-10-10T05:54:00.000+02:00,A0025021510,A25,,230
2026-10-10T04:01:22Z,2026-10-10T05:54:00.000+02:00,N0227010100,N227,67.0,270
2026-10-10T04:01:22Z,2026-10-10T05:54:00.000+02:00,A0025011720,A25,98.0,340
2026-10-10T04:01:22Z,2026-10-10T05:54:00.000+02:00,A0025021760,A25,90.0,430
2026-10-10T04:01:22Z,2026-10-10T05:54:00.000+02:00,A0025011730,A25,89.0,410
2026-10-10T04:01:22Z,2026-10-10T05:54:00.000+02:00,A0025011735,A25,101.0,390
2026-10-10T04:01:22Z,2026-10-10T05:54:00.000+02:00,A9025080700,A25 (bretelle),,90
2026-10-10T04:01:22Z,2026-10-10T05:54:00.000+02:00,A9022100930,A22 (rocade),72.0,40
2026-10-10T04:01:22Z,2026-10-10T05:54:00.000+02:00,N0356011220,N356,72.0,600
2026-10-10T04:01:22Z,2026-10-10T05:54:00.000+02:00,A0025011740,A25,84.0,400
2026-10-10T04:01:22Z,2026-10-10T05:54:00.000+02:00,A0025010410,A25,71.0,710
2026-10-10T04:01:22Z,2026-10-10T05:54:00.000+02:00,A0023010200,A23,,680
2026-10-10T04:01:22Z,2026-10-10T05:54:00.000+02:00,A9001210120,A1 (bretelle),84.0,70
2026-10-10T04:01:22Z,2026-10-10T05:54:00.000+02:00,A0025020210,A25,80.0,850
2026-10-10T04:01:22Z,2026-10-10T05:54:00.000+02:00,N0356011210,N356,72.0,600
2026-10-10T04:01:22Z,2026-10-10T05:54:00.000+02:00,A0025011510,A25,79.0,310
2026-10-10T04:01:22Z,2026-10-10T05:54:00.000+02:00,A0025020220,A25,80.0,850
2026-10-10T04:01:22Z,2026-10-10T05:54:00.000+02:00,N0227010302,N227,79.0,440
2026-10-10T04:01:22Z,2026-10-10T05:54:00.000+02:00,N0041010500,N41,,400
2026-10-10T04:01:22Z,2026-10-10T05:54:00.000+02:00,N0227020101,N227,87.0,430
2026-10-10T04:01:22Z,2026-10-10T05:54:00.000+02:00,A9022100110,A22 (rocade),74.0,110
2026-10-10T04:01:22Z,2026-10-10T05:54:00.000+02:00,A0022010400,A22,77.0,400
2026-10-10T04:01:22Z,2026-10-10T05:54:00.000+02:00,N0356010302,N356,79.0,880
2026-10-10T04:01:22Z,2026-10-10T05:54:00.000+02:00,A0025010800,A25,78.0,500
2026-10-10T04:01:22Z,2026-10-10T05:54:00.000+02:00,A0027020621,A27,92.0,120
2026-10-10T04:01:22Z,2026-10-10T05:54:00.000+02:00,N0041010700,N41,99.0,80
2026-10-10T04:01:22Z,2026-10-10T05:54:00.000+02:00,A0027020630,A27,94.0,100
2026-10-10T04:01:22Z,2026-10-10T05:54:00.000+02:00,A0022021512,A22,82.0,540
2026-10-10T04:01:22Z,2026-10-10T05:54:00.000+02:00,A0022021511,A22,82.0,560
2026-10-10T04:01:22Z,2026-10-10T05:54:00.000+02:00,A0027020610,A27,92.0,120
2026-10-10T04:01:22Z,2026-10-10T05:54:00.000+02:00,A0025021720,A25,103.0,380
2026-10-10T04:01:22Z,2026-10-10T05:54:00.000+02:00,A0022021520,A22,82.0,540
2026-10-10T04:01:22Z,2026-10-10T05:54:00.000+02:00,A0025022140,A25,105.0,400
2026-10-10T04:01:22Z,2026-10-10T05:54:00.000+02:00,A0022011302,A22,79.0,300
2026-10-10T04:01:22Z,2026-10-10T05:54:00.000+02:00,A0025022160,A25,98.0,430
2026-10-10T04:01:22Z,2026-10-10T05:54:00.000+02:00,A0027010201,A27,91.0,490
2026-10-10T04:01:22Z,2026-10-10T05:54:00.000+02:00,A0027010202,A27,87.0,150
2026-10-10T04:01:22Z,2026-10-10T05:54:00.000+02:00,N9227110110,N227 (bretelle),80.0,230
2026-10-10T04:01:22Z,2026-10-10T05:54:00.000+02:00,A0025012130,A25,,340
2026-10-10T04:01:22Z,2026-10-10T05:54:00.000+02:00,A0027010210,A27,87.0,150
2026-10-10T04:01:22Z,2026-10-10T05:54:00.000+02:00,A0025011050,A25,76.0,240
2026-10-10T04:01:22Z,2026-10-10T05:54:00.000+02:00,A0025012140,A25,,100
2026-10-10T04:01:22Z,2026-10-10T05:54:00.000+02:00,A0027010421,A27,91.0,130
2026-10-10T04:01:22Z,2026-10-10T05:54:00.000+02:00,A0022012420,A22,94.0,460
2026-10-10T04:01:22Z,2026-10-10T05:54:00.000+02:00,A0027010430,A27,94.0,150
2026-10-10T04:01:22Z,2026-10-10T05:54:00.000+02:00,A0023020710,A23,106.0,370
2026-10-10T04:01:22Z,2026-10-10T05:54:00.000+02:00,A0022012430,A22,93.0,490
2026-10-10T04:01:22Z,2026-10-10T05:54:00.000+02:00,A0025012160,A25,107.0,410
2026-10-10T04:01:22Z,2026-10-10T05:54:00.000+02:00,A9022021200,A22 (rocade),57.0,60
2026-10-10T04:01:22Z,2026-10-10T05:54:00.000+02:00,A0001021100,A1,89.0,790
2026-10-10T04:01:22Z,2026-10-10T05:54:00.000+02:00,A9022101000,A22 (rocade),,80
2026-10-10T04:01:22Z,2026-10-10T05:54:00.000+02:00,A0025013020,A25,96.0,220
2026-10-10T04:01:22Z,2026-10-10T05:54:00.000+02:00,A0027010410,A27,91.0,130
2026-10-10T04:01:22Z,2026-10-10T05:54:00.000+02:00,A0022012410,A22,95.0,490
2026-10-10T04:01:22Z,2026-10-10T05:54:00.000+02:00,A0001A20112,A1,92.0,310
2026-10-10T04:01:22Z,2026-10-10T05:54:00.000+02:00,A0001A20111,A1,,240
2026-10-10T04:01:22Z,2026-10-10T05:54:00.000+02:00,A0001021521,A1,89.0,720
2026-10-10T04:01:22Z,2026-10-10T05:54:00.000+02:00,A0025022540,A25,113.0,260
2026-10-10T04:01:22Z,2026-10-10T05:54:00.000+02:00,A0025022300,A25,102.0,180
2026-10-10T04:01:22Z,2026-10-10T05:54:00.000+02:00,N0356021000,N356,80.0,670
2026-10-10T04:01:22Z,2026-10-10T05:54:00.000+02:00,A22TC010102,A22 (contournement),88.0,310
2026-10-10T04:01:22Z,2026-10-10T05:54:00.000+02:00,A0001011503,A1,89.0,1090
2026-10-10T04:01:22Z,2026-10-10T05:54:00.000+02:00,A0022012200,A22,85.0,510
2026-10-10T04:01:22Z,2026-10-10T05:54:00.000+02:00,A0001A20120,A1,87.0,320
2026-10-10T04:01:22Z,2026-10-10T05:54:00.000+02:00,A22TC020102,A22 (contournement),89.0,330
2026-10-10T04:01:22Z,2026-10-10T05:54:00.000+02:00,A22TC010300,A22 (contournement),86.0,270
2026-10-10T04:01:22Z,2026-10-10T05:54:00.000+02:00,A0022012010,A22,82.0,380
2026-10-10T04:01:22Z,2026-10-10T05:54:00.000+02:00,A0022012020,A22,82.0,380
2026-10-10T04:01:22Z,2026-10-10T05:54:00.000+02:00,A0025022130,A25,118.0,400
2026-10-10T04:01:22Z,2026-10-10T05:54:00.000+02:00,A0023010520,A23,107.0,270
2026-10-10T04:01:22Z,2026-10-10T05:54:00.000+02:00,N0041020800,N41,92.0,190
2026-10-10T04:01:22Z,2026-10-10T05:54:00.000+02:00,A0025010500,A25,70.0,540
2026-10-10T04:01:22Z,2026-10-10T05:54:00.000+02:00,A0022020901,A22,,400
2026-10-10T04:01:22Z,2026-10-10T05:54:00.000+02:00,A0022020902,A22,,340
2026-10-10T04:01:22Z,2026-10-10T05:54:00.000+02:00,A0022021810,A22,84.0,490
2026-10-10T04:01:22Z,2026-10-10T05:54:00.000+02:00,N0356011100,N356,74.0,620
2026-10-10T04:01:22Z,2026-10-10T05:54:00.000+02:00,A0022021820,A22,84.0,490
2026-10-10T04:01:22Z,2026-10-10T05:54:00.000+02:00,N0356020802,N356,79.0,720
2026-10-10T04:01:22Z,2026-10-10T05:54:00.000+02:00,A0025020102,A25,77.0,110
2026-10-10T04:01:22Z,2026-10-10T05:54:00.000+02:00,A0023010100,A23,,160
2026-10-10T04:01:22Z,2026-10-10T05:54:00.000+02:00,A0025022530,A25,111.0,290
2026-10-10T04:01:22Z,2026-10-10T05:54:00.000+02:00,A9001210200,A1 (bretelle),74.0,290
2026-10-10T04:01:22Z,2026-10-10T05:54:00.000+02:00,A0022010700,A22,83.0,350
2026-10-10T04:01:22Z,2026-10-10T05:54:00.000+02:00,N0041020400,N41,93.0,320
2026-10-10T04:01:22Z,2026-10-10T05:54:00.000+02:00,A0023020720,A23,111.0,370
2026-10-10T04:01:22Z,2026-10-10T05:54:00.000+02:00,A0022020500,A22,,200
2026-10-10T04:01:22Z,2026-10-10T05:54:00.000+02:00,N93563b0150,N356 (bretelle),83.0,10
2026-10-10T04:01:22Z,2026-10-10T05:54:00.000+02:00,A0025020950,A25,91.0,920
2026-10-10T04:01:22Z,2026-10-10T05:54:00.000+02:00,A0023020300,A23,,430
2026-10-10T04:01:22Z,2026-10-10T05:54:00.000+02:00,A0001011000,A1,88.0,750
2026-10-10T04:01:22Z,2026-10-10T05:54:00.000+02:00,A0027020500,A27,84.0,90
2026-10-10T04:01:22Z,2026-10-10T05:54:00.000+02:00,N0356011500,N356,73.0,620
2026-10-10T04:01:22Z,2026-10-10T05:54:00.000+02:00,A0001010150,A1,101.0,720
2026-10-10T04:01:22Z,2026-10-10T05:54:00.000+02:00,N0356020400,N356,81.0,340
2026-10-10T04:01:22Z,2026-10-10T05:54:00.000+02:00,A0025010700,A25,70.0,490
2026-10-10T04:01:22Z,2026-10-10T05:54:00.000+02:00,A0002011230,A2,112.0,790
2026-10-10T04:01:22Z,2026-10-10T05:54:00.000+02:00,A0025020500,A25,75.0,520
2026-10-10T04:01:22Z,2026-10-10T05:54:00.000+02:00,A0002021290,A2,111.0,1110
2026-10-10T04:01:22Z,2026-10-10T05:54:00.000+02:00,A0022011600,A22,86.0,290
2026-10-10T04:11:06Z,2026-10-10T06:00:00.000+02:00,A0001011200,A1,81.0,750
2026-10-10T04:11:06Z,2026-10-10T06:00:00.000+02:00,A0027010102,A27,107.0,320
2026-10-10T04:11:06Z,2026-10-10T06:00:00.000+02:00,N0041010100,N41,84.0,400
2026-10-10T04:11:06Z,2026-10-10T06:00:00.000+02:00,A0027010101,A27,107.0,320
2026-10-10T04:11:06Z,2026-10-10T06:00:00.000+02:00,A9022010250,A22 (rocade),77.0,10
2026-10-10T04:11:06Z,2026-10-10T06:00:00.000+02:00,A0001020150,A1,100.0,780
2026-10-10T04:11:06Z,2026-10-10T06:00:00.000+02:00,N0356011700,N356,80.0,590
2026-10-10T04:11:06Z,2026-10-10T06:00:00.000+02:00,N0356021300,N356,68.0,640
2026-10-10T04:11:06Z,2026-10-10T06:00:00.000+02:00,A0022011400,A22,86.0,120
2026-10-10T04:11:06Z,2026-10-10T06:00:00.000+02:00,A0027010300,A27,94.0,160
2026-10-10T04:11:06Z,2026-10-10T06:00:00.000+02:00,A9022020250,A22 (rocade),68.0,120
2026-10-10T04:11:06Z,2026-10-10T06:00:00.000+02:00,N0041010300,N41,88.0,150
2026-10-10T04:11:06Z,2026-10-10T06:00:00.000+02:00,A0022011210,A22,,110
2026-10-10T04:11:06Z,2026-10-10T06:00:00.000+02:00,A0027020100,A27,71.0,170
2026-10-10T04:11:06Z,2026-10-10T06:00:00.000+02:00,A0001010300,A1,109.0,600
2026-10-10T04:11:06Z,2026-10-10T06:00:00.000+02:00,A0022011220,A22,,110
2026-10-10T04:11:06Z,2026-10-10T06:00:00.000+02:00,A9022101110,A22 (rocade),83.0,250
2026-10-10T04:11:06Z,2026-10-10T06:00:00.000+02:00,A0022022110,A22,88.0,560
2026-10-10T04:11:06Z,2026-10-10T06:00:00.000+02:00,A0001011420,A1,90.0,510
2026-10-10T04:11:06Z,2026-10-10T06:00:00.000+02:00,N0356010800,N356,78.0,510
2026-10-10T04:11:06Z,2026-10-10T06:00:00.000+02:00,A9001210710,A1 (bretelle),76.0,180
2026-10-10T04:11:06Z,2026-10-10T06:00:00.000+02:00,N0356021110,N356,74.0,680
2026-10-10T04:11:06Z,2026-10-10T06:00:00.000+02:00,A0001010510,A1,109.0,580
2026-10-10T04:11:06Z,2026-10-10T06:00:00.000+02:00,N0356021122,N356,67.0,660
2026-10-10T04:11:06Z,2026-10-10T06:00:00.000+02:00,N0356021121,N356,74.0,680
2026-10-10T04:11:06Z,2026-10-10T06:00:00.000+02:00,A0025010210,A25,79.0,660
2026-10-10T04:11:06Z,2026-10-10T06:00:00.000+02:00,A0025011300,A25,103.0,20
2026-10-10T04:11:06Z,2026-10-10T06:00:00.000+02:00,A0001020300,A1,99.0,710
2026-10-10T04:11:06Z,2026-10-10T06:00:00.000+02:00,A0025021100,A25,89.0,460
2026-10-10T04:11:06Z,2026-10-10T06:00:00.000+02:00,A0025023520,A25,113.0,150
2026-10-10T04:11:06Z,2026-10-10T06:00:00.000+02:00,A0022022130,A22,103.0,480
2026-10-10T04:11:06Z,2026-10-10T06:00:00.000+02:00,A0025010220,A25,79.0,660
2026-10-10T04:11:06Z,2026-10-10T06:00:00.000+02:00,A0022022120,A22,94.0,540
2026-10-10T04:11:06Z,2026-10-10T06:00:00.000+02:00,A0001010520,A1,98.0,640
2026-10-10T04:11:06Z,2026-10-10T06:00:00.000+02:00,A0022011000,A22,69.0,300
2026-10-10T04:11:06Z,2026-10-10T06:00:00.000+02:00,A0001020510,A1,99.0,730
2026-10-10T04:11:06Z,2026-10-10T06:00:00.000+02:00,A0001021602,A1,87.0,1020
2026-10-10T04:11:06Z,2026-10-10T06:00:00.000+02:00,A22TC020222,A22 (contournement),87.0,250
2026-10-10T04:11:06Z,2026-10-10T06:00:00.000+02:00,A0001010940,A1,99.0,720
2026-10-10T04:11:06Z,2026-10-10T06:00:00.000+02:00,A0025023320,A25,116.0,330
2026-10-10T04:11:06Z,2026-10-10T06:00:00.000+02:00,A0001020520,A1,97.0,760
2026-10-10T04:11:06Z,2026-10-10T06:00:00.000+02:00,A0025023100,A25,117.0,240
2026-10-10T04:11:06Z,2026-10-10T06:00:00.000+02:00,A22TC020230,A22 (contournement),87.0,250
2026-10-10T04:11:06Z,2026-10-10T06:00:00.000+02:00,A0025021730,A25,92.0,590
2026-10-10T04:11:06Z,2026-10-10T06:00:00.000+02:00,A0025023910,A25,115.0,110
2026-10-10T04:11:06Z,2026-10-10T06:00:00.000+02:00,A0025021735,A25,102.0,600
2026-10-10T04:11:06Z,2026-10-10T06:00:00.000+02:00,A0023010400,A23,100.0,200
2026-10-10T04:11:06Z,2026-10-10T06:00:00.000+02:00,A0022021900,A22,79.0,450
2026-10-10T04:11:06Z,2026-10-10T06:00:00.000+02:00,A9022100500,A22 (rocade),78.0,170
2026-10-10T04:11:06Z,2026-10-10T06:00:00.000+02:00,A0001020940,A1,88.0,790
2026-10-10T04:11:06Z,2026-10-10T06:00:00.000+02:00,A0001020700,A1,94.0,650
2026-10-10T04:11:06Z,2026-10-10T06:00:00.000+02:00,A9022020830,A22 (rocade),93.0,10
2026-10-10T04:11:06Z,2026-10-10T06:00:00.000+02:00,A9022020822,A22 (rocade),90.0,260
2026-10-10T04:11:06Z,2026-10-10T06:00:00.000+02:00,A9022020821,A22 (rocade),90.0,260
2026-10-10T04:11:06Z,2026-10-10T06:00:00.000+02:00,A0025020420,A25,76.0,640
2026-10-10T04:11:06Z,2026-10-10T06:00:00.000+02:00,A0025021510,A25,92.0,270
2026-10-10T04:11:06Z,2026-10-10T06:00:00.000+02:00,N0227010100,N227,63.0,190
2026-10-10T04:11:06Z,2026-10-10T06:00:00.000+02:00,A0025011720,A25,96.0,440
2026-10-10T04:11:06Z,2026-10-10T06:00:00.000+02:00,A0025021760,A25,90.0,610
2026-10-10T04:11:06Z,2026-10-10T06:00:00.000+02:00,A0025011730,A25,89.0,430
2026-10-10T04:11:06Z,2026-10-10T06:00:00.000+02:00,A0025011735,A25,100.0,440
2026-10-10T04:11:06Z,2026-10-10T06:00:00.000+02:00,A9025080700,A25 (bretelle),,80
2026-10-10T04:11:06Z,2026-10-10T06:00:00.000+02:00,A9022100930,A22 (rocade),79.0,20
2026-10-10T04:11:06Z,2026-10-10T06:00:00.000+02:00,N0356011220,N356,78.0,530
2026-10-10T04:11:06Z,2026-10-10T06:00:00.000+02:00,A0025011740,A25,87.0,450
2026-10-10T04:11:06Z,2026-10-10T06:00:00.000+02:00,A0025010410,A25,70.0,630
2026-10-10T04:11:06Z,2026-10-10T06:00:00.000+02:00,A0023010200,A23,107.0,330
2026-10-10T04:11:06Z,2026-10-10T06:00:00.000+02:00,A9001210120,A1 (bretelle),73.0,10
2026-10-10T04:11:06Z,2026-10-10T06:00:00.000+02:00,A0025020210,A25,78.0,710
2026-10-10T04:11:06Z,2026-10-10T06:00:00.000+02:00,N0356011210,N356,78.0,530
2026-10-10T04:11:06Z,2026-10-10T06:00:00.000+02:00,A0025011510,A25,85.0,280
2026-10-10T04:11:06Z,2026-10-10T06:00:00.000+02:00,A0025020220,A25,78.0,710
2026-10-10T04:11:06Z,2026-10-10T06:00:00.000+02:00,N0227010302,N227,80.0,360
2026-10-10T04:11:06Z,2026-10-10T06:00:00.000+02:00,N0041010500,N41,99.0,390
2026-10-10T04:11:06Z,2026-10-10T06:00:00.000+02:00,N0227020101,N227,84.0,300
2026-10-10T04:11:06Z,2026-10-10T06:00:00.000+02:00,A9022100110,A22 (rocade),69.0,50
2026-10-10T04:11:06Z,2026-10-10T06:00:00.000+02:00,A0022010400,A22,75.0,270
2026-10-10T04:11:06Z,2026-10-10T06:00:00.000+02:00,N0356010302,N356,79.0,710
2026-10-10T04:11:06Z,2026-10-10T06:00:00.000+02:00,A0025010800,A25,80.0,390
2026-10-10T04:11:06Z,2026-10-10T06:00:00.000+02:00,A0027020621,A27,96.0,170
2026-10-10T04:11:06Z,2026-10-10T06:00:00.000+02:00,N0041010700,N41,135.0,100
2026-10-10T04:11:06Z,2026-10-10T06:00:00.000+02:00,A0027020630,A27,97.0,180
2026-10-10T04:11:06Z,2026-10-10T06:00:00.000+02:00,A0022021512,A22,78.0,410
2026-10-10T04:11:06Z,2026-10-10T06:00:00.000+02:00,A0022021511,A22,77.0,380
2026-10-10T04:11:06Z,2026-10-10T06:00:00.000+02:00,A0027020610,A27,96.0,170
2026-10-10T04:11:06Z,2026-10-10T06:00:00.000+02:00,A0025021720,A25,102.0,550
2026-10-10T04:11:06Z,2026-10-10T06:00:00.000+02:00,A0022021520,A22,78.0,410
2026-10-10T04:11:06Z,2026-10-10T06:00:00.000+02:00,A0025022140,A25,114.0,540
2026-10-10T04:11:06Z,2026-10-10T06:00:00.000+02:00,A0022011302,A22,82.0,280
2026-10-10T04:11:06Z,2026-10-10T06:00:00.000+02:00,A0025022160,A25,110.0,530
2026-10-10T04:11:06Z,2026-10-10T06:00:00.000+02:00,A0027010201,A27,94.0,310
2026-10-10T04:11:06Z,2026-10-10T06:00:00.000+02:00,A0027010202,A27,107.0,120
2026-10-10T04:11:06Z,2026-10-10T06:00:00.000+02:00,N9227110110,N227 (bretelle),75.0,80
2026-10-10T04:11:06Z,2026-10-10T06:00:00.000+02:00,A0025012130,A25,108.0,310
2026-10-10T04:11:06Z,2026-10-10T06:00:00.000+02:00,A0027010210,A27,107.0,120
2026-10-10T04:11:06Z,2026-10-10T06:00:00.000+02:00,A0025011050,A25,92.0,190
2026-10-10T04:11:06Z,2026-10-10T06:00:00.000+02:00,A0025012140,A25,108.0,90
2026-10-10T04:11:06Z,2026-10-10T06:00:00.000+02:00,A0027010421,A27,98.0,170
2026-10-10T04:11:06Z,2026-10-10T06:00:00.000+02:00,A0022012420,A22,95.0,510
2026-10-10T04:11:06Z,2026-10-10T06:00:00.000+02:00,A0027010430,A27,98.0,160
2026-10-10T04:11:06Z,2026-10-10T06:00:00.000+02:00,A0023020710,A23,100.0,350
2026-10-10T04:11:06Z,2026-10-10T06:00:00.000+02:00,A0022012430,A22,95.0,500
2026-10-10T04:11:06Z,2026-10-10T06:00:00.000+02:00,A0025012160,A25,116.0,400
2026-10-10T04:11:06Z,2026-10-10T06:00:00.000+02:00,A9022021200,A22 (rocade),63.0,50
2026-10-10T04:11:06Z,2026-10-10T06:00:00.000+02:00,A0001021100,A1,89.0,670
2026-10-10T04:11:06Z,2026-10-10T06:00:00.000+02:00,A9022101000,A22 (rocade),76.0,180
2026-10-10T04:11:06Z,2026-10-10T06:00:00.000+02:00,A0025013020,A25,99.0,280
2026-10-10T04:11:06Z,2026-10-10T06:00:00.000+02:00,A0027010410,A27,98.0,170
2026-10-10T04:11:06Z,2026-10-10T06:00:00.000+02:00,A0022012410,A22,97.0,510
2026-10-10T04:11:06Z,2026-10-10T06:00:00.000+02:00,A0001A20112,A1,87.0,260
2026-10-10T04:11:06Z,2026-10-10T06:00:00.000+02:00,A0001A20111,A1,76.0,210
2026-10-10T04:11:06Z,2026-10-10T06:00:00.000+02:00,A0001021521,A1,88.0,700
2026-10-10T04:11:06Z,2026-10-10T06:00:00.000+02:00,A0025022540,A25,118.0,300
2026-10-10T04:11:06Z,2026-10-10T06:00:00.000+02:00,A0025022300,A25,119.0,320
2026-10-10T04:11:06Z,2026-10-10T06:00:00.000+02:00,N0356021000,N356,75.0,660
2026-10-10T04:11:06Z,2026-10-10T06:00:00.000+02:00,A22TC010102,A22 (contournement),88.0,320
2026-10-10T04:11:06Z,2026-10-10T06:00:00.000+02:00,A0001011503,A1,89.0,810
2026-10-10T04:11:06Z,2026-10-10T06:00:00.000+02:00,A0022012200,A22,83.0,430
2026-10-10T04:11:06Z,2026-10-10T06:00:00.000+02:00,A0001A20120,A1,88.0,290
2026-10-10T04:11:06Z,2026-10-10T06:00:00.000+02:00,A22TC020102,A22 (contournement),84.0,250
2026-10-10T04:11:06Z,2026-10-10T06:00:00.000+02:00,A22TC010300,A22 (contournement),83.0,310
2026-10-10T04:11:06Z,2026-10-10T06:00:00.000+02:00,A0022012010,A22,83.0,380
2026-10-10T04:11:06Z,2026-10-10T06:00:00.000+02:00,A0022012020,A22,83.0,380
2026-10-10T04:11:06Z,2026-10-10T06:00:00.000+02:00,A0025022130,A25,128.0,490
2026-10-10T04:11:06Z,2026-10-10T06:00:00.000+02:00,A0023010520,A23,107.0,240
2026-10-10T04:11:06Z,2026-10-10T06:00:00.000+02:00,N0041020800,N41,98.0,300
2026-10-10T04:11:06Z,2026-10-10T06:00:00.000+02:00,A0025010500,A25,73.0,470
2026-10-10T04:11:06Z,2026-10-10T06:00:00.000+02:00,A0022020901,A22,88.0,330
2026-10-10T04:11:06Z,2026-10-10T06:00:00.000+02:00,A0022020902,A22,88.0,250
2026-10-10T04:11:06Z,2026-10-10T06:00:00.000+02:00,A0022021810,A22,80.0,390
2026-10-10T04:11:06Z,2026-10-10T06:00:00.000+02:00,N0356011100,N356,76.0,520
2026-10-10T04:11:06Z,2026-10-10T06:00:00.000+02:00,A0022021820,A22,80.0,390
2026-10-10T04:11:06Z,2026-10-10T06:00:00.000+02:00,N0356020802,N356,74.0,810
2026-10-10T04:11:06Z,2026-10-10T06:00:00.000+02:00,A0025020102,A25,70.0,210
2026-10-10T04:11:06Z,2026-10-10T06:00:00.000+02:00,A0023010100,A23,107.0,30
2026-10-10T04:11:06Z,2026-10-10T06:00:00.000+02:00,A0025022530,A25,120.0,280
2026-10-10T04:11:06Z,2026-10-10T06:00:00.000+02:00,A9001210200,A1 (bretelle),74.0,230
2026-10-10T04:11:06Z,2026-10-10T06:00:00.000+02:00,A0022010700,A22,69.0,240
2026-10-10T04:11:06Z,2026-10-10T06:00:00.000+02:00,N0041020400,N41,92.0,250
2026-10-10T04:11:06Z,2026-10-10T06:00:00.000+02:00,A0023020720,A23,107.0,330
2026-10-10T04:11:06Z,2026-10-10T06:00:00.000+02:00,A0022020500,A22,88.0,210
2026-10-10T04:11:06Z,2026-10-10T06:00:00.000+02:00,N93563b0150,N356 (bretelle),56.0,10
2026-10-10T04:11:06Z,2026-10-10T06:00:00.000+02:00,A0025020950,A25,91.0,960
2026-10-10T04:11:06Z,2026-10-10T06:00:00.000+02:00,A0023020300,A23,102.0,260
2026-10-10T04:11:06Z,2026-10-10T06:00:00.000+02:00,A0001011000,A1,87.0,660
2026-10-10T04:11:06Z,2026-10-10T06:00:00.000+02:00,A0027020500,A27,57.0,110
2026-10-10T04:11:06Z,2026-10-10T06:00:00.000+02:00,N0356011500,N356,70.0,630
2026-10-10T04:11:06Z,2026-10-10T06:00:00.000+02:00,A0001010150,A1,98.0,610
2026-10-10T04:11:06Z,2026-10-10T06:00:00.000+02:00,N0356020400,N356,62.0,370
2026-10-10T04:11:06Z,2026-10-10T06:00:00.000+02:00,A0025010700,A25,71.0,380
2026-10-10T04:11:06Z,2026-10-10T06:00:00.000+02:00,A0002011230,A2,107.0,720
2026-10-10T04:11:06Z,2026-10-10T06:00:00.000+02:00,A0025020500,A25,76.0,470
2026-10-10T04:11:06Z,2026-10-10T06:00:00.000+02:00,A0002021290,A2,109.0,1350
2026-10-10T04:11:06Z,2026-10-10T06:00:00.000+02:00,A0022011600,A22,54.0,290
2026-10-10T04:21:02Z,2026-10-10T06:12:00.000+02:00,A0001011200,A1,81.0,670
2026-10-10T04:21:02Z,2026-10-10T06:12:00.000+02:00,A0027010102,A27,85.0,350
2026-10-10T04:21:02Z,2026-10-10T06:12:00.000+02:00,N0041010100,N41,79.0,500
2026-10-10T04:21:02Z,2026-10-10T06:12:00.000+02:00,A0027010101,A27,85.0,350
2026-10-10T04:21:02Z,2026-10-10T06:12:00.000+02:00,A9022010250,A22 (rocade),82.0,60
2026-10-10T04:21:02Z,2026-10-10T06:12:00.000+02:00,A0001020150,A1,101.0,690
2026-10-10T04:21:02Z,2026-10-10T06:12:00.000+02:00,N0356011700,N356,77.0,630
2026-10-10T04:21:02Z,2026-10-10T06:12:00.000+02:00,N0356021300,N356,68.0,700
2026-10-10T04:21:02Z,2026-10-10T06:12:00.000+02:00,A0022011400,A22,81.0,120
2026-10-10T04:21:02Z,2026-10-10T06:12:00.000+02:00,A0027010300,A27,89.0,220
2026-10-10T04:21:02Z,2026-10-10T06:12:00.000+02:00,A9022020250,A22 (rocade),73.0,210
2026-10-10T04:21:02Z,2026-10-10T06:12:00.000+02:00,N0041010300,N41,81.0,170
2026-10-10T04:21:02Z,2026-10-10T06:12:00.000+02:00,A0022011210,A22,72.0,50
2026-10-10T04:21:02Z,2026-10-10T06:12:00.000+02:00,A0027020100,A27,76.0,150
2026-10-10T04:21:02Z,2026-10-10T06:12:00.000+02:00,A0001010300,A1,87.0,760
2026-10-10T04:21:02Z,2026-10-10T06:12:00.000+02:00,A0022011220,A22,72.0,50
2026-10-10T04:21:02Z,2026-10-10T06:12:00.000+02:00,A9022101110,A22 (rocade),85.0,290
2026-10-10T04:21:02Z,2026-10-10T06:12:00.000+02:00,A0022022110,A22,89.0,760
2026-10-10T04:21:02Z,2026-10-10T06:12:00.000+02:00,A0001011420,A1,90.0,600
2026-10-10T04:21:02Z,2026-10-10T06:12:00.000+02:00,N0356010800,N356,76.0,630
2026-10-10T04:21:02Z,2026-10-10T06:12:00.000+02:00,A9001210710,A1 (bretelle),72.0,270
2026-10-10T04:21:02Z,2026-10-10T06:12:00.000+02:00,N0356021110,N356,73.0,780
2026-10-10T04:21:02Z,2026-10-10T06:12:00.000+02:00,A0001010510,A1,87.0,900
2026-10-10T04:21:02Z,2026-10-10T06:12:00.000+02:00,N0356021122,N356,66.0,820
2026-10-10T04:21:02Z,2026-10-10T06:12:00.000+02:00,N0356021121,N356,73.0,780
2026-10-10T04:21:02Z,2026-10-10T06:12:00.000+02:00,A0025010210,A25,79.0,1070
2026-10-10T04:21:02Z,2026-10-10T06:12:00.000+02:00,A0025011300,A25,98.0,30
2026-10-10T04:21:02Z,2026-10-10T06:12:00.000+02:00,A0001020300,A1,103.0,620
2026-10-10T04:21:02Z,2026-10-10T06:12:00.000+02:00,A0025021100,A25,91.0,480
2026-10-10T04:21:02Z,2026-10-10T06:12:00.000+02:00,A0025023520,A25,104.0,230
2026-10-10T04:21:02Z,2026-10-10T06:12:00.000+02:00,A0022022130,A22,98.0,670
2026-10-10T04:21:02Z,2026-10-10T06:12:00.000+02:00,A0025010220,A25,79.0,1070
2026-10-10T04:21:02Z,2026-10-10T06:12:00.000+02:00,A0022022120,A22,92.0,750
2026-10-10T04:21:02Z,2026-10-10T06:12:00.000+02:00,A0001010520,A1,98.0,840
2026-10-10T04:21:02Z,2026-10-10T06:12:00.000+02:00,A0022011000,A22,70.0,330
2026-10-10T04:21:02Z,2026-10-10T06:12:00.000+02:00,A0001020510,A1,103.0,680
2026-10-10T04:21:02Z,2026-10-10T06:12:00.000+02:00,A0001021602,A1,81.0,1160
2026-10-10T04:21:02Z,2026-10-10T06:12:00.000+02:00,A22TC020222,A22 (contournement),86.0,210
2026-10-10T04:21:02Z,2026-10-10T06:12:00.000+02:00,A0001010940,A1,94.0,870
2026-10-10T04:21:02Z,2026-10-10T06:12:00.000+02:00,A0025023320,A25,108.0,370
2026-10-10T04:21:02Z,2026-10-10T06:12:00.000+02:00,A0001020520,A1,98.0,690
2026-10-10T04:21:02Z,2026-10-10T06:12:00.000+02:00,A0025023100,A25,111.0,250
2026-10-10T04:21:02Z,2026-10-10T06:12:00.000+02:00,A22TC020230,A22 (contournement),86.0,210
2026-10-10T04:21:02Z,2026-10-10T06:12:00.000+02:00,A0025021730,A25,88.0,490
2026-10-10T04:21:02Z,2026-10-10T06:12:00.000+02:00,A0025023910,A25,108.0,140
2026-10-10T04:21:02Z,2026-10-10T06:12:00.000+02:00,A0025021735,A25,103.0,550
2026-10-10T04:21:02Z,2026-10-10T06:12:00.000+02:00,A0023010400,A23,99.0,310
2026-10-10T04:21:02Z,2026-10-10T06:12:00.000+02:00,A0022021900,A22,85.0,630
2026-10-10T04:21:02Z,2026-10-10T06:12:00.000+02:00,A9022100500,A22 (rocade),79.0,270
2026-10-10T04:21:02Z,2026-10-10T06:12:00.000+02:00,A0001020940,A1,92.0,780
2026-10-10T04:21:02Z,2026-10-10T06:12:00.000+02:00,A0001020700,A1,93.0,610
2026-10-10T04:21:02Z,2026-10-10T06:12:00.000+02:00,A9022020830,A22 (rocade),90.0,80
2026-10-10T04:21:02Z,2026-10-10T06:12:00.000+02:00,A9022020822,A22 (rocade),88.0,420
2026-10-10T04:21:02Z,2026-10-10T06:12:00.000+02:00,A9022020821,A22 (rocade),88.0,420
2026-10-10T04:21:02Z,2026-10-10T06:12:00.000+02:00,A0025020420,A25,75.0,980
2026-10-10T04:21:02Z,2026-10-10T06:12:00.000+02:00,A0025021510,A25,103.0,290
2026-10-10T04:21:02Z,2026-10-10T06:12:00.000+02:00,N0227010100,N227,66.0,60
2026-10-10T04:21:02Z,2026-10-10T06:12:00.000+02:00,A0025011720,A25,99.0,420
2026-10-10T04:21:02Z,2026-10-10T06:12:00.000+02:00,A0025021760,A25,90.0,550
2026-10-10T04:21:02Z,2026-10-10T06:12:00.000+02:00,A0025011730,A25,88.0,390
2026-10-10T04:21:02Z,2026-10-10T06:12:00.000+02:00,A0025011735,A25,101.0,370
2026-10-10T04:21:02Z,2026-10-10T06:12:00.000+02:00,A9025080700,A25 (bretelle),,110
2026-10-10T04:21:02Z,2026-10-10T06:12:00.000+02:00,A9022100930,A22 (rocade),76.0,20
2026-10-10T04:21:02Z,2026-10-10T06:12:00.000+02:00,N0356011220,N356,73.0,560
2026-10-10T04:21:02Z,2026-10-10T06:12:00.000+02:00,A0025011740,A25,87.0,350
2026-10-10T04:21:02Z,2026-10-10T06:12:00.000+02:00,A0025010410,A25,81.0,870
2026-10-10T04:21:02Z,2026-10-10T06:12:00.000+02:00,A0023010200,A23,107.0,370
2026-10-10T04:21:02Z,2026-10-10T06:12:00.000+02:00,A9001210120,A1 (bretelle),79.0,110
2026-10-10T04:21:02Z,2026-10-10T06:12:00.000+02:00,A0025020210,A25,76.0,1020
2026-10-10T04:21:02Z,2026-10-10T06:12:00.000+02:00,N0356011210,N356,73.0,560
2026-10-10T04:21:02Z,2026-10-10T06:12:00.000+02:00,A0025011510,A25,82.0,350
2026-10-10T04:21:02Z,2026-10-10T06:12:00.000+02:00,A0025020220,A25,76.0,1020
2026-10-10T04:21:02Z,2026-10-10T06:12:00.000+02:00,N0227010302,N227,78.0,320
2026-10-10T04:21:02Z,2026-10-10T06:12:00.000+02:00,N0041010500,N41,91.0,450
2026-10-10T04:21:02Z,2026-10-10T06:12:00.000+02:00,N0227020101,N227,88.0,450
2026-10-10T04:21:02Z,2026-10-10T06:12:00.000+02:00,A9022100110,A22 (rocade),66.0,150
2026-10-10T04:21:02Z,2026-10-10T06:12:00.000+02:00,A0022010400,A22,70.0,350
2026-10-10T04:21:02Z,2026-10-10T06:12:00.000+02:00,N0356010302,N356,78.0,820
2026-10-10T04:21:02Z,2026-10-10T06:12:00.000+02:00,A0025010800,A25,75.0,560
2026-10-10T04:21:02Z,2026-10-10T06:12:00.000+02:00,A0027020621,A27,91.0,170
2026-10-10T04:21:02Z,2026-10-10T06:12:00.000+02:00,N0041010700,N41,93.0,90
2026-10-10T04:21:02Z,2026-10-10T06:12:00.000+02:00,A0027020630,A27,91.0,160
2026-10-10T04:21:02Z,2026-10-10T06:12:00.000+02:00,A0022021512,A22,85.0,560
2026-10-10T04:21:02Z,2026-10-10T06:12:00.000+02:00,A0022021511,A22,83.0,530
2026-10-10T04:21:02Z,2026-10-10T06:12:00.000+02:00,A0027020610,A27,91.0,170
2026-10-10T04:21:02Z,2026-10-10T06:12:00.000+02:00,A0025021720,A25,101.0,480
2026-10-10T04:21:02Z,2026-10-10T06:12:00.000+02:00,A0022021520,A22,85.0,560
2026-10-10T04:21:02Z,2026-10-10T06:12:00.000+02:00,A0025022140,A25,109.0,480
2026-10-10T04:21:02Z,2026-10-10T06:12:00.000+02:00,A0022011302,A22,79.0,290
2026-10-10T04:21:02Z,2026-10-10T06:12:00.000+02:00,A0025022160,A25,105.0,480
2026-10-10T04:21:02Z,2026-10-10T06:12:00.000+02:00,A0027010201,A27,90.0,450
2026-10-10T04:21:02Z,2026-10-10T06:12:00.000+02:00,A0027010202,A27,85.0,180
2026-10-10T04:21:02Z,2026-10-10T06:12:00.000+02:00,N9227110110,N227 (bretelle),78.0,200
2026-10-10T04:21:02Z,2026-10-10T06:12:00.000+02:00,A0025012130,A25,108.0,290
2026-10-10T04:21:02Z,2026-10-10T06:12:00.000+02:00,A0027010210,A27,85.0,180
2026-10-10T04:21:02Z,2026-10-10T06:12:00.000+02:00,A0025011050,A25,89.0,270
2026-10-10T04:21:02Z,2026-10-10T06:12:00.000+02:00,A0025012140,A25,108.0,80
2026-10-10T04:21:02Z,2026-10-10T06:12:00.000+02:00,A0027010421,A27,95.0,300
2026-10-10T04:21:02Z,2026-10-10T06:12:00.000+02:00,A0022012420,A22,94.0,450
2026-10-10T04:21:02Z,2026-10-10T06:12:00.000+02:00,A0027010430,A27,97.0,260
2026-10-10T04:21:02Z,2026-10-10T06:12:00.000+02:00,A0023020710,A23,102.0,330
2026-10-10T04:21:02Z,2026-10-10T06:12:00.000+02:00,A0022012430,A22,94.0,410
2026-10-10T04:21:02Z,2026-10-10T06:12:00.000+02:00,A0025012160,A25,118.0,330
2026-10-10T04:21:02Z,2026-10-10T06:12:00.000+02:00,A9022021200,A22 (rocade),60.0,70
2026-10-10T04:21:02Z,2026-10-10T06:12:00.000+02:00,A0001021100,A1,90.0,700
2026-10-10T04:21:02Z,2026-10-10T06:12:00.000+02:00,A9022101000,A22 (rocade),77.0,110
2026-10-10T04:21:02Z,2026-10-10T06:12:00.000+02:00,A0025013020,A25,101.0,330
2026-10-10T04:21:02Z,2026-10-10T06:12:00.000+02:00,A0027010410,A27,95.0,300
2026-10-10T04:21:02Z,2026-10-10T06:12:00.000+02:00,A0022012410,A22,94.0,440
2026-10-10T04:21:02Z,2026-10-10T06:12:00.000+02:00,A0001A20112,A1,92.0,390
2026-10-10T04:21:02Z,2026-10-10T06:12:00.000+02:00,A0001A20111,A1,83.0,180
2026-10-10T04:21:02Z,2026-10-10T06:12:00.000+02:00,A0001021521,A1,87.0,750
2026-10-10T04:21:02Z,2026-10-10T06:12:00.000+02:00,A0025022540,A25,112.0,330
2026-10-10T04:21:02Z,2026-10-10T06:12:00.000+02:00,A0025022300,A25,119.0,260
2026-10-10T04:21:02Z,2026-10-10T06:12:00.000+02:00,N0356021000,N356,75.0,750
2026-10-10T04:21:02Z,2026-10-10T06:12:00.000+02:00,A22TC010102,A22 (contournement),83.0,240
2026-10-10T04:21:02Z,2026-10-10T06:12:00.000+02:00,A0001011503,A1,90.0,980
2026-10-10T04:21:02Z,2026-10-10T06:12:00.000+02:00,A0022012200,A22,87.0,470
2026-10-10T04:21:02Z,2026-10-10T06:12:00.000+02:00,A0001A20120,A1,92.0,440
2026-10-10T04:21:02Z,2026-10-10T06:12:00.000+02:00,A22TC020102,A22 (contournement),89.0,400
2026-10-10T04:21:02Z,2026-10-10T06:12:00.000+02:00,A22TC010300,A22 (contournement),89.0,370
2026-10-10T04:21:02Z,2026-10-10T06:12:00.000+02:00,A0022012010,A22,86.0,370
2026-10-10T04:21:02Z,2026-10-10T06:12:00.000+02:00,A0022012020,A22,86.0,370
2026-10-10T04:21:02Z,2026-10-10T06:12:00.000+02:00,A0025022130,A25,128.0,490
2026-10-10T04:21:02Z,2026-10-10T06:12:00.000+02:00,A0023010520,A23,109.0,360
2026-10-10T04:21:02Z,2026-10-10T06:12:00.000+02:00,N0041020800,N41,94.0,200
2026-10-10T04:21:02Z,2026-10-10T06:12:00.000+02:00,A0025010500,A25,76.0,620
2026-10-10T04:21:02Z,2026-10-10T06:12:00.000+02:00,A0022020901,A22,88.0,460
2026-10-10T04:21:02Z,2026-10-10T06:12:00.000+02:00,A0022020902,A22,88.0,360
2026-10-10T04:21:02Z,2026-10-10T06:12:00.000+02:00,A0022021810,A22,85.0,560
2026-10-10T04:21:02Z,2026-10-10T06:12:00.000+02:00,N0356011100,N356,76.0,540
2026-10-10T04:21:02Z,2026-10-10T06:12:00.000+02:00,A0022021820,A22,85.0,560
2026-10-10T04:21:02Z,2026-10-10T06:12:00.000+02:00,N0356020802,N356,74.0,800
2026-10-10T04:21:02Z,2026-10-10T06:12:00.000+02:00,A0025020102,A25,70.0,360
2026-10-10T04:21:02Z,2026-10-10T06:12:00.000+02:00,A0023010100,A23,107.0,60
2026-10-10T04:21:02Z,2026-10-10T06:12:00.000+02:00,A0025022530,A25,114.0,280
2026-10-10T04:21:02Z,2026-10-10T06:12:00.000+02:00,A9001210200,A1 (bretelle),71.0,290
2026-10-10T04:21:02Z,2026-10-10T06:12:00.000+02:00,A0022010700,A22,76.0,260
2026-10-10T04:21:02Z,2026-10-10T06:12:00.000+02:00,N0041020400,N41,89.0,240
2026-10-10T04:21:02Z,2026-10-10T06:12:00.000+02:00,A0023020720,A23,105.0,400
2026-10-10T04:21:02Z,2026-10-10T06:12:00.000+02:00,A0022020500,A22,88.0,260
2026-10-10T04:21:02Z,2026-10-10T06:12:00.000+02:00,N93563b0150,N356 (bretelle),80.0,20
2026-10-10T04:21:02Z,2026-10-10T06:12:00.000+02:00,A0025020950,A25,91.0,1020
2026-10-10T04:21:02Z,2026-10-10T06:12:00.000+02:00,A0023020300,A23,93.0,450
2026-10-10T04:21:02Z,2026-10-10T06:12:00.000+02:00,A0001011000,A1,85.0,620
2026-10-10T04:21:02Z,2026-10-10T06:12:00.000+02:00,A0027020500,A27,87.0,150
2026-10-10T04:21:02Z,2026-10-10T06:12:00.000+02:00,N0356011500,N356,69.0,640
2026-10-10T04:21:02Z,2026-10-10T06:12:00.000+02:00,A0001010150,A1,98.0,830
2026-10-10T04:21:02Z,2026-10-10T06:12:00.000+02:00,N0356020400,N356,70.0,370
2026-10-10T04:21:02Z,2026-10-10T06:12:00.000+02:00,A0025010700,A25,76.0,410
2026-10-10T04:21:02Z,2026-10-10T06:12:00.000+02:00,A0002011230,A2,109.0,760
2026-10-10T04:21:02Z,2026-10-10T06:12:00.000+02:00,A0025020500,A25,74.0,690
2026-10-10T04:21:02Z,2026-10-10T06:12:00.000+02:00,A0002021290,A2,105.0,900
2026-10-10T04:21:02Z,2026-10-10T06:12:00.000+02:00,A0022011600,A22,5.0,310
2026-10-10T04:31:04Z,2026-10-10T06:24:00.000+02:00,A0001011200,A1,82.0,950
2026-10-10T04:31:04Z,2026-10-10T06:24:00.000+02:00,A0027010102,A27,81.0,420
2026-10-10T04:31:04Z,2026-10-10T06:24:00.000+02:00,N0041010100,N41,78.0,720
2026-10-10T04:31:04Z,2026-10-10T06:24:00.000+02:00,A0027010101,A27,81.0,420
2026-10-10T04:31:04Z,2026-10-10T06:24:00.000+02:00,A9022010250,A22 (rocade),94.0,110
2026-10-10T04:31:04Z,2026-10-10T06:24:00.000+02:00,A0001020150,A1,101.0,1000
2026-10-10T04:31:04Z,2026-10-10T06:24:00.000+02:00,N0356011700,N356,77.0,830
2026-10-10T04:31:04Z,2026-10-10T06:24:00.000+02:00,N0356021300,N356,69.0,1090
2026-10-10T04:31:04Z,2026-10-10T06:24:00.000+02:00,A0022011400,A22,78.0,190
2026-10-10T04:31:04Z,2026-10-10T06:24:00.000+02:00,A0027010300,A27,90.0,270
2026-10-10T04:31:04Z,2026-10-10T06:24:00.000+02:00,A9022020250,A22 (rocade),62.0,160
2026-10-10T04:31:04Z,2026-10-10T06:24:00.000+02:00,N0041010300,N41,85.0,670
2026-10-10T04:31:04Z,2026-10-10T06:24:00.000+02:00,A0022011210,A22,79.0,120
2026-10-10T04:31:04Z,2026-10-10T06:24:00.000+02:00,A0027020100,A27,70.0,240
2026-10-10T04:31:04Z,2026-10-10T06:24:00.000+02:00,A0001010300,A1,109.0,970
2026-10-10T04:31:04Z,2026-10-10T06:24:00.000+02:00,A0022011220,A22,79.0,120
2026-10-10T04:31:04Z,2026-10-10T06:24:00.000+02:00,A9022101110,A22 (rocade),80.0,430
2026-10-10T04:31:04Z,2026-10-10T06:24:00.000+02:00,A0022022110,A22,91.0,840
2026-10-10T04:31:04Z,2026-10-10T06:24:00.000+02:00,A0001011420,A1,87.0,740
2026-10-10T04:31:04Z,2026-10-10T06:24:00.000+02:00,N0356010800,N356,74.0,850
2026-10-10T04:31:04Z,2026-10-10T06:24:00.000+02:00,A9001210710,A1 (bretelle),78.0,250
2026-10-10T04:31:04Z,2026-10-10T06:24:00.000+02:00,N0356021110,N356,74.0,1210
2026-10-10T04:31:04Z,2026-10-10T06:24:00.000+02:00,A0001010510,A1,109.0,980
2026-10-10T04:31:04Z,2026-10-10T06:24:00.000+02:00,N0356021122,N356,68.0,1160
2026-10-10T04:31:04Z,2026-10-10T06:24:00.000+02:00,N0356021121,N356,74.0,1210
2026-10-10T04:31:04Z,2026-10-10T06:24:00.000+02:00,A0025010210,A25,81.0,1050
2026-10-10T04:31:04Z,2026-10-10T06:24:00.000+02:00,A0025011300,A25,88.0,340
2026-10-10T04:31:04Z,2026-10-10T06:24:00.000+02:00,A0001020300,A1,102.0,970
2026-10-10T04:31:04Z,2026-10-10T06:24:00.000+02:00,A0025021100,A25,89.0,890
2026-10-10T04:31:04Z,2026-10-10T06:24:00.000+02:00,A0025023520,A25,106.0,180
2026-10-10T04:31:04Z,2026-10-10T06:24:00.000+02:00,A0022022130,A22,103.0,800
2026-10-10T04:31:04Z,2026-10-10T06:24:00.000+02:00,A0025010220,A25,81.0,1050
2026-10-10T04:31:04Z,2026-10-10T06:24:00.000+02:00,A0022022120,A22,94.0,870
2026-10-10T04:31:04Z,2026-10-10T06:24:00.000+02:00,A0001010520,A1,98.0,990
2026-10-10T04:31:04Z,2026-10-10T06:24:00.000+02:00,A0022011000,A22,75.0,500
2026-10-10T04:31:04Z,2026-10-10T06:24:00.000+02:00,A0001020510,A1,102.0,1010
2026-10-10T04:31:04Z,2026-10-10T06:24:00.000+02:00,A0001021602,A1,87.0,1420
2026-10-10T04:31:04Z,2026-10-10T06:24:00.000+02:00,A22TC020222,A22 (contournement),86.0,300
2026-10-10T04:31:04Z,2026-10-10T06:24:00.000+02:00,A0001010940,A1,94.0,1120
2026-10-10T04:31:04Z,2026-10-10T06:24:00.000+02:00,A0025023320,A25,109.0,350
2026-10-10T04:31:04Z,2026-10-10T06:24:00.000+02:00,A0001020520,A1,99.0,1030
2026-10-10T04:31:04Z,2026-10-10T06:24:00.000+02:00,A0025023100,A25,104.0,400
2026-10-10T04:31:04Z,2026-10-10T06:24:00.000+02:00,A22TC020230,A22 (contournement),86.0,300
2026-10-10T04:31:04Z,2026-10-10T06:24:00.000+02:00,A0025021730,A25,89.0,1050
2026-10-10T04:31:04Z,2026-10-10T06:24:00.000+02:00,A0025023910,A25,110.0,170
2026-10-10T04:31:04Z,2026-10-10T06:24:00.000+02:00,A0025021735,A25,103.0,990
2026-10-10T04:31:04Z,2026-10-10T06:24:00.000+02:00,A0023010400,A23,106.0,280
2026-10-10T04:31:04Z,2026-10-10T06:24:00.000+02:00,A0022021900,A22,87.0,680
2026-10-10T04:31:04Z,2026-10-10T06:24:00.000+02:00,A9022100500,A22 (rocade),83.0,390
2026-10-10T04:31:04Z,2026-10-10T06:24:00.000+02:00,A0001020940,A1,88.0,1050
2026-10-10T04:31:04Z,2026-10-10T06:24:00.000+02:00,A0001020700,A1,95.0,870
2026-10-10T04:31:04Z,2026-10-10T06:24:00.000+02:00,A9022020830,A22 (rocade),89.0,80
2026-10-10T04:31:04Z,2026-10-10T06:24:00.000+02:00,A9022020822,A22 (rocade),93.0,330
2026-10-10T04:31:04Z,2026-10-10T06:24:00.000+02:00,A9022020821,A22 (rocade),93.0,330
2026-10-10T04:31:04Z,2026-10-10T06:24:00.000+02:00,A0025020420,A25,75.0,910
2026-10-10T04:31:04Z,2026-10-10T06:24:00.000+02:00,A0025021510,A25,100.0,640
2026-10-10T04:31:04Z,2026-10-10T06:24:00.000+02:00,N0227010100,N227,66.0,130
2026-10-10T04:31:04Z,2026-10-10T06:24:00.000+02:00,A0025011720,A25,97.0,590
2026-10-10T04:31:04Z,2026-10-10T06:24:00.000+02:00,A0025021760,A25,89.0,970
2026-10-10T04:31:04Z,2026-10-10T06:24:00.000+02:00,A0025011730,A25,87.0,610
2026-10-10T04:31:04Z,2026-10-10T06:24:00.000+02:00,A0025011735,A25,100.0,580
2026-10-10T04:31:04Z,2026-10-10T06:24:00.000+02:00,A9025080700,A25 (bretelle),,230
2026-10-10T04:31:04Z,2026-10-10T06:24:00.000+02:00,A9022100930,A22 (rocade),69.0,30
2026-10-10T04:31:04Z,2026-10-10T06:24:00.000+02:00,N0356011220,N356,72.0,820
2026-10-10T04:31:04Z,2026-10-10T06:24:00.000+02:00,A0025011740,A25,86.0,550
2026-10-10T04:31:04Z,2026-10-10T06:24:00.000+02:00,A0025010410,A25,70.0,860
2026-10-10T04:31:04Z,2026-10-10T06:24:00.000+02:00,A0023010200,A23,92.0,270
2026-10-10T04:31:04Z,2026-10-10T06:24:00.000+02:00,A9001210120,A1 (bretelle),81.0,140
2026-10-10T04:31:04Z,2026-10-10T06:24:00.000+02:00,A0025020210,A25,79.0,1070
2026-10-10T04:31:04Z,2026-10-10T06:24:00.000+02:00,N0356011210,N356,72.0,820
2026-10-10T04:31:04Z,2026-10-10T06:24:00.000+02:00,A0025011510,A25,86.0,350
2026-10-10T04:31:04Z,2026-10-10T06:24:00.000+02:00,A0025020220,A25,79.0,1070
2026-10-10T04:31:04Z,2026-10-10T06:24:00.000+02:00,N0227010302,N227,82.0,350
2026-10-10T04:31:04Z,2026-10-10T06:24:00.000+02:00,N0041010500,N41,94.0,550
2026-10-10T04:31:04Z,2026-10-10T06:24:00.000+02:00,N0227020101,N227,90.0,560
2026-10-10T04:31:04Z,2026-10-10T06:24:00.000+02:00,A9022100110,A22 (rocade),65.0,180
2026-10-10T04:31:04Z,2026-10-10T06:24:00.000+02:00,A0022010400,A22,69.0,460
2026-10-10T04:31:04Z,2026-10-10T06:24:00.000+02:00,N0356010302,N356,76.0,1240
2026-10-10T04:31:04Z,2026-10-10T06:24:00.000+02:00,A0025010800,A25,87.0,270
2026-10-10T04:31:04Z,2026-10-10T06:24:00.000+02:00,A0027020621,A27,95.0,260
2026-10-10T04:31:04Z,2026-10-10T06:24:00.000+02:00,N0041010700,N41,98.0,140
2026-10-10T04:31:04Z,2026-10-10T06:24:00.000+02:00,A0027020630,A27,98.0,270
2026-10-10T04:31:04Z,2026-10-10T06:24:00.000+02:00,A0022021512,A22,82.0,720
2026-10-10T04:31:04Z,2026-10-10T06:24:00.000+02:00,A0022021511,A22,82.0,720
2026-10-10T04:31:04Z,2026-10-10T06:24:00.000+02:00,A0027020610,A27,95.0,260
2026-10-10T04:31:04Z,2026-10-10T06:24:00.000+02:00,A0025021720,A25,99.0,1090
2026-10-10T04:31:04Z,2026-10-10T06:24:00.000+02:00,A0022021520,A22,82.0,720
2026-10-10T04:31:04Z,2026-10-10T06:24:00.000+02:00,A0025022140,A25,110.0,820
2026-10-10T04:31:04Z,2026-10-10T06:24:00.000+02:00,A0022011302,A22,76.0,400
2026-10-10T04:31:04Z,2026-10-10T06:24:00.000+02:00,A0025022160,A25,109.0,770
2026-10-10T04:31:04Z,2026-10-10T06:24:00.000+02:00,A0027010201,A27,94.0,400
2026-10-10T04:31:04Z,2026-10-10T06:24:00.000+02:00,A0027010202,A27,81.0,130
2026-10-10T04:31:04Z,2026-10-10T06:24:00.000+02:00,N9227110110,N227 (bretelle),77.0,200
2026-10-10T04:31:04Z,2026-10-10T06:24:00.000+02:00,A0025012130,A25,86.0,340
2026-10-10T04:31:04Z,2026-10-10T06:24:00.000+02:00,A0027010210,A27,81.0,130
2026-10-10T04:31:04Z,2026-10-10T06:24:00.000+02:00,A0025011050,A25,94.0,210
2026-10-10T04:31:04Z,2026-10-10T06:24:00.000+02:00,A0025012140,A25,6.0,70
2026-10-10T04:31:04Z,2026-10-10T06:24:00.000+02:00,A0027010421,A27,99.0,280
2026-10-10T04:31:04Z,2026-10-10T06:24:00.000+02:00,A0022012420,A22,95.0,610
2026-10-10T04:31:04Z,2026-10-10T06:24:00.000+02:00,A0027010430,A27,105.0,310
2026-10-10T04:31:04Z,2026-10-10T06:24:00.000+02:00,A0023020710,A23,109.0,300
2026-10-10T04:31:04Z,2026-10-10T06:24:00.000+02:00,A0022012430,A22,92.0,620
2026-10-10T04:31:04Z,2026-10-10T06:24:00.000+02:00,A0025012160,A25,121.0,300
2026-10-10T04:31:04Z,2026-10-10T06:24:00.000+02:00,A9022021200,A22 (rocade),62.0,40
2026-10-10T04:31:04Z,2026-10-10T06:24:00.000+02:00,A0001021100,A1,88.0,1040
2026-10-10T04:31:04Z,2026-10-10T06:24:00.000+02:00,A9022101000,A22 (rocade),,140
2026-10-10T04:31:04Z,2026-10-10T06:24:00.000+02:00,A0025013020,A25,104.0,420
2026-10-10T04:31:04Z,2026-10-10T06:24:00.000+02:00,A0027010410,A27,99.0,280
2026-10-10T04:31:04Z,2026-10-10T06:24:00.000+02:00,A0022012410,A22,94.0,650
2026-10-10T04:31:04Z,2026-10-10T06:24:00.000+02:00,A0001A20112,A1,94.0,480
2026-10-10T04:31:04Z,2026-10-10T06:24:00.000+02:00,A0001A20111,A1,87.0,290
2026-10-10T04:31:04Z,2026-10-10T06:24:00.000+02:00,A0001021521,A1,86.0,860
2026-10-10T04:31:04Z,2026-10-10T06:24:00.000+02:00,A0025022540,A25,110.0,560
2026-10-10T04:31:04Z,2026-10-10T06:24:00.000+02:00,A0025022300,A25,115.0,430
2026-10-10T04:31:04Z,2026-10-10T06:24:00.000+02:00,N0356021000,N356,75.0,1200
2026-10-10T04:31:04Z,2026-10-10T06:24:00.000+02:00,A22TC010102,A22 (contournement),84.0,260
2026-10-10T04:31:04Z,2026-10-10T06:24:00.000+02:00,A0001011503,A1,89.0,1190
2026-10-10T04:31:04Z,2026-10-10T06:24:00.000+02:00,A0022012200,A22,80.0,550
2026-10-10T04:31:04Z,2026-10-10T06:24:00.000+02:00,A0001A20120,A1,94.0,430
2026-10-10T04:31:04Z,2026-10-10T06:24:00.000+02:00,A22TC020102,A22 (contournement),91.0,480
2026-10-10T04:31:04Z,2026-10-10T06:24:00.000+02:00,A22TC010300,A22 (contournement),87.0,510
2026-10-10T04:31:04Z,2026-10-10T06:24:00.000+02:00,A0022012010,A22,79.0,500
2026-10-10T04:31:04Z,2026-10-10T06:24:00.000+02:00,A0022012020,A22,79.0,500
2026-10-10T04:31:04Z,2026-10-10T06:24:00.000+02:00,A0025022130,A25,126.0,890
2026-10-10T04:31:04Z,2026-10-10T06:24:00.000+02:00,A0023010520,A23,108.0,290
2026-10-10T04:31:04Z,2026-10-10T06:24:00.000+02:00,N0041020800,N41,94.0,220
2026-10-10T04:31:04Z,2026-10-10T06:24:00.000+02:00,A0025010500,A25,72.0,310
2026-10-10T04:31:04Z,2026-10-10T06:24:00.000+02:00,A0022020901,A22,90.0,420
2026-10-10T04:31:04Z,2026-10-10T06:24:00.000+02:00,A0022020902,A22,90.0,270
2026-10-10T04:31:04Z,2026-10-10T06:24:00.000+02:00,A0022021810,A22,86.0,640
2026-10-10T04:31:04Z,2026-10-10T06:24:00.000+02:00,N0356011100,N356,72.0,800
2026-10-10T04:31:04Z,2026-10-10T06:24:00.000+02:00,A0022021820,A22,86.0,640
2026-10-10T04:31:04Z,2026-10-10T06:24:00.000+02:00,N0356020802,N356,75.0,1240
2026-10-10T04:31:04Z,2026-10-10T06:24:00.000+02:00,A0025020102,A25,70.0,370
2026-10-10T04:31:04Z,2026-10-10T06:24:00.000+02:00,A0023010100,A23,107.0,50
2026-10-10T04:31:04Z,2026-10-10T06:24:00.000+02:00,A0025022530,A25,112.0,510
2026-10-10T04:31:04Z,2026-10-10T06:24:00.000+02:00,A9001210200,A1 (bretelle),71.0,330
2026-10-10T04:31:04Z,2026-10-10T06:24:00.000+02:00,A0022010700,A22,77.0,420
2026-10-10T04:31:04Z,2026-10-10T06:24:00.000+02:00,N0041020400,N41,89.0,240
2026-10-10T04:31:04Z,2026-10-10T06:24:00.000+02:00,A0023020720,A23,111.0,290
2026-10-10T04:31:04Z,2026-10-10T06:24:00.000+02:00,A0022020500,A22,90.0,260
2026-10-10T04:31:04Z,2026-10-10T06:24:00.000+02:00,N93563b0150,N356 (bretelle),67.0,10
2026-10-10T04:31:04Z,2026-10-10T06:24:00.000+02:00,A0025020950,A25,89.0,1410
2026-10-10T04:31:04Z,2026-10-10T06:24:00.000+02:00,A0023020300,A23,87.0,320
2026-10-10T04:31:04Z,2026-10-10T06:24:00.000+02:00,A0001011000,A1,85.0,950
2026-10-10T04:31:04Z,2026-10-10T06:24:00.000+02:00,A0027020500,A27,90.0,270
2026-10-10T04:31:04Z,2026-10-10T06:24:00.000+02:00,N0356011500,N356,66.0,860
2026-10-10T04:31:04Z,2026-10-10T06:24:00.000+02:00,A0001010150,A1,98.0,980
2026-10-10T04:31:04Z,2026-10-10T06:24:00.000+02:00,N0356020400,N356,71.0,470
2026-10-10T04:31:04Z,2026-10-10T06:24:00.000+02:00,A0025010700,A25,72.0,300
2026-10-10T04:31:04Z,2026-10-10T06:24:00.000+02:00,A0002011230,A2,107.0,690
2026-10-10T04:31:04Z,2026-10-10T06:24:00.000+02:00,A0025020500,A25,76.0,720
2026-10-10T04:31:04Z,2026-10-10T06:24:00.000+02:00,A0002021290,A2,106.0,750
2026-10-10T04:31:04Z,2026-10-10T06:24:00.000+02:00,A0022011600,A22,2.0,520
2026-10-10T04:41:06Z,2026-10-10T06:30:00.000+02:00,A0001011200,A1,81.0,880
2026-10-10T04:41:06Z,2026-10-10T06:30:00.000+02:00,A0027010102,A27,82.0,610
2026-10-10T04:41:06Z,2026-10-10T06:30:00.000+02:00,N0041010100,N41,76.0,660
2026-10-10T04:41:06Z,2026-10-10T06:30:00.000+02:00,A0027010101,A27,82.0,610
2026-10-10T04:41:06Z,2026-10-10T06:30:00.000+02:00,A9022010250,A22 (rocade),90.0,90
2026-10-10T04:41:06Z,2026-10-10T06:30:00.000+02:00,A0001020150,A1,102.0,1160
2026-10-10T04:41:06Z,2026-10-10T06:30:00.000+02:00,N0356011700,N356,77.0,500
2026-10-10T04:41:06Z,2026-10-10T06:30:00.000+02:00,N0356021300,N356,67.0,730
2026-10-10T04:41:06Z,2026-10-10T06:30:00.000+02:00,A0022011400,A22,77.0,90
2026-10-10T04:41:06Z,2026-10-10T06:30:00.000+02:00,A0027010300,A27,88.0,260
2026-10-10T04:41:06Z,2026-10-10T06:30:00.000+02:00,A9022020250,A22 (rocade),72.0,270
2026-10-10T04:41:06Z,2026-10-10T06:30:00.000+02:00,N0041010300,N41,83.0,550
2026-10-10T04:41:06Z,2026-10-10T06:30:00.000+02:00,A0022011210,A22,77.0,50
2026-10-10T04:41:06Z,2026-10-10T06:30:00.000+02:00,A0027020100,A27,72.0,160
2026-10-10T04:41:06Z,2026-10-10T06:30:00.000+02:00,A0001010300,A1,106.0,1050
2026-10-10T04:41:06Z,2026-10-10T06:30:00.000+02:00,A0022011220,A22,77.0,50
2026-10-10T04:41:06Z,2026-10-10T06:30:00.000+02:00,A9022101110,A22 (rocade),83.0,310
2026-10-10T04:41:06Z,2026-10-10T06:30:00.000+02:00,A0022022110,A22,89.0,1070
2026-10-10T04:41:06Z,2026-10-10T06:30:00.000+02:00,A0001011420,A1,85.0,840
2026-10-10T04:41:06Z,2026-10-10T06:30:00.000+02:00,N0356010800,N356,71.0,700
2026-10-10T04:41:06Z,2026-10-10T06:30:00.000+02:00,A9001210710,A1 (bretelle),69.0,120
2026-10-10T04:41:06Z,2026-10-10T06:30:00.000+02:00,N0356021110,N356,74.0,890
2026-10-10T04:41:06Z,2026-10-10T06:30:00.000+02:00,A0001010510,A1,106.0,1020
2026-10-10T04:41:06Z,2026-10-10T06:30:00.000+02:00,N0356021122,N356,66.0,850
2026-10-10T04:41:06Z,2026-10-10T06:30:00.000+02:00,N0356021121,N356,74.0,890
2026-10-10T04:41:06Z,2026-10-10T06:30:00.000+02:00,A0025010210,A25,79.0,1230
2026-10-10T04:41:06Z,2026-10-10T06:30:00.000+02:00,A0025011300,A25,85.0,320
2026-10-10T04:41:06Z,2026-10-10T06:30:00.000+02:00,A0001020300,A1,102.0,1100
2026-10-10T04:41:06Z,2026-10-10T06:30:00.000+02:00,A0025021100,A25,91.0,960
2026-10-10T04:41:06Z,2026-10-10T06:30:00.000+02:00,A0025023520,A25,116.0,240
2026-10-10T04:41:06Z,2026-10-10T06:30:00.000+02:00,A0022022130,A22,101.0,970
2026-10-10T04:41:06Z,2026-10-10T06:30:00.000+02:00,A0025010220,A25,79.0,1230
2026-10-10T04:41:06Z,2026-10-10T06:30:00.000+02:00,A0022022120,A22,91.0,1030
2026-10-10T04:41:06Z,2026-10-10T06:30:00.000+02:00,A0001010520,A1,99.0,1080
2026-10-10T04:41:06Z,2026-10-10T06:30:00.000+02:00,A0022011000,A22,77.0,440
2026-10-10T04:41:06Z,2026-10-10T06:30:00.000+02:00,A0001020510,A1,101.0,1150
2026-10-10T04:41:06Z,2026-10-10T06:30:00.000+02:00,A0001021602,A1,85.0,1190
2026-10-10T04:41:06Z,2026-10-10T06:30:00.000+02:00,A22TC020222,A22 (contournement),88.0,460
2026-10-10T04:41:06Z,2026-10-10T06:30:00.000+02:00,A0001010940,A1,97.0,1010
2026-10-10T04:41:06Z,2026-10-10T06:30:00.000+02:00,A0025023320,A25,116.0,430
2026-10-10T04:41:06Z,2026-10-10T06:30:00.000+02:00,A0001020520,A1,96.0,1190
2026-10-10T04:41:06Z,2026-10-10T06:30:00.000+02:00,A0025023100,A25,115.0,340
2026-10-10T04:41:06Z,2026-10-10T06:30:00.000+02:00,A22TC020230,A22 (contournement),88.0,460
2026-10-10T04:41:06Z,2026-10-10T06:30:00.000+02:00,A0025021730,A25,92.0,1010
2026-10-10T04:41:06Z,2026-10-10T06:30:00.000+02:00,A0025023910,A25,117.0,230
2026-10-10T04:41:06Z,2026-10-10T06:30:00.000+02:00,A0025021735,A25,105.0,990
2026-10-10T04:41:06Z,2026-10-10T06:30:00.000+02:00,A0023010400,A23,102.0,150
2026-10-10T04:41:06Z,2026-10-10T06:30:00.000+02:00,A0022021900,A22,81.0,920
2026-10-10T04:41:06Z,2026-10-10T06:30:00.000+02:00,A9022100500,A22 (rocade),79.0,290
2026-10-10T04:41:06Z,2026-10-10T06:30:00.000+02:00,A0001020940,A1,91.0,1280
2026-10-10T04:41:06Z,2026-10-10T06:30:00.000+02:00,A0001020700,A1,91.0,1040
2026-10-10T04:41:06Z,2026-10-10T06:30:00.000+02:00,A9022020830,A22 (rocade),85.0,70
2026-10-10T04:41:06Z,2026-10-10T06:30:00.000+02:00,A9022020822,A22 (rocade),80.0,330
2026-10-10T04:41:06Z,2026-10-10T06:30:00.000+02:00,A9022020821,A22 (rocade),80.0,330
2026-10-10T04:41:06Z,2026-10-10T06:30:00.000+02:00,A0025020420,A25,74.0,1170
2026-10-10T04:41:06Z,2026-10-10T06:30:00.000+02:00,A0025021510,A25,99.0,670
2026-10-10T04:41:06Z,2026-10-10T06:30:00.000+02:00,N0227010100,N227,67.0,280
2026-10-10T04:41:06Z,2026-10-10T06:30:00.000+02:00,A0025011720,A25,98.0,340
2026-10-10T04:41:06Z,2026-10-10T06:30:00.000+02:00,A0025021760,A25,90.0,1010
2026-10-10T04:41:06Z,2026-10-10T06:30:00.000+02:00,A0025011730,A25,87.0,330
2026-10-10T04:41:06Z,2026-10-10T06:30:00.000+02:00,A0025011735,A25,103.0,330
2026-10-10T04:41:06Z,2026-10-10T06:30:00.000+02:00,A9025080700,A25 (bretelle),,210
2026-10-10T04:41:06Z,2026-10-10T06:30:00.000+02:00,A9022100930,A22 (rocade),58.0,30
2026-10-10T04:41:06Z,2026-10-10T06:30:00.000+02:00,N0356011220,N356,74.0,470
2026-10-10T04:41:06Z,2026-10-10T06:30:00.000+02:00,A0025011740,A25,88.0,390
2026-10-10T04:41:06Z,2026-10-10T06:30:00.000+02:00,A0025010410,A25,73.0,1070
2026-10-10T04:41:06Z,2026-10-10T06:30:00.000+02:00,A0023010200,A23,92.0,180
2026-10-10T04:41:06Z,2026-10-10T06:30:00.000+02:00,A9001210120,A1 (bretelle),79.0,160
2026-10-10T04:41:06Z,2026-10-10T06:30:00.000+02:00,A0025020210,A25,75.0,1290
2026-10-10T04:41:06Z,2026-10-10T06:30:00.000+02:00,N0356011210,N356,74.0,470
2026-10-10T04:41:06Z,2026-10-10T06:30:00.000+02:00,A0025011510,A25,83.0,320
2026-10-10T04:41:06Z,2026-10-10T06:30:00.000+02:00,A0025020220,A25,75.0,1290
2026-10-10T04:41:06Z,2026-10-10T06:30:00.000+02:00,N0227010302,N227,77.0,540
2026-10-10T04:41:06Z,2026-10-10T06:30:00.000+02:00,N0041010500,N41,103.0,440
2026-10-10T04:41:06Z,2026-10-10T06:30:00.000+02:00,N0227020101,N227,87.0,610
2026-10-10T04:41:06Z,2026-10-10T06:30:00.000+02:00,A9022100110,A22 (rocade),66.0,170
2026-10-10T04:41:06Z,2026-10-10T06:30:00.000+02:00,A0022010400,A22,75.0,420
2026-10-10T04:41:06Z,2026-10-10T06:30:00.000+02:00,N0356010302,N356,77.0,1180
2026-10-10T04:41:06Z,2026-10-10T06:30:00.000+02:00,A0025010800,A25,91.0,500
2026-10-10T04:41:06Z,2026-10-10T06:30:00.000+02:00,A0027020621,A27,92.0,350
2026-10-10T04:41:06Z,2026-10-10T06:30:00.000+02:00,N0041010700,N41,102.0,80
2026-10-10T04:41:06Z,2026-10-10T06:30:00.000+02:00,A0027020630,A27,92.0,360
2026-10-10T04:41:06Z,2026-10-10T06:30:00.000+02:00,A0022021512,A22,78.0,700
2026-10-10T04:41:06Z,2026-10-10T06:30:00.000+02:00,A0022021511,A22,79.0,700
2026-10-10T04:41:06Z,2026-10-10T06:30:00.000+02:00,A0027020610,A27,92.0,350
2026-10-10T04:41:06Z,2026-10-10T06:30:00.000+02:00,A0025021720,A25,104.0,920
2026-10-10T04:41:06Z,2026-10-10T06:30:00.000+02:00,A0022021520,A22,78.0,700
2026-10-10T04:41:06Z,2026-10-10T06:30:00.000+02:00,A0025022140,A25,111.0,800
2026-10-10T04:41:06Z,2026-10-10T06:30:00.000+02:00,A0022011302,A22,73.0,290
2026-10-10T04:41:06Z,2026-10-10T06:30:00.000+02:00,A0025022160,A25,107.0,790
2026-10-10T04:41:06Z,2026-10-10T06:30:00.000+02:00,A0027010201,A27,89.0,380
2026-10-10T04:41:06Z,2026-10-10T06:30:00.000+02:00,A0027010202,A27,58.0,140
2026-10-10T04:41:06Z,2026-10-10T06:30:00.000+02:00,N9227110110,N227 (bretelle),79.0,200
2026-10-10T04:41:06Z,2026-10-10T06:30:00.000+02:00,A0025012130,A25,104.0,280
2026-10-10T04:41:06Z,2026-10-10T06:30:00.000+02:00,A0027010210,A27,58.0,140
2026-10-10T04:41:06Z,2026-10-10T06:30:00.000+02:00,A0025011050,A25,103.0,260
2026-10-10T04:41:06Z,2026-10-10T06:30:00.000+02:00,A0025012140,A25,104.0,60
2026-10-10T04:41:06Z,2026-10-10T06:30:00.000+02:00,A0027010421,A27,95.0,300
2026-10-10T04:41:06Z,2026-10-10T06:30:00.000+02:00,A0022012420,A22,92.0,680
2026-10-10T04:41:06Z,2026-10-10T06:30:00.000+02:00,A0027010430,A27,98.0,320
2026-10-10T04:41:06Z,2026-10-10T06:30:00.000+02:00,A0023020710,A23,103.0,500
2026-10-10T04:41:06Z,2026-10-10T06:30:00.000+02:00,A0022012430,A22,89.0,650
2026-10-10T04:41:06Z,2026-10-10T06:30:00.000+02:00,A0025012160,A25,117.0,480
2026-10-10T04:41:06Z,2026-10-10T06:30:00.000+02:00,A9022021200,A22 (rocade),65.0,40
2026-10-10T04:41:06Z,2026-10-10T06:30:00.000+02:00,A0001021100,A1,90.0,1130
2026-10-10T04:41:06Z,2026-10-10T06:30:00.000+02:00,A9022101000,A22 (rocade),81.0,120
2026-10-10T04:41:06Z,2026-10-10T06:30:00.000+02:00,A0025013020,A25,106.0,420
2026-10-10T04:41:06Z,2026-10-10T06:30:00.000+02:00,A0027010410,A27,95.0,300
2026-10-10T04:41:06Z,2026-10-10T06:30:00.000+02:00,A0022012410,A22,93.0,650
2026-10-10T04:41:06Z,2026-10-10T06:30:00.000+02:00,A0001A20112,A1,92.0,470
2026-10-10T04:41:06Z,2026-10-10T06:30:00.000+02:00,A0001A20111,A1,82.0,240
2026-10-10T04:41:06Z,2026-10-10T06:30:00.000+02:00,A0001021521,A1,85.0,870
2026-10-10T04:41:06Z,2026-10-10T06:30:00.000+02:00,A0025022540,A25,109.0,460
2026-10-10T04:41:06Z,2026-10-10T06:30:00.000+02:00,A0025022300,A25,110.0,400
2026-10-10T04:41:06Z,2026-10-10T06:30:00.000+02:00,N0356021000,N356,74.0,830
2026-10-10T04:41:06Z,2026-10-10T06:30:00.000+02:00,A22TC010102,A22 (contournement),87.0,330
2026-10-10T04:41:06Z,2026-10-10T06:30:00.000+02:00,A0001011503,A1,89.0,1360
2026-10-10T04:41:06Z,2026-10-10T06:30:00.000+02:00,A0022012200,A22,84.0,650
2026-10-10T04:41:06Z,2026-10-10T06:30:00.000+02:00,A0001A20120,A1,93.0,450
2026-10-10T04:41:06Z,2026-10-10T06:30:00.000+02:00,A22TC020102,A22 (contournement),87.0,490
2026-10-10T04:41:06Z,2026-10-10T06:30:00.000+02:00,A22TC010300,A22 (contournement),86.0,410
2026-10-10T04:41:06Z,2026-10-10T06:30:00.000+02:00,A0022012010,A22,82.0,490
2026-10-10T04:41:06Z,2026-10-10T06:30:00.000+02:00,A0022012020,A22,82.0,490
2026-10-10T04:41:06Z,2026-10-10T06:30:00.000+02:00,A0025022130,A25,125.0,750
2026-10-10T04:41:06Z,2026-10-10T06:30:00.000+02:00,A0023010520,A23,111.0,200
2026-10-10T04:41:06Z,2026-10-10T06:30:00.000+02:00,N0041020800,N41,92.0,280
2026-10-10T04:41:06Z,2026-10-10T06:30:00.000+02:00,A0025010500,A25,71.0,640
2026-10-10T04:41:06Z,2026-10-10T06:30:00.000+02:00,A0022020901,A22,102.0,300
2026-10-10T04:41:06Z,2026-10-10T06:30:00.000+02:00,A0022020902,A22,102.0,180
2026-10-10T04:41:06Z,2026-10-10T06:30:00.000+02:00,A0022021810,A22,80.0,710
2026-10-10T04:41:06Z,2026-10-10T06:30:00.000+02:00,N0356011100,N356,72.0,450
2026-10-10T04:41:06Z,2026-10-10T06:30:00.000+02:00,A0022021820,A22,80.0,710
2026-10-10T04:41:06Z,2026-10-10T06:30:00.000+02:00,N0356020802,N356,77.0,880
2026-10-10T04:41:06Z,2026-10-10T06:30:00.000+02:00,A0025020102,A25,68.0,330
2026-10-10T04:41:06Z,2026-10-10T06:30:00.000+02:00,A0023010100,A23,107.0,20
2026-10-10T04:41:06Z,2026-10-10T06:30:00.000+02:00,A0025022530,A25,111.0,470
2026-10-10T04:41:06Z,2026-10-10T06:30:00.000+02:00,A9001210200,A1 (bretelle),68.0,410
2026-10-10T04:41:06Z,2026-10-10T06:30:00.000+02:00,A0022010700,A22,80.0,360
2026-10-10T04:41:06Z,2026-10-10T06:30:00.000+02:00,N0041020400,N41,88.0,300
2026-10-10T04:41:06Z,2026-10-10T06:30:00.000+02:00,A0023020720,A23,109.0,500
2026-10-10T04:41:06Z,2026-10-10T06:30:00.000+02:00,A0022020500,A22,102.0,200
2026-10-10T04:41:06Z,2026-10-10T06:30:00.000+02:00,N93563b0150,N356 (bretelle),77.0,10
2026-10-10T04:41:06Z,2026-10-10T06:30:00.000+02:00,A0025020950,A25,92.0,1730
2026-10-10T04:41:06Z,2026-10-10T06:30:00.000+02:00,A0023020300,A23,91.0,520
2026-10-10T04:41:06Z,2026-10-10T06:30:00.000+02:00,A0001011000,A1,85.0,930
2026-10-10T04:41:06Z,2026-10-10T06:30:00.000+02:00,A0027020500,A27,83.0,300
2026-10-10T04:41:06Z,2026-10-10T06:30:00.000+02:00,N0356011500,N356,70.0,560
2026-10-10T04:41:06Z,2026-10-10T06:30:00.000+02:00,A0001010150,A1,101.0,1080
2026-10-10T04:41:06Z,2026-10-10T06:30:00.000+02:00,N0356020400,N356,80.0,480
2026-10-10T04:41:06Z,2026-10-10T06:30:00.000+02:00,A0025010700,A25,75.0,420
2026-10-10T04:41:06Z,2026-10-10T06:30:00.000+02:00,A0002011230,A2,104.0,740
2026-10-10T04:41:06Z,2026-10-10T06:30:00.000+02:00,A0025020500,A25,72.0,1000
2026-10-10T04:41:06Z,2026-10-10T06:30:00.000+02:00,A0002021290,A2,104.0,730
2026-10-10T04:41:06Z,2026-10-10T06:30:00.000+02:00,A0022011600,A22,3.0,400
2026-10-10T04:51:03Z,2026-10-10T06:42:00.000+02:00,A0001011200,A1,82.0,960
2026-10-10T04:51:03Z,2026-10-10T06:42:00.000+02:00,A0027010102,A27,89.0,610
2026-10-10T04:51:03Z,2026-10-10T06:42:00.000+02:00,N0041010100,N41,77.0,770
2026-10-10T04:51:03Z,2026-10-10T06:42:00.000+02:00,A0027010101,A27,89.0,610
2026-10-10T04:51:03Z,2026-10-10T06:42:00.000+02:00,A9022010250,A22 (rocade),84.0,170
2026-10-10T04:51:03Z,2026-10-10T06:42:00.000+02:00,A0001020150,A1,99.0,950
2026-10-10T04:51:03Z,2026-10-10T06:42:00.000+02:00,N0356011700,N356,76.0,920
2026-10-10T04:51:03Z,2026-10-10T06:42:00.000+02:00,N0356021300,N356,70.0,950
2026-10-10T04:51:03Z,2026-10-10T06:42:00.000+02:00,A0022011400,A22,81.0,150
2026-10-10T04:51:03Z,2026-10-10T06:42:00.000+02:00,A0027010300,A27,91.0,310
2026-10-10T04:51:03Z,2026-10-10T06:42:00.000+02:00,A9022020250,A22 (rocade),73.0,200
2026-10-10T04:51:03Z,2026-10-10T06:42:00.000+02:00,N0041010300,N41,84.0,670
2026-10-10T04:51:03Z,2026-10-10T06:42:00.000+02:00,A0022011210,A22,85.0,90
2026-10-10T04:51:03Z,2026-10-10T06:42:00.000+02:00,A0027020100,A27,68.0,230
2026-10-10T04:51:03Z,2026-10-10T06:42:00.000+02:00,A0001010300,A1,97.0,1050
2026-10-10T04:51:03Z,2026-10-10T06:42:00.000+02:00,A0022011220,A22,85.0,90
2026-10-10T04:51:03Z,2026-10-10T06:42:00.000+02:00,A9022101110,A22 (rocade),78.0,400
2026-10-10T04:51:03Z,2026-10-10T06:42:00.000+02:00,A0022022110,A22,89.0,990
2026-10-10T04:51:03Z,2026-10-10T06:42:00.000+02:00,A0001011420,A1,86.0,690
2026-10-10T04:51:03Z,2026-10-10T06:42:00.000+02:00,N0356010800,N356,73.0,820
2026-10-10T04:51:03Z,2026-10-10T06:42:00.000+02:00,A9001210710,A1 (bretelle),74.0,330
2026-10-10T04:51:03Z,2026-10-10T06:42:00.000+02:00,N0356021110,N356,76.0,1070
2026-10-10T04:51:03Z,2026-10-10T06:42:00.000+02:00,A0001010510,A1,97.0,940
2026-10-10T04:51:03Z,2026-10-10T06:42:00.000+02:00,N0356021122,N356,67.0,1080
2026-10-10T04:51:03Z,2026-10-10T06:42:00.000+02:00,N0356021121,N356,76.0,1070
2026-10-10T04:51:03Z,2026-10-10T06:42:00.000+02:00,A0025010210,A25,76.0,1190
2026-10-10T04:51:03Z,2026-10-10T06:42:00.000+02:00,A0025011300,A25,81.0,320
2026-10-10T04:51:03Z,2026-10-10T06:42:00.000+02:00,A0001020300,A1,103.0,850
2026-10-10T04:51:03Z,2026-10-10T06:42:00.000+02:00,A0025021100,A25,93.0,700
2026-10-10T04:51:03Z,2026-10-10T06:42:00.000+02:00,A0025023520,A25,104.0,220
2026-10-10T04:51:03Z,2026-10-10T06:42:00.000+02:00,A0022022130,A22,103.0,910
2026-10-10T04:51:03Z,2026-10-10T06:42:00.000+02:00,A0025010220,A25,76.0,1190
2026-10-10T04:51:03Z,2026-10-10T06:42:00.000+02:00,A0022022120,A22,93.0,960
2026-10-10T04:51:03Z,2026-10-10T06:42:00.000+02:00,A0001010520,A1,99.0,1080
2026-10-10T04:51:03Z,2026-10-10T06:42:00.000+02:00,A0022011000,A22,91.0,550
2026-10-10T04:51:03Z,2026-10-10T06:42:00.000+02:00,A0001020510,A1,100.0,830
2026-10-10T04:51:03Z,2026-10-10T06:42:00.000+02:00,A0001021602,A1,86.0,1590
2026-10-10T04:51:03Z,2026-10-10T06:42:00.000+02:00,A22TC020222,A22 (contournement),78.0,500
2026-10-10T04:51:03Z,2026-10-10T06:42:00.000+02:00,A0001010940,A1,94.0,1020
2026-10-10T04:51:03Z,2026-10-10T06:42:00.000+02:00,A0025023320,A25,102.0,340
2026-10-10T04:51:03Z,2026-10-10T06:42:00.000+02:00,A0001020520,A1,100.0,920
2026-10-10T04:51:03Z,2026-10-10T06:42:00.000+02:00,A0025023100,A25,102.0,320
2026-10-10T04:51:03Z,2026-10-10T06:42:00.000+02:00,A22TC020230,A22 (contournement),78.0,500
2026-10-10T04:51:03Z,2026-10-10T06:42:00.000+02:00,A0025021730,A25,90.0,700
2026-10-10T04:51:03Z,2026-10-10T06:42:00.000+02:00,A0025023910,A25,112.0,220
2026-10-10T04:51:03Z,2026-10-10T06:42:00.000+02:00,A0025021735,A25,102.0,720
2026-10-10T04:51:03Z,2026-10-10T06:42:00.000+02:00,A0023010400,A23,99.0,340
2026-10-10T04:51:03Z,2026-10-10T06:42:00.000+02:00,A0022021900,A22,85.0,840
2026-10-10T04:51:03Z,2026-10-10T06:42:00.000+02:00,A9022100500,A22 (rocade),83.0,340
2026-10-10T04:51:03Z,2026-10-10T06:42:00.000+02:00,A0001020940,A1,92.0,1110
2026-10-10T04:51:03Z,2026-10-10T06:42:00.000+02:00,A0001020700,A1,98.0,770
2026-10-10T04:51:03Z,2026-10-10T06:42:00.000+02:00,A9022020830,A22 (rocade),89.0,110
2026-10-10T04:51:03Z,2026-10-10T06:42:00.000+02:00,A9022020822,A22 (rocade),87.0,520
2026-10-10T04:51:03Z,2026-10-10T06:42:00.000+02:00,A9022020821,A22 (rocade),87.0,520
2026-10-10T04:51:03Z,2026-10-10T06:42:00.000+02:00,A0025020420,A25,74.0,1210
2026-10-10T04:51:03Z,2026-10-10T06:42:00.000+02:00,A0025021510,A25,63.0,540
2026-10-10T04:51:03Z,2026-10-10T06:42:00.000+02:00,N0227010100,N227,65.0,200
2026-10-10T04:51:03Z,2026-10-10T06:42:00.000+02:00,A0025011720,A25,93.0,400
2026-10-10T04:51:03Z,2026-10-10T06:42:00.000+02:00,A0025021760,A25,90.0,710
2026-10-10T04:51:03Z,2026-10-10T06:42:00.000+02:00,A0025011730,A25,81.0,380
2026-10-10T04:51:03Z,2026-10-10T06:42:00.000+02:00,A0025011735,A25,93.0,400
2026-10-10T04:51:03Z,2026-10-10T06:42:00.000+02:00,A9025080700,A25 (bretelle),,140
2026-10-10T04:51:03Z,2026-10-10T06:42:00.000+02:00,A9022100930,A22 (rocade),78.0,70
2026-10-10T04:51:03Z,2026-10-10T06:42:00.000+02:00,N0356011220,N356,72.0,860
2026-10-10T04:51:03Z,2026-10-10T06:42:00.000+02:00,A0025011740,A25,80.0,400
2026-10-10T04:51:03Z,2026-10-10T06:42:00.000+02:00,A0025010410,A25,71.0,1050
2026-10-10T04:51:03Z,2026-10-10T06:42:00.000+02:00,A0023010200,A23,99.0,510
2026-10-10T04:51:03Z,2026-10-10T06:42:00.000+02:00,A9001210120,A1 (bretelle),78.0,120
2026-10-10T04:51:03Z,2026-10-10T06:42:00.000+02:00,A0025020210,A25,77.0,1410
2026-10-10T04:51:03Z,2026-10-10T06:42:00.000+02:00,N0356011210,N356,72.0,860
2026-10-10T04:51:03Z,2026-10-10T06:42:00.000+02:00,A0025011510,A25,85.0,290
2026-10-10T04:51:03Z,2026-10-10T06:42:00.000+02:00,A0025020220,A25,77.0,1410
2026-10-10T04:51:03Z,2026-10-10T06:42:00.000+02:00,N0227010302,N227,83.0,510
2026-10-10T04:51:03Z,2026-10-10T06:42:00.000+02:00,N0041010500,N41,101.0,520
2026-10-10T04:51:03Z,2026-10-10T06:42:00.000+02:00,N0227020101,N227,87.0,540
2026-10-10T04:51:03Z,2026-10-10T06:42:00.000+02:00,A9022100110,A22 (rocade),69.0,210
2026-10-10T04:51:03Z,2026-10-10T06:42:00.000+02:00,A0022010400,A22,76.0,550
2026-10-10T04:51:03Z,2026-10-10T06:42:00.000+02:00,N0356010302,N356,78.0,1280
2026-10-10T04:51:03Z,2026-10-10T06:42:00.000+02:00,A0025010800,A25,77.0,530
2026-10-10T04:51:03Z,2026-10-10T06:42:00.000+02:00,A0027020621,A27,95.0,230
2026-10-10T04:51:03Z,2026-10-10T06:42:00.000+02:00,N0041010700,N41,105.0,120
2026-10-10T04:51:03Z,2026-10-10T06:42:00.000+02:00,A0027020630,A27,95.0,210
2026-10-10T04:51:03Z,2026-10-10T06:42:00.000+02:00,A0022021512,A22,83.0,830
2026-10-10T04:51:03Z,2026-10-10T06:42:00.000+02:00,A0022021511,A22,84.0,800
2026-10-10T04:51:03Z,2026-10-10T06:42:00.000+02:00,A0027020610,A27,95.0,230
2026-10-10T04:51:03Z,2026-10-10T06:42:00.000+02:00,A0025021720,A25,102.0,740
2026-10-10T04:51:03Z,2026-10-10T06:42:00.000+02:00,A0022021520,A22,83.0,830
2026-10-10T04:51:03Z,2026-10-10T06:42:00.000+02:00,A0025022140,A25,111.0,580
2026-10-10T04:51:03Z,2026-10-10T06:42:00.000+02:00,A0022011302,A22,79.0,320
2026-10-10T04:51:03Z,2026-10-10T06:42:00.000+02:00,A0025022160,A25,104.0,600
2026-10-10T04:51:03Z,2026-10-10T06:42:00.000+02:00,A0027010201,A27,90.0,530
2026-10-10T04:51:03Z,2026-10-10T06:42:00.000+02:00,A0027010202,A27,89.0,210
2026-10-10T04:51:03Z,2026-10-10T06:42:00.000+02:00,N9227110110,N227 (bretelle),77.0,310
2026-10-10T04:51:03Z,2026-10-10T06:42:00.000+02:00,A0025012130,A25,106.0,230
2026-10-10T04:51:03Z,2026-10-10T06:42:00.000+02:00,A0027010210,A27,89.0,210
2026-10-10T04:51:03Z,2026-10-10T06:42:00.000+02:00,A0025011050,A25,92.0,250
2026-10-10T04:51:03Z,2026-10-10T06:42:00.000+02:00,A0025012140,A25,106.0,70
2026-10-10T04:51:03Z,2026-10-10T06:42:00.000+02:00,A0027010421,A27,94.0,330
2026-10-10T04:51:03Z,2026-10-10T06:42:00.000+02:00,A0022012420,A22,91.0,780
2026-10-10T04:51:03Z,2026-10-10T06:42:00.000+02:00,A0027010430,A27,99.0,320
2026-10-10T04:51:03Z,2026-10-10T06:42:00.000+02:00,A0023020710,A23,107.0,310
2026-10-10T04:51:03Z,2026-10-10T06:42:00.000+02:00,A0022012430,A22,88.0,760
2026-10-10T04:51:03Z,2026-10-10T06:42:00.000+02:00,A0025012160,A25,119.0,350
2026-10-10T04:51:03Z,2026-10-10T06:42:00.000+02:00,A9022021200,A22 (rocade),62.0,50
2026-10-10T04:51:03Z,2026-10-10T06:42:00.000+02:00,A0001021100,A1,89.0,1000
2026-10-10T04:51:03Z,2026-10-10T06:42:00.000+02:00,A9022101000,A22 (rocade),66.0,280
2026-10-10T04:51:03Z,2026-10-10T06:42:00.000+02:00,A0025013020,A25,105.0,360
2026-10-10T04:51:03Z,2026-10-10T06:42:00.000+02:00,A0027010410,A27,94.0,330
2026-10-10T04:51:03Z,2026-10-10T06:42:00.000+02:00,A0022012410,A22,92.0,810
2026-10-10T04:51:03Z,2026-10-10T06:42:00.000+02:00,A0001A20112,A1,91.0,540
2026-10-10T04:51:03Z,2026-10-10T06:42:00.000+02:00,A0001A20111,A1,79.0,240
2026-10-10T04:51:03Z,2026-10-10T06:42:00.000+02:00,A0001021521,A1,87.0,990
2026-10-10T04:51:03Z,2026-10-10T06:42:00.000+02:00,A0025022540,A25,106.0,400
2026-10-10T04:51:03Z,2026-10-10T06:42:00.000+02:00,A0025022300,A25,113.0,240
2026-10-10T04:51:03Z,2026-10-10T06:42:00.000+02:00,N0356021000,N356,77.0,940
2026-10-10T04:51:03Z,2026-10-10T06:42:00.000+02:00,A22TC010102,A22 (contournement),89.0,320
2026-10-10T04:51:03Z,2026-10-10T06:42:00.000+02:00,A0001011503,A1,87.0,1460
2026-10-10T04:51:03Z,2026-10-10T06:42:00.000+02:00,A0022012200,A22,82.0,760
2026-10-10T04:51:03Z,2026-10-10T06:42:00.000+02:00,A0001A20120,A1,87.0,600
2026-10-10T04:51:03Z,2026-10-10T06:42:00.000+02:00,A22TC020102,A22 (contournement),87.0,550
2026-10-10T04:51:03Z,2026-10-10T06:42:00.000+02:00,A22TC010300,A22 (contournement),81.0,400
2026-10-10T04:51:03Z,2026-10-10T06:42:00.000+02:00,A0022012010,A22,80.0,580
2026-10-10T04:51:03Z,2026-10-10T06:42:00.000+02:00,A0022012020,A22,80.0,580
2026-10-10T04:51:03Z,2026-10-10T06:42:00.000+02:00,A0025022130,A25,128.0,560
2026-10-10T04:51:03Z,2026-10-10T06:42:00.000+02:00,A0023010520,A23,105.0,300
2026-10-10T04:51:03Z,2026-10-10T06:42:00.000+02:00,N0041020800,N41,92.0,200
2026-10-10T04:51:03Z,2026-10-10T06:42:00.000+02:00,A0025010500,A25,71.0,590
2026-10-10T04:51:03Z,2026-10-10T06:42:00.000+02:00,A0022020901,A22,67.0,610
2026-10-10T04:51:03Z,2026-10-10T06:42:00.000+02:00,A0022020902,A22,67.0,450
2026-10-10T04:51:03Z,2026-10-10T06:42:00.000+02:00,A0022021810,A22,85.0,780
2026-10-10T04:51:03Z,2026-10-10T06:42:00.000+02:00,N0356011100,N356,74.0,870
2026-10-10T04:51:03Z,2026-10-10T06:42:00.000+02:00,A0022021820,A22,85.0,780
2026-10-10T04:51:03Z,2026-10-10T06:42:00.000+02:00,N0356020802,N356,75.0,1000
2026-10-10T04:51:03Z,2026-10-10T06:42:00.000+02:00,A0025020102,A25,71.0,100
2026-10-10T04:51:03Z,2026-10-10T06:42:00.000+02:00,A0023010100,A23,97.0,30
2026-10-10T04:51:03Z,2026-10-10T06:42:00.000+02:00,A0025022530,A25,108.0,370
2026-10-10T04:51:03Z,2026-10-10T06:42:00.000+02:00,A9001210200,A1 (bretelle),74.0,390
2026-10-10T04:51:03Z,2026-10-10T06:42:00.000+02:00,A0022010700,A22,80.0,440
2026-10-10T04:51:03Z,2026-10-10T06:42:00.000+02:00,N0041020400,N41,83.0,360
2026-10-10T04:51:03Z,2026-10-10T06:42:00.000+02:00,A0023020720,A23,111.0,330
2026-10-10T04:51:03Z,2026-10-10T06:42:00.000+02:00,A0022020500,A22,67.0,340
2026-10-10T04:51:03Z,2026-10-10T06:42:00.000+02:00,N93563b0150,N356 (bretelle),73.0,30
2026-10-10T04:51:03Z,2026-10-10T06:42:00.000+02:00,A0025020950,A25,91.0,1410
2026-10-10T04:51:03Z,2026-10-10T06:42:00.000+02:00,A0023020300,A23,84.0,430
2026-10-10T04:51:03Z,2026-10-10T06:42:00.000+02:00,A0001011000,A1,86.0,860
2026-10-10T04:51:03Z,2026-10-10T06:42:00.000+02:00,A0027020500,A27,88.0,120
2026-10-10T04:51:03Z,2026-10-10T06:42:00.000+02:00,N0356011500,N356,70.0,930
2026-10-10T04:51:03Z,2026-10-10T06:42:00.000+02:00,A0001010150,A1,98.0,1110
2026-10-10T04:51:03Z,2026-10-10T06:42:00.000+02:00,N0356020400,N356,72.0,530
2026-10-10T04:51:03Z,2026-10-10T06:42:00.000+02:00,A0025010700,A25,73.0,510
2026-10-10T04:51:03Z,2026-10-10T06:42:00.000+02:00,A0002011230,A2,109.0,720
2026-10-10T04:51:03Z,2026-10-10T06:42:00.000+02:00,A0025020500,A25,75.0,980
2026-10-10T04:51:03Z,2026-10-10T06:42:00.000+02:00,A0002021290,A2,105.0,830
2026-10-10T04:51:03Z,2026-10-10T06:42:00.000+02:00,A0022011600,A22,81.0,430
2026-10-10T05:01:08Z,2026-10-10T06:54:00.000+02:00,A0001011200,A1,82.0,1060
2026-10-10T05:01:08Z,2026-10-10T06:54:00.000+02:00,A0027010102,A27,85.0,570
2026-10-10T05:01:08Z,2026-10-10T06:54:00.000+02:00,N0041010100,N41,75.0,750
2026-10-10T05:01:08Z,2026-10-10T06:54:00.000+02:00,A0027010101,A27,85.0,570
2026-10-10T05:01:08Z,2026-10-10T06:54:00.000+02:00,A9022010250,A22 (rocade),89.0,100
2026-10-10T05:01:08Z,2026-10-10T06:54:00.000+02:00,A0001020150,A1,106.0,1200
2026-10-10T05:01:08Z,2026-10-10T06:54:00.000+02:00,N0356011700,N356,74.0,970
2026-10-10T05:01:08Z,2026-10-10T06:54:00.000+02:00,N0356021300,N356,69.0,1100
2026-10-10T05:01:08Z,2026-10-10T06:54:00.000+02:00,A0022011400,A22,83.0,100
2026-10-10T05:01:08Z,2026-10-10T06:54:00.000+02:00,A0027010300,A27,95.0,240
2026-10-10T05:01:08Z,2026-10-10T06:54:00.000+02:00,A9022020250,A22 (rocade),70.0,280
2026-10-10T05:01:08Z,2026-10-10T06:54:00.000+02:00,N0041010300,N41,85.0,630
2026-10-10T05:01:08Z,2026-10-10T06:54:00.000+02:00,A0022011210,A22,112.0,50
2026-10-10T05:01:08Z,2026-10-10T06:54:00.000+02:00,A0027020100,A27,71.0,260
2026-10-10T05:01:08Z,2026-10-10T06:54:00.000+02:00,A0001010300,A1,97.0,1120
2026-10-10T05:01:08Z,2026-10-10T06:54:00.000+02:00,A0022011220,A22,112.0,50
2026-10-10T05:01:08Z,2026-10-10T06:54:00.000+02:00,A9022101110,A22 (rocade),81.0,410
2026-10-10T05:01:08Z,2026-10-10T06:54:00.000+02:00,A0022022110,A22,90.0,1060
2026-10-10T05:01:08Z,2026-10-10T06:54:00.000+02:00,A0001011420,A1,87.0,760
2026-10-10T05:01:08Z,2026-10-10T06:54:00.000+02:00,N0356010800,N356,74.0,1090
2026-10-10T05:01:08Z,2026-10-10T06:54:00.000+02:00,A9001210710,A1 (bretelle),78.0,260
2026-10-10T05:01:08Z,2026-10-10T06:54:00.000+02:00,N0356021110,N356,75.0,1260
2026-10-10T05:01:08Z,2026-10-10T06:54:00.000+02:00,A0001010510,A1,97.0,1050
2026-10-10T05:01:08Z,2026-10-10T06:54:00.000+02:00,N0356021122,N356,67.0,1150
2026-10-10T05:01:08Z,2026-10-10T06:54:00.000+02:00,N0356021121,N356,75.0,1260
2026-10-10T05:01:08Z,2026-10-10T06:54:00.000+02:00,A0025010210,A25,77.0,1090
2026-10-10T05:01:08Z,2026-10-10T06:54:00.000+02:00,A0025011300,A25,86.0,380
2026-10-10T05:01:08Z,2026-10-10T06:54:00.000+02:00,A0001020300,A1,105.0,1150
2026-10-10T05:01:08Z,2026-10-10T06:54:00.000+02:00,A0025021100,A25,91.0,620
2026-10-10T05:01:08Z,2026-10-10T06:54:00.000+02:00,A0025023520,A25,94.0,190
2026-10-10T05:01:08Z,2026-10-10T06:54:00.000+02:00,A0022022130,A22,102.0,980
2026-10-10T05:01:08Z,2026-10-10T06:54:00.000+02:00,A0025010220,A25,77.0,1090
2026-10-10T05:01:08Z,2026-10-10T06:54:00.000+02:00,A0022022120,A22,93.0,1090
2026-10-10T05:01:08Z,2026-10-10T06:54:00.000+02:00,A0001010520,A1,98.0,1040
2026-10-10T05:01:08Z,2026-10-10T06:54:00.000+02:00,A0022011000,A22,92.0,460
2026-10-10T05:01:08Z,2026-10-10T06:54:00.000+02:00,A0001020510,A1,101.0,1200
2026-10-10T05:01:08Z,2026-10-10T06:54:00.000+02:00,A0001021602,A1,85.0,1500
2026-10-10T05:01:08Z,2026-10-10T06:54:00.000+02:00,A22TC020222,A22 (contournement),83.0,490
2026-10-10T05:01:08Z,2026-10-10T06:54:00.000+02:00,A0001010940,A1,98.0,1260
2026-10-10T05:01:08Z,2026-10-10T06:54:00.000+02:00,A0025023320,A25,108.0,320
2026-10-10T05:01:08Z,2026-10-10T06:54:00.000+02:00,A0001020520,A1,98.0,1300
2026-10-10T05:01:08Z,2026-10-10T06:54:00.000+02:00,A0025023100,A25,109.0,330
2026-10-10T05:01:08Z,2026-10-10T06:54:00.000+02:00,A22TC020230,A22 (contournement),83.0,490
2026-10-10T05:01:08Z,2026-10-10T06:54:00.000+02:00,A0025021730,A25,90.0,730
2026-10-10T05:01:08Z,2026-10-10T06:54:00.000+02:00,A0025023910,A25,101.0,200
2026-10-10T05:01:08Z,2026-10-10T06:54:00.000+02:00,A0025021735,A25,104.0,730
2026-10-10T05:01:08Z,2026-10-10T06:54:00.000+02:00,A0023010400,A23,95.0,250
2026-10-10T05:01:08Z,2026-10-10T06:54:00.000+02:00,A0022021900,A22,84.0,880
2026-10-10T05:01:08Z,2026-10-10T06:54:00.000+02:00,A9022100500,A22 (rocade),81.0,520
2026-10-10T05:01:08Z,2026-10-10T06:54:00.000+02:00,A0001020940,A1,90.0,1330
2026-10-10T05:01:08Z,2026-10-10T06:54:00.000+02:00,A0001020700,A1,93.0,1150
2026-10-10T05:01:08Z,2026-10-10T06:54:00.000+02:00,A9022020830,A22 (rocade),81.0,50
2026-10-10T05:01:08Z,2026-10-10T06:54:00.000+02:00,A9022020822,A22 (rocade),88.0,390
2026-10-10T05:01:08Z,2026-10-10T06:54:00.000+02:00,A9022020821,A22 (rocade),88.0,390
2026-10-10T05:01:08Z,2026-10-10T06:54:00.000+02:00,A0025020420,A25,77.0,1300
2026-10-10T05:01:08Z,2026-10-10T06:54:00.000+02:00,A0025021510,A25,95.0,470
2026-10-10T05:01:08Z,2026-10-10T06:54:00.000+02:00,N0227010100,N227,68.0,270
2026-10-10T05:01:08Z,2026-10-10T06:54:00.000+02:00,A0025011720,A25,95.0,530
2026-10-10T05:01:08Z,2026-10-10T06:54:00.000+02:00,A0025021760,A25,88.0,710
2026-10-10T05:01:08Z,2026-10-10T06:54:00.000+02:00,A0025011730,A25,85.0,540
2026-10-10T05:01:08Z,2026-10-10T06:54:00.000+02:00,A0025011735,A25,99.0,540
2026-10-10T05:01:08Z,2026-10-10T06:54:00.000+02:00,A9025080700,A25 (bretelle),,140
2026-10-10T05:01:08Z,2026-10-10T06:54:00.000+02:00,A9022100930,A22 (rocade),74.0,30
2026-10-10T05:01:08Z,2026-10-10T06:54:00.000+02:00,N0356011220,N356,72.0,870
2026-10-10T05:01:08Z,2026-10-10T06:54:00.000+02:00,A0025011740,A25,85.0,560
2026-10-10T05:01:08Z,2026-10-10T06:54:00.000+02:00,A0025010410,A25,73.0,930
2026-10-10T05:01:08Z,2026-10-10T06:54:00.000+02:00,A0023010200,A23,99.0,320
2026-10-10T05:01:08Z,2026-10-10T06:54:00.000+02:00,A9001210120,A1 (bretelle),80.0,220
2026-10-10T05:01:08Z,2026-10-10T06:54:00.000+02:00,A0025020210,A25,80.0,1240
2026-10-10T05:01:08Z,2026-10-10T06:54:00.000+02:00,N0356011210,N356,72.0,870
2026-10-10T05:01:08Z,2026-10-10T06:54:00.000+02:00,A0025011510,A25,83.0,390
2026-10-10T05:01:08Z,2026-10-10T06:54:00.000+02:00,A0025020220,A25,80.0,1240
2026-10-10T05:01:08Z,2026-10-10T06:54:00.000+02:00,N0227010302,N227,78.0,520
2026-10-10T05:01:08Z,2026-10-10T06:54:00.000+02:00,N0041010500,N41,93.0,440
2026-10-10T05:01:08Z,2026-10-10T06:54:00.000+02:00,N0227020101,N227,90.0,470
2026-10-10T05:01:08Z,2026-10-10T06:54:00.000+02:00,A9022100110,A22 (rocade),68.0,180
2026-10-10T05:01:08Z,2026-10-10T06:54:00.000+02:00,A0022010400,A22,76.0,390
2026-10-10T05:01:08Z,2026-10-10T06:54:00.000+02:00,N0356010302,N356,77.0,1440
2026-10-10T05:01:08Z,2026-10-10T06:54:00.000+02:00,A0025010800,A25,76.0,530
2026-10-10T05:01:08Z,2026-10-10T06:54:00.000+02:00,A0027020621,A27,96.0,240
2026-10-10T05:01:08Z,2026-10-10T06:54:00.000+02:00,N0041010700,N41,86.0,120
2026-10-10T05:01:08Z,2026-10-10T06:54:00.000+02:00,A0027020630,A27,96.0,240
2026-10-10T05:01:08Z,2026-10-10T06:54:00.000+02:00,A0022021512,A22,82.0,790
2026-10-10T05:01:08Z,2026-10-10T06:54:00.000+02:00,A0022021511,A22,83.0,780
2026-10-10T05:01:08Z,2026-10-10T06:54:00.000+02:00,A0027020610,A27,96.0,240
2026-10-10T05:01:08Z,2026-10-10T06:54:00.000+02:00,A0025021720,A25,102.0,830
2026-10-10T05:01:08Z,2026-10-10T06:54:00.000+02:00,A0022021520,A22,82.0,790
2026-10-10T05:01:08Z,2026-10-10T06:54:00.000+02:00,A0025022140,A25,110.0,660
2026-10-10T05:01:08Z,2026-10-10T06:54:00.000+02:00,A0022011302,A22,82.0,310
2026-10-10T05:01:08Z,2026-10-10T06:54:00.000+02:00,A0025022160,A25,105.0,680
2026-10-10T05:01:08Z,2026-10-10T06:54:00.000+02:00,A0027010201,A27,90.0,460
2026-10-10T05:01:08Z,2026-10-10T06:54:00.000+02:00,A0027010202,A27,85.0,150
2026-10-10T05:01:08Z,2026-10-10T06:54:00.000+02:00,N9227110110,N227 (bretelle),80.0,210
2026-10-10T05:01:08Z,2026-10-10T06:54:00.000+02:00,A0025012130,A25,119.0,400
2026-10-10T05:01:08Z,2026-10-10T06:54:00.000+02:00,A0027010210,A27,85.0,150
2026-10-10T05:01:08Z,2026-10-10T06:54:00.000+02:00,A0025011050,A25,86.0,270
2026-10-10T05:01:08Z,2026-10-10T06:54:00.000+02:00,A0025012140,A25,119.0,80
2026-10-10T05:01:08Z,2026-10-10T06:54:00.000+02:00,A0027010421,A27,95.0,290
2026-10-10T05:01:08Z,2026-10-10T06:54:00.000+02:00,A0022012420,A22,93.0,740
2026-10-10T05:01:08Z,2026-10-10T06:54:00.000+02:00,A0027010430,A27,99.0,320
2026-10-10T05:01:08Z,2026-10-10T06:54:00.000+02:00,A0023020710,A23,106.0,530
2026-10-10T05:01:08Z,2026-10-10T06:54:00.000+02:00,A0022012430,A22,92.0,710
2026-10-10T05:01:08Z,2026-10-10T06:54:00.000+02:00,A0025012160,A25,119.0,470
2026-10-10T05:01:08Z,2026-10-10T06:54:00.000+02:00,A9022021200,A22 (rocade),65.0,80
2026-10-10T05:01:08Z,2026-10-10T06:54:00.000+02:00,A0001021100,A1,88.0,1160
2026-10-10T05:01:08Z,2026-10-10T06:54:00.000+02:00,A9022101000,A22 (rocade),,260
2026-10-10T05:01:08Z,2026-10-10T06:54:00.000+02:00,A0025013020,A25,101.0,400
2026-10-10T05:01:08Z,2026-10-10T06:54:00.000+02:00,A0027010410,A27,95.0,290
2026-10-10T05:01:08Z,2026-10-10T06:54:00.000+02:00,A0022012410,A22,94.0,740
2026-10-10T05:01:08Z,2026-10-10T06:54:00.000+02:00,A0001A20112,A1,91.0,380
2026-10-10T05:01:08Z,2026-10-10T06:54:00.000+02:00,A0001A20111,A1,76.0,290
2026-10-10T05:01:08Z,2026-10-10T06:54:00.000+02:00,A0001021521,A1,85.0,1070
2026-10-10T05:01:08Z,2026-10-10T06:54:00.000+02:00,A0025022540,A25,108.0,470
2026-10-10T05:01:08Z,2026-10-10T06:54:00.000+02:00,A0025022300,A25,107.0,390
2026-10-10T05:01:08Z,2026-10-10T06:54:00.000+02:00,N0356021000,N356,77.0,1130
2026-10-10T05:01:08Z,2026-10-10T06:54:00.000+02:00,A22TC010102,A22 (contournement),87.0,380
2026-10-10T05:01:08Z,2026-10-10T06:54:00.000+02:00,A0001011503,A1,88.0,1280
2026-10-10T05:01:08Z,2026-10-10T06:54:00.000+02:00,A0022012200,A22,81.0,620
2026-10-10T05:01:08Z,2026-10-10T06:54:00.000+02:00,A0001A20120,A1,91.0,390
2026-10-10T05:01:08Z,2026-10-10T06:54:00.000+02:00,A22TC020102,A22 (contournement),89.0,440
2026-10-10T05:01:08Z,2026-10-10T06:54:00.000+02:00,A22TC010300,A22 (contournement),86.0,400
2026-10-10T05:01:08Z,2026-10-10T06:54:00.000+02:00,A0022012010,A22,83.0,530
2026-10-10T05:01:08Z,2026-10-10T06:54:00.000+02:00,A0022012020,A22,83.0,530
2026-10-10T05:01:08Z,2026-10-10T06:54:00.000+02:00,A0025022130,A25,126.0,680
2026-10-10T05:01:08Z,2026-10-10T06:54:00.000+02:00,A0023010520,A23,101.0,260
2026-10-10T05:01:08Z,2026-10-10T06:54:00.000+02:00,N0041020800,N41,94.0,370
2026-10-10T05:01:08Z,2026-10-10T06:54:00.000+02:00,A0025010500,A25,66.0,550
2026-10-10T05:01:08Z,2026-10-10T06:54:00.000+02:00,A0022020901,A22,80.0,580
2026-10-10T05:01:08Z,2026-10-10T06:54:00.000+02:00,A0022020902,A22,80.0,420
2026-10-10T05:01:08Z,2026-10-10T06:54:00.000+02:00,A0022021810,A22,83.0,840
2026-10-10T05:01:08Z,2026-10-10T06:54:00.000+02:00,N0356011100,N356,74.0,960
2026-10-10T05:01:08Z,2026-10-10T06:54:00.000+02:00,A0022021820,A22,83.0,840
2026-10-10T05:01:08Z,2026-10-10T06:54:00.000+02:00,N0356020802,N356,75.0,1190
2026-10-10T05:01:08Z,2026-10-10T06:54:00.000+02:00,A0025020102,A25,74.0,480
2026-10-10T05:01:08Z,2026-10-10T06:54:00.000+02:00,A0023010100,A23,98.0,70
2026-10-10T05:01:08Z,2026-10-10T06:54:00.000+02:00,A0025022530,A25,110.0,430
2026-10-10T05:01:08Z,2026-10-10T06:54:00.000+02:00,A9001210200,A1 (bretelle),71.0,460
2026-10-10T05:01:08Z,2026-10-10T06:54:00.000+02:00,A0022010700,A22,84.0,320
2026-10-10T05:01:08Z,2026-10-10T06:54:00.000+02:00,N0041020400,N41,90.0,510
2026-10-10T05:01:08Z,2026-10-10T06:54:00.000+02:00,A0023020720,A23,110.0,550
2026-10-10T05:01:08Z,2026-10-10T06:54:00.000+02:00,A0022020500,A22,80.0,400
2026-10-10T05:01:08Z,2026-10-10T06:54:00.000+02:00,A0025020950,A25,94.0,1360
2026-10-10T05:01:08Z,2026-10-10T06:54:00.000+02:00,A0023020300,A23,91.0,520
2026-10-10T05:01:08Z,2026-10-10T06:54:00.000+02:00,A0001011000,A1,87.0,1020
2026-10-10T05:01:08Z,2026-10-10T06:54:00.000+02:00,A0027020500,A27,82.0,140
2026-10-10T05:01:08Z,2026-10-10T06:54:00.000+02:00,N0356011500,N356,72.0,1090
2026-10-10T05:01:08Z,2026-10-10T06:54:00.000+02:00,A0001010150,A1,98.0,1160
2026-10-10T05:01:08Z,2026-10-10T06:54:00.000+02:00,N0356020400,N356,73.0,630
2026-10-10T05:01:08Z,2026-10-10T06:54:00.000+02:00,A0025010700,A25,66.0,520
2026-10-10T05:01:08Z,2026-10-10T06:54:00.000+02:00,A0002011230,A2,111.0,690
2026-10-10T05:01:08Z,2026-10-10T06:54:00.000+02:00,A0025020500,A25,78.0,840
2026-10-10T05:01:08Z,2026-10-10T06:54:00.000+02:00,A0002021290,A2,104.0,920
2026-10-10T05:01:08Z,2026-10-10T06:54:00.000+02:00,A0022011600,A22,11.0,510
2026-10-10T05:11:07Z,2026-10-10T07:00:00.000+02:00,A0001011200,A1,80.0,940
2026-10-10T05:11:07Z,2026-10-10T07:00:00.000+02:00,A0027010102,A27,88.0,760
2026-10-10T05:11:07Z,2026-10-10T07:00:00.000+02:00,N0041010100,N41,76.0,640
2026-10-10T05:11:07Z,2026-10-10T07:00:00.000+02:00,A0027010101,A27,88.0,760
2026-10-10T05:11:07Z,2026-10-10T07:00:00.000+02:00,A9022010250,A22 (rocade),90.0,40
2026-10-10T05:11:07Z,2026-10-10T07:00:00.000+02:00,A0001020150,A1,101.0,1150
2026-10-10T05:11:07Z,2026-10-10T07:00:00.000+02:00,N0356011700,N356,76.0,830
2026-10-10T05:11:07Z,2026-10-10T07:00:00.000+02:00,N0356021300,N356,69.0,990
2026-10-10T05:11:07Z,2026-10-10T07:00:00.000+02:00,A0022011400,A22,78.0,130
2026-10-10T05:11:07Z,2026-10-10T07:00:00.000+02:00,A0027010300,A27,91.0,310
2026-10-10T05:11:07Z,2026-10-10T07:00:00.000+02:00,A9022020250,A22 (rocade),45.0,200
2026-10-10T05:11:07Z,2026-10-10T07:00:00.000+02:00,N0041010300,N41,85.0,530
2026-10-10T05:11:07Z,2026-10-10T07:00:00.000+02:00,A0022011210,A22,113.0,100
2026-10-10T05:11:07Z,2026-10-10T07:00:00.000+02:00,A0027020100,A27,75.0,250
2026-10-10T05:11:07Z,2026-10-10T07:00:00.000+02:00,A0001010300,A1,88.0,890
2026-10-10T05:11:07Z,2026-10-10T07:00:00.000+02:00,A0022011220,A22,113.0,100
2026-10-10T05:11:07Z,2026-10-10T07:00:00.000+02:00,A9022101110,A22 (rocade),77.0,390
2026-10-10T05:11:07Z,2026-10-10T07:00:00.000+02:00,A0022022110,A22,88.0,920
2026-10-10T05:11:07Z,2026-10-10T07:00:00.000+02:00,A0001011420,A1,88.0,800
2026-10-10T05:11:07Z,2026-10-10T07:00:00.000+02:00,N0356010800,N356,74.0,850
2026-10-10T05:11:07Z,2026-10-10T07:00:00.000+02:00,A9001210710,A1 (bretelle),74.0,130
2026-10-10T05:11:07Z,2026-10-10T07:00:00.000+02:00,N0356021110,N356,74.0,1060
2026-10-10T05:11:07Z,2026-10-10T07:00:00.000+02:00,A0001010510,A1,88.0,920
2026-10-10T05:11:07Z,2026-10-10T07:00:00.000+02:00,N0356021122,N356,67.0,1070
2026-10-10T05:11:07Z,2026-10-10T07:00:00.000+02:00,N0356021121,N356,74.0,1060
2026-10-10T05:11:07Z,2026-10-10T07:00:00.000+02:00,A0025010210,A25,77.0,1160
2026-10-10T05:11:07Z,2026-10-10T07:00:00.000+02:00,A0025011300,A25,83.0,340
2026-10-10T05:11:07Z,2026-10-10T07:00:00.000+02:00,A0001020300,A1,101.0,1040
2026-10-10T05:11:07Z,2026-10-10T07:00:00.000+02:00,A0025021100,A25,88.0,590
2026-10-10T05:11:07Z,2026-10-10T07:00:00.000+02:00,A0025023520,A25,99.0,270
2026-10-10T05:11:07Z,2026-10-10T07:00:00.000+02:00,A0022022130,A22,103.0,890
2026-10-10T05:11:07Z,2026-10-10T07:00:00.000+02:00,A0025010220,A25,77.0,1160
2026-10-10T05:11:07Z,2026-10-10T07:00:00.000+02:00,A0022022120,A22,93.0,950
2026-10-10T05:11:07Z,2026-10-10T07:00:00.000+02:00,A0001010520,A1,96.0,980
2026-10-10T05:11:07Z,2026-10-10T07:00:00.000+02:00,A0022011000,A22,96.0,440
2026-10-10T05:11:07Z,2026-10-10T07:00:00.000+02:00,A0001020510,A1,99.0,1200
2026-10-10T05:11:07Z,2026-10-10T07:00:00.000+02:00,A0001021602,A1,86.0,1860
2026-10-10T05:11:07Z,2026-10-10T07:00:00.000+02:00,A22TC020222,A22 (contournement),104.0,470
2026-10-10T05:11:07Z,2026-10-10T07:00:00.000+02:00,A0001010940,A1,94.0,990
2026-10-10T05:11:07Z,2026-10-10T07:00:00.000+02:00,A0025023320,A25,104.0,420
2026-10-10T05:11:07Z,2026-10-10T07:00:00.000+02:00,A0001020520,A1,96.0,1170
2026-10-10T05:11:07Z,2026-10-10T07:00:00.000+02:00,A0025023100,A25,102.0,300
2026-10-10T05:11:07Z,2026-10-10T07:00:00.000+02:00,A22TC020230,A22 (contournement),104.0,470
2026-10-10T05:11:07Z,2026-10-10T07:00:00.000+02:00,A0025021730,A25,89.0,740
2026-10-10T05:11:07Z,2026-10-10T07:00:00.000+02:00,A0025023910,A25,110.0,300
2026-10-10T05:11:07Z,2026-10-10T07:00:00.000+02:00,A0025021735,A25,102.0,700
2026-10-10T05:11:07Z,2026-10-10T07:00:00.000+02:00,A0023010400,A23,99.0,220
2026-10-10T05:11:07Z,2026-10-10T07:00:00.000+02:00,A0022021900,A22,83.0,710
2026-10-10T05:11:07Z,2026-10-10T07:00:00.000+02:00,A9022100500,A22 (rocade),78.0,450
2026-10-10T05:11:07Z,2026-10-10T07:00:00.000+02:00,A0001020940,A1,91.0,1370
2026-10-10T05:11:07Z,2026-10-10T07:00:00.000+02:00,A0001020700,A1,91.0,1010
2026-10-10T05:11:07Z,2026-10-10T07:00:00.000+02:00,A9022020830,A22 (rocade),92.0,70
2026-10-10T05:11:07Z,2026-10-10T07:00:00.000+02:00,A9022020822,A22 (rocade),88.0,390
2026-10-10T05:11:07Z,2026-10-10T07:00:00.000+02:00,A9022020821,A22 (rocade),88.0,390
2026-10-10T05:11:07Z,2026-10-10T07:00:00.000+02:00,A0025020420,A25,75.0,1110
2026-10-10T05:11:07Z,2026-10-10T07:00:00.000+02:00,A0025021510,A25,101.0,380
2026-10-10T05:11:07Z,2026-10-10T07:00:00.000+02:00,N0227010100,N227,69.0,220
2026-10-10T05:11:07Z,2026-10-10T07:00:00.000+02:00,A0025011720,A25,96.0,540
2026-10-10T05:11:07Z,2026-10-10T07:00:00.000+02:00,A0025021760,A25,89.0,660
2026-10-10T05:11:07Z,2026-10-10T07:00:00.000+02:00,A0025011730,A25,87.0,490
2026-10-10T05:11:07Z,2026-10-10T07:00:00.000+02:00,A0025011735,A25,100.0,510
2026-10-10T05:11:07Z,2026-10-10T07:00:00.000+02:00,A9025080700,A25 (bretelle),,130
2026-10-10T05:11:07Z,2026-10-10T07:00:00.000+02:00,N0356011220,N356,74.0,840
2026-10-10T05:11:07Z,2026-10-10T07:00:00.000+02:00,A0025011740,A25,88.0,500
2026-10-10T05:11:07Z,2026-10-10T07:00:00.000+02:00,A0025010410,A25,71.0,960
2026-10-10T05:11:07Z,2026-10-10T07:00:00.000+02:00,A0023010200,A23,88.0,270
2026-10-10T05:11:07Z,2026-10-10T07:00:00.000+02:00,A9001210120,A1 (bretelle),79.0,140
2026-10-10T05:11:07Z,2026-10-10T07:00:00.000+02:00,A0025020210,A25,78.0,1390
2026-10-10T05:11:07Z,2026-10-10T07:00:00.000+02:00,N0356011210,N356,74.0,840
2026-10-10T05:11:07Z,2026-10-10T07:00:00.000+02:00,A0025011510,A25,83.0,350
2026-10-10T05:11:07Z,2026-10-10T07:00:00.000+02:00,A0025020220,A25,78.0,1390
2026-10-10T05:11:07Z,2026-10-10T07:00:00.000+02:00,N0227010302,N227,76.0,560
2026-10-10T05:11:07Z,2026-10-10T07:00:00.000+02:00,N0041010500,N41,90.0,420
2026-10-10T05:11:07Z,2026-10-10T07:00:00.000+02:00,N0227020101,N227,85.0,640
2026-10-10T05:11:07Z,2026-10-10T07:00:00.000+02:00,A9022100110,A22 (rocade),72.0,140
2026-10-10T05:11:07Z,2026-10-10T07:00:00.000+02:00,A0022010400,A22,73.0,520
2026-10-10T05:11:07Z,2026-10-10T07:00:00.000+02:00,N0356010302,N356,77.0,1290
2026-10-10T05:11:07Z,2026-10-10T07:00:00.000+02:00,A0025010800,A25,90.0,500
2026-10-10T05:11:07Z,2026-10-10T07:00:00.000+02:00,A0027020621,A27,92.0,270
2026-10-10T05:11:07Z,2026-10-10T07:00:00.000+02:00,N0041010700,N41,87.0,100
2026-10-10T05:11:07Z,2026-10-10T07:00:00.000+02:00,A0027020630,A27,92.0,260
2026-10-10T05:11:07Z,2026-10-10T07:00:00.000+02:00,A0022021512,A22,80.0,670
2026-10-10T05:11:07Z,2026-10-10T07:00:00.000+02:00,A0022021511,A22,78.0,660
2026-10-10T05:11:07Z,2026-10-10T07:00:00.000+02:00,A0027020610,A27,92.0,270
2026-10-10T05:11:07Z,2026-10-10T07:00:00.000+02:00,A0025021720,A25,100.0,670
2026-10-10T05:11:07Z,2026-10-10T07:00:00.000+02:00,A0022021520,A22,80.0,670
2026-10-10T05:11:07Z,2026-10-10T07:00:00.000+02:00,A0025022140,A25,111.0,610
2026-10-10T05:11:07Z,2026-10-10T07:00:00.000+02:00,A0022011302,A22,79.0,330
2026-10-10T05:11:07Z,2026-10-10T07:00:00.000+02:00,A0025022160,A25,106.0,590
2026-10-10T05:11:07Z,2026-10-10T07:00:00.000+02:00,A0027010201,A27,90.0,440
2026-10-10T05:11:07Z,2026-10-10T07:00:00.000+02:00,A0027010202,A27,88.0,150
2026-10-10T05:11:07Z,2026-10-10T07:00:00.000+02:00,N9227110110,N227 (bretelle),75.0,290
2026-10-10T05:11:07Z,2026-10-10T07:00:00.000+02:00,A0025012130,A25,88.0,430
2026-10-10T05:11:07Z,2026-10-10T07:00:00.000+02:00,A0027010210,A27,88.0,150
2026-10-10T05:11:07Z,2026-10-10T07:00:00.000+02:00,A0025011050,A25,89.0,300
2026-10-10T05:11:07Z,2026-10-10T07:00:00.000+02:00,A0025012140,A25,88.0,10
2026-10-10T05:11:07Z,2026-10-10T07:00:00.000+02:00,A0027010421,A27,97.0,340
2026-10-10T05:11:07Z,2026-10-10T07:00:00.000+02:00,A0022012420,A22,96.0,710
2026-10-10T05:11:07Z,2026-10-10T07:00:00.000+02:00,A0027010430,A27,99.0,350
2026-10-10T05:11:07Z,2026-10-10T07:00:00.000+02:00,A0023020710,A23,102.0,340
2026-10-10T05:11:07Z,2026-10-10T07:00:00.000+02:00,A0022012430,A22,95.0,690
2026-10-10T05:11:07Z,2026-10-10T07:00:00.000+02:00,A0025012160,A25,117.0,530
2026-10-10T05:11:07Z,2026-10-10T07:00:00.000+02:00,A9022021200,A22 (rocade),59.0,60
2026-10-10T05:11:07Z,2026-10-10T07:00:00.000+02:00,A0001021100,A1,89.0,1290
2026-10-10T05:11:07Z,2026-10-10T07:00:00.000+02:00,A9022101000,A22 (rocade),77.0,220
2026-10-10T05:11:07Z,2026-10-10T07:00:00.000+02:00,A0025013020,A25,105.0,380
2026-10-10T05:11:07Z,2026-10-10T07:00:00.000+02:00,A0027010410,A27,97.0,340
2026-10-10T05:11:07Z,2026-10-10T07:00:00.000+02:00,A0022012410,A22,95.0,740
2026-10-10T05:11:07Z,2026-10-10T07:00:00.000+02:00,A0001A20112,A1,89.0,390
2026-10-10T05:11:07Z,2026-10-10T07:00:00.000+02:00,A0001A20111,A1,94.0,480
2026-10-10T05:11:07Z,2026-10-10T07:00:00.000+02:00,A0001021521,A1,84.0,1340
2026-10-10T05:11:07Z,2026-10-10T07:00:00.000+02:00,A0025022540,A25,108.0,320
2026-10-10T05:11:07Z,2026-10-10T07:00:00.000+02:00,A0025022300,A25,109.0,330
2026-10-10T05:11:07Z,2026-10-10T07:00:00.000+02:00,N0356021000,N356,74.0,970
2026-10-10T05:11:07Z,2026-10-10T07:00:00.000+02:00,A22TC010102,A22 (contournement),88.0,350
2026-10-10T05:11:07Z,2026-10-10T07:00:00.000+02:00,A0001011503,A1,88.0,1280
2026-10-10T05:11:07Z,2026-10-10T07:00:00.000+02:00,A0022012200,A22,84.0,720
2026-10-10T05:11:07Z,2026-10-10T07:00:00.000+02:00,A0001A20120,A1,90.0,450
2026-10-10T05:11:07Z,2026-10-10T07:00:00.000+02:00,A22TC020102,A22 (contournement),85.0,410
2026-10-10T05:11:07Z,2026-10-10T07:00:00.000+02:00,A22TC010300,A22 (contournement),84.0,410
2026-10-10T05:11:07Z,2026-10-10T07:00:00.000+02:00,A0022012010,A22,82.0,580
2026-10-10T05:11:07Z,2026-10-10T07:00:00.000+02:00,A0022012020,A22,82.0,580
2026-10-10T05:11:07Z,2026-10-10T07:00:00.000+02:00,A0025022130,A25,123.0,590
2026-10-10T05:11:07Z,2026-10-10T07:00:00.000+02:00,A0023010520,A23,103.0,200
2026-10-10T05:11:07Z,2026-10-10T07:00:00.000+02:00,N0041020800,N41,92.0,320
2026-10-10T05:11:07Z,2026-10-10T07:00:00.000+02:00,A0025010500,A25,77.0,560
2026-10-10T05:11:07Z,2026-10-10T07:00:00.000+02:00,A0022020901,A22,83.0,600
2026-10-10T05:11:07Z,2026-10-10T07:00:00.000+02:00,A0022020902,A22,83.0,470
2026-10-10T05:11:07Z,2026-10-10T07:00:00.000+02:00,A0022021810,A22,83.0,670
2026-10-10T05:11:07Z,2026-10-10T07:00:00.000+02:00,N0356011100,N356,73.0,830
2026-10-10T05:11:07Z,2026-10-10T07:00:00.000+02:00,A0022021820,A22,83.0,670
2026-10-10T05:11:07Z,2026-10-10T07:00:00.000+02:00,N0356020802,N356,73.0,1140
2026-10-10T05:11:07Z,2026-10-10T07:00:00.000+02:00,A0025020102,A25,74.0,140
2026-10-10T05:11:07Z,2026-10-10T07:00:00.000+02:00,A0023010100,A23,91.0,180
2026-10-10T05:11:07Z,2026-10-10T07:00:00.000+02:00,A0025022530,A25,109.0,330
2026-10-10T05:11:07Z,2026-10-10T07:00:00.000+02:00,A9001210200,A1 (bretelle),73.0,360
2026-10-10T05:11:07Z,2026-10-10T07:00:00.000+02:00,A0022010700,A22,96.0,480
2026-10-10T05:11:07Z,2026-10-10T07:00:00.000+02:00,N0041020400,N41,88.0,410
2026-10-10T05:11:07Z,2026-10-10T07:00:00.000+02:00,A0023020720,A23,112.0,310
2026-10-10T05:11:07Z,2026-10-10T07:00:00.000+02:00,A0022020500,A22,83.0,380
2026-10-10T05:11:07Z,2026-10-10T07:00:00.000+02:00,A0025020950,A25,90.0,1070
2026-10-10T05:11:07Z,2026-10-10T07:00:00.000+02:00,A0023020300,A23,98.0,420
2026-10-10T05:11:07Z,2026-10-10T07:00:00.000+02:00,A0001011000,A1,85.0,920
2026-10-10T05:11:07Z,2026-10-10T07:00:00.000+02:00,A0027020500,A27,87.0,260
2026-10-10T05:11:07Z,2026-10-10T07:00:00.000+02:00,N0356011500,N356,71.0,860
2026-10-10T05:11:07Z,2026-10-10T07:00:00.000+02:00,A0001010150,A1,97.0,820
2026-10-10T05:11:07Z,2026-10-10T07:00:00.000+02:00,N0356020400,N356,73.0,400
2026-10-10T05:11:07Z,2026-10-10T07:00:00.000+02:00,A0025010700,A25,77.0,550
2026-10-10T05:11:07Z,2026-10-10T07:00:00.000+02:00,A0025020500,A25,74.0,830
2026-10-10T05:11:07Z,2026-10-10T07:00:00.000+02:00,A0022011600,A22,81.0,620
2026-10-10T05:21:03Z,2026-10-10T07:12:00.000+02:00,A0001011200,A1,80.0,950
2026-10-10T05:21:03Z,2026-10-10T07:12:00.000+02:00,A0027010102,A27,91.0,780
2026-10-10T05:21:03Z,2026-10-10T07:12:00.000+02:00,N0041010100,N41,77.0,480
2026-10-10T05:21:03Z,2026-10-10T07:12:00.000+02:00,A0027010101,A27,91.0,780
2026-10-10T05:21:03Z,2026-10-10T07:12:00.000+02:00,A9022010250,A22 (rocade),93.0,100
2026-10-10T05:21:03Z,2026-10-10T07:12:00.000+02:00,A0001020150,A1,102.0,1370
2026-10-10T05:21:03Z,2026-10-10T07:12:00.000+02:00,N0356011700,N356,75.0,1040
2026-10-10T05:21:03Z,2026-10-10T07:12:00.000+02:00,N0356021300,N356,67.0,1170
2026-10-10T05:21:03Z,2026-10-10T07:12:00.000+02:00,A0022011400,A22,77.0,140
2026-10-10T05:21:03Z,2026-10-10T07:12:00.000+02:00,A0027010300,A27,89.0,220
2026-10-10T05:21:03Z,2026-10-10T07:12:00.000+02:00,A9022020250,A22 (rocade),73.0,200
2026-10-10T05:21:03Z,2026-10-10T07:12:00.000+02:00,N0041010300,N41,80.0,430
2026-10-10T05:21:03Z,2026-10-10T07:12:00.000+02:00,A0022011210,A22,113.0,100
2026-10-10T05:21:03Z,2026-10-10T07:12:00.000+02:00,A0027020100,A27,75.0,280
2026-10-10T05:21:03Z,2026-10-10T07:12:00.000+02:00,A0001010300,A1,92.0,790
2026-10-10T05:21:03Z,2026-10-10T07:12:00.000+02:00,A0022011220,A22,113.0,100
2026-10-10T05:21:03Z,2026-10-10T07:12:00.000+02:00,N0227021400,N227,87.0,10
2026-10-10T05:21:03Z,2026-10-10T07:12:00.000+02:00,A9022101110,A22 (rocade),82.0,380
2026-10-10T05:21:03Z,2026-10-10T07:12:00.000+02:00,A0022022110,A22,86.0,1150
2026-10-10T05:21:03Z,2026-10-10T07:12:00.000+02:00,A0001011420,A1,82.0,910
2026-10-10T05:21:03Z,2026-10-10T07:12:00.000+02:00,N0356010800,N356,74.0,1130
2026-10-10T05:21:03Z,2026-10-10T07:12:00.000+02:00,A9001210710,A1 (bretelle),74.0,370
2026-10-10T05:21:03Z,2026-10-10T07:12:00.000+02:00,N0356021110,N356,73.0,1190
2026-10-10T05:21:03Z,2026-10-10T07:12:00.000+02:00,A0001010510,A1,92.0,760
2026-10-10T05:21:03Z,2026-10-10T07:12:00.000+02:00,N0356021122,N356,67.0,1240
2026-10-10T05:21:03Z,2026-10-10T07:12:00.000+02:00,N0356021121,N356,73.0,1190
2026-10-10T05:21:03Z,2026-10-10T07:12:00.000+02:00,A0025010210,A25,76.0,1100
2026-10-10T05:21:03Z,2026-10-10T07:12:00.000+02:00,A0025011300,A25,82.0,670
2026-10-10T05:21:03Z,2026-10-10T07:12:00.000+02:00,A0001020300,A1,103.0,1250
2026-10-10T05:21:03Z,2026-10-10T07:12:00.000+02:00,A0025021100,A25,90.0,710
2026-10-10T05:21:03Z,2026-10-10T07:12:00.000+02:00,A0025023520,A25,110.0,230
2026-10-10T05:21:03Z,2026-10-10T07:12:00.000+02:00,A0022022130,A22,98.0,1090
2026-10-10T05:21:03Z,2026-10-10T07:12:00.000+02:00,A0025010220,A25,76.0,1100
2026-10-10T05:21:03Z,2026-10-10T07:12:00.000+02:00,A0022022120,A22,90.0,1140
2026-10-10T05:21:03Z,2026-10-10T07:12:00.000+02:00,A0001010520,A1,98.0,950
2026-10-10T05:21:03Z,2026-10-10T07:12:00.000+02:00,A0022011000,A22,86.0,560
2026-10-10T05:21:03Z,2026-10-10T07:12:00.000+02:00,A0001020510,A1,99.0,1310
2026-10-10T05:21:03Z,2026-10-10T07:12:00.000+02:00,A0001021602,A1,85.0,2200
2026-10-10T05:21:03Z,2026-10-10T07:12:00.000+02:00,A22TC020222,A22 (contournement),85.0,540
2026-10-10T05:21:03Z,2026-10-10T07:12:00.000+02:00,A0001010940,A1,94.0,1090
2026-10-10T05:21:03Z,2026-10-10T07:12:00.000+02:00,A0025023320,A25,111.0,330
2026-10-10T05:21:03Z,2026-10-10T07:12:00.000+02:00,A0001020520,A1,96.0,1350
2026-10-10T05:21:03Z,2026-10-10T07:12:00.000+02:00,A0025023100,A25,107.0,300
2026-10-10T05:21:03Z,2026-10-10T07:12:00.000+02:00,A22TC020230,A22 (contournement),85.0,540
2026-10-10T05:21:03Z,2026-10-10T07:12:00.000+02:00,A0025021730,A25,88.0,700
2026-10-10T05:21:03Z,2026-10-10T07:12:00.000+02:00,A0025023910,A25,108.0,240
2026-10-10T05:21:03Z,2026-10-10T07:12:00.000+02:00,A0025021735,A25,101.0,670
2026-10-10T05:21:03Z,2026-10-10T07:12:00.000+02:00,A0023010400,A23,101.0,410
2026-10-10T05:21:03Z,2026-10-10T07:12:00.000+02:00,A0022021900,A22,80.0,950
2026-10-10T05:21:03Z,2026-10-10T07:12:00.000+02:00,A9022100500,A22 (rocade),78.0,540
2026-10-10T05:21:03Z,2026-10-10T07:12:00.000+02:00,A0001020940,A1,90.0,1290
2026-10-10T05:21:03Z,2026-10-10T07:12:00.000+02:00,A0001020700,A1,91.0,1070
2026-10-10T05:21:03Z,2026-10-10T07:12:00.000+02:00,A9022020830,A22 (rocade),77.0,80
2026-10-10T05:21:03Z,2026-10-10T07:12:00.000+02:00,A9022020822,A22 (rocade),89.0,350
2026-10-10T05:21:03Z,2026-10-10T07:12:00.000+02:00,A9022020821,A22 (rocade),89.0,350
2026-10-10T05:21:03Z,2026-10-10T07:12:00.000+02:00,A0025020420,A25,74.0,1340
2026-10-10T05:21:03Z,2026-10-10T07:12:00.000+02:00,A0025021510,A25,97.0,530
2026-10-10T05:21:03Z,2026-10-10T07:12:00.000+02:00,N0227010100,N227,64.0,280
2026-10-10T05:21:03Z,2026-10-10T07:12:00.000+02:00,A0025011720,A25,96.0,800
2026-10-10T05:21:03Z,2026-10-10T07:12:00.000+02:00,A0025021760,A25,88.0,670
2026-10-10T05:21:03Z,2026-10-10T07:12:00.000+02:00,A0025011730,A25,84.0,790
2026-10-10T05:21:03Z,2026-10-10T07:12:00.000+02:00,A0025011735,A25,97.0,820
2026-10-10T05:21:03Z,2026-10-10T07:12:00.000+02:00,A9025080700,A25 (bretelle),,160
2026-10-10T05:21:03Z,2026-10-10T07:12:00.000+02:00,A9022100930,A22 (rocade),74.0,70
2026-10-10T05:21:03Z,2026-10-10T07:12:00.000+02:00,N0356011220,N356,72.0,1110
2026-10-10T05:21:03Z,2026-10-10T07:12:00.000+02:00,A0025011740,A25,85.0,720
2026-10-10T05:21:03Z,2026-10-10T07:12:00.000+02:00,A0025010410,A25,69.0,940
2026-10-10T05:21:03Z,2026-10-10T07:12:00.000+02:00,A0023010200,A23,90.0,510
2026-10-10T05:21:03Z,2026-10-10T07:12:00.000+02:00,A9001210120,A1 (bretelle),81.0,190
2026-10-10T05:21:03Z,2026-10-10T07:12:00.000+02:00,A0025020210,A25,77.0,1620
2026-10-10T05:21:03Z,2026-10-10T07:12:00.000+02:00,N0356011210,N356,72.0,1110
2026-10-10T05:21:03Z,2026-10-10T07:12:00.000+02:00,A0025011510,A25,92.0,690
2026-10-10T05:21:03Z,2026-10-10T07:12:00.000+02:00,A0025020220,A25,77.0,1620
2026-10-10T05:21:03Z,2026-10-10T07:12:00.000+02:00,N0227010302,N227,77.0,520
2026-10-10T05:21:03Z,2026-10-10T07:12:00.000+02:00,N0041010500,N41,86.0,340
2026-10-10T05:21:03Z,2026-10-10T07:12:00.000+02:00,N0227020101,N227,89.0,560
2026-10-10T05:21:03Z,2026-10-10T07:12:00.000+02:00,A9022100110,A22 (rocade),66.0,230
2026-10-10T05:21:03Z,2026-10-10T07:12:00.000+02:00,A0022010400,A22,75.0,550
2026-10-10T05:21:03Z,2026-10-10T07:12:00.000+02:00,N0356010302,N356,79.0,1600
2026-10-10T05:21:03Z,2026-10-10T07:12:00.000+02:00,A0025010800,A25,75.0,750
2026-10-10T05:21:03Z,2026-10-10T07:12:00.000+02:00,A0027020621,A27,95.0,290
2026-10-10T05:21:03Z,2026-10-10T07:12:00.000+02:00,N0041010700,N41,92.0,40
2026-10-10T05:21:03Z,2026-10-10T07:12:00.000+02:00,A0027020630,A27,98.0,290
2026-10-10T05:21:03Z,2026-10-10T07:12:00.000+02:00,A0022021512,A22,80.0,800
2026-10-10T05:21:03Z,2026-10-10T07:12:00.000+02:00,A0022021511,A22,81.0,750
2026-10-10T05:21:03Z,2026-10-10T07:12:00.000+02:00,A0027020610,A27,95.0,290
2026-10-10T05:21:03Z,2026-10-10T07:12:00.000+02:00,A0025021720,A25,101.0,760
2026-10-10T05:21:03Z,2026-10-10T07:12:00.000+02:00,A0022021520,A22,80.0,800
2026-10-10T05:21:03Z,2026-10-10T07:12:00.000+02:00,A0025022140,A25,109.0,510
2026-10-10T05:21:03Z,2026-10-10T07:12:00.000+02:00,A0022011302,A22,78.0,400
2026-10-10T05:21:03Z,2026-10-10T07:12:00.000+02:00,A0025022160,A25,104.0,530
2026-10-10T05:21:03Z,2026-10-10T07:12:00.000+02:00,A0027010201,A27,89.0,410
2026-10-10T05:21:03Z,2026-10-10T07:12:00.000+02:00,A0027010202,A27,91.0,280
2026-10-10T05:21:03Z,2026-10-10T07:12:00.000+02:00,N9227110110,N227 (bretelle),76.0,230
2026-10-10T05:21:03Z,2026-10-10T07:12:00.000+02:00,A0025012130,A25,107.0,490
2026-10-10T05:21:03Z,2026-10-10T07:12:00.000+02:00,A0027010210,A27,91.0,280
2026-10-10T05:21:03Z,2026-10-10T07:12:00.000+02:00,A0025011050,A25,90.0,450
2026-10-10T05:21:03Z,2026-10-10T07:12:00.000+02:00,A0027010421,A27,95.0,330
2026-10-10T05:21:03Z,2026-10-10T07:12:00.000+02:00,A0022012420,A22,94.0,640
2026-10-10T05:21:03Z,2026-10-10T07:12:00.000+02:00,A0027010430,A27,98.0,360
2026-10-10T05:21:03Z,2026-10-10T07:12:00.000+02:00,A0023020710,A23,103.0,410
2026-10-10T05:21:03Z,2026-10-10T07:12:00.000+02:00,A0022012430,A22,95.0,550
2026-10-10T05:21:03Z,2026-10-10T07:12:00.000+02:00,A0025012160,A25,119.0,680
2026-10-10T05:21:03Z,2026-10-10T07:12:00.000+02:00,A9022021200,A22 (rocade),60.0,50
2026-10-10T05:21:03Z,2026-10-10T07:12:00.000+02:00,A0001021100,A1,89.0,1390
2026-10-10T05:21:03Z,2026-10-10T07:12:00.000+02:00,A9022101000,A22 (rocade),77.0,260
2026-10-10T05:21:03Z,2026-10-10T07:12:00.000+02:00,A0025013020,A25,106.0,480
2026-10-10T05:21:03Z,2026-10-10T07:12:00.000+02:00,A0027010410,A27,95.0,330
2026-10-10T05:21:03Z,2026-10-10T07:12:00.000+02:00,A0022012410,A22,94.0,670
2026-10-10T05:21:03Z,2026-10-10T07:12:00.000+02:00,A0001A20112,A1,94.0,410
2026-10-10T05:21:03Z,2026-10-10T07:12:00.000+02:00,A0001A20111,A1,80.0,380
2026-10-10T05:21:03Z,2026-10-10T07:12:00.000+02:00,A0001021521,A1,82.0,1490
2026-10-10T05:21:03Z,2026-10-10T07:12:00.000+02:00,A0025022540,A25,104.0,380
2026-10-10T05:21:03Z,2026-10-10T07:12:00.000+02:00,A0025022300,A25,107.0,350
2026-10-10T05:21:03Z,2026-10-10T07:12:00.000+02:00,N0356021000,N356,74.0,1010
2026-10-10T05:21:03Z,2026-10-10T07:12:00.000+02:00,A22TC010102,A22 (contournement),85.0,370
2026-10-10T05:21:03Z,2026-10-10T07:12:00.000+02:00,A0001011503,A1,88.0,1420
2026-10-10T05:21:03Z,2026-10-10T07:12:00.000+02:00,A0022012200,A22,85.0,680
2026-10-10T05:21:03Z,2026-10-10T07:12:00.000+02:00,A0001A20120,A1,91.0,430
2026-10-10T05:21:03Z,2026-10-10T07:12:00.000+02:00,A22TC020102,A22 (contournement),89.0,430
2026-10-10T05:21:03Z,2026-10-10T07:12:00.000+02:00,A22TC010300,A22 (contournement),87.0,430
2026-10-10T05:21:03Z,2026-10-10T07:12:00.000+02:00,A0022012010,A22,83.0,560
2026-10-10T05:21:03Z,2026-10-10T07:12:00.000+02:00,A0022012020,A22,83.0,560
2026-10-10T05:21:03Z,2026-10-10T07:12:00.000+02:00,A0025022130,A25,122.0,560
2026-10-10T05:21:03Z,2026-10-10T07:12:00.000+02:00,A0023010520,A23,109.0,390
2026-10-10T05:21:03Z,2026-10-10T07:12:00.000+02:00,N0041020800,N41,94.0,560
2026-10-10T05:21:03Z,2026-10-10T07:12:00.000+02:00,A0025010500,A25,71.0,710
2026-10-10T05:21:03Z,2026-10-10T07:12:00.000+02:00,A0022020901,A22,95.0,690
2026-10-10T05:21:03Z,2026-10-10T07:12:00.000+02:00,A0022020902,A22,95.0,590
2026-10-10T05:21:03Z,2026-10-10T07:12:00.000+02:00,A0022021810,A22,81.0,830
2026-10-10T05:21:03Z,2026-10-10T07:12:00.000+02:00,N0356011100,N356,72.0,1160
2026-10-10T05:21:03Z,2026-10-10T07:12:00.000+02:00,A0022021820,A22,81.0,830
2026-10-10T05:21:03Z,2026-10-10T07:12:00.000+02:00,N0356020802,N356,73.0,1250
2026-10-10T05:21:03Z,2026-10-10T07:12:00.000+02:00,A0025020102,A25,70.0,340
2026-10-10T05:21:03Z,2026-10-10T07:12:00.000+02:00,A0023010100,A23,91.0,90
2026-10-10T05:21:03Z,2026-10-10T07:12:00.000+02:00,A0025022530,A25,108.0,380
2026-10-10T05:21:03Z,2026-10-10T07:12:00.000+02:00,A9001210200,A1 (bretelle),70.0,490
2026-10-10T05:21:03Z,2026-10-10T07:12:00.000+02:00,A0022010700,A22,86.0,470
2026-10-10T05:21:03Z,2026-10-10T07:12:00.000+02:00,N0041020400,N41,94.0,510
2026-10-10T05:21:03Z,2026-10-10T07:12:00.000+02:00,A0023020720,A23,108.0,450
2026-10-10T05:21:03Z,2026-10-10T07:12:00.000+02:00,A0022020500,A22,95.0,380
2026-10-10T05:21:03Z,2026-10-10T07:12:00.000+02:00,A0025020950,A25,89.0,1170
2026-10-10T05:21:03Z,2026-10-10T07:12:00.000+02:00,A0023020300,A23,80.0,460
2026-10-10T05:21:03Z,2026-10-10T07:12:00.000+02:00,A0001011000,A1,85.0,920
2026-10-10T05:21:03Z,2026-10-10T07:12:00.000+02:00,A0027020500,A27,81.0,210
2026-10-10T05:21:03Z,2026-10-10T07:12:00.000+02:00,N0356011500,N356,66.0,1100
2026-10-10T05:21:03Z,2026-10-10T07:12:00.000+02:00,A0001010150,A1,98.0,830
2026-10-10T05:21:03Z,2026-10-10T07:12:00.000+02:00,N0356020400,N356,69.0,640
2026-10-10T05:21:03Z,2026-10-10T07:12:00.000+02:00,A0025010700,A25,68.0,560
2026-10-10T05:21:03Z,2026-10-10T07:12:00.000+02:00,A0002011230,A2,107.0,710
2026-10-10T05:21:03Z,2026-10-10T07:12:00.000+02:00,A0025020500,A25,73.0,790
2026-10-10T05:21:03Z,2026-10-10T07:12:00.000+02:00,A0002021290,A2,105.0,1120
2026-10-10T05:21:03Z,2026-10-10T07:12:00.000+02:00,A0022011600,A22,84.0,360
2026-10-10T05:31:11Z,2026-10-10T07:24:00.000+02:00,A0001011200,A1,81.0,1040
2026-10-10T05:31:11Z,2026-10-10T07:24:00.000+02:00,A0027010102,A27,82.0,790
2026-10-10T05:31:11Z,2026-10-10T07:24:00.000+02:00,N0041010100,N41,67.0,770
2026-10-10T05:31:11Z,2026-10-10T07:24:00.000+02:00,A0027010101,A27,82.0,790
2026-10-10T05:31:11Z,2026-10-10T07:24:00.000+02:00,A9022010250,A22 (rocade),79.0,90
2026-10-10T05:31:11Z,2026-10-10T07:24:00.000+02:00,A0001020150,A1,102.0,1740
2026-10-10T05:31:11Z,2026-10-10T07:24:00.000+02:00,N0356011700,N356,75.0,870
2026-10-10T05:31:11Z,2026-10-10T07:24:00.000+02:00,N0356021300,N356,69.0,1330
2026-10-10T05:31:11Z,2026-10-10T07:24:00.000+02:00,A0022011400,A22,81.0,210
2026-10-10T05:31:11Z,2026-10-10T07:24:00.000+02:00,A0027010300,A27,89.0,290
2026-10-10T05:31:11Z,2026-10-10T07:24:00.000+02:00,A9022020250,A22 (rocade),70.0,270
2026-10-10T05:31:11Z,2026-10-10T07:24:00.000+02:00,N0041010300,N41,84.0,680
2026-10-10T05:31:11Z,2026-10-10T07:24:00.000+02:00,A0022011210,A22,82.0,120
2026-10-10T05:31:11Z,2026-10-10T07:24:00.000+02:00,A0027020100,A27,72.0,370
2026-10-10T05:31:11Z,2026-10-10T07:24:00.000+02:00,A0001010300,A1,104.0,1000
2026-10-10T05:31:11Z,2026-10-10T07:24:00.000+02:00,A0022011220,A22,82.0,120
2026-10-10T05:31:11Z,2026-10-10T07:24:00.000+02:00,N0227021400,N227,,10
2026-10-10T05:31:11Z,2026-10-10T07:24:00.000+02:00,A9022101110,A22 (rocade),79.0,390
2026-10-10T05:31:11Z,2026-10-10T07:24:00.000+02:00,A0022022110,A22,88.0,1260
2026-10-10T05:31:11Z,2026-10-10T07:24:00.000+02:00,A0001011420,A1,87.0,900
2026-10-10T05:31:11Z,2026-10-10T07:24:00.000+02:00,N0356010800,N356,73.0,870
2026-10-10T05:31:11Z,2026-10-10T07:24:00.000+02:00,A9001210710,A1 (bretelle),75.0,240
2026-10-10T05:31:11Z,2026-10-10T07:24:00.000+02:00,N0356021110,N356,74.0,1320
2026-10-10T05:31:11Z,2026-10-10T07:24:00.000+02:00,A0001010510,A1,104.0,980
2026-10-10T05:31:11Z,2026-10-10T07:24:00.000+02:00,N0356021122,N356,67.0,1330
2026-10-10T05:31:11Z,2026-10-10T07:24:00.000+02:00,N0356021121,N356,74.0,1320
2026-10-10T05:31:11Z,2026-10-10T07:24:00.000+02:00,A0025010210,A25,78.0,960
2026-10-10T05:31:11Z,2026-10-10T07:24:00.000+02:00,A0025011300,A25,88.0,560
2026-10-10T05:31:11Z,2026-10-10T07:24:00.000+02:00,A0001020300,A1,103.0,1740
2026-10-10T05:31:11Z,2026-10-10T07:24:00.000+02:00,A0025021100,A25,88.0,690
2026-10-10T05:31:11Z,2026-10-10T07:24:00.000+02:00,A0025023520,A25,93.0,220
2026-10-10T05:31:11Z,2026-10-10T07:24:00.000+02:00,A0022022130,A22,101.0,1220
2026-10-10T05:31:11Z,2026-10-10T07:24:00.000+02:00,A0025010220,A25,78.0,960
2026-10-10T05:31:11Z,2026-10-10T07:24:00.000+02:00,A0022022120,A22,90.0,1290
2026-10-10T05:31:11Z,2026-10-10T07:24:00.000+02:00,A0001010520,A1,101.0,1040
2026-10-10T05:31:11Z,2026-10-10T07:24:00.000+02:00,A0022011000,A22,79.0,680
2026-10-10T05:31:11Z,2026-10-10T07:24:00.000+02:00,A0001020510,A1,101.0,1740
2026-10-10T05:31:11Z,2026-10-10T07:24:00.000+02:00,A0001021602,A1,85.0,2270
2026-10-10T05:31:11Z,2026-10-10T07:24:00.000+02:00,A22TC020222,A22 (contournement),94.0,540
2026-10-10T05:31:11Z,2026-10-10T07:24:00.000+02:00,A0001010940,A1,97.0,1140
2026-10-10T05:31:11Z,2026-10-10T07:24:00.000+02:00,A0025023320,A25,104.0,360
2026-10-10T05:31:11Z,2026-10-10T07:24:00.000+02:00,A0001020520,A1,96.0,1830
2026-10-10T05:31:11Z,2026-10-10T07:24:00.000+02:00,A0025023100,A25,99.0,340
2026-10-10T05:31:11Z,2026-10-10T07:24:00.000+02:00,A22TC020230,A22 (contournement),94.0,540
2026-10-10T05:31:11Z,2026-10-10T07:24:00.000+02:00,A0025021730,A25,89.0,830
2026-10-10T05:31:11Z,2026-10-10T07:24:00.000+02:00,A0025023910,A25,106.0,260
2026-10-10T05:31:11Z,2026-10-10T07:24:00.000+02:00,A0025021735,A25,103.0,900
2026-10-10T05:31:11Z,2026-10-10T07:24:00.000+02:00,A0023010400,A23,105.0,480
2026-10-10T05:31:11Z,2026-10-10T07:24:00.000+02:00,A0022021900,A22,81.0,1000
2026-10-10T05:31:11Z,2026-10-10T07:24:00.000+02:00,A9022100500,A22 (rocade),81.0,480
2026-10-10T05:31:11Z,2026-10-10T07:24:00.000+02:00,A0001020940,A1,89.0,1750
2026-10-10T05:31:11Z,2026-10-10T07:24:00.000+02:00,A0001020700,A1,92.0,1530
2026-10-10T05:31:11Z,2026-10-10T07:24:00.000+02:00,A9022020830,A22 (rocade),84.0,80
2026-10-10T05:31:11Z,2026-10-10T07:24:00.000+02:00,A9022020822,A22 (rocade),89.0,500
2026-10-10T05:31:11Z,2026-10-10T07:24:00.000+02:00,A9022020821,A22 (rocade),89.0,500
2026-10-10T05:31:11Z,2026-10-10T07:24:00.000+02:00,A0025020420,A25,74.0,1320
2026-10-10T05:31:11Z,2026-10-10T07:24:00.000+02:00,A0025021510,A25,90.0,490
2026-10-10T05:31:11Z,2026-10-10T07:24:00.000+02:00,N0227010100,N227,67.0,380
2026-10-10T05:31:11Z,2026-10-10T07:24:00.000+02:00,A0025011720,A25,100.0,900
2026-10-10T05:31:11Z,2026-10-10T07:24:00.000+02:00,A0025021760,A25,86.0,900
2026-10-10T05:31:11Z,2026-10-10T07:24:00.000+02:00,A0025011730,A25,90.0,1010
2026-10-10T05:31:11Z,2026-10-10T07:24:00.000+02:00,A0025011735,A25,104.0,910
2026-10-10T05:31:11Z,2026-10-10T07:24:00.000+02:00,A9025080700,A25 (bretelle),,220
2026-10-10T05:31:11Z,2026-10-10T07:24:00.000+02:00,A9022100930,A22 (rocade),67.0,60
2026-10-10T05:31:11Z,2026-10-10T07:24:00.000+02:00,N0356011220,N356,71.0,940
2026-10-10T05:31:11Z,2026-10-10T07:24:00.000+02:00,A0025011740,A25,90.0,940
2026-10-10T05:31:11Z,2026-10-10T07:24:00.000+02:00,A0025010410,A25,71.0,870
2026-10-10T05:31:11Z,2026-10-10T07:24:00.000+02:00,A0023010200,A23,90.0,530
2026-10-10T05:31:11Z,2026-10-10T07:24:00.000+02:00,A9001210120,A1 (bretelle),78.0,130
2026-10-10T05:31:11Z,2026-10-10T07:24:00.000+02:00,A0025020210,A25,76.0,1570
2026-10-10T05:31:11Z,2026-10-10T07:24:00.000+02:00,N0356011210,N356,71.0,940
2026-10-10T05:31:11Z,2026-10-10T07:24:00.000+02:00,A0025011510,A25,92.0,520
2026-10-10T05:31:11Z,2026-10-10T07:24:00.000+02:00,A0025020220,A25,76.0,1570
2026-10-10T05:31:11Z,2026-10-10T07:24:00.000+02:00,N0227010302,N227,79.0,640
2026-10-10T05:31:11Z,2026-10-10T07:24:00.000+02:00,N0041010500,N41,68.0,520
2026-10-10T05:31:11Z,2026-10-10T07:24:00.000+02:00,N0227020101,N227,85.0,610
2026-10-10T05:31:11Z,2026-10-10T07:24:00.000+02:00,A9022100110,A22 (rocade),64.0,230
2026-10-10T05:31:11Z,2026-10-10T07:24:00.000+02:00,A0022010400,A22,74.0,790
2026-10-10T05:31:11Z,2026-10-10T07:24:00.000+02:00,N0356010302,N356,75.0,1450
2026-10-10T05:31:11Z,2026-10-10T07:24:00.000+02:00,A0025010800,A25,78.0,750
2026-10-10T05:31:11Z,2026-10-10T07:24:00.000+02:00,A0027020621,A27,98.0,330
2026-10-10T05:31:11Z,2026-10-10T07:24:00.000+02:00,N0041010700,N41,105.0,70
2026-10-10T05:31:11Z,2026-10-10T07:24:00.000+02:00,A0027020630,A27,100.0,340
2026-10-10T05:31:11Z,2026-10-10T07:24:00.000+02:00,A0022021512,A22,80.0,870
2026-10-10T05:31:11Z,2026-10-10T07:24:00.000+02:00,A0022021511,A22,79.0,840
2026-10-10T05:31:11Z,2026-10-10T07:24:00.000+02:00,A0027020610,A27,98.0,330
2026-10-10T05:31:11Z,2026-10-10T07:24:00.000+02:00,A0025021720,A25,101.0,790
2026-10-10T05:31:11Z,2026-10-10T07:24:00.000+02:00,A0022021520,A22,80.0,870
2026-10-10T05:31:11Z,2026-10-10T07:24:00.000+02:00,A0025022140,A25,116.0,670
2026-10-10T05:31:11Z,2026-10-10T07:24:00.000+02:00,A0022011302,A22,76.0,510
2026-10-10T05:31:11Z,2026-10-10T07:24:00.000+02:00,A0025022160,A25,110.0,690
2026-10-10T05:31:11Z,2026-10-10T07:24:00.000+02:00,A0027010201,A27,90.0,540
2026-10-10T05:31:11Z,2026-10-10T07:24:00.000+02:00,A0027010202,A27,82.0,240
2026-10-10T05:31:11Z,2026-10-10T07:24:00.000+02:00,N9227110110,N227 (bretelle),77.0,430
2026-10-10T05:31:11Z,2026-10-10T07:24:00.000+02:00,A0025012130,A25,100.0,550
2026-10-10T05:31:11Z,2026-10-10T07:24:00.000+02:00,A0027010210,A27,82.0,240
2026-10-10T05:31:11Z,2026-10-10T07:24:00.000+02:00,A0025011050,A25,100.0,400
2026-10-10T05:31:11Z,2026-10-10T07:24:00.000+02:00,A0025012140,A25,100.0,270
2026-10-10T05:31:11Z,2026-10-10T07:24:00.000+02:00,A0027010421,A27,95.0,410
2026-10-10T05:31:11Z,2026-10-10T07:24:00.000+02:00,A0022012420,A22,96.0,780
2026-10-10T05:31:11Z,2026-10-10T07:24:00.000+02:00,A0027010430,A27,98.0,440
2026-10-10T05:31:11Z,2026-10-10T07:24:00.000+02:00,A0023020710,A23,101.0,350
2026-10-10T05:31:11Z,2026-10-10T07:24:00.000+02:00,A0022012430,A22,94.0,810
2026-10-10T05:31:11Z,2026-10-10T07:24:00.000+02:00,A0025012160,A25,124.0,930
2026-10-10T05:31:11Z,2026-10-10T07:24:00.000+02:00,A9022021200,A22 (rocade),60.0,60
2026-10-10T05:31:11Z,2026-10-10T07:24:00.000+02:00,A0001021100,A1,87.0,1580
2026-10-10T05:31:11Z,2026-10-10T07:24:00.000+02:00,A9022101000,A22 (rocade),,200
2026-10-10T05:31:11Z,2026-10-10T07:24:00.000+02:00,A0025013020,A25,108.0,710
2026-10-10T05:31:11Z,2026-10-10T07:24:00.000+02:00,A0027010410,A27,95.0,410
2026-10-10T05:31:11Z,2026-10-10T07:24:00.000+02:00,A0022012410,A22,95.0,770
2026-10-10T05:31:11Z,2026-10-10T07:24:00.000+02:00,A0001A20112,A1,90.0,560
2026-10-10T05:31:11Z,2026-10-10T07:24:00.000+02:00,A0001A20111,A1,82.0,380
2026-10-10T05:31:11Z,2026-10-10T07:24:00.000+02:00,A0001021521,A1,83.0,1440
2026-10-10T05:31:11Z,2026-10-10T07:24:00.000+02:00,A0025022540,A25,104.0,460
2026-10-10T05:31:11Z,2026-10-10T07:24:00.000+02:00,A0025022300,A25,114.0,240
2026-10-10T05:31:11Z,2026-10-10T07:24:00.000+02:00,N0356021000,N356,75.0,1180
2026-10-10T05:31:11Z,2026-10-10T07:24:00.000+02:00,A22TC010102,A22 (contournement),88.0,360
2026-10-10T05:31:11Z,2026-10-10T07:24:00.000+02:00,A0001011503,A1,89.0,1470
2026-10-10T05:31:11Z,2026-10-10T07:24:00.000+02:00,A0022012200,A22,84.0,710
2026-10-10T05:31:11Z,2026-10-10T07:24:00.000+02:00,A0001A20120,A1,90.0,550
2026-10-10T05:31:11Z,2026-10-10T07:24:00.000+02:00,A22TC020102,A22 (contournement),86.0,540
2026-10-10T05:31:11Z,2026-10-10T07:24:00.000+02:00,A22TC010300,A22 (contournement),85.0,540
2026-10-10T05:31:11Z,2026-10-10T07:24:00.000+02:00,A0022012010,A22,84.0,620
2026-10-10T05:31:11Z,2026-10-10T07:24:00.000+02:00,A0022012020,A22,84.0,620
2026-10-10T05:31:11Z,2026-10-10T07:24:00.000+02:00,A0025022130,A25,129.0,680
2026-10-10T05:31:11Z,2026-10-10T07:24:00.000+02:00,A0023010520,A23,111.0,480
2026-10-10T05:31:11Z,2026-10-10T07:24:00.000+02:00,N0041020800,N41,97.0,500
2026-10-10T05:31:11Z,2026-10-10T07:24:00.000+02:00,A0025010500,A25,77.0,650
2026-10-10T05:31:11Z,2026-10-10T07:24:00.000+02:00,A0022020901,A22,92.0,580
2026-10-10T05:31:11Z,2026-10-10T07:24:00.000+02:00,A0022020902,A22,92.0,440
2026-10-10T05:31:11Z,2026-10-10T07:24:00.000+02:00,A0022021810,A22,83.0,880
2026-10-10T05:31:11Z,2026-10-10T07:24:00.000+02:00,N0356011100,N356,72.0,830
2026-10-10T05:31:11Z,2026-10-10T07:24:00.000+02:00,A0022021820,A22,83.0,880
2026-10-10T05:31:11Z,2026-10-10T07:24:00.000+02:00,N0356020802,N356,74.0,1180
2026-10-10T05:31:11Z,2026-10-10T07:24:00.000+02:00,A9022020900,A22 (rocade),73.0,220
2026-10-10T05:31:11Z,2026-10-10T07:24:00.000+02:00,A0025020102,A25,67.0,190
2026-10-10T05:31:11Z,2026-10-10T07:24:00.000+02:00,A0023010100,A23,91.0,40
2026-10-10T05:31:11Z,2026-10-10T07:24:00.000+02:00,A0025022530,A25,107.0,490
2026-10-10T05:31:11Z,2026-10-10T07:24:00.000+02:00,A9001210200,A1 (bretelle),69.0,510
2026-10-10T05:31:11Z,2026-10-10T07:24:00.000+02:00,A0022010700,A22,79.0,580
2026-10-10T05:31:11Z,2026-10-10T07:24:00.000+02:00,N0041020400,N41,89.0,630
2026-10-10T05:31:11Z,2026-10-10T07:24:00.000+02:00,A0023020720,A23,110.0,360
2026-10-10T05:31:11Z,2026-10-10T07:24:00.000+02:00,A0022020500,A22,92.0,360
2026-10-10T05:31:11Z,2026-10-10T07:24:00.000+02:00,N93563b0150,N356 (bretelle),67.0,30
2026-10-10T05:31:11Z,2026-10-10T07:24:00.000+02:00,A0025020950,A25,90.0,1310
2026-10-10T05:31:11Z,2026-10-10T07:24:00.000+02:00,A0023020300,A23,90.0,460
2026-10-10T05:31:11Z,2026-10-10T07:24:00.000+02:00,A0001011000,A1,84.0,960
2026-10-10T05:31:11Z,2026-10-10T07:24:00.000+02:00,A0027020500,A27,92.0,220
2026-10-10T05:31:11Z,2026-10-10T07:24:00.000+02:00,N0356011500,N356,64.0,990
2026-10-10T05:31:11Z,2026-10-10T07:24:00.000+02:00,A0001010150,A1,101.0,1100
2026-10-10T05:31:11Z,2026-10-10T07:24:00.000+02:00,N0356020400,N356,68.0,760
2026-10-10T05:31:11Z,2026-10-10T07:24:00.000+02:00,A0025010700,A25,77.0,560
2026-10-10T05:31:11Z,2026-10-10T07:24:00.000+02:00,A0002011230,A2,107.0,810
2026-10-10T05:31:11Z,2026-10-10T07:24:00.000+02:00,A0025020500,A25,73.0,1040
2026-10-10T05:31:11Z,2026-10-10T07:24:00.000+02:00,A0002021290,A2,104.0,1110
2026-10-10T05:31:11Z,2026-10-10T07:24:00.000+02:00,A0022011600,A22,19.0,370
2026-10-10T05:41:00Z,2026-10-10T07:30:00.000+02:00,A0001011200,A1,80.0,1070
2026-10-10T05:41:00Z,2026-10-10T07:30:00.000+02:00,A0027010102,A27,88.0,970
2026-10-10T05:41:00Z,2026-10-10T07:30:00.000+02:00,N0041010100,N41,75.0,730
2026-10-10T05:41:00Z,2026-10-10T07:30:00.000+02:00,A0027010101,A27,88.0,970
2026-10-10T05:41:00Z,2026-10-10T07:30:00.000+02:00,A9022010250,A22 (rocade),86.0,90
2026-10-10T05:41:00Z,2026-10-10T07:30:00.000+02:00,A0001020150,A1,100.0,1930
2026-10-10T05:41:00Z,2026-10-10T07:30:00.000+02:00,N0356011700,N356,74.0,930
2026-10-10T05:41:00Z,2026-10-10T07:30:00.000+02:00,N0356021300,N356,68.0,1340
2026-10-10T05:41:00Z,2026-10-10T07:30:00.000+02:00,A0022011400,A22,75.0,230
2026-10-10T05:41:00Z,2026-10-10T07:30:00.000+02:00,A0027010300,A27,89.0,320
2026-10-10T05:41:00Z,2026-10-10T07:30:00.000+02:00,A9022020250,A22 (rocade),70.0,290
2026-10-10T05:41:00Z,2026-10-10T07:30:00.000+02:00,N0041010300,N41,83.0,600
2026-10-10T05:41:00Z,2026-10-10T07:30:00.000+02:00,A0022011210,A22,80.0,130
2026-10-10T05:41:00Z,2026-10-10T07:30:00.000+02:00,A0027020100,A27,72.0,300
2026-10-10T05:41:00Z,2026-10-10T07:30:00.000+02:00,A0001010300,A1,99.0,1140
2026-10-10T05:41:00Z,2026-10-10T07:30:00.000+02:00,A0022011220,A22,80.0,130
2026-10-10T05:41:00Z,2026-10-10T07:30:00.000+02:00,A9022101110,A22 (rocade),75.0,390
2026-10-10T05:41:00Z,2026-10-10T07:30:00.000+02:00,A0022022110,A22,89.0,1560
2026-10-10T05:41:00Z,2026-10-10T07:30:00.000+02:00,A0001011420,A1,86.0,880
2026-10-10T05:41:00Z,2026-10-10T07:30:00.000+02:00,N0356010800,N356,73.0,960
2026-10-10T05:41:00Z,2026-10-10T07:30:00.000+02:00,A9001210710,A1 (bretelle),74.0,530
2026-10-10T05:41:00Z,2026-10-10T07:30:00.000+02:00,N0356021110,N356,74.0,1530
2026-10-10T05:41:00Z,2026-10-10T07:30:00.000+02:00,A0001010510,A1,99.0,1100
2026-10-10T05:41:00Z,2026-10-10T07:30:00.000+02:00,N0356021122,N356,67.0,1480
2026-10-10T05:41:00Z,2026-10-10T07:30:00.000+02:00,N0356021121,N356,74.0,1530
2026-10-10T05:41:00Z,2026-10-10T07:30:00.000+02:00,A0025010210,A25,76.0,1290
2026-10-10T05:41:00Z,2026-10-10T07:30:00.000+02:00,A0025011300,A25,86.0,500
2026-10-10T05:41:00Z,2026-10-10T07:30:00.000+02:00,A0001020300,A1,103.0,1740
2026-10-10T05:41:00Z,2026-10-10T07:30:00.000+02:00,A0025021100,A25,89.0,600
2026-10-10T05:41:00Z,2026-10-10T07:30:00.000+02:00,A0025023520,A25,103.0,410
2026-10-10T05:41:00Z,2026-10-10T07:30:00.000+02:00,A0022022130,A22,100.0,1530
2026-10-10T05:41:00Z,2026-10-10T07:30:00.000+02:00,A0025010220,A25,76.0,1290
2026-10-10T05:41:00Z,2026-10-10T07:30:00.000+02:00,A0022022120,A22,93.0,1550
2026-10-10T05:41:00Z,2026-10-10T07:30:00.000+02:00,A0001010520,A1,99.0,1200
2026-10-10T05:41:00Z,2026-10-10T07:30:00.000+02:00,A0022011000,A22,77.0,820
2026-10-10T05:41:00Z,2026-10-10T07:30:00.000+02:00,A0001020510,A1,100.0,1840
2026-10-10T05:41:00Z,2026-10-10T07:30:00.000+02:00,A0001021602,A1,84.0,2340
2026-10-10T05:41:00Z,2026-10-10T07:30:00.000+02:00,A22TC020222,A22 (contournement),92.0,760
2026-10-10T05:41:00Z,2026-10-10T07:30:00.000+02:00,A0001010940,A1,96.0,1280
2026-10-10T05:41:00Z,2026-10-10T07:30:00.000+02:00,A0025023320,A25,103.0,470
2026-10-10T05:41:00Z,2026-10-10T07:30:00.000+02:00,A0001020520,A1,96.0,1860
2026-10-10T05:41:00Z,2026-10-10T07:30:00.000+02:00,A0025023100,A25,98.0,400
2026-10-10T05:41:00Z,2026-10-10T07:30:00.000+02:00,A22TC020230,A22 (contournement),92.0,760
2026-10-10T05:41:00Z,2026-10-10T07:30:00.000+02:00,A0025021730,A25,90.0,830
2026-10-10T05:41:00Z,2026-10-10T07:30:00.000+02:00,A0025023910,A25,107.0,360
2026-10-10T05:41:00Z,2026-10-10T07:30:00.000+02:00,A0025021735,A25,101.0,870
2026-10-10T05:41:00Z,2026-10-10T07:30:00.000+02:00,A0023010400,A23,103.0,530
2026-10-10T05:41:00Z,2026-10-10T07:30:00.000+02:00,A0022021900,A22,83.0,1330
2026-10-10T05:41:00Z,2026-10-10T07:30:00.000+02:00,A9022100500,A22 (rocade),81.0,690
2026-10-10T05:41:00Z,2026-10-10T07:30:00.000+02:00,A0001020940,A1,90.0,1740
2026-10-10T05:41:00Z,2026-10-10T07:30:00.000+02:00,A0001020700,A1,95.0,1580
2026-10-10T05:41:00Z,2026-10-10T07:30:00.000+02:00,A9022020830,A22 (rocade),81.0,50
2026-10-10T05:41:00Z,2026-10-10T07:30:00.000+02:00,A9022020822,A22 (rocade),89.0,610
2026-10-10T05:41:00Z,2026-10-10T07:30:00.000+02:00,A9022020821,A22 (rocade),89.0,610
2026-10-10T05:41:00Z,2026-10-10T07:30:00.000+02:00,A0025020420,A25,74.0,1500
2026-10-10T05:41:00Z,2026-10-10T07:30:00.000+02:00,A0025021510,A25,93.0,540
2026-10-10T05:41:00Z,2026-10-10T07:30:00.000+02:00,N0227010100,N227,66.0,370
2026-10-10T05:41:00Z,2026-10-10T07:30:00.000+02:00,A0025011720,A25,100.0,690
2026-10-10T05:41:00Z,2026-10-10T07:30:00.000+02:00,A0025021760,A25,84.0,860
2026-10-10T05:41:00Z,2026-10-10T07:30:00.000+02:00,A0025011730,A25,88.0,690
2026-10-10T05:41:00Z,2026-10-10T07:30:00.000+02:00,A0025011735,A25,99.0,750
2026-10-10T05:41:00Z,2026-10-10T07:30:00.000+02:00,A9025080700,A25 (bretelle),,150
2026-10-10T05:41:00Z,2026-10-10T07:30:00.000+02:00,A9022100930,A22 (rocade),78.0,30
2026-10-10T05:41:00Z,2026-10-10T07:30:00.000+02:00,N0356011220,N356,72.0,1010
2026-10-10T05:41:00Z,2026-10-10T07:30:00.000+02:00,A0025011740,A25,87.0,790
2026-10-10T05:41:00Z,2026-10-10T07:30:00.000+02:00,A0025010410,A25,73.0,900
2026-10-10T05:41:00Z,2026-10-10T07:30:00.000+02:00,A0023010200,A23,88.0,620
2026-10-10T05:41:00Z,2026-10-10T07:30:00.000+02:00,A9001210120,A1 (bretelle),76.0,250
2026-10-10T05:41:00Z,2026-10-10T07:30:00.000+02:00,A0025020210,A25,77.0,1780
2026-10-10T05:41:00Z,2026-10-10T07:30:00.000+02:00,N0356011210,N356,72.0,1010
2026-10-10T05:41:00Z,2026-10-10T07:30:00.000+02:00,A0025011510,A25,79.0,570
2026-10-10T05:41:00Z,2026-10-10T07:30:00.000+02:00,A0025020220,A25,77.0,1780
2026-10-10T05:41:00Z,2026-10-10T07:30:00.000+02:00,N0227010302,N227,75.0,660
2026-10-10T05:41:00Z,2026-10-10T07:30:00.000+02:00,N0041010500,N41,104.0,520
2026-10-10T05:41:00Z,2026-10-10T07:30:00.000+02:00,N0227020101,N227,86.0,550
2026-10-10T05:41:00Z,2026-10-10T07:30:00.000+02:00,A9022100110,A22 (rocade),65.0,290
2026-10-10T05:41:00Z,2026-10-10T07:30:00.000+02:00,A0022010400,A22,71.0,830
2026-10-10T05:41:00Z,2026-10-10T07:30:00.000+02:00,N0356010302,N356,76.0,1720
2026-10-10T05:41:00Z,2026-10-10T07:30:00.000+02:00,A0025010800,A25,75.0,920
2026-10-10T05:41:00Z,2026-10-10T07:30:00.000+02:00,A0027020621,A27,96.0,380
2026-10-10T05:41:00Z,2026-10-10T07:30:00.000+02:00,N0041010700,N41,102.0,120
2026-10-10T05:41:00Z,2026-10-10T07:30:00.000+02:00,A0027020630,A27,100.0,350
2026-10-10T05:41:00Z,2026-10-10T07:30:00.000+02:00,A0022021512,A22,79.0,1130
2026-10-10T05:41:00Z,2026-10-10T07:30:00.000+02:00,A0022021511,A22,79.0,1230
2026-10-10T05:41:00Z,2026-10-10T07:30:00.000+02:00,A0027020610,A27,96.0,380
2026-10-10T05:41:00Z,2026-10-10T07:30:00.000+02:00,A0025021720,A25,102.0,870
2026-10-10T05:41:00Z,2026-10-10T07:30:00.000+02:00,A0022021520,A22,79.0,1130
2026-10-10T05:41:00Z,2026-10-10T07:30:00.000+02:00,A0025022140,A25,99.0,800
2026-10-10T05:41:00Z,2026-10-10T07:30:00.000+02:00,A0022011302,A22,74.0,570
2026-10-10T05:41:00Z,2026-10-10T07:30:00.000+02:00,A0025022160,A25,95.0,820
2026-10-10T05:41:00Z,2026-10-10T07:30:00.000+02:00,A0027010201,A27,90.0,730
2026-10-10T05:41:00Z,2026-10-10T07:30:00.000+02:00,A0027010202,A27,88.0,190
2026-10-10T05:41:00Z,2026-10-10T07:30:00.000+02:00,N9227110110,N227 (bretelle),73.0,450
2026-10-10T05:41:00Z,2026-10-10T07:30:00.000+02:00,A0025012130,A25,106.0,520
2026-10-10T05:41:00Z,2026-10-10T07:30:00.000+02:00,A0027010210,A27,88.0,190
2026-10-10T05:41:00Z,2026-10-10T07:30:00.000+02:00,A0025011050,A25,102.0,510
2026-10-10T05:41:00Z,2026-10-10T07:30:00.000+02:00,A0025012140,A25,106.0,140
2026-10-10T05:41:00Z,2026-10-10T07:30:00.000+02:00,A0027010421,A27,95.0,340
2026-10-10T05:41:00Z,2026-10-10T07:30:00.000+02:00,A0022012420,A22,97.0,730
2026-10-10T05:41:00Z,2026-10-10T07:30:00.000+02:00,A0027010430,A27,98.0,340
2026-10-10T05:41:00Z,2026-10-10T07:30:00.000+02:00,A0023020710,A23,109.0,580
2026-10-10T05:41:00Z,2026-10-10T07:30:00.000+02:00,A0022012430,A22,94.0,720
2026-10-10T05:41:00Z,2026-10-10T07:30:00.000+02:00,A0025012160,A25,120.0,590
2026-10-10T05:41:00Z,2026-10-10T07:30:00.000+02:00,A9022021200,A22 (rocade),58.0,100
2026-10-10T05:41:00Z,2026-10-10T07:30:00.000+02:00,A0001021100,A1,89.0,1650
2026-10-10T05:41:00Z,2026-10-10T07:30:00.000+02:00,A9022101000,A22 (rocade),,180
2026-10-10T05:41:00Z,2026-10-10T07:30:00.000+02:00,A0025013020,A25,113.0,640
2026-10-10T05:41:00Z,2026-10-10T07:30:00.000+02:00,A0027010410,A27,95.0,340
2026-10-10T05:41:00Z,2026-10-10T07:30:00.000+02:00,A0022012410,A22,95.0,790
2026-10-10T05:41:00Z,2026-10-10T07:30:00.000+02:00,A0001A20112,A1,90.0,530
2026-10-10T05:41:00Z,2026-10-10T07:30:00.000+02:00,A0001A20111,A1,82.0,350
2026-10-10T05:41:00Z,2026-10-10T07:30:00.000+02:00,A0001021521,A1,83.0,1530
2026-10-10T05:41:00Z,2026-10-10T07:30:00.000+02:00,A0025022540,A25,105.0,440
2026-10-10T05:41:00Z,2026-10-10T07:30:00.000+02:00,A0025022300,A25,102.0,250
2026-10-10T05:41:00Z,2026-10-10T07:30:00.000+02:00,N0356021000,N356,75.0,1270
2026-10-10T05:41:00Z,2026-10-10T07:30:00.000+02:00,A22TC010102,A22 (contournement),87.0,460
2026-10-10T05:41:00Z,2026-10-10T07:30:00.000+02:00,A0001011503,A1,87.0,1580
2026-10-10T05:41:00Z,2026-10-10T07:30:00.000+02:00,A0022012200,A22,81.0,710
2026-10-10T05:41:00Z,2026-10-10T07:30:00.000+02:00,A0001A20120,A1,89.0,530
2026-10-10T05:41:00Z,2026-10-10T07:30:00.000+02:00,A22TC020102,A22 (contournement),87.0,580
2026-10-10T05:41:00Z,2026-10-10T07:30:00.000+02:00,A22TC010300,A22 (contournement),79.0,390
2026-10-10T05:41:00Z,2026-10-10T07:30:00.000+02:00,A0022012010,A22,79.0,580
2026-10-10T05:41:00Z,2026-10-10T07:30:00.000+02:00,A0022012020,A22,79.0,580
2026-10-10T05:41:00Z,2026-10-10T07:30:00.000+02:00,A0025022130,A25,112.0,780
2026-10-10T05:41:00Z,2026-10-10T07:30:00.000+02:00,A0023010520,A23,108.0,460
2026-10-10T05:41:00Z,2026-10-10T07:30:00.000+02:00,N0041020800,N41,92.0,550
2026-10-10T05:41:00Z,2026-10-10T07:30:00.000+02:00,A0025010500,A25,79.0,690
2026-10-10T05:41:00Z,2026-10-10T07:30:00.000+02:00,A0022020901,A22,77.0,700
2026-10-10T05:41:00Z,2026-10-10T07:30:00.000+02:00,A0022020902,A22,77.0,500
2026-10-10T05:41:00Z,2026-10-10T07:30:00.000+02:00,A0022021810,A22,81.0,1170
2026-10-10T05:41:00Z,2026-10-10T07:30:00.000+02:00,N0356011100,N356,70.0,970
2026-10-10T05:41:00Z,2026-10-10T07:30:00.000+02:00,A0022021820,A22,81.0,1170
2026-10-10T05:41:00Z,2026-10-10T07:30:00.000+02:00,N0356020802,N356,72.0,1370
2026-10-10T05:41:00Z,2026-10-10T07:30:00.000+02:00,A9022020900,A22 (rocade),73.0,290
2026-10-10T05:41:00Z,2026-10-10T07:30:00.000+02:00,A0025020102,A25,74.0,230
2026-10-10T05:41:00Z,2026-10-10T07:30:00.000+02:00,A0023010100,A23,90.0,130
2026-10-10T05:41:00Z,2026-10-10T07:30:00.000+02:00,A0025022530,A25,107.0,420
2026-10-10T05:41:00Z,2026-10-10T07:30:00.000+02:00,A9001210200,A1 (bretelle),66.0,520
2026-10-10T05:41:00Z,2026-10-10T07:30:00.000+02:00,A0022010700,A22,77.0,710
2026-10-10T05:41:00Z,2026-10-10T07:30:00.000+02:00,N0041020400,N41,87.0,540
2026-10-10T05:41:00Z,2026-10-10T07:30:00.000+02:00,A0023020720,A23,113.0,630
2026-10-10T05:41:00Z,2026-10-10T07:30:00.000+02:00,A0022020500,A22,77.0,490
2026-10-10T05:41:00Z,2026-10-10T07:30:00.000+02:00,N93563b0150,N356 (bretelle),65.0,10
2026-10-10T05:41:00Z,2026-10-10T07:30:00.000+02:00,A0025020950,A25,89.0,1300
2026-10-10T05:41:00Z,2026-10-10T07:30:00.000+02:00,A0023020300,A23,92.0,500
2026-10-10T05:41:00Z,2026-10-10T07:30:00.000+02:00,A0001011000,A1,87.0,1000
2026-10-10T05:41:00Z,2026-10-10T07:30:00.000+02:00,A0027020500,A27,88.0,210
2026-10-10T05:41:00Z,2026-10-10T07:30:00.000+02:00,N0356011500,N356,62.0,980
2026-10-10T05:41:00Z,2026-10-10T07:30:00.000+02:00,A0001010150,A1,101.0,1170
2026-10-10T05:41:00Z,2026-10-10T07:30:00.000+02:00,N0356020400,N356,64.0,800
2026-10-10T05:41:00Z,2026-10-10T07:30:00.000+02:00,A0025010700,A25,79.0,750
2026-10-10T05:41:00Z,2026-10-10T07:30:00.000+02:00,A0002011230,A2,107.0,950
2026-10-10T05:41:00Z,2026-10-10T07:30:00.000+02:00,A0025020500,A25,73.0,1060
2026-10-10T05:41:00Z,2026-10-10T07:30:00.000+02:00,A0002021290,A2,104.0,1220
2026-10-10T05:41:00Z,2026-10-10T07:30:00.000+02:00,A0022011600,A22,16.0,300
2026-10-10T05:51:06Z,2026-10-10T07:42:00.000+02:00,A0001011200,A1,75.0,1220
2026-10-10T05:51:06Z,2026-10-10T07:42:00.000+02:00,A0027010102,A27,88.0,1000
2026-10-10T05:51:06Z,2026-10-10T07:42:00.000+02:00,N0041010100,N41,75.0,880
2026-10-10T05:51:06Z,2026-10-10T07:42:00.000+02:00,A0027010101,A27,88.0,1000
2026-10-10T05:51:06Z,2026-10-10T07:42:00.000+02:00,A9022010250,A22 (rocade),80.0,130
2026-10-10T05:51:06Z,2026-10-10T07:42:00.000+02:00,A0001020150,A1,102.0,1920
2026-10-10T05:51:06Z,2026-10-10T07:42:00.000+02:00,N0356011700,N356,75.0,960
2026-10-10T05:51:06Z,2026-10-10T07:42:00.000+02:00,N0356021300,N356,67.0,1500
2026-10-10T05:51:06Z,2026-10-10T07:42:00.000+02:00,A0022011400,A22,77.0,340
2026-10-10T05:51:06Z,2026-10-10T07:42:00.000+02:00,A0027010300,A27,88.0,260
2026-10-10T05:51:06Z,2026-10-10T07:42:00.000+02:00,A9022020250,A22 (rocade),70.0,330
2026-10-10T05:51:06Z,2026-10-10T07:42:00.000+02:00,N0041010300,N41,82.0,710
2026-10-10T05:51:06Z,2026-10-10T07:42:00.000+02:00,A0022011210,A22,86.0,210
2026-10-10T05:51:06Z,2026-10-10T07:42:00.000+02:00,A0027020100,A27,71.0,470
2026-10-10T05:51:06Z,2026-10-10T07:42:00.000+02:00,A0001010300,A1,110.0,1100
2026-10-10T05:51:06Z,2026-10-10T07:42:00.000+02:00,A0022011220,A22,86.0,210
2026-10-10T05:51:06Z,2026-10-10T07:42:00.000+02:00,A9022101110,A22 (rocade),78.0,420
2026-10-10T05:51:06Z,2026-10-10T07:42:00.000+02:00,A0022022110,A22,89.0,1460
2026-10-10T05:51:06Z,2026-10-10T07:42:00.000+02:00,A0001011420,A1,88.0,850
2026-10-10T05:51:06Z,2026-10-10T07:42:00.000+02:00,N0356010800,N356,74.0,990
2026-10-10T05:51:06Z,2026-10-10T07:42:00.000+02:00,A9001210710,A1 (bretelle),68.0,300
2026-10-10T05:51:06Z,2026-10-10T07:42:00.000+02:00,N0356021110,N356,72.0,1620
2026-10-10T05:51:06Z,2026-10-10T07:42:00.000+02:00,A0001010510,A1,110.0,1090
2026-10-10T05:51:06Z,2026-10-10T07:42:00.000+02:00,N0356021122,N356,66.0,1650
2026-10-10T05:51:06Z,2026-10-10T07:42:00.000+02:00,N0356021121,N356,72.0,1620
2026-10-10T05:51:06Z,2026-10-10T07:42:00.000+02:00,A0025010210,A25,78.0,1560
2026-10-10T05:51:06Z,2026-10-10T07:42:00.000+02:00,A0025011300,A25,87.0,640
2026-10-10T05:51:06Z,2026-10-10T07:42:00.000+02:00,A0001020300,A1,105.0,1780
2026-10-10T05:51:06Z,2026-10-10T07:42:00.000+02:00,A0025021100,A25,90.0,810
2026-10-10T05:51:06Z,2026-10-10T07:42:00.000+02:00,A0025023520,A25,111.0,320
2026-10-10T05:51:06Z,2026-10-10T07:42:00.000+02:00,A0022022130,A22,100.0,1350
2026-10-10T05:51:06Z,2026-10-10T07:42:00.000+02:00,A0025010220,A25,78.0,1560
2026-10-10T05:51:06Z,2026-10-10T07:42:00.000+02:00,A0022022120,A22,92.0,1490
2026-10-10T05:51:06Z,2026-10-10T07:42:00.000+02:00,A0022011000,A22,82.0,980
2026-10-10T05:51:06Z,2026-10-10T07:42:00.000+02:00,A0001020510,A1,101.0,1940
2026-10-10T05:51:06Z,2026-10-10T07:42:00.000+02:00,A0001021602,A1,83.0,2310
2026-10-10T05:51:06Z,2026-10-10T07:42:00.000+02:00,A22TC020222,A22 (contournement),88.0,880
2026-10-10T05:51:06Z,2026-10-10T07:42:00.000+02:00,A0001010940,A1,98.0,1370
2026-10-10T05:51:06Z,2026-10-10T07:42:00.000+02:00,A0025023320,A25,114.0,390
2026-10-10T05:51:06Z,2026-10-10T07:42:00.000+02:00,A0025023100,A25,111.0,350
2026-10-10T05:51:06Z,2026-10-10T07:42:00.000+02:00,A22TC020230,A22 (contournement),88.0,880
2026-10-10T05:51:06Z,2026-10-10T07:42:00.000+02:00,A0025021730,A25,89.0,1090
2026-10-10T05:51:06Z,2026-10-10T07:42:00.000+02:00,A0025023910,A25,111.0,330
2026-10-10T05:51:06Z,2026-10-10T07:42:00.000+02:00,A0025021735,A25,102.0,1160
2026-10-10T05:51:06Z,2026-10-10T07:42:00.000+02:00,A0023010400,A23,102.0,590
2026-10-10T05:51:06Z,2026-10-10T07:42:00.000+02:00,A0022021900,A22,80.0,1190
2026-10-10T05:51:06Z,2026-10-10T07:42:00.000+02:00,A9022100500,A22 (rocade),82.0,520
2026-10-10T05:51:06Z,2026-10-10T07:42:00.000+02:00,A0001020940,A1,89.0,1850
2026-10-10T05:51:06Z,2026-10-10T07:42:00.000+02:00,A0001020700,A1,91.0,1670
2026-10-10T05:51:06Z,2026-10-10T07:42:00.000+02:00,A9022020830,A22 (rocade),83.0,50
2026-10-10T05:51:06Z,2026-10-10T07:42:00.000+02:00,A9022020822,A22 (rocade),88.0,510
2026-10-10T05:51:06Z,2026-10-10T07:42:00.000+02:00,A9022020821,A22 (rocade),88.0,510
2026-10-10T05:51:06Z,2026-10-10T07:42:00.000+02:00,A0025020420,A25,72.0,1640
2026-10-10T05:51:06Z,2026-10-10T07:42:00.000+02:00,A0025021510,A25,107.0,630
2026-10-10T05:51:06Z,2026-10-10T07:42:00.000+02:00,N0227010100,N227,62.0,330
2026-10-10T05:51:06Z,2026-10-10T07:42:00.000+02:00,A0025011720,A25,99.0,910
2026-10-10T05:51:06Z,2026-10-10T07:42:00.000+02:00,A0025021760,A25,87.0,1200
2026-10-10T05:51:06Z,2026-10-10T07:42:00.000+02:00,A0025011730,A25,89.0,910
2026-10-10T05:51:06Z,2026-10-10T07:42:00.000+02:00,A0025011735,A25,102.0,890
2026-10-10T05:51:06Z,2026-10-10T07:42:00.000+02:00,A9025080700,A25 (bretelle),,220
2026-10-10T05:51:06Z,2026-10-10T07:42:00.000+02:00,A9022100930,A22 (rocade),67.0,120
2026-10-10T05:51:06Z,2026-10-10T07:42:00.000+02:00,N0356011220,N356,75.0,970
2026-10-10T05:51:06Z,2026-10-10T07:42:00.000+02:00,A0025011740,A25,88.0,950
2026-10-10T05:51:06Z,2026-10-10T07:42:00.000+02:00,A0025010410,A25,72.0,1480
2026-10-10T05:51:06Z,2026-10-10T07:42:00.000+02:00,A0023010200,A23,97.0,630
2026-10-10T05:51:06Z,2026-10-10T07:42:00.000+02:00,A9001210120,A1 (bretelle),78.0,200
2026-10-10T05:51:06Z,2026-10-10T07:42:00.000+02:00,A0025020210,A25,74.0,1820
2026-10-10T05:51:06Z,2026-10-10T07:42:00.000+02:00,N0356011210,N356,75.0,970
2026-10-10T05:51:06Z,2026-10-10T07:42:00.000+02:00,A0025011510,A25,87.0,650
2026-10-10T05:51:06Z,2026-10-10T07:42:00.000+02:00,A0025020220,A25,74.0,1820
2026-10-10T05:51:06Z,2026-10-10T07:42:00.000+02:00,N0227010302,N227,76.0,590
2026-10-10T05:51:06Z,2026-10-10T07:42:00.000+02:00,N0041010500,N41,103.0,530
2026-10-10T05:51:06Z,2026-10-10T07:42:00.000+02:00,N0227020101,N227,85.0,840
2026-10-10T05:51:06Z,2026-10-10T07:42:00.000+02:00,A9022100110,A22 (rocade),65.0,430
2026-10-10T05:51:06Z,2026-10-10T07:42:00.000+02:00,A0022010400,A22,71.0,1020
2026-10-10T05:51:06Z,2026-10-10T07:42:00.000+02:00,N0356010302,N356,77.0,1610
2026-10-10T05:51:06Z,2026-10-10T07:42:00.000+02:00,A0025010800,A25,77.0,990
2026-10-10T05:51:06Z,2026-10-10T07:42:00.000+02:00,A0027020621,A27,97.0,380
2026-10-10T05:51:06Z,2026-10-10T07:42:00.000+02:00,N0041010700,N41,103.0,170
2026-10-10T05:51:06Z,2026-10-10T07:42:00.000+02:00,A0027020630,A27,98.0,380
2026-10-10T05:51:06Z,2026-10-10T07:42:00.000+02:00,A0022021512,A22,77.0,1270
2026-10-10T05:51:06Z,2026-10-10T07:42:00.000+02:00,A0022021511,A22,78.0,1220
2026-10-10T05:51:06Z,2026-10-10T07:42:00.000+02:00,A0027020610,A27,97.0,380
2026-10-10T05:51:06Z,2026-10-10T07:42:00.000+02:00,A0025021720,A25,101.0,1040
2026-10-10T05:51:06Z,2026-10-10T07:42:00.000+02:00,A0022021520,A22,77.0,1270
2026-10-10T05:51:06Z,2026-10-10T07:42:00.000+02:00,A0025022140,A25,110.0,930
2026-10-10T05:51:06Z,2026-10-10T07:42:00.000+02:00,A0022011302,A22,77.0,670
2026-10-10T05:51:06Z,2026-10-10T07:42:00.000+02:00,A0025022160,A25,108.0,950
2026-10-10T05:51:06Z,2026-10-10T07:42:00.000+02:00,A0027010201,A27,86.0,600
2026-10-10T05:51:06Z,2026-10-10T07:42:00.000+02:00,A0027010202,A27,88.0,300
2026-10-10T05:51:06Z,2026-10-10T07:42:00.000+02:00,N9227110110,N227 (bretelle),72.0,620
2026-10-10T05:51:06Z,2026-10-10T07:42:00.000+02:00,A0025012130,A25,129.0,480
2026-10-10T05:51:06Z,2026-10-10T07:42:00.000+02:00,A0027010210,A27,88.0,300
2026-10-10T05:51:06Z,2026-10-10T07:42:00.000+02:00,A0025011050,A25,85.0,600
2026-10-10T05:51:06Z,2026-10-10T07:42:00.000+02:00,A0025012140,A25,129.0,10
2026-10-10T05:51:06Z,2026-10-10T07:42:00.000+02:00,A0027010421,A27,93.0,290
2026-10-10T05:51:06Z,2026-10-10T07:42:00.000+02:00,A0022012420,A22,92.0,1050
2026-10-10T05:51:06Z,2026-10-10T07:42:00.000+02:00,A0027010430,A27,95.0,310
2026-10-10T05:51:06Z,2026-10-10T07:42:00.000+02:00,A0023020710,A23,103.0,610
2026-10-10T05:51:06Z,2026-10-10T07:42:00.000+02:00,A0022012430,A22,90.0,1030
2026-10-10T05:51:06Z,2026-10-10T07:42:00.000+02:00,A0025012160,A25,122.0,790
2026-10-10T05:51:06Z,2026-10-10T07:42:00.000+02:00,A9022021200,A22 (rocade),59.0,80
2026-10-10T05:51:06Z,2026-10-10T07:42:00.000+02:00,A0001021100,A1,89.0,1840
2026-10-10T05:51:06Z,2026-10-10T07:42:00.000+02:00,A9022101000,A22 (rocade),,320
2026-10-10T05:51:06Z,2026-10-10T07:42:00.000+02:00,A0025013020,A25,115.0,620
2026-10-10T05:51:06Z,2026-10-10T07:42:00.000+02:00,A0027010410,A27,93.0,290
2026-10-10T05:51:06Z,2026-10-10T07:42:00.000+02:00,A0022012410,A22,93.0,1030
2026-10-10T05:51:06Z,2026-10-10T07:42:00.000+02:00,A0001A20112,A1,90.0,730
2026-10-10T05:51:06Z,2026-10-10T07:42:00.000+02:00,A0001A20111,A1,88.0,500
2026-10-10T05:51:06Z,2026-10-10T07:42:00.000+02:00,A0001021521,A1,83.0,1550
2026-10-10T05:51:06Z,2026-10-10T07:42:00.000+02:00,A0025022540,A25,108.0,550
2026-10-10T05:51:06Z,2026-10-10T07:42:00.000+02:00,A0025022300,A25,109.0,410
2026-10-10T05:51:06Z,2026-10-10T07:42:00.000+02:00,N0356021000,N356,73.0,1360
2026-10-10T05:51:06Z,2026-10-10T07:42:00.000+02:00,A22TC010102,A22 (contournement),83.0,540
2026-10-10T05:51:06Z,2026-10-10T07:42:00.000+02:00,A0001011503,A1,88.0,1790
2026-10-10T05:51:06Z,2026-10-10T07:42:00.000+02:00,A0022012200,A22,83.0,880
2026-10-10T05:51:06Z,2026-10-10T07:42:00.000+02:00,A0001A20120,A1,88.0,800
2026-10-10T05:51:06Z,2026-10-10T07:42:00.000+02:00,A22TC020102,A22 (contournement),86.0,760
2026-10-10T05:51:06Z,2026-10-10T07:42:00.000+02:00,A22TC010300,A22 (contournement),78.0,700
2026-10-10T05:51:06Z,2026-10-10T07:42:00.000+02:00,A0022012010,A22,81.0,720
2026-10-10T05:51:06Z,2026-10-10T07:42:00.000+02:00,A0022012020,A22,81.0,720
2026-10-10T05:51:06Z,2026-10-10T07:42:00.000+02:00,A0025022130,A25,121.0,940
2026-10-10T05:51:06Z,2026-10-10T07:42:00.000+02:00,A0023010520,A23,112.0,510
2026-10-10T05:51:06Z,2026-10-10T07:42:00.000+02:00,N0041020800,N41,93.0,480
2026-10-10T05:51:06Z,2026-10-10T07:42:00.000+02:00,A0025010500,A25,72.0,1040
2026-10-10T05:51:06Z,2026-10-10T07:42:00.000+02:00,A0022020901,A22,79.0,960
2026-10-10T05:51:06Z,2026-10-10T07:42:00.000+02:00,A0022020902,A22,79.0,740
2026-10-10T05:51:06Z,2026-10-10T07:42:00.000+02:00,A0022021810,A22,79.0,1160
2026-10-10T05:51:06Z,2026-10-10T07:42:00.000+02:00,N0356011100,N356,75.0,870
2026-10-10T05:51:06Z,2026-10-10T07:42:00.000+02:00,A0022021820,A22,79.0,1160
2026-10-10T05:51:06Z,2026-10-10T07:42:00.000+02:00,N0356020802,N356,71.0,1450
2026-10-10T05:51:06Z,2026-10-10T07:42:00.000+02:00,A9022020900,A22 (rocade),102.0,340
2026-10-10T05:51:06Z,2026-10-10T07:42:00.000+02:00,A0025020102,A25,73.0,150
2026-10-10T05:51:06Z,2026-10-10T07:42:00.000+02:00,A0023010100,A23,89.0,80
2026-10-10T05:51:06Z,2026-10-10T07:42:00.000+02:00,A0025022530,A25,110.0,600
2026-10-10T05:51:06Z,2026-10-10T07:42:00.000+02:00,A9001210200,A1 (bretelle),70.0,450
2026-10-10T05:51:06Z,2026-10-10T07:42:00.000+02:00,A0022010700,A22,76.0,870
2026-10-10T05:51:06Z,2026-10-10T07:42:00.000+02:00,N0041020400,N41,88.0,650
2026-10-10T05:51:06Z,2026-10-10T07:42:00.000+02:00,A0023020720,A23,108.0,580
2026-10-10T05:51:06Z,2026-10-10T07:42:00.000+02:00,A0022020500,A22,79.0,560
2026-10-10T05:51:06Z,2026-10-10T07:42:00.000+02:00,N93563b0150,N356 (bretelle),63.0,10
2026-10-10T05:51:06Z,2026-10-10T07:42:00.000+02:00,A0025020950,A25,91.0,1620
2026-10-10T05:51:06Z,2026-10-10T07:42:00.000+02:00,A0023020300,A23,103.0,470
2026-10-10T05:51:06Z,2026-10-10T07:42:00.000+02:00,A0001011000,A1,86.0,1240
2026-10-10T05:51:06Z,2026-10-10T07:42:00.000+02:00,A0027020500,A27,88.0,340
2026-10-10T05:51:06Z,2026-10-10T07:42:00.000+02:00,N0356011500,N356,71.0,1030
2026-10-10T05:51:06Z,2026-10-10T07:42:00.000+02:00,A0001010150,A1,103.0,1170
2026-10-10T05:51:06Z,2026-10-10T07:42:00.000+02:00,N0356020400,N356,58.0,790
2026-10-10T05:51:06Z,2026-10-10T07:42:00.000+02:00,A0025010700,A25,71.0,710
2026-10-10T05:51:06Z,2026-10-10T07:42:00.000+02:00,A0002011230,A2,105.0,800
2026-10-10T05:51:06Z,2026-10-10T07:42:00.000+02:00,A0025020500,A25,71.0,1180
2026-10-10T05:51:06Z,2026-10-10T07:42:00.000+02:00,A0002021290,A2,104.0,1230
2026-10-10T05:51:06Z,2026-10-10T07:42:00.000+02:00,A0022011600,A22,20.0,590
2026-10-10T06:01:09Z,2026-10-10T07:54:00.000+02:00,A0001011200,A1,80.0,1290
2026-10-10T06:01:09Z,2026-10-10T07:54:00.000+02:00,A0027010102,A27,87.0,1030
2026-10-10T06:01:09Z,2026-10-10T07:54:00.000+02:00,N0041010100,N41,87.0,390
2026-10-10T06:01:09Z,2026-10-10T07:54:00.000+02:00,A0027010101,A27,87.0,1030
2026-10-10T06:01:09Z,2026-10-10T07:54:00.000+02:00,A9022010250,A22 (rocade),90.0,160
2026-10-10T06:01:09Z,2026-10-10T07:54:00.000+02:00,A0001020150,A1,103.0,1850
2026-10-10T06:01:09Z,2026-10-10T07:54:00.000+02:00,N0356011700,N356,75.0,1210
2026-10-10T06:01:09Z,2026-10-10T07:54:00.000+02:00,N0356021300,N356,68.0,1530
2026-10-10T06:01:09Z,2026-10-10T07:54:00.000+02:00,A0022011400,A22,79.0,300
2026-10-10T06:01:09Z,2026-10-10T07:54:00.000+02:00,A0027010300,A27,89.0,320
2026-10-10T06:01:09Z,2026-10-10T07:54:00.000+02:00,A9022020250,A22 (rocade),70.0,370
2026-10-10T06:01:09Z,2026-10-10T07:54:00.000+02:00,N0041010300,N41,86.0,830
2026-10-10T06:01:09Z,2026-10-10T07:54:00.000+02:00,A0022011210,A22,86.0,160
2026-10-10T06:01:09Z,2026-10-10T07:54:00.000+02:00,A0027020100,A27,71.0,460
2026-10-10T06:01:09Z,2026-10-10T07:54:00.000+02:00,A0001010300,A1,101.0,1350
2026-10-10T06:01:09Z,2026-10-10T07:54:00.000+02:00,A0022011220,A22,86.0,160
2026-10-10T06:01:09Z,2026-10-10T07:54:00.000+02:00,N0227021400,N227,65.0,10
2026-10-10T06:01:09Z,2026-10-10T07:54:00.000+02:00,A9022101110,A22 (rocade),82.0,470
2026-10-10T06:01:09Z,2026-10-10T07:54:00.000+02:00,A0022022110,A22,92.0,1160
2026-10-10T06:01:09Z,2026-10-10T07:54:00.000+02:00,A0001011420,A1,90.0,890
2026-10-10T06:01:09Z,2026-10-10T07:54:00.000+02:00,N0356010800,N356,76.0,1140
2026-10-10T06:01:09Z,2026-10-10T07:54:00.000+02:00,A9001210710,A1 (bretelle),71.0,1060
2026-10-10T06:01:09Z,2026-10-10T07:54:00.000+02:00,N0356021110,N356,74.0,1670
2026-10-10T06:01:09Z,2026-10-10T07:54:00.000+02:00,A0001010510,A1,101.0,1350
2026-10-10T06:01:09Z,2026-10-10T07:54:00.000+02:00,N0356021122,N356,66.0,1710
2026-10-10T06:01:09Z,2026-10-10T07:54:00.000+02:00,N0356021121,N356,74.0,1670
2026-10-10T06:01:09Z,2026-10-10T07:54:00.000+02:00,A0025010210,A25,78.0,1630
2026-10-10T06:01:09Z,2026-10-10T07:54:00.000+02:00,A0025011300,A25,87.0,600
2026-10-10T06:01:09Z,2026-10-10T07:54:00.000+02:00,A0001020300,A1,106.0,1780
2026-10-10T06:01:09Z,2026-10-10T07:54:00.000+02:00,A0025021100,A25,90.0,730
2026-10-10T06:01:09Z,2026-10-10T07:54:00.000+02:00,A0025023520,A25,110.0,390
2026-10-10T06:01:09Z,2026-10-10T07:54:00.000+02:00,A0022022130,A22,101.0,1170
2026-10-10T06:01:09Z,2026-10-10T07:54:00.000+02:00,A0025010220,A25,78.0,1630
2026-10-10T06:01:09Z,2026-10-10T07:54:00.000+02:00,A0022022120,A22,94.0,1170
2026-10-10T06:01:09Z,2026-10-10T07:54:00.000+02:00,A0022011000,A22,92.0,900
2026-10-10T06:01:09Z,2026-10-10T07:54:00.000+02:00,A0001020510,A1,103.0,1810
2026-10-10T06:01:09Z,2026-10-10T07:54:00.000+02:00,A0001021602,A1,85.0,2950
2026-10-10T06:01:09Z,2026-10-10T07:54:00.000+02:00,A22TC020222,A22 (contournement),91.0,830
2026-10-10T06:01:09Z,2026-10-10T07:54:00.000+02:00,A0001010940,A1,100.0,1380
2026-10-10T06:01:09Z,2026-10-10T07:54:00.000+02:00,A0025023320,A25,116.0,700
2026-10-10T06:01:09Z,2026-10-10T07:54:00.000+02:00,A0025023100,A25,111.0,500
2026-10-10T06:01:09Z,2026-10-10T07:54:00.000+02:00,A22TC020230,A22 (contournement),91.0,830
2026-10-10T06:01:09Z,2026-10-10T07:54:00.000+02:00,A0025021730,A25,91.0,960
2026-10-10T06:01:09Z,2026-10-10T07:54:00.000+02:00,A0025023910,A25,115.0,270
2026-10-10T06:01:09Z,2026-10-10T07:54:00.000+02:00,A0025021735,A25,104.0,910
2026-10-10T06:01:09Z,2026-10-10T07:54:00.000+02:00,A0023010400,A23,104.0,830
2026-10-10T06:01:09Z,2026-10-10T07:54:00.000+02:00,A0022021900,A22,86.0,990
2026-10-10T06:01:09Z,2026-10-10T07:54:00.000+02:00,A9022100500,A22 (rocade),79.0,590
2026-10-10T06:01:09Z,2026-10-10T07:54:00.000+02:00,A0001020940,A1,88.0,2000
2026-10-10T06:01:09Z,2026-10-10T07:54:00.000+02:00,A0001020700,A1,93.0,1570
2026-10-10T06:01:09Z,2026-10-10T07:54:00.000+02:00,A9022020830,A22 (rocade),85.0,110
2026-10-10T06:01:09Z,2026-10-10T07:54:00.000+02:00,A9022020822,A22 (rocade),91.0,720
2026-10-10T06:01:09Z,2026-10-10T07:54:00.000+02:00,A9022020821,A22 (rocade),91.0,720
2026-10-10T06:01:09Z,2026-10-10T07:54:00.000+02:00,A0025020420,A25,76.0,1570
2026-10-10T06:01:09Z,2026-10-10T07:54:00.000+02:00,A0025021510,A25,89.0,590
2026-10-10T06:01:09Z,2026-10-10T07:54:00.000+02:00,N0227010100,N227,65.0,420
2026-10-10T06:01:09Z,2026-10-10T07:54:00.000+02:00,A0025011720,A25,99.0,1110
2026-10-10T06:01:09Z,2026-10-10T07:54:00.000+02:00,A0025021760,A25,91.0,1030
2026-10-10T06:01:09Z,2026-10-10T07:54:00.000+02:00,A0025011730,A25,91.0,1120
2026-10-10T06:01:09Z,2026-10-10T07:54:00.000+02:00,A0025011735,A25,104.0,1190
2026-10-10T06:01:09Z,2026-10-10T07:54:00.000+02:00,A9025080700,A25 (bretelle),,310
2026-10-10T06:01:09Z,2026-10-10T07:54:00.000+02:00,A9022100930,A22 (rocade),68.0,30
2026-10-10T06:01:09Z,2026-10-10T07:54:00.000+02:00,N0356011220,N356,73.0,1090
2026-10-10T06:01:09Z,2026-10-10T07:54:00.000+02:00,A0025011740,A25,89.0,1130
2026-10-10T06:01:09Z,2026-10-10T07:54:00.000+02:00,A0025010410,A25,71.0,1430
2026-10-10T06:01:09Z,2026-10-10T07:54:00.000+02:00,A0023010200,A23,93.0,880
2026-10-10T06:01:09Z,2026-10-10T07:54:00.000+02:00,A9001210120,A1 (bretelle),79.0,210
2026-10-10T06:01:09Z,2026-10-10T07:54:00.000+02:00,A0025020210,A25,77.0,1860
2026-10-10T06:01:09Z,2026-10-10T07:54:00.000+02:00,N0356011210,N356,73.0,1090
2026-10-10T06:01:09Z,2026-10-10T07:54:00.000+02:00,A0025011510,A25,89.0,730
2026-10-10T06:01:09Z,2026-10-10T07:54:00.000+02:00,A0025020220,A25,77.0,1860
2026-10-10T06:01:09Z,2026-10-10T07:54:00.000+02:00,N0227010302,N227,78.0,750
2026-10-10T06:01:09Z,2026-10-10T07:54:00.000+02:00,N0041010500,N41,102.0,520
2026-10-10T06:01:09Z,2026-10-10T07:54:00.000+02:00,N0227020101,N227,90.0,700
2026-10-10T06:01:09Z,2026-10-10T07:54:00.000+02:00,A9022100110,A22 (rocade),64.0,320
2026-10-10T06:01:09Z,2026-10-10T07:54:00.000+02:00,A0022010400,A22,75.0,880
2026-10-10T06:01:09Z,2026-10-10T07:54:00.000+02:00,N0356010302,N356,78.0,1800
2026-10-10T06:01:09Z,2026-10-10T07:54:00.000+02:00,A0025010800,A25,74.0,1000
2026-10-10T06:01:09Z,2026-10-10T07:54:00.000+02:00,A0027020621,A27,99.0,400
2026-10-10T06:01:09Z,2026-10-10T07:54:00.000+02:00,N0041010700,N41,106.0,190
2026-10-10T06:01:09Z,2026-10-10T07:54:00.000+02:00,A0027020630,A27,99.0,400
2026-10-10T06:01:09Z,2026-10-10T07:54:00.000+02:00,A0022021512,A22,78.0,1030
2026-10-10T06:01:09Z,2026-10-10T07:54:00.000+02:00,A0022021511,A22,80.0,1040
2026-10-10T06:01:09Z,2026-10-10T07:54:00.000+02:00,A0027020610,A27,99.0,400
2026-10-10T06:01:09Z,2026-10-10T07:54:00.000+02:00,A0025021720,A25,103.0,920
2026-10-10T06:01:09Z,2026-10-10T07:54:00.000+02:00,A0022021520,A22,78.0,1030
2026-10-10T06:01:09Z,2026-10-10T07:54:00.000+02:00,A0025022140,A25,114.0,780
2026-10-10T06:01:09Z,2026-10-10T07:54:00.000+02:00,A0022011302,A22,77.0,560
2026-10-10T06:01:09Z,2026-10-10T07:54:00.000+02:00,A0025022160,A25,109.0,760
2026-10-10T06:01:09Z,2026-10-10T07:54:00.000+02:00,A0027010201,A27,90.0,770
2026-10-10T06:01:09Z,2026-10-10T07:54:00.000+02:00,A0027010202,A27,87.0,320
2026-10-10T06:01:09Z,2026-10-10T07:54:00.000+02:00,N9227110110,N227 (bretelle),75.0,470
2026-10-10T06:01:09Z,2026-10-10T07:54:00.000+02:00,A0025012130,A25,121.0,600
2026-10-10T06:01:09Z,2026-10-10T07:54:00.000+02:00,A0027010210,A27,87.0,320
2026-10-10T06:01:09Z,2026-10-10T07:54:00.000+02:00,A0025011050,A25,91.0,570
2026-10-10T06:01:09Z,2026-10-10T07:54:00.000+02:00,A0025012140,A25,121.0,330
2026-10-10T06:01:09Z,2026-10-10T07:54:00.000+02:00,A0027010421,A27,95.0,420
2026-10-10T06:01:09Z,2026-10-10T07:54:00.000+02:00,A0022012420,A22,95.0,880
2026-10-10T06:01:09Z,2026-10-10T07:54:00.000+02:00,A0027010430,A27,100.0,400
2026-10-10T06:01:09Z,2026-10-10T07:54:00.000+02:00,A0023020710,A23,108.0,710
2026-10-10T06:01:09Z,2026-10-10T07:54:00.000+02:00,A0022012430,A22,92.0,850
2026-10-10T06:01:09Z,2026-10-10T07:54:00.000+02:00,A0025012160,A25,122.0,860
2026-10-10T06:01:09Z,2026-10-10T07:54:00.000+02:00,A9022021200,A22 (rocade),65.0,100
2026-10-10T06:01:09Z,2026-10-10T07:54:00.000+02:00,A0001021100,A1,88.0,1900
2026-10-10T06:01:09Z,2026-10-10T07:54:00.000+02:00,A9022101000,A22 (rocade),65.0,460
2026-10-10T06:01:09Z,2026-10-10T07:54:00.000+02:00,A0025013020,A25,111.0,690
2026-10-10T06:01:09Z,2026-10-10T07:54:00.000+02:00,A0027010410,A27,95.0,420
2026-10-10T06:01:09Z,2026-10-10T07:54:00.000+02:00,A0022012410,A22,96.0,890
2026-10-10T06:01:09Z,2026-10-10T07:54:00.000+02:00,A0001A20112,A1,94.0,740
2026-10-10T06:01:09Z,2026-10-10T07:54:00.000+02:00,A0001A20111,A1,92.0,490
2026-10-10T06:01:09Z,2026-10-10T07:54:00.000+02:00,A0001021521,A1,85.0,1860
2026-10-10T06:01:09Z,2026-10-10T07:54:00.000+02:00,A0025022540,A25,111.0,720
2026-10-10T06:01:09Z,2026-10-10T07:54:00.000+02:00,A0025022300,A25,112.0,500
2026-10-10T06:01:09Z,2026-10-10T07:54:00.000+02:00,N0356021000,N356,75.0,1500
2026-10-10T06:01:09Z,2026-10-10T07:54:00.000+02:00,A22TC010102,A22 (contournement),87.0,670
2026-10-10T06:01:09Z,2026-10-10T07:54:00.000+02:00,A0001011503,A1,89.0,1820
2026-10-10T06:01:09Z,2026-10-10T07:54:00.000+02:00,A0022012200,A22,83.0,820
2026-10-10T06:01:09Z,2026-10-10T07:54:00.000+02:00,A0001A20120,A1,90.0,820
2026-10-10T06:01:09Z,2026-10-10T07:54:00.000+02:00,A22TC020102,A22 (contournement),89.0,750
2026-10-10T06:01:09Z,2026-10-10T07:54:00.000+02:00,A22TC010300,A22 (contournement),83.0,630
2026-10-10T06:01:09Z,2026-10-10T07:54:00.000+02:00,A0022012010,A22,82.0,570
2026-10-10T06:01:09Z,2026-10-10T07:54:00.000+02:00,A0022012020,A22,82.0,570
2026-10-10T06:01:09Z,2026-10-10T07:54:00.000+02:00,A0025022130,A25,131.0,830
2026-10-10T06:01:09Z,2026-10-10T07:54:00.000+02:00,A0023010520,A23,110.0,810
2026-10-10T06:01:09Z,2026-10-10T07:54:00.000+02:00,N0041020800,N41,95.0,710
2026-10-10T06:01:09Z,2026-10-10T07:54:00.000+02:00,A0025010500,A25,71.0,900
2026-10-10T06:01:09Z,2026-10-10T07:54:00.000+02:00,A0022020901,A22,70.0,1240
2026-10-10T06:01:09Z,2026-10-10T07:54:00.000+02:00,A0022020902,A22,70.0,910
2026-10-10T06:01:09Z,2026-10-10T07:54:00.000+02:00,A0022021810,A22,84.0,910
2026-10-10T06:01:09Z,2026-10-10T07:54:00.000+02:00,N0356011100,N356,73.0,1060
2026-10-10T06:01:09Z,2026-10-10T07:54:00.000+02:00,A0022021820,A22,84.0,910
2026-10-10T06:01:09Z,2026-10-10T07:54:00.000+02:00,N0356020802,N356,74.0,1750
2026-10-10T06:01:09Z,2026-10-10T07:54:00.000+02:00,A9022020900,A22 (rocade),63.0,450
2026-10-10T06:01:09Z,2026-10-10T07:54:00.000+02:00,A0025020102,A25,71.0,920
2026-10-10T06:01:09Z,2026-10-10T07:54:00.000+02:00,A0023010100,A23,99.0,100
2026-10-10T06:01:09Z,2026-10-10T07:54:00.000+02:00,A0025022530,A25,113.0,740
2026-10-10T06:01:09Z,2026-10-10T07:54:00.000+02:00,A9001210200,A1 (bretelle),69.0,530
2026-10-10T06:01:09Z,2026-10-10T07:54:00.000+02:00,A0022010700,A22,79.0,700
2026-10-10T06:01:09Z,2026-10-10T07:54:00.000+02:00,N0041020400,N41,90.0,710
2026-10-10T06:01:09Z,2026-10-10T07:54:00.000+02:00,A0023020720,A23,114.0,770
2026-10-10T06:01:09Z,2026-10-10T07:54:00.000+02:00,A0022020500,A22,70.0,630
2026-10-10T06:01:09Z,2026-10-10T07:54:00.000+02:00,N93563b0150,N356 (bretelle),63.0,20
2026-10-10T06:01:09Z,2026-10-10T07:54:00.000+02:00,A0025020950,A25,94.0,1040
2026-10-10T06:01:09Z,2026-10-10T07:54:00.000+02:00,A0023020300,A23,84.0,630
2026-10-10T06:01:09Z,2026-10-10T07:54:00.000+02:00,A0001011000,A1,88.0,1260
2026-10-10T06:01:09Z,2026-10-10T07:54:00.000+02:00,A0027020500,A27,91.0,290
2026-10-10T06:01:09Z,2026-10-10T07:54:00.000+02:00,N0356011500,N356,64.0,1230
2026-10-10T06:01:09Z,2026-10-10T07:54:00.000+02:00,A0001010150,A1,103.0,1420
2026-10-10T06:01:09Z,2026-10-10T07:54:00.000+02:00,N0356020400,N356,70.0,1010
2026-10-10T06:01:09Z,2026-10-10T07:54:00.000+02:00,A0025010700,A25,72.0,640
2026-10-10T06:01:09Z,2026-10-10T07:54:00.000+02:00,A0002011230,A2,111.0,870
2026-10-10T06:01:09Z,2026-10-10T07:54:00.000+02:00,A0025020500,A25,76.0,1110
2026-10-10T06:01:09Z,2026-10-10T07:54:00.000+02:00,A0002021290,A2,105.0,1350
2026-10-10T06:01:09Z,2026-10-10T07:54:00.000+02:00,A0022011600,A22,84.0,350
2026-10-10T06:11:06Z,2026-10-10T08:00:00.000+02:00,A0001011200,A1,83.0,1410
2026-10-10T06:11:06Z,2026-10-10T08:00:00.000+02:00,A0027010102,A27,92.0,1110
2026-10-10T06:11:06Z,2026-10-10T08:00:00.000+02:00,N0041010100,N41,84.0,310
2026-10-10T06:11:06Z,2026-10-10T08:00:00.000+02:00,A0027010101,A27,92.0,1110
2026-10-10T06:11:06Z,2026-10-10T08:00:00.000+02:00,A9022010250,A22 (rocade),86.0,190
2026-10-10T06:11:06Z,2026-10-10T08:00:00.000+02:00,A0001020150,A1,103.0,1950
2026-10-10T06:11:06Z,2026-10-10T08:00:00.000+02:00,N0356011700,N356,75.0,810
2026-10-10T06:11:06Z,2026-10-10T08:00:00.000+02:00,N9227110200,N227 (bretelle),68.0,10
2026-10-10T06:11:06Z,2026-10-10T08:00:00.000+02:00,N0356021300,N356,68.0,1290
2026-10-10T06:11:06Z,2026-10-10T08:00:00.000+02:00,A0022011400,A22,77.0,230
2026-10-10T06:11:06Z,2026-10-10T08:00:00.000+02:00,A0027010300,A27,90.0,320
2026-10-10T06:11:06Z,2026-10-10T08:00:00.000+02:00,A9022020250,A22 (rocade),61.0,390
2026-10-10T06:11:06Z,2026-10-10T08:00:00.000+02:00,N0041010300,N41,87.0,630
2026-10-10T06:11:06Z,2026-10-10T08:00:00.000+02:00,A0022011210,A22,75.0,190
2026-10-10T06:11:06Z,2026-10-10T08:00:00.000+02:00,A0027020100,A27,75.0,470
2026-10-10T06:11:06Z,2026-10-10T08:00:00.000+02:00,A0001010300,A1,101.0,1190
2026-10-10T06:11:06Z,2026-10-10T08:00:00.000+02:00,A0022011220,A22,75.0,190
2026-10-10T06:11:06Z,2026-10-10T08:00:00.000+02:00,N0227021400,N227,74.0,10
2026-10-10T06:11:06Z,2026-10-10T08:00:00.000+02:00,A9022101110,A22 (rocade),77.0,310
2026-10-10T06:11:06Z,2026-10-10T08:00:00.000+02:00,A0022022110,A22,91.0,1460
2026-10-10T06:11:06Z,2026-10-10T08:00:00.000+02:00,A0001011420,A1,89.0,1050
2026-10-10T06:11:06Z,2026-10-10T08:00:00.000+02:00,N0356010800,N356,76.0,900
2026-10-10T06:11:06Z,2026-10-10T08:00:00.000+02:00,A9001210710,A1 (bretelle),72.0,900
2026-10-10T06:11:06Z,2026-10-10T08:00:00.000+02:00,N0356021110,N356,75.0,1320
2026-10-10T06:11:06Z,2026-10-10T08:00:00.000+02:00,A0001010510,A1,101.0,1130
2026-10-10T06:11:06Z,2026-10-10T08:00:00.000+02:00,N0356021122,N356,66.0,1250
2026-10-10T06:11:06Z,2026-10-10T08:00:00.000+02:00,N0356021121,N356,75.0,1320
2026-10-10T06:11:06Z,2026-10-10T08:00:00.000+02:00,A0025010210,A25,79.0,1470
2026-10-10T06:11:06Z,2026-10-10T08:00:00.000+02:00,A0025011300,A25,86.0,630
2026-10-10T06:11:06Z,2026-10-10T08:00:00.000+02:00,A0001020300,A1,106.0,1780
2026-10-10T06:11:06Z,2026-10-10T08:00:00.000+02:00,A0025021100,A25,91.0,880
2026-10-10T06:11:06Z,2026-10-10T08:00:00.000+02:00,A0025023520,A25,109.0,480
2026-10-10T06:11:06Z,2026-10-10T08:00:00.000+02:00,A0022022130,A22,105.0,1310
2026-10-10T06:11:06Z,2026-10-10T08:00:00.000+02:00,A0025010220,A25,79.0,1470
2026-10-10T06:11:06Z,2026-10-10T08:00:00.000+02:00,A0022022120,A22,95.0,1470
2026-10-10T06:11:06Z,2026-10-10T08:00:00.000+02:00,A0022011000,A22,77.0,860
2026-10-10T06:11:06Z,2026-10-10T08:00:00.000+02:00,A0001020510,A1,103.0,1880
2026-10-10T06:11:06Z,2026-10-10T08:00:00.000+02:00,A0001021602,A1,86.0,2430
2026-10-10T06:11:06Z,2026-10-10T08:00:00.000+02:00,A22TC020222,A22 (contournement),89.0,890
2026-10-10T06:11:06Z,2026-10-10T08:00:00.000+02:00,A0001010940,A1,99.0,1390
2026-10-10T06:11:06Z,2026-10-10T08:00:00.000+02:00,A0025023320,A25,113.0,680
2026-10-10T06:11:06Z,2026-10-10T08:00:00.000+02:00,A0025023100,A25,113.0,500
2026-10-10T06:11:06Z,2026-10-10T08:00:00.000+02:00,A22TC020230,A22 (contournement),89.0,890
2026-10-10T06:11:06Z,2026-10-10T08:00:00.000+02:00,A0025021730,A25,90.0,1100
2026-10-10T06:11:06Z,2026-10-10T08:00:00.000+02:00,A0025023910,A25,110.0,470
2026-10-10T06:11:06Z,2026-10-10T08:00:00.000+02:00,A0025021735,A25,104.0,1130
2026-10-10T06:11:06Z,2026-10-10T08:00:00.000+02:00,A0023010400,A23,106.0,550
2026-10-10T06:11:06Z,2026-10-10T08:00:00.000+02:00,A0022021900,A22,83.0,1160
2026-10-10T06:11:06Z,2026-10-10T08:00:00.000+02:00,A9022100500,A22 (rocade),86.0,570
2026-10-10T06:11:06Z,2026-10-10T08:00:00.000+02:00,A0001020940,A1,91.0,2200
2026-10-10T06:11:06Z,2026-10-10T08:00:00.000+02:00,A0001020700,A1,95.0,1810
2026-10-10T06:11:06Z,2026-10-10T08:00:00.000+02:00,A9022020830,A22 (rocade),87.0,130
2026-10-10T06:11:06Z,2026-10-10T08:00:00.000+02:00,A9022020822,A22 (rocade),87.0,680
2026-10-10T06:11:06Z,2026-10-10T08:00:00.000+02:00,A9022020821,A22 (rocade),87.0,680
2026-10-10T06:11:06Z,2026-10-10T08:00:00.000+02:00,A0025020420,A25,74.0,1350
2026-10-10T06:11:06Z,2026-10-10T08:00:00.000+02:00,A0025021510,A25,99.0,600
2026-10-10T06:11:06Z,2026-10-10T08:00:00.000+02:00,N0227010100,N227,67.0,410
2026-10-10T06:11:06Z,2026-10-10T08:00:00.000+02:00,A0025011720,A25,99.0,1110
2026-10-10T06:11:06Z,2026-10-10T08:00:00.000+02:00,A0025021760,A25,87.0,1080
2026-10-10T06:11:06Z,2026-10-10T08:00:00.000+02:00,A0025011730,A25,88.0,1140
2026-10-10T06:11:06Z,2026-10-10T08:00:00.000+02:00,A0025011735,A25,100.0,1100
2026-10-10T06:11:06Z,2026-10-10T08:00:00.000+02:00,A9025080700,A25 (bretelle),,310
2026-10-10T06:11:06Z,2026-10-10T08:00:00.000+02:00,A9022100930,A22 (rocade),74.0,50
2026-10-10T06:11:06Z,2026-10-10T08:00:00.000+02:00,N0356011220,N356,76.0,870
2026-10-10T06:11:06Z,2026-10-10T08:00:00.000+02:00,A0025011740,A25,87.0,1120
2026-10-10T06:11:06Z,2026-10-10T08:00:00.000+02:00,A0025010410,A25,72.0,1350
2026-10-10T06:11:06Z,2026-10-10T08:00:00.000+02:00,A0023010200,A23,90.0,610
2026-10-10T06:11:06Z,2026-10-10T08:00:00.000+02:00,A9001210120,A1 (bretelle),80.0,240
2026-10-10T06:11:06Z,2026-10-10T08:00:00.000+02:00,A0025020210,A25,78.0,1740
2026-10-10T06:11:06Z,2026-10-10T08:00:00.000+02:00,N0356011210,N356,76.0,870
2026-10-10T06:11:06Z,2026-10-10T08:00:00.000+02:00,A0025011510,A25,87.0,780
2026-10-10T06:11:06Z,2026-10-10T08:00:00.000+02:00,A0025020220,A25,78.0,1740
2026-10-10T06:11:06Z,2026-10-10T08:00:00.000+02:00,N0227010302,N227,75.0,860
2026-10-10T06:11:06Z,2026-10-10T08:00:00.000+02:00,N0041010500,N41,106.0,530
2026-10-10T06:11:06Z,2026-10-10T08:00:00.000+02:00,N0227020101,N227,64.0,560
2026-10-10T06:11:06Z,2026-10-10T08:00:00.000+02:00,A9022100110,A22 (rocade),67.0,250
2026-10-10T06:11:06Z,2026-10-10T08:00:00.000+02:00,A0022010400,A22,74.0,990
2026-10-10T06:11:06Z,2026-10-10T08:00:00.000+02:00,N0356010302,N356,78.0,1780
2026-10-10T06:11:06Z,2026-10-10T08:00:00.000+02:00,A0025010800,A25,75.0,1020
2026-10-10T06:11:06Z,2026-10-10T08:00:00.000+02:00,A0027020621,A27,101.0,390
2026-10-10T06:11:06Z,2026-10-10T08:00:00.000+02:00,N0041010700,N41,105.0,110
2026-10-10T06:11:06Z,2026-10-10T08:00:00.000+02:00,A0027020630,A27,101.0,410
2026-10-10T06:11:06Z,2026-10-10T08:00:00.000+02:00,A0022021512,A22,78.0,1330
2026-10-10T06:11:06Z,2026-10-10T08:00:00.000+02:00,A0022021511,A22,80.0,1340
2026-10-10T06:11:06Z,2026-10-10T08:00:00.000+02:00,A0027020610,A27,101.0,390
2026-10-10T06:11:06Z,2026-10-10T08:00:00.000+02:00,A0025021720,A25,105.0,1120
2026-10-10T06:11:06Z,2026-10-10T08:00:00.000+02:00,A0022021520,A22,78.0,1330
2026-10-10T06:11:06Z,2026-10-10T08:00:00.000+02:00,A0025022140,A25,112.0,960
2026-10-10T06:11:06Z,2026-10-10T08:00:00.000+02:00,A0022011302,A22,79.0,630
2026-10-10T06:11:06Z,2026-10-10T08:00:00.000+02:00,A0025022160,A25,107.0,940
2026-10-10T06:11:06Z,2026-10-10T08:00:00.000+02:00,A0027010201,A27,88.0,760
2026-10-10T06:11:06Z,2026-10-10T08:00:00.000+02:00,A0027010202,A27,92.0,370
2026-10-10T06:11:06Z,2026-10-10T08:00:00.000+02:00,N9227110110,N227 (bretelle),78.0,500
2026-10-10T06:11:06Z,2026-10-10T08:00:00.000+02:00,A0025012130,A25,104.0,590
2026-10-10T06:11:06Z,2026-10-10T08:00:00.000+02:00,A0027010210,A27,92.0,370
2026-10-10T06:11:06Z,2026-10-10T08:00:00.000+02:00,A0025011050,A25,87.0,550
2026-10-10T06:11:06Z,2026-10-10T08:00:00.000+02:00,A0025012140,A25,104.0,250
2026-10-10T06:11:06Z,2026-10-10T08:00:00.000+02:00,A0027010421,A27,94.0,470
2026-10-10T06:11:06Z,2026-10-10T08:00:00.000+02:00,A0022012420,A22,96.0,910
2026-10-10T06:11:06Z,2026-10-10T08:00:00.000+02:00,A0027010430,A27,98.0,480
2026-10-10T06:11:06Z,2026-10-10T08:00:00.000+02:00,A0023020710,A23,104.0,570
2026-10-10T06:11:06Z,2026-10-10T08:00:00.000+02:00,A0022012430,A22,95.0,910
2026-10-10T06:11:06Z,2026-10-10T08:00:00.000+02:00,A0025012160,A25,123.0,930
2026-10-10T06:11:06Z,2026-10-10T08:00:00.000+02:00,A9022021200,A22 (rocade),66.0,90
2026-10-10T06:11:06Z,2026-10-10T08:00:00.000+02:00,A0001021100,A1,90.0,2030
2026-10-10T06:11:06Z,2026-10-10T08:00:00.000+02:00,A9022101000,A22 (rocade),65.0,310
2026-10-10T06:11:06Z,2026-10-10T08:00:00.000+02:00,A0025013020,A25,114.0,780
2026-10-10T06:11:06Z,2026-10-10T08:00:00.000+02:00,A0027010410,A27,94.0,470
2026-10-10T06:11:06Z,2026-10-10T08:00:00.000+02:00,A0022012410,A22,95.0,890
2026-10-10T06:11:06Z,2026-10-10T08:00:00.000+02:00,A0001A20112,A1,91.0,740
2026-10-10T06:11:06Z,2026-10-10T08:00:00.000+02:00,A0001A20111,A1,94.0,530
2026-10-10T06:11:06Z,2026-10-10T08:00:00.000+02:00,A0001021521,A1,87.0,1660
2026-10-10T06:11:06Z,2026-10-10T08:00:00.000+02:00,A0025022540,A25,113.0,640
2026-10-10T06:11:06Z,2026-10-10T08:00:00.000+02:00,A0025022300,A25,110.0,610
2026-10-10T06:11:06Z,2026-10-10T08:00:00.000+02:00,N0356021000,N356,75.0,1200
2026-10-10T06:11:06Z,2026-10-10T08:00:00.000+02:00,A22TC010102,A22 (contournement),89.0,540
2026-10-10T06:11:06Z,2026-10-10T08:00:00.000+02:00,A0001011503,A1,91.0,1860
2026-10-10T06:11:06Z,2026-10-10T08:00:00.000+02:00,A0022012200,A22,83.0,830
2026-10-10T06:11:06Z,2026-10-10T08:00:00.000+02:00,A0001A20120,A1,92.0,700
2026-10-10T06:11:06Z,2026-10-10T08:00:00.000+02:00,A22TC020102,A22 (contournement),88.0,740
2026-10-10T06:11:06Z,2026-10-10T08:00:00.000+02:00,A22TC010300,A22 (contournement),84.0,620
2026-10-10T06:11:06Z,2026-10-10T08:00:00.000+02:00,A0022012010,A22,81.0,660
2026-10-10T06:11:06Z,2026-10-10T08:00:00.000+02:00,A0022012020,A22,81.0,660
2026-10-10T06:11:06Z,2026-10-10T08:00:00.000+02:00,A0025022130,A25,123.0,1000
2026-10-10T06:11:06Z,2026-10-10T08:00:00.000+02:00,A0023010520,A23,110.0,550
2026-10-10T06:11:06Z,2026-10-10T08:00:00.000+02:00,N0041020800,N41,96.0,390
2026-10-10T06:11:06Z,2026-10-10T08:00:00.000+02:00,A0025010500,A25,71.0,990
2026-10-10T06:11:06Z,2026-10-10T08:00:00.000+02:00,A0022020901,A22,75.0,1130
2026-10-10T06:11:06Z,2026-10-10T08:00:00.000+02:00,A0022020902,A22,75.0,720
2026-10-10T06:11:06Z,2026-10-10T08:00:00.000+02:00,A0022021810,A22,82.0,1080
2026-10-10T06:11:06Z,2026-10-10T08:00:00.000+02:00,N0356011100,N356,76.0,790
2026-10-10T06:11:06Z,2026-10-10T08:00:00.000+02:00,A0022021820,A22,82.0,1080
2026-10-10T06:11:06Z,2026-10-10T08:00:00.000+02:00,N0356020802,N356,73.0,1340
2026-10-10T06:11:06Z,2026-10-10T08:00:00.000+02:00,A9022020900,A22 (rocade),63.0,330
2026-10-10T06:11:06Z,2026-10-10T08:00:00.000+02:00,A0025020102,A25,74.0,800
2026-10-10T06:11:06Z,2026-10-10T08:00:00.000+02:00,A0023010100,A23,90.0,40
2026-10-10T06:11:06Z,2026-10-10T08:00:00.000+02:00,A0025022530,A25,117.0,600
2026-10-10T06:11:06Z,2026-10-10T08:00:00.000+02:00,A9001210200,A1 (bretelle),72.0,500
2026-10-10T06:11:06Z,2026-10-10T08:00:00.000+02:00,A0022010700,A22,80.0,720
2026-10-10T06:11:06Z,2026-10-10T08:00:00.000+02:00,N0041020400,N41,91.0,580
2026-10-10T06:11:06Z,2026-10-10T08:00:00.000+02:00,A0023020720,A23,110.0,450
2026-10-10T06:11:06Z,2026-10-10T08:00:00.000+02:00,A0022020500,A22,75.0,630
2026-10-10T06:11:06Z,2026-10-10T08:00:00.000+02:00,A0025020950,A25,93.0,1120
2026-10-10T06:11:06Z,2026-10-10T08:00:00.000+02:00,A0023020300,A23,87.0,600
2026-10-10T06:11:06Z,2026-10-10T08:00:00.000+02:00,A0001011000,A1,89.0,1360
2026-10-10T06:11:06Z,2026-10-10T08:00:00.000+02:00,A0027020500,A27,90.0,270
2026-10-10T06:11:06Z,2026-10-10T08:00:00.000+02:00,N0356011500,N356,72.0,970
2026-10-10T06:11:06Z,2026-10-10T08:00:00.000+02:00,A0001010150,A1,105.0,1280
2026-10-10T06:11:06Z,2026-10-10T08:00:00.000+02:00,N0356020400,N356,75.0,680
2026-10-10T06:11:06Z,2026-10-10T08:00:00.000+02:00,A0025010700,A25,72.0,720
2026-10-10T06:11:06Z,2026-10-10T08:00:00.000+02:00,A0002011230,A2,108.0,1180
2026-10-10T06:11:06Z,2026-10-10T08:00:00.000+02:00,A0025020500,A25,75.0,980
2026-10-10T06:11:06Z,2026-10-10T08:00:00.000+02:00,A0002021290,A2,105.0,1610
2026-10-10T06:11:06Z,2026-10-10T08:00:00.000+02:00,A0022011600,A22,87.0,270
2026-10-10T06:21:10Z,2026-10-10T08:12:00.000+02:00,A0001011200,A1,83.0,1400
2026-10-10T06:21:10Z,2026-10-10T08:12:00.000+02:00,A0027010102,A27,89.0,1080
2026-10-10T06:21:10Z,2026-10-10T08:12:00.000+02:00,N0041010100,N41,88.0,430
2026-10-10T06:21:10Z,2026-10-10T08:12:00.000+02:00,A0027010101,A27,89.0,1080
2026-10-10T06:21:10Z,2026-10-10T08:12:00.000+02:00,A9022010250,A22 (rocade),81.0,200
2026-10-10T06:21:10Z,2026-10-10T08:12:00.000+02:00,A0001020150,A1,105.0,1710
2026-10-10T06:21:10Z,2026-10-10T08:12:00.000+02:00,N0356011700,N356,75.0,970
2026-10-10T06:21:10Z,2026-10-10T08:12:00.000+02:00,N9227110200,N227 (bretelle),83.0,20
2026-10-10T06:21:10Z,2026-10-10T08:12:00.000+02:00,N0356021300,N356,68.0,1440
2026-10-10T06:21:10Z,2026-10-10T08:12:00.000+02:00,A0022011400,A22,79.0,230
2026-10-10T06:21:10Z,2026-10-10T08:12:00.000+02:00,A0027010300,A27,91.0,330
2026-10-10T06:21:10Z,2026-10-10T08:12:00.000+02:00,A9022020250,A22 (rocade),70.0,360
2026-10-10T06:21:10Z,2026-10-10T08:12:00.000+02:00,N0041010300,N41,87.0,940
2026-10-10T06:21:10Z,2026-10-10T08:12:00.000+02:00,A0022011210,A22,73.0,210
2026-10-10T06:21:10Z,2026-10-10T08:12:00.000+02:00,A0027020100,A27,71.0,470
2026-10-10T06:21:10Z,2026-10-10T08:12:00.000+02:00,A0001010300,A1,90.0,1380
2026-10-10T06:21:10Z,2026-10-10T08:12:00.000+02:00,A0022011220,A22,73.0,210
2026-10-10T06:21:10Z,2026-10-10T08:12:00.000+02:00,N0227021400,N227,57.0,20
2026-10-10T06:21:10Z,2026-10-10T08:12:00.000+02:00,A9022101110,A22 (rocade),79.0,440
2026-10-10T06:21:10Z,2026-10-10T08:12:00.000+02:00,A0022022110,A22,92.0,1600
2026-10-10T06:21:10Z,2026-10-10T08:12:00.000+02:00,A0001011420,A1,90.0,1130
2026-10-10T06:21:10Z,2026-10-10T08:12:00.000+02:00,N0356010800,N356,76.0,1050
2026-10-10T06:21:10Z,2026-10-10T08:12:00.000+02:00,A9001210710,A1 (bretelle),70.0,1160
2026-10-10T06:21:10Z,2026-10-10T08:12:00.000+02:00,N0356021110,N356,73.0,1520
2026-10-10T06:21:10Z,2026-10-10T08:12:00.000+02:00,A0001010510,A1,90.0,1450
2026-10-10T06:21:10Z,2026-10-10T08:12:00.000+02:00,N0356021122,N356,66.0,1440
2026-10-10T06:21:10Z,2026-10-10T08:12:00.000+02:00,N0356021121,N356,73.0,1520
2026-10-10T06:21:10Z,2026-10-10T08:12:00.000+02:00,A0025010210,A25,77.0,1590
2026-10-10T06:21:10Z,2026-10-10T08:12:00.000+02:00,A0025011300,A25,86.0,570
2026-10-10T06:21:10Z,2026-10-10T08:12:00.000+02:00,A0001020300,A1,106.0,1630
2026-10-10T06:21:10Z,2026-10-10T08:12:00.000+02:00,A0025021100,A25,92.0,860
2026-10-10T06:21:10Z,2026-10-10T08:12:00.000+02:00,A0025023520,A25,110.0,440
2026-10-10T06:21:10Z,2026-10-10T08:12:00.000+02:00,A0022022130,A22,103.0,1530
2026-10-10T06:21:10Z,2026-10-10T08:12:00.000+02:00,A0025010220,A25,77.0,1590
2026-10-10T06:21:10Z,2026-10-10T08:12:00.000+02:00,A0022022120,A22,96.0,1620
2026-10-10T06:21:10Z,2026-10-10T08:12:00.000+02:00,A0001010520,A1,100.0,1450
2026-10-10T06:21:10Z,2026-10-10T08:12:00.000+02:00,A0022011000,A22,73.0,650
2026-10-10T06:21:10Z,2026-10-10T08:12:00.000+02:00,A0001020510,A1,104.0,1740
2026-10-10T06:21:10Z,2026-10-10T08:12:00.000+02:00,A0001021602,A1,81.0,2750
2026-10-10T06:21:10Z,2026-10-10T08:12:00.000+02:00,A22TC020222,A22 (contournement),85.0,930
2026-10-10T06:21:10Z,2026-10-10T08:12:00.000+02:00,A0001010940,A1,100.0,1610
2026-10-10T06:21:10Z,2026-10-10T08:12:00.000+02:00,A0025023320,A25,113.0,740
2026-10-10T06:21:10Z,2026-10-10T08:12:00.000+02:00,A0001020520,A1,99.0,1820
2026-10-10T06:21:10Z,2026-10-10T08:12:00.000+02:00,A0025023100,A25,115.0,640
2026-10-10T06:21:10Z,2026-10-10T08:12:00.000+02:00,A22TC020230,A22 (contournement),85.0,930
2026-10-10T06:21:10Z,2026-10-10T08:12:00.000+02:00,A0025021730,A25,89.0,1420
2026-10-10T06:21:10Z,2026-10-10T08:12:00.000+02:00,A0025023910,A25,111.0,480
2026-10-10T06:21:10Z,2026-10-10T08:12:00.000+02:00,A0025021735,A25,105.0,1460
2026-10-10T06:21:10Z,2026-10-10T08:12:00.000+02:00,A0023010400,A23,107.0,730
2026-10-10T06:21:10Z,2026-10-10T08:12:00.000+02:00,A0022021900,A22,82.0,1270
2026-10-10T06:21:10Z,2026-10-10T08:12:00.000+02:00,A9022100500,A22 (rocade),80.0,480
2026-10-10T06:21:10Z,2026-10-10T08:12:00.000+02:00,A0001020940,A1,90.0,2070
2026-10-10T06:21:10Z,2026-10-10T08:12:00.000+02:00,A0001020700,A1,96.0,1560
2026-10-10T06:21:10Z,2026-10-10T08:12:00.000+02:00,A9022020830,A22 (rocade),87.0,100
2026-10-10T06:21:10Z,2026-10-10T08:12:00.000+02:00,A9022020822,A22 (rocade),88.0,670
2026-10-10T06:21:10Z,2026-10-10T08:12:00.000+02:00,A9022020821,A22 (rocade),88.0,670
2026-10-10T06:21:10Z,2026-10-10T08:12:00.000+02:00,A0025020420,A25,73.0,1740
2026-10-10T06:21:10Z,2026-10-10T08:12:00.000+02:00,A0025021510,A25,97.0,770
2026-10-10T06:21:10Z,2026-10-10T08:12:00.000+02:00,N0227010100,N227,67.0,320
2026-10-10T06:21:10Z,2026-10-10T08:12:00.000+02:00,A0025011720,A25,99.0,1030
2026-10-10T06:21:10Z,2026-10-10T08:12:00.000+02:00,A0025021760,A25,89.0,1390
2026-10-10T06:21:10Z,2026-10-10T08:12:00.000+02:00,A0025011730,A25,90.0,1150
2026-10-10T06:21:10Z,2026-10-10T08:12:00.000+02:00,A0025011735,A25,103.0,1180
2026-10-10T06:21:10Z,2026-10-10T08:12:00.000+02:00,A9025080700,A25 (bretelle),,320
2026-10-10T06:21:10Z,2026-10-10T08:12:00.000+02:00,A9022100930,A22 (rocade),73.0,70
2026-10-10T06:21:10Z,2026-10-10T08:12:00.000+02:00,N0356011220,N356,74.0,1110
2026-10-10T06:21:10Z,2026-10-10T08:12:00.000+02:00,A0025011740,A25,88.0,1210
2026-10-10T06:21:10Z,2026-10-10T08:12:00.000+02:00,A0025010410,A25,71.0,1350
2026-10-10T06:21:10Z,2026-10-10T08:12:00.000+02:00,A0023010200,A23,89.0,680
2026-10-10T06:21:10Z,2026-10-10T08:12:00.000+02:00,A9001210120,A1 (bretelle),78.0,230
2026-10-10T06:21:10Z,2026-10-10T08:12:00.000+02:00,A0025020210,A25,75.0,1770
2026-10-10T06:21:10Z,2026-10-10T08:12:00.000+02:00,N0356011210,N356,74.0,1110
2026-10-10T06:21:10Z,2026-10-10T08:12:00.000+02:00,A0025011510,A25,88.0,730
2026-10-10T06:21:10Z,2026-10-10T08:12:00.000+02:00,A0025020220,A25,75.0,1770
2026-10-10T06:21:10Z,2026-10-10T08:12:00.000+02:00,N0227010302,N227,75.0,720
2026-10-10T06:21:10Z,2026-10-10T08:12:00.000+02:00,N0041010500,N41,102.0,710
2026-10-10T06:21:10Z,2026-10-10T08:12:00.000+02:00,N0227020101,N227,83.0,970
2026-10-10T06:21:10Z,2026-10-10T08:12:00.000+02:00,A9022100110,A22 (rocade),68.0,410
2026-10-10T06:21:10Z,2026-10-10T08:12:00.000+02:00,A0022010400,A22,74.0,1020
2026-10-10T06:21:10Z,2026-10-10T08:12:00.000+02:00,N0356010302,N356,77.0,1950
2026-10-10T06:21:10Z,2026-10-10T08:12:00.000+02:00,A0025010800,A25,76.0,1090
2026-10-10T06:21:10Z,2026-10-10T08:12:00.000+02:00,A0027020621,A27,98.0,580
2026-10-10T06:21:10Z,2026-10-10T08:12:00.000+02:00,N0041010700,N41,107.0,250
2026-10-10T06:21:10Z,2026-10-10T08:12:00.000+02:00,A0027020630,A27,101.0,600
2026-10-10T06:21:10Z,2026-10-10T08:12:00.000+02:00,A0022021512,A22,80.0,1120
2026-10-10T06:21:10Z,2026-10-10T08:12:00.000+02:00,A0022021511,A22,79.0,1110
2026-10-10T06:21:10Z,2026-10-10T08:12:00.000+02:00,A0027020610,A27,98.0,580
2026-10-10T06:21:10Z,2026-10-10T08:12:00.000+02:00,A0025021720,A25,102.0,1370
2026-10-10T06:21:10Z,2026-10-10T08:12:00.000+02:00,A0022021520,A22,80.0,1120
2026-10-10T06:21:10Z,2026-10-10T08:12:00.000+02:00,A0025022140,A25,114.0,1180
2026-10-10T06:21:10Z,2026-10-10T08:12:00.000+02:00,A0022011302,A22,77.0,610
2026-10-10T06:21:10Z,2026-10-10T08:12:00.000+02:00,A0025022160,A25,109.0,1170
2026-10-10T06:21:10Z,2026-10-10T08:12:00.000+02:00,A0027010201,A27,88.0,790
2026-10-10T06:21:10Z,2026-10-10T08:12:00.000+02:00,A0027010202,A27,58.0,250
2026-10-10T06:21:10Z,2026-10-10T08:12:00.000+02:00,N9227110110,N227 (bretelle),75.0,660
2026-10-10T06:21:10Z,2026-10-10T08:12:00.000+02:00,A0025012130,A25,100.0,690
2026-10-10T06:21:10Z,2026-10-10T08:12:00.000+02:00,A0027010210,A27,58.0,250
2026-10-10T06:21:10Z,2026-10-10T08:12:00.000+02:00,A0025011050,A25,90.0,470
2026-10-10T06:21:10Z,2026-10-10T08:12:00.000+02:00,A0025012140,A25,100.0,520
2026-10-10T06:21:10Z,2026-10-10T08:12:00.000+02:00,A0027010421,A27,96.0,390
2026-10-10T06:21:10Z,2026-10-10T08:12:00.000+02:00,A0022012420,A22,94.0,1120
2026-10-10T06:21:10Z,2026-10-10T08:12:00.000+02:00,A0027010430,A27,101.0,420
2026-10-10T06:21:10Z,2026-10-10T08:12:00.000+02:00,A0023020710,A23,106.0,600
2026-10-10T06:21:10Z,2026-10-10T08:12:00.000+02:00,A0022012430,A22,92.0,1100
2026-10-10T06:21:10Z,2026-10-10T08:12:00.000+02:00,A0025012160,A25,125.0,1180
2026-10-10T06:21:10Z,2026-10-10T08:12:00.000+02:00,A9022021200,A22 (rocade),70.0,80
2026-10-10T06:21:10Z,2026-10-10T08:12:00.000+02:00,A0001021100,A1,88.0,1820
2026-10-10T06:21:10Z,2026-10-10T08:12:00.000+02:00,A9022101000,A22 (rocade),,300
2026-10-10T06:21:10Z,2026-10-10T08:12:00.000+02:00,A0025013020,A25,110.0,770
2026-10-10T06:21:10Z,2026-10-10T08:12:00.000+02:00,A0027010410,A27,96.0,390
2026-10-10T06:21:10Z,2026-10-10T08:12:00.000+02:00,A0022012410,A22,92.0,1080
2026-10-10T06:21:10Z,2026-10-10T08:12:00.000+02:00,A0001A20112,A1,90.0,730
2026-10-10T06:21:10Z,2026-10-10T08:12:00.000+02:00,A0001A20111,A1,87.0,640
2026-10-10T06:21:10Z,2026-10-10T08:12:00.000+02:00,A0001021521,A1,84.0,1780
2026-10-10T06:21:10Z,2026-10-10T08:12:00.000+02:00,A0025022540,A25,112.0,670
2026-10-10T06:21:10Z,2026-10-10T08:12:00.000+02:00,A0025022300,A25,111.0,630
2026-10-10T06:21:10Z,2026-10-10T08:12:00.000+02:00,N0356021000,N356,73.0,1370
2026-10-10T06:21:10Z,2026-10-10T08:12:00.000+02:00,A22TC010102,A22 (contournement),85.0,530
2026-10-10T06:21:10Z,2026-10-10T08:12:00.000+02:00,A0001011503,A1,89.0,2050
2026-10-10T06:21:10Z,2026-10-10T08:12:00.000+02:00,A0022012200,A22,81.0,950
2026-10-10T06:21:10Z,2026-10-10T08:12:00.000+02:00,A0001A20120,A1,89.0,780
2026-10-10T06:21:10Z,2026-10-10T08:12:00.000+02:00,A22TC020102,A22 (contournement),86.0,710
2026-10-10T06:21:10Z,2026-10-10T08:12:00.000+02:00,A22TC010300,A22 (contournement),81.0,730
2026-10-10T06:21:10Z,2026-10-10T08:12:00.000+02:00,A0022012010,A22,83.0,690
2026-10-10T06:21:10Z,2026-10-10T08:12:00.000+02:00,A0022012020,A22,83.0,690
2026-10-10T06:21:10Z,2026-10-10T08:12:00.000+02:00,A0025022130,A25,126.0,1100
2026-10-10T06:21:10Z,2026-10-10T08:12:00.000+02:00,A0023010520,A23,112.0,680
2026-10-10T06:21:10Z,2026-10-10T08:12:00.000+02:00,N0041020800,N41,98.0,810
2026-10-10T06:21:10Z,2026-10-10T08:12:00.000+02:00,A0025010500,A25,67.0,1090
2026-10-10T06:21:10Z,2026-10-10T08:12:00.000+02:00,A0022020901,A22,78.0,1030
2026-10-10T06:21:10Z,2026-10-10T08:12:00.000+02:00,A0022020902,A22,78.0,870
2026-10-10T06:21:10Z,2026-10-10T08:12:00.000+02:00,A0022021810,A22,82.0,1080
2026-10-10T06:21:10Z,2026-10-10T08:12:00.000+02:00,N0356011100,N356,73.0,1110
2026-10-10T06:21:10Z,2026-10-10T08:12:00.000+02:00,A0022021820,A22,82.0,1080
2026-10-10T06:21:10Z,2026-10-10T08:12:00.000+02:00,N0356020802,N356,71.0,1680
2026-10-10T06:21:10Z,2026-10-10T08:12:00.000+02:00,A9022020900,A22 (rocade),,300
2026-10-10T06:21:10Z,2026-10-10T08:12:00.000+02:00,A0025020102,A25,71.0,980
2026-10-10T06:21:10Z,2026-10-10T08:12:00.000+02:00,A0023010100,A23,91.0,60
2026-10-10T06:21:10Z,2026-10-10T08:12:00.000+02:00,A0025022530,A25,113.0,630
2026-10-10T06:21:10Z,2026-10-10T08:12:00.000+02:00,A9001210200,A1 (bretelle),69.0,580
2026-10-10T06:21:10Z,2026-10-10T08:12:00.000+02:00,A0022010700,A22,78.0,820
2026-10-10T06:21:10Z,2026-10-10T08:12:00.000+02:00,N0041020400,N41,94.0,740
2026-10-10T06:21:10Z,2026-10-10T08:12:00.000+02:00,A0023020720,A23,113.0,610
2026-10-10T06:21:10Z,2026-10-10T08:12:00.000+02:00,A0022020500,A22,78.0,640
2026-10-10T06:21:10Z,2026-10-10T08:12:00.000+02:00,N93563b0150,N356 (bretelle),77.0,10
2026-10-10T06:21:10Z,2026-10-10T08:12:00.000+02:00,A0025020950,A25,93.0,1360
2026-10-10T06:21:10Z,2026-10-10T08:12:00.000+02:00,A0023020300,A23,100.0,680
2026-10-10T06:21:10Z,2026-10-10T08:12:00.000+02:00,A0001011000,A1,88.0,1360
2026-10-10T06:21:10Z,2026-10-10T08:12:00.000+02:00,A0027020500,A27,91.0,400
2026-10-10T06:21:10Z,2026-10-10T08:12:00.000+02:00,N0356011500,N356,72.0,1100
2026-10-10T06:21:10Z,2026-10-10T08:12:00.000+02:00,A0001010150,A1,99.0,1470
2026-10-10T06:21:10Z,2026-10-10T08:12:00.000+02:00,N0356020400,N356,61.0,850
2026-10-10T06:21:10Z,2026-10-10T08:12:00.000+02:00,A0025010700,A25,66.0,760
2026-10-10T06:21:10Z,2026-10-10T08:12:00.000+02:00,A0002011230,A2,109.0,1500
2026-10-10T06:21:10Z,2026-10-10T08:12:00.000+02:00,A0025020500,A25,73.0,1310
2026-10-10T06:21:10Z,2026-10-10T08:12:00.000+02:00,A0002021290,A2,106.0,1330
2026-10-10T06:21:10Z,2026-10-10T08:12:00.000+02:00,A0022011600,A22,83.0,470
2026-10-10T06:31:11Z,2026-10-10T08:24:00.000+02:00,A0001011200,A1,82.0,1450
2026-10-10T06:31:11Z,2026-10-10T08:24:00.000+02:00,A0027010102,A27,90.0,1440
2026-10-10T06:31:11Z,2026-10-10T08:24:00.000+02:00,N0041010100,N41,86.0,430
2026-10-10T06:31:11Z,2026-10-10T08:24:00.000+02:00,A0027010101,A27,90.0,1440
2026-10-10T06:31:11Z,2026-10-10T08:24:00.000+02:00,A9022010250,A22 (rocade),86.0,280
2026-10-10T06:31:11Z,2026-10-10T08:24:00.000+02:00,A0001020150,A1,107.0,2020
2026-10-10T06:31:11Z,2026-10-10T08:24:00.000+02:00,N0356011700,N356,74.0,1520
2026-10-10T06:31:11Z,2026-10-10T08:24:00.000+02:00,N9227110200,N227 (bretelle),71.0,10
2026-10-10T06:31:11Z,2026-10-10T08:24:00.000+02:00,N0356021300,N356,68.0,1680
2026-10-10T06:31:11Z,2026-10-10T08:24:00.000+02:00,A0022011400,A22,81.0,310
2026-10-10T06:31:11Z,2026-10-10T08:24:00.000+02:00,A0027010300,A27,91.0,370
2026-10-10T06:31:11Z,2026-10-10T08:24:00.000+02:00,A9022020250,A22 (rocade),54.0,530
2026-10-10T06:31:11Z,2026-10-10T08:24:00.000+02:00,N0041010300,N41,93.0,1180
2026-10-10T06:31:11Z,2026-10-10T08:24:00.000+02:00,A0022011210,A22,69.0,220
2026-10-10T06:31:11Z,2026-10-10T08:24:00.000+02:00,A0027020100,A27,72.0,710
2026-10-10T06:31:11Z,2026-10-10T08:24:00.000+02:00,A0001010300,A1,97.0,1700
2026-10-10T06:31:11Z,2026-10-10T08:24:00.000+02:00,A0022011220,A22,69.0,220
2026-10-10T06:31:11Z,2026-10-10T08:24:00.000+02:00,A9022101110,A22 (rocade),80.0,550
2026-10-10T06:31:11Z,2026-10-10T08:24:00.000+02:00,A0022022110,A22,90.0,2160
2026-10-10T06:31:11Z,2026-10-10T08:24:00.000+02:00,A0001011420,A1,90.0,1270
2026-10-10T06:31:11Z,2026-10-10T08:24:00.000+02:00,N0356010800,N356,76.0,1490
2026-10-10T06:31:11Z,2026-10-10T08:24:00.000+02:00,A9001210710,A1 (bretelle),69.0,1460
2026-10-10T06:31:11Z,2026-10-10T08:24:00.000+02:00,N0356021110,N356,73.0,1800
2026-10-10T06:31:11Z,2026-10-10T08:24:00.000+02:00,A0001010510,A1,97.0,1600
2026-10-10T06:31:11Z,2026-10-10T08:24:00.000+02:00,N0356021122,N356,66.0,1770
2026-10-10T06:31:11Z,2026-10-10T08:24:00.000+02:00,N0356021121,N356,73.0,1800
2026-10-10T06:31:11Z,2026-10-10T08:24:00.000+02:00,A0025010210,A25,76.0,2080
2026-10-10T06:31:11Z,2026-10-10T08:24:00.000+02:00,A0025011300,A25,84.0,720
2026-10-10T06:31:11Z,2026-10-10T08:24:00.000+02:00,A0001020300,A1,108.0,1930
2026-10-10T06:31:11Z,2026-10-10T08:24:00.000+02:00,A0025021100,A25,92.0,1000
2026-10-10T06:31:11Z,2026-10-10T08:24:00.000+02:00,A0025023520,A25,113.0,550
2026-10-10T06:31:11Z,2026-10-10T08:24:00.000+02:00,A0022022130,A22,103.0,1990
2026-10-10T06:31:11Z,2026-10-10T08:24:00.000+02:00,A0025010220,A25,76.0,2080
2026-10-10T06:31:11Z,2026-10-10T08:24:00.000+02:00,A0022022120,A22,95.0,2090
2026-10-10T06:31:11Z,2026-10-10T08:24:00.000+02:00,A0001010520,A1,100.0,1740
2026-10-10T06:31:11Z,2026-10-10T08:24:00.000+02:00,A0022011000,A22,68.0,1160
2026-10-10T06:31:11Z,2026-10-10T08:24:00.000+02:00,A0001020510,A1,105.0,2010
2026-10-10T06:31:11Z,2026-10-10T08:24:00.000+02:00,A0001021602,A1,86.0,3150
2026-10-10T06:31:11Z,2026-10-10T08:24:00.000+02:00,A22TC020222,A22 (contournement),89.0,1060
2026-10-10T06:31:11Z,2026-10-10T08:24:00.000+02:00,A0001010940,A1,99.0,1790
2026-10-10T06:31:11Z,2026-10-10T08:24:00.000+02:00,A0025023320,A25,109.0,1080
2026-10-10T06:31:11Z,2026-10-10T08:24:00.000+02:00,A0001020520,A1,100.0,2030
2026-10-10T06:31:11Z,2026-10-10T08:24:00.000+02:00,A0025023100,A25,110.0,950
2026-10-10T06:31:11Z,2026-10-10T08:24:00.000+02:00,A22TC020230,A22 (contournement),89.0,1060
2026-10-10T06:31:11Z,2026-10-10T08:24:00.000+02:00,A0025021730,A25,91.0,1520
2026-10-10T06:31:11Z,2026-10-10T08:24:00.000+02:00,A0025023910,A25,114.0,490
2026-10-10T06:31:11Z,2026-10-10T08:24:00.000+02:00,A0025021735,A25,104.0,1530
2026-10-10T06:31:11Z,2026-10-10T08:24:00.000+02:00,A0023010400,A23,106.0,830
2026-10-10T06:31:11Z,2026-10-10T08:24:00.000+02:00,A0022021900,A22,83.0,1690
2026-10-10T06:31:11Z,2026-10-10T08:24:00.000+02:00,A9022100500,A22 (rocade),79.0,870
2026-10-10T06:31:11Z,2026-10-10T08:24:00.000+02:00,A0001020940,A1,90.0,2290
2026-10-10T06:31:11Z,2026-10-10T08:24:00.000+02:00,A0001020700,A1,93.0,1690
2026-10-10T06:31:11Z,2026-10-10T08:24:00.000+02:00,A9022020830,A22 (rocade),77.0,200
2026-10-10T06:31:11Z,2026-10-10T08:24:00.000+02:00,A9022020822,A22 (rocade),88.0,380
2026-10-10T06:31:11Z,2026-10-10T08:24:00.000+02:00,A9022020821,A22 (rocade),88.0,380
2026-10-10T06:31:11Z,2026-10-10T08:24:00.000+02:00,A0025020420,A25,73.0,2060
2026-10-10T06:31:11Z,2026-10-10T08:24:00.000+02:00,A0025021510,A25,101.0,740
2026-10-10T06:31:11Z,2026-10-10T08:24:00.000+02:00,N0227010100,N227,67.0,510
2026-10-10T06:31:11Z,2026-10-10T08:24:00.000+02:00,A0025011720,A25,100.0,1160
2026-10-10T06:31:11Z,2026-10-10T08:24:00.000+02:00,A0025021760,A25,91.0,1460
2026-10-10T06:31:11Z,2026-10-10T08:24:00.000+02:00,A0025011730,A25,90.0,1070
2026-10-10T06:31:11Z,2026-10-10T08:24:00.000+02:00,A0025011735,A25,105.0,1060
2026-10-10T06:31:11Z,2026-10-10T08:24:00.000+02:00,A9025080700,A25 (bretelle),,330
2026-10-10T06:31:11Z,2026-10-10T08:24:00.000+02:00,A9022100930,A22 (rocade),67.0,70
2026-10-10T06:31:11Z,2026-10-10T08:24:00.000+02:00,N0356011220,N356,74.0,1550
2026-10-10T06:31:11Z,2026-10-10T08:24:00.000+02:00,A0025011740,A25,90.0,1090
2026-10-10T06:31:11Z,2026-10-10T08:24:00.000+02:00,A0025010410,A25,72.0,1660
2026-10-10T06:31:11Z,2026-10-10T08:24:00.000+02:00,A0023010200,A23,107.0,850
2026-10-10T06:31:11Z,2026-10-10T08:24:00.000+02:00,A9001210120,A1 (bretelle),79.0,290
2026-10-10T06:31:11Z,2026-10-10T08:24:00.000+02:00,A0025020210,A25,74.0,2590
2026-10-10T06:31:11Z,2026-10-10T08:24:00.000+02:00,N0356011210,N356,74.0,1550
2026-10-10T06:31:11Z,2026-10-10T08:24:00.000+02:00,A0025011510,A25,87.0,860
2026-10-10T06:31:11Z,2026-10-10T08:24:00.000+02:00,A0025020220,A25,74.0,2590
2026-10-10T06:31:11Z,2026-10-10T08:24:00.000+02:00,N0227010302,N227,77.0,1180
2026-10-10T06:31:11Z,2026-10-10T08:24:00.000+02:00,N0041010500,N41,50.0,960
2026-10-10T06:31:11Z,2026-10-10T08:24:00.000+02:00,N0227020101,N227,87.0,1010
2026-10-10T06:31:11Z,2026-10-10T08:24:00.000+02:00,A9022100110,A22 (rocade),70.0,310
2026-10-10T06:31:11Z,2026-10-10T08:24:00.000+02:00,A0022010400,A22,74.0,1190
2026-10-10T06:31:11Z,2026-10-10T08:24:00.000+02:00,N0356010302,N356,76.0,2330
2026-10-10T06:31:11Z,2026-10-10T08:24:00.000+02:00,A0025010800,A25,75.0,1120
2026-10-10T06:31:11Z,2026-10-10T08:24:00.000+02:00,A0027020621,A27,97.0,620
2026-10-10T06:31:11Z,2026-10-10T08:24:00.000+02:00,N0041010700,N41,100.0,360
2026-10-10T06:31:11Z,2026-10-10T08:24:00.000+02:00,A0027020630,A27,98.0,620
2026-10-10T06:31:11Z,2026-10-10T08:24:00.000+02:00,A0022021512,A22,80.0,1360
2026-10-10T06:31:11Z,2026-10-10T08:24:00.000+02:00,A0022021511,A22,80.0,1420
2026-10-10T06:31:11Z,2026-10-10T08:24:00.000+02:00,A0027020610,A27,97.0,620
2026-10-10T06:31:11Z,2026-10-10T08:24:00.000+02:00,A0025021720,A25,104.0,1490
2026-10-10T06:31:11Z,2026-10-10T08:24:00.000+02:00,A0022021520,A22,80.0,1360
2026-10-10T06:31:11Z,2026-10-10T08:24:00.000+02:00,A0025022140,A25,111.0,1170
2026-10-10T06:31:11Z,2026-10-10T08:24:00.000+02:00,A0022011302,A22,77.0,840
2026-10-10T06:31:11Z,2026-10-10T08:24:00.000+02:00,A0025022160,A25,107.0,1200
2026-10-10T06:31:11Z,2026-10-10T08:24:00.000+02:00,A0027010201,A27,89.0,730
2026-10-10T06:31:11Z,2026-10-10T08:24:00.000+02:00,A0027010202,A27,62.0,610
2026-10-10T06:31:11Z,2026-10-10T08:24:00.000+02:00,N9227110110,N227 (bretelle),74.0,610
2026-10-10T06:31:11Z,2026-10-10T08:24:00.000+02:00,A0025012130,A25,107.0,670
2026-10-10T06:31:11Z,2026-10-10T08:24:00.000+02:00,A0027010210,A27,62.0,610
2026-10-10T06:31:11Z,2026-10-10T08:24:00.000+02:00,A0025011050,A25,90.0,620
2026-10-10T06:31:11Z,2026-10-10T08:24:00.000+02:00,A0025012140,A25,107.0,380
2026-10-10T06:31:11Z,2026-10-10T08:24:00.000+02:00,A0027010421,A27,96.0,510
2026-10-10T06:31:11Z,2026-10-10T08:24:00.000+02:00,A0022012420,A22,96.0,1300
2026-10-10T06:31:11Z,2026-10-10T08:24:00.000+02:00,A0027010430,A27,100.0,540
2026-10-10T06:31:11Z,2026-10-10T08:24:00.000+02:00,A0023020710,A23,108.0,720
2026-10-10T06:31:11Z,2026-10-10T08:24:00.000+02:00,A0022012430,A22,94.0,1240
2026-10-10T06:31:11Z,2026-10-10T08:24:00.000+02:00,A0025012160,A25,120.0,980
2026-10-10T06:31:11Z,2026-10-10T08:24:00.000+02:00,A9022021200,A22 (rocade),67.0,160
2026-10-10T06:31:11Z,2026-10-10T08:24:00.000+02:00,A0001021100,A1,90.0,2180
2026-10-10T06:31:11Z,2026-10-10T08:24:00.000+02:00,A9022101000,A22 (rocade),107.0,430
2026-10-10T06:31:11Z,2026-10-10T08:24:00.000+02:00,A0025013020,A25,114.0,810
2026-10-10T06:31:11Z,2026-10-10T08:24:00.000+02:00,A0027010410,A27,96.0,510
2026-10-10T06:31:11Z,2026-10-10T08:24:00.000+02:00,A0022012410,A22,95.0,1290
2026-10-10T06:31:11Z,2026-10-10T08:24:00.000+02:00,A0001A20112,A1,91.0,900
2026-10-10T06:31:11Z,2026-10-10T08:24:00.000+02:00,A0001A20111,A1,90.0,780
2026-10-10T06:31:11Z,2026-10-10T08:24:00.000+02:00,A0001021521,A1,86.0,1940
2026-10-10T06:31:11Z,2026-10-10T08:24:00.000+02:00,A0025022540,A25,111.0,1030
2026-10-10T06:31:11Z,2026-10-10T08:24:00.000+02:00,A0025022300,A25,113.0,800
2026-10-10T06:31:11Z,2026-10-10T08:24:00.000+02:00,N0356021000,N356,73.0,1710
2026-10-10T06:31:11Z,2026-10-10T08:24:00.000+02:00,A22TC010102,A22 (contournement),87.0,640
2026-10-10T06:31:11Z,2026-10-10T08:24:00.000+02:00,A0001011503,A1,89.0,2570
2026-10-10T06:31:11Z,2026-10-10T08:24:00.000+02:00,A0022012200,A22,85.0,1040
2026-10-10T06:31:11Z,2026-10-10T08:24:00.000+02:00,A0001A20120,A1,90.0,1010
2026-10-10T06:31:11Z,2026-10-10T08:24:00.000+02:00,A22TC020102,A22 (contournement),86.0,860
2026-10-10T06:31:11Z,2026-10-10T08:24:00.000+02:00,A22TC010300,A22 (contournement),81.0,760
2026-10-10T06:31:11Z,2026-10-10T08:24:00.000+02:00,A0022012010,A22,82.0,770
2026-10-10T06:31:11Z,2026-10-10T08:24:00.000+02:00,A0022012020,A22,82.0,770
2026-10-10T06:31:11Z,2026-10-10T08:24:00.000+02:00,A0025022130,A25,127.0,1170
2026-10-10T06:31:11Z,2026-10-10T08:24:00.000+02:00,A0023010520,A23,113.0,810
2026-10-10T06:31:11Z,2026-10-10T08:24:00.000+02:00,N0041020800,N41,98.0,820
2026-10-10T06:31:11Z,2026-10-10T08:24:00.000+02:00,A0025010500,A25,71.0,1150
2026-10-10T06:31:11Z,2026-10-10T08:24:00.000+02:00,A0022020901,A22,79.0,1380
2026-10-10T06:31:11Z,2026-10-10T08:24:00.000+02:00,A0022020902,A22,79.0,1110
2026-10-10T06:31:11Z,2026-10-10T08:24:00.000+02:00,A0022021810,A22,82.0,1400
2026-10-10T06:31:11Z,2026-10-10T08:24:00.000+02:00,N0356011100,N356,73.0,1420
2026-10-10T06:31:11Z,2026-10-10T08:24:00.000+02:00,A0022021820,A22,82.0,1400
2026-10-10T06:31:11Z,2026-10-10T08:24:00.000+02:00,N0356020802,N356,73.0,1840
2026-10-10T06:31:11Z,2026-10-10T08:24:00.000+02:00,A9022020900,A22 (rocade),85.0,430
2026-10-10T06:31:11Z,2026-10-10T08:24:00.000+02:00,A0025020102,A25,70.0,1080
2026-10-10T06:31:11Z,2026-10-10T08:24:00.000+02:00,A0023010100,A23,116.0,60
2026-10-10T06:31:11Z,2026-10-10T08:24:00.000+02:00,A0025022530,A25,114.0,950
2026-10-10T06:31:11Z,2026-10-10T08:24:00.000+02:00,A9001210200,A1 (bretelle),68.0,670
2026-10-10T06:31:11Z,2026-10-10T08:24:00.000+02:00,A0022010700,A22,78.0,970
2026-10-10T06:31:11Z,2026-10-10T08:24:00.000+02:00,N0041020400,N41,91.0,980
2026-10-10T06:31:11Z,2026-10-10T08:24:00.000+02:00,A0023020720,A23,115.0,720
2026-10-10T06:31:11Z,2026-10-10T08:24:00.000+02:00,A0022020500,A22,79.0,880
2026-10-10T06:31:11Z,2026-10-10T08:24:00.000+02:00,N93563b0150,N356 (bretelle),74.0,40
2026-10-10T06:31:11Z,2026-10-10T08:24:00.000+02:00,A0025020950,A25,92.0,1440
2026-10-10T06:31:11Z,2026-10-10T08:24:00.000+02:00,A0023020300,A23,89.0,790
2026-10-10T06:31:11Z,2026-10-10T08:24:00.000+02:00,A0001011000,A1,87.0,1410
2026-10-10T06:31:11Z,2026-10-10T08:24:00.000+02:00,A0027020500,A27,90.0,410
2026-10-10T06:31:11Z,2026-10-10T08:24:00.000+02:00,N0356011500,N356,65.0,1680
2026-10-10T06:31:11Z,2026-10-10T08:24:00.000+02:00,A0001010150,A1,102.0,1710
2026-10-10T06:31:11Z,2026-10-10T08:24:00.000+02:00,N0356020400,N356,66.0,900
2026-10-10T06:31:11Z,2026-10-10T08:24:00.000+02:00,A0025010700,A25,73.0,860
2026-10-10T06:31:11Z,2026-10-10T08:24:00.000+02:00,A0002011230,A2,106.0,1510
2026-10-10T06:31:11Z,2026-10-10T08:24:00.000+02:00,A0025020500,A25,74.0,1430
2026-10-10T06:31:11Z,2026-10-10T08:24:00.000+02:00,A0002021290,A2,106.0,1770
2026-10-10T06:31:11Z,2026-10-10T08:24:00.000+02:00,A0022011600,A22,84.0,480
2026-10-10T06:41:02Z,2026-10-10T08:30:00.000+02:00,A0001011200,A1,82.0,1940
2026-10-10T06:41:02Z,2026-10-10T08:30:00.000+02:00,A0027010102,A27,104.0,1340
2026-10-10T06:41:02Z,2026-10-10T08:30:00.000+02:00,N0041010100,N41,85.0,700
2026-10-10T06:41:02Z,2026-10-10T08:30:00.000+02:00,A0027010101,A27,104.0,1340
2026-10-10T06:41:02Z,2026-10-10T08:30:00.000+02:00,A9022010250,A22 (rocade),85.0,270
2026-10-10T06:41:02Z,2026-10-10T08:30:00.000+02:00,A0001020150,A1,109.0,2200
2026-10-10T06:41:02Z,2026-10-10T08:30:00.000+02:00,N0356011700,N356,76.0,1280
2026-10-10T06:41:02Z,2026-10-10T08:30:00.000+02:00,N9227110200,N227 (bretelle),71.0,50
2026-10-10T06:41:02Z,2026-10-10T08:30:00.000+02:00,N0356021300,N356,69.0,2010
2026-10-10T06:41:02Z,2026-10-10T08:30:00.000+02:00,A0022011400,A22,78.0,430
2026-10-10T06:41:02Z,2026-10-10T08:30:00.000+02:00,A0027010300,A27,90.0,450
2026-10-10T06:41:02Z,2026-10-10T08:30:00.000+02:00,A9022020250,A22 (rocade),70.0,490
2026-10-10T06:41:02Z,2026-10-10T08:30:00.000+02:00,N0041010300,N41,91.0,1450
2026-10-10T06:41:02Z,2026-10-10T08:30:00.000+02:00,A0022011210,A22,80.0,280
2026-10-10T06:41:02Z,2026-10-10T08:30:00.000+02:00,A0027020100,A27,74.0,640
2026-10-10T06:41:02Z,2026-10-10T08:30:00.000+02:00,A0001010300,A1,97.0,2220
2026-10-10T06:41:02Z,2026-10-10T08:30:00.000+02:00,A0022011220,A22,80.0,280
2026-10-10T06:41:02Z,2026-10-10T08:30:00.000+02:00,N0227021400,N227,75.0,30
2026-10-10T06:41:02Z,2026-10-10T08:30:00.000+02:00,A9022101110,A22 (rocade),77.0,600
2026-10-10T06:41:02Z,2026-10-10T08:30:00.000+02:00,A0022022110,A22,92.0,2210
2026-10-10T06:41:02Z,2026-10-10T08:30:00.000+02:00,A0001011420,A1,89.0,1410
2026-10-10T06:41:02Z,2026-10-10T08:30:00.000+02:00,N0356010800,N356,75.0,1280
2026-10-10T06:41:02Z,2026-10-10T08:30:00.000+02:00,A9001210710,A1 (bretelle),70.0,1330
2026-10-10T06:41:02Z,2026-10-10T08:30:00.000+02:00,N0356021110,N356,75.0,2150
2026-10-10T06:41:02Z,2026-10-10T08:30:00.000+02:00,A0001010510,A1,97.0,2030
2026-10-10T06:41:02Z,2026-10-10T08:30:00.000+02:00,N0356021122,N356,66.0,2120
2026-10-10T06:41:02Z,2026-10-10T08:30:00.000+02:00,N0356021121,N356,75.0,2150
2026-10-10T06:41:02Z,2026-10-10T08:30:00.000+02:00,A0025010210,A25,76.0,1860
2026-10-10T06:41:02Z,2026-10-10T08:30:00.000+02:00,A0025011300,A25,85.0,610
2026-10-10T06:41:02Z,2026-10-10T08:30:00.000+02:00,A0001020300,A1,110.0,2100
2026-10-10T06:41:02Z,2026-10-10T08:30:00.000+02:00,A0025021100,A25,93.0,1070
2026-10-10T06:41:02Z,2026-10-10T08:30:00.000+02:00,A0025023520,A25,112.0,510
2026-10-10T06:41:02Z,2026-10-10T08:30:00.000+02:00,A0022022130,A22,101.0,2160
2026-10-10T06:41:02Z,2026-10-10T08:30:00.000+02:00,A0025010220,A25,76.0,1860
2026-10-10T06:41:02Z,2026-10-10T08:30:00.000+02:00,A0022022120,A22,95.0,2260
2026-10-10T06:41:02Z,2026-10-10T08:30:00.000+02:00,A0001010520,A1,100.0,2290
2026-10-10T06:41:02Z,2026-10-10T08:30:00.000+02:00,A0022011000,A22,84.0,1270
2026-10-10T06:41:02Z,2026-10-10T08:30:00.000+02:00,A0001020510,A1,106.0,2310
2026-10-10T06:41:02Z,2026-10-10T08:30:00.000+02:00,A0001021602,A1,86.0,3120
2026-10-10T06:41:02Z,2026-10-10T08:30:00.000+02:00,A22TC020222,A22 (contournement),97.0,1130
2026-10-10T06:41:02Z,2026-10-10T08:30:00.000+02:00,A0001010940,A1,99.0,2410
2026-10-10T06:41:02Z,2026-10-10T08:30:00.000+02:00,A0025023320,A25,111.0,900
2026-10-10T06:41:02Z,2026-10-10T08:30:00.000+02:00,A0001020520,A1,99.0,2510
2026-10-10T06:41:02Z,2026-10-10T08:30:00.000+02:00,A0025023100,A25,110.0,760
2026-10-10T06:41:02Z,2026-10-10T08:30:00.000+02:00,A22TC020230,A22 (contournement),97.0,1130
2026-10-10T06:41:02Z,2026-10-10T08:30:00.000+02:00,A0025021730,A25,90.0,1470
2026-10-10T06:41:02Z,2026-10-10T08:30:00.000+02:00,A0025023910,A25,119.0,550
2026-10-10T06:41:02Z,2026-10-10T08:30:00.000+02:00,A0025021735,A25,103.0,1610
2026-10-10T06:41:02Z,2026-10-10T08:30:00.000+02:00,A0023010400,A23,108.0,670
2026-10-10T06:41:02Z,2026-10-10T08:30:00.000+02:00,A0022021900,A22,84.0,1780
2026-10-10T06:41:02Z,2026-10-10T08:30:00.000+02:00,A9022100500,A22 (rocade),79.0,690
2026-10-10T06:41:02Z,2026-10-10T08:30:00.000+02:00,A0001020940,A1,89.0,2520
2026-10-10T06:41:02Z,2026-10-10T08:30:00.000+02:00,A0001020700,A1,93.0,2170
2026-10-10T06:41:02Z,2026-10-10T08:30:00.000+02:00,A9022020830,A22 (rocade),82.0,160
2026-10-10T06:41:02Z,2026-10-10T08:30:00.000+02:00,A9022020822,A22 (rocade),91.0,500
2026-10-10T06:41:02Z,2026-10-10T08:30:00.000+02:00,A9022020821,A22 (rocade),91.0,500
2026-10-10T06:41:02Z,2026-10-10T08:30:00.000+02:00,A0025020420,A25,73.0,2220
2026-10-10T06:41:02Z,2026-10-10T08:30:00.000+02:00,A0025021510,A25,99.0,810
2026-10-10T06:41:02Z,2026-10-10T08:30:00.000+02:00,N0227010100,N227,66.0,540
2026-10-10T06:41:02Z,2026-10-10T08:30:00.000+02:00,A0025011720,A25,99.0,1220
2026-10-10T06:41:02Z,2026-10-10T08:30:00.000+02:00,A0025021760,A25,87.0,1730
2026-10-10T06:41:02Z,2026-10-10T08:30:00.000+02:00,A0025011730,A25,89.0,1220
2026-10-10T06:41:02Z,2026-10-10T08:30:00.000+02:00,A0025011735,A25,102.0,1230
2026-10-10T06:41:02Z,2026-10-10T08:30:00.000+02:00,A9025080700,A25 (bretelle),,430
2026-10-10T06:41:02Z,2026-10-10T08:30:00.000+02:00,A9022100930,A22 (rocade),68.0,120
2026-10-10T06:41:02Z,2026-10-10T08:30:00.000+02:00,N0356011220,N356,73.0,1320
2026-10-10T06:41:02Z,2026-10-10T08:30:00.000+02:00,A0025011740,A25,89.0,1130
2026-10-10T06:41:02Z,2026-10-10T08:30:00.000+02:00,A0025010410,A25,71.0,1690
2026-10-10T06:41:02Z,2026-10-10T08:30:00.000+02:00,A0023010200,A23,101.0,680
2026-10-10T06:41:02Z,2026-10-10T08:30:00.000+02:00,A9001210120,A1 (bretelle),81.0,290
2026-10-10T06:41:02Z,2026-10-10T08:30:00.000+02:00,A0025020210,A25,75.0,2490
2026-10-10T06:41:02Z,2026-10-10T08:30:00.000+02:00,N0356011210,N356,73.0,1320
2026-10-10T06:41:02Z,2026-10-10T08:30:00.000+02:00,A0025011510,A25,85.0,720
2026-10-10T06:41:02Z,2026-10-10T08:30:00.000+02:00,A0025020220,A25,75.0,2490
2026-10-10T06:41:02Z,2026-10-10T08:30:00.000+02:00,N0227010302,N227,77.0,1080
2026-10-10T06:41:02Z,2026-10-10T08:30:00.000+02:00,N0041010500,N41,87.0,1160
2026-10-10T06:41:02Z,2026-10-10T08:30:00.000+02:00,N0227020101,N227,87.0,1000
2026-10-10T06:41:02Z,2026-10-10T08:30:00.000+02:00,A9022100110,A22 (rocade),68.0,420
2026-10-10T06:41:02Z,2026-10-10T08:30:00.000+02:00,A0022010400,A22,76.0,1370
2026-10-10T06:41:02Z,2026-10-10T08:30:00.000+02:00,N0356010302,N356,78.0,2190
2026-10-10T06:41:02Z,2026-10-10T08:30:00.000+02:00,A0025010800,A25,74.0,1130
2026-10-10T06:41:02Z,2026-10-10T08:30:00.000+02:00,A0027020621,A27,101.0,610
2026-10-10T06:41:02Z,2026-10-10T08:30:00.000+02:00,N0041010700,N41,88.0,480
2026-10-10T06:41:02Z,2026-10-10T08:30:00.000+02:00,A0027020630,A27,103.0,630
2026-10-10T06:41:02Z,2026-10-10T08:30:00.000+02:00,A0022021512,A22,83.0,1530
2026-10-10T06:41:02Z,2026-10-10T08:30:00.000+02:00,A0022021511,A22,83.0,1460
2026-10-10T06:41:02Z,2026-10-10T08:30:00.000+02:00,A0027020610,A27,101.0,610
2026-10-10T06:41:02Z,2026-10-10T08:30:00.000+02:00,A0025021720,A25,101.0,1450
2026-10-10T06:41:02Z,2026-10-10T08:30:00.000+02:00,A0022021520,A22,83.0,1530
2026-10-10T06:41:02Z,2026-10-10T08:30:00.000+02:00,A0025022140,A25,110.0,1620
2026-10-10T06:41:02Z,2026-10-10T08:30:00.000+02:00,A0022011302,A22,76.0,1050
2026-10-10T06:41:02Z,2026-10-10T08:30:00.000+02:00,A0025022160,A25,106.0,1550
2026-10-10T06:41:02Z,2026-10-10T08:30:00.000+02:00,A0027010201,A27,89.0,920
2026-10-10T06:41:02Z,2026-10-10T08:30:00.000+02:00,A0027010202,A27,71.0,390
2026-10-10T06:41:02Z,2026-10-10T08:30:00.000+02:00,N9227110110,N227 (bretelle),77.0,750
2026-10-10T06:41:02Z,2026-10-10T08:30:00.000+02:00,A0025012130,A25,117.0,720
2026-10-10T06:41:02Z,2026-10-10T08:30:00.000+02:00,A0027010210,A27,71.0,390
2026-10-10T06:41:02Z,2026-10-10T08:30:00.000+02:00,A0025011050,A25,92.0,690
2026-10-10T06:41:02Z,2026-10-10T08:30:00.000+02:00,A0025012140,A25,117.0,360
2026-10-10T06:41:02Z,2026-10-10T08:30:00.000+02:00,A0027010421,A27,96.0,620
2026-10-10T06:41:02Z,2026-10-10T08:30:00.000+02:00,A0022012420,A22,94.0,1420
2026-10-10T06:41:02Z,2026-10-10T08:30:00.000+02:00,A0027010430,A27,99.0,620
2026-10-10T06:41:02Z,2026-10-10T08:30:00.000+02:00,A0023020710,A23,107.0,900
2026-10-10T06:41:02Z,2026-10-10T08:30:00.000+02:00,A0022012430,A22,93.0,1410
2026-10-10T06:41:02Z,2026-10-10T08:30:00.000+02:00,A0025012160,A25,124.0,1070
2026-10-10T06:41:02Z,2026-10-10T08:30:00.000+02:00,A9022021200,A22 (rocade),65.0,200
2026-10-10T06:41:02Z,2026-10-10T08:30:00.000+02:00,A0001021100,A1,90.0,2120
2026-10-10T06:41:02Z,2026-10-10T08:30:00.000+02:00,A9022101000,A22 (rocade),107.0,390
2026-10-10T06:41:02Z,2026-10-10T08:30:00.000+02:00,A0025013020,A25,114.0,1040
2026-10-10T06:41:02Z,2026-10-10T08:30:00.000+02:00,A0027010410,A27,96.0,620
2026-10-10T06:41:02Z,2026-10-10T08:30:00.000+02:00,A0022012410,A22,94.0,1420
2026-10-10T06:41:02Z,2026-10-10T08:30:00.000+02:00,A0001A20112,A1,91.0,1010
2026-10-10T06:41:02Z,2026-10-10T08:30:00.000+02:00,A0001A20111,A1,98.0,660
2026-10-10T06:41:02Z,2026-10-10T08:30:00.000+02:00,A0001021521,A1,87.0,2030
2026-10-10T06:41:02Z,2026-10-10T08:30:00.000+02:00,A0025022540,A25,112.0,980
2026-10-10T06:41:02Z,2026-10-10T08:30:00.000+02:00,A0025022300,A25,114.0,990
2026-10-10T06:41:02Z,2026-10-10T08:30:00.000+02:00,N0356021000,N356,75.0,1900
2026-10-10T06:41:02Z,2026-10-10T08:30:00.000+02:00,A22TC010102,A22 (contournement),84.0,710
2026-10-10T06:41:02Z,2026-10-10T08:30:00.000+02:00,A0001011503,A1,89.0,2440
2026-10-10T06:41:02Z,2026-10-10T08:30:00.000+02:00,A0022012200,A22,81.0,1290
2026-10-10T06:41:02Z,2026-10-10T08:30:00.000+02:00,A0001A20120,A1,88.0,960
2026-10-10T06:41:02Z,2026-10-10T08:30:00.000+02:00,A22TC020102,A22 (contournement),88.0,1030
2026-10-10T06:41:02Z,2026-10-10T08:30:00.000+02:00,A22TC010300,A22 (contournement),86.0,880
2026-10-10T06:41:02Z,2026-10-10T08:30:00.000+02:00,A0022012010,A22,79.0,870
2026-10-10T06:41:02Z,2026-10-10T08:30:00.000+02:00,A0022012020,A22,79.0,870
2026-10-10T06:41:02Z,2026-10-10T08:30:00.000+02:00,A0025022130,A25,122.0,1620
2026-10-10T06:41:02Z,2026-10-10T08:30:00.000+02:00,A0023010520,A23,113.0,640
2026-10-10T06:41:02Z,2026-10-10T08:30:00.000+02:00,N0041020800,N41,96.0,870
2026-10-10T06:41:02Z,2026-10-10T08:30:00.000+02:00,A0025010500,A25,70.0,1220
2026-10-10T06:41:02Z,2026-10-10T08:30:00.000+02:00,A0022020901,A22,74.0,1490
2026-10-10T06:41:02Z,2026-10-10T08:30:00.000+02:00,A0022020902,A22,74.0,970
2026-10-10T06:41:02Z,2026-10-10T08:30:00.000+02:00,A0022021810,A22,83.0,1620
2026-10-10T06:41:02Z,2026-10-10T08:30:00.000+02:00,N0356011100,N356,74.0,1160
2026-10-10T06:41:02Z,2026-10-10T08:30:00.000+02:00,A0022021820,A22,83.0,1620
2026-10-10T06:41:02Z,2026-10-10T08:30:00.000+02:00,N0356020802,N356,72.0,2000
2026-10-10T06:41:02Z,2026-10-10T08:30:00.000+02:00,A9022020900,A22 (rocade),78.0,330
2026-10-10T06:41:02Z,2026-10-10T08:30:00.000+02:00,A0025020102,A25,71.0,1170
2026-10-10T06:41:02Z,2026-10-10T08:30:00.000+02:00,A0023010100,A23,112.0,80
2026-10-10T06:41:02Z,2026-10-10T08:30:00.000+02:00,A0025022530,A25,116.0,1040
2026-10-10T06:41:02Z,2026-10-10T08:30:00.000+02:00,A9001210200,A1 (bretelle),70.0,690
2026-10-10T06:41:02Z,2026-10-10T08:30:00.000+02:00,A0022010700,A22,78.0,1050
2026-10-10T06:41:02Z,2026-10-10T08:30:00.000+02:00,N0041020400,N41,96.0,870
2026-10-10T06:41:02Z,2026-10-10T08:30:00.000+02:00,A0023020720,A23,115.0,950
2026-10-10T06:41:02Z,2026-10-10T08:30:00.000+02:00,A0022020500,A22,74.0,760
2026-10-10T06:41:02Z,2026-10-10T08:30:00.000+02:00,N93563b0150,N356 (bretelle),80.0,30
2026-10-10T06:41:02Z,2026-10-10T08:30:00.000+02:00,A0025020950,A25,92.0,1810
2026-10-10T06:41:02Z,2026-10-10T08:30:00.000+02:00,A0023020300,A23,92.0,820
2026-10-10T06:41:02Z,2026-10-10T08:30:00.000+02:00,A0001011000,A1,87.0,1950
2026-10-10T06:41:02Z,2026-10-10T08:30:00.000+02:00,A0027020500,A27,89.0,370
2026-10-10T06:41:02Z,2026-10-10T08:30:00.000+02:00,N0356011500,N356,67.0,1420
2026-10-10T06:41:02Z,2026-10-10T08:30:00.000+02:00,A0001010150,A1,108.0,2240
2026-10-10T06:41:02Z,2026-10-10T08:30:00.000+02:00,N0356020400,N356,69.0,900
2026-10-10T06:41:02Z,2026-10-10T08:30:00.000+02:00,A0025010700,A25,76.0,820
2026-10-10T06:41:02Z,2026-10-10T08:30:00.000+02:00,A0002011230,A2,110.0,1290
2026-10-10T06:41:02Z,2026-10-10T08:30:00.000+02:00,A0025020500,A25,72.0,1590
2026-10-10T06:41:02Z,2026-10-10T08:30:00.000+02:00,A0002021290,A2,106.0,1890
2026-10-10T06:41:02Z,2026-10-10T08:30:00.000+02:00,A0022011600,A22,78.0,720
2026-10-10T06:51:02Z,2026-10-10T08:42:00.000+02:00,A0001011200,A1,82.0,2200
2026-10-10T06:51:02Z,2026-10-10T08:42:00.000+02:00,A0027010102,A27,92.0,1910
2026-10-10T06:51:02Z,2026-10-10T08:42:00.000+02:00,N0041010100,N41,84.0,910
2026-10-10T06:51:02Z,2026-10-10T08:42:00.000+02:00,A0027010101,A27,92.0,1910
2026-10-10T06:51:02Z,2026-10-10T08:42:00.000+02:00,A9022010250,A22 (rocade),84.0,380
2026-10-10T06:51:02Z,2026-10-10T08:42:00.000+02:00,A0001020150,A1,109.0,2250
2026-10-10T06:51:02Z,2026-10-10T08:42:00.000+02:00,N0356011700,N356,73.0,1570
2026-10-10T06:51:02Z,2026-10-10T08:42:00.000+02:00,N9227110200,N227 (bretelle),72.0,10
2026-10-10T06:51:02Z,2026-10-10T08:42:00.000+02:00,N0356021300,N356,68.0,2290
2026-10-10T06:51:02Z,2026-10-10T08:42:00.000+02:00,A0022011400,A22,78.0,320
2026-10-10T06:51:02Z,2026-10-10T08:42:00.000+02:00,A0027010300,A27,93.0,530
2026-10-10T06:51:02Z,2026-10-10T08:42:00.000+02:00,A9022020250,A22 (rocade),54.0,670
2026-10-10T06:51:02Z,2026-10-10T08:42:00.000+02:00,N0041010300,N41,91.0,1580
2026-10-10T06:51:02Z,2026-10-10T08:42:00.000+02:00,A0022011210,A22,73.0,330
2026-10-10T06:51:02Z,2026-10-10T08:42:00.000+02:00,A0027020100,A27,72.0,950
2026-10-10T06:51:02Z,2026-10-10T08:42:00.000+02:00,A0001010300,A1,97.0,2050
2026-10-10T06:51:02Z,2026-10-10T08:42:00.000+02:00,A0022011220,A22,73.0,330
2026-10-10T06:51:02Z,2026-10-10T08:42:00.000+02:00,N0227021400,N227,48.0,40
2026-10-10T06:51:02Z,2026-10-10T08:42:00.000+02:00,A9022101110,A22 (rocade),78.0,750
2026-10-10T06:51:02Z,2026-10-10T08:42:00.000+02:00,A0022022110,A22,89.0,2370
2026-10-10T06:51:02Z,2026-10-10T08:42:00.000+02:00,A0001011420,A1,88.0,1680
2026-10-10T06:51:02Z,2026-10-10T08:42:00.000+02:00,N0356010800,N356,74.0,1550
2026-10-10T06:51:02Z,2026-10-10T08:42:00.000+02:00,A9001210710,A1 (bretelle),71.0,1230
2026-10-10T06:51:02Z,2026-10-10T08:42:00.000+02:00,N0356021110,N356,74.0,2440
2026-10-10T06:51:02Z,2026-10-10T08:42:00.000+02:00,A0001010510,A1,97.0,1940
2026-10-10T06:51:02Z,2026-10-10T08:42:00.000+02:00,N0356021122,N356,66.0,2530
2026-10-10T06:51:02Z,2026-10-10T08:42:00.000+02:00,N0356021121,N356,74.0,2440
2026-10-10T06:51:02Z,2026-10-10T08:42:00.000+02:00,A0025010210,A25,75.0,2510
2026-10-10T06:51:02Z,2026-10-10T08:42:00.000+02:00,A0025011300,A25,88.0,860
2026-10-10T06:51:02Z,2026-10-10T08:42:00.000+02:00,A0001020300,A1,113.0,2100
2026-10-10T06:51:02Z,2026-10-10T08:42:00.000+02:00,A0025021100,A25,89.0,1380
2026-10-10T06:51:02Z,2026-10-10T08:42:00.000+02:00,A0025023520,A25,113.0,790
2026-10-10T06:51:02Z,2026-10-10T08:42:00.000+02:00,A0022022130,A22,101.0,2120
2026-10-10T06:51:02Z,2026-10-10T08:42:00.000+02:00,A0025010220,A25,75.0,2510
2026-10-10T06:51:02Z,2026-10-10T08:42:00.000+02:00,A0022022120,A22,93.0,2340
2026-10-10T06:51:02Z,2026-10-10T08:42:00.000+02:00,A0001010520,A1,103.0,2030
2026-10-10T06:51:02Z,2026-10-10T08:42:00.000+02:00,A0022011000,A22,69.0,1470
2026-10-10T06:51:02Z,2026-10-10T08:42:00.000+02:00,A0001020510,A1,109.0,2170
2026-10-10T06:51:02Z,2026-10-10T08:42:00.000+02:00,A0001021602,A1,85.0,3280
2026-10-10T06:51:02Z,2026-10-10T08:42:00.000+02:00,A22TC020222,A22 (contournement),86.0,1570
2026-10-10T06:51:02Z,2026-10-10T08:42:00.000+02:00,A0001010940,A1,100.0,2410
2026-10-10T06:51:02Z,2026-10-10T08:42:00.000+02:00,A0025023320,A25,113.0,1160
2026-10-10T06:51:02Z,2026-10-10T08:42:00.000+02:00,A0001020520,A1,102.0,2290
2026-10-10T06:51:02Z,2026-10-10T08:42:00.000+02:00,A0025023100,A25,112.0,1110
2026-10-10T06:51:02Z,2026-10-10T08:42:00.000+02:00,A22TC020230,A22 (contournement),86.0,1570
2026-10-10T06:51:02Z,2026-10-10T08:42:00.000+02:00,A0025021730,A25,89.0,2120
2026-10-10T06:51:02Z,2026-10-10T08:42:00.000+02:00,A0025023910,A25,115.0,740
2026-10-10T06:51:02Z,2026-10-10T08:42:00.000+02:00,A0025021735,A25,103.0,2120
2026-10-10T06:51:02Z,2026-10-10T08:42:00.000+02:00,A0023010400,A23,106.0,650
2026-10-10T06:51:02Z,2026-10-10T08:42:00.000+02:00,A0022021900,A22,79.0,2000
2026-10-10T06:51:02Z,2026-10-10T08:42:00.000+02:00,A9022100500,A22 (rocade),80.0,920
2026-10-10T06:51:02Z,2026-10-10T08:42:00.000+02:00,A0001020940,A1,92.0,2410
2026-10-10T06:51:02Z,2026-10-10T08:42:00.000+02:00,A0001020700,A1,94.0,1820
2026-10-10T06:51:02Z,2026-10-10T08:42:00.000+02:00,A9022020830,A22 (rocade),82.0,130
2026-10-10T06:51:02Z,2026-10-10T08:42:00.000+02:00,A9022020822,A22 (rocade),90.0,730
2026-10-10T06:51:02Z,2026-10-10T08:42:00.000+02:00,A9022020821,A22 (rocade),90.0,730
2026-10-10T06:51:02Z,2026-10-10T08:42:00.000+02:00,A0025020420,A25,72.0,2620
2026-10-10T06:51:02Z,2026-10-10T08:42:00.000+02:00,A0025021510,A25,87.0,1080
2026-10-10T06:51:02Z,2026-10-10T08:42:00.000+02:00,N0227010100,N227,67.0,630
2026-10-10T06:51:02Z,2026-10-10T08:42:00.000+02:00,A0025011720,A25,100.0,1610
2026-10-10T06:51:02Z,2026-10-10T08:42:00.000+02:00,A0025021760,A25,86.0,2170
2026-10-10T06:51:02Z,2026-10-10T08:42:00.000+02:00,A0025011730,A25,89.0,1630
2026-10-10T06:51:02Z,2026-10-10T08:42:00.000+02:00,A0025011735,A25,103.0,1660
2026-10-10T06:51:02Z,2026-10-10T08:42:00.000+02:00,A9025080700,A25 (bretelle),,610
2026-10-10T06:51:02Z,2026-10-10T08:42:00.000+02:00,A9022100930,A22 (rocade),75.0,80
2026-10-10T06:51:02Z,2026-10-10T08:42:00.000+02:00,N0356011220,N356,72.0,1750
2026-10-10T06:51:02Z,2026-10-10T08:42:00.000+02:00,A0025011740,A25,87.0,1840
2026-10-10T06:51:02Z,2026-10-10T08:42:00.000+02:00,A0025010410,A25,70.0,2150
2026-10-10T06:51:02Z,2026-10-10T08:42:00.000+02:00,A0023010200,A23,117.0,680
2026-10-10T06:51:02Z,2026-10-10T08:42:00.000+02:00,A9001210120,A1 (bretelle),77.0,380
2026-10-10T06:51:02Z,2026-10-10T08:42:00.000+02:00,A0025020210,A25,73.0,2850
2026-10-10T06:51:02Z,2026-10-10T08:42:00.000+02:00,N0356011210,N356,72.0,1750
2026-10-10T06:51:02Z,2026-10-10T08:42:00.000+02:00,A0025011510,A25,89.0,1100
2026-10-10T06:51:02Z,2026-10-10T08:42:00.000+02:00,A0025020220,A25,73.0,2850
2026-10-10T06:51:02Z,2026-10-10T08:42:00.000+02:00,N0227010302,N227,77.0,1340
2026-10-10T06:51:02Z,2026-10-10T08:42:00.000+02:00,N0041010500,N41,88.0,1280
2026-10-10T06:51:02Z,2026-10-10T08:42:00.000+02:00,N0227020101,N227,82.0,1350
2026-10-10T06:51:02Z,2026-10-10T08:42:00.000+02:00,A9022100110,A22 (rocade),65.0,680
2026-10-10T06:51:02Z,2026-10-10T08:42:00.000+02:00,A0022010400,A22,73.0,1720
2026-10-10T06:51:02Z,2026-10-10T08:42:00.000+02:00,N0356010302,N356,74.0,3060
2026-10-10T06:51:02Z,2026-10-10T08:42:00.000+02:00,A0025010800,A25,73.0,1690
2026-10-10T06:51:02Z,2026-10-10T08:42:00.000+02:00,A0027020621,A27,102.0,760
2026-10-10T06:51:02Z,2026-10-10T08:42:00.000+02:00,N0041010700,N41,97.0,550
2026-10-10T06:51:02Z,2026-10-10T08:42:00.000+02:00,A0027020630,A27,105.0,730
2026-10-10T06:51:02Z,2026-10-10T08:42:00.000+02:00,A0022021512,A22,77.0,1700
2026-10-10T06:51:02Z,2026-10-10T08:42:00.000+02:00,A0022021511,A22,78.0,1740
2026-10-10T06:51:02Z,2026-10-10T08:42:00.000+02:00,A0027020610,A27,102.0,760
2026-10-10T06:51:02Z,2026-10-10T08:42:00.000+02:00,A0025021720,A25,100.0,2020
2026-10-10T06:51:02Z,2026-10-10T08:42:00.000+02:00,A0022021520,A22,77.0,1700
2026-10-10T06:51:02Z,2026-10-10T08:42:00.000+02:00,A0025022140,A25,111.0,1540
2026-10-10T06:51:02Z,2026-10-10T08:42:00.000+02:00,A0022011302,A22,76.0,960
2026-10-10T06:51:02Z,2026-10-10T08:42:00.000+02:00,A0025022160,A25,107.0,1560
2026-10-10T06:51:02Z,2026-10-10T08:42:00.000+02:00,A0027010201,A27,90.0,880
2026-10-10T06:51:02Z,2026-10-10T08:42:00.000+02:00,A0027010202,A27,70.0,360
2026-10-10T06:51:02Z,2026-10-10T08:42:00.000+02:00,N9227110110,N227 (bretelle),73.0,1080
2026-10-10T06:51:02Z,2026-10-10T08:42:00.000+02:00,A0025012130,A25,111.0,860
2026-10-10T06:51:02Z,2026-10-10T08:42:00.000+02:00,A0027010210,A27,70.0,360
2026-10-10T06:51:02Z,2026-10-10T08:42:00.000+02:00,A0025011050,A25,93.0,900
2026-10-10T06:51:02Z,2026-10-10T08:42:00.000+02:00,A0025012140,A25,111.0,850
2026-10-10T06:51:02Z,2026-10-10T08:42:00.000+02:00,A0027010421,A27,97.0,690
2026-10-10T06:51:02Z,2026-10-10T08:42:00.000+02:00,A0022012420,A22,95.0,1540
2026-10-10T06:51:02Z,2026-10-10T08:42:00.000+02:00,A0027010430,A27,101.0,720
2026-10-10T06:51:02Z,2026-10-10T08:42:00.000+02:00,A0023020710,A23,108.0,1060
2026-10-10T06:51:02Z,2026-10-10T08:42:00.000+02:00,A0022012430,A22,95.0,1480
2026-10-10T06:51:02Z,2026-10-10T08:42:00.000+02:00,A0025012160,A25,127.0,1720
2026-10-10T06:51:02Z,2026-10-10T08:42:00.000+02:00,A9022021200,A22 (rocade),60.0,100
2026-10-10T06:51:02Z,2026-10-10T08:42:00.000+02:00,A0001021100,A1,89.0,2240
2026-10-10T06:51:02Z,2026-10-10T08:42:00.000+02:00,A9022101000,A22 (rocade),,540
2026-10-10T06:51:02Z,2026-10-10T08:42:00.000+02:00,A0025013020,A25,115.0,1230
2026-10-10T06:51:02Z,2026-10-10T08:42:00.000+02:00,A0027010410,A27,97.0,690
2026-10-10T06:51:02Z,2026-10-10T08:42:00.000+02:00,A0022012410,A22,94.0,1550
2026-10-10T06:51:02Z,2026-10-10T08:42:00.000+02:00,A0001A20112,A1,91.0,1220
2026-10-10T06:51:02Z,2026-10-10T08:42:00.000+02:00,A0001A20111,A1,86.0,830
2026-10-10T06:51:02Z,2026-10-10T08:42:00.000+02:00,A0001021521,A1,84.0,1870
2026-10-10T06:51:02Z,2026-10-10T08:42:00.000+02:00,A0025022540,A25,113.0,1190
2026-10-10T06:51:02Z,2026-10-10T08:42:00.000+02:00,A0025022300,A25,113.0,1030
2026-10-10T06:51:02Z,2026-10-10T08:42:00.000+02:00,N0356021000,N356,75.0,2220
2026-10-10T06:51:02Z,2026-10-10T08:42:00.000+02:00,A22TC010102,A22 (contournement),86.0,1060
2026-10-10T06:51:02Z,2026-10-10T08:42:00.000+02:00,A0001011503,A1,88.0,3150
2026-10-10T06:51:02Z,2026-10-10T08:42:00.000+02:00,A0022012200,A22,82.0,1280
2026-10-10T06:51:02Z,2026-10-10T08:42:00.000+02:00,A0001A20120,A1,89.0,1260
2026-10-10T06:51:02Z,2026-10-10T08:42:00.000+02:00,A22TC020102,A22 (contournement),86.0,1360
2026-10-10T06:51:02Z,2026-10-10T08:42:00.000+02:00,A22TC010300,A22 (contournement),82.0,1030
2026-10-10T06:51:02Z,2026-10-10T08:42:00.000+02:00,A0022012010,A22,81.0,1090
2026-10-10T06:51:02Z,2026-10-10T08:42:00.000+02:00,A0022012020,A22,81.0,1090
2026-10-10T06:51:02Z,2026-10-10T08:42:00.000+02:00,A0025022130,A25,125.0,1530
2026-10-10T06:51:02Z,2026-10-10T08:42:00.000+02:00,A0023010520,A23,115.0,630
2026-10-10T06:51:02Z,2026-10-10T08:42:00.000+02:00,N0041020800,N41,95.0,710
2026-10-10T06:51:02Z,2026-10-10T08:42:00.000+02:00,A0025010500,A25,67.0,1650
2026-10-10T06:51:02Z,2026-10-10T08:42:00.000+02:00,A0022020901,A22,76.0,1670
2026-10-10T06:51:02Z,2026-10-10T08:42:00.000+02:00,A0022020902,A22,76.0,1320
2026-10-10T06:51:02Z,2026-10-10T08:42:00.000+02:00,A0022021810,A22,79.0,1740
2026-10-10T06:51:02Z,2026-10-10T08:42:00.000+02:00,N0356011100,N356,73.0,1450
2026-10-10T06:51:02Z,2026-10-10T08:42:00.000+02:00,A0022021820,A22,79.0,1740
2026-10-10T06:51:02Z,2026-10-10T08:42:00.000+02:00,N0356020802,N356,72.0,2530
2026-10-10T06:51:02Z,2026-10-10T08:42:00.000+02:00,A9022020900,A22 (rocade),87.0,270
2026-10-10T06:51:02Z,2026-10-10T08:42:00.000+02:00,A0025020102,A25,67.0,1520
2026-10-10T06:51:02Z,2026-10-10T08:42:00.000+02:00,A0023010100,A23,105.0,50
2026-10-10T06:51:02Z,2026-10-10T08:42:00.000+02:00,A0025022530,A25,115.0,1130
2026-10-10T06:51:02Z,2026-10-10T08:42:00.000+02:00,A9001210200,A1 (bretelle),67.0,870
2026-10-10T06:51:02Z,2026-10-10T08:42:00.000+02:00,A0022010700,A22,76.0,1270
2026-10-10T06:51:02Z,2026-10-10T08:42:00.000+02:00,N0041020400,N41,94.0,770
2026-10-10T06:51:02Z,2026-10-10T08:42:00.000+02:00,A0023020720,A23,114.0,1100
2026-10-10T06:51:02Z,2026-10-10T08:42:00.000+02:00,A0022020500,A22,76.0,930
2026-10-10T06:51:02Z,2026-10-10T08:42:00.000+02:00,N93563b0150,N356 (bretelle),71.0,40
2026-10-10T06:51:02Z,2026-10-10T08:42:00.000+02:00,A0025020950,A25,91.0,2230
2026-10-10T06:51:02Z,2026-10-10T08:42:00.000+02:00,A0023020300,A23,83.0,970
2026-10-10T06:51:02Z,2026-10-10T08:42:00.000+02:00,A0001011000,A1,87.0,2050
2026-10-10T06:51:02Z,2026-10-10T08:42:00.000+02:00,A0027020500,A27,94.0,590
2026-10-10T06:51:02Z,2026-10-10T08:42:00.000+02:00,N0356011500,N356,75.0,1740
2026-10-10T06:51:02Z,2026-10-10T08:42:00.000+02:00,A0001010150,A1,108.0,2100
2026-10-10T06:51:02Z,2026-10-10T08:42:00.000+02:00,N0356020400,N356,64.0,1010
2026-10-10T06:51:02Z,2026-10-10T08:42:00.000+02:00,A0025010700,A25,73.0,1020
2026-10-10T06:51:02Z,2026-10-10T08:42:00.000+02:00,A0002011230,A2,110.0,1910
2026-10-10T06:51:02Z,2026-10-10T08:42:00.000+02:00,A0025020500,A25,72.0,2110
2026-10-10T06:51:02Z,2026-10-10T08:42:00.000+02:00,A0002021290,A2,105.0,2020
2026-10-10T06:51:02Z,2026-10-10T08:42:00.000+02:00,A0022011600,A22,63.0,710
2026-10-10T07:01:04Z,2026-10-10T08:54:00.000+02:00,A0001011200,A1,81.0,2600
2026-10-10T07:01:04Z,2026-10-10T08:54:00.000+02:00,A0027010102,A27,89.0,1740
2026-10-10T07:01:04Z,2026-10-10T08:54:00.000+02:00,N0041010100,N41,81.0,630
2026-10-10T07:01:04Z,2026-10-10T08:54:00.000+02:00,A0027010101,A27,89.0,1740
2026-10-10T07:01:04Z,2026-10-10T08:54:00.000+02:00,A9022010250,A22 (rocade),86.0,500
2026-10-10T07:01:04Z,2026-10-10T08:54:00.000+02:00,A0001020150,A1,107.0,2350
2026-10-10T07:01:04Z,2026-10-10T08:54:00.000+02:00,N0356011700,N356,74.0,1840
2026-10-10T07:01:04Z,2026-10-10T08:54:00.000+02:00,N9227110200,N227 (bretelle),75.0,20
2026-10-10T07:01:04Z,2026-10-10T08:54:00.000+02:00,N0356021300,N356,68.0,2360
2026-10-10T07:01:04Z,2026-10-10T08:54:00.000+02:00,A0022011400,A22,76.0,490
2026-10-10T07:01:04Z,2026-10-10T08:54:00.000+02:00,A0027010300,A27,91.0,750
2026-10-10T07:01:04Z,2026-10-10T08:54:00.000+02:00,A9022020250,A22 (rocade),51.0,630
2026-10-10T07:01:04Z,2026-10-10T08:54:00.000+02:00,N0041010300,N41,91.0,1530
2026-10-10T07:01:04Z,2026-10-10T08:54:00.000+02:00,A0022011210,A22,73.0,430
2026-10-10T07:01:04Z,2026-10-10T08:54:00.000+02:00,A0027020100,A27,71.0,770
2026-10-10T07:01:04Z,2026-10-10T08:54:00.000+02:00,A0001010300,A1,111.0,2280
2026-10-10T07:01:04Z,2026-10-10T08:54:00.000+02:00,A0022011220,A22,73.0,430
2026-10-10T07:01:04Z,2026-10-10T08:54:00.000+02:00,N0227021400,N227,80.0,20
2026-10-10T07:01:04Z,2026-10-10T08:54:00.000+02:00,A9022101110,A22 (rocade),82.0,770
2026-10-10T07:01:04Z,2026-10-10T08:54:00.000+02:00,A0022022110,A22,89.0,2350
2026-10-10T07:01:04Z,2026-10-10T08:54:00.000+02:00,A0001011420,A1,86.0,2150
2026-10-10T07:01:04Z,2026-10-10T08:54:00.000+02:00,N0356010800,N356,74.0,1780
2026-10-10T07:01:04Z,2026-10-10T08:54:00.000+02:00,A9001210710,A1 (bretelle),71.0,1660
2026-10-10T07:01:04Z,2026-10-10T08:54:00.000+02:00,N0356021110,N356,74.0,2550
2026-10-10T07:01:04Z,2026-10-10T08:54:00.000+02:00,A0001010510,A1,111.0,2140
2026-10-10T07:01:04Z,2026-10-10T08:54:00.000+02:00,N0356021122,N356,66.0,2440
2026-10-10T07:01:04Z,2026-10-10T08:54:00.000+02:00,N0356021121,N356,74.0,2550
2026-10-10T07:01:04Z,2026-10-10T08:54:00.000+02:00,A0025010210,A25,74.0,2710
2026-10-10T07:01:04Z,2026-10-10T08:54:00.000+02:00,A0025011300,A25,88.0,810
2026-10-10T07:01:04Z,2026-10-10T08:54:00.000+02:00,A0001020300,A1,106.0,2330
2026-10-10T07:01:04Z,2026-10-10T08:54:00.000+02:00,A0025021100,A25,89.0,1540
2026-10-10T07:01:04Z,2026-10-10T08:54:00.000+02:00,A0025023520,A25,116.0,630
2026-10-10T07:01:04Z,2026-10-10T08:54:00.000+02:00,A0022022130,A22,101.0,2230
2026-10-10T07:01:04Z,2026-10-10T08:54:00.000+02:00,A0025010220,A25,74.0,2710
2026-10-10T07:01:04Z,2026-10-10T08:54:00.000+02:00,A0022022120,A22,93.0,2290
2026-10-10T07:01:04Z,2026-10-10T08:54:00.000+02:00,A0001010520,A1,100.0,2460
2026-10-10T07:01:04Z,2026-10-10T08:54:00.000+02:00,A0022011000,A22,78.0,1740
2026-10-10T07:01:04Z,2026-10-10T08:54:00.000+02:00,A0001020510,A1,104.0,2290
2026-10-10T07:01:04Z,2026-10-10T08:54:00.000+02:00,A0001021602,A1,83.0,4220
2026-10-10T07:01:04Z,2026-10-10T08:54:00.000+02:00,A22TC020222,A22 (contournement),85.0,1830
2026-10-10T07:01:04Z,2026-10-10T08:54:00.000+02:00,A0001010940,A1,92.0,2910
2026-10-10T07:01:04Z,2026-10-10T08:54:00.000+02:00,A0025023320,A25,111.0,1150
2026-10-10T07:01:04Z,2026-10-10T08:54:00.000+02:00,A0001020520,A1,99.0,2330
2026-10-10T07:01:04Z,2026-10-10T08:54:00.000+02:00,A0025023100,A25,110.0,950
2026-10-10T07:01:04Z,2026-10-10T08:54:00.000+02:00,A22TC020230,A22 (contournement),85.0,1830
2026-10-10T07:01:04Z,2026-10-10T08:54:00.000+02:00,A0025021730,A25,89.0,1990
2026-10-10T07:01:04Z,2026-10-10T08:54:00.000+02:00,A0025023910,A25,118.0,700
2026-10-10T07:01:04Z,2026-10-10T08:54:00.000+02:00,A0025021735,A25,102.0,1990
2026-10-10T07:01:04Z,2026-10-10T08:54:00.000+02:00,A0023010400,A23,106.0,810
2026-10-10T07:01:04Z,2026-10-10T08:54:00.000+02:00,A0022021900,A22,84.0,1860
2026-10-10T07:01:04Z,2026-10-10T08:54:00.000+02:00,A9022100500,A22 (rocade),79.0,940
2026-10-10T07:01:04Z,2026-10-10T08:54:00.000+02:00,A0001020940,A1,90.0,2580
2026-10-10T07:01:04Z,2026-10-10T08:54:00.000+02:00,A0001020700,A1,93.0,1840
2026-10-10T07:01:04Z,2026-10-10T08:54:00.000+02:00,A9022020830,A22 (rocade),85.0,220
2026-10-10T07:01:04Z,2026-10-10T08:54:00.000+02:00,A9022020822,A22 (rocade),90.0,960
2026-10-10T07:01:04Z,2026-10-10T08:54:00.000+02:00,A9022020821,A22 (rocade),90.0,960
2026-10-10T07:01:04Z,2026-10-10T08:54:00.000+02:00,A0025020420,A25,72.0,2970
2026-10-10T07:01:04Z,2026-10-10T08:54:00.000+02:00,A0025021510,A25,98.0,1220
2026-10-10T07:01:04Z,2026-10-10T08:54:00.000+02:00,N0227010100,N227,67.0,890
2026-10-10T07:01:04Z,2026-10-10T08:54:00.000+02:00,A0025011720,A25,101.0,1740
2026-10-10T07:01:04Z,2026-10-10T08:54:00.000+02:00,A0025021760,A25,86.0,2020
2026-10-10T07:01:04Z,2026-10-10T08:54:00.000+02:00,A0025011730,A25,90.0,1720
2026-10-10T07:01:04Z,2026-10-10T08:54:00.000+02:00,A0025011735,A25,103.0,1730
2026-10-10T07:01:04Z,2026-10-10T08:54:00.000+02:00,A9025080700,A25 (bretelle),,440
2026-10-10T07:01:04Z,2026-10-10T08:54:00.000+02:00,A9022100930,A22 (rocade),75.0,100
2026-10-10T07:01:04Z,2026-10-10T08:54:00.000+02:00,N0356011220,N356,73.0,1820
2026-10-10T07:01:04Z,2026-10-10T08:54:00.000+02:00,A0025011740,A25,88.0,1770
2026-10-10T07:01:04Z,2026-10-10T08:54:00.000+02:00,A0025010410,A25,70.0,2190
2026-10-10T07:01:04Z,2026-10-10T08:54:00.000+02:00,A0023010200,A23,94.0,990
2026-10-10T07:01:04Z,2026-10-10T08:54:00.000+02:00,A9001210120,A1 (bretelle),78.0,460
2026-10-10T07:01:04Z,2026-10-10T08:54:00.000+02:00,A0025020210,A25,74.0,3340
2026-10-10T07:01:04Z,2026-10-10T08:54:00.000+02:00,N0356011210,N356,73.0,1820
2026-10-10T07:01:04Z,2026-10-10T08:54:00.000+02:00,A0025011510,A25,90.0,1150
2026-10-10T07:01:04Z,2026-10-10T08:54:00.000+02:00,A0025020220,A25,74.0,3340
2026-10-10T07:01:04Z,2026-10-10T08:54:00.000+02:00,N0227010302,N227,79.0,1670
2026-10-10T07:01:04Z,2026-10-10T08:54:00.000+02:00,N0041010500,N41,93.0,1160
2026-10-10T07:01:04Z,2026-10-10T08:54:00.000+02:00,N0227020101,N227,85.0,1770
2026-10-10T07:01:04Z,2026-10-10T08:54:00.000+02:00,A9022100110,A22 (rocade),68.0,610
2026-10-10T07:01:04Z,2026-10-10T08:54:00.000+02:00,A0022010400,A22,74.0,1780
2026-10-10T07:01:04Z,2026-10-10T08:54:00.000+02:00,N0356010302,N356,75.0,3610
2026-10-10T07:01:04Z,2026-10-10T08:54:00.000+02:00,A0025010800,A25,75.0,1460
2026-10-10T07:01:04Z,2026-10-10T08:54:00.000+02:00,A0027020621,A27,101.0,1010
2026-10-10T07:01:04Z,2026-10-10T08:54:00.000+02:00,N0041010700,N41,105.0,450
2026-10-10T07:01:04Z,2026-10-10T08:54:00.000+02:00,A0027020630,A27,102.0,1020
2026-10-10T07:01:04Z,2026-10-10T08:54:00.000+02:00,A0022021512,A22,80.0,1460
2026-10-10T07:01:04Z,2026-10-10T08:54:00.000+02:00,A0022021511,A22,80.0,1450
2026-10-10T07:01:04Z,2026-10-10T08:54:00.000+02:00,A0027020610,A27,101.0,1010
2026-10-10T07:01:04Z,2026-10-10T08:54:00.000+02:00,A0025021720,A25,100.0,2020
2026-10-10T07:01:04Z,2026-10-10T08:54:00.000+02:00,A0022021520,A22,80.0,1460
2026-10-10T07:01:04Z,2026-10-10T08:54:00.000+02:00,A0025022140,A25,112.0,1550
2026-10-10T07:01:04Z,2026-10-10T08:54:00.000+02:00,A0022011302,A22,75.0,1320
2026-10-10T07:01:04Z,2026-10-10T08:54:00.000+02:00,A0025022160,A25,105.0,1570
2026-10-10T07:01:04Z,2026-10-10T08:54:00.000+02:00,A0027010201,A27,91.0,1260
2026-10-10T07:01:04Z,2026-10-10T08:54:00.000+02:00,A0027010202,A27,54.0,370
2026-10-10T07:01:04Z,2026-10-10T08:54:00.000+02:00,N9227110110,N227 (bretelle),75.0,1070
2026-10-10T07:01:04Z,2026-10-10T08:54:00.000+02:00,A0025012130,A25,101.0,940
2026-10-10T07:01:04Z,2026-10-10T08:54:00.000+02:00,A0027010210,A27,54.0,370
2026-10-10T07:01:04Z,2026-10-10T08:54:00.000+02:00,A0025011050,A25,96.0,750
2026-10-10T07:01:04Z,2026-10-10T08:54:00.000+02:00,A0025012140,A25,101.0,700
2026-10-10T07:01:04Z,2026-10-10T08:54:00.000+02:00,A0027010421,A27,99.0,980
2026-10-10T07:01:04Z,2026-10-10T08:54:00.000+02:00,A0022012420,A22,94.0,1830
2026-10-10T07:01:04Z,2026-10-10T08:54:00.000+02:00,A0027010430,A27,102.0,950
2026-10-10T07:01:04Z,2026-10-10T08:54:00.000+02:00,A0023020710,A23,108.0,1120
2026-10-10T07:01:04Z,2026-10-10T08:54:00.000+02:00,A0022012430,A22,93.0,1850
2026-10-10T07:01:04Z,2026-10-10T08:54:00.000+02:00,A0025012160,A25,122.0,1590
2026-10-10T07:01:04Z,2026-10-10T08:54:00.000+02:00,A9022021200,A22 (rocade),63.0,230
2026-10-10T07:01:04Z,2026-10-10T08:54:00.000+02:00,A0001021100,A1,90.0,2580
2026-10-10T07:01:04Z,2026-10-10T08:54:00.000+02:00,A9022101000,A22 (rocade),67.0,620
2026-10-10T07:01:04Z,2026-10-10T08:54:00.000+02:00,A0025013020,A25,111.0,1160
2026-10-10T07:01:04Z,2026-10-10T08:54:00.000+02:00,A0027010410,A27,99.0,980
2026-10-10T07:01:04Z,2026-10-10T08:54:00.000+02:00,A0022012410,A22,93.0,1860
2026-10-10T07:01:04Z,2026-10-10T08:54:00.000+02:00,A0001A20112,A1,88.0,1570
2026-10-10T07:01:04Z,2026-10-10T08:54:00.000+02:00,A0001A20111,A1,83.0,790
2026-10-10T07:01:04Z,2026-10-10T08:54:00.000+02:00,A0001021521,A1,84.0,2510
2026-10-10T07:01:04Z,2026-10-10T08:54:00.000+02:00,A0025022540,A25,111.0,1100
2026-10-10T07:01:04Z,2026-10-10T08:54:00.000+02:00,A0025022300,A25,109.0,900
2026-10-10T07:01:04Z,2026-10-10T08:54:00.000+02:00,N0356021000,N356,73.0,2420
2026-10-10T07:01:04Z,2026-10-10T08:54:00.000+02:00,A22TC010102,A22 (contournement),85.0,1120
2026-10-10T07:01:04Z,2026-10-10T08:54:00.000+02:00,A0001011503,A1,85.0,3860
2026-10-10T07:01:04Z,2026-10-10T08:54:00.000+02:00,A0022012200,A22,81.0,1690
2026-10-10T07:01:04Z,2026-10-10T08:54:00.000+02:00,A0001A20120,A1,86.0,1550
2026-10-10T07:01:04Z,2026-10-10T08:54:00.000+02:00,A22TC020102,A22 (contournement),83.0,1620
2026-10-10T07:01:04Z,2026-10-10T08:54:00.000+02:00,A22TC010300,A22 (contournement),82.0,1370
2026-10-10T07:01:04Z,2026-10-10T08:54:00.000+02:00,A0022012010,A22,80.0,1250
2026-10-10T07:01:04Z,2026-10-10T08:54:00.000+02:00,A0022012020,A22,80.0,1250
2026-10-10T07:01:04Z,2026-10-10T08:54:00.000+02:00,A0025022130,A25,127.0,1630
2026-10-10T07:01:04Z,2026-10-10T08:54:00.000+02:00,A0023010520,A23,112.0,760
2026-10-10T07:01:04Z,2026-10-10T08:54:00.000+02:00,N0041020800,N41,95.0,1030
2026-10-10T07:01:04Z,2026-10-10T08:54:00.000+02:00,A0025010500,A25,68.0,1530
2026-10-10T07:01:04Z,2026-10-10T08:54:00.000+02:00,A0022020901,A22,75.0,1800
2026-10-10T07:01:04Z,2026-10-10T08:54:00.000+02:00,A0022020902,A22,75.0,1350
2026-10-10T07:01:04Z,2026-10-10T08:54:00.000+02:00,A0022021810,A22,82.0,1490
2026-10-10T07:01:04Z,2026-10-10T08:54:00.000+02:00,N0356011100,N356,72.0,1690
2026-10-10T07:01:04Z,2026-10-10T08:54:00.000+02:00,A0022021820,A22,82.0,1490
2026-10-10T07:01:04Z,2026-10-10T08:54:00.000+02:00,N0356020802,N356,71.0,2610
2026-10-10T07:01:04Z,2026-10-10T08:54:00.000+02:00,A9022020900,A22 (rocade),95.0,490
2026-10-10T07:01:04Z,2026-10-10T08:54:00.000+02:00,A0025020102,A25,69.0,1740
2026-10-10T07:01:04Z,2026-10-10T08:54:00.000+02:00,A0023010100,A23,90.0,80
2026-10-10T07:01:04Z,2026-10-10T08:54:00.000+02:00,A0025022530,A25,112.0,1110
2026-10-10T07:01:04Z,2026-10-10T08:54:00.000+02:00,A9001210200,A1 (bretelle),68.0,950
2026-10-10T07:01:04Z,2026-10-10T08:54:00.000+02:00,A0022010700,A22,79.0,1560
2026-10-10T07:01:04Z,2026-10-10T08:54:00.000+02:00,N0041020400,N41,86.0,1090
2026-10-10T07:01:04Z,2026-10-10T08:54:00.000+02:00,A0023020720,A23,117.0,1130
2026-10-10T07:01:04Z,2026-10-10T08:54:00.000+02:00,A0022020500,A22,75.0,860
2026-10-10T07:01:04Z,2026-10-10T08:54:00.000+02:00,N93563b0150,N356 (bretelle),73.0,60
2026-10-10T07:01:04Z,2026-10-10T08:54:00.000+02:00,A0025020950,A25,89.0,2410
2026-10-10T07:01:04Z,2026-10-10T08:54:00.000+02:00,A0023020300,A23,92.0,1170
2026-10-10T07:01:04Z,2026-10-10T08:54:00.000+02:00,A0001011000,A1,86.0,2410
2026-10-10T07:01:04Z,2026-10-10T08:54:00.000+02:00,A0027020500,A27,93.0,640
2026-10-10T07:01:04Z,2026-10-10T08:54:00.000+02:00,N0356011500,N356,73.0,2030
2026-10-10T07:01:04Z,2026-10-10T08:54:00.000+02:00,A0001010150,A1,105.0,2350
2026-10-10T07:01:04Z,2026-10-10T08:54:00.000+02:00,N0356020400,N356,66.0,1140
2026-10-10T07:01:04Z,2026-10-10T08:54:00.000+02:00,A0025010700,A25,73.0,940
2026-10-10T07:01:04Z,2026-10-10T08:54:00.000+02:00,A0002011230,A2,112.0,1740
2026-10-10T07:01:04Z,2026-10-10T08:54:00.000+02:00,A0025020500,A25,72.0,2240
2026-10-10T07:01:04Z,2026-10-10T08:54:00.000+02:00,A0002021290,A2,106.0,2210
2026-10-10T07:01:04Z,2026-10-10T08:54:00.000+02:00,A0022011600,A22,68.0,850
2026-10-10T07:11:06Z,2026-10-10T09:00:00.000+02:00,A0001011200,A1,81.0,2500
2026-10-10T07:11:06Z,2026-10-10T09:00:00.000+02:00,A0027010102,A27,95.0,1890
2026-10-10T07:11:06Z,2026-10-10T09:00:00.000+02:00,N0041010100,N41,84.0,710
2026-10-10T07:11:06Z,2026-10-10T09:00:00.000+02:00,A0027010101,A27,95.0,1890
2026-10-10T07:11:06Z,2026-10-10T09:00:00.000+02:00,A9022010250,A22 (rocade),86.0,420
2026-10-10T07:11:06Z,2026-10-10T09:00:00.000+02:00,A0001020150,A1,109.0,2410
2026-10-10T07:11:06Z,2026-10-10T09:00:00.000+02:00,N0356011700,N356,74.0,1650
2026-10-10T07:11:06Z,2026-10-10T09:00:00.000+02:00,N0356021300,N356,68.0,2300
2026-10-10T07:11:06Z,2026-10-10T09:00:00.000+02:00,A0022011400,A22,83.0,380
2026-10-10T07:11:06Z,2026-10-10T09:00:00.000+02:00,A0027010300,A27,91.0,740
2026-10-10T07:11:06Z,2026-10-10T09:00:00.000+02:00,A9022020250,A22 (rocade),64.0,740
2026-10-10T07:11:06Z,2026-10-10T09:00:00.000+02:00,N0041010300,N41,91.0,1620
2026-10-10T07:11:06Z,2026-10-10T09:00:00.000+02:00,A0022011210,A22,84.0,300
2026-10-10T07:11:06Z,2026-10-10T09:00:00.000+02:00,A0027020100,A27,72.0,850
2026-10-10T07:11:06Z,2026-10-10T09:00:00.000+02:00,A0001010300,A1,109.0,2040
2026-10-10T07:11:06Z,2026-10-10T09:00:00.000+02:00,A0022011220,A22,84.0,300
2026-10-10T07:11:06Z,2026-10-10T09:00:00.000+02:00,A9022101110,A22 (rocade),80.0,840
2026-10-10T07:11:06Z,2026-10-10T09:00:00.000+02:00,A0022022110,A22,88.0,2190
2026-10-10T07:11:06Z,2026-10-10T09:00:00.000+02:00,A0001011420,A1,86.0,1980
2026-10-10T07:11:06Z,2026-10-10T09:00:00.000+02:00,N0356010800,N356,74.0,1980
2026-10-10T07:11:06Z,2026-10-10T09:00:00.000+02:00,A9001210710,A1 (bretelle),71.0,1410
2026-10-10T07:11:06Z,2026-10-10T09:00:00.000+02:00,N0356021110,N356,74.0,2430
2026-10-10T07:11:06Z,2026-10-10T09:00:00.000+02:00,A0001010510,A1,109.0,2030
2026-10-10T07:11:06Z,2026-10-10T09:00:00.000+02:00,N0356021122,N356,66.0,2560
2026-10-10T07:11:06Z,2026-10-10T09:00:00.000+02:00,N0356021121,N356,74.0,2430
2026-10-10T07:11:06Z,2026-10-10T09:00:00.000+02:00,A0025010210,A25,72.0,2590
2026-10-10T07:11:06Z,2026-10-10T09:00:00.000+02:00,A0025011300,A25,89.0,860
2026-10-10T07:11:06Z,2026-10-10T09:00:00.000+02:00,A0001020300,A1,109.0,2300
2026-10-10T07:11:06Z,2026-10-10T09:00:00.000+02:00,A0025021100,A25,89.0,1390
2026-10-10T07:11:06Z,2026-10-10T09:00:00.000+02:00,A0025023520,A25,110.0,870
2026-10-10T07:11:06Z,2026-10-10T09:00:00.000+02:00,A0022022130,A22,101.0,2160
2026-10-10T07:11:06Z,2026-10-10T09:00:00.000+02:00,A0025010220,A25,72.0,2590
2026-10-10T07:11:06Z,2026-10-10T09:00:00.000+02:00,A0022022120,A22,92.0,2290
2026-10-10T07:11:06Z,2026-10-10T09:00:00.000+02:00,A0001010520,A1,101.0,2200
2026-10-10T07:11:06Z,2026-10-10T09:00:00.000+02:00,A0022011000,A22,85.0,1400
2026-10-10T07:11:06Z,2026-10-10T09:00:00.000+02:00,A0001020510,A1,105.0,2460
2026-10-10T07:11:06Z,2026-10-10T09:00:00.000+02:00,A0001021602,A1,85.0,3330
2026-10-10T07:11:06Z,2026-10-10T09:00:00.000+02:00,A22TC020222,A22 (contournement),88.0,1740
2026-10-10T07:11:06Z,2026-10-10T09:00:00.000+02:00,A0001010940,A1,101.0,2470
2026-10-10T07:11:06Z,2026-10-10T09:00:00.000+02:00,A0025023320,A25,113.0,1090
2026-10-10T07:11:06Z,2026-10-10T09:00:00.000+02:00,A0001020520,A1,99.0,2650
2026-10-10T07:11:06Z,2026-10-10T09:00:00.000+02:00,A0025023100,A25,110.0,930
2026-10-10T07:11:06Z,2026-10-10T09:00:00.000+02:00,A22TC020230,A22 (contournement),88.0,1740
2026-10-10T07:11:06Z,2026-10-10T09:00:00.000+02:00,A0025021730,A25,90.0,1880
2026-10-10T07:11:06Z,2026-10-10T09:00:00.000+02:00,A0025023910,A25,112.0,690
2026-10-10T07:11:06Z,2026-10-10T09:00:00.000+02:00,A0025021735,A25,102.0,1830
2026-10-10T07:11:06Z,2026-10-10T09:00:00.000+02:00,A0023010400,A23,106.0,770
2026-10-10T07:11:06Z,2026-10-10T09:00:00.000+02:00,A0022021900,A22,81.0,1880
2026-10-10T07:11:06Z,2026-10-10T09:00:00.000+02:00,A9022100500,A22 (rocade),81.0,990
2026-10-10T07:11:06Z,2026-10-10T09:00:00.000+02:00,A0001020940,A1,90.0,3020
2026-10-10T07:11:06Z,2026-10-10T09:00:00.000+02:00,A0001020700,A1,93.0,2360
2026-10-10T07:11:06Z,2026-10-10T09:00:00.000+02:00,A9022020830,A22 (rocade),81.0,180
2026-10-10T07:11:06Z,2026-10-10T09:00:00.000+02:00,A9022020822,A22 (rocade),83.0,920
2026-10-10T07:11:06Z,2026-10-10T09:00:00.000+02:00,A9022020821,A22 (rocade),83.0,920
2026-10-10T07:11:06Z,2026-10-10T09:00:00.000+02:00,A0025020420,A25,72.0,2510
2026-10-10T07:11:06Z,2026-10-10T09:00:00.000+02:00,A0025021510,A25,91.0,1010
2026-10-10T07:11:06Z,2026-10-10T09:00:00.000+02:00,N0227010100,N227,65.0,840
2026-10-10T07:11:06Z,2026-10-10T09:00:00.000+02:00,A0025011720,A25,100.0,1530
2026-10-10T07:11:06Z,2026-10-10T09:00:00.000+02:00,A0025021760,A25,88.0,1870
2026-10-10T07:11:06Z,2026-10-10T09:00:00.000+02:00,A0025011730,A25,90.0,1540
2026-10-10T07:11:06Z,2026-10-10T09:00:00.000+02:00,A0025011735,A25,105.0,1580
2026-10-10T07:11:06Z,2026-10-10T09:00:00.000+02:00,A9025080700,A25 (bretelle),,470
2026-10-10T07:11:06Z,2026-10-10T09:00:00.000+02:00,A9022100930,A22 (rocade),75.0,130
2026-10-10T07:11:06Z,2026-10-10T09:00:00.000+02:00,N0356011220,N356,73.0,1830
2026-10-10T07:11:06Z,2026-10-10T09:00:00.000+02:00,A0025011740,A25,89.0,1580
2026-10-10T07:11:06Z,2026-10-10T09:00:00.000+02:00,A0025010410,A25,70.0,2170
2026-10-10T07:11:06Z,2026-10-10T09:00:00.000+02:00,A0023010200,A23,89.0,910
2026-10-10T07:11:06Z,2026-10-10T09:00:00.000+02:00,A9001210120,A1 (bretelle),79.0,560
2026-10-10T07:11:06Z,2026-10-10T09:00:00.000+02:00,A0025020210,A25,74.0,3240
2026-10-10T07:11:06Z,2026-10-10T09:00:00.000+02:00,N0356011210,N356,73.0,1830
2026-10-10T07:11:06Z,2026-10-10T09:00:00.000+02:00,A0025011510,A25,91.0,1060
2026-10-10T07:11:06Z,2026-10-10T09:00:00.000+02:00,A0025020220,A25,74.0,3240
2026-10-10T07:11:06Z,2026-10-10T09:00:00.000+02:00,N0227010302,N227,77.0,1750
2026-10-10T07:11:06Z,2026-10-10T09:00:00.000+02:00,N0041010500,N41,99.0,1100
2026-10-10T07:11:06Z,2026-10-10T09:00:00.000+02:00,N0227020101,N227,85.0,1520
2026-10-10T07:11:06Z,2026-10-10T09:00:00.000+02:00,A9022100110,A22 (rocade),64.0,490
2026-10-10T07:11:06Z,2026-10-10T09:00:00.000+02:00,A0022010400,A22,73.0,1570
2026-10-10T07:11:06Z,2026-10-10T09:00:00.000+02:00,N0356010302,N356,73.0,3960
2026-10-10T07:11:06Z,2026-10-10T09:00:00.000+02:00,A0025010800,A25,74.0,1420
2026-10-10T07:11:06Z,2026-10-10T09:00:00.000+02:00,A0027020621,A27,101.0,770
2026-10-10T07:11:06Z,2026-10-10T09:00:00.000+02:00,N0041010700,N41,107.0,410
2026-10-10T07:11:06Z,2026-10-10T09:00:00.000+02:00,A0027020630,A27,103.0,870
2026-10-10T07:11:06Z,2026-10-10T09:00:00.000+02:00,A0022021512,A22,80.0,1780
2026-10-10T07:11:06Z,2026-10-10T09:00:00.000+02:00,A0022021511,A22,81.0,1690
2026-10-10T07:11:06Z,2026-10-10T09:00:00.000+02:00,A0027020610,A27,101.0,770
2026-10-10T07:11:06Z,2026-10-10T09:00:00.000+02:00,A0025021720,A25,101.0,1760
2026-10-10T07:11:06Z,2026-10-10T09:00:00.000+02:00,A0022021520,A22,80.0,1780
2026-10-10T07:11:06Z,2026-10-10T09:00:00.000+02:00,A0025022140,A25,114.0,1540
2026-10-10T07:11:06Z,2026-10-10T09:00:00.000+02:00,A0022011302,A22,79.0,1130
2026-10-10T07:11:06Z,2026-10-10T09:00:00.000+02:00,A0025022160,A25,108.0,1570
2026-10-10T07:11:06Z,2026-10-10T09:00:00.000+02:00,A0027010201,A27,90.0,1090
2026-10-10T07:11:06Z,2026-10-10T09:00:00.000+02:00,A0027010202,A27,71.0,310
2026-10-10T07:11:06Z,2026-10-10T09:00:00.000+02:00,N9227110110,N227 (bretelle),73.0,810
2026-10-10T07:11:06Z,2026-10-10T09:00:00.000+02:00,A0025012130,A25,98.0,770
2026-10-10T07:11:06Z,2026-10-10T09:00:00.000+02:00,A0027010210,A27,71.0,310
2026-10-10T07:11:06Z,2026-10-10T09:00:00.000+02:00,A0025011050,A25,97.0,900
2026-10-10T07:11:06Z,2026-10-10T09:00:00.000+02:00,A0025012140,A25,98.0,660
2026-10-10T07:11:06Z,2026-10-10T09:00:00.000+02:00,A0027010421,A27,98.0,860
2026-10-10T07:11:06Z,2026-10-10T09:00:00.000+02:00,A0022012420,A22,93.0,1930
2026-10-10T07:11:06Z,2026-10-10T09:00:00.000+02:00,A0027010430,A27,105.0,880
2026-10-10T07:11:06Z,2026-10-10T09:00:00.000+02:00,A0023020710,A23,108.0,1130
2026-10-10T07:11:06Z,2026-10-10T09:00:00.000+02:00,A0022012430,A22,93.0,1860
2026-10-10T07:11:06Z,2026-10-10T09:00:00.000+02:00,A0025012160,A25,121.0,1650
2026-10-10T07:11:06Z,2026-10-10T09:00:00.000+02:00,A9022021200,A22 (rocade),63.0,100
2026-10-10T07:11:06Z,2026-10-10T09:00:00.000+02:00,A0001021100,A1,90.0,2510
2026-10-10T07:11:06Z,2026-10-10T09:00:00.000+02:00,A9022101000,A22 (rocade),67.0,470
2026-10-10T07:11:06Z,2026-10-10T09:00:00.000+02:00,A0025013020,A25,110.0,1430
2026-10-10T07:11:06Z,2026-10-10T09:00:00.000+02:00,A0027010410,A27,98.0,860
2026-10-10T07:11:06Z,2026-10-10T09:00:00.000+02:00,A0022012410,A22,94.0,1880
2026-10-10T07:11:06Z,2026-10-10T09:00:00.000+02:00,A0001A20112,A1,89.0,1300
2026-10-10T07:11:06Z,2026-10-10T09:00:00.000+02:00,A0001A20111,A1,87.0,840
2026-10-10T07:11:06Z,2026-10-10T09:00:00.000+02:00,A0001021521,A1,85.0,2100
2026-10-10T07:11:06Z,2026-10-10T09:00:00.000+02:00,A0025022540,A25,113.0,1290
2026-10-10T07:11:06Z,2026-10-10T09:00:00.000+02:00,A0025022300,A25,112.0,1000
2026-10-10T07:11:06Z,2026-10-10T09:00:00.000+02:00,N0356021000,N356,74.0,2160
2026-10-10T07:11:06Z,2026-10-10T09:00:00.000+02:00,A22TC010102,A22 (contournement),87.0,1220
2026-10-10T07:11:06Z,2026-10-10T09:00:00.000+02:00,A0001011503,A1,86.0,3850
2026-10-10T07:11:06Z,2026-10-10T09:00:00.000+02:00,A0022012200,A22,84.0,1650
2026-10-10T07:11:06Z,2026-10-10T09:00:00.000+02:00,A0001A20120,A1,87.0,1370
2026-10-10T07:11:06Z,2026-10-10T09:00:00.000+02:00,A22TC020102,A22 (contournement),87.0,1260
2026-10-10T07:11:06Z,2026-10-10T09:00:00.000+02:00,A22TC010300,A22 (contournement),83.0,1280
2026-10-10T07:11:06Z,2026-10-10T09:00:00.000+02:00,A0022012010,A22,84.0,1170
2026-10-10T07:11:06Z,2026-10-10T09:00:00.000+02:00,A0022012020,A22,84.0,1170
2026-10-10T07:11:06Z,2026-10-10T09:00:00.000+02:00,A0025022130,A25,125.0,1540
2026-10-10T07:11:06Z,2026-10-10T09:00:00.000+02:00,A0023010520,A23,114.0,910
2026-10-10T07:11:06Z,2026-10-10T09:00:00.000+02:00,N0041020800,N41,97.0,930
2026-10-10T07:11:06Z,2026-10-10T09:00:00.000+02:00,A0025010500,A25,71.0,1480
2026-10-10T07:11:06Z,2026-10-10T09:00:00.000+02:00,A0022020901,A22,76.0,1790
2026-10-10T07:11:06Z,2026-10-10T09:00:00.000+02:00,A0022020902,A22,76.0,1280
2026-10-10T07:11:06Z,2026-10-10T09:00:00.000+02:00,A0022021810,A22,80.0,1690
2026-10-10T07:11:06Z,2026-10-10T09:00:00.000+02:00,N0356011100,N356,74.0,1670
2026-10-10T07:11:06Z,2026-10-10T09:00:00.000+02:00,A0022021820,A22,80.0,1690
2026-10-10T07:11:06Z,2026-10-10T09:00:00.000+02:00,N0356020802,N356,72.0,2340
2026-10-10T07:11:06Z,2026-10-10T09:00:00.000+02:00,A9022020900,A22 (rocade),106.0,530
2026-10-10T07:11:06Z,2026-10-10T09:00:00.000+02:00,A0025020102,A25,69.0,1840
2026-10-10T07:11:06Z,2026-10-10T09:00:00.000+02:00,A0023010100,A23,87.0,10
2026-10-10T07:11:06Z,2026-10-10T09:00:00.000+02:00,A0025022530,A25,115.0,1200
2026-10-10T07:11:06Z,2026-10-10T09:00:00.000+02:00,A9001210200,A1 (bretelle),66.0,950
2026-10-10T07:11:06Z,2026-10-10T09:00:00.000+02:00,A0022010700,A22,80.0,1080
2026-10-10T07:11:06Z,2026-10-10T09:00:00.000+02:00,N0041020400,N41,91.0,940
2026-10-10T07:11:06Z,2026-10-10T09:00:00.000+02:00,A0023020720,A23,112.0,1300
2026-10-10T07:11:06Z,2026-10-10T09:00:00.000+02:00,A0022020500,A22,76.0,940
2026-10-10T07:11:06Z,2026-10-10T09:00:00.000+02:00,N93563b0150,N356 (bretelle),60.0,10
2026-10-10T07:11:06Z,2026-10-10T09:00:00.000+02:00,A0025020950,A25,91.0,1920
2026-10-10T07:11:06Z,2026-10-10T09:00:00.000+02:00,A0023020300,A23,88.0,1060
2026-10-10T07:11:06Z,2026-10-10T09:00:00.000+02:00,A0001011000,A1,87.0,2250
2026-10-10T07:11:06Z,2026-10-10T09:00:00.000+02:00,A0027020500,A27,93.0,490
2026-10-10T07:11:06Z,2026-10-10T09:00:00.000+02:00,N0356011500,N356,71.0,1900
2026-10-10T07:11:06Z,2026-10-10T09:00:00.000+02:00,A0001010150,A1,107.0,2140
2026-10-10T07:11:06Z,2026-10-10T09:00:00.000+02:00,N0356020400,N356,68.0,940
2026-10-10T07:11:06Z,2026-10-10T09:00:00.000+02:00,N0041020600,N41,109.0,170
2026-10-10T07:11:06Z,2026-10-10T09:00:00.000+02:00,A0025010700,A25,82.0,940
2026-10-10T07:11:06Z,2026-10-10T09:00:00.000+02:00,A0002011230,A2,108.0,1750
2026-10-10T07:11:06Z,2026-10-10T09:00:00.000+02:00,A0025020500,A25,73.0,1930
2026-10-10T07:11:06Z,2026-10-10T09:00:00.000+02:00,A0002021290,A2,106.0,1780
2026-10-10T07:11:06Z,2026-10-10T09:00:00.000+02:00,A0022011600,A22,84.0,720
2026-10-10T07:21:10Z,2026-10-10T09:12:00.000+02:00,A0001011200,A1,82.0,2310
2026-10-10T07:21:10Z,2026-10-10T09:12:00.000+02:00,A0027010102,A27,93.0,1760
2026-10-10T07:21:10Z,2026-10-10T09:12:00.000+02:00,N0041010100,N41,86.0,740
2026-10-10T07:21:10Z,2026-10-10T09:12:00.000+02:00,A0027010101,A27,93.0,1760
2026-10-10T07:21:10Z,2026-10-10T09:12:00.000+02:00,A9022010250,A22 (rocade),83.0,450
2026-10-10T07:21:10Z,2026-10-10T09:12:00.000+02:00,A0001020150,A1,106.0,2610
2026-10-10T07:21:10Z,2026-10-10T09:12:00.000+02:00,N0356011700,N356,74.0,1800
2026-10-10T07:21:10Z,2026-10-10T09:12:00.000+02:00,N9227110200,N227 (bretelle),73.0,10
2026-10-10T07:21:10Z,2026-10-10T09:12:00.000+02:00,N0356021300,N356,67.0,2320
2026-10-10T07:21:10Z,2026-10-10T09:12:00.000+02:00,A0022011400,A22,75.0,470
2026-10-10T07:21:10Z,2026-10-10T09:12:00.000+02:00,A0027010300,A27,89.0,540
2026-10-10T07:21:10Z,2026-10-10T09:12:00.000+02:00,A9022020250,A22 (rocade),48.0,500
2026-10-10T07:21:10Z,2026-10-10T09:12:00.000+02:00,N0041010300,N41,92.0,1720
2026-10-10T07:21:10Z,2026-10-10T09:12:00.000+02:00,A0022011210,A22,87.0,440
2026-10-10T07:21:10Z,2026-10-10T09:12:00.000+02:00,A0027020100,A27,72.0,830
2026-10-10T07:21:10Z,2026-10-10T09:12:00.000+02:00,A0001010300,A1,107.0,2100
2026-10-10T07:21:10Z,2026-10-10T09:12:00.000+02:00,A0022011220,A22,87.0,440
2026-10-10T07:21:10Z,2026-10-10T09:12:00.000+02:00,N0227021400,N227,58.0,60
2026-10-10T07:21:10Z,2026-10-10T09:12:00.000+02:00,A9022101110,A22 (rocade),76.0,790
2026-10-10T07:21:10Z,2026-10-10T09:12:00.000+02:00,A0022022110,A22,88.0,2260
2026-10-10T07:21:10Z,2026-10-10T09:12:00.000+02:00,A0001011420,A1,85.0,1950
2026-10-10T07:21:10Z,2026-10-10T09:12:00.000+02:00,N0356010800,N356,73.0,1790
2026-10-10T07:21:10Z,2026-10-10T09:12:00.000+02:00,A9001210710,A1 (bretelle),69.0,1740
2026-10-10T07:21:10Z,2026-10-10T09:12:00.000+02:00,N0356021110,N356,73.0,2420
2026-10-10T07:21:10Z,2026-10-10T09:12:00.000+02:00,A0001010510,A1,107.0,1920
2026-10-10T07:21:10Z,2026-10-10T09:12:00.000+02:00,N0356021122,N356,66.0,2470
2026-10-10T07:21:10Z,2026-10-10T09:12:00.000+02:00,N0356021121,N356,73.0,2420
2026-10-10T07:21:10Z,2026-10-10T09:12:00.000+02:00,A0025010210,A25,74.0,2580
2026-10-10T07:21:10Z,2026-10-10T09:12:00.000+02:00,A0025011300,A25,86.0,1130
2026-10-10T07:21:10Z,2026-10-10T09:12:00.000+02:00,A0001020300,A1,108.0,2560
2026-10-10T07:21:10Z,2026-10-10T09:12:00.000+02:00,A0025021100,A25,90.0,1390
2026-10-10T07:21:10Z,2026-10-10T09:12:00.000+02:00,A0025023520,A25,108.0,880
2026-10-10T07:21:10Z,2026-10-10T09:12:00.000+02:00,A0022022130,A22,100.0,2160
2026-10-10T07:21:10Z,2026-10-10T09:12:00.000+02:00,A0025010220,A25,74.0,2580
2026-10-10T07:21:10Z,2026-10-10T09:12:00.000+02:00,A0022022120,A22,94.0,2280
2026-10-10T07:21:10Z,2026-10-10T09:12:00.000+02:00,A0001010520,A1,103.0,2150
2026-10-10T07:21:10Z,2026-10-10T09:12:00.000+02:00,A0022011000,A22,80.0,1830
2026-10-10T07:21:10Z,2026-10-10T09:12:00.000+02:00,A0001020510,A1,104.0,2740
2026-10-10T07:21:10Z,2026-10-10T09:12:00.000+02:00,A0001021602,A1,83.0,3770
2026-10-10T07:21:10Z,2026-10-10T09:12:00.000+02:00,A22TC020222,A22 (contournement),88.0,1540
2026-10-10T07:21:10Z,2026-10-10T09:12:00.000+02:00,A0001010940,A1,100.0,2530
2026-10-10T07:21:10Z,2026-10-10T09:12:00.000+02:00,A0025023320,A25,111.0,1180
2026-10-10T07:21:10Z,2026-10-10T09:12:00.000+02:00,A0001020520,A1,101.0,2740
2026-10-10T07:21:10Z,2026-10-10T09:12:00.000+02:00,A0025023100,A25,110.0,1150
2026-10-10T07:21:10Z,2026-10-10T09:12:00.000+02:00,A22TC020230,A22 (contournement),88.0,1540
2026-10-10T07:21:10Z,2026-10-10T09:12:00.000+02:00,A0025021730,A25,89.0,1800
2026-10-10T07:21:10Z,2026-10-10T09:12:00.000+02:00,A0025023910,A25,115.0,840
2026-10-10T07:21:10Z,2026-10-10T09:12:00.000+02:00,A0025021735,A25,101.0,1830
2026-10-10T07:21:10Z,2026-10-10T09:12:00.000+02:00,A0023010400,A23,101.0,910
2026-10-10T07:21:10Z,2026-10-10T09:12:00.000+02:00,A0022021900,A22,82.0,1730
2026-10-10T07:21:10Z,2026-10-10T09:12:00.000+02:00,A9022100500,A22 (rocade),82.0,980
2026-10-10T07:21:10Z,2026-10-10T09:12:00.000+02:00,A0001020940,A1,91.0,2970
2026-10-10T07:21:10Z,2026-10-10T09:12:00.000+02:00,A0001020700,A1,98.0,2250
2026-10-10T07:21:10Z,2026-10-10T09:12:00.000+02:00,A9022020830,A22 (rocade),83.0,220
2026-10-10T07:21:10Z,2026-10-10T09:12:00.000+02:00,A9022020822,A22 (rocade),86.0,900
2026-10-10T07:21:10Z,2026-10-10T09:12:00.000+02:00,A9022020821,A22 (rocade),86.0,900
2026-10-10T07:21:10Z,2026-10-10T09:12:00.000+02:00,A0025020420,A25,72.0,2560
2026-10-10T07:21:10Z,2026-10-10T09:12:00.000+02:00,A0025021510,A25,95.0,960
2026-10-10T07:21:10Z,2026-10-10T09:12:00.000+02:00,N0227010100,N227,64.0,840
2026-10-10T07:21:10Z,2026-10-10T09:12:00.000+02:00,A0025011720,A25,101.0,1800
2026-10-10T07:21:10Z,2026-10-10T09:12:00.000+02:00,A0025021760,A25,86.0,1770
2026-10-10T07:21:10Z,2026-10-10T09:12:00.000+02:00,A0025011730,A25,90.0,1760
2026-10-10T07:21:10Z,2026-10-10T09:12:00.000+02:00,A0025011735,A25,105.0,1630
2026-10-10T07:21:10Z,2026-10-10T09:12:00.000+02:00,A9025080700,A25 (bretelle),,410
2026-10-10T07:21:10Z,2026-10-10T09:12:00.000+02:00,A9022100930,A22 (rocade),72.0,130
2026-10-10T07:21:10Z,2026-10-10T09:12:00.000+02:00,N0356011220,N356,72.0,1840
2026-10-10T07:21:10Z,2026-10-10T09:12:00.000+02:00,A0025011740,A25,89.0,1620
2026-10-10T07:21:10Z,2026-10-10T09:12:00.000+02:00,A0025010410,A25,70.0,1970
2026-10-10T07:21:10Z,2026-10-10T09:12:00.000+02:00,A0023010200,A23,92.0,1010
2026-10-10T07:21:10Z,2026-10-10T09:12:00.000+02:00,A9001210120,A1 (bretelle),78.0,310
2026-10-10T07:21:10Z,2026-10-10T09:12:00.000+02:00,A0025020210,A25,73.0,3180
2026-10-10T07:21:10Z,2026-10-10T09:12:00.000+02:00,N0356011210,N356,72.0,1840
2026-10-10T07:21:10Z,2026-10-10T09:12:00.000+02:00,A0025011510,A25,88.0,1410
2026-10-10T07:21:10Z,2026-10-10T09:12:00.000+02:00,A0025020220,A25,73.0,3180
2026-10-10T07:21:10Z,2026-10-10T09:12:00.000+02:00,N0227010302,N227,75.0,1550
2026-10-10T07:21:10Z,2026-10-10T09:12:00.000+02:00,N0041010500,N41,99.0,1220
2026-10-10T07:21:10Z,2026-10-10T09:12:00.000+02:00,N0227020101,N227,85.0,1430
2026-10-10T07:21:10Z,2026-10-10T09:12:00.000+02:00,A9022100110,A22 (rocade),68.0,660
2026-10-10T07:21:10Z,2026-10-10T09:12:00.000+02:00,A0022010400,A22,73.0,1980
2026-10-10T07:21:10Z,2026-10-10T09:12:00.000+02:00,N0356010302,N356,74.0,3350
2026-10-10T07:21:10Z,2026-10-10T09:12:00.000+02:00,A0025010800,A25,74.0,1480
2026-10-10T07:21:10Z,2026-10-10T09:12:00.000+02:00,A0027020621,A27,99.0,900
2026-10-10T07:21:10Z,2026-10-10T09:12:00.000+02:00,N0041010700,N41,103.0,620
2026-10-10T07:21:10Z,2026-10-10T09:12:00.000+02:00,A0027020630,A27,102.0,900
2026-10-10T07:21:10Z,2026-10-10T09:12:00.000+02:00,A0022021512,A22,78.0,1660
2026-10-10T07:21:10Z,2026-10-10T09:12:00.000+02:00,A0022021511,A22,79.0,1670
2026-10-10T07:21:10Z,2026-10-10T09:12:00.000+02:00,A0027020610,A27,99.0,900
2026-10-10T07:21:10Z,2026-10-10T09:12:00.000+02:00,A0025021720,A25,100.0,1680
2026-10-10T07:21:10Z,2026-10-10T09:12:00.000+02:00,A0022021520,A22,78.0,1660
2026-10-10T07:21:10Z,2026-10-10T09:12:00.000+02:00,A0025022140,A25,112.0,1610
2026-10-10T07:21:10Z,2026-10-10T09:12:00.000+02:00,A0022011302,A22,75.0,1470
2026-10-10T07:21:10Z,2026-10-10T09:12:00.000+02:00,A0025022160,A25,108.0,1580
2026-10-10T07:21:10Z,2026-10-10T09:12:00.000+02:00,A0027010201,A27,88.0,1080
2026-10-10T07:21:10Z,2026-10-10T09:12:00.000+02:00,A0027010202,A27,80.0,510
2026-10-10T07:21:10Z,2026-10-10T09:12:00.000+02:00,N9227110110,N227 (bretelle),75.0,1140
2026-10-10T07:21:10Z,2026-10-10T09:12:00.000+02:00,A0025012130,A25,113.0,920
2026-10-10T07:21:10Z,2026-10-10T09:12:00.000+02:00,A0027010210,A27,80.0,510
2026-10-10T07:21:10Z,2026-10-10T09:12:00.000+02:00,A0025011050,A25,92.0,960
2026-10-10T07:21:10Z,2026-10-10T09:12:00.000+02:00,A0025012140,A25,113.0,580
2026-10-10T07:21:10Z,2026-10-10T09:12:00.000+02:00,A0027010421,A27,97.0,690
2026-10-10T07:21:10Z,2026-10-10T09:12:00.000+02:00,A0022012420,A22,91.0,2290
2026-10-10T07:21:10Z,2026-10-10T09:12:00.000+02:00,A0027010430,A27,102.0,740
2026-10-10T07:21:10Z,2026-10-10T09:12:00.000+02:00,A0023020710,A23,104.0,1220
2026-10-10T07:21:10Z,2026-10-10T09:12:00.000+02:00,A0022012430,A22,90.0,2260
2026-10-10T07:21:10Z,2026-10-10T09:12:00.000+02:00,A0025012160,A25,125.0,1530
2026-10-10T07:21:10Z,2026-10-10T09:12:00.000+02:00,A9022021200,A22 (rocade),62.0,140
2026-10-10T07:21:10Z,2026-10-10T09:12:00.000+02:00,A0001021100,A1,90.0,2630
2026-10-10T07:21:10Z,2026-10-10T09:12:00.000+02:00,A9022101000,A22 (rocade),67.0,590
2026-10-10T07:21:10Z,2026-10-10T09:12:00.000+02:00,A0025013020,A25,112.0,1150
2026-10-10T07:21:10Z,2026-10-10T09:12:00.000+02:00,A0027010410,A27,97.0,690
2026-10-10T07:21:10Z,2026-10-10T09:12:00.000+02:00,A0022012410,A22,91.0,2260
2026-10-10T07:21:10Z,2026-10-10T09:12:00.000+02:00,A0001A20112,A1,89.0,1300
2026-10-10T07:21:10Z,2026-10-10T09:12:00.000+02:00,A0001A20111,A1,86.0,840
2026-10-10T07:21:10Z,2026-10-10T09:12:00.000+02:00,A0001021521,A1,84.0,2340
2026-10-10T07:21:10Z,2026-10-10T09:12:00.000+02:00,A0025022540,A25,113.0,1310
2026-10-10T07:21:10Z,2026-10-10T09:12:00.000+02:00,A0025022300,A25,113.0,1080
2026-10-10T07:21:10Z,2026-10-10T09:12:00.000+02:00,N0356021000,N356,73.0,2190
2026-10-10T07:21:10Z,2026-10-10T09:12:00.000+02:00,A22TC010102,A22 (contournement),85.0,920
2026-10-10T07:21:10Z,2026-10-10T09:12:00.000+02:00,A0001011503,A1,85.0,3470
2026-10-10T07:21:10Z,2026-10-10T09:12:00.000+02:00,A0022012200,A22,79.0,2010
2026-10-10T07:21:10Z,2026-10-10T09:12:00.000+02:00,A0001A20120,A1,86.0,1270
2026-10-10T07:21:10Z,2026-10-10T09:12:00.000+02:00,A22TC020102,A22 (contournement),85.0,1260
2026-10-10T07:21:10Z,2026-10-10T09:12:00.000+02:00,A22TC010300,A22 (contournement),80.0,1120
2026-10-10T07:21:10Z,2026-10-10T09:12:00.000+02:00,A0022012010,A22,77.0,1440
2026-10-10T07:21:10Z,2026-10-10T09:12:00.000+02:00,A0022012020,A22,77.0,1440
2026-10-10T07:21:10Z,2026-10-10T09:12:00.000+02:00,A0025022130,A25,125.0,1450
2026-10-10T07:21:10Z,2026-10-10T09:12:00.000+02:00,A0023010520,A23,107.0,850
2026-10-10T07:21:10Z,2026-10-10T09:12:00.000+02:00,N0041020800,N41,98.0,960
2026-10-10T07:21:10Z,2026-10-10T09:12:00.000+02:00,A0025010500,A25,71.0,1490
2026-10-10T07:21:10Z,2026-10-10T09:12:00.000+02:00,A0022020901,A22,78.0,1770
2026-10-10T07:21:10Z,2026-10-10T09:12:00.000+02:00,A0022020902,A22,78.0,1490
2026-10-10T07:21:10Z,2026-10-10T09:12:00.000+02:00,A0022021810,A22,82.0,1580
2026-10-10T07:21:10Z,2026-10-10T09:12:00.000+02:00,N0356011100,N356,72.0,1730
2026-10-10T07:21:10Z,2026-10-10T09:12:00.000+02:00,A0022021820,A22,82.0,1580
2026-10-10T07:21:10Z,2026-10-10T09:12:00.000+02:00,N0356020802,N356,71.0,2490
2026-10-10T07:21:10Z,2026-10-10T09:12:00.000+02:00,A9022020900,A22 (rocade),72.0,440
2026-10-10T07:21:10Z,2026-10-10T09:12:00.000+02:00,A0025020102,A25,69.0,1400
2026-10-10T07:21:10Z,2026-10-10T09:12:00.000+02:00,A0023010100,A23,92.0,80
2026-10-10T07:21:10Z,2026-10-10T09:12:00.000+02:00,A0025022530,A25,114.0,1210
2026-10-10T07:21:10Z,2026-10-10T09:12:00.000+02:00,A9001210200,A1 (bretelle),67.0,810
2026-10-10T07:21:10Z,2026-10-10T09:12:00.000+02:00,A0022010700,A22,78.0,1530
2026-10-10T07:21:10Z,2026-10-10T09:12:00.000+02:00,N0041020400,N41,94.0,970
2026-10-10T07:21:10Z,2026-10-10T09:12:00.000+02:00,A0023020720,A23,114.0,1240
2026-10-10T07:21:10Z,2026-10-10T09:12:00.000+02:00,A0022020500,A22,78.0,1100
2026-10-10T07:21:10Z,2026-10-10T09:12:00.000+02:00,N93563b0150,N356 (bretelle),67.0,20
2026-10-10T07:21:10Z,2026-10-10T09:12:00.000+02:00,A0025020950,A25,91.0,2160
2026-10-10T07:21:10Z,2026-10-10T09:12:00.000+02:00,A0023020300,A23,93.0,1020
2026-10-10T07:21:10Z,2026-10-10T09:12:00.000+02:00,A0001011000,A1,87.0,2240
2026-10-10T07:21:10Z,2026-10-10T09:12:00.000+02:00,A0027020500,A27,90.0,570
2026-10-10T07:21:10Z,2026-10-10T09:12:00.000+02:00,N0356011500,N356,67.0,1990
2026-10-10T07:21:10Z,2026-10-10T09:12:00.000+02:00,A0001010150,A1,106.0,2180
2026-10-10T07:21:10Z,2026-10-10T09:12:00.000+02:00,N0356020400,N356,63.0,1000
2026-10-10T07:21:10Z,2026-10-10T09:12:00.000+02:00,A0025010700,A25,69.0,1030
2026-10-10T07:21:10Z,2026-10-10T09:12:00.000+02:00,A0002011230,A2,111.0,1730
2026-10-10T07:21:10Z,2026-10-10T09:12:00.000+02:00,A0025020500,A25,73.0,2020
2026-10-10T07:21:10Z,2026-10-10T09:12:00.000+02:00,A0002021290,A2,102.0,2030
2026-10-10T07:21:10Z,2026-10-10T09:12:00.000+02:00,A0022011600,A22,79.0,710
2026-10-10T07:31:13Z,2026-10-10T09:24:00.000+02:00,A0001011200,A1,81.0,2970
2026-10-10T07:31:13Z,2026-10-10T09:24:00.000+02:00,A0027010102,A27,88.0,2120
2026-10-10T07:31:13Z,2026-10-10T09:24:00.000+02:00,N0041010100,N41,83.0,760
2026-10-10T07:31:13Z,2026-10-10T09:24:00.000+02:00,A0027010101,A27,88.0,2120
2026-10-10T07:31:13Z,2026-10-10T09:24:00.000+02:00,A9022010250,A22 (rocade),84.0,370
2026-10-10T07:31:13Z,2026-10-10T09:24:00.000+02:00,A0001020150,A1,108.0,2320
2026-10-10T07:31:13Z,2026-10-10T09:24:00.000+02:00,N0356011700,N356,72.0,1830
2026-10-10T07:31:13Z,2026-10-10T09:24:00.000+02:00,N9227110200,N227 (bretelle),77.0,30
2026-10-10T07:31:13Z,2026-10-10T09:24:00.000+02:00,N0356021300,N356,53.0,2930
2026-10-10T07:31:13Z,2026-10-10T09:24:00.000+02:00,A0022011400,A22,78.0,460
2026-10-10T07:31:13Z,2026-10-10T09:24:00.000+02:00,A0027010300,A27,89.0,710
2026-10-10T07:31:13Z,2026-10-10T09:24:00.000+02:00,A9022020250,A22 (rocade),71.0,570
2026-10-10T07:31:13Z,2026-10-10T09:24:00.000+02:00,N0041010300,N41,86.0,1520
2026-10-10T07:31:13Z,2026-10-10T09:24:00.000+02:00,A0022011210,A22,82.0,530
2026-10-10T07:31:13Z,2026-10-10T09:24:00.000+02:00,A0027020100,A27,72.0,1000
2026-10-10T07:31:13Z,2026-10-10T09:24:00.000+02:00,A0001010300,A1,101.0,2710
2026-10-10T07:31:13Z,2026-10-10T09:24:00.000+02:00,A0022011220,A22,82.0,530
2026-10-10T07:31:13Z,2026-10-10T09:24:00.000+02:00,N0227021400,N227,67.0,70
2026-10-10T07:31:13Z,2026-10-10T09:24:00.000+02:00,A9022101110,A22 (rocade),80.0,770
2026-10-10T07:31:13Z,2026-10-10T09:24:00.000+02:00,A0022022110,A22,88.0,2520
2026-10-10T07:31:13Z,2026-10-10T09:24:00.000+02:00,A0001011420,A1,84.0,2420
2026-10-10T07:31:13Z,2026-10-10T09:24:00.000+02:00,N0356010800,N356,74.0,1870
2026-10-10T07:31:13Z,2026-10-10T09:24:00.000+02:00,A9001210710,A1 (bretelle),69.0,1800
2026-10-10T07:31:13Z,2026-10-10T09:24:00.000+02:00,N0356021110,N356,63.0,2950
2026-10-10T07:31:13Z,2026-10-10T09:24:00.000+02:00,A0001010510,A1,101.0,2540
2026-10-10T07:31:13Z,2026-10-10T09:24:00.000+02:00,N0356021122,N356,49.0,2970
2026-10-10T07:31:13Z,2026-10-10T09:24:00.000+02:00,N0356021121,N356,63.0,2950
2026-10-10T07:31:13Z,2026-10-10T09:24:00.000+02:00,A0025010210,A25,73.0,3150
2026-10-10T07:31:13Z,2026-10-10T09:24:00.000+02:00,A0025011300,A25,85.0,940
2026-10-10T07:31:13Z,2026-10-10T09:24:00.000+02:00,A0001020300,A1,109.0,2310
2026-10-10T07:31:13Z,2026-10-10T09:24:00.000+02:00,A0025021100,A25,89.0,1600
2026-10-10T07:31:13Z,2026-10-10T09:24:00.000+02:00,A0025023520,A25,116.0,810
2026-10-10T07:31:13Z,2026-10-10T09:24:00.000+02:00,A0022022130,A22,98.0,2350
2026-10-10T07:31:13Z,2026-10-10T09:24:00.000+02:00,A0025010220,A25,73.0,3150
2026-10-10T07:31:13Z,2026-10-10T09:24:00.000+02:00,A0022022120,A22,93.0,2480
2026-10-10T07:31:13Z,2026-10-10T09:24:00.000+02:00,A0001010520,A1,99.0,2940
2026-10-10T07:31:13Z,2026-10-10T09:24:00.000+02:00,A0022011000,A22,80.0,1940
2026-10-10T07:31:13Z,2026-10-10T09:24:00.000+02:00,A0001020510,A1,106.0,2500
2026-10-10T07:31:13Z,2026-10-10T09:24:00.000+02:00,A0001021602,A1,83.0,4420
2026-10-10T07:31:13Z,2026-10-10T09:24:00.000+02:00,A22TC020222,A22 (contournement),83.0,1990
2026-10-10T07:31:13Z,2026-10-10T09:24:00.000+02:00,A0001010940,A1,98.0,3130
2026-10-10T07:31:13Z,2026-10-10T09:24:00.000+02:00,A0025023320,A25,110.0,1470
2026-10-10T07:31:13Z,2026-10-10T09:24:00.000+02:00,A0001020520,A1,103.0,2540
2026-10-10T07:31:13Z,2026-10-10T09:24:00.000+02:00,A0025023100,A25,109.0,1230
2026-10-10T07:31:13Z,2026-10-10T09:24:00.000+02:00,A22TC020230,A22 (contournement),83.0,1990
2026-10-10T07:31:13Z,2026-10-10T09:24:00.000+02:00,A0025021730,A25,86.0,2320
2026-10-10T07:31:13Z,2026-10-10T09:24:00.000+02:00,A0025023910,A25,117.0,790
2026-10-10T07:31:13Z,2026-10-10T09:24:00.000+02:00,A0025021735,A25,101.0,2300
2026-10-10T07:31:13Z,2026-10-10T09:24:00.000+02:00,A0023010400,A23,102.0,890
2026-10-10T07:31:13Z,2026-10-10T09:24:00.000+02:00,A0022021900,A22,82.0,1940
2026-10-10T07:31:13Z,2026-10-10T09:24:00.000+02:00,A9022100500,A22 (rocade),77.0,970
2026-10-10T07:31:13Z,2026-10-10T09:24:00.000+02:00,A0001020940,A1,89.0,3270
2026-10-10T07:31:13Z,2026-10-10T09:24:00.000+02:00,A0001020700,A1,100.0,2270
2026-10-10T07:31:13Z,2026-10-10T09:24:00.000+02:00,A9022020830,A22 (rocade),82.0,220
2026-10-10T07:31:13Z,2026-10-10T09:24:00.000+02:00,A9022020822,A22 (rocade),89.0,1140
2026-10-10T07:31:13Z,2026-10-10T09:24:00.000+02:00,A9022020821,A22 (rocade),89.0,1140
2026-10-10T07:31:13Z,2026-10-10T09:24:00.000+02:00,A0025020420,A25,69.0,3110
2026-10-10T07:31:13Z,2026-10-10T09:24:00.000+02:00,A0025021510,A25,98.0,1290
2026-10-10T07:31:13Z,2026-10-10T09:24:00.000+02:00,N0227010100,N227,64.0,950
2026-10-10T07:31:13Z,2026-10-10T09:24:00.000+02:00,A0025011720,A25,99.0,1850
2026-10-10T07:31:13Z,2026-10-10T09:24:00.000+02:00,A0025021760,A25,85.0,2120
2026-10-10T07:31:13Z,2026-10-10T09:24:00.000+02:00,A0025011730,A25,88.0,1900
2026-10-10T07:31:13Z,2026-10-10T09:24:00.000+02:00,A0025011735,A25,103.0,1930
2026-10-10T07:31:13Z,2026-10-10T09:24:00.000+02:00,A9025080700,A25 (bretelle),,550
2026-10-10T07:31:13Z,2026-10-10T09:24:00.000+02:00,A9022100930,A22 (rocade),77.0,100
2026-10-10T07:31:13Z,2026-10-10T09:24:00.000+02:00,N0356011220,N356,71.0,2040
2026-10-10T07:31:13Z,2026-10-10T09:24:00.000+02:00,A0025011740,A25,87.0,1920
2026-10-10T07:31:13Z,2026-10-10T09:24:00.000+02:00,A0025010410,A25,69.0,2640
2026-10-10T07:31:13Z,2026-10-10T09:24:00.000+02:00,A0023010200,A23,88.0,980
2026-10-10T07:31:13Z,2026-10-10T09:24:00.000+02:00,A9001210120,A1 (bretelle),75.0,540
2026-10-10T07:31:13Z,2026-10-10T09:24:00.000+02:00,A0025020210,A25,72.0,3710
2026-10-10T07:31:13Z,2026-10-10T09:24:00.000+02:00,N0356011210,N356,71.0,2040
2026-10-10T07:31:13Z,2026-10-10T09:24:00.000+02:00,A0025011510,A25,88.0,1250
2026-10-10T07:31:13Z,2026-10-10T09:24:00.000+02:00,A0025020220,A25,72.0,3710
2026-10-10T07:31:13Z,2026-10-10T09:24:00.000+02:00,N0227010302,N227,74.0,1950
2026-10-10T07:31:13Z,2026-10-10T09:24:00.000+02:00,N0041010500,N41,105.0,1210
2026-10-10T07:31:13Z,2026-10-10T09:24:00.000+02:00,N0227020101,N227,79.0,1710
2026-10-10T07:31:13Z,2026-10-10T09:24:00.000+02:00,A9022100110,A22 (rocade),65.0,690
2026-10-10T07:31:13Z,2026-10-10T09:24:00.000+02:00,A0022010400,A22,74.0,2080
2026-10-10T07:31:13Z,2026-10-10T09:24:00.000+02:00,N0356010302,N356,74.0,3930
2026-10-10T07:31:13Z,2026-10-10T09:24:00.000+02:00,A0025010800,A25,72.0,1700
2026-10-10T07:31:13Z,2026-10-10T09:24:00.000+02:00,A0027020621,A27,100.0,990
2026-10-10T07:31:13Z,2026-10-10T09:24:00.000+02:00,N0041010700,N41,103.0,540
2026-10-10T07:31:13Z,2026-10-10T09:24:00.000+02:00,A0027020630,A27,103.0,1030
2026-10-10T07:31:13Z,2026-10-10T09:24:00.000+02:00,A0022021512,A22,80.0,1720
2026-10-10T07:31:13Z,2026-10-10T09:24:00.000+02:00,A0022021511,A22,80.0,1690
2026-10-10T07:31:13Z,2026-10-10T09:24:00.000+02:00,A0027020610,A27,100.0,990
2026-10-10T07:31:13Z,2026-10-10T09:24:00.000+02:00,A0025021720,A25,99.0,2280
2026-10-10T07:31:13Z,2026-10-10T09:24:00.000+02:00,A0022021520,A22,80.0,1720
2026-10-10T07:31:13Z,2026-10-10T09:24:00.000+02:00,A0025022140,A25,107.0,1900
2026-10-10T07:31:13Z,2026-10-10T09:24:00.000+02:00,A0022011302,A22,75.0,1270
2026-10-10T07:31:13Z,2026-10-10T09:24:00.000+02:00,A0025022160,A25,107.0,1740
2026-10-10T07:31:13Z,2026-10-10T09:24:00.000+02:00,A0027010201,A27,91.0,1270
2026-10-10T07:31:13Z,2026-10-10T09:24:00.000+02:00,A0027010202,A27,88.0,420
2026-10-10T07:31:13Z,2026-10-10T09:24:00.000+02:00,N9227110110,N227 (bretelle),76.0,1040
2026-10-10T07:31:13Z,2026-10-10T09:24:00.000+02:00,A0025012130,A25,104.0,940
2026-10-10T07:31:13Z,2026-10-10T09:24:00.000+02:00,A0027010210,A27,88.0,420
2026-10-10T07:31:13Z,2026-10-10T09:24:00.000+02:00,A0025011050,A25,86.0,1120
2026-10-10T07:31:13Z,2026-10-10T09:24:00.000+02:00,A0025012140,A25,104.0,600
2026-10-10T07:31:13Z,2026-10-10T09:24:00.000+02:00,A0027010421,A27,98.0,940
2026-10-10T07:31:13Z,2026-10-10T09:24:00.000+02:00,A0022012420,A22,94.0,1910
2026-10-10T07:31:13Z,2026-10-10T09:24:00.000+02:00,A0027010430,A27,102.0,940
2026-10-10T07:31:13Z,2026-10-10T09:24:00.000+02:00,A0023020710,A23,105.0,1420
2026-10-10T07:31:13Z,2026-10-10T09:24:00.000+02:00,A0022012430,A22,91.0,1970
2026-10-10T07:31:13Z,2026-10-10T09:24:00.000+02:00,A0025012160,A25,123.0,1610
2026-10-10T07:31:13Z,2026-10-10T09:24:00.000+02:00,A9022021200,A22 (rocade),62.0,130
2026-10-10T07:31:13Z,2026-10-10T09:24:00.000+02:00,A0001021100,A1,89.0,2960
2026-10-10T07:31:13Z,2026-10-10T09:24:00.000+02:00,A9022101000,A22 (rocade),71.0,610
2026-10-10T07:31:13Z,2026-10-10T09:24:00.000+02:00,A0025013020,A25,112.0,1390
2026-10-10T07:31:13Z,2026-10-10T09:24:00.000+02:00,A0027010410,A27,98.0,940
2026-10-10T07:31:13Z,2026-10-10T09:24:00.000+02:00,A0022012410,A22,94.0,1900
2026-10-10T07:31:13Z,2026-10-10T09:24:00.000+02:00,A0001A20112,A1,89.0,1630
2026-10-10T07:31:13Z,2026-10-10T09:24:00.000+02:00,A0001A20111,A1,86.0,910
2026-10-10T07:31:13Z,2026-10-10T09:24:00.000+02:00,A0001021521,A1,83.0,2880
2026-10-10T07:31:13Z,2026-10-10T09:24:00.000+02:00,A0025022540,A25,110.0,1470
2026-10-10T07:31:13Z,2026-10-10T09:24:00.000+02:00,A0025022300,A25,113.0,1140
2026-10-10T07:31:13Z,2026-10-10T09:24:00.000+02:00,N0356021000,N356,59.0,2530
2026-10-10T07:31:13Z,2026-10-10T09:24:00.000+02:00,A22TC010102,A22 (contournement),86.0,1210
2026-10-10T07:31:13Z,2026-10-10T09:24:00.000+02:00,A0001011503,A1,86.0,4250
2026-10-10T07:31:13Z,2026-10-10T09:24:00.000+02:00,A0022012200,A22,82.0,1630
2026-10-10T07:31:13Z,2026-10-10T09:24:00.000+02:00,A0001A20120,A1,87.0,1630
2026-10-10T07:31:13Z,2026-10-10T09:24:00.000+02:00,A22TC020102,A22 (contournement),85.0,1650
2026-10-10T07:31:13Z,2026-10-10T09:24:00.000+02:00,A22TC010300,A22 (contournement),81.0,1450
2026-10-10T07:31:13Z,2026-10-10T09:24:00.000+02:00,A0022012010,A22,82.0,1190
2026-10-10T07:31:13Z,2026-10-10T09:24:00.000+02:00,A0022012020,A22,82.0,1190
2026-10-10T07:31:13Z,2026-10-10T09:24:00.000+02:00,A0025022130,A25,121.0,1990
2026-10-10T07:31:13Z,2026-10-10T09:24:00.000+02:00,A0023010520,A23,107.0,840
2026-10-10T07:31:13Z,2026-10-10T09:24:00.000+02:00,N0041020800,N41,97.0,1050
2026-10-10T07:31:13Z,2026-10-10T09:24:00.000+02:00,A0025010500,A25,70.0,1810
2026-10-10T07:31:13Z,2026-10-10T09:24:00.000+02:00,A0022020901,A22,76.0,1980
2026-10-10T07:31:13Z,2026-10-10T09:24:00.000+02:00,A0022020902,A22,76.0,1570
2026-10-10T07:31:13Z,2026-10-10T09:24:00.000+02:00,A0022021810,A22,80.0,1620
2026-10-10T07:31:13Z,2026-10-10T09:24:00.000+02:00,N0356011100,N356,68.0,1860
2026-10-10T07:31:13Z,2026-10-10T09:24:00.000+02:00,A0022021820,A22,80.0,1620
2026-10-10T07:31:13Z,2026-10-10T09:24:00.000+02:00,N0356020802,N356,71.0,2450
2026-10-10T07:31:13Z,2026-10-10T09:24:00.000+02:00,A9022020900,A22 (rocade),74.0,450
2026-10-10T07:31:13Z,2026-10-10T09:24:00.000+02:00,A0025020102,A25,67.0,1860
2026-10-10T07:31:13Z,2026-10-10T09:24:00.000+02:00,A0023010100,A23,94.0,80
2026-10-10T07:31:13Z,2026-10-10T09:24:00.000+02:00,A0025022530,A25,114.0,1480
2026-10-10T07:31:13Z,2026-10-10T09:24:00.000+02:00,A9001210200,A1 (bretelle),67.0,940
2026-10-10T07:31:13Z,2026-10-10T09:24:00.000+02:00,A0022010700,A22,79.0,1630
2026-10-10T07:31:13Z,2026-10-10T09:24:00.000+02:00,N0041020400,N41,92.0,1240
2026-10-10T07:31:13Z,2026-10-10T09:24:00.000+02:00,A0023020720,A23,112.0,1510
2026-10-10T07:31:13Z,2026-10-10T09:24:00.000+02:00,A0022020500,A22,76.0,1130
2026-10-10T07:31:13Z,2026-10-10T09:24:00.000+02:00,N93563b0150,N356 (bretelle),74.0,70
2026-10-10T07:31:13Z,2026-10-10T09:24:00.000+02:00,A0025020950,A25,90.0,2160
2026-10-10T07:31:13Z,2026-10-10T09:24:00.000+02:00,A0023020300,A23,74.0,1310
2026-10-10T07:31:13Z,2026-10-10T09:24:00.000+02:00,A0001011000,A1,86.0,2710
2026-10-10T07:31:13Z,2026-10-10T09:24:00.000+02:00,A0027020500,A27,92.0,680
2026-10-10T07:31:13Z,2026-10-10T09:24:00.000+02:00,N0356011500,N356,71.0,2130
2026-10-10T07:31:13Z,2026-10-10T09:24:00.000+02:00,A0001010150,A1,106.0,2670
2026-10-10T07:31:13Z,2026-10-10T09:24:00.000+02:00,N0356020400,N356,63.0,1120
2026-10-10T07:31:13Z,2026-10-10T09:24:00.000+02:00,A0025010700,A25,69.0,1040
2026-10-10T07:31:13Z,2026-10-10T09:24:00.000+02:00,A0002011230,A2,107.0,2260
2026-10-10T07:31:13Z,2026-10-10T09:24:00.000+02:00,A0025020500,A25,71.0,2310
2026-10-10T07:31:13Z,2026-10-10T09:24:00.000+02:00,A0002021290,A2,106.0,2170
2026-10-10T07:31:13Z,2026-10-10T09:24:00.000+02:00,A0022011600,A22,83.0,560
2026-10-10T07:41:06Z,2026-10-10T09:30:00.000+02:00,A0001011200,A1,82.0,2700
2026-10-10T07:41:06Z,2026-10-10T09:30:00.000+02:00,A0027010102,A27,91.0,1930
2026-10-10T07:41:06Z,2026-10-10T09:30:00.000+02:00,N0041010100,N41,84.0,1010
2026-10-10T07:41:06Z,2026-10-10T09:30:00.000+02:00,A0027010101,A27,91.0,1930
2026-10-10T07:41:06Z,2026-10-10T09:30:00.000+02:00,A9022010250,A22 (rocade),88.0,400
2026-10-10T07:41:06Z,2026-10-10T09:30:00.000+02:00,A0001020150,A1,109.0,2980
2026-10-10T07:41:06Z,2026-10-10T09:30:00.000+02:00,N0356011700,N356,73.0,2110
2026-10-10T07:41:06Z,2026-10-10T09:30:00.000+02:00,N9227110200,N227 (bretelle),72.0,10
2026-10-10T07:41:06Z,2026-10-10T09:30:00.000+02:00,N0356021300,N356,65.0,2710
2026-10-10T07:41:06Z,2026-10-10T09:30:00.000+02:00,A0022011400,A22,77.0,570
2026-10-10T07:41:06Z,2026-10-10T09:30:00.000+02:00,A0027010300,A27,89.0,620
2026-10-10T07:41:06Z,2026-10-10T09:30:00.000+02:00,A9022020250,A22 (rocade),70.0,520
2026-10-10T07:41:06Z,2026-10-10T09:30:00.000+02:00,N0041010300,N41,89.0,2040
2026-10-10T07:41:06Z,2026-10-10T09:30:00.000+02:00,A0022011210,A22,84.0,520
2026-10-10T07:41:06Z,2026-10-10T09:30:00.000+02:00,A0027020100,A27,73.0,750
2026-10-10T07:41:06Z,2026-10-10T09:30:00.000+02:00,A0001010300,A1,105.0,2760
2026-10-10T07:41:06Z,2026-10-10T09:30:00.000+02:00,A0022011220,A22,84.0,520
2026-10-10T07:41:06Z,2026-10-10T09:30:00.000+02:00,N0227021400,N227,55.0,10
2026-10-10T07:41:06Z,2026-10-10T09:30:00.000+02:00,A9022101110,A22 (rocade),78.0,960
2026-10-10T07:41:06Z,2026-10-10T09:30:00.000+02:00,A0022022110,A22,88.0,2600
2026-10-10T07:41:06Z,2026-10-10T09:30:00.000+02:00,A0001011420,A1,83.0,2390
2026-10-10T07:41:06Z,2026-10-10T09:30:00.000+02:00,N0356010800,N356,73.0,2240
2026-10-10T07:41:06Z,2026-10-10T09:30:00.000+02:00,A9001210710,A1 (bretelle),69.0,1640
2026-10-10T07:41:06Z,2026-10-10T09:30:00.000+02:00,N0356021110,N356,72.0,3000
2026-10-10T07:41:06Z,2026-10-10T09:30:00.000+02:00,A0001010510,A1,105.0,2660
2026-10-10T07:41:06Z,2026-10-10T09:30:00.000+02:00,N0356021122,N356,65.0,2880
2026-10-10T07:41:06Z,2026-10-10T09:30:00.000+02:00,N0356021121,N356,72.0,3000
2026-10-10T07:41:06Z,2026-10-10T09:30:00.000+02:00,A0025010210,A25,72.0,3100
2026-10-10T07:41:06Z,2026-10-10T09:30:00.000+02:00,A0025011300,A25,88.0,1090
2026-10-10T07:41:06Z,2026-10-10T09:30:00.000+02:00,A0001020300,A1,109.0,2970
2026-10-10T07:41:06Z,2026-10-10T09:30:00.000+02:00,A0025021100,A25,87.0,1670
2026-10-10T07:41:06Z,2026-10-10T09:30:00.000+02:00,A0025023520,A25,114.0,1000
2026-10-10T07:41:06Z,2026-10-10T09:30:00.000+02:00,A0022022130,A22,100.0,2430
2026-10-10T07:41:06Z,2026-10-10T09:30:00.000+02:00,A0025010220,A25,72.0,3100
2026-10-10T07:41:06Z,2026-10-10T09:30:00.000+02:00,A0022022120,A22,94.0,2590
2026-10-10T07:41:06Z,2026-10-10T09:30:00.000+02:00,A0001010520,A1,101.0,2970
2026-10-10T07:41:06Z,2026-10-10T09:30:00.000+02:00,A0022011000,A22,79.0,1820
2026-10-10T07:41:06Z,2026-10-10T09:30:00.000+02:00,A0001020510,A1,105.0,2950
2026-10-10T07:41:06Z,2026-10-10T09:30:00.000+02:00,A0001021602,A1,83.0,4010
2026-10-10T07:41:06Z,2026-10-10T09:30:00.000+02:00,A22TC020222,A22 (contournement),89.0,1630
2026-10-10T07:41:06Z,2026-10-10T09:30:00.000+02:00,A0001010940,A1,100.0,3040
2026-10-10T07:41:06Z,2026-10-10T09:30:00.000+02:00,A0025023320,A25,113.0,1530
2026-10-10T07:41:06Z,2026-10-10T09:30:00.000+02:00,A0001020520,A1,102.0,3240
2026-10-10T07:41:06Z,2026-10-10T09:30:00.000+02:00,A0025023100,A25,113.0,1280
2026-10-10T07:41:06Z,2026-10-10T09:30:00.000+02:00,A22TC020230,A22 (contournement),89.0,1630
2026-10-10T07:41:06Z,2026-10-10T09:30:00.000+02:00,A0025021730,A25,88.0,2350
2026-10-10T07:41:06Z,2026-10-10T09:30:00.000+02:00,A0025023910,A25,119.0,920
2026-10-10T07:41:06Z,2026-10-10T09:30:00.000+02:00,A0025021735,A25,103.0,2280
2026-10-10T07:41:06Z,2026-10-10T09:30:00.000+02:00,A0023010400,A23,105.0,930
2026-10-10T07:41:06Z,2026-10-10T09:30:00.000+02:00,A0022021900,A22,82.0,2090
2026-10-10T07:41:06Z,2026-10-10T09:30:00.000+02:00,A9022100500,A22 (rocade),79.0,1070
2026-10-10T07:41:06Z,2026-10-10T09:30:00.000+02:00,A0001020940,A1,90.0,3200
2026-10-10T07:41:06Z,2026-10-10T09:30:00.000+02:00,A0001020700,A1,99.0,2760
2026-10-10T07:41:06Z,2026-10-10T09:30:00.000+02:00,A9022020830,A22 (rocade),85.0,220
2026-10-10T07:41:06Z,2026-10-10T09:30:00.000+02:00,A9022020822,A22 (rocade),89.0,980
2026-10-10T07:41:06Z,2026-10-10T09:30:00.000+02:00,A9022020821,A22 (rocade),89.0,980
2026-10-10T07:41:06Z,2026-10-10T09:30:00.000+02:00,A0025020420,A25,71.0,3270
2026-10-10T07:41:06Z,2026-10-10T09:30:00.000+02:00,A0025021510,A25,100.0,1220
2026-10-10T07:41:06Z,2026-10-10T09:30:00.000+02:00,N0227010100,N227,66.0,1000
2026-10-10T07:41:06Z,2026-10-10T09:30:00.000+02:00,A0025011720,A25,98.0,2010
2026-10-10T07:41:06Z,2026-10-10T09:30:00.000+02:00,A0025021760,A25,86.0,2280
2026-10-10T07:41:06Z,2026-10-10T09:30:00.000+02:00,A0025011730,A25,87.0,2050
2026-10-10T07:41:06Z,2026-10-10T09:30:00.000+02:00,A0025011735,A25,102.0,1990
2026-10-10T07:41:06Z,2026-10-10T09:30:00.000+02:00,A9025080700,A25 (bretelle),,620
2026-10-10T07:41:06Z,2026-10-10T09:30:00.000+02:00,A9022100930,A22 (rocade),77.0,90
2026-10-10T07:41:06Z,2026-10-10T09:30:00.000+02:00,N0356011220,N356,70.0,2120
2026-10-10T07:41:06Z,2026-10-10T09:30:00.000+02:00,A0025011740,A25,87.0,2050
2026-10-10T07:41:06Z,2026-10-10T09:30:00.000+02:00,A0025010410,A25,70.0,2510
2026-10-10T07:41:06Z,2026-10-10T09:30:00.000+02:00,A0023010200,A23,85.0,1040
2026-10-10T07:41:06Z,2026-10-10T09:30:00.000+02:00,A9001210120,A1 (bretelle),75.0,580
2026-10-10T07:41:06Z,2026-10-10T09:30:00.000+02:00,A0025020210,A25,72.0,3700
2026-10-10T07:41:06Z,2026-10-10T09:30:00.000+02:00,N0356011210,N356,70.0,2120
2026-10-10T07:41:06Z,2026-10-10T09:30:00.000+02:00,A0025011510,A25,87.0,1370
2026-10-10T07:41:06Z,2026-10-10T09:30:00.000+02:00,A0025020220,A25,72.0,3700
2026-10-10T07:41:06Z,2026-10-10T09:30:00.000+02:00,N0227010302,N227,76.0,2160
2026-10-10T07:41:06Z,2026-10-10T09:30:00.000+02:00,N0041010500,N41,92.0,1490
2026-10-10T07:41:06Z,2026-10-10T09:30:00.000+02:00,N0227020101,N227,85.0,1750
2026-10-10T07:41:06Z,2026-10-10T09:30:00.000+02:00,A9022100110,A22 (rocade),66.0,520
2026-10-10T07:41:06Z,2026-10-10T09:30:00.000+02:00,A0022010400,A22,72.0,1790
2026-10-10T07:41:06Z,2026-10-10T09:30:00.000+02:00,N0356010302,N356,70.0,4090
2026-10-10T07:41:06Z,2026-10-10T09:30:00.000+02:00,A0025010800,A25,72.0,1870
2026-10-10T07:41:06Z,2026-10-10T09:30:00.000+02:00,A0027020621,A27,98.0,1010
2026-10-10T07:41:06Z,2026-10-10T09:30:00.000+02:00,N0041010700,N41,99.0,540
2026-10-10T07:41:06Z,2026-10-10T09:30:00.000+02:00,A0027020630,A27,100.0,1050
2026-10-10T07:41:06Z,2026-10-10T09:30:00.000+02:00,A0022021512,A22,82.0,1810
2026-10-10T07:41:06Z,2026-10-10T09:30:00.000+02:00,A0022021511,A22,82.0,1840
2026-10-10T07:41:06Z,2026-10-10T09:30:00.000+02:00,A0027020610,A27,98.0,1010
2026-10-10T07:41:06Z,2026-10-10T09:30:00.000+02:00,A0025021720,A25,101.0,2300
2026-10-10T07:41:06Z,2026-10-10T09:30:00.000+02:00,A0022021520,A22,82.0,1810
2026-10-10T07:41:06Z,2026-10-10T09:30:00.000+02:00,A0025022140,A25,110.0,2010
2026-10-10T07:41:06Z,2026-10-10T09:30:00.000+02:00,A0022011302,A22,77.0,1510
2026-10-10T07:41:06Z,2026-10-10T09:30:00.000+02:00,A0025022160,A25,104.0,2080
2026-10-10T07:41:06Z,2026-10-10T09:30:00.000+02:00,A0027010201,A27,90.0,1160
2026-10-10T07:41:06Z,2026-10-10T09:30:00.000+02:00,A0027010202,A27,72.0,650
2026-10-10T07:41:06Z,2026-10-10T09:30:00.000+02:00,N9227110110,N227 (bretelle),72.0,790
2026-10-10T07:41:06Z,2026-10-10T09:30:00.000+02:00,A0025012130,A25,107.0,930
2026-10-10T07:41:06Z,2026-10-10T09:30:00.000+02:00,A0027010210,A27,72.0,650
2026-10-10T07:41:06Z,2026-10-10T09:30:00.000+02:00,A0025011050,A25,89.0,1170
2026-10-10T07:41:06Z,2026-10-10T09:30:00.000+02:00,A0025012140,A25,107.0,650
2026-10-10T07:41:06Z,2026-10-10T09:30:00.000+02:00,A0027010421,A27,96.0,840
2026-10-10T07:41:06Z,2026-10-10T09:30:00.000+02:00,A0022012420,A22,92.0,2510
2026-10-10T07:41:06Z,2026-10-10T09:30:00.000+02:00,A0027010430,A27,101.0,850
2026-10-10T07:41:06Z,2026-10-10T09:30:00.000+02:00,A0023020710,A23,109.0,1250
2026-10-10T07:41:06Z,2026-10-10T09:30:00.000+02:00,A0022012430,A22,93.0,2360
2026-10-10T07:41:06Z,2026-10-10T09:30:00.000+02:00,A0025012160,A25,120.0,1650
2026-10-10T07:41:06Z,2026-10-10T09:30:00.000+02:00,A9022021200,A22 (rocade),68.0,190
2026-10-10T07:41:06Z,2026-10-10T09:30:00.000+02:00,A0001021100,A1,89.0,2870
2026-10-10T07:41:06Z,2026-10-10T09:30:00.000+02:00,A9022101000,A22 (rocade),71.0,680
2026-10-10T07:41:06Z,2026-10-10T09:30:00.000+02:00,A0025013020,A25,111.0,1320
2026-10-10T07:41:06Z,2026-10-10T09:30:00.000+02:00,A0027010410,A27,96.0,840
2026-10-10T07:41:06Z,2026-10-10T09:30:00.000+02:00,A0022012410,A22,91.0,2550
2026-10-10T07:41:06Z,2026-10-10T09:30:00.000+02:00,A0001A20112,A1,91.0,1520
2026-10-10T07:41:06Z,2026-10-10T09:30:00.000+02:00,A0001A20111,A1,87.0,880
2026-10-10T07:41:06Z,2026-10-10T09:30:00.000+02:00,A0001021521,A1,84.0,2390
2026-10-10T07:41:06Z,2026-10-10T09:30:00.000+02:00,A0025022540,A25,114.0,1600
2026-10-10T07:41:06Z,2026-10-10T09:30:00.000+02:00,A0025022300,A25,109.0,1390
2026-10-10T07:41:06Z,2026-10-10T09:30:00.000+02:00,N0356021000,N356,70.0,2900
2026-10-10T07:41:06Z,2026-10-10T09:30:00.000+02:00,A22TC010102,A22 (contournement),87.0,1140
2026-10-10T07:41:06Z,2026-10-10T09:30:00.000+02:00,A0001011503,A1,84.0,4270
2026-10-10T07:41:06Z,2026-10-10T09:30:00.000+02:00,A0022012200,A22,80.0,2290
2026-10-10T07:41:06Z,2026-10-10T09:30:00.000+02:00,A0001A20120,A1,87.0,1540
2026-10-10T07:41:06Z,2026-10-10T09:30:00.000+02:00,A22TC020102,A22 (contournement),86.0,1630
2026-10-10T07:41:06Z,2026-10-10T09:30:00.000+02:00,A22TC010300,A22 (contournement),83.0,1340
2026-10-10T07:41:06Z,2026-10-10T09:30:00.000+02:00,A0022012010,A22,80.0,1600
2026-10-10T07:41:06Z,2026-10-10T09:30:00.000+02:00,A0022012020,A22,80.0,1600
2026-10-10T07:41:06Z,2026-10-10T09:30:00.000+02:00,A0025022130,A25,122.0,1950
2026-10-10T07:41:06Z,2026-10-10T09:30:00.000+02:00,A0023010520,A23,114.0,960
2026-10-10T07:41:06Z,2026-10-10T09:30:00.000+02:00,N0041020800,N41,97.0,1160
2026-10-10T07:41:06Z,2026-10-10T09:30:00.000+02:00,A0025010500,A25,67.0,1680
2026-10-10T07:41:06Z,2026-10-10T09:30:00.000+02:00,A0022020901,A22,75.0,1950
2026-10-10T07:41:06Z,2026-10-10T09:30:00.000+02:00,A0022020902,A22,75.0,1340
2026-10-10T07:41:06Z,2026-10-10T09:30:00.000+02:00,A0022021810,A22,83.0,1810
2026-10-10T07:41:06Z,2026-10-10T09:30:00.000+02:00,N0356011100,N356,70.0,1920
2026-10-10T07:41:06Z,2026-10-10T09:30:00.000+02:00,A0022021820,A22,83.0,1810
2026-10-10T07:41:06Z,2026-10-10T09:30:00.000+02:00,N0356020802,N356,52.0,3520
2026-10-10T07:41:06Z,2026-10-10T09:30:00.000+02:00,A9022020900,A22 (rocade),80.0,470
2026-10-10T07:41:06Z,2026-10-10T09:30:00.000+02:00,A0025020102,A25,67.0,1980
2026-10-10T07:41:06Z,2026-10-10T09:30:00.000+02:00,A0023010100,A23,91.0,90
2026-10-10T07:41:06Z,2026-10-10T09:30:00.000+02:00,A0025022530,A25,116.0,1600
2026-10-10T07:41:06Z,2026-10-10T09:30:00.000+02:00,A9001210200,A1 (bretelle),64.0,1120
2026-10-10T07:41:06Z,2026-10-10T09:30:00.000+02:00,A0022010700,A22,79.0,1480
2026-10-10T07:41:06Z,2026-10-10T09:30:00.000+02:00,N0041020400,N41,92.0,1440
2026-10-10T07:41:06Z,2026-10-10T09:30:00.000+02:00,A0023020720,A23,114.0,1260
2026-10-10T07:41:06Z,2026-10-10T09:30:00.000+02:00,A0022020500,A22,75.0,1140
2026-10-10T07:41:06Z,2026-10-10T09:30:00.000+02:00,N93563b0150,N356 (bretelle),69.0,20
2026-10-10T07:41:06Z,2026-10-10T09:30:00.000+02:00,A0025020950,A25,88.0,2890
2026-10-10T07:41:06Z,2026-10-10T09:30:00.000+02:00,A0023020300,A23,87.0,1100
2026-10-10T07:41:06Z,2026-10-10T09:30:00.000+02:00,A0001011000,A1,86.0,2620
2026-10-10T07:41:06Z,2026-10-10T09:30:00.000+02:00,A0027020500,A27,89.0,770
2026-10-10T07:41:06Z,2026-10-10T09:30:00.000+02:00,N0356011500,N356,69.0,2270
2026-10-10T07:41:06Z,2026-10-10T09:30:00.000+02:00,A0001010150,A1,109.0,2770
2026-10-10T07:41:06Z,2026-10-10T09:30:00.000+02:00,N0356020400,N356,57.0,1560
2026-10-10T07:41:06Z,2026-10-10T09:30:00.000+02:00,A0025010700,A25,71.0,1180
2026-10-10T07:41:06Z,2026-10-10T09:30:00.000+02:00,A0002011230,A2,108.0,2200
2026-10-10T07:41:06Z,2026-10-10T09:30:00.000+02:00,A0025020500,A25,72.0,2430
2026-10-10T07:41:06Z,2026-10-10T09:30:00.000+02:00,A0002021290,A2,106.0,2120
2026-10-10T07:41:06Z,2026-10-10T09:30:00.000+02:00,A0022011600,A22,81.0,960
2026-10-10T07:51:02Z,2026-10-10T09:42:00.000+02:00,A0001011200,A1,78.0,3270
2026-10-10T07:51:02Z,2026-10-10T09:42:00.000+02:00,A0027010102,A27,89.0,2220
2026-10-10T07:51:02Z,2026-10-10T09:42:00.000+02:00,N0041010100,N41,86.0,1020
2026-10-10T07:51:02Z,2026-10-10T09:42:00.000+02:00,A0027010101,A27,89.0,2220
2026-10-10T07:51:02Z,2026-10-10T09:42:00.000+02:00,A9022010250,A22 (rocade),84.0,410
2026-10-10T07:51:02Z,2026-10-10T09:42:00.000+02:00,A0001020150,A1,106.0,3100
2026-10-10T07:51:02Z,2026-10-10T09:42:00.000+02:00,N0356011700,N356,72.0,1810
2026-10-10T07:51:02Z,2026-10-10T09:42:00.000+02:00,N9227110200,N227 (bretelle),75.0,20
2026-10-10T07:51:02Z,2026-10-10T09:42:00.000+02:00,N0356021300,N356,67.0,2760
2026-10-10T07:51:02Z,2026-10-10T09:42:00.000+02:00,A0022011400,A22,77.0,600
2026-10-10T07:51:02Z,2026-10-10T09:42:00.000+02:00,A0027010300,A27,87.0,630
2026-10-10T07:51:02Z,2026-10-10T09:42:00.000+02:00,A9022020250,A22 (rocade),4.0,600
2026-10-10T07:51:02Z,2026-10-10T09:42:00.000+02:00,N0041010300,N41,90.0,2020
2026-10-10T07:51:02Z,2026-10-10T09:42:00.000+02:00,A0022011210,A22,79.0,560
2026-10-10T07:51:02Z,2026-10-10T09:42:00.000+02:00,A0027020100,A27,74.0,990
2026-10-10T07:51:02Z,2026-10-10T09:42:00.000+02:00,A0001010300,A1,100.0,2950
2026-10-10T07:51:02Z,2026-10-10T09:42:00.000+02:00,A0022011220,A22,79.0,560
2026-10-10T07:51:02Z,2026-10-10T09:42:00.000+02:00,N0227021400,N227,74.0,30
2026-10-10T07:51:02Z,2026-10-10T09:42:00.000+02:00,A9022101110,A22 (rocade),78.0,690
2026-10-10T07:51:02Z,2026-10-10T09:42:00.000+02:00,A0022022110,A22,86.0,2750
2026-10-10T07:51:02Z,2026-10-10T09:42:00.000+02:00,A0001011420,A1,82.0,2590
2026-10-10T07:51:02Z,2026-10-10T09:42:00.000+02:00,N0356010800,N356,72.0,1970
2026-10-10T07:51:02Z,2026-10-10T09:42:00.000+02:00,A9001210710,A1 (bretelle),68.0,1830
2026-10-10T07:51:02Z,2026-10-10T09:42:00.000+02:00,N0356021110,N356,72.0,3030
2026-10-10T07:51:02Z,2026-10-10T09:42:00.000+02:00,A0001010510,A1,100.0,2850
2026-10-10T07:51:02Z,2026-10-10T09:42:00.000+02:00,N0356021122,N356,66.0,2980
2026-10-10T07:51:02Z,2026-10-10T09:42:00.000+02:00,N0356021121,N356,72.0,3030
2026-10-10T07:51:02Z,2026-10-10T09:42:00.000+02:00,A0025010210,A25,73.0,3210
2026-10-10T07:51:02Z,2026-10-10T09:42:00.000+02:00,A0025011300,A25,85.0,1230
2026-10-10T07:51:02Z,2026-10-10T09:42:00.000+02:00,A0001020300,A1,107.0,2950
2026-10-10T07:51:02Z,2026-10-10T09:42:00.000+02:00,A0025021100,A25,88.0,1870
2026-10-10T07:51:02Z,2026-10-10T09:42:00.000+02:00,A0025023520,A25,116.0,1080
2026-10-10T07:51:02Z,2026-10-10T09:42:00.000+02:00,A0022022130,A22,98.0,2650
2026-10-10T07:51:02Z,2026-10-10T09:42:00.000+02:00,A0025010220,A25,73.0,3210
2026-10-10T07:51:02Z,2026-10-10T09:42:00.000+02:00,A0022022120,A22,92.0,2740
2026-10-10T07:51:02Z,2026-10-10T09:42:00.000+02:00,A0001010520,A1,100.0,3200
2026-10-10T07:51:02Z,2026-10-10T09:42:00.000+02:00,A0022011000,A22,77.0,2080
2026-10-10T07:51:02Z,2026-10-10T09:42:00.000+02:00,A0001020510,A1,105.0,2900
2026-10-10T07:51:02Z,2026-10-10T09:42:00.000+02:00,A0001021602,A1,84.0,4130
2026-10-10T07:51:02Z,2026-10-10T09:42:00.000+02:00,A22TC020222,A22 (contournement),83.0,1950
2026-10-10T07:51:02Z,2026-10-10T09:42:00.000+02:00,A0001010940,A1,95.0,3860
2026-10-10T07:51:02Z,2026-10-10T09:42:00.000+02:00,A0025023320,A25,114.0,1550
2026-10-10T07:51:02Z,2026-10-10T09:42:00.000+02:00,A0001020520,A1,99.0,3070
2026-10-10T07:51:02Z,2026-10-10T09:42:00.000+02:00,A0025023100,A25,112.0,1220
2026-10-10T07:51:02Z,2026-10-10T09:42:00.000+02:00,A22TC020230,A22 (contournement),83.0,1950
2026-10-10T07:51:02Z,2026-10-10T09:42:00.000+02:00,A0025021730,A25,88.0,2600
2026-10-10T07:51:02Z,2026-10-10T09:42:00.000+02:00,A0025023910,A25,120.0,1030
2026-10-10T07:51:02Z,2026-10-10T09:42:00.000+02:00,A0025021735,A25,102.0,2560
2026-10-10T07:51:02Z,2026-10-10T09:42:00.000+02:00,A0023010400,A23,106.0,800
2026-10-10T07:51:02Z,2026-10-10T09:42:00.000+02:00,A0022021900,A22,80.0,2190
2026-10-10T07:51:02Z,2026-10-10T09:42:00.000+02:00,A9022100500,A22 (rocade),78.0,1210
2026-10-10T07:51:02Z,2026-10-10T09:42:00.000+02:00,A0001020940,A1,89.0,3200
2026-10-10T07:51:02Z,2026-10-10T09:42:00.000+02:00,A0001020700,A1,92.0,2470
2026-10-10T07:51:02Z,2026-10-10T09:42:00.000+02:00,A9022020830,A22 (rocade),86.0,270
2026-10-10T07:51:02Z,2026-10-10T09:42:00.000+02:00,A9022020822,A22 (rocade),89.0,890
2026-10-10T07:51:02Z,2026-10-10T09:42:00.000+02:00,A9022020821,A22 (rocade),89.0,890
2026-10-10T07:51:02Z,2026-10-10T09:42:00.000+02:00,A0025020420,A25,71.0,3230
2026-10-10T07:51:02Z,2026-10-10T09:42:00.000+02:00,A0025021510,A25,96.0,1260
2026-10-10T07:51:02Z,2026-10-10T09:42:00.000+02:00,N0227010100,N227,65.0,1010
2026-10-10T07:51:02Z,2026-10-10T09:42:00.000+02:00,A0025011720,A25,99.0,2450
2026-10-10T07:51:02Z,2026-10-10T09:42:00.000+02:00,A0025021760,A25,86.0,2540
2026-10-10T07:51:02Z,2026-10-10T09:42:00.000+02:00,A0025011730,A25,88.0,2370
2026-10-10T07:51:02Z,2026-10-10T09:42:00.000+02:00,A0025011735,A25,102.0,2380
2026-10-10T07:51:02Z,2026-10-10T09:42:00.000+02:00,A9025080700,A25 (bretelle),,600
2026-10-10T07:51:02Z,2026-10-10T09:42:00.000+02:00,A9022100930,A22 (rocade),71.0,70
2026-10-10T07:51:02Z,2026-10-10T09:42:00.000+02:00,N0356011220,N356,70.0,2040
2026-10-10T07:51:02Z,2026-10-10T09:42:00.000+02:00,A0025011740,A25,85.0,2350
2026-10-10T07:51:02Z,2026-10-10T09:42:00.000+02:00,A0025010410,A25,69.0,2930
2026-10-10T07:51:02Z,2026-10-10T09:42:00.000+02:00,A0023010200,A23,104.0,790
2026-10-10T07:51:02Z,2026-10-10T09:42:00.000+02:00,A9001210120,A1 (bretelle),75.0,440
2026-10-10T07:51:02Z,2026-10-10T09:42:00.000+02:00,A0025020210,A25,72.0,3740
2026-10-10T07:51:02Z,2026-10-10T09:42:00.000+02:00,N0356011210,N356,70.0,2040
2026-10-10T07:51:02Z,2026-10-10T09:42:00.000+02:00,A0025011510,A25,87.0,1630
2026-10-10T07:51:02Z,2026-10-10T09:42:00.000+02:00,A0025020220,A25,72.0,3740
2026-10-10T07:51:02Z,2026-10-10T09:42:00.000+02:00,N0227010302,N227,75.0,1880
2026-10-10T07:51:02Z,2026-10-10T09:42:00.000+02:00,N0041010500,N41,80.0,1430
2026-10-10T07:51:02Z,2026-10-10T09:42:00.000+02:00,N0227020101,N227,82.0,1920
2026-10-10T07:51:02Z,2026-10-10T09:42:00.000+02:00,A9022100110,A22 (rocade),67.0,690
2026-10-10T07:51:02Z,2026-10-10T09:42:00.000+02:00,A0022010400,A22,73.0,2440
2026-10-10T07:51:02Z,2026-10-10T09:42:00.000+02:00,N0356010302,N356,73.0,4170
2026-10-10T07:51:02Z,2026-10-10T09:42:00.000+02:00,A0025010800,A25,72.0,2170
2026-10-10T07:51:02Z,2026-10-10T09:42:00.000+02:00,A0027020621,A27,98.0,1120
2026-10-10T07:51:02Z,2026-10-10T09:42:00.000+02:00,N0041010700,N41,95.0,540
2026-10-10T07:51:02Z,2026-10-10T09:42:00.000+02:00,A0027020630,A27,102.0,1120
2026-10-10T07:51:02Z,2026-10-10T09:42:00.000+02:00,A0022021512,A22,80.0,1780
2026-10-10T07:51:02Z,2026-10-10T09:42:00.000+02:00,A0022021511,A22,80.0,1700
2026-10-10T07:51:02Z,2026-10-10T09:42:00.000+02:00,A0027020610,A27,98.0,1120
2026-10-10T07:51:02Z,2026-10-10T09:42:00.000+02:00,A0025021720,A25,99.0,2440
2026-10-10T07:51:02Z,2026-10-10T09:42:00.000+02:00,A0022021520,A22,80.0,1780
2026-10-10T07:51:02Z,2026-10-10T09:42:00.000+02:00,A0025022140,A25,111.0,2250
2026-10-10T07:51:02Z,2026-10-10T09:42:00.000+02:00,A0022011302,A22,74.0,1640
2026-10-10T07:51:02Z,2026-10-10T09:42:00.000+02:00,A0025022160,A25,105.0,2320
2026-10-10T07:51:02Z,2026-10-10T09:42:00.000+02:00,A0027010201,A27,90.0,1110
2026-10-10T07:51:02Z,2026-10-10T09:42:00.000+02:00,A0027010202,A27,78.0,500
2026-10-10T07:51:02Z,2026-10-10T09:42:00.000+02:00,N9227110110,N227 (bretelle),74.0,1370
2026-10-10T07:51:02Z,2026-10-10T09:42:00.000+02:00,A0025012130,A25,100.0,930
2026-10-10T07:51:02Z,2026-10-10T09:42:00.000+02:00,A0027010210,A27,78.0,500
2026-10-10T07:51:02Z,2026-10-10T09:42:00.000+02:00,A0025011050,A25,89.0,1390
2026-10-10T07:51:02Z,2026-10-10T09:42:00.000+02:00,A0025012140,A25,100.0,300
2026-10-10T07:51:02Z,2026-10-10T09:42:00.000+02:00,A0027010421,A27,97.0,860
2026-10-10T07:51:02Z,2026-10-10T09:42:00.000+02:00,A0022012420,A22,93.0,2260
2026-10-10T07:51:02Z,2026-10-10T09:42:00.000+02:00,A0027010430,A27,100.0,930
2026-10-10T07:51:02Z,2026-10-10T09:42:00.000+02:00,A0023020710,A23,105.0,1420
2026-10-10T07:51:02Z,2026-10-10T09:42:00.000+02:00,A0022012430,A22,91.0,2280
2026-10-10T07:51:02Z,2026-10-10T09:42:00.000+02:00,A0025012160,A25,121.0,1830
2026-10-10T07:51:02Z,2026-10-10T09:42:00.000+02:00,A9022021200,A22 (rocade),65.0,210
2026-10-10T07:51:02Z,2026-10-10T09:42:00.000+02:00,A0001021100,A1,84.0,2910
2026-10-10T07:51:02Z,2026-10-10T09:42:00.000+02:00,A9022101000,A22 (rocade),67.0,550
2026-10-10T07:51:02Z,2026-10-10T09:42:00.000+02:00,A0025013020,A25,113.0,1340
2026-10-10T07:51:02Z,2026-10-10T09:42:00.000+02:00,A0027010410,A27,97.0,860
2026-10-10T07:51:02Z,2026-10-10T09:42:00.000+02:00,A0022012410,A22,93.0,2220
2026-10-10T07:51:02Z,2026-10-10T09:42:00.000+02:00,A0001A20112,A1,90.0,1770
2026-10-10T07:51:02Z,2026-10-10T09:42:00.000+02:00,A0001A20111,A1,86.0,990
2026-10-10T07:51:02Z,2026-10-10T09:42:00.000+02:00,A0001021521,A1,83.0,2460
2026-10-10T07:51:02Z,2026-10-10T09:42:00.000+02:00,A0025022540,A25,113.0,1610
2026-10-10T07:51:02Z,2026-10-10T09:42:00.000+02:00,A0025022300,A25,113.0,1440
2026-10-10T07:51:02Z,2026-10-10T09:42:00.000+02:00,N0356021000,N356,73.0,2580
2026-10-10T07:51:02Z,2026-10-10T09:42:00.000+02:00,A22TC010102,A22 (contournement),83.0,1260
2026-10-10T07:51:02Z,2026-10-10T09:42:00.000+02:00,A0001011503,A1,85.0,4360
2026-10-10T07:51:02Z,2026-10-10T09:42:00.000+02:00,A0022012200,A22,80.0,1950
2026-10-10T07:51:02Z,2026-10-10T09:42:00.000+02:00,A0001A20120,A1,87.0,1780
2026-10-10T07:51:02Z,2026-10-10T09:42:00.000+02:00,A22TC020102,A22 (contournement),86.0,1880
2026-10-10T07:51:02Z,2026-10-10T09:42:00.000+02:00,A22TC010300,A22 (contournement),84.0,1540
2026-10-10T07:51:02Z,2026-10-10T09:42:00.000+02:00,A0022012010,A22,79.0,1430
2026-10-10T07:51:02Z,2026-10-10T09:42:00.000+02:00,A0022012020,A22,79.0,1430
2026-10-10T07:51:02Z,2026-10-10T09:42:00.000+02:00,A0025022130,A25,126.0,2240
2026-10-10T07:51:02Z,2026-10-10T09:42:00.000+02:00,A0023010520,A23,111.0,880
2026-10-10T07:51:02Z,2026-10-10T09:42:00.000+02:00,N0041020800,N41,96.0,1320
2026-10-10T07:51:02Z,2026-10-10T09:42:00.000+02:00,A0025010500,A25,66.0,1950
2026-10-10T07:51:02Z,2026-10-10T09:42:00.000+02:00,A0022020901,A22,72.0,1840
2026-10-10T07:51:02Z,2026-10-10T09:42:00.000+02:00,A0022020902,A22,72.0,1360
2026-10-10T07:51:02Z,2026-10-10T09:42:00.000+02:00,A0022021810,A22,81.0,1860
2026-10-10T07:51:02Z,2026-10-10T09:42:00.000+02:00,N0356011100,N356,70.0,1990
2026-10-10T07:51:02Z,2026-10-10T09:42:00.000+02:00,A0022021820,A22,81.0,1860
2026-10-10T07:51:02Z,2026-10-10T09:42:00.000+02:00,N0356020802,N356,70.0,2710
2026-10-10T07:51:02Z,2026-10-10T09:42:00.000+02:00,A9022020900,A22 (rocade),74.0,420
2026-10-10T07:51:02Z,2026-10-10T09:42:00.000+02:00,A0025020102,A25,67.0,1800
2026-10-10T07:51:02Z,2026-10-10T09:42:00.000+02:00,A0023010100,A23,98.0,80
2026-10-10T07:51:02Z,2026-10-10T09:42:00.000+02:00,A0025022530,A25,116.0,1510
2026-10-10T07:51:02Z,2026-10-10T09:42:00.000+02:00,A9001210200,A1 (bretelle),66.0,1090
2026-10-10T07:51:02Z,2026-10-10T09:42:00.000+02:00,A0022010700,A22,78.0,1870
2026-10-10T07:51:02Z,2026-10-10T09:42:00.000+02:00,N0041020400,N41,90.0,1460
2026-10-10T07:51:02Z,2026-10-10T09:42:00.000+02:00,A0023020720,A23,110.0,1470
2026-10-10T07:51:02Z,2026-10-10T09:42:00.000+02:00,A0022020500,A22,72.0,1130
2026-10-10T07:51:02Z,2026-10-10T09:42:00.000+02:00,N93563b0150,N356 (bretelle),65.0,110
2026-10-10T07:51:02Z,2026-10-10T09:42:00.000+02:00,A0025020950,A25,89.0,2810
2026-10-10T07:51:02Z,2026-10-10T09:42:00.000+02:00,A0023020300,A23,99.0,1130
2026-10-10T07:51:02Z,2026-10-10T09:42:00.000+02:00,A0001011000,A1,84.0,2980
2026-10-10T07:51:02Z,2026-10-10T09:42:00.000+02:00,A0027020500,A27,90.0,790
2026-10-10T07:51:02Z,2026-10-10T09:42:00.000+02:00,N0356011500,N356,72.0,2060
2026-10-10T07:51:02Z,2026-10-10T09:42:00.000+02:00,A0001010150,A1,105.0,2950
2026-10-10T07:51:02Z,2026-10-10T09:42:00.000+02:00,N0356020400,N356,56.0,1190
2026-10-10T07:51:02Z,2026-10-10T09:42:00.000+02:00,A0025010700,A25,71.0,1120
2026-10-10T07:51:02Z,2026-10-10T09:42:00.000+02:00,A0002011230,A2,107.0,2130
2026-10-10T07:51:02Z,2026-10-10T09:42:00.000+02:00,A0025020500,A25,72.0,2560
2026-10-10T07:51:02Z,2026-10-10T09:42:00.000+02:00,A0002021290,A2,104.0,2360
2026-10-10T07:51:02Z,2026-10-10T09:42:00.000+02:00,A0022011600,A22,82.0,740
2026-10-10T08:01:16Z,2026-10-10T09:54:00.000+02:00,A0001011200,A1,79.0,3570
2026-10-10T08:01:16Z,2026-10-10T09:54:00.000+02:00,A0027010102,A27,89.0,2450
2026-10-10T08:01:16Z,2026-10-10T09:54:00.000+02:00,N0041010100,N41,83.0,950
2026-10-10T08:01:16Z,2026-10-10T09:54:00.000+02:00,A0027010101,A27,89.0,2450
2026-10-10T08:01:16Z,2026-10-10T09:54:00.000+02:00,A9022010250,A22 (rocade),85.0,520
2026-10-10T08:01:16Z,2026-10-10T09:54:00.000+02:00,A0001020150,A1,107.0,2820
2026-10-10T08:01:16Z,2026-10-10T09:54:00.000+02:00,N0356011700,N356,73.0,2440
2026-10-10T08:01:16Z,2026-10-10T09:54:00.000+02:00,N9227110200,N227 (bretelle),67.0,70
2026-10-10T08:01:16Z,2026-10-10T09:54:00.000+02:00,N0356021300,N356,67.0,3130
2026-10-10T08:01:16Z,2026-10-10T09:54:00.000+02:00,A0022011400,A22,77.0,500
2026-10-10T08:01:16Z,2026-10-10T09:54:00.000+02:00,A0027010300,A27,90.0,760
2026-10-10T08:01:16Z,2026-10-10T09:54:00.000+02:00,A9022020250,A22 (rocade),63.0,610
2026-10-10T08:01:16Z,2026-10-10T09:54:00.000+02:00,N0041010300,N41,88.0,2260
2026-10-10T08:01:16Z,2026-10-10T09:54:00.000+02:00,A0022011210,A22,77.0,700
2026-10-10T08:01:16Z,2026-10-10T09:54:00.000+02:00,A0027020100,A27,73.0,1030
2026-10-10T08:01:16Z,2026-10-10T09:54:00.000+02:00,A0001010300,A1,97.0,2910
2026-10-10T08:01:16Z,2026-10-10T09:54:00.000+02:00,A0022011220,A22,77.0,700
2026-10-10T08:01:16Z,2026-10-10T09:54:00.000+02:00,N0227021400,N227,59.0,40
2026-10-10T08:01:16Z,2026-10-10T09:54:00.000+02:00,A9022101110,A22 (rocade),77.0,850
2026-10-10T08:01:16Z,2026-10-10T09:54:00.000+02:00,A0022022110,A22,87.0,3090
2026-10-10T08:01:16Z,2026-10-10T09:54:00.000+02:00,A0001011420,A1,84.0,2900
2026-10-10T08:01:16Z,2026-10-10T09:54:00.000+02:00,N0356010800,N356,74.0,2360
2026-10-10T08:01:16Z,2026-10-10T09:54:00.000+02:00,A9001210710,A1 (bretelle),70.0,1920
2026-10-10T08:01:16Z,2026-10-10T09:54:00.000+02:00,N0356021110,N356,71.0,3310
2026-10-10T08:01:16Z,2026-10-10T09:54:00.000+02:00,A0001010510,A1,97.0,2750
2026-10-10T08:01:16Z,2026-10-10T09:54:00.000+02:00,N0356021122,N356,65.0,3300
2026-10-10T08:01:16Z,2026-10-10T09:54:00.000+02:00,N0356021121,N356,71.0,3310
2026-10-10T08:01:16Z,2026-10-10T09:54:00.000+02:00,A0025010210,A25,73.0,3220
2026-10-10T08:01:16Z,2026-10-10T09:54:00.000+02:00,A0025011300,A25,86.0,1050
2026-10-10T08:01:16Z,2026-10-10T09:54:00.000+02:00,A0001020300,A1,107.0,2740
2026-10-10T08:01:16Z,2026-10-10T09:54:00.000+02:00,A0025021100,A25,88.0,1810
2026-10-10T08:01:16Z,2026-10-10T09:54:00.000+02:00,A0025023520,A25,114.0,990
2026-10-10T08:01:16Z,2026-10-10T09:54:00.000+02:00,A0022022130,A22,98.0,2800
2026-10-10T08:01:16Z,2026-10-10T09:54:00.000+02:00,A0025010220,A25,73.0,3220
2026-10-10T08:01:16Z,2026-10-10T09:54:00.000+02:00,A0022022120,A22,93.0,3040
2026-10-10T08:01:16Z,2026-10-10T09:54:00.000+02:00,A0001010520,A1,99.0,3100
2026-10-10T08:01:16Z,2026-10-10T09:54:00.000+02:00,A0022011000,A22,78.0,2620
2026-10-10T08:01:16Z,2026-10-10T09:54:00.000+02:00,A0001020510,A1,103.0,2920
2026-10-10T08:01:16Z,2026-10-10T09:54:00.000+02:00,A0001021602,A1,84.0,4460
2026-10-10T08:01:16Z,2026-10-10T09:54:00.000+02:00,A22TC020222,A22 (contournement),82.0,2340
2026-10-10T08:01:16Z,2026-10-10T09:54:00.000+02:00,A0001010940,A1,96.0,3780
2026-10-10T08:01:16Z,2026-10-10T09:54:00.000+02:00,A0025023320,A25,114.0,1560
2026-10-10T08:01:16Z,2026-10-10T09:54:00.000+02:00,A0001020520,A1,97.0,3080
2026-10-10T08:01:16Z,2026-10-10T09:54:00.000+02:00,A0025023100,A25,115.0,1280
2026-10-10T08:01:16Z,2026-10-10T09:54:00.000+02:00,A22TC020230,A22 (contournement),82.0,2340
2026-10-10T08:01:16Z,2026-10-10T09:54:00.000+02:00,A0025021730,A25,87.0,3050
2026-10-10T08:01:16Z,2026-10-10T09:54:00.000+02:00,A0025023910,A25,119.0,930
2026-10-10T08:01:16Z,2026-10-10T09:54:00.000+02:00,A0025021735,A25,98.0,3060
2026-10-10T08:01:16Z,2026-10-10T09:54:00.000+02:00,A0023010400,A23,108.0,1000
2026-10-10T08:01:16Z,2026-10-10T09:54:00.000+02:00,A0022021900,A22,79.0,2420
2026-10-10T08:01:16Z,2026-10-10T09:54:00.000+02:00,A9022100500,A22 (rocade),74.0,1380
2026-10-10T08:01:16Z,2026-10-10T09:54:00.000+02:00,A0001020940,A1,90.0,3270
2026-10-10T08:01:16Z,2026-10-10T09:54:00.000+02:00,A0001020700,A1,92.0,2570
2026-10-10T08:01:16Z,2026-10-10T09:54:00.000+02:00,A9022020830,A22 (rocade),84.0,220
2026-10-10T08:01:16Z,2026-10-10T09:54:00.000+02:00,A9022020822,A22 (rocade),89.0,1220
2026-10-10T08:01:16Z,2026-10-10T09:54:00.000+02:00,A9022020821,A22 (rocade),89.0,1220
2026-10-10T08:01:16Z,2026-10-10T09:54:00.000+02:00,A0025020420,A25,70.0,3620
2026-10-10T08:01:16Z,2026-10-10T09:54:00.000+02:00,A0025021510,A25,95.0,1400
2026-10-10T08:01:16Z,2026-10-10T09:54:00.000+02:00,N0227010100,N227,65.0,1200
2026-10-10T08:01:16Z,2026-10-10T09:54:00.000+02:00,A0025011720,A25,101.0,2130
2026-10-10T08:01:16Z,2026-10-10T09:54:00.000+02:00,A0025021760,A25,83.0,3040
2026-10-10T08:01:16Z,2026-10-10T09:54:00.000+02:00,A0025011730,A25,89.0,2160
2026-10-10T08:01:16Z,2026-10-10T09:54:00.000+02:00,A0025011735,A25,103.0,2170
2026-10-10T08:01:16Z,2026-10-10T09:54:00.000+02:00,A9025080700,A25 (bretelle),,750
2026-10-10T08:01:16Z,2026-10-10T09:54:00.000+02:00,A9022100930,A22 (rocade),73.0,120
2026-10-10T08:01:16Z,2026-10-10T09:54:00.000+02:00,N0356011220,N356,71.0,2600
2026-10-10T08:01:16Z,2026-10-10T09:54:00.000+02:00,A0025011740,A25,87.0,2230
2026-10-10T08:01:16Z,2026-10-10T09:54:00.000+02:00,A0025010410,A25,70.0,2550
2026-10-10T08:01:16Z,2026-10-10T09:54:00.000+02:00,A0023010200,A23,99.0,1120
2026-10-10T08:01:16Z,2026-10-10T09:54:00.000+02:00,A9001210120,A1 (bretelle),74.0,800
2026-10-10T08:01:16Z,2026-10-10T09:54:00.000+02:00,A0025020210,A25,73.0,4150
2026-10-10T08:01:16Z,2026-10-10T09:54:00.000+02:00,N0356011210,N356,71.0,2600
2026-10-10T08:01:16Z,2026-10-10T09:54:00.000+02:00,A0025011510,A25,89.0,1420
2026-10-10T08:01:16Z,2026-10-10T09:54:00.000+02:00,A0025020220,A25,73.0,4150
2026-10-10T08:01:16Z,2026-10-10T09:54:00.000+02:00,N0227010302,N227,74.0,2380
2026-10-10T08:01:16Z,2026-10-10T09:54:00.000+02:00,N0041010500,N41,104.0,1770
2026-10-10T08:01:16Z,2026-10-10T09:54:00.000+02:00,N0227020101,N227,80.0,1960
2026-10-10T08:01:16Z,2026-10-10T09:54:00.000+02:00,A9022100110,A22 (rocade),66.0,1000
2026-10-10T08:01:16Z,2026-10-10T09:54:00.000+02:00,A0022010400,A22,72.0,2780
2026-10-10T08:01:16Z,2026-10-10T09:54:00.000+02:00,N0356010302,N356,71.0,5100
2026-10-10T08:01:16Z,2026-10-10T09:54:00.000+02:00,A0025010800,A25,73.0,2230
2026-10-10T08:01:16Z,2026-10-10T09:54:00.000+02:00,A0027020621,A27,99.0,1140
2026-10-10T08:01:16Z,2026-10-10T09:54:00.000+02:00,N0041010700,N41,105.0,800
2026-10-10T08:01:16Z,2026-10-10T09:54:00.000+02:00,A0027020630,A27,102.0,1180
2026-10-10T08:01:16Z,2026-10-10T09:54:00.000+02:00,A0022021512,A22,81.0,1940
2026-10-10T08:01:16Z,2026-10-10T09:54:00.000+02:00,A0022021511,A22,82.0,1950
2026-10-10T08:01:16Z,2026-10-10T09:54:00.000+02:00,A0027020610,A27,99.0,1140
2026-10-10T08:01:16Z,2026-10-10T09:54:00.000+02:00,A0025021720,A25,100.0,2790
2026-10-10T08:01:16Z,2026-10-10T09:54:00.000+02:00,A0022021520,A22,81.0,1940
2026-10-10T08:01:16Z,2026-10-10T09:54:00.000+02:00,A0025022140,A25,107.0,2580
2026-10-10T08:01:16Z,2026-10-10T09:54:00.000+02:00,A0022011302,A22,73.0,1730
2026-10-10T08:01:16Z,2026-10-10T09:54:00.000+02:00,A0025022160,A25,101.0,2560
2026-10-10T08:01:16Z,2026-10-10T09:54:00.000+02:00,A0027010201,A27,90.0,1350
2026-10-10T08:01:16Z,2026-10-10T09:54:00.000+02:00,A0027010202,A27,77.0,630
2026-10-10T08:01:16Z,2026-10-10T09:54:00.000+02:00,N9227110110,N227 (bretelle),74.0,1470
2026-10-10T08:01:16Z,2026-10-10T09:54:00.000+02:00,A0025012130,A25,109.0,1020
2026-10-10T08:01:16Z,2026-10-10T09:54:00.000+02:00,A0027010210,A27,77.0,630
2026-10-10T08:01:16Z,2026-10-10T09:54:00.000+02:00,A0025011050,A25,94.0,1410
2026-10-10T08:01:16Z,2026-10-10T09:54:00.000+02:00,A0025012140,A25,109.0,660
2026-10-10T08:01:16Z,2026-10-10T09:54:00.000+02:00,A0027010421,A27,97.0,970
2026-10-10T08:01:16Z,2026-10-10T09:54:00.000+02:00,A0022012420,A22,93.0,2210
2026-10-10T08:01:16Z,2026-10-10T09:54:00.000+02:00,A0027010430,A27,100.0,940
2026-10-10T08:01:16Z,2026-10-10T09:54:00.000+02:00,A0023020710,A23,109.0,1330
2026-10-10T08:01:16Z,2026-10-10T09:54:00.000+02:00,A0022012430,A22,92.0,2210
2026-10-10T08:01:16Z,2026-10-10T09:54:00.000+02:00,A0025012160,A25,127.0,1690
2026-10-10T08:01:16Z,2026-10-10T09:54:00.000+02:00,A9022021200,A22 (rocade),62.0,190
2026-10-10T08:01:16Z,2026-10-10T09:54:00.000+02:00,A0001021100,A1,89.0,2730
2026-10-10T08:01:16Z,2026-10-10T09:54:00.000+02:00,A9022101000,A22 (rocade),66.0,890
2026-10-10T08:01:16Z,2026-10-10T09:54:00.000+02:00,A0025013020,A25,109.0,1930
2026-10-10T08:01:16Z,2026-10-10T09:54:00.000+02:00,A0027010410,A27,97.0,970
2026-10-10T08:01:16Z,2026-10-10T09:54:00.000+02:00,A0022012410,A22,92.0,2200
2026-10-10T08:01:16Z,2026-10-10T09:54:00.000+02:00,A0001A20112,A1,91.0,1780
2026-10-10T08:01:16Z,2026-10-10T09:54:00.000+02:00,A0001A20111,A1,86.0,1040
2026-10-10T08:01:16Z,2026-10-10T09:54:00.000+02:00,A0001021521,A1,85.0,2390
2026-10-10T08:01:16Z,2026-10-10T09:54:00.000+02:00,A0025022540,A25,115.0,1600
2026-10-10T08:01:16Z,2026-10-10T09:54:00.000+02:00,A0025022300,A25,111.0,1480
2026-10-10T08:01:16Z,2026-10-10T09:54:00.000+02:00,N0356021000,N356,73.0,2950
2026-10-10T08:01:16Z,2026-10-10T09:54:00.000+02:00,A22TC010102,A22 (contournement),85.0,1330
2026-10-10T08:01:16Z,2026-10-10T09:54:00.000+02:00,A0001011503,A1,85.0,4920
2026-10-10T08:01:16Z,2026-10-10T09:54:00.000+02:00,A0022012200,A22,80.0,1940
2026-10-10T08:01:16Z,2026-10-10T09:54:00.000+02:00,A0001A20120,A1,88.0,1910
2026-10-10T08:01:16Z,2026-10-10T09:54:00.000+02:00,A22TC020102,A22 (contournement),86.0,1850
2026-10-10T08:01:16Z,2026-10-10T09:54:00.000+02:00,A22TC010300,A22 (contournement),81.0,1740
2026-10-10T08:01:16Z,2026-10-10T09:54:00.000+02:00,A0022012010,A22,78.0,1400
2026-10-10T08:01:16Z,2026-10-10T09:54:00.000+02:00,A0022012020,A22,78.0,1400
2026-10-10T08:01:16Z,2026-10-10T09:54:00.000+02:00,A0025022130,A25,123.0,2530
2026-10-10T08:01:16Z,2026-10-10T09:54:00.000+02:00,A0023010520,A23,113.0,990
2026-10-10T08:01:16Z,2026-10-10T09:54:00.000+02:00,N0041020800,N41,96.0,1380
2026-10-10T08:01:16Z,2026-10-10T09:54:00.000+02:00,A0025010500,A25,71.0,1910
2026-10-10T08:01:16Z,2026-10-10T09:54:00.000+02:00,A0022020901,A22,72.0,2540
2026-10-10T08:01:16Z,2026-10-10T09:54:00.000+02:00,A0022020902,A22,72.0,1790
2026-10-10T08:01:16Z,2026-10-10T09:54:00.000+02:00,A0022021810,A22,80.0,2040
2026-10-10T08:01:16Z,2026-10-10T09:54:00.000+02:00,N0356011100,N356,72.0,2410
2026-10-10T08:01:16Z,2026-10-10T09:54:00.000+02:00,A0022021820,A22,80.0,2040
2026-10-10T08:01:16Z,2026-10-10T09:54:00.000+02:00,N0356020802,N356,69.0,3120
2026-10-10T08:01:16Z,2026-10-10T09:54:00.000+02:00,A9022020900,A22 (rocade),84.0,540
2026-10-10T08:01:16Z,2026-10-10T09:54:00.000+02:00,A0025020102,A25,67.0,2350
2026-10-10T08:01:16Z,2026-10-10T09:54:00.000+02:00,A0023010100,A23,102.0,50
2026-10-10T08:01:16Z,2026-10-10T09:54:00.000+02:00,A0025022530,A25,114.0,1610
2026-10-10T08:01:16Z,2026-10-10T09:54:00.000+02:00,A9001210200,A1 (bretelle),65.0,1190
2026-10-10T08:01:16Z,2026-10-10T09:54:00.000+02:00,A0022010700,A22,78.0,2250
2026-10-10T08:01:16Z,2026-10-10T09:54:00.000+02:00,N0041020400,N41,90.0,1600
2026-10-10T08:01:16Z,2026-10-10T09:54:00.000+02:00,A0023020720,A23,116.0,1400
2026-10-10T08:01:16Z,2026-10-10T09:54:00.000+02:00,A0022020500,A22,72.0,1260
2026-10-10T08:01:16Z,2026-10-10T09:54:00.000+02:00,N93563b0150,N356 (bretelle),74.0,70
2026-10-10T08:01:16Z,2026-10-10T09:54:00.000+02:00,A0025020950,A25,90.0,2720
2026-10-10T08:01:16Z,2026-10-10T09:54:00.000+02:00,A0023020300,A23,91.0,1350
2026-10-10T08:01:16Z,2026-10-10T09:54:00.000+02:00,A0001011000,A1,85.0,3150
2026-10-10T08:01:16Z,2026-10-10T09:54:00.000+02:00,A0027020500,A27,79.0,700
2026-10-10T08:01:16Z,2026-10-10T09:54:00.000+02:00,N0356011500,N356,70.0,2810
2026-10-10T08:01:16Z,2026-10-10T09:54:00.000+02:00,A0001010150,A1,105.0,3050
2026-10-10T08:01:16Z,2026-10-10T09:54:00.000+02:00,N0356020400,N356,64.0,1250
2026-10-10T08:01:16Z,2026-10-10T09:54:00.000+02:00,N0041020600,N41,99.0,10
2026-10-10T08:01:16Z,2026-10-10T09:54:00.000+02:00,A0025010700,A25,73.0,1250
2026-10-10T08:01:16Z,2026-10-10T09:54:00.000+02:00,A0002011230,A2,105.0,2550
2026-10-10T08:01:16Z,2026-10-10T09:54:00.000+02:00,A0025020500,A25,71.0,2830
2026-10-10T08:01:16Z,2026-10-10T09:54:00.000+02:00,A0002021290,A2,106.0,2290
2026-10-10T08:01:16Z,2026-10-10T09:54:00.000+02:00,A0022011600,A22,82.0,850
2026-10-10T08:11:13Z,2026-10-10T10:00:00.000+02:00,A0001011200,A1,80.0,3330
2026-10-10T08:11:13Z,2026-10-10T10:00:00.000+02:00,A0027010102,A27,89.0,2360
2026-10-10T08:11:13Z,2026-10-10T10:00:00.000+02:00,N0041010100,N41,82.0,1000
2026-10-10T08:11:13Z,2026-10-10T10:00:00.000+02:00,A0027010101,A27,89.0,2360
2026-10-10T08:11:13Z,2026-10-10T10:00:00.000+02:00,A9022010250,A22 (rocade),83.0,530
2026-10-10T08:11:13Z,2026-10-10T10:00:00.000+02:00,A0001020150,A1,107.0,2940
2026-10-10T08:11:13Z,2026-10-10T10:00:00.000+02:00,N0356011700,N356,74.0,2140
2026-10-10T08:11:13Z,2026-10-10T10:00:00.000+02:00,N9227110200,N227 (bretelle),69.0,20
2026-10-10T08:11:13Z,2026-10-10T10:00:00.000+02:00,N0356021300,N356,67.0,2670
2026-10-10T08:11:13Z,2026-10-10T10:00:00.000+02:00,A0022011400,A22,75.0,500
2026-10-10T08:11:13Z,2026-10-10T10:00:00.000+02:00,A0027010300,A27,91.0,600
2026-10-10T08:11:13Z,2026-10-10T10:00:00.000+02:00,A9022020250,A22 (rocade),71.0,500
2026-10-10T08:11:13Z,2026-10-10T10:00:00.000+02:00,N0041010300,N41,82.0,2480
2026-10-10T08:11:13Z,2026-10-10T10:00:00.000+02:00,A0022011210,A22,78.0,620
2026-10-10T08:11:13Z,2026-10-10T10:00:00.000+02:00,A0027020100,A27,73.0,1080
2026-10-10T08:11:13Z,2026-10-10T10:00:00.000+02:00,A0001010300,A1,109.0,3200
2026-10-10T08:11:13Z,2026-10-10T10:00:00.000+02:00,A0022011220,A22,78.0,620
2026-10-10T08:11:13Z,2026-10-10T10:00:00.000+02:00,N0227021400,N227,53.0,30
2026-10-10T08:11:13Z,2026-10-10T10:00:00.000+02:00,A9022101110,A22 (rocade),79.0,990
2026-10-10T08:11:13Z,2026-10-10T10:00:00.000+02:00,A0022022110,A22,86.0,3110
2026-10-10T08:11:13Z,2026-10-10T10:00:00.000+02:00,A0001011420,A1,83.0,2700
2026-10-10T08:11:13Z,2026-10-10T10:00:00.000+02:00,N0356010800,N356,74.0,2400
2026-10-10T08:11:13Z,2026-10-10T10:00:00.000+02:00,A9001210710,A1 (bretelle),70.0,1670
2026-10-10T08:11:13Z,2026-10-10T10:00:00.000+02:00,N0356021110,N356,74.0,2930
2026-10-10T08:11:13Z,2026-10-10T10:00:00.000+02:00,A0001010510,A1,109.0,2940
2026-10-10T08:11:13Z,2026-10-10T10:00:00.000+02:00,N0356021122,N356,65.0,2870
2026-10-10T08:11:13Z,2026-10-10T10:00:00.000+02:00,N0356021121,N356,74.0,2930
2026-10-10T08:11:13Z,2026-10-10T10:00:00.000+02:00,A0025010210,A25,73.0,3380
2026-10-10T08:11:13Z,2026-10-10T10:00:00.000+02:00,A0025011300,A25,88.0,1110
2026-10-10T08:11:13Z,2026-10-10T10:00:00.000+02:00,A0001020300,A1,108.0,2740
2026-10-10T08:11:13Z,2026-10-10T10:00:00.000+02:00,A0025021100,A25,89.0,2060
2026-10-10T08:11:13Z,2026-10-10T10:00:00.000+02:00,A0025023520,A25,108.0,920
2026-10-10T08:11:13Z,2026-10-10T10:00:00.000+02:00,A0022022130,A22,98.0,2930
2026-10-10T08:11:13Z,2026-10-10T10:00:00.000+02:00,A0025010220,A25,73.0,3380
2026-10-10T08:11:13Z,2026-10-10T10:00:00.000+02:00,A0022022120,A22,92.0,3080
2026-10-10T08:11:13Z,2026-10-10T10:00:00.000+02:00,A0001010520,A1,101.0,3320
2026-10-10T08:11:13Z,2026-10-10T10:00:00.000+02:00,A0022011000,A22,73.0,2270
2026-10-10T08:11:13Z,2026-10-10T10:00:00.000+02:00,A0001020510,A1,105.0,2900
2026-10-10T08:11:13Z,2026-10-10T10:00:00.000+02:00,A0001021602,A1,84.0,4150
2026-10-10T08:11:13Z,2026-10-10T10:00:00.000+02:00,A22TC020222,A22 (contournement),84.0,2020
2026-10-10T08:11:13Z,2026-10-10T10:00:00.000+02:00,A0001010940,A1,98.0,3970
2026-10-10T08:11:13Z,2026-10-10T10:00:00.000+02:00,A0025023320,A25,115.0,1400
2026-10-10T08:11:13Z,2026-10-10T10:00:00.000+02:00,A0001020520,A1,99.0,2830
2026-10-10T08:11:13Z,2026-10-10T10:00:00.000+02:00,A0025023100,A25,113.0,1180
2026-10-10T08:11:13Z,2026-10-10T10:00:00.000+02:00,A22TC020230,A22 (contournement),84.0,2020
2026-10-10T08:11:13Z,2026-10-10T10:00:00.000+02:00,A0025021730,A25,88.0,2750
2026-10-10T08:11:13Z,2026-10-10T10:00:00.000+02:00,A0025023910,A25,111.0,880
2026-10-10T08:11:13Z,2026-10-10T10:00:00.000+02:00,A0025021735,A25,103.0,2680
2026-10-10T08:11:13Z,2026-10-10T10:00:00.000+02:00,A0023010400,A23,110.0,1000
2026-10-10T08:11:13Z,2026-10-10T10:00:00.000+02:00,A0022021900,A22,80.0,2460
2026-10-10T08:11:13Z,2026-10-10T10:00:00.000+02:00,A9022100500,A22 (rocade),78.0,1230
2026-10-10T08:11:13Z,2026-10-10T10:00:00.000+02:00,A0001020940,A1,90.0,3190
2026-10-10T08:11:13Z,2026-10-10T10:00:00.000+02:00,A0001020700,A1,93.0,2330
2026-10-10T08:11:13Z,2026-10-10T10:00:00.000+02:00,A9022020830,A22 (rocade),89.0,190
2026-10-10T08:11:13Z,2026-10-10T10:00:00.000+02:00,A9022020822,A22 (rocade),92.0,1000
2026-10-10T08:11:13Z,2026-10-10T10:00:00.000+02:00,A9022020821,A22 (rocade),92.0,1000
2026-10-10T08:11:13Z,2026-10-10T10:00:00.000+02:00,A0025020420,A25,70.0,3170
2026-10-10T08:11:13Z,2026-10-10T10:00:00.000+02:00,A0025021510,A25,99.0,1590
2026-10-10T08:11:13Z,2026-10-10T10:00:00.000+02:00,N0227010100,N227,64.0,1070
2026-10-10T08:11:13Z,2026-10-10T10:00:00.000+02:00,A0025011720,A25,100.0,2350
2026-10-10T08:11:13Z,2026-10-10T10:00:00.000+02:00,A0025021760,A25,87.0,2790
2026-10-10T08:11:13Z,2026-10-10T10:00:00.000+02:00,A0025011730,A25,89.0,2340
2026-10-10T08:11:13Z,2026-10-10T10:00:00.000+02:00,A0025011735,A25,103.0,2360
2026-10-10T08:11:13Z,2026-10-10T10:00:00.000+02:00,A9025080700,A25 (bretelle),,660
2026-10-10T08:11:13Z,2026-10-10T10:00:00.000+02:00,A9022100930,A22 (rocade),75.0,210
2026-10-10T08:11:13Z,2026-10-10T10:00:00.000+02:00,N0356011220,N356,73.0,2340
2026-10-10T08:11:13Z,2026-10-10T10:00:00.000+02:00,A0025011740,A25,87.0,2310
2026-10-10T08:11:13Z,2026-10-10T10:00:00.000+02:00,A0025010410,A25,69.0,2600
2026-10-10T08:11:13Z,2026-10-10T10:00:00.000+02:00,A0023010200,A23,94.0,1130
2026-10-10T08:11:13Z,2026-10-10T10:00:00.000+02:00,A9001210120,A1 (bretelle),75.0,740
2026-10-10T08:11:13Z,2026-10-10T10:00:00.000+02:00,A0025020210,A25,72.0,4000
2026-10-10T08:11:13Z,2026-10-10T10:00:00.000+02:00,N0356011210,N356,73.0,2340
2026-10-10T08:11:13Z,2026-10-10T10:00:00.000+02:00,A0025011510,A25,90.0,1460
2026-10-10T08:11:13Z,2026-10-10T10:00:00.000+02:00,A0025020220,A25,72.0,4000
2026-10-10T08:11:13Z,2026-10-10T10:00:00.000+02:00,N0227010302,N227,75.0,2060
2026-10-10T08:11:13Z,2026-10-10T10:00:00.000+02:00,N0041010500,N41,90.0,1590
2026-10-10T08:11:13Z,2026-10-10T10:00:00.000+02:00,N0227020101,N227,80.0,2040
2026-10-10T08:11:13Z,2026-10-10T10:00:00.000+02:00,A9022100110,A22 (rocade),66.0,690
2026-10-10T08:11:13Z,2026-10-10T10:00:00.000+02:00,A0022010400,A22,73.0,2410
2026-10-10T08:11:13Z,2026-10-10T10:00:00.000+02:00,N0356010302,N356,75.0,4970
2026-10-10T08:11:13Z,2026-10-10T10:00:00.000+02:00,A0025010800,A25,73.0,1900
2026-10-10T08:11:13Z,2026-10-10T10:00:00.000+02:00,A0027020621,A27,101.0,1130
2026-10-10T08:11:13Z,2026-10-10T10:00:00.000+02:00,N0041010700,N41,98.0,730
2026-10-10T08:11:13Z,2026-10-10T10:00:00.000+02:00,A0027020630,A27,103.0,1110
2026-10-10T08:11:13Z,2026-10-10T10:00:00.000+02:00,A0022021512,A22,79.0,2090
2026-10-10T08:11:13Z,2026-10-10T10:00:00.000+02:00,A0022021511,A22,79.0,2150
2026-10-10T08:11:13Z,2026-10-10T10:00:00.000+02:00,A0027020610,A27,101.0,1130
2026-10-10T08:11:13Z,2026-10-10T10:00:00.000+02:00,A0025021720,A25,100.0,2990
2026-10-10T08:11:13Z,2026-10-10T10:00:00.000+02:00,A0022021520,A22,79.0,2090
2026-10-10T08:11:13Z,2026-10-10T10:00:00.000+02:00,A0025022140,A25,111.0,2090
2026-10-10T08:11:13Z,2026-10-10T10:00:00.000+02:00,A0022011302,A22,73.0,1810
2026-10-10T08:11:13Z,2026-10-10T10:00:00.000+02:00,A0025022160,A25,106.0,2020
2026-10-10T08:11:13Z,2026-10-10T10:00:00.000+02:00,A0027010201,A27,92.0,1090
2026-10-10T08:11:13Z,2026-10-10T10:00:00.000+02:00,A0027010202,A27,84.0,680
2026-10-10T08:11:13Z,2026-10-10T10:00:00.000+02:00,N9227110110,N227 (bretelle),75.0,1200
2026-10-10T08:11:13Z,2026-10-10T10:00:00.000+02:00,A0025012130,A25,104.0,1180
2026-10-10T08:11:13Z,2026-10-10T10:00:00.000+02:00,A0027010210,A27,84.0,680
2026-10-10T08:11:13Z,2026-10-10T10:00:00.000+02:00,A0025011050,A25,88.0,1170
2026-10-10T08:11:13Z,2026-10-10T10:00:00.000+02:00,A0025012140,A25,104.0,1000
2026-10-10T08:11:13Z,2026-10-10T10:00:00.000+02:00,A0027010421,A27,100.0,840
2026-10-10T08:11:13Z,2026-10-10T10:00:00.000+02:00,A0022012420,A22,93.0,2550
2026-10-10T08:11:13Z,2026-10-10T10:00:00.000+02:00,A0027010430,A27,103.0,890
2026-10-10T08:11:13Z,2026-10-10T10:00:00.000+02:00,A0023020710,A23,106.0,1680
2026-10-10T08:11:13Z,2026-10-10T10:00:00.000+02:00,A0022012430,A22,93.0,2510
2026-10-10T08:11:13Z,2026-10-10T10:00:00.000+02:00,A0025012160,A25,121.0,2050
2026-10-10T08:11:13Z,2026-10-10T10:00:00.000+02:00,A9022021200,A22 (rocade),62.0,250
2026-10-10T08:11:13Z,2026-10-10T10:00:00.000+02:00,A0001021100,A1,89.0,2790
2026-10-10T08:11:13Z,2026-10-10T10:00:00.000+02:00,A9022101000,A22 (rocade),65.0,810
2026-10-10T08:11:13Z,2026-10-10T10:00:00.000+02:00,A0025013020,A25,113.0,1680
2026-10-10T08:11:13Z,2026-10-10T10:00:00.000+02:00,A0027010410,A27,100.0,840
2026-10-10T08:11:13Z,2026-10-10T10:00:00.000+02:00,A0022012410,A22,93.0,2570
2026-10-10T08:11:13Z,2026-10-10T10:00:00.000+02:00,A0001A20112,A1,89.0,1890
2026-10-10T08:11:13Z,2026-10-10T10:00:00.000+02:00,A0001A20111,A1,86.0,1000
2026-10-10T08:11:13Z,2026-10-10T10:00:00.000+02:00,A0001021521,A1,84.0,2500
2026-10-10T08:11:13Z,2026-10-10T10:00:00.000+02:00,A0025022540,A25,113.0,1660
2026-10-10T08:11:13Z,2026-10-10T10:00:00.000+02:00,A0025022300,A25,113.0,1330
2026-10-10T08:11:13Z,2026-10-10T10:00:00.000+02:00,N0356021000,N356,74.0,2740
2026-10-10T08:11:13Z,2026-10-10T10:00:00.000+02:00,A22TC010102,A22 (contournement),85.0,1360
2026-10-10T08:11:13Z,2026-10-10T10:00:00.000+02:00,A0001011503,A1,84.0,5430
2026-10-10T08:11:13Z,2026-10-10T10:00:00.000+02:00,A0022012200,A22,81.0,2270
2026-10-10T08:11:13Z,2026-10-10T10:00:00.000+02:00,A0001A20120,A1,86.0,1970
2026-10-10T08:11:13Z,2026-10-10T10:00:00.000+02:00,A22TC020102,A22 (contournement),84.0,1970
2026-10-10T08:11:13Z,2026-10-10T10:00:00.000+02:00,A22TC010300,A22 (contournement),81.0,1690
2026-10-10T08:11:13Z,2026-10-10T10:00:00.000+02:00,A0022012010,A22,82.0,1500
2026-10-10T08:11:13Z,2026-10-10T10:00:00.000+02:00,A0022012020,A22,82.0,1500
2026-10-10T08:11:13Z,2026-10-10T10:00:00.000+02:00,A0025022130,A25,127.0,2110
2026-10-10T08:11:13Z,2026-10-10T10:00:00.000+02:00,A0023010520,A23,116.0,1050
2026-10-10T08:11:13Z,2026-10-10T10:00:00.000+02:00,N0041020800,N41,99.0,1260
2026-10-10T08:11:13Z,2026-10-10T10:00:00.000+02:00,A0025010500,A25,71.0,1910
2026-10-10T08:11:13Z,2026-10-10T10:00:00.000+02:00,A0022020901,A22,79.0,2620
2026-10-10T08:11:13Z,2026-10-10T10:00:00.000+02:00,A0022020902,A22,79.0,2070
2026-10-10T08:11:13Z,2026-10-10T10:00:00.000+02:00,A0022021810,A22,80.0,2050
2026-10-10T08:11:13Z,2026-10-10T10:00:00.000+02:00,N0356011100,N356,73.0,2100
2026-10-10T08:11:13Z,2026-10-10T10:00:00.000+02:00,A0022021820,A22,80.0,2050
2026-10-10T08:11:13Z,2026-10-10T10:00:00.000+02:00,N0356020802,N356,67.0,3040
2026-10-10T08:11:13Z,2026-10-10T10:00:00.000+02:00,A9022020900,A22 (rocade),68.0,520
2026-10-10T08:11:13Z,2026-10-10T10:00:00.000+02:00,A0025020102,A25,66.0,2340
2026-10-10T08:11:13Z,2026-10-10T10:00:00.000+02:00,A0023010100,A23,95.0,40
2026-10-10T08:11:13Z,2026-10-10T10:00:00.000+02:00,A0025022530,A25,114.0,1630
2026-10-10T08:11:13Z,2026-10-10T10:00:00.000+02:00,A9001210200,A1 (bretelle),65.0,1330
2026-10-10T08:11:13Z,2026-10-10T10:00:00.000+02:00,A0022010700,A22,78.0,1950
2026-10-10T08:11:13Z,2026-10-10T10:00:00.000+02:00,N0041020400,N41,91.0,1460
2026-10-10T08:11:13Z,2026-10-10T10:00:00.000+02:00,A0023020720,A23,114.0,1690
2026-10-10T08:11:13Z,2026-10-10T10:00:00.000+02:00,A0022020500,A22,79.0,1340
2026-10-10T08:11:13Z,2026-10-10T10:00:00.000+02:00,N93563b0150,N356 (bretelle),66.0,90
2026-10-10T08:11:13Z,2026-10-10T10:00:00.000+02:00,A0025020950,A25,88.0,2990
2026-10-10T08:11:13Z,2026-10-10T10:00:00.000+02:00,A0023020300,A23,88.0,1500
2026-10-10T08:11:13Z,2026-10-10T10:00:00.000+02:00,A0001011000,A1,85.0,3200
2026-10-10T08:11:13Z,2026-10-10T10:00:00.000+02:00,A0027020500,A27,92.0,660
2026-10-10T08:11:13Z,2026-10-10T10:00:00.000+02:00,N0356011500,N356,69.0,2490
2026-10-10T08:11:13Z,2026-10-10T10:00:00.000+02:00,A0001010150,A1,106.0,3310
2026-10-10T08:11:13Z,2026-10-10T10:00:00.000+02:00,N0356020400,N356,63.0,1310
2026-10-10T08:11:13Z,2026-10-10T10:00:00.000+02:00,A0025010700,A25,71.0,1250
2026-10-10T08:11:13Z,2026-10-10T10:00:00.000+02:00,A0002011230,A2,109.0,2160
2026-10-10T08:11:13Z,2026-10-10T10:00:00.000+02:00,A0025020500,A25,71.0,2390
2026-10-10T08:11:13Z,2026-10-10T10:00:00.000+02:00,A0002021290,A2,107.0,1930
2026-10-10T08:11:13Z,2026-10-10T10:00:00.000+02:00,A0022011600,A22,86.0,790
2026-10-10T08:21:04Z,2026-10-10T10:12:00.000+02:00,A0001011200,A1,80.0,3060
2026-10-10T08:21:04Z,2026-10-10T10:12:00.000+02:00,A0027010102,A27,98.0,2440
2026-10-10T08:21:04Z,2026-10-10T10:12:00.000+02:00,N0041010100,N41,86.0,1000
2026-10-10T08:21:04Z,2026-10-10T10:12:00.000+02:00,A0027010101,A27,98.0,2440
2026-10-10T08:21:04Z,2026-10-10T10:12:00.000+02:00,A9022010250,A22 (rocade),85.0,430
2026-10-10T08:21:04Z,2026-10-10T10:12:00.000+02:00,A0001020150,A1,107.0,2840
2026-10-10T08:21:04Z,2026-10-10T10:12:00.000+02:00,N0356011700,N356,74.0,2210
2026-10-10T08:21:04Z,2026-10-10T10:12:00.000+02:00,N9227110200,N227 (bretelle),70.0,50
2026-10-10T08:21:04Z,2026-10-10T10:12:00.000+02:00,N0356021300,N356,67.0,2720
2026-10-10T08:21:04Z,2026-10-10T10:12:00.000+02:00,A0022011400,A22,76.0,580
2026-10-10T08:21:04Z,2026-10-10T10:12:00.000+02:00,A0027010300,A27,90.0,720
2026-10-10T08:21:04Z,2026-10-10T10:12:00.000+02:00,A9022020250,A22 (rocade),71.0,360
2026-10-10T08:21:04Z,2026-10-10T10:12:00.000+02:00,N0041010300,N41,87.0,2050
2026-10-10T08:21:04Z,2026-10-10T10:12:00.000+02:00,A0022011210,A22,79.0,680
2026-10-10T08:21:04Z,2026-10-10T10:12:00.000+02:00,A0027020100,A27,72.0,1150
2026-10-10T08:21:04Z,2026-10-10T10:12:00.000+02:00,A0001010300,A1,110.0,2490
2026-10-10T08:21:04Z,2026-10-10T10:12:00.000+02:00,A0022011220,A22,79.0,680
2026-10-10T08:21:04Z,2026-10-10T10:12:00.000+02:00,N0227021400,N227,71.0,60
2026-10-10T08:21:04Z,2026-10-10T10:12:00.000+02:00,A9022101110,A22 (rocade),77.0,970
2026-10-10T08:21:04Z,2026-10-10T10:12:00.000+02:00,A0022022110,A22,86.0,2880
2026-10-10T08:21:04Z,2026-10-10T10:12:00.000+02:00,A0001011420,A1,84.0,2580
2026-10-10T08:21:04Z,2026-10-10T10:12:00.000+02:00,N0356010800,N356,73.0,2360
2026-10-10T08:21:04Z,2026-10-10T10:12:00.000+02:00,A9001210710,A1 (bretelle),67.0,2030
2026-10-10T08:21:04Z,2026-10-10T10:12:00.000+02:00,N0356021110,N356,72.0,2820
2026-10-10T08:21:04Z,2026-10-10T10:12:00.000+02:00,A0001010510,A1,110.0,2360
2026-10-10T08:21:04Z,2026-10-10T10:12:00.000+02:00,N0356021122,N356,66.0,2700
2026-10-10T08:21:04Z,2026-10-10T10:12:00.000+02:00,N0356021121,N356,72.0,2820
2026-10-10T08:21:04Z,2026-10-10T10:12:00.000+02:00,A0025010210,A25,72.0,3340
2026-10-10T08:21:04Z,2026-10-10T10:12:00.000+02:00,A0025011300,A25,86.0,1020
2026-10-10T08:21:04Z,2026-10-10T10:12:00.000+02:00,A0001020300,A1,107.0,2730
2026-10-10T08:21:04Z,2026-10-10T10:12:00.000+02:00,A0025021100,A25,88.0,1930
2026-10-10T08:21:04Z,2026-10-10T10:12:00.000+02:00,A0025023520,A25,112.0,1120
2026-10-10T08:21:04Z,2026-10-10T10:12:00.000+02:00,A0022022130,A22,99.0,2720
2026-10-10T08:21:04Z,2026-10-10T10:12:00.000+02:00,A0025010220,A25,72.0,3340
2026-10-10T08:21:04Z,2026-10-10T10:12:00.000+02:00,A0022022120,A22,92.0,2880
2026-10-10T08:21:04Z,2026-10-10T10:12:00.000+02:00,A0001010520,A1,101.0,2530
2026-10-10T08:21:04Z,2026-10-10T10:12:00.000+02:00,A0022011000,A22,82.0,2350
2026-10-10T08:21:04Z,2026-10-10T10:12:00.000+02:00,A0001020510,A1,105.0,2850
2026-10-10T08:21:04Z,2026-10-10T10:12:00.000+02:00,A0001021602,A1,83.0,4740
2026-10-10T08:21:04Z,2026-10-10T10:12:00.000+02:00,A22TC020222,A22 (contournement),86.0,2180
2026-10-10T08:21:04Z,2026-10-10T10:12:00.000+02:00,A0001010940,A1,99.0,3280
2026-10-10T08:21:04Z,2026-10-10T10:12:00.000+02:00,A0025023320,A25,111.0,1510
2026-10-10T08:21:04Z,2026-10-10T10:12:00.000+02:00,A0001020520,A1,100.0,2920
2026-10-10T08:21:04Z,2026-10-10T10:12:00.000+02:00,A0025023100,A25,112.0,1270
2026-10-10T08:21:04Z,2026-10-10T10:12:00.000+02:00,A22TC020230,A22 (contournement),86.0,2180
2026-10-10T08:21:04Z,2026-10-10T10:12:00.000+02:00,A0025021730,A25,85.0,2650
2026-10-10T08:21:04Z,2026-10-10T10:12:00.000+02:00,A0025023910,A25,116.0,1020
2026-10-10T08:21:04Z,2026-10-10T10:12:00.000+02:00,A0025021735,A25,101.0,2530
2026-10-10T08:21:04Z,2026-10-10T10:12:00.000+02:00,A0023010400,A23,106.0,1020
2026-10-10T08:21:04Z,2026-10-10T10:12:00.000+02:00,A0022021900,A22,81.0,2210
2026-10-10T08:21:04Z,2026-10-10T10:12:00.000+02:00,A9022100500,A22 (rocade),77.0,1090
2026-10-10T08:21:04Z,2026-10-10T10:12:00.000+02:00,A0001020940,A1,90.0,3320
2026-10-10T08:21:04Z,2026-10-10T10:12:00.000+02:00,A0001020700,A1,95.0,2360
2026-10-10T08:21:04Z,2026-10-10T10:12:00.000+02:00,A9022020830,A22 (rocade),82.0,310
2026-10-10T08:21:04Z,2026-10-10T10:12:00.000+02:00,A9022020822,A22 (rocade),90.0,1150
2026-10-10T08:21:04Z,2026-10-10T10:12:00.000+02:00,A9022020821,A22 (rocade),90.0,1150
2026-10-10T08:21:04Z,2026-10-10T10:12:00.000+02:00,A0025020420,A25,72.0,3740
2026-10-10T08:21:04Z,2026-10-10T10:12:00.000+02:00,A0025021510,A25,96.0,1260
2026-10-10T08:21:04Z,2026-10-10T10:12:00.000+02:00,N0227010100,N227,65.0,1060
2026-10-10T08:21:04Z,2026-10-10T10:12:00.000+02:00,A0025011720,A25,100.0,2070
2026-10-10T08:21:04Z,2026-10-10T10:12:00.000+02:00,A0025021760,A25,87.0,2660
2026-10-10T08:21:04Z,2026-10-10T10:12:00.000+02:00,A0025011730,A25,88.0,1990
2026-10-10T08:21:04Z,2026-10-10T10:12:00.000+02:00,A0025011735,A25,101.0,2180
2026-10-10T08:21:04Z,2026-10-10T10:12:00.000+02:00,A9025080700,A25 (bretelle),,680
2026-10-10T08:21:04Z,2026-10-10T10:12:00.000+02:00,A9022100930,A22 (rocade),71.0,180
2026-10-10T08:21:04Z,2026-10-10T10:12:00.000+02:00,N0356011220,N356,72.0,2540
2026-10-10T08:21:04Z,2026-10-10T10:12:00.000+02:00,A0025011740,A25,85.0,2210
2026-10-10T08:21:04Z,2026-10-10T10:12:00.000+02:00,A0025010410,A25,69.0,2740
2026-10-10T08:21:04Z,2026-10-10T10:12:00.000+02:00,A0023010200,A23,118.0,1070
2026-10-10T08:21:04Z,2026-10-10T10:12:00.000+02:00,A9001210120,A1 (bretelle),76.0,610
2026-10-10T08:21:04Z,2026-10-10T10:12:00.000+02:00,A0025020210,A25,73.0,4280
2026-10-10T08:21:04Z,2026-10-10T10:12:00.000+02:00,N0356011210,N356,72.0,2540
2026-10-10T08:21:04Z,2026-10-10T10:12:00.000+02:00,A0025011510,A25,87.0,1380
2026-10-10T08:21:04Z,2026-10-10T10:12:00.000+02:00,A0025020220,A25,73.0,4280
2026-10-10T08:21:04Z,2026-10-10T10:12:00.000+02:00,N0227010302,N227,74.0,1930
2026-10-10T08:21:04Z,2026-10-10T10:12:00.000+02:00,N0041010500,N41,93.0,1400
2026-10-10T08:21:04Z,2026-10-10T10:12:00.000+02:00,N0227020101,N227,95.0,500
2026-10-10T08:21:04Z,2026-10-10T10:12:00.000+02:00,A9022100110,A22 (rocade),65.0,850
2026-10-10T08:21:04Z,2026-10-10T10:12:00.000+02:00,A0022010400,A22,72.0,2380
2026-10-10T08:21:04Z,2026-10-10T10:12:00.000+02:00,N0356010302,N356,73.0,4810
2026-10-10T08:21:04Z,2026-10-10T10:12:00.000+02:00,A0025010800,A25,73.0,2310
2026-10-10T08:21:04Z,2026-10-10T10:12:00.000+02:00,A0027020621,A27,102.0,1230
2026-10-10T08:21:04Z,2026-10-10T10:12:00.000+02:00,N0041010700,N41,105.0,660
2026-10-10T08:21:04Z,2026-10-10T10:12:00.000+02:00,A0027020630,A27,104.0,1170
2026-10-10T08:21:04Z,2026-10-10T10:12:00.000+02:00,A0022021512,A22,78.0,2010
2026-10-10T08:21:04Z,2026-10-10T10:12:00.000+02:00,A0022021511,A22,79.0,1950
2026-10-10T08:21:04Z,2026-10-10T10:12:00.000+02:00,A0027020610,A27,102.0,1230
2026-10-10T08:21:04Z,2026-10-10T10:12:00.000+02:00,A0025021720,A25,98.0,2520
2026-10-10T08:21:04Z,2026-10-10T10:12:00.000+02:00,A0022021520,A22,78.0,2010
2026-10-10T08:21:04Z,2026-10-10T10:12:00.000+02:00,A0025022140,A25,107.0,2340
2026-10-10T08:21:04Z,2026-10-10T10:12:00.000+02:00,A0022011302,A22,75.0,1790
2026-10-10T08:21:04Z,2026-10-10T10:12:00.000+02:00,A0025022160,A25,104.0,2430
2026-10-10T08:21:04Z,2026-10-10T10:12:00.000+02:00,A0027010201,A27,91.0,1290
2026-10-10T08:21:04Z,2026-10-10T10:12:00.000+02:00,A0027010202,A27,81.0,670
2026-10-10T08:21:04Z,2026-10-10T10:12:00.000+02:00,N9227110110,N227 (bretelle),72.0,1180
2026-10-10T08:21:04Z,2026-10-10T10:12:00.000+02:00,A0025012130,A25,102.0,1040
2026-10-10T08:21:04Z,2026-10-10T10:12:00.000+02:00,A0027010210,A27,81.0,670
2026-10-10T08:21:04Z,2026-10-10T10:12:00.000+02:00,A0025011050,A25,85.0,1120
2026-10-10T08:21:04Z,2026-10-10T10:12:00.000+02:00,A0025012140,A25,102.0,810
2026-10-10T08:21:04Z,2026-10-10T10:12:00.000+02:00,A0027010421,A27,98.0,980
2026-10-10T08:21:04Z,2026-10-10T10:12:00.000+02:00,A0022012420,A22,89.0,2730
2026-10-10T08:21:04Z,2026-10-10T10:12:00.000+02:00,A0027010430,A27,102.0,1040
2026-10-10T08:21:04Z,2026-10-10T10:12:00.000+02:00,A0023020710,A23,106.0,1270
2026-10-10T08:21:04Z,2026-10-10T10:12:00.000+02:00,A0022012430,A22,88.0,2660
2026-10-10T08:21:04Z,2026-10-10T10:12:00.000+02:00,A0025012160,A25,123.0,1840
2026-10-10T08:21:04Z,2026-10-10T10:12:00.000+02:00,A9022021200,A22 (rocade),66.0,220
2026-10-10T08:21:04Z,2026-10-10T10:12:00.000+02:00,A0001021100,A1,88.0,3140
2026-10-10T08:21:04Z,2026-10-10T10:12:00.000+02:00,A9022101000,A22 (rocade),70.0,870
2026-10-10T08:21:04Z,2026-10-10T10:12:00.000+02:00,A0025013020,A25,112.0,1590
2026-10-10T08:21:04Z,2026-10-10T10:12:00.000+02:00,A0027010410,A27,98.0,980
2026-10-10T08:21:04Z,2026-10-10T10:12:00.000+02:00,A0022012410,A22,89.0,2670
2026-10-10T08:21:04Z,2026-10-10T10:12:00.000+02:00,A0001A20112,A1,88.0,1650
2026-10-10T08:21:04Z,2026-10-10T10:12:00.000+02:00,A0001A20111,A1,87.0,1160
2026-10-10T08:21:04Z,2026-10-10T10:12:00.000+02:00,A0001021521,A1,83.0,2930
2026-10-10T08:21:04Z,2026-10-10T10:12:00.000+02:00,A0025022540,A25,112.0,1630
2026-10-10T08:21:04Z,2026-10-10T10:12:00.000+02:00,A0025022300,A25,110.0,1660
2026-10-10T08:21:04Z,2026-10-10T10:12:00.000+02:00,N0356021000,N356,71.0,2560
2026-10-10T08:21:04Z,2026-10-10T10:12:00.000+02:00,A22TC010102,A22 (contournement),86.0,1320
2026-10-10T08:21:04Z,2026-10-10T10:12:00.000+02:00,A0001011503,A1,85.0,4570
2026-10-10T08:21:04Z,2026-10-10T10:12:00.000+02:00,A0022012200,A22,79.0,2350
2026-10-10T08:21:04Z,2026-10-10T10:12:00.000+02:00,A0001A20120,A1,86.0,1690
2026-10-10T08:21:04Z,2026-10-10T10:12:00.000+02:00,A22TC020102,A22 (contournement),83.0,1710
2026-10-10T08:21:04Z,2026-10-10T10:12:00.000+02:00,A22TC010300,A22 (contournement),80.0,1580
2026-10-10T08:21:04Z,2026-10-10T10:12:00.000+02:00,A0022012010,A22,79.0,1650
2026-10-10T08:21:04Z,2026-10-10T10:12:00.000+02:00,A0022012020,A22,79.0,1650
2026-10-10T08:21:04Z,2026-10-10T10:12:00.000+02:00,A0025022130,A25,123.0,2280
2026-10-10T08:21:04Z,2026-10-10T10:12:00.000+02:00,A0023010520,A23,113.0,1020
2026-10-10T08:21:04Z,2026-10-10T10:12:00.000+02:00,N0041020800,N41,95.0,1180
2026-10-10T08:21:04Z,2026-10-10T10:12:00.000+02:00,A0025010500,A25,70.0,2190
2026-10-10T08:21:04Z,2026-10-10T10:12:00.000+02:00,A0022020901,A22,76.0,2600
2026-10-10T08:21:04Z,2026-10-10T10:12:00.000+02:00,A0022020902,A22,76.0,1950
2026-10-10T08:21:04Z,2026-10-10T10:12:00.000+02:00,A0022021810,A22,80.0,1830
2026-10-10T08:21:04Z,2026-10-10T10:12:00.000+02:00,N0356011100,N356,72.0,2260
2026-10-10T08:21:04Z,2026-10-10T10:12:00.000+02:00,A0022021820,A22,80.0,1830
2026-10-10T08:21:04Z,2026-10-10T10:12:00.000+02:00,N0356020802,N356,68.0,3130
2026-10-10T08:21:04Z,2026-10-10T10:12:00.000+02:00,A9022020900,A22 (rocade),87.0,540
2026-10-10T08:21:04Z,2026-10-10T10:12:00.000+02:00,A0025020102,A25,67.0,2230
2026-10-10T08:21:04Z,2026-10-10T10:12:00.000+02:00,A0025022530,A25,112.0,1760
2026-10-10T08:21:04Z,2026-10-10T10:12:00.000+02:00,A9001210200,A1 (bretelle),65.0,1180
2026-10-10T08:21:04Z,2026-10-10T10:12:00.000+02:00,A0022010700,A22,77.0,1970
2026-10-10T08:21:04Z,2026-10-10T10:12:00.000+02:00,N0041020400,N41,91.0,1430
2026-10-10T08:21:04Z,2026-10-10T10:12:00.000+02:00,A0023020720,A23,114.0,1270
2026-10-10T08:21:04Z,2026-10-10T10:12:00.000+02:00,A0022020500,A22,76.0,1390
2026-10-10T08:21:04Z,2026-10-10T10:12:00.000+02:00,N93563b0150,N356 (bretelle),70.0,40
2026-10-10T08:21:04Z,2026-10-10T10:12:00.000+02:00,A0025020950,A25,91.0,2910
2026-10-10T08:21:04Z,2026-10-10T10:12:00.000+02:00,A0023020300,A23,88.0,1100
2026-10-10T08:21:04Z,2026-10-10T10:12:00.000+02:00,A0001011000,A1,86.0,2830
2026-10-10T08:21:04Z,2026-10-10T10:12:00.000+02:00,A0027020500,A27,88.0,850
2026-10-10T08:21:04Z,2026-10-10T10:12:00.000+02:00,N0356011500,N356,68.0,2620
2026-10-10T08:21:04Z,2026-10-10T10:12:00.000+02:00,A0001010150,A1,107.0,2750
2026-10-10T08:21:04Z,2026-10-10T10:12:00.000+02:00,N0356020400,N356,59.0,1470
2026-10-10T08:21:04Z,2026-10-10T10:12:00.000+02:00,A0025010700,A25,69.0,1390
2026-10-10T08:21:04Z,2026-10-10T10:12:00.000+02:00,A0002011230,A2,108.0,2100
2026-10-10T08:21:04Z,2026-10-10T10:12:00.000+02:00,A0025020500,A25,72.0,2700
2026-10-10T08:21:04Z,2026-10-10T10:12:00.000+02:00,A0002021290,A2,104.0,2120
2026-10-10T08:21:04Z,2026-10-10T10:12:00.000+02:00,A0022011600,A22,81.0,920
2026-10-10T08:31:14Z,2026-10-10T10:24:00.000+02:00,A0001011200,A1,81.0,3430
2026-10-10T08:31:14Z,2026-10-10T10:24:00.000+02:00,A0027010102,A27,86.0,2530
2026-10-10T08:31:14Z,2026-10-10T10:24:00.000+02:00,N0041010100,N41,86.0,1130
2026-10-10T08:31:14Z,2026-10-10T10:24:00.000+02:00,A0027010101,A27,86.0,2530
2026-10-10T08:31:14Z,2026-10-10T10:24:00.000+02:00,A9022010250,A22 (rocade),85.0,590
2026-10-10T08:31:14Z,2026-10-10T10:24:00.000+02:00,A0001020150,A1,110.0,3020
2026-10-10T08:31:14Z,2026-10-10T10:24:00.000+02:00,N0356011700,N356,72.0,2170
2026-10-10T08:31:14Z,2026-10-10T10:24:00.000+02:00,N9227110200,N227 (bretelle),68.0,40
2026-10-10T08:31:14Z,2026-10-10T10:24:00.000+02:00,N0356021300,N356,66.0,3350
2026-10-10T08:31:14Z,2026-10-10T10:24:00.000+02:00,A0022011400,A22,76.0,620
2026-10-10T08:31:14Z,2026-10-10T10:24:00.000+02:00,A0027010300,A27,94.0,690
2026-10-10T08:31:14Z,2026-10-10T10:24:00.000+02:00,A9022020250,A22 (rocade),55.0,640
2026-10-10T08:31:14Z,2026-10-10T10:24:00.000+02:00,N0041010300,N41,86.0,2510
2026-10-10T08:31:14Z,2026-10-10T10:24:00.000+02:00,A0022011210,A22,67.0,610
2026-10-10T08:31:14Z,2026-10-10T10:24:00.000+02:00,A0027020100,A27,72.0,1200
2026-10-10T08:31:14Z,2026-10-10T10:24:00.000+02:00,A0001010300,A1,101.0,2950
2026-10-10T08:31:14Z,2026-10-10T10:24:00.000+02:00,A0022011220,A22,67.0,610
2026-10-10T08:31:14Z,2026-10-10T10:24:00.000+02:00,N0227021400,N227,61.0,160
2026-10-10T08:31:14Z,2026-10-10T10:24:00.000+02:00,A9022101110,A22 (rocade),77.0,820
2026-10-10T08:31:14Z,2026-10-10T10:24:00.000+02:00,A0022022110,A22,80.0,3250
2026-10-10T08:31:14Z,2026-10-10T10:24:00.000+02:00,A0001011420,A1,78.0,3270
2026-10-10T08:31:14Z,2026-10-10T10:24:00.000+02:00,N0356010800,N356,72.0,2420
2026-10-10T08:31:14Z,2026-10-10T10:24:00.000+02:00,A9001210710,A1 (bretelle),68.0,2230
2026-10-10T08:31:14Z,2026-10-10T10:24:00.000+02:00,N0356021110,N356,71.0,3560
2026-10-10T08:31:14Z,2026-10-10T10:24:00.000+02:00,A0001010510,A1,101.0,2760
2026-10-10T08:31:14Z,2026-10-10T10:24:00.000+02:00,N0356021122,N356,64.0,3430
2026-10-10T08:31:14Z,2026-10-10T10:24:00.000+02:00,N0356021121,N356,71.0,3560
2026-10-10T08:31:14Z,2026-10-10T10:24:00.000+02:00,A0025010210,A25,72.0,4230
2026-10-10T08:31:14Z,2026-10-10T10:24:00.000+02:00,A0025011300,A25,88.0,1240
2026-10-10T08:31:14Z,2026-10-10T10:24:00.000+02:00,A0001020300,A1,109.0,3010
2026-10-10T08:31:14Z,2026-10-10T10:24:00.000+02:00,A0025021100,A25,87.0,2100
2026-10-10T08:31:14Z,2026-10-10T10:24:00.000+02:00,A0025023520,A25,112.0,920
2026-10-10T08:31:14Z,2026-10-10T10:24:00.000+02:00,A0022022130,A22,97.0,2940
2026-10-10T08:31:14Z,2026-10-10T10:24:00.000+02:00,A0025010220,A25,72.0,4230
2026-10-10T08:31:14Z,2026-10-10T10:24:00.000+02:00,A0022022120,A22,91.0,3090
2026-10-10T08:31:14Z,2026-10-10T10:24:00.000+02:00,A0001010520,A1,100.0,3060
2026-10-10T08:31:14Z,2026-10-10T10:24:00.000+02:00,A0022011000,A22,80.0,1490
2026-10-10T08:31:14Z,2026-10-10T10:24:00.000+02:00,A0001020510,A1,105.0,3070
2026-10-10T08:31:14Z,2026-10-10T10:24:00.000+02:00,A0001021602,A1,80.0,5160
2026-10-10T08:31:14Z,2026-10-10T10:24:00.000+02:00,A22TC020222,A22 (contournement),83.0,2160
2026-10-10T08:31:14Z,2026-10-10T10:24:00.000+02:00,A0001010940,A1,98.0,3660
2026-10-10T08:31:14Z,2026-10-10T10:24:00.000+02:00,A0025023320,A25,112.0,1560
2026-10-10T08:31:14Z,2026-10-10T10:24:00.000+02:00,A0001020520,A1,98.0,3130
2026-10-10T08:31:14Z,2026-10-10T10:24:00.000+02:00,A0025023100,A25,112.0,1230
2026-10-10T08:31:14Z,2026-10-10T10:24:00.000+02:00,A22TC020230,A22 (contournement),83.0,2160
2026-10-10T08:31:14Z,2026-10-10T10:24:00.000+02:00,A0025021730,A25,87.0,2730
2026-10-10T08:31:14Z,2026-10-10T10:24:00.000+02:00,A0025023910,A25,119.0,870
2026-10-10T08:31:14Z,2026-10-10T10:24:00.000+02:00,A0025021735,A25,100.0,2810
2026-10-10T08:31:14Z,2026-10-10T10:24:00.000+02:00,A0023010400,A23,107.0,1130
2026-10-10T08:31:14Z,2026-10-10T10:24:00.000+02:00,A0022021900,A22,80.0,2330
2026-10-10T08:31:14Z,2026-10-10T10:24:00.000+02:00,A9022100500,A22 (rocade),80.0,1210
2026-10-10T08:31:14Z,2026-10-10T10:24:00.000+02:00,A0001020940,A1,89.0,3580
2026-10-10T08:31:14Z,2026-10-10T10:24:00.000+02:00,A0001020700,A1,92.0,2580
2026-10-10T08:31:14Z,2026-10-10T10:24:00.000+02:00,A9022020830,A22 (rocade),88.0,270
2026-10-10T08:31:14Z,2026-10-10T10:24:00.000+02:00,A9022020822,A22 (rocade),91.0,1330
2026-10-10T08:31:14Z,2026-10-10T10:24:00.000+02:00,A9022020821,A22 (rocade),91.0,1330
2026-10-10T08:31:14Z,2026-10-10T10:24:00.000+02:00,A0025020420,A25,70.0,3770
2026-10-10T08:31:14Z,2026-10-10T10:24:00.000+02:00,A0025021510,A25,95.0,1390
2026-10-10T08:31:14Z,2026-10-10T10:24:00.000+02:00,N0227010100,N227,64.0,1110
2026-10-10T08:31:14Z,2026-10-10T10:24:00.000+02:00,A0025011720,A25,100.0,2560
2026-10-10T08:31:14Z,2026-10-10T10:24:00.000+02:00,A0025021760,A25,85.0,2750
2026-10-10T08:31:14Z,2026-10-10T10:24:00.000+02:00,A0025011730,A25,88.0,2570
2026-10-10T08:31:14Z,2026-10-10T10:24:00.000+02:00,A0025011735,A25,101.0,2550
2026-10-10T08:31:14Z,2026-10-10T10:24:00.000+02:00,A9025080700,A25 (bretelle),,650
2026-10-10T08:31:14Z,2026-10-10T10:24:00.000+02:00,A9022100930,A22 (rocade),71.0,200
2026-10-10T08:31:14Z,2026-10-10T10:24:00.000+02:00,N0356011220,N356,71.0,2290
2026-10-10T08:31:14Z,2026-10-10T10:24:00.000+02:00,A0025011740,A25,87.0,2660
2026-10-10T08:31:14Z,2026-10-10T10:24:00.000+02:00,A0025010410,A25,69.0,2870
2026-10-10T08:31:14Z,2026-10-10T10:24:00.000+02:00,A0023010200,A23,89.0,1280
2026-10-10T08:31:14Z,2026-10-10T10:24:00.000+02:00,A9001210120,A1 (bretelle),76.0,510
2026-10-10T08:31:14Z,2026-10-10T10:24:00.000+02:00,A0025020210,A25,71.0,4260
2026-10-10T08:31:14Z,2026-10-10T10:24:00.000+02:00,N0356011210,N356,71.0,2290
2026-10-10T08:31:14Z,2026-10-10T10:24:00.000+02:00,A0025011510,A25,89.0,1520
2026-10-10T08:31:14Z,2026-10-10T10:24:00.000+02:00,A0025020220,A25,71.0,4260
2026-10-10T08:31:14Z,2026-10-10T10:24:00.000+02:00,N0227010302,N227,73.0,2220
2026-10-10T08:31:14Z,2026-10-10T10:24:00.000+02:00,N0041010500,N41,103.0,1550
2026-10-10T08:31:14Z,2026-10-10T10:24:00.000+02:00,N0227020101,N227,80.0,1760
2026-10-10T08:31:14Z,2026-10-10T10:24:00.000+02:00,A9022100110,A22 (rocade),65.0,810
2026-10-10T08:31:14Z,2026-10-10T10:24:00.000+02:00,A0022010400,A22,74.0,2500
2026-10-10T08:31:14Z,2026-10-10T10:24:00.000+02:00,N0356010302,N356,71.0,4880
2026-10-10T08:31:14Z,2026-10-10T10:24:00.000+02:00,A0025010800,A25,73.0,2360
2026-10-10T08:31:14Z,2026-10-10T10:24:00.000+02:00,A0027020621,A27,102.0,1120
2026-10-10T08:31:14Z,2026-10-10T10:24:00.000+02:00,N0041010700,N41,107.0,650
2026-10-10T08:31:14Z,2026-10-10T10:24:00.000+02:00,A0027020630,A27,104.0,1150
2026-10-10T08:31:14Z,2026-10-10T10:24:00.000+02:00,A0022021512,A22,78.0,2200
2026-10-10T08:31:14Z,2026-10-10T10:24:00.000+02:00,A0022021511,A22,79.0,2210
2026-10-10T08:31:14Z,2026-10-10T10:24:00.000+02:00,A0027020610,A27,102.0,1120
2026-10-10T08:31:14Z,2026-10-10T10:24:00.000+02:00,A0025021720,A25,98.0,2730
2026-10-10T08:31:14Z,2026-10-10T10:24:00.000+02:00,A0022021520,A22,78.0,2200
2026-10-10T08:31:14Z,2026-10-10T10:24:00.000+02:00,A0025022140,A25,109.0,2330
2026-10-10T08:31:14Z,2026-10-10T10:24:00.000+02:00,A0022011302,A22,75.0,1770
2026-10-10T08:31:14Z,2026-10-10T10:24:00.000+02:00,A0025022160,A25,105.0,2420
2026-10-10T08:31:14Z,2026-10-10T10:24:00.000+02:00,A0027010201,A27,92.0,1410
2026-10-10T08:31:14Z,2026-10-10T10:24:00.000+02:00,A0027010202,A27,70.0,510
2026-10-10T08:31:14Z,2026-10-10T10:24:00.000+02:00,N9227110110,N227 (bretelle),74.0,1360
2026-10-10T08:31:14Z,2026-10-10T10:24:00.000+02:00,A0025012130,A25,104.0,1210
2026-10-10T08:31:14Z,2026-10-10T10:24:00.000+02:00,A0027010210,A27,70.0,510
2026-10-10T08:31:14Z,2026-10-10T10:24:00.000+02:00,A0025011050,A25,88.0,1440
2026-10-10T08:31:14Z,2026-10-10T10:24:00.000+02:00,A0025012140,A25,104.0,1080
2026-10-10T08:31:14Z,2026-10-10T10:24:00.000+02:00,A0027010421,A27,100.0,1000
2026-10-10T08:31:14Z,2026-10-10T10:24:00.000+02:00,A0022012420,A22,91.0,2630
2026-10-10T08:31:14Z,2026-10-10T10:24:00.000+02:00,A0027010430,A27,105.0,990
2026-10-10T08:31:14Z,2026-10-10T10:24:00.000+02:00,A0023020710,A23,106.0,1370
2026-10-10T08:31:14Z,2026-10-10T10:24:00.000+02:00,A0022012430,A22,90.0,2630
2026-10-10T08:31:14Z,2026-10-10T10:24:00.000+02:00,A0025012160,A25,121.0,2390
2026-10-10T08:31:14Z,2026-10-10T10:24:00.000+02:00,A9022021200,A22 (rocade),60.0,290
2026-10-10T08:31:14Z,2026-10-10T10:24:00.000+02:00,A0001021100,A1,89.0,3120
2026-10-10T08:31:14Z,2026-10-10T10:24:00.000+02:00,A9022101000,A22 (rocade),61.0,1010
2026-10-10T08:31:14Z,2026-10-10T10:24:00.000+02:00,A0025013020,A25,111.0,1900
2026-10-10T08:31:14Z,2026-10-10T10:24:00.000+02:00,A0027010410,A27,100.0,1000
2026-10-10T08:31:14Z,2026-10-10T10:24:00.000+02:00,A0022012410,A22,91.0,2720
2026-10-10T08:31:14Z,2026-10-10T10:24:00.000+02:00,A0001A20112,A1,89.0,1790
2026-10-10T08:31:14Z,2026-10-10T10:24:00.000+02:00,A0001A20111,A1,86.0,1130
2026-10-10T08:31:14Z,2026-10-10T10:24:00.000+02:00,A0001021521,A1,82.0,3100
2026-10-10T08:31:14Z,2026-10-10T10:24:00.000+02:00,A0025022540,A25,112.0,1640
2026-10-10T08:31:14Z,2026-10-10T10:24:00.000+02:00,A0025022300,A25,112.0,1600
2026-10-10T08:31:14Z,2026-10-10T10:24:00.000+02:00,N0356021000,N356,73.0,3300
2026-10-10T08:31:14Z,2026-10-10T10:24:00.000+02:00,A22TC010102,A22 (contournement),82.0,1300
2026-10-10T08:31:14Z,2026-10-10T10:24:00.000+02:00,A0001011503,A1,84.0,5590
2026-10-10T08:31:14Z,2026-10-10T10:24:00.000+02:00,A0022012200,A22,79.0,2320
2026-10-10T08:31:14Z,2026-10-10T10:24:00.000+02:00,A0001A20120,A1,86.0,1980
2026-10-10T08:31:14Z,2026-10-10T10:24:00.000+02:00,A22TC020102,A22 (contournement),85.0,1820
2026-10-10T08:31:14Z,2026-10-10T10:24:00.000+02:00,A22TC010300,A22 (contournement),81.0,1600
2026-10-10T08:31:14Z,2026-10-10T10:24:00.000+02:00,A0022012010,A22,80.0,1480
2026-10-10T08:31:14Z,2026-10-10T10:24:00.000+02:00,A0022012020,A22,80.0,1480
2026-10-10T08:31:14Z,2026-10-10T10:24:00.000+02:00,A0025022130,A25,126.0,2400
2026-10-10T08:31:14Z,2026-10-10T10:24:00.000+02:00,A0023010520,A23,110.0,1140
2026-10-10T08:31:14Z,2026-10-10T10:24:00.000+02:00,N0041020800,N41,97.0,1520
2026-10-10T08:31:14Z,2026-10-10T10:24:00.000+02:00,A0025010500,A25,68.0,2070
2026-10-10T08:31:14Z,2026-10-10T10:24:00.000+02:00,A0022020901,A22,75.0,2770
2026-10-10T08:31:14Z,2026-10-10T10:24:00.000+02:00,A0022020902,A22,75.0,2130
2026-10-10T08:31:14Z,2026-10-10T10:24:00.000+02:00,A0022021810,A22,79.0,2020
2026-10-10T08:31:14Z,2026-10-10T10:24:00.000+02:00,N0356011100,N356,71.0,2140
2026-10-10T08:31:14Z,2026-10-10T10:24:00.000+02:00,A0022021820,A22,79.0,2020
2026-10-10T08:31:14Z,2026-10-10T10:24:00.000+02:00,N0356020802,N356,68.0,3530
2026-10-10T08:31:14Z,2026-10-10T10:24:00.000+02:00,A9022020900,A22 (rocade),77.0,520
2026-10-10T08:31:14Z,2026-10-10T10:24:00.000+02:00,A0025020102,A25,66.0,2020
2026-10-10T08:31:14Z,2026-10-10T10:24:00.000+02:00,A0023010100,A23,87.0,10
2026-10-10T08:31:14Z,2026-10-10T10:24:00.000+02:00,A0025022530,A25,114.0,1570
2026-10-10T08:31:14Z,2026-10-10T10:24:00.000+02:00,A9001210200,A1 (bretelle),66.0,1070
2026-10-10T08:31:14Z,2026-10-10T10:24:00.000+02:00,A0022010700,A22,77.0,1900
2026-10-10T08:31:14Z,2026-10-10T10:24:00.000+02:00,N0041020400,N41,91.0,1810
2026-10-10T08:31:14Z,2026-10-10T10:24:00.000+02:00,A0023020720,A23,113.0,1420
2026-10-10T08:31:14Z,2026-10-10T10:24:00.000+02:00,A0022020500,A22,75.0,1500
2026-10-10T08:31:14Z,2026-10-10T10:24:00.000+02:00,N93563b0150,N356 (bretelle),65.0,30
2026-10-10T08:31:14Z,2026-10-10T10:24:00.000+02:00,A0025020950,A25,91.0,3280
2026-10-10T08:31:14Z,2026-10-10T10:24:00.000+02:00,A0023020300,A23,89.0,1300
2026-10-10T08:31:14Z,2026-10-10T10:24:00.000+02:00,A0001011000,A1,85.0,3080
2026-10-10T08:31:14Z,2026-10-10T10:24:00.000+02:00,A0027020500,A27,91.0,630
2026-10-10T08:31:14Z,2026-10-10T10:24:00.000+02:00,N0356011500,N356,69.0,2370
2026-10-10T08:31:14Z,2026-10-10T10:24:00.000+02:00,A0001010150,A1,104.0,3100
2026-10-10T08:31:14Z,2026-10-10T10:24:00.000+02:00,N0356020400,N356,58.0,1570
2026-10-10T08:31:14Z,2026-10-10T10:24:00.000+02:00,N0041020600,N41,97.0,20
2026-10-10T08:31:14Z,2026-10-10T10:24:00.000+02:00,A0025010700,A25,68.0,1340
2026-10-10T08:31:14Z,2026-10-10T10:24:00.000+02:00,A0002011230,A2,107.0,2260
2026-10-10T08:31:14Z,2026-10-10T10:24:00.000+02:00,A0025020500,A25,71.0,2940
2026-10-10T08:31:14Z,2026-10-10T10:24:00.000+02:00,A0002021290,A2,103.0,2320
2026-10-10T08:31:14Z,2026-10-10T10:24:00.000+02:00,A0022011600,A22,55.0,1210
2026-10-10T08:41:03Z,2026-10-10T10:30:00.000+02:00,A0001011200,A1,81.0,3250
2026-10-10T08:41:03Z,2026-10-10T10:30:00.000+02:00,A0027010102,A27,93.0,2310
2026-10-10T08:41:03Z,2026-10-10T10:30:00.000+02:00,N0041010100,N41,84.0,920
2026-10-10T08:41:03Z,2026-10-10T10:30:00.000+02:00,A0027010101,A27,93.0,2310
2026-10-10T08:41:03Z,2026-10-10T10:30:00.000+02:00,A9022010250,A22 (rocade),84.0,440
2026-10-10T08:41:03Z,2026-10-10T10:30:00.000+02:00,A0001020150,A1,107.0,3140
2026-10-10T08:41:03Z,2026-10-10T10:30:00.000+02:00,N0356011700,N356,72.0,2510
2026-10-10T08:41:03Z,2026-10-10T10:30:00.000+02:00,N9227110200,N227 (bretelle),81.0,20
2026-10-10T08:41:03Z,2026-10-10T10:30:00.000+02:00,N0356021300,N356,64.0,2950
2026-10-10T08:41:03Z,2026-10-10T10:30:00.000+02:00,A0022011400,A22,77.0,660
2026-10-10T08:41:03Z,2026-10-10T10:30:00.000+02:00,A0027010300,A27,90.0,770
2026-10-10T08:41:03Z,2026-10-10T10:30:00.000+02:00,A9022020250,A22 (rocade),20.0,630
2026-10-10T08:41:03Z,2026-10-10T10:30:00.000+02:00,N0041010300,N41,87.0,2180
2026-10-10T08:41:03Z,2026-10-10T10:30:00.000+02:00,A0022011210,A22,74.0,840
2026-10-10T08:41:03Z,2026-10-10T10:30:00.000+02:00,A0027020100,A27,72.0,1040
2026-10-10T08:41:03Z,2026-10-10T10:30:00.000+02:00,A0001010300,A1,107.0,2680
2026-10-10T08:41:03Z,2026-10-10T10:30:00.000+02:00,A0022011220,A22,74.0,840
2026-10-10T08:41:03Z,2026-10-10T10:30:00.000+02:00,N0227021400,N227,59.0,90
2026-10-10T08:41:03Z,2026-10-10T10:30:00.000+02:00,A9022101110,A22 (rocade),79.0,1030
2026-10-10T08:41:03Z,2026-10-10T10:30:00.000+02:00,A0022022110,A22,87.0,3070
2026-10-10T08:41:03Z,2026-10-10T10:30:00.000+02:00,A0001011420,A1,83.0,2810
2026-10-10T08:41:03Z,2026-10-10T10:30:00.000+02:00,N0356010800,N356,72.0,2540
2026-10-10T08:41:03Z,2026-10-10T10:30:00.000+02:00,A9001210710,A1 (bretelle),67.0,2160
2026-10-10T08:41:03Z,2026-10-10T10:30:00.000+02:00,N0356021110,N356,72.0,3290
2026-10-10T08:41:03Z,2026-10-10T10:30:00.000+02:00,A0001010510,A1,107.0,2580
2026-10-10T08:41:03Z,2026-10-10T10:30:00.000+02:00,N0356021122,N356,64.0,3180
2026-10-10T08:41:03Z,2026-10-10T10:30:00.000+02:00,N0356021121,N356,72.0,3290
2026-10-10T08:41:03Z,2026-10-10T10:30:00.000+02:00,A0025010210,A25,72.0,3920
2026-10-10T08:41:03Z,2026-10-10T10:30:00.000+02:00,A0025011300,A25,86.0,1510
2026-10-10T08:41:03Z,2026-10-10T10:30:00.000+02:00,A0001020300,A1,108.0,2850
2026-10-10T08:41:03Z,2026-10-10T10:30:00.000+02:00,A0025021100,A25,87.0,1970
2026-10-10T08:41:03Z,2026-10-10T10:30:00.000+02:00,A0025023520,A25,111.0,1100
2026-10-10T08:41:03Z,2026-10-10T10:30:00.000+02:00,A0025010220,A25,72.0,3920
2026-10-10T08:41:03Z,2026-10-10T10:30:00.000+02:00,A0022022120,A22,91.0,3010
2026-10-10T08:41:03Z,2026-10-10T10:30:00.000+02:00,A0001010520,A1,102.0,2940
2026-10-10T08:41:03Z,2026-10-10T10:30:00.000+02:00,A0022011000,A22,78.0,1900
2026-10-10T08:41:03Z,2026-10-10T10:30:00.000+02:00,A0001020510,A1,105.0,3020
2026-10-10T08:41:03Z,2026-10-10T10:30:00.000+02:00,A0001021602,A1,82.0,4990
2026-10-10T08:41:03Z,2026-10-10T10:30:00.000+02:00,A22TC020222,A22 (contournement),84.0,2200
2026-10-10T08:41:03Z,2026-10-10T10:30:00.000+02:00,A0001010940,A1,99.0,3640
2026-10-10T08:41:03Z,2026-10-10T10:30:00.000+02:00,A0025023320,A25,116.0,1500
2026-10-10T08:41:03Z,2026-10-10T10:30:00.000+02:00,A0001020520,A1,101.0,3250
2026-10-10T08:41:03Z,2026-10-10T10:30:00.000+02:00,A0025023100,A25,112.0,1350
2026-10-10T08:41:03Z,2026-10-10T10:30:00.000+02:00,A22TC020230,A22 (contournement),84.0,2200
2026-10-10T08:41:03Z,2026-10-10T10:30:00.000+02:00,A0025021730,A25,88.0,2710
2026-10-10T08:41:03Z,2026-10-10T10:30:00.000+02:00,A0025023910,A25,115.0,930
2026-10-10T08:41:03Z,2026-10-10T10:30:00.000+02:00,A0025021735,A25,101.0,2640
2026-10-10T08:41:03Z,2026-10-10T10:30:00.000+02:00,A0023010400,A23,108.0,1210
2026-10-10T08:41:03Z,2026-10-10T10:30:00.000+02:00,A0022021900,A22,80.0,2340
2026-10-10T08:41:03Z,2026-10-10T10:30:00.000+02:00,A9022100500,A22 (rocade),76.0,1150
2026-10-10T08:41:03Z,2026-10-10T10:30:00.000+02:00,A0001020940,A1,89.0,3950
2026-10-10T08:41:03Z,2026-10-10T10:30:00.000+02:00,A0001020700,A1,96.0,2620
2026-10-10T08:41:03Z,2026-10-10T10:30:00.000+02:00,A9022020830,A22 (rocade),90.0,160
2026-10-10T08:41:03Z,2026-10-10T10:30:00.000+02:00,A9022020822,A22 (rocade),85.0,1220
2026-10-10T08:41:03Z,2026-10-10T10:30:00.000+02:00,A9022020821,A22 (rocade),85.0,1220
2026-10-10T08:41:03Z,2026-10-10T10:30:00.000+02:00,A0025020420,A25,70.0,3780
2026-10-10T08:41:03Z,2026-10-10T10:30:00.000+02:00,A0025021510,A25,100.0,1310
2026-10-10T08:41:03Z,2026-10-10T10:30:00.000+02:00,N0227010100,N227,66.0,1120
2026-10-10T08:41:03Z,2026-10-10T10:30:00.000+02:00,A0025011720,A25,98.0,2530
2026-10-10T08:41:03Z,2026-10-10T10:30:00.000+02:00,A0025021760,A25,87.0,2640
2026-10-10T08:41:03Z,2026-10-10T10:30:00.000+02:00,A0025011730,A25,88.0,2560
2026-10-10T08:41:03Z,2026-10-10T10:30:00.000+02:00,A0025011735,A25,101.0,2650
2026-10-10T08:41:03Z,2026-10-10T10:30:00.000+02:00,A9025080700,A25 (bretelle),,650
2026-10-10T08:41:03Z,2026-10-10T10:30:00.000+02:00,A9022100930,A22 (rocade),77.0,170
2026-10-10T08:41:03Z,2026-10-10T10:30:00.000+02:00,N0356011220,N356,71.0,2660
2026-10-10T08:41:03Z,2026-10-10T10:30:00.000+02:00,A0025011740,A25,86.0,2600
2026-10-10T08:41:03Z,2026-10-10T10:30:00.000+02:00,A0025010410,A25,68.0,3230
2026-10-10T08:41:03Z,2026-10-10T10:30:00.000+02:00,A0023010200,A23,94.0,1330
2026-10-10T08:41:03Z,2026-10-10T10:30:00.000+02:00,A9001210120,A1 (bretelle),76.0,690
2026-10-10T08:41:03Z,2026-10-10T10:30:00.000+02:00,A0025020210,A25,73.0,4190
2026-10-10T08:41:03Z,2026-10-10T10:30:00.000+02:00,N0356011210,N356,71.0,2660
2026-10-10T08:41:03Z,2026-10-10T10:30:00.000+02:00,A0025011510,A25,87.0,1890
2026-10-10T08:41:03Z,2026-10-10T10:30:00.000+02:00,A0025020220,A25,73.0,4190
2026-10-10T08:41:03Z,2026-10-10T10:30:00.000+02:00,N0227010302,N227,75.0,2190
2026-10-10T08:41:03Z,2026-10-10T10:30:00.000+02:00,N0041010500,N41,70.0,1610
2026-10-10T08:41:03Z,2026-10-10T10:30:00.000+02:00,N0227020101,N227,84.0,2080
2026-10-10T08:41:03Z,2026-10-10T10:30:00.000+02:00,A9022100110,A22 (rocade),66.0,840
2026-10-10T08:41:03Z,2026-10-10T10:30:00.000+02:00,A0022010400,A22,73.0,2750
2026-10-10T08:41:03Z,2026-10-10T10:30:00.000+02:00,N0356010302,N356,72.0,4980
2026-10-10T08:41:03Z,2026-10-10T10:30:00.000+02:00,A0025010800,A25,72.0,2480
2026-10-10T08:41:03Z,2026-10-10T10:30:00.000+02:00,A0027020621,A27,100.0,1180
2026-10-10T08:41:03Z,2026-10-10T10:30:00.000+02:00,N0041010700,N41,97.0,730
2026-10-10T08:41:03Z,2026-10-10T10:30:00.000+02:00,A0027020630,A27,103.0,1240
2026-10-10T08:41:03Z,2026-10-10T10:30:00.000+02:00,A0022021512,A22,78.0,1980
2026-10-10T08:41:03Z,2026-10-10T10:30:00.000+02:00,A0022021511,A22,79.0,1990
2026-10-10T08:41:03Z,2026-10-10T10:30:00.000+02:00,A0027020610,A27,100.0,1180
2026-10-10T08:41:03Z,2026-10-10T10:30:00.000+02:00,A0025021720,A25,98.0,2830
2026-10-10T08:41:03Z,2026-10-10T10:30:00.000+02:00,A0022021520,A22,78.0,1980
2026-10-10T08:41:03Z,2026-10-10T10:30:00.000+02:00,A0025022140,A25,111.0,2260
2026-10-10T08:41:03Z,2026-10-10T10:30:00.000+02:00,A0022011302,A22,74.0,2040
2026-10-10T08:41:03Z,2026-10-10T10:30:00.000+02:00,A0025022160,A25,107.0,2170
2026-10-10T08:41:03Z,2026-10-10T10:30:00.000+02:00,A0027010201,A27,91.0,1430
2026-10-10T08:41:03Z,2026-10-10T10:30:00.000+02:00,A0027010202,A27,83.0,710
2026-10-10T08:41:03Z,2026-10-10T10:30:00.000+02:00,N9227110110,N227 (bretelle),74.0,1380
2026-10-10T08:41:03Z,2026-10-10T10:30:00.000+02:00,A0025012130,A25,113.0,1200
2026-10-10T08:41:03Z,2026-10-10T10:30:00.000+02:00,A0027010210,A27,83.0,710
2026-10-10T08:41:03Z,2026-10-10T10:30:00.000+02:00,A0025011050,A25,83.0,1630
2026-10-10T08:41:03Z,2026-10-10T10:30:00.000+02:00,A0025012140,A25,113.0,1190
2026-10-10T08:41:03Z,2026-10-10T10:30:00.000+02:00,A0027010421,A27,98.0,910
2026-10-10T08:41:03Z,2026-10-10T10:30:00.000+02:00,A0022012420,A22,93.0,2750
2026-10-10T08:41:03Z,2026-10-10T10:30:00.000+02:00,A0027010430,A27,100.0,960
2026-10-10T08:41:03Z,2026-10-10T10:30:00.000+02:00,A0023020710,A23,106.0,1700
2026-10-10T08:41:03Z,2026-10-10T10:30:00.000+02:00,A0025012160,A25,121.0,2310
2026-10-10T08:41:03Z,2026-10-10T10:30:00.000+02:00,A9022021200,A22 (rocade),62.0,340
2026-10-10T08:41:03Z,2026-10-10T10:30:00.000+02:00,A0001021100,A1,89.0,3480
2026-10-10T08:41:03Z,2026-10-10T10:30:00.000+02:00,A9022101000,A22 (rocade),60.0,750
2026-10-10T08:41:03Z,2026-10-10T10:30:00.000+02:00,A0025013020,A25,111.0,2130
2026-10-10T08:41:03Z,2026-10-10T10:30:00.000+02:00,A0027010410,A27,98.0,910
2026-10-10T08:41:03Z,2026-10-10T10:30:00.000+02:00,A0022012410,A22,92.0,2850
2026-10-10T08:41:03Z,2026-10-10T10:30:00.000+02:00,A0001A20112,A1,87.0,1840
2026-10-10T08:41:03Z,2026-10-10T10:30:00.000+02:00,A0001A20111,A1,85.0,1010
2026-10-10T08:41:03Z,2026-10-10T10:30:00.000+02:00,A0001021521,A1,82.0,3000
2026-10-10T08:41:03Z,2026-10-10T10:30:00.000+02:00,A0025022540,A25,110.0,1770
2026-10-10T08:41:03Z,2026-10-10T10:30:00.000+02:00,A0025022300,A25,111.0,1310
2026-10-10T08:41:03Z,2026-10-10T10:30:00.000+02:00,N0356021000,N356,72.0,2990
2026-10-10T08:41:03Z,2026-10-10T10:30:00.000+02:00,A22TC010102,A22 (contournement),85.0,1420
2026-10-10T08:41:03Z,2026-10-10T10:30:00.000+02:00,A0001011503,A1,86.0,4960
2026-10-10T08:41:03Z,2026-10-10T10:30:00.000+02:00,A0022012200,A22,79.0,2540
2026-10-10T08:41:03Z,2026-10-10T10:30:00.000+02:00,A0001A20120,A1,86.0,1940
2026-10-10T08:41:03Z,2026-10-10T10:30:00.000+02:00,A22TC020102,A22 (contournement),85.0,1900
2026-10-10T08:41:03Z,2026-10-10T10:30:00.000+02:00,A22TC010300,A22 (contournement),81.0,1860
2026-10-10T08:41:03Z,2026-10-10T10:30:00.000+02:00,A0022012010,A22,80.0,1790
2026-10-10T08:41:03Z,2026-10-10T10:30:00.000+02:00,A0022012020,A22,80.0,1790
2026-10-10T08:41:03Z,2026-10-10T10:30:00.000+02:00,A0025022130,A25,125.0,2280
2026-10-10T08:41:03Z,2026-10-10T10:30:00.000+02:00,A0023010520,A23,114.0,1120
2026-10-10T08:41:03Z,2026-10-10T10:30:00.000+02:00,N0041020800,N41,96.0,1500
2026-10-10T08:41:03Z,2026-10-10T10:30:00.000+02:00,A0025010500,A25,69.0,2500
2026-10-10T08:41:03Z,2026-10-10T10:30:00.000+02:00,A0022020901,A22,83.0,2540
2026-10-10T08:41:03Z,2026-10-10T10:30:00.000+02:00,A0022020902,A22,83.0,1940
2026-10-10T08:41:03Z,2026-10-10T10:30:00.000+02:00,A0022021810,A22,80.0,1900
2026-10-10T08:41:03Z,2026-10-10T10:30:00.000+02:00,N0356011100,N356,71.0,2370
2026-10-10T08:41:03Z,2026-10-10T10:30:00.000+02:00,A0022021820,A22,80.0,1900
2026-10-10T08:41:03Z,2026-10-10T10:30:00.000+02:00,N0356020802,N356,68.0,3160
2026-10-10T08:41:03Z,2026-10-10T10:30:00.000+02:00,A9022020900,A22 (rocade),85.0,280
2026-10-10T08:41:03Z,2026-10-10T10:30:00.000+02:00,A0025020102,A25,68.0,2220
2026-10-10T08:41:03Z,2026-10-10T10:30:00.000+02:00,A0023010100,A23,99.0,10
2026-10-10T08:41:03Z,2026-10-10T10:30:00.000+02:00,A0025022530,A25,112.0,1770
2026-10-10T08:41:03Z,2026-10-10T10:30:00.000+02:00,A9001210200,A1 (bretelle),66.0,1280
2026-10-10T08:41:03Z,2026-10-10T10:30:00.000+02:00,A0022010700,A22,77.0,2210
2026-10-10T08:41:03Z,2026-10-10T10:30:00.000+02:00,N0041020400,N41,91.0,1700
2026-10-10T08:41:03Z,2026-10-10T10:30:00.000+02:00,A0023020720,A23,112.0,1640
2026-10-10T08:41:03Z,2026-10-10T10:30:00.000+02:00,A0022020500,A22,83.0,1240
2026-10-10T08:41:03Z,2026-10-10T10:30:00.000+02:00,N93563b0150,N356 (bretelle),70.0,80
2026-10-10T08:41:03Z,2026-10-10T10:30:00.000+02:00,A0025020950,A25,90.0,2890
2026-10-10T08:41:03Z,2026-10-10T10:30:00.000+02:00,A0023020300,A23,93.0,1440
2026-10-10T08:41:03Z,2026-10-10T10:30:00.000+02:00,A0001011000,A1,85.0,2990
2026-10-10T08:41:03Z,2026-10-10T10:30:00.000+02:00,A0027020500,A27,88.0,750
2026-10-10T08:41:03Z,2026-10-10T10:30:00.000+02:00,N0356011500,N356,68.0,2810
2026-10-10T08:41:03Z,2026-10-10T10:30:00.000+02:00,A0001010150,A1,107.0,2840
2026-10-10T08:41:03Z,2026-10-10T10:30:00.000+02:00,N0356020400,N356,62.0,1520
2026-10-10T08:41:03Z,2026-10-10T10:30:00.000+02:00,N0041020600,N41,99.0,20
2026-10-10T08:41:03Z,2026-10-10T10:30:00.000+02:00,A0025010700,A25,69.0,1350
2026-10-10T08:41:03Z,2026-10-10T10:30:00.000+02:00,A0002011230,A2,105.0,2330
2026-10-10T08:41:03Z,2026-10-10T10:30:00.000+02:00,A0025020500,A25,71.0,2720
2026-10-10T08:41:03Z,2026-10-10T10:30:00.000+02:00,A0002021290,A2,97.0,2590
2026-10-10T08:41:03Z,2026-10-10T10:30:00.000+02:00,A0022011600,A22,61.0,1770
2026-10-10T08:51:12Z,2026-10-10T10:42:00.000+02:00,A0001011200,A1,80.0,3740
2026-10-10T08:51:12Z,2026-10-10T10:42:00.000+02:00,A0027010102,A27,96.0,2530
2026-10-10T08:51:12Z,2026-10-10T10:42:00.000+02:00,N0041010100,N41,86.0,830
2026-10-10T08:51:12Z,2026-10-10T10:42:00.000+02:00,A0027010101,A27,96.0,2530
2026-10-10T08:51:12Z,2026-10-10T10:42:00.000+02:00,A9022010250,A22 (rocade),84.0,710
2026-10-10T08:51:12Z,2026-10-10T10:42:00.000+02:00,A0001020150,A1,108.0,3350
2026-10-10T08:51:12Z,2026-10-10T10:42:00.000+02:00,N0356011700,N356,72.0,2520
2026-10-10T08:51:12Z,2026-10-10T10:42:00.000+02:00,N9227110200,N227 (bretelle),74.0,50
2026-10-10T08:51:12Z,2026-10-10T10:42:00.000+02:00,N0356021300,N356,66.0,2940
2026-10-10T08:51:12Z,2026-10-10T10:42:00.000+02:00,A0022011400,A22,78.0,640
2026-10-10T08:51:12Z,2026-10-10T10:42:00.000+02:00,A0027010300,A27,89.0,670
2026-10-10T08:51:12Z,2026-10-10T10:42:00.000+02:00,A9022020250,A22 (rocade),65.0,530
2026-10-10T08:51:12Z,2026-10-10T10:42:00.000+02:00,N0041010300,N41,87.0,2240
2026-10-10T08:51:12Z,2026-10-10T10:42:00.000+02:00,A0022011210,A22,78.0,870
2026-10-10T08:51:12Z,2026-10-10T10:42:00.000+02:00,A0027020100,A27,72.0,1090
2026-10-10T08:51:12Z,2026-10-10T10:42:00.000+02:00,A0001010300,A1,107.0,3480
2026-10-10T08:51:12Z,2026-10-10T10:42:00.000+02:00,A0022011220,A22,78.0,870
2026-10-10T08:51:12Z,2026-10-10T10:42:00.000+02:00,N0227021400,N227,60.0,80
2026-10-10T08:51:12Z,2026-10-10T10:42:00.000+02:00,A9022101110,A22 (rocade),80.0,940
2026-10-10T08:51:12Z,2026-10-10T10:42:00.000+02:00,A0022022110,A22,88.0,3050
2026-10-10T08:51:12Z,2026-10-10T10:42:00.000+02:00,A0001011420,A1,84.0,2720
2026-10-10T08:51:12Z,2026-10-10T10:42:00.000+02:00,N0356010800,N356,71.0,2750
2026-10-10T08:51:12Z,2026-10-10T10:42:00.000+02:00,A9001210710,A1 (bretelle),69.0,1710
2026-10-10T08:51:12Z,2026-10-10T10:42:00.000+02:00,N0356021110,N356,71.0,3420
2026-10-10T08:51:12Z,2026-10-10T10:42:00.000+02:00,A0001010510,A1,107.0,3110
2026-10-10T08:51:12Z,2026-10-10T10:42:00.000+02:00,N0356021122,N356,65.0,3300
2026-10-10T08:51:12Z,2026-10-10T10:42:00.000+02:00,N0356021121,N356,71.0,3420
2026-10-10T08:51:12Z,2026-10-10T10:42:00.000+02:00,A0025010210,A25,71.0,3840
2026-10-10T08:51:12Z,2026-10-10T10:42:00.000+02:00,A0025011300,A25,87.0,1240
2026-10-10T08:51:12Z,2026-10-10T10:42:00.000+02:00,A0001020300,A1,107.0,3280
2026-10-10T08:51:12Z,2026-10-10T10:42:00.000+02:00,A0025021100,A25,87.0,1940
2026-10-10T08:51:12Z,2026-10-10T10:42:00.000+02:00,A0025023520,A25,113.0,1000
2026-10-10T08:51:12Z,2026-10-10T10:42:00.000+02:00,A0025010220,A25,71.0,3840
2026-10-10T08:51:12Z,2026-10-10T10:42:00.000+02:00,A0022022120,A22,93.0,3060
2026-10-10T08:51:12Z,2026-10-10T10:42:00.000+02:00,A0001010520,A1,98.0,3590
2026-10-10T08:51:12Z,2026-10-10T10:42:00.000+02:00,A0022011000,A22,77.0,2120
2026-10-10T08:51:12Z,2026-10-10T10:42:00.000+02:00,A0001020510,A1,104.0,3450
2026-10-10T08:51:12Z,2026-10-10T10:42:00.000+02:00,A0001021602,A1,82.0,4800
2026-10-10T08:51:12Z,2026-10-10T10:42:00.000+02:00,A22TC020222,A22 (contournement),87.0,2620
2026-10-10T08:51:12Z,2026-10-10T10:42:00.000+02:00,A0001010940,A1,99.0,3960
2026-10-10T08:51:12Z,2026-10-10T10:42:00.000+02:00,A0025023320,A25,115.0,1670
2026-10-10T08:51:12Z,2026-10-10T10:42:00.000+02:00,A0001020520,A1,98.0,3640
2026-10-10T08:51:12Z,2026-10-10T10:42:00.000+02:00,A0025023100,A25,112.0,1460
2026-10-10T08:51:12Z,2026-10-10T10:42:00.000+02:00,A22TC020230,A22 (contournement),87.0,2620
2026-10-10T08:51:12Z,2026-10-10T10:42:00.000+02:00,A0025021730,A25,91.0,2240
2026-10-10T08:51:12Z,2026-10-10T10:42:00.000+02:00,A0025023910,A25,116.0,760
2026-10-10T08:51:12Z,2026-10-10T10:42:00.000+02:00,A0025021735,A25,104.0,2230
2026-10-10T08:51:12Z,2026-10-10T10:42:00.000+02:00,A0023010400,A23,107.0,1150
2026-10-10T08:51:12Z,2026-10-10T10:42:00.000+02:00,A0022021900,A22,80.0,2280
2026-10-10T08:51:12Z,2026-10-10T10:42:00.000+02:00,A9022100500,A22 (rocade),75.0,1180
2026-10-10T08:51:12Z,2026-10-10T10:42:00.000+02:00,A0001020940,A1,89.0,3950
2026-10-10T08:51:12Z,2026-10-10T10:42:00.000+02:00,A0001020700,A1,93.0,2720
2026-10-10T08:51:12Z,2026-10-10T10:42:00.000+02:00,A9022020830,A22 (rocade),85.0,280
2026-10-10T08:51:12Z,2026-10-10T10:42:00.000+02:00,A9022020822,A22 (rocade),91.0,1160
2026-10-10T08:51:12Z,2026-10-10T10:42:00.000+02:00,A9022020821,A22 (rocade),91.0,1160
2026-10-10T08:51:12Z,2026-10-10T10:42:00.000+02:00,A0025020420,A25,70.0,3230
2026-10-10T08:51:12Z,2026-10-10T10:42:00.000+02:00,A0025021510,A25,99.0,1260
2026-10-10T08:51:12Z,2026-10-10T10:42:00.000+02:00,N0227010100,N227,65.0,1310
2026-10-10T08:51:12Z,2026-10-10T10:42:00.000+02:00,A0025011720,A25,101.0,2490
2026-10-10T08:51:12Z,2026-10-10T10:42:00.000+02:00,A0025021760,A25,89.0,2220
2026-10-10T08:51:12Z,2026-10-10T10:42:00.000+02:00,A0025011730,A25,88.0,2680
2026-10-10T08:51:12Z,2026-10-10T10:42:00.000+02:00,A0025011735,A25,101.0,2810
2026-10-10T08:51:12Z,2026-10-10T10:42:00.000+02:00,A9025080700,A25 (bretelle),,500
2026-10-10T08:51:12Z,2026-10-10T10:42:00.000+02:00,A9022100930,A22 (rocade),70.0,150
2026-10-10T08:51:12Z,2026-10-10T10:42:00.000+02:00,N0356011220,N356,70.0,2660
2026-10-10T08:51:12Z,2026-10-10T10:42:00.000+02:00,A0025011740,A25,87.0,2730
2026-10-10T08:51:12Z,2026-10-10T10:42:00.000+02:00,A0025010410,A25,69.0,3490
2026-10-10T08:51:12Z,2026-10-10T10:42:00.000+02:00,A0023010200,A23,88.0,1130
2026-10-10T08:51:12Z,2026-10-10T10:42:00.000+02:00,A9001210120,A1 (bretelle),77.0,500
2026-10-10T08:51:12Z,2026-10-10T10:42:00.000+02:00,A0025020210,A25,72.0,3700
2026-10-10T08:51:12Z,2026-10-10T10:42:00.000+02:00,N0356011210,N356,70.0,2660
2026-10-10T08:51:12Z,2026-10-10T10:42:00.000+02:00,A0025011510,A25,89.0,1520
2026-10-10T08:51:12Z,2026-10-10T10:42:00.000+02:00,A0025020220,A25,72.0,3700
2026-10-10T08:51:12Z,2026-10-10T10:42:00.000+02:00,N0227010302,N227,74.0,2350
2026-10-10T08:51:12Z,2026-10-10T10:42:00.000+02:00,N0041010500,N41,86.0,1500
2026-10-10T08:51:12Z,2026-10-10T10:42:00.000+02:00,N0227020101,N227,84.0,2210
2026-10-10T08:51:12Z,2026-10-10T10:42:00.000+02:00,A9022100110,A22 (rocade),65.0,890
2026-10-10T08:51:12Z,2026-10-10T10:42:00.000+02:00,A0022010400,A22,72.0,2720
2026-10-10T08:51:12Z,2026-10-10T10:42:00.000+02:00,N0356010302,N356,74.0,4960
2026-10-10T08:51:12Z,2026-10-10T10:42:00.000+02:00,A0025010800,A25,73.0,2460
2026-10-10T08:51:12Z,2026-10-10T10:42:00.000+02:00,A0027020621,A27,102.0,1140
2026-10-10T08:51:12Z,2026-10-10T10:42:00.000+02:00,N0041010700,N41,102.0,490
2026-10-10T08:51:12Z,2026-10-10T10:42:00.000+02:00,A0027020630,A27,106.0,1110
2026-10-10T08:51:12Z,2026-10-10T10:42:00.000+02:00,A0022021512,A22,76.0,1930
2026-10-10T08:51:12Z,2026-10-10T10:42:00.000+02:00,A0022021511,A22,78.0,1960
2026-10-10T08:51:12Z,2026-10-10T10:42:00.000+02:00,A0027020610,A27,102.0,1140
2026-10-10T08:51:12Z,2026-10-10T10:42:00.000+02:00,A0025021720,A25,102.0,2370
2026-10-10T08:51:12Z,2026-10-10T10:42:00.000+02:00,A0022021520,A22,76.0,1930
2026-10-10T08:51:12Z,2026-10-10T10:42:00.000+02:00,A0025022140,A25,109.0,2140
2026-10-10T08:51:12Z,2026-10-10T10:42:00.000+02:00,A0022011302,A22,73.0,2070
2026-10-10T08:51:12Z,2026-10-10T10:42:00.000+02:00,A0025022160,A25,106.0,2300
2026-10-10T08:51:12Z,2026-10-10T10:42:00.000+02:00,A0027010201,A27,91.0,1380
2026-10-10T08:51:12Z,2026-10-10T10:42:00.000+02:00,A0027010202,A27,91.0,600
2026-10-10T08:51:12Z,2026-10-10T10:42:00.000+02:00,N9227110110,N227 (bretelle),75.0,1400
2026-10-10T08:51:12Z,2026-10-10T10:42:00.000+02:00,A0025012130,A25,110.0,1200
2026-10-10T08:51:12Z,2026-10-10T10:42:00.000+02:00,A0027010210,A27,91.0,600
2026-10-10T08:51:12Z,2026-10-10T10:42:00.000+02:00,A0025011050,A25,91.0,1530
2026-10-10T08:51:12Z,2026-10-10T10:42:00.000+02:00,A0025012140,A25,110.0,760
2026-10-10T08:51:12Z,2026-10-10T10:42:00.000+02:00,A0027010421,A27,98.0,960
2026-10-10T08:51:12Z,2026-10-10T10:42:00.000+02:00,A0022012420,A22,89.0,3170
2026-10-10T08:51:12Z,2026-10-10T10:42:00.000+02:00,A0027010430,A27,102.0,1030
2026-10-10T08:51:12Z,2026-10-10T10:42:00.000+02:00,A0023020710,A23,108.0,1660
2026-10-10T08:51:12Z,2026-10-10T10:42:00.000+02:00,A0025012160,A25,120.0,2620
2026-10-10T08:51:12Z,2026-10-10T10:42:00.000+02:00,A9022021200,A22 (rocade),64.0,260
2026-10-10T08:51:12Z,2026-10-10T10:42:00.000+02:00,A0001021100,A1,89.0,3230
2026-10-10T08:51:12Z,2026-10-10T10:42:00.000+02:00,A9022101000,A22 (rocade),86.0,960
2026-10-10T08:51:12Z,2026-10-10T10:42:00.000+02:00,A0025013020,A25,112.0,2180
2026-10-10T08:51:12Z,2026-10-10T10:42:00.000+02:00,A0027010410,A27,98.0,960
2026-10-10T08:51:12Z,2026-10-10T10:42:00.000+02:00,A0022012410,A22,90.0,3200
2026-10-10T08:51:12Z,2026-10-10T10:42:00.000+02:00,A0001A20112,A1,88.0,2050
2026-10-10T08:51:12Z,2026-10-10T10:42:00.000+02:00,A0001A20111,A1,85.0,1220
2026-10-10T08:51:12Z,2026-10-10T10:42:00.000+02:00,A0001021521,A1,83.0,3110
2026-10-10T08:51:12Z,2026-10-10T10:42:00.000+02:00,A0025022540,A25,111.0,1890
2026-10-10T08:51:12Z,2026-10-10T10:42:00.000+02:00,A0025022300,A25,110.0,1680
2026-10-10T08:51:12Z,2026-10-10T10:42:00.000+02:00,N0356021000,N356,71.0,3230
2026-10-10T08:51:12Z,2026-10-10T10:42:00.000+02:00,A22TC010102,A22 (contournement),87.0,1730
2026-10-10T08:51:12Z,2026-10-10T10:42:00.000+02:00,A0001011503,A1,87.0,5210
2026-10-10T08:51:12Z,2026-10-10T10:42:00.000+02:00,A0022012200,A22,80.0,2640
2026-10-10T08:51:12Z,2026-10-10T10:42:00.000+02:00,A0001A20120,A1,87.0,2070
2026-10-10T08:51:12Z,2026-10-10T10:42:00.000+02:00,A22TC020102,A22 (contournement),85.0,2170
2026-10-10T08:51:12Z,2026-10-10T10:42:00.000+02:00,A22TC010300,A22 (contournement),83.0,1850
2026-10-10T08:51:12Z,2026-10-10T10:42:00.000+02:00,A0022012010,A22,81.0,1660
2026-10-10T08:51:12Z,2026-10-10T10:42:00.000+02:00,A0022012020,A22,81.0,1660
2026-10-10T08:51:12Z,2026-10-10T10:42:00.000+02:00,A0025022130,A25,125.0,2040
2026-10-10T08:51:12Z,2026-10-10T10:42:00.000+02:00,A0023010520,A23,113.0,1110
2026-10-10T08:51:12Z,2026-10-10T10:42:00.000+02:00,N0041020800,N41,97.0,1330
2026-10-10T08:51:12Z,2026-10-10T10:42:00.000+02:00,A0025010500,A25,69.0,2410
2026-10-10T08:51:12Z,2026-10-10T10:42:00.000+02:00,A0022020901,A22,76.0,2470
2026-10-10T08:51:12Z,2026-10-10T10:42:00.000+02:00,A0022020902,A22,76.0,2010
2026-10-10T08:51:12Z,2026-10-10T10:42:00.000+02:00,A0022021810,A22,79.0,1850
2026-10-10T08:51:12Z,2026-10-10T10:42:00.000+02:00,N0356011100,N356,70.0,2380
2026-10-10T08:51:12Z,2026-10-10T10:42:00.000+02:00,A0022021820,A22,79.0,1850
2026-10-10T08:51:12Z,2026-10-10T10:42:00.000+02:00,N0356020802,N356,66.0,3650
2026-10-10T08:51:12Z,2026-10-10T10:42:00.000+02:00,A9022020900,A22 (rocade),69.0,100
2026-10-10T08:51:12Z,2026-10-10T10:42:00.000+02:00,A0025020102,A25,66.0,2070
2026-10-10T08:51:12Z,2026-10-10T10:42:00.000+02:00,A0023010100,A23,94.0,20
2026-10-10T08:51:12Z,2026-10-10T10:42:00.000+02:00,A0025022530,A25,112.0,1820
2026-10-10T08:51:12Z,2026-10-10T10:42:00.000+02:00,A9001210200,A1 (bretelle),67.0,1180
2026-10-10T08:51:12Z,2026-10-10T10:42:00.000+02:00,A0022010700,A22,77.0,2050
2026-10-10T08:51:12Z,2026-10-10T10:42:00.000+02:00,N0041020400,N41,89.0,1690
2026-10-10T08:51:12Z,2026-10-10T10:42:00.000+02:00,A0023020720,A23,117.0,1570
2026-10-10T08:51:12Z,2026-10-10T10:42:00.000+02:00,A0022020500,A22,76.0,1300
2026-10-10T08:51:12Z,2026-10-10T10:42:00.000+02:00,N93563b0150,N356 (bretelle),64.0,60
2026-10-10T08:51:12Z,2026-10-10T10:42:00.000+02:00,A0025020950,A25,91.0,2750
2026-10-10T08:51:12Z,2026-10-10T10:42:00.000+02:00,A0023020300,A23,89.0,1300
2026-10-10T08:51:12Z,2026-10-10T10:42:00.000+02:00,A0001011000,A1,86.0,3340
2026-10-10T08:51:12Z,2026-10-10T10:42:00.000+02:00,A0027020500,A27,92.0,850
2026-10-10T08:51:12Z,2026-10-10T10:42:00.000+02:00,N0356011500,N356,58.0,2730
2026-10-10T08:51:12Z,2026-10-10T10:42:00.000+02:00,A0001010150,A1,106.0,3430
2026-10-10T08:51:12Z,2026-10-10T10:42:00.000+02:00,N0356020400,N356,54.0,1750
2026-10-10T08:51:12Z,2026-10-10T10:42:00.000+02:00,N0041020600,N41,106.0,60
2026-10-10T08:51:12Z,2026-10-10T10:42:00.000+02:00,A0025010700,A25,62.0,1390
2026-10-10T08:51:12Z,2026-10-10T10:42:00.000+02:00,A0002011230,A2,106.0,2350
2026-10-10T08:51:12Z,2026-10-10T10:42:00.000+02:00,A0025020500,A25,70.0,2260
2026-10-10T08:51:12Z,2026-10-10T10:42:00.000+02:00,A0002021290,A2,105.0,2400
2026-10-10T08:51:12Z,2026-10-10T10:42:00.000+02:00,A0022011600,A22,76.0,1230
2026-10-10T09:01:12Z,2026-10-10T10:54:00.000+02:00,A0001011200,A1,78.0,3810
2026-10-10T09:01:12Z,2026-10-10T10:54:00.000+02:00,A0027010102,A27,92.0,2910
2026-10-10T09:01:12Z,2026-10-10T10:54:00.000+02:00,N0041010100,N41,86.0,920
2026-10-10T09:01:12Z,2026-10-10T10:54:00.000+02:00,A0027010101,A27,92.0,2910
2026-10-10T09:01:12Z,2026-10-10T10:54:00.000+02:00,A9022010250,A22 (rocade),85.0,590
2026-10-10T09:01:12Z,2026-10-10T10:54:00.000+02:00,A0001020150,A1,111.0,2920
2026-10-10T09:01:12Z,2026-10-10T10:54:00.000+02:00,N0356011700,N356,69.0,2720
2026-10-10T09:01:12Z,2026-10-10T10:54:00.000+02:00,N9227110200,N227 (bretelle),71.0,40
2026-10-10T09:01:12Z,2026-10-10T10:54:00.000+02:00,N0356021300,N356,64.0,3700
2026-10-10T09:01:12Z,2026-10-10T10:54:00.000+02:00,A0022011400,A22,76.0,800
2026-10-10T09:01:12Z,2026-10-10T10:54:00.000+02:00,A0027010300,A27,91.0,750
2026-10-10T09:01:12Z,2026-10-10T10:54:00.000+02:00,A9022020250,A22 (rocade),45.0,950
2026-10-10T09:01:12Z,2026-10-10T10:54:00.000+02:00,N0041010300,N41,89.0,2460
2026-10-10T09:01:12Z,2026-10-10T10:54:00.000+02:00,A0022011210,A22,72.0,930
2026-10-10T09:01:12Z,2026-10-10T10:54:00.000+02:00,A0027020100,A27,73.0,1370
2026-10-10T09:01:12Z,2026-10-10T10:54:00.000+02:00,A0001010300,A1,107.0,3120
2026-10-10T09:01:12Z,2026-10-10T10:54:00.000+02:00,A0022011220,A22,72.0,930
2026-10-10T09:01:12Z,2026-10-10T10:54:00.000+02:00,N0227021400,N227,64.0,100
2026-10-10T09:01:12Z,2026-10-10T10:54:00.000+02:00,A9022101110,A22 (rocade),80.0,820
2026-10-10T09:01:12Z,2026-10-10T10:54:00.000+02:00,A0022022110,A22,83.0,3540
2026-10-10T09:01:12Z,2026-10-10T10:54:00.000+02:00,A0001011420,A1,83.0,3020
2026-10-10T09:01:12Z,2026-10-10T10:54:00.000+02:00,N0356010800,N356,72.0,2890
2026-10-10T09:01:12Z,2026-10-10T10:54:00.000+02:00,A9001210710,A1 (bretelle),69.0,2310
2026-10-10T09:01:12Z,2026-10-10T10:54:00.000+02:00,N0356021110,N356,69.0,3970
2026-10-10T09:01:12Z,2026-10-10T10:54:00.000+02:00,A0001010510,A1,107.0,2990
2026-10-10T09:01:12Z,2026-10-10T10:54:00.000+02:00,N0356021122,N356,64.0,4080
2026-10-10T09:01:12Z,2026-10-10T10:54:00.000+02:00,N0356021121,N356,69.0,3970
2026-10-10T09:01:12Z,2026-10-10T10:54:00.000+02:00,A0025010210,A25,70.0,4340
2026-10-10T09:01:12Z,2026-10-10T10:54:00.000+02:00,A0025011300,A25,89.0,1270
2026-10-10T09:01:12Z,2026-10-10T10:54:00.000+02:00,A0001020300,A1,111.0,2760
2026-10-10T09:01:12Z,2026-10-10T10:54:00.000+02:00,A0025021100,A25,89.0,2100
2026-10-10T09:01:12Z,2026-10-10T10:54:00.000+02:00,A0025023520,A25,111.0,1120
2026-10-10T09:01:12Z,2026-10-10T10:54:00.000+02:00,A0022022130,A22,95.0,3300
2026-10-10T09:01:12Z,2026-10-10T10:54:00.000+02:00,A0025010220,A25,70.0,4340
2026-10-10T09:01:12Z,2026-10-10T10:54:00.000+02:00,A0022022120,A22,87.0,3490
2026-10-10T09:01:12Z,2026-10-10T10:54:00.000+02:00,A0001010520,A1,101.0,3300
2026-10-10T09:01:12Z,2026-10-10T10:54:00.000+02:00,A0022011000,A22,75.0,3060
2026-10-10T09:01:12Z,2026-10-10T10:54:00.000+02:00,A0001020510,A1,106.0,3040
2026-10-10T09:01:12Z,2026-10-10T10:54:00.000+02:00,A0001021602,A1,80.0,5260
2026-10-10T09:01:12Z,2026-10-10T10:54:00.000+02:00,A22TC020222,A22 (contournement),75.0,2890
2026-10-10T09:01:12Z,2026-10-10T10:54:00.000+02:00,A0001010940,A1,96.0,4230
2026-10-10T09:01:12Z,2026-10-10T10:54:00.000+02:00,A0025023320,A25,113.0,1660
2026-10-10T09:01:12Z,2026-10-10T10:54:00.000+02:00,A0001020520,A1,100.0,3160
2026-10-10T09:01:12Z,2026-10-10T10:54:00.000+02:00,A0025023100,A25,112.0,1310
2026-10-10T09:01:12Z,2026-10-10T10:54:00.000+02:00,A22TC020230,A22 (contournement),75.0,2890
2026-10-10T09:01:12Z,2026-10-10T10:54:00.000+02:00,A0025021730,A25,87.0,2730
2026-10-10T09:01:12Z,2026-10-10T10:54:00.000+02:00,A0025023910,A25,116.0,1090
2026-10-10T09:01:12Z,2026-10-10T10:54:00.000+02:00,A0025021735,A25,102.0,2740
2026-10-10T09:01:12Z,2026-10-10T10:54:00.000+02:00,A0023010400,A23,106.0,1130
2026-10-10T09:01:12Z,2026-10-10T10:54:00.000+02:00,A0022021900,A22,77.0,2710
2026-10-10T09:01:12Z,2026-10-10T10:54:00.000+02:00,A9022100500,A22 (rocade),72.0,1850
2026-10-10T09:01:12Z,2026-10-10T10:54:00.000+02:00,A0001020940,A1,89.0,3680
2026-10-10T09:01:12Z,2026-10-10T10:54:00.000+02:00,A0001020700,A1,93.0,2530
2026-10-10T09:01:12Z,2026-10-10T10:54:00.000+02:00,A9022020830,A22 (rocade),84.0,350
2026-10-10T09:01:12Z,2026-10-10T10:54:00.000+02:00,A9022020822,A22 (rocade),90.0,810
2026-10-10T09:01:12Z,2026-10-10T10:54:00.000+02:00,A9022020821,A22 (rocade),90.0,810
2026-10-10T09:01:12Z,2026-10-10T10:54:00.000+02:00,A0025020420,A25,71.0,3820
2026-10-10T09:01:12Z,2026-10-10T10:54:00.000+02:00,A0025021510,A25,81.0,1330
2026-10-10T09:01:12Z,2026-10-10T10:54:00.000+02:00,N0227010100,N227,64.0,1440
2026-10-10T09:01:12Z,2026-10-10T10:54:00.000+02:00,A0025011720,A25,102.0,2630
2026-10-10T09:01:12Z,2026-10-10T10:54:00.000+02:00,A0025021760,A25,86.0,2790
2026-10-10T09:01:12Z,2026-10-10T10:54:00.000+02:00,A0025011730,A25,90.0,2630
2026-10-10T09:01:12Z,2026-10-10T10:54:00.000+02:00,A0025011735,A25,105.0,2660
2026-10-10T09:01:12Z,2026-10-10T10:54:00.000+02:00,A9025080700,A25 (bretelle),,820
2026-10-10T09:01:12Z,2026-10-10T10:54:00.000+02:00,A9022100930,A22 (rocade),73.0,200
2026-10-10T09:01:12Z,2026-10-10T10:54:00.000+02:00,N0356011220,N356,69.0,2950
2026-10-10T09:01:12Z,2026-10-10T10:54:00.000+02:00,A0025011740,A25,88.0,2840
2026-10-10T09:01:12Z,2026-10-10T10:54:00.000+02:00,A0025010410,A25,70.0,3280
2026-10-10T09:01:12Z,2026-10-10T10:54:00.000+02:00,A0023010200,A23,77.0,1370
2026-10-10T09:01:12Z,2026-10-10T10:54:00.000+02:00,A9001210120,A1 (bretelle),76.0,710
2026-10-10T09:01:12Z,2026-10-10T10:54:00.000+02:00,A0025020210,A25,72.0,4630
2026-10-10T09:01:12Z,2026-10-10T10:54:00.000+02:00,N0356011210,N356,69.0,2950
2026-10-10T09:01:12Z,2026-10-10T10:54:00.000+02:00,A0025011510,A25,90.0,1550
2026-10-10T09:01:12Z,2026-10-10T10:54:00.000+02:00,A0025020220,A25,72.0,4630
2026-10-10T09:01:12Z,2026-10-10T10:54:00.000+02:00,N0227010302,N227,74.0,2420
2026-10-10T09:01:12Z,2026-10-10T10:54:00.000+02:00,N0041010500,N41,94.0,1750
2026-10-10T09:01:12Z,2026-10-10T10:54:00.000+02:00,N0227020101,N227,82.0,2140
2026-10-10T09:01:12Z,2026-10-10T10:54:00.000+02:00,A9022100110,A22 (rocade),63.0,1070
2026-10-10T09:01:12Z,2026-10-10T10:54:00.000+02:00,A0022010400,A22,73.0,3030
2026-10-10T09:01:12Z,2026-10-10T10:54:00.000+02:00,N0356010302,N356,73.0,5380
2026-10-10T09:01:12Z,2026-10-10T10:54:00.000+02:00,A0025010800,A25,72.0,2640
2026-10-10T09:01:12Z,2026-10-10T10:54:00.000+02:00,A0027020621,A27,101.0,1290
2026-10-10T09:01:12Z,2026-10-10T10:54:00.000+02:00,N0041010700,N41,96.0,720
2026-10-10T09:01:12Z,2026-10-10T10:54:00.000+02:00,A0027020630,A27,103.0,1290
2026-10-10T09:01:12Z,2026-10-10T10:54:00.000+02:00,A0022021512,A22,75.0,2470
2026-10-10T09:01:12Z,2026-10-10T10:54:00.000+02:00,A0022021511,A22,76.0,2480
2026-10-10T09:01:12Z,2026-10-10T10:54:00.000+02:00,A0027020610,A27,101.0,1290
2026-10-10T09:01:12Z,2026-10-10T10:54:00.000+02:00,A0025021720,A25,100.0,2600
2026-10-10T09:01:12Z,2026-10-10T10:54:00.000+02:00,A0022021520,A22,75.0,2470
2026-10-10T09:01:12Z,2026-10-10T10:54:00.000+02:00,A0025022140,A25,113.0,2250
2026-10-10T09:01:12Z,2026-10-10T10:54:00.000+02:00,A0022011302,A22,73.0,2320
2026-10-10T09:01:12Z,2026-10-10T10:54:00.000+02:00,A0025022160,A25,107.0,2200
2026-10-10T09:01:12Z,2026-10-10T10:54:00.000+02:00,A0027010201,A27,91.0,1490
2026-10-10T09:01:12Z,2026-10-10T10:54:00.000+02:00,A0027010202,A27,68.0,760
2026-10-10T09:01:12Z,2026-10-10T10:54:00.000+02:00,N9227110110,N227 (bretelle),74.0,1560
2026-10-10T09:01:12Z,2026-10-10T10:54:00.000+02:00,A0025012130,A25,106.0,1330
2026-10-10T09:01:12Z,2026-10-10T10:54:00.000+02:00,A0027010210,A27,68.0,760
2026-10-10T09:01:12Z,2026-10-10T10:54:00.000+02:00,A0025011050,A25,84.0,1570
2026-10-10T09:01:12Z,2026-10-10T10:54:00.000+02:00,A0025012140,A25,106.0,1350
2026-10-10T09:01:12Z,2026-10-10T10:54:00.000+02:00,A0027010421,A27,96.0,1040
2026-10-10T09:01:12Z,2026-10-10T10:54:00.000+02:00,A0022012420,A22,93.0,2720
2026-10-10T09:01:12Z,2026-10-10T10:54:00.000+02:00,A0027010430,A27,101.0,1090
2026-10-10T09:01:12Z,2026-10-10T10:54:00.000+02:00,A0023020710,A23,107.0,1580
2026-10-10T09:01:12Z,2026-10-10T10:54:00.000+02:00,A0022012430,A22,92.0,2650
2026-10-10T09:01:12Z,2026-10-10T10:54:00.000+02:00,A0025012160,A25,118.0,2650
2026-10-10T09:01:12Z,2026-10-10T10:54:00.000+02:00,A9022021200,A22 (rocade),60.0,290
2026-10-10T09:01:12Z,2026-10-10T10:54:00.000+02:00,A0001021100,A1,88.0,3080
2026-10-10T09:01:12Z,2026-10-10T10:54:00.000+02:00,A9022101000,A22 (rocade),54.0,920
2026-10-10T09:01:12Z,2026-10-10T10:54:00.000+02:00,A0025013020,A25,112.0,2300
2026-10-10T09:01:12Z,2026-10-10T10:54:00.000+02:00,A0027010410,A27,96.0,1040
2026-10-10T09:01:12Z,2026-10-10T10:54:00.000+02:00,A0022012410,A22,93.0,2730
2026-10-10T09:01:12Z,2026-10-10T10:54:00.000+02:00,A0001A20112,A1,88.0,2200
2026-10-10T09:01:12Z,2026-10-10T10:54:00.000+02:00,A0001A20111,A1,82.0,1210
2026-10-10T09:01:12Z,2026-10-10T10:54:00.000+02:00,A0001021521,A1,80.0,2880
2026-10-10T09:01:12Z,2026-10-10T10:54:00.000+02:00,A0025022540,A25,114.0,1700
2026-10-10T09:01:12Z,2026-10-10T10:54:00.000+02:00,A0025022300,A25,114.0,1310
2026-10-10T09:01:12Z,2026-10-10T10:54:00.000+02:00,N0356021000,N356,69.0,3630
2026-10-10T09:01:12Z,2026-10-10T10:54:00.000+02:00,A22TC010102,A22 (contournement),84.0,1920
2026-10-10T09:01:12Z,2026-10-10T10:54:00.000+02:00,A0001011503,A1,85.0,5700
2026-10-10T09:01:12Z,2026-10-10T10:54:00.000+02:00,A0022012200,A22,80.0,2550
2026-10-10T09:01:12Z,2026-10-10T10:54:00.000+02:00,A0001A20120,A1,86.0,2180
2026-10-10T09:01:12Z,2026-10-10T10:54:00.000+02:00,A22TC020102,A22 (contournement),83.0,2350
2026-10-10T09:01:12Z,2026-10-10T10:54:00.000+02:00,A22TC010300,A22 (contournement),81.0,1920
2026-10-10T09:01:12Z,2026-10-10T10:54:00.000+02:00,A0022012010,A22,81.0,1580
2026-10-10T09:01:12Z,2026-10-10T10:54:00.000+02:00,A0022012020,A22,81.0,1580
2026-10-10T09:01:12Z,2026-10-10T10:54:00.000+02:00,A0025022130,A25,128.0,2150
2026-10-10T09:01:12Z,2026-10-10T10:54:00.000+02:00,A0023010520,A23,111.0,1180
2026-10-10T09:01:12Z,2026-10-10T10:54:00.000+02:00,N0041020800,N41,98.0,1690
2026-10-10T09:01:12Z,2026-10-10T10:54:00.000+02:00,A0025010500,A25,69.0,2550
2026-10-10T09:01:12Z,2026-10-10T10:54:00.000+02:00,A0022020901,A22,76.0,2680
2026-10-10T09:01:12Z,2026-10-10T10:54:00.000+02:00,A0022020902,A22,76.0,1950
2026-10-10T09:01:12Z,2026-10-10T10:54:00.000+02:00,A0022021810,A22,77.0,2350
2026-10-10T09:01:12Z,2026-10-10T10:54:00.000+02:00,N0356011100,N356,72.0,2670
2026-10-10T09:01:12Z,2026-10-10T10:54:00.000+02:00,A0022021820,A22,77.0,2350
2026-10-10T09:01:12Z,2026-10-10T10:54:00.000+02:00,N0356020802,N356,67.0,3740
2026-10-10T09:01:12Z,2026-10-10T10:54:00.000+02:00,A9022020900,A22 (rocade),76.0,280
2026-10-10T09:01:12Z,2026-10-10T10:54:00.000+02:00,A0025020102,A25,65.0,2200
2026-10-10T09:01:12Z,2026-10-10T10:54:00.000+02:00,A0023010100,A23,89.0,100
2026-10-10T09:01:12Z,2026-10-10T10:54:00.000+02:00,A0025022530,A25,116.0,1640
2026-10-10T09:01:12Z,2026-10-10T10:54:00.000+02:00,A9001210200,A1 (bretelle),65.0,1010
2026-10-10T09:01:12Z,2026-10-10T10:54:00.000+02:00,A0022010700,A22,75.0,2590
2026-10-10T09:01:12Z,2026-10-10T10:54:00.000+02:00,N0041020400,N41,92.0,1850
2026-10-10T09:01:12Z,2026-10-10T10:54:00.000+02:00,A0023020720,A23,116.0,1690
2026-10-10T09:01:12Z,2026-10-10T10:54:00.000+02:00,A0022020500,A22,76.0,1280
2026-10-10T09:01:12Z,2026-10-10T10:54:00.000+02:00,N93563b0150,N356 (bretelle),67.0,70
2026-10-10T09:01:12Z,2026-10-10T10:54:00.000+02:00,A0025020950,A25,91.0,3120
2026-10-10T09:01:12Z,2026-10-10T10:54:00.000+02:00,A0023020300,A23,85.0,1410
2026-10-10T09:01:12Z,2026-10-10T10:54:00.000+02:00,A0001011000,A1,84.0,3450
2026-10-10T09:01:12Z,2026-10-10T10:54:00.000+02:00,A0027020500,A27,65.0,880
2026-10-10T09:01:12Z,2026-10-10T10:54:00.000+02:00,N0356011500,N356,60.0,3120
2026-10-10T09:01:12Z,2026-10-10T10:54:00.000+02:00,A0001010150,A1,104.0,3240
2026-10-10T09:01:12Z,2026-10-10T10:54:00.000+02:00,N0356020400,N356,56.0,1430
2026-10-10T09:01:12Z,2026-10-10T10:54:00.000+02:00,A0025010700,A25,69.0,1420
2026-10-10T09:01:12Z,2026-10-10T10:54:00.000+02:00,A0002011230,A2,109.0,2030
2026-10-10T09:01:12Z,2026-10-10T10:54:00.000+02:00,A0025020500,A25,68.0,2790
2026-10-10T09:01:12Z,2026-10-10T10:54:00.000+02:00,A0002021290,A2,107.0,2320
2026-10-10T09:01:12Z,2026-10-10T10:54:00.000+02:00,A0022011600,A22,86.0,820
2026-10-10T09:11:08Z,2026-10-10T11:00:00.000+02:00,A0001011200,A1,80.0,3690
2026-10-10T09:11:08Z,2026-10-10T11:00:00.000+02:00,A0027010102,A27,91.0,2490
2026-10-10T09:11:08Z,2026-10-10T11:00:00.000+02:00,N0041010100,N41,86.0,890
2026-10-10T09:11:08Z,2026-10-10T11:00:00.000+02:00,A0027010101,A27,91.0,2490
2026-10-10T09:11:08Z,2026-10-10T11:00:00.000+02:00,A9022010250,A22 (rocade),82.0,520
2026-10-10T09:11:08Z,2026-10-10T11:00:00.000+02:00,A0001020150,A1,108.0,3110
2026-10-10T09:11:08Z,2026-10-10T11:00:00.000+02:00,N0356011700,N356,74.0,2400
2026-10-10T09:11:08Z,2026-10-10T11:00:00.000+02:00,N9227110200,N227 (bretelle),76.0,20
2026-10-10T09:11:08Z,2026-10-10T11:00:00.000+02:00,N0356021300,N356,66.0,3230
2026-10-10T09:11:08Z,2026-10-10T11:00:00.000+02:00,A0022011400,A22,76.0,570
2026-10-10T09:11:08Z,2026-10-10T11:00:00.000+02:00,A0027010300,A27,90.0,800
2026-10-10T09:11:08Z,2026-10-10T11:00:00.000+02:00,A9022020250,A22 (rocade),58.0,760
2026-10-10T09:11:08Z,2026-10-10T11:00:00.000+02:00,N0041010300,N41,86.0,2120
2026-10-10T09:11:08Z,2026-10-10T11:00:00.000+02:00,A0022011210,A22,73.0,750
2026-10-10T09:11:08Z,2026-10-10T11:00:00.000+02:00,A0027020100,A27,73.0,1150
2026-10-10T09:11:08Z,2026-10-10T11:00:00.000+02:00,A0001010300,A1,106.0,3300
2026-10-10T09:11:08Z,2026-10-10T11:00:00.000+02:00,A0022011220,A22,73.0,750
2026-10-10T09:11:08Z,2026-10-10T11:00:00.000+02:00,N0227021400,N227,70.0,130
2026-10-10T09:11:08Z,2026-10-10T11:00:00.000+02:00,A9022101110,A22 (rocade),78.0,1050
2026-10-10T09:11:08Z,2026-10-10T11:00:00.000+02:00,A0022022110,A22,85.0,3300
2026-10-10T09:11:08Z,2026-10-10T11:00:00.000+02:00,A0001011420,A1,85.0,2950
2026-10-10T09:11:08Z,2026-10-10T11:00:00.000+02:00,N0356010800,N356,71.0,2720
2026-10-10T09:11:08Z,2026-10-10T11:00:00.000+02:00,A9001210710,A1 (bretelle),68.0,2100
2026-10-10T09:11:08Z,2026-10-10T11:00:00.000+02:00,N0356021110,N356,70.0,3600
2026-10-10T09:11:08Z,2026-10-10T11:00:00.000+02:00,A0001010510,A1,106.0,3020
2026-10-10T09:11:08Z,2026-10-10T11:00:00.000+02:00,N0356021122,N356,64.0,3360
2026-10-10T09:11:08Z,2026-10-10T11:00:00.000+02:00,N0356021121,N356,70.0,3600
2026-10-10T09:11:08Z,2026-10-10T11:00:00.000+02:00,A0025010210,A25,70.0,4170
2026-10-10T09:11:08Z,2026-10-10T11:00:00.000+02:00,A0025011300,A25,86.0,1450
2026-10-10T09:11:08Z,2026-10-10T11:00:00.000+02:00,A0001020300,A1,110.0,2910
2026-10-10T09:11:08Z,2026-10-10T11:00:00.000+02:00,A0025021100,A25,89.0,1890
2026-10-10T09:11:08Z,2026-10-10T11:00:00.000+02:00,A0025023520,A25,112.0,1010
2026-10-10T09:11:08Z,2026-10-10T11:00:00.000+02:00,A0022022130,A22,94.0,3030
2026-10-10T09:11:08Z,2026-10-10T11:00:00.000+02:00,A0025010220,A25,70.0,4170
2026-10-10T09:11:08Z,2026-10-10T11:00:00.000+02:00,A0022022120,A22,90.0,3300
2026-10-10T09:11:08Z,2026-10-10T11:00:00.000+02:00,A0001010520,A1,99.0,3520
2026-10-10T09:11:08Z,2026-10-10T11:00:00.000+02:00,A0022011000,A22,76.0,2810
2026-10-10T09:11:08Z,2026-10-10T11:00:00.000+02:00,A0001020510,A1,108.0,2980
2026-10-10T09:11:08Z,2026-10-10T11:00:00.000+02:00,A0001021602,A1,65.0,5400
2026-10-10T09:11:08Z,2026-10-10T11:00:00.000+02:00,A22TC020222,A22 (contournement),85.0,2500
2026-10-10T09:11:08Z,2026-10-10T11:00:00.000+02:00,A0001010940,A1,98.0,3930
2026-10-10T09:11:08Z,2026-10-10T11:00:00.000+02:00,A0025023320,A25,115.0,1670
2026-10-10T09:11:08Z,2026-10-10T11:00:00.000+02:00,A0001020520,A1,103.0,3090
2026-10-10T09:11:08Z,2026-10-10T11:00:00.000+02:00,A0025023100,A25,112.0,1390
2026-10-10T09:11:08Z,2026-10-10T11:00:00.000+02:00,A22TC020230,A22 (contournement),85.0,2500
2026-10-10T09:11:08Z,2026-10-10T11:00:00.000+02:00,A0025021730,A25,89.0,2650
2026-10-10T09:11:08Z,2026-10-10T11:00:00.000+02:00,A0025023910,A25,118.0,800
2026-10-10T09:11:08Z,2026-10-10T11:00:00.000+02:00,A0025021735,A25,103.0,2600
2026-10-10T09:11:08Z,2026-10-10T11:00:00.000+02:00,A0023010400,A23,110.0,1170
2026-10-10T09:11:08Z,2026-10-10T11:00:00.000+02:00,A0022021900,A22,80.0,2380
2026-10-10T09:11:08Z,2026-10-10T11:00:00.000+02:00,A9022100500,A22 (rocade),76.0,1550
2026-10-10T09:11:08Z,2026-10-10T11:00:00.000+02:00,A0001020940,A1,88.0,3660
2026-10-10T09:11:08Z,2026-10-10T11:00:00.000+02:00,A0001020700,A1,99.0,2540
2026-10-10T09:11:08Z,2026-10-10T11:00:00.000+02:00,A9022020830,A22 (rocade),86.0,340
2026-10-10T09:11:08Z,2026-10-10T11:00:00.000+02:00,A9022020822,A22 (rocade),71.0,570
2026-10-10T09:11:08Z,2026-10-10T11:00:00.000+02:00,A9022020821,A22 (rocade),71.0,570
2026-10-10T09:11:08Z,2026-10-10T11:00:00.000+02:00,A0025020420,A25,70.0,3810
2026-10-10T09:11:08Z,2026-10-10T11:00:00.000+02:00,A0025021510,A25,80.0,1270
2026-10-10T09:11:08Z,2026-10-10T11:00:00.000+02:00,N0227010100,N227,65.0,1340
2026-10-10T09:11:08Z,2026-10-10T11:00:00.000+02:00,A0025011720,A25,99.0,2710
2026-10-10T09:11:08Z,2026-10-10T11:00:00.000+02:00,A0025021760,A25,87.0,2570
2026-10-10T09:11:08Z,2026-10-10T11:00:00.000+02:00,A0025011730,A25,88.0,2680
2026-10-10T09:11:08Z,2026-10-10T11:00:00.000+02:00,A0025011735,A25,100.0,2690
2026-10-10T09:11:08Z,2026-10-10T11:00:00.000+02:00,A9025080700,A25 (bretelle),,580
2026-10-10T09:11:08Z,2026-10-10T11:00:00.000+02:00,A9022100930,A22 (rocade),76.0,240
2026-10-10T09:11:08Z,2026-10-10T11:00:00.000+02:00,N0356011220,N356,72.0,2410
2026-10-10T09:11:08Z,2026-10-10T11:00:00.000+02:00,A0025011740,A25,85.0,2560
2026-10-10T09:11:08Z,2026-10-10T11:00:00.000+02:00,A0025010410,A25,70.0,3410
2026-10-10T09:11:08Z,2026-10-10T11:00:00.000+02:00,A0023010200,A23,91.0,1250
2026-10-10T09:11:08Z,2026-10-10T11:00:00.000+02:00,A9001210120,A1 (bretelle),76.0,860
2026-10-10T09:11:08Z,2026-10-10T11:00:00.000+02:00,A0025020210,A25,71.0,4590
2026-10-10T09:11:08Z,2026-10-10T11:00:00.000+02:00,N0356011210,N356,72.0,2410
2026-10-10T09:11:08Z,2026-10-10T11:00:00.000+02:00,A0025011510,A25,89.0,1690
2026-10-10T09:11:08Z,2026-10-10T11:00:00.000+02:00,A0025020220,A25,71.0,4590
2026-10-10T09:11:08Z,2026-10-10T11:00:00.000+02:00,N0227010302,N227,76.0,2670
2026-10-10T09:11:08Z,2026-10-10T11:00:00.000+02:00,N0041010500,N41,99.0,1500
2026-10-10T09:11:08Z,2026-10-10T11:00:00.000+02:00,N0227020101,N227,83.0,2190
2026-10-10T09:11:08Z,2026-10-10T11:00:00.000+02:00,A9022100110,A22 (rocade),66.0,850
2026-10-10T09:11:08Z,2026-10-10T11:00:00.000+02:00,A0022010400,A22,71.0,3030
2026-10-10T09:11:08Z,2026-10-10T11:00:00.000+02:00,N0356010302,N356,73.0,5480
2026-10-10T09:11:08Z,2026-10-10T11:00:00.000+02:00,A0025010800,A25,73.0,2640
2026-10-10T09:11:08Z,2026-10-10T11:00:00.000+02:00,A0027020621,A27,104.0,1300
2026-10-10T09:11:08Z,2026-10-10T11:00:00.000+02:00,N0041010700,N41,101.0,690
2026-10-10T09:11:08Z,2026-10-10T11:00:00.000+02:00,A0027020630,A27,104.0,1320
2026-10-10T09:11:08Z,2026-10-10T11:00:00.000+02:00,A0022021512,A22,80.0,1960
2026-10-10T09:11:08Z,2026-10-10T11:00:00.000+02:00,A0022021511,A22,80.0,2040
2026-10-10T09:11:08Z,2026-10-10T11:00:00.000+02:00,A0027020610,A27,104.0,1300
2026-10-10T09:11:08Z,2026-10-10T11:00:00.000+02:00,A0025021720,A25,90.0,2290
2026-10-10T09:11:08Z,2026-10-10T11:00:00.000+02:00,A0022021520,A22,80.0,1960
2026-10-10T09:11:08Z,2026-10-10T11:00:00.000+02:00,A0025022140,A25,112.0,2180
2026-10-10T09:11:08Z,2026-10-10T11:00:00.000+02:00,A0022011302,A22,72.0,2080
2026-10-10T09:11:08Z,2026-10-10T11:00:00.000+02:00,A0025022160,A25,109.0,2130
2026-10-10T09:11:08Z,2026-10-10T11:00:00.000+02:00,A0027010201,A27,90.0,1310
2026-10-10T09:11:08Z,2026-10-10T11:00:00.000+02:00,A0027010202,A27,79.0,820
2026-10-10T09:11:08Z,2026-10-10T11:00:00.000+02:00,N9227110110,N227 (bretelle),70.0,1380
2026-10-10T09:11:08Z,2026-10-10T11:00:00.000+02:00,A0025012130,A25,103.0,1160
2026-10-10T09:11:08Z,2026-10-10T11:00:00.000+02:00,A0027010210,A27,79.0,820
2026-10-10T09:11:08Z,2026-10-10T11:00:00.000+02:00,A0025011050,A25,87.0,1650
2026-10-10T09:11:08Z,2026-10-10T11:00:00.000+02:00,A0025012140,A25,103.0,820
2026-10-10T09:11:08Z,2026-10-10T11:00:00.000+02:00,A0027010421,A27,99.0,1210
2026-10-10T09:11:08Z,2026-10-10T11:00:00.000+02:00,A0022012420,A22,91.0,2960
2026-10-10T09:11:08Z,2026-10-10T11:00:00.000+02:00,A0027010430,A27,103.0,1210
2026-10-10T09:11:08Z,2026-10-10T11:00:00.000+02:00,A0023020710,A23,107.0,1520
2026-10-10T09:11:08Z,2026-10-10T11:00:00.000+02:00,A0022012430,A22,89.0,2880
2026-10-10T09:11:08Z,2026-10-10T11:00:00.000+02:00,A0025012160,A25,128.0,2130
2026-10-10T09:11:08Z,2026-10-10T11:00:00.000+02:00,A9022021200,A22 (rocade),62.0,300
2026-10-10T09:11:08Z,2026-10-10T11:00:00.000+02:00,A0001021100,A1,88.0,3320
2026-10-10T09:11:08Z,2026-10-10T11:00:00.000+02:00,A9022101000,A22 (rocade),58.0,870
2026-10-10T09:11:08Z,2026-10-10T11:00:00.000+02:00,A0025013020,A25,111.0,2230
2026-10-10T09:11:08Z,2026-10-10T11:00:00.000+02:00,A0027010410,A27,99.0,1210
2026-10-10T09:11:08Z,2026-10-10T11:00:00.000+02:00,A0022012410,A22,92.0,2980
2026-10-10T09:11:08Z,2026-10-10T11:00:00.000+02:00,A0001A20112,A1,89.0,2220
2026-10-10T09:11:08Z,2026-10-10T11:00:00.000+02:00,A0001A20111,A1,89.0,1070
2026-10-10T09:11:08Z,2026-10-10T11:00:00.000+02:00,A0001021521,A1,72.0,3260
2026-10-10T09:11:08Z,2026-10-10T11:00:00.000+02:00,A0025022540,A25,112.0,1860
2026-10-10T09:11:08Z,2026-10-10T11:00:00.000+02:00,A0025022300,A25,121.0,640
2026-10-10T09:11:08Z,2026-10-10T11:00:00.000+02:00,N0356021000,N356,71.0,3360
2026-10-10T09:11:08Z,2026-10-10T11:00:00.000+02:00,A22TC010102,A22 (contournement),86.0,1510
2026-10-10T09:11:08Z,2026-10-10T11:00:00.000+02:00,A0001011503,A1,86.0,5590
2026-10-10T09:11:08Z,2026-10-10T11:00:00.000+02:00,A0022012200,A22,80.0,2440
2026-10-10T09:11:08Z,2026-10-10T11:00:00.000+02:00,A0001A20120,A1,84.0,2490
2026-10-10T09:11:08Z,2026-10-10T11:00:00.000+02:00,A22TC020102,A22 (contournement),85.0,2200
2026-10-10T09:11:08Z,2026-10-10T11:00:00.000+02:00,A22TC010300,A22 (contournement),82.0,1990
2026-10-10T09:11:08Z,2026-10-10T11:00:00.000+02:00,A0022012010,A22,80.0,1790
2026-10-10T09:11:08Z,2026-10-10T11:00:00.000+02:00,A0022012020,A22,80.0,1790
2026-10-10T09:11:08Z,2026-10-10T11:00:00.000+02:00,A0025022130,A25,127.0,2240
2026-10-10T09:11:08Z,2026-10-10T11:00:00.000+02:00,A0023010520,A23,113.0,1120
2026-10-10T09:11:08Z,2026-10-10T11:00:00.000+02:00,N0041020800,N41,96.0,1460
2026-10-10T09:11:08Z,2026-10-10T11:00:00.000+02:00,A0025010500,A25,70.0,2610
2026-10-10T09:11:08Z,2026-10-10T11:00:00.000+02:00,A0022020901,A22,76.0,2780
2026-10-10T09:11:08Z,2026-10-10T11:00:00.000+02:00,A0022020902,A22,76.0,2040
2026-10-10T09:11:08Z,2026-10-10T11:00:00.000+02:00,A0022021810,A22,81.0,2060
2026-10-10T09:11:08Z,2026-10-10T11:00:00.000+02:00,N0356011100,N356,71.0,2330
2026-10-10T09:11:08Z,2026-10-10T11:00:00.000+02:00,A0022021820,A22,81.0,2060
2026-10-10T09:11:08Z,2026-10-10T11:00:00.000+02:00,N0356020802,N356,66.0,3760
2026-10-10T09:11:08Z,2026-10-10T11:00:00.000+02:00,A9022020900,A22 (rocade),81.0,670
2026-10-10T09:11:08Z,2026-10-10T11:00:00.000+02:00,A0025020102,A25,65.0,2600
2026-10-10T09:11:08Z,2026-10-10T11:00:00.000+02:00,A0023010100,A23,90.0,100
2026-10-10T09:11:08Z,2026-10-10T11:00:00.000+02:00,A0025022530,A25,112.0,1760
2026-10-10T09:11:08Z,2026-10-10T11:00:00.000+02:00,A9001210200,A1 (bretelle),64.0,1380
2026-10-10T09:11:08Z,2026-10-10T11:00:00.000+02:00,A0022010700,A22,77.0,2280
2026-10-10T09:11:08Z,2026-10-10T11:00:00.000+02:00,N0041020400,N41,91.0,1810
2026-10-10T09:11:08Z,2026-10-10T11:00:00.000+02:00,A0023020720,A23,116.0,1470
2026-10-10T09:11:08Z,2026-10-10T11:00:00.000+02:00,A0022020500,A22,76.0,1330
2026-10-10T09:11:08Z,2026-10-10T11:00:00.000+02:00,N93563b0150,N356 (bretelle),64.0,60
2026-10-10T09:11:08Z,2026-10-10T11:00:00.000+02:00,A0025020950,A25,91.0,2840
2026-10-10T09:11:08Z,2026-10-10T11:00:00.000+02:00,A0023020300,A23,95.0,1430
2026-10-10T09:11:08Z,2026-10-10T11:00:00.000+02:00,A0001011000,A1,85.0,3490
2026-10-10T09:11:08Z,2026-10-10T11:00:00.000+02:00,A0027020500,A27,79.0,680
2026-10-10T09:11:08Z,2026-10-10T11:00:00.000+02:00,N0356011500,N356,67.0,2730
2026-10-10T09:11:08Z,2026-10-10T11:00:00.000+02:00,A0001010150,A1,105.0,3450
2026-10-10T09:11:08Z,2026-10-10T11:00:00.000+02:00,N0356020400,N356,61.0,1690
2026-10-10T09:11:08Z,2026-10-10T11:00:00.000+02:00,N0041020600,N41,85.0,10
2026-10-10T09:11:08Z,2026-10-10T11:00:00.000+02:00,A0025010700,A25,74.0,1370
2026-10-10T09:11:08Z,2026-10-10T11:00:00.000+02:00,A0002011230,A2,106.0,2410
2026-10-10T09:11:08Z,2026-10-10T11:00:00.000+02:00,A0025020500,A25,72.0,2690
2026-10-10T09:11:08Z,2026-10-10T11:00:00.000+02:00,A0002021290,A2,109.0,2590
2026-10-10T09:11:08Z,2026-10-10T11:00:00.000+02:00,A0022011600,A22,76.0,1150
2026-10-10T09:21:04Z,2026-10-10T11:12:00.000+02:00,A0001011200,A1,80.0,3540
2026-10-10T09:21:04Z,2026-10-10T11:12:00.000+02:00,A0027010102,A27,95.0,2790
2026-10-10T09:21:04Z,2026-10-10T11:12:00.000+02:00,N0041010100,N41,87.0,720
2026-10-10T09:21:04Z,2026-10-10T11:12:00.000+02:00,A0027010101,A27,95.0,2790
2026-10-10T09:21:04Z,2026-10-10T11:12:00.000+02:00,A9022010250,A22 (rocade),83.0,480
2026-10-10T09:21:04Z,2026-10-10T11:12:00.000+02:00,A0001020150,A1,105.0,3580
2026-10-10T09:21:04Z,2026-10-10T11:12:00.000+02:00,N0356011700,N356,72.0,2490
2026-10-10T09:21:04Z,2026-10-10T11:12:00.000+02:00,N9227110200,N227 (bretelle),75.0,20
2026-10-10T09:21:04Z,2026-10-10T11:12:00.000+02:00,N0356021300,N356,66.0,3180
2026-10-10T09:21:04Z,2026-10-10T11:12:00.000+02:00,A0022011400,A22,77.0,740
2026-10-10T09:21:04Z,2026-10-10T11:12:00.000+02:00,A0027010300,A27,92.0,680
2026-10-10T09:21:04Z,2026-10-10T11:12:00.000+02:00,A9022020250,A22 (rocade),64.0,970
2026-10-10T09:21:04Z,2026-10-10T11:12:00.000+02:00,N0041010300,N41,90.0,1920
2026-10-10T09:21:04Z,2026-10-10T11:12:00.000+02:00,A0022011210,A22,61.0,720
2026-10-10T09:21:04Z,2026-10-10T11:12:00.000+02:00,A0027020100,A27,71.0,1440
2026-10-10T09:21:04Z,2026-10-10T11:12:00.000+02:00,A0001010300,A1,103.0,3200
2026-10-10T09:21:04Z,2026-10-10T11:12:00.000+02:00,A0022011220,A22,61.0,720
2026-10-10T09:21:04Z,2026-10-10T11:12:00.000+02:00,N0227021400,N227,62.0,70
2026-10-10T09:21:04Z,2026-10-10T11:12:00.000+02:00,A9022101110,A22 (rocade),77.0,1070
2026-10-10T09:21:04Z,2026-10-10T11:12:00.000+02:00,A0022022110,A22,89.0,3230
2026-10-10T09:21:04Z,2026-10-10T11:12:00.000+02:00,A0001011420,A1,82.0,2920
2026-10-10T09:21:04Z,2026-10-10T11:12:00.000+02:00,N0356010800,N356,72.0,2640
2026-10-10T09:21:04Z,2026-10-10T11:12:00.000+02:00,A9001210710,A1 (bretelle),69.0,2110
2026-10-10T09:21:04Z,2026-10-10T11:12:00.000+02:00,N0356021110,N356,70.0,3570
2026-10-10T09:21:04Z,2026-10-10T11:12:00.000+02:00,A0001010510,A1,103.0,2980
2026-10-10T09:21:04Z,2026-10-10T11:12:00.000+02:00,N0356021122,N356,65.0,3480
2026-10-10T09:21:04Z,2026-10-10T11:12:00.000+02:00,N0356021121,N356,70.0,3570
2026-10-10T09:21:04Z,2026-10-10T11:12:00.000+02:00,A0025010210,A25,73.0,4440
2026-10-10T09:21:04Z,2026-10-10T11:12:00.000+02:00,A0025011300,A25,87.0,1530
2026-10-10T09:21:04Z,2026-10-10T11:12:00.000+02:00,A0001020300,A1,104.0,3640
2026-10-10T09:21:04Z,2026-10-10T11:12:00.000+02:00,A0025021100,A25,89.0,2290
2026-10-10T09:21:04Z,2026-10-10T11:12:00.000+02:00,A0025023520,A25,110.0,1040
2026-10-10T09:21:04Z,2026-10-10T11:12:00.000+02:00,A0022022130,A22,96.0,3120
2026-10-10T09:21:04Z,2026-10-10T11:12:00.000+02:00,A0025010220,A25,73.0,4440
2026-10-10T09:21:04Z,2026-10-10T11:12:00.000+02:00,A0022022120,A22,93.0,3280
2026-10-10T09:21:04Z,2026-10-10T11:12:00.000+02:00,A0001010520,A1,100.0,3220
2026-10-10T09:21:04Z,2026-10-10T11:12:00.000+02:00,A0022011000,A22,70.0,2380
2026-10-10T09:21:04Z,2026-10-10T11:12:00.000+02:00,A0001020510,A1,101.0,3600
2026-10-10T09:21:04Z,2026-10-10T11:12:00.000+02:00,A0001021602,A1,81.0,5130
2026-10-10T09:21:04Z,2026-10-10T11:12:00.000+02:00,A22TC020222,A22 (contournement),84.0,2620
2026-10-10T09:21:04Z,2026-10-10T11:12:00.000+02:00,A0001010940,A1,98.0,3720
2026-10-10T09:21:04Z,2026-10-10T11:12:00.000+02:00,A0025023320,A25,115.0,1420
2026-10-10T09:21:04Z,2026-10-10T11:12:00.000+02:00,A0001020520,A1,96.0,3710
2026-10-10T09:21:04Z,2026-10-10T11:12:00.000+02:00,A0025023100,A25,114.0,1290
2026-10-10T09:21:04Z,2026-10-10T11:12:00.000+02:00,A22TC020230,A22 (contournement),84.0,2620
2026-10-10T09:21:04Z,2026-10-10T11:12:00.000+02:00,A0025021730,A25,86.0,2780
2026-10-10T09:21:04Z,2026-10-10T11:12:00.000+02:00,A0025023910,A25,116.0,1040
2026-10-10T09:21:04Z,2026-10-10T11:12:00.000+02:00,A0025021735,A25,101.0,2750
2026-10-10T09:21:04Z,2026-10-10T11:12:00.000+02:00,A0023010400,A23,106.0,1220
2026-10-10T09:21:04Z,2026-10-10T11:12:00.000+02:00,A0022021900,A22,79.0,2620
2026-10-10T09:21:04Z,2026-10-10T11:12:00.000+02:00,A9022100500,A22 (rocade),78.0,1390
2026-10-10T09:21:04Z,2026-10-10T11:12:00.000+02:00,A0001020940,A1,89.0,3980
2026-10-10T09:21:04Z,2026-10-10T11:12:00.000+02:00,A0001020700,A1,92.0,3060
2026-10-10T09:21:04Z,2026-10-10T11:12:00.000+02:00,A9022020830,A22 (rocade),83.0,350
2026-10-10T09:21:04Z,2026-10-10T11:12:00.000+02:00,A9022020822,A22 (rocade),90.0,750
2026-10-10T09:21:04Z,2026-10-10T11:12:00.000+02:00,A9022020821,A22 (rocade),90.0,750
2026-10-10T09:21:04Z,2026-10-10T11:12:00.000+02:00,A0025020420,A25,70.0,4210
2026-10-10T09:21:04Z,2026-10-10T11:12:00.000+02:00,A0025021510,A25,96.0,1490
2026-10-10T09:21:04Z,2026-10-10T11:12:00.000+02:00,N0227010100,N227,65.0,1440
2026-10-10T09:21:04Z,2026-10-10T11:12:00.000+02:00,A0025011720,A25,99.0,3070
2026-10-10T09:21:04Z,2026-10-10T11:12:00.000+02:00,A0025021760,A25,87.0,2710
2026-10-10T09:21:04Z,2026-10-10T11:12:00.000+02:00,A0025011730,A25,88.0,2990
2026-10-10T09:21:04Z,2026-10-10T11:12:00.000+02:00,A0025011735,A25,100.0,3030
2026-10-10T09:21:04Z,2026-10-10T11:12:00.000+02:00,A9025080700,A25 (bretelle),,650
2026-10-10T09:21:04Z,2026-10-10T11:12:00.000+02:00,A9022100930,A22 (rocade),72.0,230
2026-10-10T09:21:04Z,2026-10-10T11:12:00.000+02:00,N0356011220,N356,70.0,2740
2026-10-10T09:21:04Z,2026-10-10T11:12:00.000+02:00,A0025011740,A25,87.0,3070
2026-10-10T09:21:04Z,2026-10-10T11:12:00.000+02:00,A0025010410,A25,69.0,3760
2026-10-10T09:21:04Z,2026-10-10T11:12:00.000+02:00,A0023010200,A23,84.0,1500
2026-10-10T09:21:04Z,2026-10-10T11:12:00.000+02:00,A9001210120,A1 (bretelle),76.0,570
2026-10-10T09:21:04Z,2026-10-10T11:12:00.000+02:00,A0025020210,A25,72.0,4300
2026-10-10T09:21:04Z,2026-10-10T11:12:00.000+02:00,N0356011210,N356,70.0,2740
2026-10-10T09:21:04Z,2026-10-10T11:12:00.000+02:00,A0025011510,A25,89.0,1890
2026-10-10T09:21:04Z,2026-10-10T11:12:00.000+02:00,A0025020220,A25,72.0,4300
2026-10-10T09:21:04Z,2026-10-10T11:12:00.000+02:00,N0227010302,N227,73.0,2580
2026-10-10T09:21:04Z,2026-10-10T11:12:00.000+02:00,N0041010500,N41,94.0,1460
2026-10-10T09:21:04Z,2026-10-10T11:12:00.000+02:00,N0227020101,N227,84.0,2110
2026-10-10T09:21:04Z,2026-10-10T11:12:00.000+02:00,A9022100110,A22 (rocade),65.0,740
2026-10-10T09:21:04Z,2026-10-10T11:12:00.000+02:00,A0022010400,A22,71.0,2680
2026-10-10T09:21:04Z,2026-10-10T11:12:00.000+02:00,N0356010302,N356,72.0,5140
2026-10-10T09:21:04Z,2026-10-10T11:12:00.000+02:00,A0025010800,A25,73.0,3020
2026-10-10T09:21:04Z,2026-10-10T11:12:00.000+02:00,A0027020621,A27,101.0,1370
2026-10-10T09:21:04Z,2026-10-10T11:12:00.000+02:00,N0041010700,N41,94.0,550
2026-10-10T09:21:04Z,2026-10-10T11:12:00.000+02:00,A0027020630,A27,103.0,1390
2026-10-10T09:21:04Z,2026-10-10T11:12:00.000+02:00,A0022021512,A22,79.0,2220
2026-10-10T09:21:04Z,2026-10-10T11:12:00.000+02:00,A0022021511,A22,80.0,2260
2026-10-10T09:21:04Z,2026-10-10T11:12:00.000+02:00,A0027020610,A27,101.0,1370
2026-10-10T09:21:04Z,2026-10-10T11:12:00.000+02:00,A0025021720,A25,95.0,2930
2026-10-10T09:21:04Z,2026-10-10T11:12:00.000+02:00,A0022021520,A22,79.0,2220
2026-10-10T09:21:04Z,2026-10-10T11:12:00.000+02:00,A0025022140,A25,112.0,2520
2026-10-10T09:21:04Z,2026-10-10T11:12:00.000+02:00,A0022011302,A22,74.0,2050
2026-10-10T09:21:04Z,2026-10-10T11:12:00.000+02:00,A0025022160,A25,108.0,2520
2026-10-10T09:21:04Z,2026-10-10T11:12:00.000+02:00,A0027010201,A27,92.0,1400
2026-10-10T09:21:04Z,2026-10-10T11:12:00.000+02:00,A0027010202,A27,71.0,870
2026-10-10T09:21:04Z,2026-10-10T11:12:00.000+02:00,N9227110110,N227 (bretelle),72.0,1160
2026-10-10T09:21:04Z,2026-10-10T11:12:00.000+02:00,A0025012130,A25,105.0,1410
2026-10-10T09:21:04Z,2026-10-10T11:12:00.000+02:00,A0027010210,A27,71.0,870
2026-10-10T09:21:04Z,2026-10-10T11:12:00.000+02:00,A0025011050,A25,93.0,1860
2026-10-10T09:21:04Z,2026-10-10T11:12:00.000+02:00,A0025012140,A25,15.0,1070
2026-10-10T09:21:04Z,2026-10-10T11:12:00.000+02:00,A0027010421,A27,99.0,1020
2026-10-10T09:21:04Z,2026-10-10T11:12:00.000+02:00,A0022012420,A22,90.0,3270
2026-10-10T09:21:04Z,2026-10-10T11:12:00.000+02:00,A0027010430,A27,103.0,1040
2026-10-10T09:21:04Z,2026-10-10T11:12:00.000+02:00,A0023020710,A23,107.0,1450
2026-10-10T09:21:04Z,2026-10-10T11:12:00.000+02:00,A0022012430,A22,89.0,3290
2026-10-10T09:21:04Z,2026-10-10T11:12:00.000+02:00,A0025012160,A25,121.0,2900
2026-10-10T09:21:04Z,2026-10-10T11:12:00.000+02:00,A9022021200,A22 (rocade),61.0,210
2026-10-10T09:21:04Z,2026-10-10T11:12:00.000+02:00,A0001021100,A1,88.0,3320
2026-10-10T09:21:04Z,2026-10-10T11:12:00.000+02:00,A9022101000,A22 (rocade),73.0,960
2026-10-10T09:21:04Z,2026-10-10T11:12:00.000+02:00,A0025013020,A25,111.0,2180
2026-10-10T09:21:04Z,2026-10-10T11:12:00.000+02:00,A0027010410,A27,99.0,1020
2026-10-10T09:21:04Z,2026-10-10T11:12:00.000+02:00,A0022012410,A22,90.0,3290
2026-10-10T09:21:04Z,2026-10-10T11:12:00.000+02:00,A0001A20112,A1,88.0,2200
2026-10-10T09:21:04Z,2026-10-10T11:12:00.000+02:00,A0001A20111,A1,84.0,1130
2026-10-10T09:21:04Z,2026-10-10T11:12:00.000+02:00,A0001021521,A1,83.0,3140
2026-10-10T09:21:04Z,2026-10-10T11:12:00.000+02:00,A0025022540,A25,112.0,1810
2026-10-10T09:21:04Z,2026-10-10T11:12:00.000+02:00,A0025022300,A25,100.0,600
2026-10-10T09:21:04Z,2026-10-10T11:12:00.000+02:00,N0356021000,N356,71.0,3300
2026-10-10T09:21:04Z,2026-10-10T11:12:00.000+02:00,A22TC010102,A22 (contournement),87.0,1550
2026-10-10T09:21:04Z,2026-10-10T11:12:00.000+02:00,A0001011503,A1,84.0,5600
2026-10-10T09:21:04Z,2026-10-10T11:12:00.000+02:00,A0022012200,A22,79.0,2980
2026-10-10T09:21:04Z,2026-10-10T11:12:00.000+02:00,A0001A20120,A1,86.0,2280
2026-10-10T09:21:04Z,2026-10-10T11:12:00.000+02:00,A22TC020102,A22 (contournement),84.0,2330
2026-10-10T09:21:04Z,2026-10-10T11:12:00.000+02:00,A22TC010300,A22 (contournement),80.0,1990
2026-10-10T09:21:04Z,2026-10-10T11:12:00.000+02:00,A0022012010,A22,80.0,2000
2026-10-10T09:21:04Z,2026-10-10T11:12:00.000+02:00,A0022012020,A22,80.0,2000
2026-10-10T09:21:04Z,2026-10-10T11:12:00.000+02:00,A0025022130,A25,127.0,2380
2026-10-10T09:21:04Z,2026-10-10T11:12:00.000+02:00,A0023010520,A23,112.0,1160
2026-10-10T09:21:04Z,2026-10-10T11:12:00.000+02:00,N0041020800,N41,97.0,1750
2026-10-10T09:21:04Z,2026-10-10T11:12:00.000+02:00,A0025010500,A25,69.0,2930
2026-10-10T09:21:04Z,2026-10-10T11:12:00.000+02:00,A0022020901,A22,72.0,2710
2026-10-10T09:21:04Z,2026-10-10T11:12:00.000+02:00,A0022020902,A22,72.0,2070
2026-10-10T09:21:04Z,2026-10-10T11:12:00.000+02:00,A0022021810,A22,79.0,2320
2026-10-10T09:21:04Z,2026-10-10T11:12:00.000+02:00,N0356011100,N356,70.0,2670
2026-10-10T09:21:04Z,2026-10-10T11:12:00.000+02:00,A0022021820,A22,79.0,2320
2026-10-10T09:21:04Z,2026-10-10T11:12:00.000+02:00,N0356020802,N356,69.0,3380
2026-10-10T09:21:04Z,2026-10-10T11:12:00.000+02:00,A9022020900,A22 (rocade),79.0,820
2026-10-10T09:21:04Z,2026-10-10T11:12:00.000+02:00,A0025020102,A25,67.0,2090
2026-10-10T09:21:04Z,2026-10-10T11:12:00.000+02:00,A0023010100,A23,82.0,110
2026-10-10T09:21:04Z,2026-10-10T11:12:00.000+02:00,A0025022530,A25,114.0,1790
2026-10-10T09:21:04Z,2026-10-10T11:12:00.000+02:00,A9001210200,A1 (bretelle),65.0,1260
2026-10-10T09:21:04Z,2026-10-10T11:12:00.000+02:00,A0022010700,A22,75.0,2010
2026-10-10T09:21:04Z,2026-10-10T11:12:00.000+02:00,N0041020400,N41,90.0,2170
2026-10-10T09:21:04Z,2026-10-10T11:12:00.000+02:00,A0023020720,A23,115.0,1410
2026-10-10T09:21:04Z,2026-10-10T11:12:00.000+02:00,A0022020500,A22,72.0,1430
2026-10-10T09:21:04Z,2026-10-10T11:12:00.000+02:00,N93563b0150,N356 (bretelle),67.0,100
2026-10-10T09:21:04Z,2026-10-10T11:12:00.000+02:00,A0025020950,A25,90.0,3190
2026-10-10T09:21:04Z,2026-10-10T11:12:00.000+02:00,A0023020300,A23,86.0,1540
2026-10-10T09:21:04Z,2026-10-10T11:12:00.000+02:00,A0001011000,A1,85.0,3130
2026-10-10T09:21:04Z,2026-10-10T11:12:00.000+02:00,A0027020500,A27,94.0,180
2026-10-10T09:21:04Z,2026-10-10T11:12:00.000+02:00,N0356011500,N356,69.0,2780
2026-10-10T09:21:04Z,2026-10-10T11:12:00.000+02:00,A0001010150,A1,106.0,3180
2026-10-10T09:21:04Z,2026-10-10T11:12:00.000+02:00,N0356020400,N356,59.0,1500
2026-10-10T09:21:04Z,2026-10-10T11:12:00.000+02:00,A0025010700,A25,78.0,1680
2026-10-10T09:21:04Z,2026-10-10T11:12:00.000+02:00,A0002011230,A2,109.0,2330
2026-10-10T09:21:04Z,2026-10-10T11:12:00.000+02:00,A0025020500,A25,70.0,3070
2026-10-10T09:21:04Z,2026-10-10T11:12:00.000+02:00,A0002021290,A2,106.0,2660
2026-10-10T09:21:04Z,2026-10-10T11:12:00.000+02:00,A0022011600,A22,81.0,1090
2026-10-10T09:31:12Z,2026-10-10T11:24:00.000+02:00,A0001011200,A1,81.0,3980
2026-10-10T09:31:12Z,2026-10-10T11:24:00.000+02:00,A0027010102,A27,89.0,2690
2026-10-10T09:31:12Z,2026-10-10T11:24:00.000+02:00,N0041010100,N41,85.0,650
2026-10-10T09:31:12Z,2026-10-10T11:24:00.000+02:00,A0027010101,A27,89.0,2690
2026-10-10T09:31:12Z,2026-10-10T11:24:00.000+02:00,A9022010250,A22 (rocade),87.0,540
2026-10-10T09:31:12Z,2026-10-10T11:24:00.000+02:00,A0001020150,A1,106.0,3560
2026-10-10T09:31:12Z,2026-10-10T11:24:00.000+02:00,N0356011700,N356,72.0,3110
2026-10-10T09:31:12Z,2026-10-10T11:24:00.000+02:00,N9227110200,N227 (bretelle),70.0,60
2026-10-10T09:31:12Z,2026-10-10T11:24:00.000+02:00,N0356021300,N356,67.0,3400
2026-10-10T09:31:12Z,2026-10-10T11:24:00.000+02:00,A0022011400,A22,77.0,640
2026-10-10T09:31:12Z,2026-10-10T11:24:00.000+02:00,A0027010300,A27,90.0,740
2026-10-10T09:31:12Z,2026-10-10T11:24:00.000+02:00,A9022020250,A22 (rocade),57.0,980
2026-10-10T09:31:12Z,2026-10-10T11:24:00.000+02:00,N0041010300,N41,89.0,1950
2026-10-10T09:31:12Z,2026-10-10T11:24:00.000+02:00,A0022011210,A22,74.0,930
2026-10-10T09:31:12Z,2026-10-10T11:24:00.000+02:00,A0027020100,A27,73.0,1520
2026-10-10T09:31:12Z,2026-10-10T11:24:00.000+02:00,A0001010300,A1,102.0,3120
2026-10-10T09:31:12Z,2026-10-10T11:24:00.000+02:00,A0022011220,A22,74.0,930
2026-10-10T09:31:12Z,2026-10-10T11:24:00.000+02:00,N0227021400,N227,56.0,90
2026-10-10T09:31:12Z,2026-10-10T11:24:00.000+02:00,A9022101110,A22 (rocade),78.0,1150
2026-10-10T09:31:12Z,2026-10-10T11:24:00.000+02:00,A0022022110,A22,85.0,3400
2026-10-10T09:31:12Z,2026-10-10T11:24:00.000+02:00,A0001011420,A1,84.0,3130
2026-10-10T09:31:12Z,2026-10-10T11:24:00.000+02:00,N0356010800,N356,70.0,3070
2026-10-10T09:31:12Z,2026-10-10T11:24:00.000+02:00,A9001210710,A1 (bretelle),68.0,2030
2026-10-10T09:31:12Z,2026-10-10T11:24:00.000+02:00,N0356021110,N356,71.0,3580
2026-10-10T09:31:12Z,2026-10-10T11:24:00.000+02:00,A0001010510,A1,102.0,2910
2026-10-10T09:31:12Z,2026-10-10T11:24:00.000+02:00,N0356021122,N356,65.0,3610
2026-10-10T09:31:12Z,2026-10-10T11:24:00.000+02:00,N0356021121,N356,71.0,3580
2026-10-10T09:31:12Z,2026-10-10T11:24:00.000+02:00,A0025010210,A25,71.0,4350
2026-10-10T09:31:12Z,2026-10-10T11:24:00.000+02:00,A0025011300,A25,87.0,1750
2026-10-10T09:31:12Z,2026-10-10T11:24:00.000+02:00,A0001020300,A1,107.0,3450
2026-10-10T09:31:12Z,2026-10-10T11:24:00.000+02:00,A0025021100,A25,89.0,1910
2026-10-10T09:31:12Z,2026-10-10T11:24:00.000+02:00,A0025023520,A25,113.0,960
2026-10-10T09:31:12Z,2026-10-10T11:24:00.000+02:00,A0022022130,A22,95.0,3260
2026-10-10T09:31:12Z,2026-10-10T11:24:00.000+02:00,A0025010220,A25,71.0,4350
2026-10-10T09:31:12Z,2026-10-10T11:24:00.000+02:00,A0022022120,A22,91.0,3380
2026-10-10T09:31:12Z,2026-10-10T11:24:00.000+02:00,A0001010520,A1,100.0,3360
2026-10-10T09:31:12Z,2026-10-10T11:24:00.000+02:00,A0022011000,A22,71.0,2910
2026-10-10T09:31:12Z,2026-10-10T11:24:00.000+02:00,A0001020510,A1,105.0,3400
2026-10-10T09:31:12Z,2026-10-10T11:24:00.000+02:00,A0001021602,A1,82.0,4930
2026-10-10T09:31:12Z,2026-10-10T11:24:00.000+02:00,A22TC020222,A22 (contournement),88.0,2600
2026-10-10T09:31:12Z,2026-10-10T11:24:00.000+02:00,A0001010940,A1,97.0,3790
2026-10-10T09:31:12Z,2026-10-10T11:24:00.000+02:00,A0025023320,A25,114.0,1660
2026-10-10T09:31:12Z,2026-10-10T11:24:00.000+02:00,A0001020520,A1,101.0,3550
2026-10-10T09:31:12Z,2026-10-10T11:24:00.000+02:00,A0025023100,A25,114.0,1270
2026-10-10T09:31:12Z,2026-10-10T11:24:00.000+02:00,A22TC020230,A22 (contournement),88.0,2600
2026-10-10T09:31:12Z,2026-10-10T11:24:00.000+02:00,A0025021730,A25,87.0,2670
2026-10-10T09:31:12Z,2026-10-10T11:24:00.000+02:00,A0025023910,A25,116.0,970
2026-10-10T09:31:12Z,2026-10-10T11:24:00.000+02:00,A0025021735,A25,99.0,2770
2026-10-10T09:31:12Z,2026-10-10T11:24:00.000+02:00,A0023010400,A23,108.0,1450
2026-10-10T09:31:12Z,2026-10-10T11:24:00.000+02:00,A0022021900,A22,79.0,2830
2026-10-10T09:31:12Z,2026-10-10T11:24:00.000+02:00,A9022100500,A22 (rocade),75.0,1660
2026-10-10T09:31:12Z,2026-10-10T11:24:00.000+02:00,A0001020940,A1,89.0,4010
2026-10-10T09:31:12Z,2026-10-10T11:24:00.000+02:00,A0001020700,A1,97.0,3060
2026-10-10T09:31:12Z,2026-10-10T11:24:00.000+02:00,A9022020830,A22 (rocade),85.0,300
2026-10-10T09:31:12Z,2026-10-10T11:24:00.000+02:00,A9022020822,A22 (rocade),92.0,1330
2026-10-10T09:31:12Z,2026-10-10T11:24:00.000+02:00,A9022020821,A22 (rocade),92.0,1330
2026-10-10T09:31:12Z,2026-10-10T11:24:00.000+02:00,A0025020420,A25,71.0,3860
2026-10-10T09:31:12Z,2026-10-10T11:24:00.000+02:00,A0025021510,A25,103.0,1150
2026-10-10T09:31:12Z,2026-10-10T11:24:00.000+02:00,N0227010100,N227,67.0,1110
2026-10-10T09:31:12Z,2026-10-10T11:24:00.000+02:00,A0025011720,A25,98.0,3030
2026-10-10T09:31:12Z,2026-10-10T11:24:00.000+02:00,A0025021760,A25,86.0,2710
2026-10-10T09:31:12Z,2026-10-10T11:24:00.000+02:00,A0025011730,A25,85.0,2990
2026-10-10T09:31:12Z,2026-10-10T11:24:00.000+02:00,A0025011735,A25,100.0,3060
2026-10-10T09:31:12Z,2026-10-10T11:24:00.000+02:00,A9025080700,A25 (bretelle),,620
2026-10-10T09:31:12Z,2026-10-10T11:24:00.000+02:00,A9022100930,A22 (rocade),71.0,180
2026-10-10T09:31:12Z,2026-10-10T11:24:00.000+02:00,N0356011220,N356,70.0,3100
2026-10-10T09:31:12Z,2026-10-10T11:24:00.000+02:00,A0025011740,A25,85.0,3180
2026-10-10T09:31:12Z,2026-10-10T11:24:00.000+02:00,A0025010410,A25,67.0,4040
2026-10-10T09:31:12Z,2026-10-10T11:24:00.000+02:00,A0023010200,A23,88.0,1360
2026-10-10T09:31:12Z,2026-10-10T11:24:00.000+02:00,A9001210120,A1 (bretelle),76.0,690
2026-10-10T09:31:12Z,2026-10-10T11:24:00.000+02:00,A0025020210,A25,72.0,4320
2026-10-10T09:31:12Z,2026-10-10T11:24:00.000+02:00,N0356011210,N356,70.0,3100
2026-10-10T09:31:12Z,2026-10-10T11:24:00.000+02:00,A0025011510,A25,88.0,2190
2026-10-10T09:31:12Z,2026-10-10T11:24:00.000+02:00,A0025020220,A25,72.0,4320
2026-10-10T09:31:12Z,2026-10-10T11:24:00.000+02:00,N0227010302,N227,76.0,2350
2026-10-10T09:31:12Z,2026-10-10T11:24:00.000+02:00,N0041010500,N41,103.0,1570
2026-10-10T09:31:12Z,2026-10-10T11:24:00.000+02:00,N0227020101,N227,85.0,2160
2026-10-10T09:31:12Z,2026-10-10T11:24:00.000+02:00,A9022100110,A22 (rocade),64.0,930
2026-10-10T09:31:12Z,2026-10-10T11:24:00.000+02:00,A0022010400,A22,72.0,3150
2026-10-10T09:31:12Z,2026-10-10T11:24:00.000+02:00,N0356010302,N356,72.0,5210
2026-10-10T09:31:12Z,2026-10-10T11:24:00.000+02:00,A0025010800,A25,72.0,3230
2026-10-10T09:31:12Z,2026-10-10T11:24:00.000+02:00,A0027020621,A27,98.0,1430
2026-10-10T09:31:12Z,2026-10-10T11:24:00.000+02:00,N0041010700,N41,98.0,660
2026-10-10T09:31:12Z,2026-10-10T11:24:00.000+02:00,A0027020630,A27,102.0,1480
2026-10-10T09:31:12Z,2026-10-10T11:24:00.000+02:00,A0022021512,A22,79.0,2410
2026-10-10T09:31:12Z,2026-10-10T11:24:00.000+02:00,A0022021511,A22,79.0,2370
2026-10-10T09:31:12Z,2026-10-10T11:24:00.000+02:00,A0027020610,A27,98.0,1430
2026-10-10T09:31:12Z,2026-10-10T11:24:00.000+02:00,A0025021720,A25,98.0,2550
2026-10-10T09:31:12Z,2026-10-10T11:24:00.000+02:00,A0022021520,A22,79.0,2410
2026-10-10T09:31:12Z,2026-10-10T11:24:00.000+02:00,A0025022140,A25,110.0,2350
2026-10-10T09:31:12Z,2026-10-10T11:24:00.000+02:00,A0022011302,A22,74.0,2170
2026-10-10T09:31:12Z,2026-10-10T11:24:00.000+02:00,A0025022160,A25,106.0,2470
2026-10-10T09:31:12Z,2026-10-10T11:24:00.000+02:00,A0027010201,A27,90.0,1330
2026-10-10T09:31:12Z,2026-10-10T11:24:00.000+02:00,A0027010202,A27,65.0,710
2026-10-10T09:31:12Z,2026-10-10T11:24:00.000+02:00,N9227110110,N227 (bretelle),73.0,1460
2026-10-10T09:31:12Z,2026-10-10T11:24:00.000+02:00,A0025012130,A25,108.0,1210
2026-10-10T09:31:12Z,2026-10-10T11:24:00.000+02:00,A0027010210,A27,65.0,710
2026-10-10T09:31:12Z,2026-10-10T11:24:00.000+02:00,A0025011050,A25,89.0,2100
2026-10-10T09:31:12Z,2026-10-10T11:24:00.000+02:00,A0025012140,A25,96.0,960
2026-10-10T09:31:12Z,2026-10-10T11:24:00.000+02:00,A0027010421,A27,99.0,1040
2026-10-10T09:31:12Z,2026-10-10T11:24:00.000+02:00,A0022012420,A22,93.0,3100
2026-10-10T09:31:12Z,2026-10-10T11:24:00.000+02:00,A0027010430,A27,104.0,1060
2026-10-10T09:31:12Z,2026-10-10T11:24:00.000+02:00,A0023020710,A23,105.0,1440
2026-10-10T09:31:12Z,2026-10-10T11:24:00.000+02:00,A0022012430,A22,91.0,3160
2026-10-10T09:31:12Z,2026-10-10T11:24:00.000+02:00,A0025012160,A25,121.0,2650
2026-10-10T09:31:12Z,2026-10-10T11:24:00.000+02:00,A9022021200,A22 (rocade),66.0,160
2026-10-10T09:31:12Z,2026-10-10T11:24:00.000+02:00,A0001021100,A1,89.0,3340
2026-10-10T09:31:12Z,2026-10-10T11:24:00.000+02:00,A9022101000,A22 (rocade),77.0,1080
2026-10-10T09:31:12Z,2026-10-10T11:24:00.000+02:00,A0025013020,A25,108.0,2570
2026-10-10T09:31:12Z,2026-10-10T11:24:00.000+02:00,A0027010410,A27,99.0,1040
2026-10-10T09:31:12Z,2026-10-10T11:24:00.000+02:00,A0022012410,A22,91.0,3000
2026-10-10T09:31:12Z,2026-10-10T11:24:00.000+02:00,A0001A20112,A1,89.0,2140
2026-10-10T09:31:12Z,2026-10-10T11:24:00.000+02:00,A0001A20111,A1,86.0,1200
2026-10-10T09:31:12Z,2026-10-10T11:24:00.000+02:00,A0001021521,A1,83.0,2940
2026-10-10T09:31:12Z,2026-10-10T11:24:00.000+02:00,A0025022540,A25,111.0,1650
2026-10-10T09:31:12Z,2026-10-10T11:24:00.000+02:00,A0025022300,A25,119.0,670
2026-10-10T09:31:12Z,2026-10-10T11:24:00.000+02:00,N0356021000,N356,72.0,3180
2026-10-10T09:31:12Z,2026-10-10T11:24:00.000+02:00,A22TC010102,A22 (contournement),85.0,1710
2026-10-10T09:31:12Z,2026-10-10T11:24:00.000+02:00,A0001011503,A1,84.0,5510
2026-10-10T09:31:12Z,2026-10-10T11:24:00.000+02:00,A0022012200,A22,77.0,2840
2026-10-10T09:31:12Z,2026-10-10T11:24:00.000+02:00,A0001A20120,A1,86.0,2200
2026-10-10T09:31:12Z,2026-10-10T11:24:00.000+02:00,A22TC020102,A22 (contournement),86.0,2140
2026-10-10T09:31:12Z,2026-10-10T11:24:00.000+02:00,A22TC010300,A22 (contournement),83.0,1980
2026-10-10T09:31:12Z,2026-10-10T11:24:00.000+02:00,A0022012010,A22,78.0,1900
2026-10-10T09:31:12Z,2026-10-10T11:24:00.000+02:00,A0022012020,A22,78.0,1900
2026-10-10T09:31:12Z,2026-10-10T11:24:00.000+02:00,A0025022130,A25,124.0,2270
2026-10-10T09:31:12Z,2026-10-10T11:24:00.000+02:00,A0023010520,A23,114.0,1440
2026-10-10T09:31:12Z,2026-10-10T11:24:00.000+02:00,N0041020800,N41,94.0,1760
2026-10-10T09:31:12Z,2026-10-10T11:24:00.000+02:00,A0025010500,A25,69.0,2910
2026-10-10T09:31:12Z,2026-10-10T11:24:00.000+02:00,A0022020901,A22,77.0,3090
2026-10-10T09:31:12Z,2026-10-10T11:24:00.000+02:00,A0022020902,A22,77.0,2480
2026-10-10T09:31:12Z,2026-10-10T11:24:00.000+02:00,A0022021810,A22,81.0,2160
2026-10-10T09:31:12Z,2026-10-10T11:24:00.000+02:00,N0356011100,N356,70.0,3000
2026-10-10T09:31:12Z,2026-10-10T11:24:00.000+02:00,A0022021820,A22,81.0,2160
2026-10-10T09:31:12Z,2026-10-10T11:24:00.000+02:00,N0356020802,N356,67.0,3710
2026-10-10T09:31:12Z,2026-10-10T11:24:00.000+02:00,A9022020900,A22 (rocade),77.0,600
2026-10-10T09:31:12Z,2026-10-10T11:24:00.000+02:00,A0025020102,A25,65.0,2360
2026-10-10T09:31:12Z,2026-10-10T11:24:00.000+02:00,A0023010100,A23,87.0,180
2026-10-10T09:31:12Z,2026-10-10T11:24:00.000+02:00,A0025022530,A25,114.0,1650
2026-10-10T09:31:12Z,2026-10-10T11:24:00.000+02:00,A9001210200,A1 (bretelle),65.0,1200
2026-10-10T09:31:12Z,2026-10-10T11:24:00.000+02:00,A0022010700,A22,75.0,2450
2026-10-10T09:31:12Z,2026-10-10T11:24:00.000+02:00,N0041020400,N41,88.0,2280
2026-10-10T09:31:12Z,2026-10-10T11:24:00.000+02:00,A0023020720,A23,115.0,1410
2026-10-10T09:31:12Z,2026-10-10T11:24:00.000+02:00,A0022020500,A22,77.0,1620
2026-10-10T09:31:12Z,2026-10-10T11:24:00.000+02:00,N93563b0150,N356 (bretelle),66.0,120
2026-10-10T09:31:12Z,2026-10-10T11:24:00.000+02:00,A0025020950,A25,92.0,2540
2026-10-10T09:31:12Z,2026-10-10T11:24:00.000+02:00,A0023020300,A23,90.0,1350
2026-10-10T09:31:12Z,2026-10-10T11:24:00.000+02:00,A0001011000,A1,85.0,3460
2026-10-10T09:31:12Z,2026-10-10T11:24:00.000+02:00,A0027020500,A27,86.0,920
2026-10-10T09:31:12Z,2026-10-10T11:24:00.000+02:00,N0356011500,N356,70.0,3450
2026-10-10T09:31:12Z,2026-10-10T11:24:00.000+02:00,A0001010150,A1,109.0,3180
2026-10-10T09:31:12Z,2026-10-10T11:24:00.000+02:00,N0356020400,N356,62.0,1760
2026-10-10T09:31:12Z,2026-10-10T11:24:00.000+02:00,N0041020600,N41,100.0,90
2026-10-10T09:31:12Z,2026-10-10T11:24:00.000+02:00,A0025010700,A25,70.0,1750
2026-10-10T09:31:12Z,2026-10-10T11:24:00.000+02:00,A0002011230,A2,108.0,2370
2026-10-10T09:31:12Z,2026-10-10T11:24:00.000+02:00,A0025020500,A25,70.0,2680
2026-10-10T09:31:12Z,2026-10-10T11:24:00.000+02:00,A0002021290,A2,106.0,2470
2026-10-10T09:31:12Z,2026-10-10T11:24:00.000+02:00,A0022011600,A22,83.0,1670
2026-10-10T09:41:09Z,2026-10-10T11:30:00.000+02:00,A0001011200,A1,80.0,3700
2026-10-10T09:41:09Z,2026-10-10T11:30:00.000+02:00,A0027010102,A27,89.0,2660
2026-10-10T09:41:09Z,2026-10-10T11:30:00.000+02:00,N0041010100,N41,84.0,740
2026-10-10T09:41:09Z,2026-10-10T11:30:00.000+02:00,A0027010101,A27,89.0,2660
2026-10-10T09:41:09Z,2026-10-10T11:30:00.000+02:00,A9022010250,A22 (rocade),83.0,530
2026-10-10T09:41:09Z,2026-10-10T11:30:00.000+02:00,A0001020150,A1,107.0,3350
2026-10-10T09:41:09Z,2026-10-10T11:30:00.000+02:00,N0356011700,N356,71.0,2970
2026-10-10T09:41:09Z,2026-10-10T11:30:00.000+02:00,N9227110200,N227 (bretelle),67.0,80
2026-10-10T09:41:09Z,2026-10-10T11:30:00.000+02:00,N0356021300,N356,64.0,3280
2026-10-10T09:41:09Z,2026-10-10T11:30:00.000+02:00,A0022011400,A22,76.0,730
2026-10-10T09:41:09Z,2026-10-10T11:30:00.000+02:00,A0027010300,A27,92.0,600
2026-10-10T09:41:09Z,2026-10-10T11:30:00.000+02:00,A9022020250,A22 (rocade),56.0,900
2026-10-10T09:41:09Z,2026-10-10T11:30:00.000+02:00,N0041010300,N41,87.0,2160
2026-10-10T09:41:09Z,2026-10-10T11:30:00.000+02:00,A0022011210,A22,75.0,910
2026-10-10T09:41:09Z,2026-10-10T11:30:00.000+02:00,A0027020100,A27,71.0,1410
2026-10-10T09:41:09Z,2026-10-10T11:30:00.000+02:00,A0001010300,A1,103.0,3530
2026-10-10T09:41:09Z,2026-10-10T11:30:00.000+02:00,A0022011220,A22,75.0,910
2026-10-10T09:41:09Z,2026-10-10T11:30:00.000+02:00,N0227021400,N227,86.0,90
2026-10-10T09:41:09Z,2026-10-10T11:30:00.000+02:00,A9022101110,A22 (rocade),78.0,1190
2026-10-10T09:41:09Z,2026-10-10T11:30:00.000+02:00,A0022022110,A22,86.0,3210
2026-10-10T09:41:09Z,2026-10-10T11:30:00.000+02:00,A0001011420,A1,82.0,3150
2026-10-10T09:41:09Z,2026-10-10T11:30:00.000+02:00,N0356010800,N356,71.0,3280
2026-10-10T09:41:09Z,2026-10-10T11:30:00.000+02:00,A9001210710,A1 (bretelle),69.0,1960
2026-10-10T09:41:09Z,2026-10-10T11:30:00.000+02:00,N0356021110,N356,71.0,3480
2026-10-10T09:41:09Z,2026-10-10T11:30:00.000+02:00,A0001010510,A1,103.0,3370
2026-10-10T09:41:09Z,2026-10-10T11:30:00.000+02:00,N0356021122,N356,64.0,3520
2026-10-10T09:41:09Z,2026-10-10T11:30:00.000+02:00,N0356021121,N356,71.0,3480
2026-10-10T09:41:09Z,2026-10-10T11:30:00.000+02:00,A0025010210,A25,70.0,4530
2026-10-10T09:41:09Z,2026-10-10T11:30:00.000+02:00,A0025011300,A25,86.0,1800
2026-10-10T09:41:09Z,2026-10-10T11:30:00.000+02:00,A0001020300,A1,108.0,3190
2026-10-10T09:41:09Z,2026-10-10T11:30:00.000+02:00,A0025021100,A25,85.0,2310
2026-10-10T09:41:09Z,2026-10-10T11:30:00.000+02:00,A0025023520,A25,112.0,1100
2026-10-10T09:41:09Z,2026-10-10T11:30:00.000+02:00,A0022022130,A22,97.0,2890
2026-10-10T09:41:09Z,2026-10-10T11:30:00.000+02:00,A0025010220,A25,70.0,4530
2026-10-10T09:41:09Z,2026-10-10T11:30:00.000+02:00,A0022022120,A22,92.0,3140
2026-10-10T09:41:09Z,2026-10-10T11:30:00.000+02:00,A0001010520,A1,101.0,3650
2026-10-10T09:41:09Z,2026-10-10T11:30:00.000+02:00,A0022011000,A22,74.0,2600
2026-10-10T09:41:09Z,2026-10-10T11:30:00.000+02:00,A0001020510,A1,104.0,3420
2026-10-10T09:41:09Z,2026-10-10T11:30:00.000+02:00,A0001021602,A1,84.0,5260
2026-10-10T09:41:09Z,2026-10-10T11:30:00.000+02:00,A22TC020222,A22 (contournement),86.0,2690
2026-10-10T09:41:09Z,2026-10-10T11:30:00.000+02:00,A0001010940,A1,97.0,4390
2026-10-10T09:41:09Z,2026-10-10T11:30:00.000+02:00,A0025023320,A25,115.0,1560
2026-10-10T09:41:09Z,2026-10-10T11:30:00.000+02:00,A0001020520,A1,99.0,3560
2026-10-10T09:41:09Z,2026-10-10T11:30:00.000+02:00,A0025023100,A25,113.0,1440
2026-10-10T09:41:09Z,2026-10-10T11:30:00.000+02:00,A22TC020230,A22 (contournement),86.0,2690
2026-10-10T09:41:09Z,2026-10-10T11:30:00.000+02:00,A0025021730,A25,88.0,2850
2026-10-10T09:41:09Z,2026-10-10T11:30:00.000+02:00,A0025023910,A25,119.0,1090
2026-10-10T09:41:09Z,2026-10-10T11:30:00.000+02:00,A0025021735,A25,101.0,2770
2026-10-10T09:41:09Z,2026-10-10T11:30:00.000+02:00,A0023010400,A23,112.0,1640
2026-10-10T09:41:09Z,2026-10-10T11:30:00.000+02:00,A0022021900,A22,80.0,2550
2026-10-10T09:41:09Z,2026-10-10T11:30:00.000+02:00,A9022100500,A22 (rocade),77.0,1590
2026-10-10T09:41:09Z,2026-10-10T11:30:00.000+02:00,A0001020940,A1,88.0,4370
2026-10-10T09:41:09Z,2026-10-10T11:30:00.000+02:00,A0001020700,A1,93.0,3040
2026-10-10T09:41:09Z,2026-10-10T11:30:00.000+02:00,A9022020830,A22 (rocade),87.0,330
2026-10-10T09:41:09Z,2026-10-10T11:30:00.000+02:00,A9022020822,A22 (rocade),78.0,820
2026-10-10T09:41:09Z,2026-10-10T11:30:00.000+02:00,A9022020821,A22 (rocade),78.0,820
2026-10-10T09:41:09Z,2026-10-10T11:30:00.000+02:00,A0025020420,A25,71.0,3340
2026-10-10T09:41:09Z,2026-10-10T11:30:00.000+02:00,A0025021510,A25,94.0,1460
2026-10-10T09:41:09Z,2026-10-10T11:30:00.000+02:00,N0227010100,N227,64.0,1370
2026-10-10T09:41:09Z,2026-10-10T11:30:00.000+02:00,A0025011720,A25,99.0,3150
2026-10-10T09:41:09Z,2026-10-10T11:30:00.000+02:00,A0025021760,A25,87.0,2810
2026-10-10T09:41:09Z,2026-10-10T11:30:00.000+02:00,A0025011730,A25,85.0,3290
2026-10-10T09:41:09Z,2026-10-10T11:30:00.000+02:00,A0025011735,A25,99.0,3160
2026-10-10T09:41:09Z,2026-10-10T11:30:00.000+02:00,A9025080700,A25 (bretelle),,790
2026-10-10T09:41:09Z,2026-10-10T11:30:00.000+02:00,A9022100930,A22 (rocade),74.0,190
2026-10-10T09:41:09Z,2026-10-10T11:30:00.000+02:00,N0356011220,N356,71.0,2910
2026-10-10T09:41:09Z,2026-10-10T11:30:00.000+02:00,A0025011740,A25,85.0,3000
2026-10-10T09:41:09Z,2026-10-10T11:30:00.000+02:00,A0025010410,A25,69.0,3870
2026-10-10T09:41:09Z,2026-10-10T11:30:00.000+02:00,A0023010200,A23,90.0,1670
2026-10-10T09:41:09Z,2026-10-10T11:30:00.000+02:00,A9001210120,A1 (bretelle),77.0,630
2026-10-10T09:41:09Z,2026-10-10T11:30:00.000+02:00,A0025020210,A25,71.0,4320
2026-10-10T09:41:09Z,2026-10-10T11:30:00.000+02:00,N0356011210,N356,71.0,2910
2026-10-10T09:41:09Z,2026-10-10T11:30:00.000+02:00,A0025011510,A25,89.0,1990
2026-10-10T09:41:09Z,2026-10-10T11:30:00.000+02:00,A0025020220,A25,71.0,4320
2026-10-10T09:41:09Z,2026-10-10T11:30:00.000+02:00,N0227010302,N227,76.0,2300
2026-10-10T09:41:09Z,2026-10-10T11:30:00.000+02:00,N0041010500,N41,82.0,1530
2026-10-10T09:41:09Z,2026-10-10T11:30:00.000+02:00,N0227020101,N227,84.0,1980
2026-10-10T09:41:09Z,2026-10-10T11:30:00.000+02:00,A9022100110,A22 (rocade),63.0,850
2026-10-10T09:41:09Z,2026-10-10T11:30:00.000+02:00,A0022010400,A22,71.0,3080
2026-10-10T09:41:09Z,2026-10-10T11:30:00.000+02:00,N0356010302,N356,74.0,5360
2026-10-10T09:41:09Z,2026-10-10T11:30:00.000+02:00,A0025010800,A25,73.0,2850
2026-10-10T09:41:09Z,2026-10-10T11:30:00.000+02:00,A0027020621,A27,101.0,1330
2026-10-10T09:41:09Z,2026-10-10T11:30:00.000+02:00,N0041010700,N41,96.0,810
2026-10-10T09:41:09Z,2026-10-10T11:30:00.000+02:00,A0027020630,A27,103.0,1320
2026-10-10T09:41:09Z,2026-10-10T11:30:00.000+02:00,A0022021512,A22,77.0,2120
2026-10-10T09:41:09Z,2026-10-10T11:30:00.000+02:00,A0022021511,A22,78.0,2020
2026-10-10T09:41:09Z,2026-10-10T11:30:00.000+02:00,A0027020610,A27,101.0,1330
2026-10-10T09:41:09Z,2026-10-10T11:30:00.000+02:00,A0025021720,A25,99.0,2940
2026-10-10T09:41:09Z,2026-10-10T11:30:00.000+02:00,A0022021520,A22,77.0,2120
2026-10-10T09:41:09Z,2026-10-10T11:30:00.000+02:00,A0025022140,A25,112.0,2130
2026-10-10T09:41:09Z,2026-10-10T11:30:00.000+02:00,A0022011302,A22,76.0,2250
2026-10-10T09:41:09Z,2026-10-10T11:30:00.000+02:00,A0025022160,A25,110.0,2050
2026-10-10T09:41:09Z,2026-10-10T11:30:00.000+02:00,A0027010201,A27,92.0,1530
2026-10-10T09:41:09Z,2026-10-10T11:30:00.000+02:00,A0027010202,A27,84.0,950
2026-10-10T09:41:09Z,2026-10-10T11:30:00.000+02:00,N9227110110,N227 (bretelle),74.0,1340
2026-10-10T09:41:09Z,2026-10-10T11:30:00.000+02:00,A0025012130,A25,111.0,1200
2026-10-10T09:41:09Z,2026-10-10T11:30:00.000+02:00,A0027010210,A27,84.0,950
2026-10-10T09:41:09Z,2026-10-10T11:30:00.000+02:00,A0025011050,A25,91.0,1970
2026-10-10T09:41:09Z,2026-10-10T11:30:00.000+02:00,A0025012140,A25,20.0,770
2026-10-10T09:41:09Z,2026-10-10T11:30:00.000+02:00,A0027010421,A27,101.0,890
2026-10-10T09:41:09Z,2026-10-10T11:30:00.000+02:00,A0022012420,A22,85.0,3450
2026-10-10T09:41:09Z,2026-10-10T11:30:00.000+02:00,A0027010430,A27,104.0,900
2026-10-10T09:41:09Z,2026-10-10T11:30:00.000+02:00,A0023020710,A23,107.0,1480
2026-10-10T09:41:09Z,2026-10-10T11:30:00.000+02:00,A0022012430,A22,87.0,3290
2026-10-10T09:41:09Z,2026-10-10T11:30:00.000+02:00,A0025012160,A25,119.0,2640
2026-10-10T09:41:09Z,2026-10-10T11:30:00.000+02:00,A9022021200,A22 (rocade),65.0,300
2026-10-10T09:41:09Z,2026-10-10T11:30:00.000+02:00,A0001021100,A1,87.0,3740
2026-10-10T09:41:09Z,2026-10-10T11:30:00.000+02:00,A9022101000,A22 (rocade),57.0,1060
2026-10-10T09:41:09Z,2026-10-10T11:30:00.000+02:00,A0025013020,A25,107.0,2200
2026-10-10T09:41:09Z,2026-10-10T11:30:00.000+02:00,A0027010410,A27,101.0,890
2026-10-10T09:41:09Z,2026-10-10T11:30:00.000+02:00,A0022012410,A22,87.0,3530
2026-10-10T09:41:09Z,2026-10-10T11:30:00.000+02:00,A0001A20112,A1,88.0,2180
2026-10-10T09:41:09Z,2026-10-10T11:30:00.000+02:00,A0001A20111,A1,89.0,1250
2026-10-10T09:41:09Z,2026-10-10T11:30:00.000+02:00,A0001021521,A1,82.0,3160
2026-10-10T09:41:09Z,2026-10-10T11:30:00.000+02:00,A0025022540,A25,111.0,1710
2026-10-10T09:41:09Z,2026-10-10T11:30:00.000+02:00,A0025022300,A25,109.0,540
2026-10-10T09:41:09Z,2026-10-10T11:30:00.000+02:00,N0356021000,N356,72.0,3130
2026-10-10T09:41:09Z,2026-10-10T11:30:00.000+02:00,A22TC010102,A22 (contournement),84.0,1480
2026-10-10T09:41:09Z,2026-10-10T11:30:00.000+02:00,A0001011503,A1,84.0,5800
2026-10-10T09:41:09Z,2026-10-10T11:30:00.000+02:00,A0022012200,A22,75.0,2990
2026-10-10T09:41:09Z,2026-10-10T11:30:00.000+02:00,A0001A20120,A1,87.0,2330
2026-10-10T09:41:09Z,2026-10-10T11:30:00.000+02:00,A22TC020102,A22 (contournement),83.0,2220
2026-10-10T09:41:09Z,2026-10-10T11:30:00.000+02:00,A22TC010300,A22 (contournement),80.0,1810
2026-10-10T09:41:09Z,2026-10-10T11:30:00.000+02:00,A0022012010,A22,75.0,2160
2026-10-10T09:41:09Z,2026-10-10T11:30:00.000+02:00,A0022012020,A22,75.0,2160
2026-10-10T09:41:09Z,2026-10-10T11:30:00.000+02:00,A0025022130,A25,127.0,2200
2026-10-10T09:41:09Z,2026-10-10T11:30:00.000+02:00,A0023010520,A23,116.0,1600
2026-10-10T09:41:09Z,2026-10-10T11:30:00.000+02:00,N0041020800,N41,95.0,1980
2026-10-10T09:41:09Z,2026-10-10T11:30:00.000+02:00,A0025010500,A25,70.0,2740
2026-10-10T09:41:09Z,2026-10-10T11:30:00.000+02:00,A0022020901,A22,72.0,2840
2026-10-10T09:41:09Z,2026-10-10T11:30:00.000+02:00,A0022020902,A22,72.0,2160
2026-10-10T09:41:09Z,2026-10-10T11:30:00.000+02:00,A0022021810,A22,80.0,2290
2026-10-10T09:41:09Z,2026-10-10T11:30:00.000+02:00,N0356011100,N356,70.0,2770
2026-10-10T09:41:09Z,2026-10-10T11:30:00.000+02:00,A0022021820,A22,80.0,2290
2026-10-10T09:41:09Z,2026-10-10T11:30:00.000+02:00,N0356020802,N356,69.0,3310
2026-10-10T09:41:09Z,2026-10-10T11:30:00.000+02:00,A9022020900,A22 (rocade),73.0,830
2026-10-10T09:41:09Z,2026-10-10T11:30:00.000+02:00,A0025020102,A25,65.0,2300
2026-10-10T09:41:09Z,2026-10-10T11:30:00.000+02:00,A0023010100,A23,93.0,260
2026-10-10T09:41:09Z,2026-10-10T11:30:00.000+02:00,A0025022530,A25,115.0,1650
2026-10-10T09:41:09Z,2026-10-10T11:30:00.000+02:00,A9001210200,A1 (bretelle),66.0,1230
2026-10-10T09:41:09Z,2026-10-10T11:30:00.000+02:00,A0022010700,A22,78.0,2300
2026-10-10T09:41:09Z,2026-10-10T11:30:00.000+02:00,N0041020400,N41,88.0,2260
2026-10-10T09:41:09Z,2026-10-10T11:30:00.000+02:00,A0023020720,A23,113.0,1600
2026-10-10T09:41:09Z,2026-10-10T11:30:00.000+02:00,A0022020500,A22,72.0,1650
2026-10-10T09:41:09Z,2026-10-10T11:30:00.000+02:00,N93563b0150,N356 (bretelle),68.0,80
2026-10-10T09:41:09Z,2026-10-10T11:30:00.000+02:00,A0025020950,A25,90.0,2660
2026-10-10T09:41:09Z,2026-10-10T11:30:00.000+02:00,A0023020300,A23,98.0,1470
2026-10-10T09:41:09Z,2026-10-10T11:30:00.000+02:00,A0001011000,A1,84.0,3440
2026-10-10T09:41:09Z,2026-10-10T11:30:00.000+02:00,A0027020500,A27,94.0,840
2026-10-10T09:41:09Z,2026-10-10T11:30:00.000+02:00,N0356011500,N356,67.0,3010
2026-10-10T09:41:09Z,2026-10-10T11:30:00.000+02:00,A0001010150,A1,107.0,3560
2026-10-10T09:41:09Z,2026-10-10T11:30:00.000+02:00,N0356020400,N356,58.0,1660
2026-10-10T09:41:09Z,2026-10-10T11:30:00.000+02:00,N0041020600,N41,98.0,80
2026-10-10T09:41:09Z,2026-10-10T11:30:00.000+02:00,A0025010700,A25,73.0,1600
2026-10-10T09:41:09Z,2026-10-10T11:30:00.000+02:00,A0002011230,A2,108.0,2370
2026-10-10T09:41:09Z,2026-10-10T11:30:00.000+02:00,A0025020500,A25,71.0,2320
2026-10-10T09:41:09Z,2026-10-10T11:30:00.000+02:00,A0002021290,A2,104.0,2650
2026-10-10T09:41:09Z,2026-10-10T11:30:00.000+02:00,A0022011600,A22,72.0,1630
2026-10-10T09:51:05Z,2026-10-10T11:42:00.000+02:00,A0001011200,A1,80.0,3930
2026-10-10T09:51:05Z,2026-10-10T11:42:00.000+02:00,A0027010102,A27,88.0,2520
2026-10-10T09:51:05Z,2026-10-10T11:42:00.000+02:00,N0041010100,N41,86.0,790
2026-10-10T09:51:05Z,2026-10-10T11:42:00.000+02:00,A0027010101,A27,88.0,2520
2026-10-10T09:51:05Z,2026-10-10T11:42:00.000+02:00,A9022010250,A22 (rocade),85.0,560
2026-10-10T09:51:05Z,2026-10-10T11:42:00.000+02:00,A0001020150,A1,106.0,3750
2026-10-10T09:51:05Z,2026-10-10T11:42:00.000+02:00,N0356011700,N356,74.0,2780
2026-10-10T09:51:05Z,2026-10-10T11:42:00.000+02:00,N9227110200,N227 (bretelle),69.0,80
2026-10-10T09:51:05Z,2026-10-10T11:42:00.000+02:00,N0356021300,N356,66.0,3270
2026-10-10T09:51:05Z,2026-10-10T11:42:00.000+02:00,A0022011400,A22,75.0,720
2026-10-10T09:51:05Z,2026-10-10T11:42:00.000+02:00,A0027010300,A27,92.0,830
2026-10-10T09:51:05Z,2026-10-10T11:42:00.000+02:00,A9022020250,A22 (rocade),29.0,690
2026-10-10T09:51:05Z,2026-10-10T11:42:00.000+02:00,N0041010300,N41,89.0,2000
2026-10-10T09:51:05Z,2026-10-10T11:42:00.000+02:00,A0022011210,A22,67.0,900
2026-10-10T09:51:05Z,2026-10-10T11:42:00.000+02:00,A0027020100,A27,69.0,1580
2026-10-10T09:51:05Z,2026-10-10T11:42:00.000+02:00,A0001010300,A1,108.0,4000
2026-10-10T09:51:05Z,2026-10-10T11:42:00.000+02:00,A0022011220,A22,67.0,900
2026-10-10T09:51:05Z,2026-10-10T11:42:00.000+02:00,N0227021400,N227,109.0,90
2026-10-10T09:51:05Z,2026-10-10T11:42:00.000+02:00,A9022101110,A22 (rocade),78.0,1380
2026-10-10T09:51:05Z,2026-10-10T11:42:00.000+02:00,A0022022110,A22,79.0,3570
2026-10-10T09:51:05Z,2026-10-10T11:42:00.000+02:00,A0001011420,A1,83.0,3340
2026-10-10T09:51:05Z,2026-10-10T11:42:00.000+02:00,N0356010800,N356,73.0,3070
2026-10-10T09:51:05Z,2026-10-10T11:42:00.000+02:00,A9001210710,A1 (bretelle),68.0,2070
2026-10-10T09:51:05Z,2026-10-10T11:42:00.000+02:00,N0356021110,N356,70.0,3620
2026-10-10T09:51:05Z,2026-10-10T11:42:00.000+02:00,A0001010510,A1,108.0,3480
2026-10-10T09:51:05Z,2026-10-10T11:42:00.000+02:00,N0356021122,N356,64.0,3610
2026-10-10T09:51:05Z,2026-10-10T11:42:00.000+02:00,N0356021121,N356,70.0,3620
2026-10-10T09:51:05Z,2026-10-10T11:42:00.000+02:00,A0025010210,A25,67.0,5140
2026-10-10T09:51:05Z,2026-10-10T11:42:00.000+02:00,A0025011300,A25,86.0,1660
2026-10-10T09:51:05Z,2026-10-10T11:42:00.000+02:00,A0001020300,A1,106.0,3630
2026-10-10T09:51:05Z,2026-10-10T11:42:00.000+02:00,A0025021100,A25,86.0,2370
2026-10-10T09:51:05Z,2026-10-10T11:42:00.000+02:00,A0025023520,A25,115.0,1250
2026-10-10T09:51:05Z,2026-10-10T11:42:00.000+02:00,A0022022130,A22,94.0,3190
2026-10-10T09:51:05Z,2026-10-10T11:42:00.000+02:00,A0025010220,A25,67.0,5140
2026-10-10T09:51:05Z,2026-10-10T11:42:00.000+02:00,A0022022120,A22,88.0,3420
2026-10-10T09:51:05Z,2026-10-10T11:42:00.000+02:00,A0001010520,A1,99.0,4140
2026-10-10T09:51:05Z,2026-10-10T11:42:00.000+02:00,A0022011000,A22,76.0,2790
2026-10-10T09:51:05Z,2026-10-10T11:42:00.000+02:00,A0001020510,A1,103.0,3700
2026-10-10T09:51:05Z,2026-10-10T11:42:00.000+02:00,A0001021602,A1,81.0,5600
2026-10-10T09:51:05Z,2026-10-10T11:42:00.000+02:00,A22TC020222,A22 (contournement),83.0,2470
2026-10-10T09:51:05Z,2026-10-10T11:42:00.000+02:00,A0001010940,A1,95.0,4470
2026-10-10T09:51:05Z,2026-10-10T11:42:00.000+02:00,A0025023320,A25,111.0,1910
2026-10-10T09:51:05Z,2026-10-10T11:42:00.000+02:00,A0001020520,A1,98.0,3830
2026-10-10T09:51:05Z,2026-10-10T11:42:00.000+02:00,A0025023100,A25,113.0,1510
2026-10-10T09:51:05Z,2026-10-10T11:42:00.000+02:00,A22TC020230,A22 (contournement),83.0,2470
2026-10-10T09:51:05Z,2026-10-10T11:42:00.000+02:00,A0025021730,A25,88.0,3010
2026-10-10T09:51:05Z,2026-10-10T11:42:00.000+02:00,A0025023910,A25,118.0,1080
2026-10-10T09:51:05Z,2026-10-10T11:42:00.000+02:00,A0025021735,A25,102.0,2960
2026-10-10T09:51:05Z,2026-10-10T11:42:00.000+02:00,A0023010400,A23,108.0,1810
2026-10-10T09:51:05Z,2026-10-10T11:42:00.000+02:00,A0022021900,A22,78.0,2850
2026-10-10T09:51:05Z,2026-10-10T11:42:00.000+02:00,A9022100500,A22 (rocade),75.0,1500
2026-10-10T09:51:05Z,2026-10-10T11:42:00.000+02:00,A0001020940,A1,88.0,4350
2026-10-10T09:51:05Z,2026-10-10T11:42:00.000+02:00,A0001020700,A1,93.0,3170
2026-10-10T09:51:05Z,2026-10-10T11:42:00.000+02:00,A9022020830,A22 (rocade),83.0,330
2026-10-10T09:51:05Z,2026-10-10T11:42:00.000+02:00,A9022020822,A22 (rocade),70.0,1080
2026-10-10T09:51:05Z,2026-10-10T11:42:00.000+02:00,A9022020821,A22 (rocade),70.0,1080
2026-10-10T09:51:05Z,2026-10-10T11:42:00.000+02:00,A0025020420,A25,71.0,3360
2026-10-10T09:51:05Z,2026-10-10T11:42:00.000+02:00,A0025021510,A25,89.0,1300
2026-10-10T09:51:05Z,2026-10-10T11:42:00.000+02:00,N0227010100,N227,65.0,1230
2026-10-10T09:51:05Z,2026-10-10T11:42:00.000+02:00,A0025011720,A25,98.0,3560
2026-10-10T09:51:05Z,2026-10-10T11:42:00.000+02:00,A0025021760,A25,86.0,2900
2026-10-10T09:51:05Z,2026-10-10T11:42:00.000+02:00,A0025011730,A25,82.0,3570
2026-10-10T09:51:05Z,2026-10-10T11:42:00.000+02:00,A0025011735,A25,99.0,3410
2026-10-10T09:51:05Z,2026-10-10T11:42:00.000+02:00,A9025080700,A25 (bretelle),,700
2026-10-10T09:51:05Z,2026-10-10T11:42:00.000+02:00,A9022100930,A22 (rocade),73.0,170
2026-10-10T09:51:05Z,2026-10-10T11:42:00.000+02:00,N0356011220,N356,71.0,3000
2026-10-10T09:51:05Z,2026-10-10T11:42:00.000+02:00,A0025011740,A25,84.0,3360
2026-10-10T09:51:05Z,2026-10-10T11:42:00.000+02:00,A0025010410,A25,68.0,4130
2026-10-10T09:51:05Z,2026-10-10T11:42:00.000+02:00,A0023010200,A23,92.0,1800
2026-10-10T09:51:05Z,2026-10-10T11:42:00.000+02:00,A9001210120,A1 (bretelle),77.0,690
2026-10-10T09:51:05Z,2026-10-10T11:42:00.000+02:00,A0025020210,A25,71.0,4420
2026-10-10T09:51:05Z,2026-10-10T11:42:00.000+02:00,N0356011210,N356,71.0,3000
2026-10-10T09:51:05Z,2026-10-10T11:42:00.000+02:00,A0025011510,A25,86.0,1740
2026-10-10T09:51:05Z,2026-10-10T11:42:00.000+02:00,A0025020220,A25,71.0,4420
2026-10-10T09:51:05Z,2026-10-10T11:42:00.000+02:00,N0227010302,N227,72.0,2460
2026-10-10T09:51:05Z,2026-10-10T11:42:00.000+02:00,N0041010500,N41,96.0,1480
2026-10-10T09:51:05Z,2026-10-10T11:42:00.000+02:00,N0227020101,N227,84.0,2240
2026-10-10T09:51:05Z,2026-10-10T11:42:00.000+02:00,A9022100110,A22 (rocade),65.0,800
2026-10-10T09:51:05Z,2026-10-10T11:42:00.000+02:00,A0022010400,A22,73.0,2760
2026-10-10T09:51:05Z,2026-10-10T11:42:00.000+02:00,N0356010302,N356,73.0,5450
2026-10-10T09:51:05Z,2026-10-10T11:42:00.000+02:00,A0025010800,A25,72.0,3020
2026-10-10T09:51:05Z,2026-10-10T11:42:00.000+02:00,A0027020621,A27,102.0,1370
2026-10-10T09:51:05Z,2026-10-10T11:42:00.000+02:00,N0041010700,N41,100.0,670
2026-10-10T09:51:05Z,2026-10-10T11:42:00.000+02:00,A0027020630,A27,103.0,1420
2026-10-10T09:51:05Z,2026-10-10T11:42:00.000+02:00,A0022021512,A22,78.0,2300
2026-10-10T09:51:05Z,2026-10-10T11:42:00.000+02:00,A0022021511,A22,78.0,2280
2026-10-10T09:51:05Z,2026-10-10T11:42:00.000+02:00,A0027020610,A27,102.0,1370
2026-10-10T09:51:05Z,2026-10-10T11:42:00.000+02:00,A0025021720,A25,102.0,2880
2026-10-10T09:51:05Z,2026-10-10T11:42:00.000+02:00,A0022021520,A22,78.0,2300
2026-10-10T09:51:05Z,2026-10-10T11:42:00.000+02:00,A0025022140,A25,110.0,2410
2026-10-10T09:51:05Z,2026-10-10T11:42:00.000+02:00,A0022011302,A22,74.0,2260
2026-10-10T09:51:05Z,2026-10-10T11:42:00.000+02:00,A0025022160,A25,107.0,2460
2026-10-10T09:51:05Z,2026-10-10T11:42:00.000+02:00,A0027010201,A27,92.0,1760
2026-10-10T09:51:05Z,2026-10-10T11:42:00.000+02:00,A0027010202,A27,78.0,970
2026-10-10T09:51:05Z,2026-10-10T11:42:00.000+02:00,N9227110110,N227 (bretelle),74.0,1270
2026-10-10T09:51:05Z,2026-10-10T11:42:00.000+02:00,A0025012130,A25,97.0,1340
2026-10-10T09:51:05Z,2026-10-10T11:42:00.000+02:00,A0027010210,A27,78.0,970
2026-10-10T09:51:05Z,2026-10-10T11:42:00.000+02:00,A0025011050,A25,85.0,1940
2026-10-10T09:51:05Z,2026-10-10T11:42:00.000+02:00,A0025012140,A25,97.0,570
2026-10-10T09:51:05Z,2026-10-10T11:42:00.000+02:00,A0027010421,A27,96.0,1150
2026-10-10T09:51:05Z,2026-10-10T11:42:00.000+02:00,A0022012420,A22,90.0,3280
2026-10-10T09:51:05Z,2026-10-10T11:42:00.000+02:00,A0027010430,A27,101.0,1200
2026-10-10T09:51:05Z,2026-10-10T11:42:00.000+02:00,A0023020710,A23,109.0,1460
2026-10-10T09:51:05Z,2026-10-10T11:42:00.000+02:00,A0022012430,A22,87.0,3330
2026-10-10T09:51:05Z,2026-10-10T11:42:00.000+02:00,A0025012160,A25,117.0,2900
2026-10-10T09:51:05Z,2026-10-10T11:42:00.000+02:00,A9022021200,A22 (rocade),62.0,270
2026-10-10T09:51:05Z,2026-10-10T11:42:00.000+02:00,A0001021100,A1,88.0,3740
2026-10-10T09:51:05Z,2026-10-10T11:42:00.000+02:00,A9022101000,A22 (rocade),65.0,910
2026-10-10T09:51:05Z,2026-10-10T11:42:00.000+02:00,A0025013020,A25,109.0,2500
2026-10-10T09:51:05Z,2026-10-10T11:42:00.000+02:00,A0027010410,A27,96.0,1150
2026-10-10T09:51:05Z,2026-10-10T11:42:00.000+02:00,A0022012410,A22,89.0,3330
2026-10-10T09:51:05Z,2026-10-10T11:42:00.000+02:00,A0001A20112,A1,88.0,2160
2026-10-10T09:51:05Z,2026-10-10T11:42:00.000+02:00,A0001A20111,A1,84.0,1120
2026-10-10T09:51:05Z,2026-10-10T11:42:00.000+02:00,A0001021521,A1,83.0,3350
2026-10-10T09:51:05Z,2026-10-10T11:42:00.000+02:00,A0025022540,A25,113.0,1820
2026-10-10T09:51:05Z,2026-10-10T11:42:00.000+02:00,A0025022300,A25,112.0,800
2026-10-10T09:51:05Z,2026-10-10T11:42:00.000+02:00,N0356021000,N356,71.0,3250
2026-10-10T09:51:05Z,2026-10-10T11:42:00.000+02:00,A22TC010102,A22 (contournement),87.0,1470
2026-10-10T09:51:05Z,2026-10-10T11:42:00.000+02:00,A0001011503,A1,85.0,6040
2026-10-10T09:51:05Z,2026-10-10T11:42:00.000+02:00,A0022012200,A22,77.0,2960
2026-10-10T09:51:05Z,2026-10-10T11:42:00.000+02:00,A0001A20120,A1,84.0,2350
2026-10-10T09:51:05Z,2026-10-10T11:42:00.000+02:00,A22TC020102,A22 (contournement),83.0,2340
2026-10-10T09:51:05Z,2026-10-10T11:42:00.000+02:00,A22TC010300,A22 (contournement),77.0,2180
2026-10-10T09:51:05Z,2026-10-10T11:42:00.000+02:00,A0022012010,A22,78.0,2120
2026-10-10T09:51:05Z,2026-10-10T11:42:00.000+02:00,A0022012020,A22,78.0,2120
2026-10-10T09:51:05Z,2026-10-10T11:42:00.000+02:00,A0025022130,A25,127.0,2450
2026-10-10T09:51:05Z,2026-10-10T11:42:00.000+02:00,A0023010520,A23,115.0,1720
2026-10-10T09:51:05Z,2026-10-10T11:42:00.000+02:00,N0041020800,N41,96.0,1950
2026-10-10T09:51:05Z,2026-10-10T11:42:00.000+02:00,A0025010500,A25,68.0,3030
2026-10-10T09:51:05Z,2026-10-10T11:42:00.000+02:00,A0022020901,A22,75.0,2710
2026-10-10T09:51:05Z,2026-10-10T11:42:00.000+02:00,A0022020902,A22,75.0,2140
2026-10-10T09:51:05Z,2026-10-10T11:42:00.000+02:00,A0022021810,A22,78.0,2330
2026-10-10T09:51:05Z,2026-10-10T11:42:00.000+02:00,N0356011100,N356,72.0,2800
2026-10-10T09:51:05Z,2026-10-10T11:42:00.000+02:00,A0022021820,A22,78.0,2330
2026-10-10T09:51:05Z,2026-10-10T11:42:00.000+02:00,N0356020802,N356,67.0,3520
2026-10-10T09:51:05Z,2026-10-10T11:42:00.000+02:00,A9022020900,A22 (rocade),83.0,860
2026-10-10T09:51:05Z,2026-10-10T11:42:00.000+02:00,A0025020102,A25,68.0,2230
2026-10-10T09:51:05Z,2026-10-10T11:42:00.000+02:00,A0023010100,A23,94.0,330
2026-10-10T09:51:05Z,2026-10-10T11:42:00.000+02:00,A0025022530,A25,116.0,1760
2026-10-10T09:51:05Z,2026-10-10T11:42:00.000+02:00,A9001210200,A1 (bretelle),64.0,1270
2026-10-10T09:51:05Z,2026-10-10T11:42:00.000+02:00,A0022010700,A22,76.0,2250
2026-10-10T09:51:05Z,2026-10-10T11:42:00.000+02:00,N0041020400,N41,87.0,2450
2026-10-10T09:51:05Z,2026-10-10T11:42:00.000+02:00,A0023020720,A23,115.0,1460
2026-10-10T09:51:05Z,2026-10-10T11:42:00.000+02:00,A0022020500,A22,75.0,1350
2026-10-10T09:51:05Z,2026-10-10T11:42:00.000+02:00,N93563b0150,N356 (bretelle),69.0,130
2026-10-10T09:51:05Z,2026-10-10T11:42:00.000+02:00,A0025020950,A25,91.0,2950
2026-10-10T09:51:05Z,2026-10-10T11:42:00.000+02:00,A0023020300,A23,80.0,1370
2026-10-10T09:51:05Z,2026-10-10T11:42:00.000+02:00,A0001011000,A1,84.0,3820
2026-10-10T09:51:05Z,2026-10-10T11:42:00.000+02:00,A0027020500,A27,92.0,950
2026-10-10T09:51:05Z,2026-10-10T11:42:00.000+02:00,N0356011500,N356,70.0,3100
2026-10-10T09:51:05Z,2026-10-10T11:42:00.000+02:00,A0001010150,A1,107.0,4030
2026-10-10T09:51:05Z,2026-10-10T11:42:00.000+02:00,N0356020400,N356,53.0,1930
2026-10-10T09:51:05Z,2026-10-10T11:42:00.000+02:00,N0041020600,N41,93.0,10
2026-10-10T09:51:05Z,2026-10-10T11:42:00.000+02:00,A0025010700,A25,71.0,1630
2026-10-10T09:51:05Z,2026-10-10T11:42:00.000+02:00,A0002011230,A2,108.0,2420
2026-10-10T09:51:05Z,2026-10-10T11:42:00.000+02:00,A0025020500,A25,71.0,2610
2026-10-10T09:51:05Z,2026-10-10T11:42:00.000+02:00,A0002021290,A2,107.0,2600
2026-10-10T09:51:05Z,2026-10-10T11:42:00.000+02:00,A0022011600,A22,72.0,1600
2026-10-10T10:01:14Z,2026-10-10T11:54:00.000+02:00,A0001011200,A1,78.0,3670
2026-10-10T10:01:14Z,2026-10-10T11:54:00.000+02:00,A0027010102,A27,92.0,2700
2026-10-10T10:01:14Z,2026-10-10T11:54:00.000+02:00,N0041010100,N41,85.0,1160
2026-10-10T10:01:14Z,2026-10-10T11:54:00.000+02:00,A0027010101,A27,92.0,2700
2026-10-10T10:01:14Z,2026-10-10T11:54:00.000+02:00,A9022010250,A22 (rocade),86.0,520
2026-10-10T10:01:14Z,2026-10-10T11:54:00.000+02:00,A0001020150,A1,107.0,3510
2026-10-10T10:01:14Z,2026-10-10T11:54:00.000+02:00,N0356011700,N356,73.0,3100
2026-10-10T10:01:14Z,2026-10-10T11:54:00.000+02:00,N9227110200,N227 (bretelle),68.0,20
2026-10-10T10:01:14Z,2026-10-10T11:54:00.000+02:00,N0356021300,N356,66.0,3720
2026-10-10T10:01:14Z,2026-10-10T11:54:00.000+02:00,A0022011400,A22,76.0,730
2026-10-10T10:01:14Z,2026-10-10T11:54:00.000+02:00,A0027010300,A27,92.0,800
2026-10-10T10:01:14Z,2026-10-10T11:54:00.000+02:00,A9022020250,A22 (rocade),38.0,490
2026-10-10T10:01:14Z,2026-10-10T11:54:00.000+02:00,N0041010300,N41,88.0,2500
2026-10-10T10:01:14Z,2026-10-10T11:54:00.000+02:00,A0022011210,A22,77.0,970
2026-10-10T10:01:14Z,2026-10-10T11:54:00.000+02:00,A0027020100,A27,71.0,1480
2026-10-10T10:01:14Z,2026-10-10T11:54:00.000+02:00,A0001010300,A1,105.0,3730
2026-10-10T10:01:14Z,2026-10-10T11:54:00.000+02:00,A0022011220,A22,77.0,970
2026-10-10T10:01:14Z,2026-10-10T11:54:00.000+02:00,N0227021400,N227,91.0,100
2026-10-10T10:01:14Z,2026-10-10T11:54:00.000+02:00,A9022101110,A22 (rocade),78.0,1160
2026-10-10T10:01:14Z,2026-10-10T11:54:00.000+02:00,A0022022110,A22,85.0,3420
2026-10-10T10:01:14Z,2026-10-10T11:54:00.000+02:00,A0001011420,A1,79.0,3230
2026-10-10T10:01:14Z,2026-10-10T11:54:00.000+02:00,N0356010800,N356,71.0,3270
2026-10-10T10:01:14Z,2026-10-10T11:54:00.000+02:00,A9001210710,A1 (bretelle),68.0,2240
2026-10-10T10:01:14Z,2026-10-10T11:54:00.000+02:00,N0356021110,N356,71.0,3870
2026-10-10T10:01:14Z,2026-10-10T11:54:00.000+02:00,A0001010510,A1,105.0,3400
2026-10-10T10:01:14Z,2026-10-10T11:54:00.000+02:00,N0356021122,N356,64.0,3820
2026-10-10T10:01:14Z,2026-10-10T11:54:00.000+02:00,N0356021121,N356,71.0,3870
2026-10-10T10:01:14Z,2026-10-10T11:54:00.000+02:00,A0025010210,A25,70.0,4920
2026-10-10T10:01:14Z,2026-10-10T11:54:00.000+02:00,A0025011300,A25,88.0,1660
2026-10-10T10:01:14Z,2026-10-10T11:54:00.000+02:00,A0001020300,A1,107.0,3330
2026-10-10T10:01:14Z,2026-10-10T11:54:00.000+02:00,A0025021100,A25,86.0,2350
2026-10-10T10:01:14Z,2026-10-10T11:54:00.000+02:00,A0025023520,A25,111.0,1080
2026-10-10T10:01:14Z,2026-10-10T11:54:00.000+02:00,A0022022130,A22,94.0,3160
2026-10-10T10:01:14Z,2026-10-10T11:54:00.000+02:00,A0025010220,A25,70.0,4920
2026-10-10T10:01:14Z,2026-10-10T11:54:00.000+02:00,A0022022120,A22,90.0,3320
2026-10-10T10:01:14Z,2026-10-10T11:54:00.000+02:00,A0001010520,A1,98.0,3920
2026-10-10T10:01:14Z,2026-10-10T11:54:00.000+02:00,A0022011000,A22,77.0,3130
2026-10-10T10:01:14Z,2026-10-10T11:54:00.000+02:00,A0001020510,A1,105.0,3450
2026-10-10T10:01:14Z,2026-10-10T11:54:00.000+02:00,A0001021602,A1,81.0,5520
2026-10-10T10:01:14Z,2026-10-10T11:54:00.000+02:00,A22TC020222,A22 (contournement),81.0,2800
2026-10-10T10:01:14Z,2026-10-10T11:54:00.000+02:00,A0001010940,A1,96.0,4180
2026-10-10T10:01:14Z,2026-10-10T11:54:00.000+02:00,A0025023320,A25,113.0,1570
2026-10-10T10:01:14Z,2026-10-10T11:54:00.000+02:00,A0001020520,A1,99.0,3600
2026-10-10T10:01:14Z,2026-10-10T11:54:00.000+02:00,A0025023100,A25,112.0,1220
2026-10-10T10:01:14Z,2026-10-10T11:54:00.000+02:00,A22TC020230,A22 (contournement),81.0,2800
2026-10-10T10:01:14Z,2026-10-10T11:54:00.000+02:00,A0025021730,A25,83.0,3080
2026-10-10T10:01:14Z,2026-10-10T11:54:00.000+02:00,A0025023910,A25,116.0,1150
2026-10-10T10:01:14Z,2026-10-10T11:54:00.000+02:00,A0025021735,A25,97.0,3200
2026-10-10T10:01:14Z,2026-10-10T11:54:00.000+02:00,A0023010400,A23,109.0,1570
2026-10-10T10:01:14Z,2026-10-10T11:54:00.000+02:00,A0022021900,A22,77.0,2670
2026-10-10T10:01:14Z,2026-10-10T11:54:00.000+02:00,A9022100500,A22 (rocade),76.0,1630
2026-10-10T10:01:14Z,2026-10-10T11:54:00.000+02:00,A0001020940,A1,88.0,4240
2026-10-10T10:01:14Z,2026-10-10T11:54:00.000+02:00,A0001020700,A1,94.0,2960
2026-10-10T10:01:14Z,2026-10-10T11:54:00.000+02:00,A9022020830,A22 (rocade),87.0,330
2026-10-10T10:01:14Z,2026-10-10T11:54:00.000+02:00,A9022020822,A22 (rocade),90.0,1060
2026-10-10T10:01:14Z,2026-10-10T11:54:00.000+02:00,A9022020821,A22 (rocade),90.0,1060
2026-10-10T10:01:14Z,2026-10-10T11:54:00.000+02:00,A0025020420,A25,71.0,4090
2026-10-10T10:01:14Z,2026-10-10T11:54:00.000+02:00,A0025021510,A25,95.0,1380
2026-10-10T10:01:14Z,2026-10-10T11:54:00.000+02:00,N0227010100,N227,65.0,1590
2026-10-10T10:01:14Z,2026-10-10T11:54:00.000+02:00,A0025011720,A25,97.0,3190
2026-10-10T10:01:14Z,2026-10-10T11:54:00.000+02:00,A0025021760,A25,85.0,2990
2026-10-10T10:01:14Z,2026-10-10T11:54:00.000+02:00,A0025011730,A25,84.0,3410
2026-10-10T10:01:14Z,2026-10-10T11:54:00.000+02:00,A0025011735,A25,96.0,3570
2026-10-10T10:01:14Z,2026-10-10T11:54:00.000+02:00,A9025080700,A25 (bretelle),,690
2026-10-10T10:01:14Z,2026-10-10T11:54:00.000+02:00,A9022100930,A22 (rocade),74.0,270
2026-10-10T10:01:14Z,2026-10-10T11:54:00.000+02:00,N0356011220,N356,69.0,3130
2026-10-10T10:01:14Z,2026-10-10T11:54:00.000+02:00,A0025011740,A25,80.0,3430
2026-10-10T10:01:14Z,2026-10-10T11:54:00.000+02:00,A0025010410,A25,66.0,3900
2026-10-10T10:01:14Z,2026-10-10T11:54:00.000+02:00,A0023010200,A23,91.0,1440
2026-10-10T10:01:14Z,2026-10-10T11:54:00.000+02:00,A9001210120,A1 (bretelle),78.0,660
2026-10-10T10:01:14Z,2026-10-10T11:54:00.000+02:00,A0025020210,A25,72.0,4500
2026-10-10T10:01:14Z,2026-10-10T11:54:00.000+02:00,N0356011210,N356,69.0,3130
2026-10-10T10:01:14Z,2026-10-10T11:54:00.000+02:00,A0025011510,A25,85.0,1290
2026-10-10T10:01:14Z,2026-10-10T11:54:00.000+02:00,A0025020220,A25,72.0,4500
2026-10-10T10:01:14Z,2026-10-10T11:54:00.000+02:00,N0227010302,N227,74.0,2570
2026-10-10T10:01:14Z,2026-10-10T11:54:00.000+02:00,N0041010500,N41,96.0,1860
2026-10-10T10:01:14Z,2026-10-10T11:54:00.000+02:00,N0227020101,N227,79.0,2430
2026-10-10T10:01:14Z,2026-10-10T11:54:00.000+02:00,A9022100110,A22 (rocade),63.0,1030
2026-10-10T10:01:14Z,2026-10-10T11:54:00.000+02:00,A0022010400,A22,72.0,3190
2026-10-10T10:01:14Z,2026-10-10T11:54:00.000+02:00,N0356010302,N356,72.0,5840
2026-10-10T10:01:14Z,2026-10-10T11:54:00.000+02:00,A0025010800,A25,73.0,3110
2026-10-10T10:01:14Z,2026-10-10T11:54:00.000+02:00,A0027020621,A27,99.0,1430
2026-10-10T10:01:14Z,2026-10-10T11:54:00.000+02:00,N0041010700,N41,99.0,830
2026-10-10T10:01:14Z,2026-10-10T11:54:00.000+02:00,A0027020630,A27,104.0,1320
2026-10-10T10:01:14Z,2026-10-10T11:54:00.000+02:00,A0022021512,A22,77.0,2070
2026-10-10T10:01:14Z,2026-10-10T11:54:00.000+02:00,A0022021511,A22,79.0,2190
2026-10-10T10:01:14Z,2026-10-10T11:54:00.000+02:00,A0027020610,A27,99.0,1430
2026-10-10T10:01:14Z,2026-10-10T11:54:00.000+02:00,A0025021720,A25,96.0,2960
2026-10-10T10:01:14Z,2026-10-10T11:54:00.000+02:00,A0022021520,A22,77.0,2070
2026-10-10T10:01:14Z,2026-10-10T11:54:00.000+02:00,A0025022140,A25,113.0,2230
2026-10-10T10:01:14Z,2026-10-10T11:54:00.000+02:00,A0022011302,A22,76.0,2370
2026-10-10T10:01:14Z,2026-10-10T11:54:00.000+02:00,A0025022160,A25,109.0,2150
2026-10-10T10:01:14Z,2026-10-10T11:54:00.000+02:00,A0027010201,A27,91.0,1570
2026-10-10T10:01:14Z,2026-10-10T11:54:00.000+02:00,A0027010202,A27,85.0,920
2026-10-10T10:01:14Z,2026-10-10T11:54:00.000+02:00,N9227110110,N227 (bretelle),74.0,1340
2026-10-10T10:01:14Z,2026-10-10T11:54:00.000+02:00,A0025012130,A25,106.0,1360
2026-10-10T10:01:14Z,2026-10-10T11:54:00.000+02:00,A0027010210,A27,85.0,920
2026-10-10T10:01:14Z,2026-10-10T11:54:00.000+02:00,A0025011050,A25,89.0,2250
2026-10-10T10:01:14Z,2026-10-10T11:54:00.000+02:00,A0025012140,A25,106.0,1640
2026-10-10T10:01:14Z,2026-10-10T11:54:00.000+02:00,A0027010421,A27,100.0,1100
2026-10-10T10:01:14Z,2026-10-10T11:54:00.000+02:00,A0022012420,A22,90.0,3340
2026-10-10T10:01:14Z,2026-10-10T11:54:00.000+02:00,A0027010430,A27,104.0,1100
2026-10-10T10:01:14Z,2026-10-10T11:54:00.000+02:00,A0023020710,A23,108.0,1440
2026-10-10T10:01:14Z,2026-10-10T11:54:00.000+02:00,A0022012430,A22,86.0,3180
2026-10-10T10:01:14Z,2026-10-10T11:54:00.000+02:00,A0025012160,A25,115.0,3000
2026-10-10T10:01:14Z,2026-10-10T11:54:00.000+02:00,A9022021200,A22 (rocade),65.0,240
2026-10-10T10:01:14Z,2026-10-10T11:54:00.000+02:00,A0001021100,A1,89.0,3360
2026-10-10T10:01:14Z,2026-10-10T11:54:00.000+02:00,A9022101000,A22 (rocade),71.0,1070
2026-10-10T10:01:14Z,2026-10-10T11:54:00.000+02:00,A0025013020,A25,111.0,2400
2026-10-10T10:01:14Z,2026-10-10T11:54:00.000+02:00,A0027010410,A27,100.0,1100
2026-10-10T10:01:14Z,2026-10-10T11:54:00.000+02:00,A0022012410,A22,88.0,3320
2026-10-10T10:01:14Z,2026-10-10T11:54:00.000+02:00,A0001A20112,A1,87.0,2530
2026-10-10T10:01:14Z,2026-10-10T11:54:00.000+02:00,A0001A20111,A1,82.0,1150
2026-10-10T10:01:14Z,2026-10-10T11:54:00.000+02:00,A0001021521,A1,85.0,3080
2026-10-10T10:01:14Z,2026-10-10T11:54:00.000+02:00,A0025022540,A25,113.0,1870
2026-10-10T10:01:14Z,2026-10-10T11:54:00.000+02:00,A0025022300,A25,110.0,730
2026-10-10T10:01:14Z,2026-10-10T11:54:00.000+02:00,N0356021000,N356,71.0,3530
2026-10-10T10:01:14Z,2026-10-10T11:54:00.000+02:00,A22TC010102,A22 (contournement),87.0,1520
2026-10-10T10:01:14Z,2026-10-10T11:54:00.000+02:00,A0001011503,A1,84.0,6400
2026-10-10T10:01:14Z,2026-10-10T11:54:00.000+02:00,A0022012200,A22,77.0,2940
2026-10-10T10:01:14Z,2026-10-10T11:54:00.000+02:00,A0001A20120,A1,84.0,2780
2026-10-10T10:01:14Z,2026-10-10T11:54:00.000+02:00,A22TC020102,A22 (contournement),83.0,2560
2026-10-10T10:01:14Z,2026-10-10T11:54:00.000+02:00,A22TC010300,A22 (contournement),76.0,2390
2026-10-10T10:01:14Z,2026-10-10T11:54:00.000+02:00,A0022012010,A22,78.0,2060
2026-10-10T10:01:14Z,2026-10-10T11:54:00.000+02:00,A0022012020,A22,78.0,2060
2026-10-10T10:01:14Z,2026-10-10T11:54:00.000+02:00,A0025022130,A25,128.0,2310
2026-10-10T10:01:14Z,2026-10-10T11:54:00.000+02:00,A0023010520,A23,114.0,1490
2026-10-10T10:01:14Z,2026-10-10T11:54:00.000+02:00,N0041020800,N41,97.0,2140
2026-10-10T10:01:14Z,2026-10-10T11:54:00.000+02:00,A0025010500,A25,67.0,3000
2026-10-10T10:01:14Z,2026-10-10T11:54:00.000+02:00,A0022020901,A22,76.0,2990
2026-10-10T10:01:14Z,2026-10-10T11:54:00.000+02:00,A0022020902,A22,76.0,2270
2026-10-10T10:01:14Z,2026-10-10T11:54:00.000+02:00,A0022021810,A22,77.0,2200
2026-10-10T10:01:14Z,2026-10-10T11:54:00.000+02:00,N0356011100,N356,69.0,2980
2026-10-10T10:01:14Z,2026-10-10T11:54:00.000+02:00,A0022021820,A22,77.0,2200
2026-10-10T10:01:14Z,2026-10-10T11:54:00.000+02:00,N0356020802,N356,67.0,3520
2026-10-10T10:01:14Z,2026-10-10T11:54:00.000+02:00,A9022020900,A22 (rocade),78.0,800
2026-10-10T10:01:14Z,2026-10-10T11:54:00.000+02:00,A0025020102,A25,68.0,2300
2026-10-10T10:01:14Z,2026-10-10T11:54:00.000+02:00,A0023010100,A23,91.0,200
2026-10-10T10:01:14Z,2026-10-10T11:54:00.000+02:00,A0025022530,A25,113.0,1720
2026-10-10T10:01:14Z,2026-10-10T11:54:00.000+02:00,A9001210200,A1 (bretelle),66.0,1380
2026-10-10T10:01:14Z,2026-10-10T11:54:00.000+02:00,A0022010700,A22,78.0,2440
2026-10-10T10:01:14Z,2026-10-10T11:54:00.000+02:00,N0041020400,N41,91.0,2310
2026-10-10T10:01:14Z,2026-10-10T11:54:00.000+02:00,A0023020720,A23,117.0,1450
2026-10-10T10:01:14Z,2026-10-10T11:54:00.000+02:00,A0022020500,A22,76.0,1670
2026-10-10T10:01:14Z,2026-10-10T11:54:00.000+02:00,N93563b0150,N356 (bretelle),65.0,100
2026-10-10T10:01:14Z,2026-10-10T11:54:00.000+02:00,A0025020950,A25,89.0,3150
2026-10-10T10:01:14Z,2026-10-10T11:54:00.000+02:00,A0023020300,A23,86.0,1280
2026-10-10T10:01:14Z,2026-10-10T11:54:00.000+02:00,A0001011000,A1,84.0,3310
2026-10-10T10:01:14Z,2026-10-10T11:54:00.000+02:00,A0027020500,A27,90.0,980
2026-10-10T10:01:14Z,2026-10-10T11:54:00.000+02:00,N0356011500,N356,68.0,3330
2026-10-10T10:01:14Z,2026-10-10T11:54:00.000+02:00,A0001010150,A1,103.0,3740
2026-10-10T10:01:14Z,2026-10-10T11:54:00.000+02:00,N0356020400,N356,59.0,1720
2026-10-10T10:01:14Z,2026-10-10T11:54:00.000+02:00,A0025010700,A25,68.0,1700
2026-10-10T10:01:14Z,2026-10-10T11:54:00.000+02:00,A0002011230,A2,108.0,2510
2026-10-10T10:01:14Z,2026-10-10T11:54:00.000+02:00,A0025020500,A25,71.0,2700
2026-10-10T10:01:14Z,2026-10-10T11:54:00.000+02:00,A0002021290,A2,109.0,2130
2026-10-10T10:01:14Z,2026-10-10T11:54:00.000+02:00,A0022011600,A22,81.0,1020
2026-10-10T10:11:00Z,2026-10-10T12:00:00.000+02:00,A0001011200,A1,80.0,4440
2026-10-10T10:11:00Z,2026-10-10T12:00:00.000+02:00,A0027010102,A27,94.0,2860
2026-10-10T10:11:00Z,2026-10-10T12:00:00.000+02:00,N0041010100,N41,86.0,1020
2026-10-10T10:11:00Z,2026-10-10T12:00:00.000+02:00,A0027010101,A27,94.0,2860
2026-10-10T10:11:00Z,2026-10-10T12:00:00.000+02:00,A9022010250,A22 (rocade),84.0,460
2026-10-10T10:11:00Z,2026-10-10T12:00:00.000+02:00,A0001020150,A1,110.0,3270
2026-10-10T10:11:00Z,2026-10-10T12:00:00.000+02:00,N0356011700,N356,70.0,2890
2026-10-10T10:11:00Z,2026-10-10T12:00:00.000+02:00,N9227110200,N227 (bretelle),70.0,80
2026-10-10T10:11:00Z,2026-10-10T12:00:00.000+02:00,N0356021300,N356,66.0,3080
2026-10-10T10:11:00Z,2026-10-10T12:00:00.000+02:00,A0022011400,A22,78.0,680
2026-10-10T10:11:00Z,2026-10-10T12:00:00.000+02:00,A0027010300,A27,93.0,690
2026-10-10T10:11:00Z,2026-10-10T12:00:00.000+02:00,A9022020250,A22 (rocade),44.0,680
2026-10-10T10:11:00Z,2026-10-10T12:00:00.000+02:00,N0041010300,N41,87.0,2360
2026-10-10T10:11:00Z,2026-10-10T12:00:00.000+02:00,A0022011210,A22,77.0,860
2026-10-10T10:11:00Z,2026-10-10T12:00:00.000+02:00,A0027020100,A27,72.0,1550
2026-10-10T10:11:00Z,2026-10-10T12:00:00.000+02:00,A0001010300,A1,109.0,3520
2026-10-10T10:11:00Z,2026-10-10T12:00:00.000+02:00,A0022011220,A22,77.0,860
2026-10-10T10:11:00Z,2026-10-10T12:00:00.000+02:00,N0227021400,N227,38.0,100
2026-10-10T10:11:00Z,2026-10-10T12:00:00.000+02:00,A9022101110,A22 (rocade),76.0,1130
2026-10-10T10:11:00Z,2026-10-10T12:00:00.000+02:00,A0022022110,A22,86.0,3690
2026-10-10T10:11:00Z,2026-10-10T12:00:00.000+02:00,A0001011420,A1,80.0,3750
2026-10-10T10:11:00Z,2026-10-10T12:00:00.000+02:00,N0356010800,N356,71.0,3190
2026-10-10T10:11:00Z,2026-10-10T12:00:00.000+02:00,A9001210710,A1 (bretelle),68.0,2410
2026-10-10T10:11:00Z,2026-10-10T12:00:00.000+02:00,N0356021110,N356,70.0,3720
2026-10-10T10:11:00Z,2026-10-10T12:00:00.000+02:00,A0001010510,A1,109.0,3170
2026-10-10T10:11:00Z,2026-10-10T12:00:00.000+02:00,N0356021122,N356,63.0,3630
2026-10-10T10:11:00Z,2026-10-10T12:00:00.000+02:00,N0356021121,N356,70.0,3720
2026-10-10T10:11:00Z,2026-10-10T12:00:00.000+02:00,A0025010210,A25,69.0,4520
2026-10-10T10:11:00Z,2026-10-10T12:00:00.000+02:00,A0025011300,A25,87.0,1570
2026-10-10T10:11:00Z,2026-10-10T12:00:00.000+02:00,A0001020300,A1,109.0,3180
2026-10-10T10:11:00Z,2026-10-10T12:00:00.000+02:00,A0025021100,A25,86.0,2390
2026-10-10T10:11:00Z,2026-10-10T12:00:00.000+02:00,A0025023520,A25,112.0,1420
2026-10-10T10:11:00Z,2026-10-10T12:00:00.000+02:00,A0022022130,A22,94.0,3500
2026-10-10T10:11:00Z,2026-10-10T12:00:00.000+02:00,A0025010220,A25,69.0,4520
2026-10-10T10:11:00Z,2026-10-10T12:00:00.000+02:00,A0022022120,A22,89.0,3750
2026-10-10T10:11:00Z,2026-10-10T12:00:00.000+02:00,A0001010520,A1,101.0,3740
2026-10-10T10:11:00Z,2026-10-10T12:00:00.000+02:00,A0022011000,A22,75.0,2750
2026-10-10T10:11:00Z,2026-10-10T12:00:00.000+02:00,A0001020510,A1,105.0,3170
2026-10-10T10:11:00Z,2026-10-10T12:00:00.000+02:00,A0001021602,A1,82.0,5460
2026-10-10T10:11:00Z,2026-10-10T12:00:00.000+02:00,A22TC020222,A22 (contournement),79.0,2680
2026-10-10T10:11:00Z,2026-10-10T12:00:00.000+02:00,A0001010940,A1,98.0,4510
2026-10-10T10:11:00Z,2026-10-10T12:00:00.000+02:00,A0025023320,A25,116.0,1900
2026-10-10T10:11:00Z,2026-10-10T12:00:00.000+02:00,A0001020520,A1,101.0,3300
2026-10-10T10:11:00Z,2026-10-10T12:00:00.000+02:00,A0025023100,A25,112.0,1640
2026-10-10T10:11:00Z,2026-10-10T12:00:00.000+02:00,A22TC020230,A22 (contournement),79.0,2680
2026-10-10T10:11:00Z,2026-10-10T12:00:00.000+02:00,A0025021730,A25,88.0,2640
2026-10-10T10:11:00Z,2026-10-10T12:00:00.000+02:00,A0025023910,A25,119.0,1130
2026-10-10T10:11:00Z,2026-10-10T12:00:00.000+02:00,A0025021735,A25,102.0,2510
2026-10-10T10:11:00Z,2026-10-10T12:00:00.000+02:00,A0023010400,A23,109.0,1520
2026-10-10T10:11:00Z,2026-10-10T12:00:00.000+02:00,A0022021900,A22,76.0,3020
2026-10-10T10:11:00Z,2026-10-10T12:00:00.000+02:00,A9022100500,A22 (rocade),75.0,1630
2026-10-10T10:11:00Z,2026-10-10T12:00:00.000+02:00,A0001020940,A1,91.0,3940
2026-10-10T10:11:00Z,2026-10-10T12:00:00.000+02:00,A0001020700,A1,95.0,2800
2026-10-10T10:11:00Z,2026-10-10T12:00:00.000+02:00,A9022020830,A22 (rocade),89.0,290
2026-10-10T10:11:00Z,2026-10-10T12:00:00.000+02:00,A9022020822,A22 (rocade),92.0,1030
2026-10-10T10:11:00Z,2026-10-10T12:00:00.000+02:00,A9022020821,A22 (rocade),92.0,1030
2026-10-10T10:11:00Z,2026-10-10T12:00:00.000+02:00,A0025020420,A25,71.0,4050
2026-10-10T10:11:00Z,2026-10-10T12:00:00.000+02:00,A0025021510,A25,86.0,1390
2026-10-10T10:11:00Z,2026-10-10T12:00:00.000+02:00,N0227010100,N227,65.0,1330
2026-10-10T10:11:00Z,2026-10-10T12:00:00.000+02:00,A0025011720,A25,99.0,3130
2026-10-10T10:11:00Z,2026-10-10T12:00:00.000+02:00,A0025021760,A25,88.0,2690
2026-10-10T10:11:00Z,2026-10-10T12:00:00.000+02:00,A0025011730,A25,84.0,2990
2026-10-10T10:11:00Z,2026-10-10T12:00:00.000+02:00,A0025011735,A25,101.0,2940
2026-10-10T10:11:00Z,2026-10-10T12:00:00.000+02:00,A9025080700,A25 (bretelle),,750
2026-10-10T10:11:00Z,2026-10-10T12:00:00.000+02:00,A9022100930,A22 (rocade),75.0,250
2026-10-10T10:11:00Z,2026-10-10T12:00:00.000+02:00,N0356011220,N356,70.0,3070
2026-10-10T10:11:00Z,2026-10-10T12:00:00.000+02:00,A0025011740,A25,86.0,3000
2026-10-10T10:11:00Z,2026-10-10T12:00:00.000+02:00,A0025010410,A25,69.0,3830
2026-10-10T10:11:00Z,2026-10-10T12:00:00.000+02:00,A0023010200,A23,91.0,1560
2026-10-10T10:11:00Z,2026-10-10T12:00:00.000+02:00,A9001210120,A1 (bretelle),76.0,770
2026-10-10T10:11:00Z,2026-10-10T12:00:00.000+02:00,A0025020210,A25,70.0,4930
2026-10-10T10:11:00Z,2026-10-10T12:00:00.000+02:00,N0356011210,N356,70.0,3070
2026-10-10T10:11:00Z,2026-10-10T12:00:00.000+02:00,A0025011510,A25,85.0,1540
2026-10-10T10:11:00Z,2026-10-10T12:00:00.000+02:00,A0025020220,A25,70.0,4930
2026-10-10T10:11:00Z,2026-10-10T12:00:00.000+02:00,N0227010302,N227,74.0,2430
2026-10-10T10:11:00Z,2026-10-10T12:00:00.000+02:00,N0041010500,N41,93.0,1660
2026-10-10T10:11:00Z,2026-10-10T12:00:00.000+02:00,N0227020101,N227,74.0,1960
2026-10-10T10:11:00Z,2026-10-10T12:00:00.000+02:00,A9022100110,A22 (rocade),63.0,850
2026-10-10T10:11:00Z,2026-10-10T12:00:00.000+02:00,A0022010400,A22,74.0,2780
2026-10-10T10:11:00Z,2026-10-10T12:00:00.000+02:00,N0356010302,N356,73.0,5640
2026-10-10T10:11:00Z,2026-10-10T12:00:00.000+02:00,A0025010800,A25,75.0,2910
2026-10-10T10:11:00Z,2026-10-10T12:00:00.000+02:00,A0027020621,A27,101.0,1320
2026-10-10T10:11:00Z,2026-10-10T12:00:00.000+02:00,N0041010700,N41,93.0,690
2026-10-10T10:11:00Z,2026-10-10T12:00:00.000+02:00,A0027020630,A27,103.0,1400
2026-10-10T10:11:00Z,2026-10-10T12:00:00.000+02:00,A0022021512,A22,77.0,2420
2026-10-10T10:11:00Z,2026-10-10T12:00:00.000+02:00,A0022021511,A22,78.0,2420
2026-10-10T10:11:00Z,2026-10-10T12:00:00.000+02:00,A0027020610,A27,101.0,1320
2026-10-10T10:11:00Z,2026-10-10T12:00:00.000+02:00,A0025021720,A25,98.0,2790
2026-10-10T10:11:00Z,2026-10-10T12:00:00.000+02:00,A0022021520,A22,77.0,2420
2026-10-10T10:11:00Z,2026-10-10T12:00:00.000+02:00,A0025022140,A25,113.0,2110
2026-10-10T10:11:00Z,2026-10-10T12:00:00.000+02:00,A0022011302,A22,75.0,2180
2026-10-10T10:11:00Z,2026-10-10T12:00:00.000+02:00,A0025022160,A25,109.0,2050
2026-10-10T10:11:00Z,2026-10-10T12:00:00.000+02:00,A0027010201,A27,92.0,1360
2026-10-10T10:11:00Z,2026-10-10T12:00:00.000+02:00,A0027010202,A27,80.0,880
2026-10-10T10:11:00Z,2026-10-10T12:00:00.000+02:00,N9227110110,N227 (bretelle),74.0,1380
2026-10-10T10:11:00Z,2026-10-10T12:00:00.000+02:00,A0025012130,A25,102.0,1250
2026-10-10T10:11:00Z,2026-10-10T12:00:00.000+02:00,A0027010210,A27,80.0,880
2026-10-10T10:11:00Z,2026-10-10T12:00:00.000+02:00,A0025011050,A25,86.0,2140
2026-10-10T10:11:00Z,2026-10-10T12:00:00.000+02:00,A0025012140,A25,102.0,540
2026-10-10T10:11:00Z,2026-10-10T12:00:00.000+02:00,A0027010421,A27,103.0,1000
2026-10-10T10:11:00Z,2026-10-10T12:00:00.000+02:00,A0022012420,A22,93.0,3190
2026-10-10T10:11:00Z,2026-10-10T12:00:00.000+02:00,A0027010430,A27,106.0,1030
2026-10-10T10:11:00Z,2026-10-10T12:00:00.000+02:00,A0023020710,A23,107.0,1200
2026-10-10T10:11:00Z,2026-10-10T12:00:00.000+02:00,A0022012430,A22,88.0,3280
2026-10-10T10:11:00Z,2026-10-10T12:00:00.000+02:00,A0025012160,A25,114.0,2800
2026-10-10T10:11:00Z,2026-10-10T12:00:00.000+02:00,A9022021200,A22 (rocade),61.0,280
2026-10-10T10:11:00Z,2026-10-10T12:00:00.000+02:00,A0001021100,A1,89.0,3320
2026-10-10T10:11:00Z,2026-10-10T12:00:00.000+02:00,A9022101000,A22 (rocade),64.0,990
2026-10-10T10:11:00Z,2026-10-10T12:00:00.000+02:00,A0025013020,A25,106.0,2470
2026-10-10T10:11:00Z,2026-10-10T12:00:00.000+02:00,A0027010410,A27,103.0,1000
2026-10-10T10:11:00Z,2026-10-10T12:00:00.000+02:00,A0022012410,A22,91.0,3170
2026-10-10T10:11:00Z,2026-10-10T12:00:00.000+02:00,A0001A20112,A1,88.0,2110
2026-10-10T10:11:00Z,2026-10-10T12:00:00.000+02:00,A0001A20111,A1,83.0,1140
2026-10-10T10:11:00Z,2026-10-10T12:00:00.000+02:00,A0001021521,A1,84.0,3170
2026-10-10T10:11:00Z,2026-10-10T12:00:00.000+02:00,A0025022540,A25,109.0,1900
2026-10-10T10:11:00Z,2026-10-10T12:00:00.000+02:00,A0025022300,A25,116.0,530
2026-10-10T10:11:00Z,2026-10-10T12:00:00.000+02:00,N0356021000,N356,71.0,3460
2026-10-10T10:11:00Z,2026-10-10T12:00:00.000+02:00,A22TC010102,A22 (contournement),85.0,1730
2026-10-10T10:11:00Z,2026-10-10T12:00:00.000+02:00,A0001011503,A1,85.0,5960
2026-10-10T10:11:00Z,2026-10-10T12:00:00.000+02:00,A0022012200,A22,79.0,2840
2026-10-10T10:11:00Z,2026-10-10T12:00:00.000+02:00,A0001A20120,A1,87.0,2330
2026-10-10T10:11:00Z,2026-10-10T12:00:00.000+02:00,A22TC020102,A22 (contournement),85.0,2260
2026-10-10T10:11:00Z,2026-10-10T12:00:00.000+02:00,A22TC010300,A22 (contournement),81.0,1920
2026-10-10T10:11:00Z,2026-10-10T12:00:00.000+02:00,A0022012010,A22,79.0,2010
2026-10-10T10:11:00Z,2026-10-10T12:00:00.000+02:00,A0022012020,A22,79.0,2010
2026-10-10T10:11:00Z,2026-10-10T12:00:00.000+02:00,A0025022130,A25,127.0,2070
2026-10-10T10:11:00Z,2026-10-10T12:00:00.000+02:00,A0023010520,A23,115.0,1490
2026-10-10T10:11:00Z,2026-10-10T12:00:00.000+02:00,N0041020800,N41,98.0,2080
2026-10-10T10:11:00Z,2026-10-10T12:00:00.000+02:00,A0025010500,A25,70.0,2850
2026-10-10T10:11:00Z,2026-10-10T12:00:00.000+02:00,A0022020901,A22,76.0,2870
2026-10-10T10:11:00Z,2026-10-10T12:00:00.000+02:00,A0022020902,A22,76.0,2170
2026-10-10T10:11:00Z,2026-10-10T12:00:00.000+02:00,A0022021810,A22,77.0,2560
2026-10-10T10:11:00Z,2026-10-10T12:00:00.000+02:00,N0356011100,N356,70.0,2730
2026-10-10T10:11:00Z,2026-10-10T12:00:00.000+02:00,A0022021820,A22,77.0,2560
2026-10-10T10:11:00Z,2026-10-10T12:00:00.000+02:00,N0356020802,N356,61.0,3930
2026-10-10T10:11:00Z,2026-10-10T12:00:00.000+02:00,A9022020900,A22 (rocade),77.0,780
2026-10-10T10:11:00Z,2026-10-10T12:00:00.000+02:00,A0025020102,A25,67.0,2590
2026-10-10T10:11:00Z,2026-10-10T12:00:00.000+02:00,A0023010100,A23,90.0,200
2026-10-10T10:11:00Z,2026-10-10T12:00:00.000+02:00,A0025022530,A25,114.0,1770
2026-10-10T10:11:00Z,2026-10-10T12:00:00.000+02:00,A9001210200,A1 (bretelle),65.0,1310
2026-10-10T10:11:00Z,2026-10-10T12:00:00.000+02:00,A0022010700,A22,76.0,2410
2026-10-10T10:11:00Z,2026-10-10T12:00:00.000+02:00,N0041020400,N41,88.0,2700
2026-10-10T10:11:00Z,2026-10-10T12:00:00.000+02:00,A0023020720,A23,119.0,1160
2026-10-10T10:11:00Z,2026-10-10T12:00:00.000+02:00,A0022020500,A22,76.0,1460
2026-10-10T10:11:00Z,2026-10-10T12:00:00.000+02:00,N93563b0150,N356 (bretelle),66.0,100
2026-10-10T10:11:00Z,2026-10-10T12:00:00.000+02:00,A0025020950,A25,89.0,3290
2026-10-10T10:11:00Z,2026-10-10T12:00:00.000+02:00,A0023020300,A23,88.0,1290
2026-10-10T10:11:00Z,2026-10-10T12:00:00.000+02:00,A0001011000,A1,84.0,4150
2026-10-10T10:11:00Z,2026-10-10T12:00:00.000+02:00,A0027020500,A27,92.0,890
2026-10-10T10:11:00Z,2026-10-10T12:00:00.000+02:00,N0356011500,N356,64.0,3170
2026-10-10T10:11:00Z,2026-10-10T12:00:00.000+02:00,A0001010150,A1,108.0,3610
2026-10-10T10:11:00Z,2026-10-10T12:00:00.000+02:00,N0356020400,N356,59.0,1730
2026-10-10T10:11:00Z,2026-10-10T12:00:00.000+02:00,A0025010700,A25,68.0,1420
2026-10-10T10:11:00Z,2026-10-10T12:00:00.000+02:00,A0002011230,A2,109.0,2230
2026-10-10T10:11:00Z,2026-10-10T12:00:00.000+02:00,A0025020500,A25,71.0,3010
2026-10-10T10:11:00Z,2026-10-10T12:00:00.000+02:00,A0002021290,A2,106.0,2330
2026-10-10T10:11:00Z,2026-10-10T12:00:00.000+02:00,A0022011600,A22,81.0,1050
2026-10-10T10:21:04Z,2026-10-10T12:12:00.000+02:00,A0001011200,A1,80.0,4110
2026-10-10T10:21:04Z,2026-10-10T12:12:00.000+02:00,A0027010102,A27,95.0,2940
2026-10-10T10:21:04Z,2026-10-10T12:12:00.000+02:00,N0041010100,N41,86.0,830
2026-10-10T10:21:04Z,2026-10-10T12:12:00.000+02:00,A0027010101,A27,95.0,2940
2026-10-10T10:21:04Z,2026-10-10T12:12:00.000+02:00,A9022010250,A22 (rocade),84.0,550
2026-10-10T10:21:04Z,2026-10-10T12:12:00.000+02:00,A0001020150,A1,110.0,3490
2026-10-10T10:21:04Z,2026-10-10T12:12:00.000+02:00,N0356011700,N356,73.0,3180
2026-10-10T10:21:04Z,2026-10-10T12:12:00.000+02:00,N9227110200,N227 (bretelle),70.0,80
2026-10-10T10:21:04Z,2026-10-10T12:12:00.000+02:00,N0356021300,N356,66.0,3640
2026-10-10T10:21:04Z,2026-10-10T12:12:00.000+02:00,A0022011400,A22,76.0,730
2026-10-10T10:21:04Z,2026-10-10T12:12:00.000+02:00,A0027010300,A27,93.0,730
2026-10-10T10:21:04Z,2026-10-10T12:12:00.000+02:00,A9022020250,A22 (rocade),56.0,660
2026-10-10T10:21:04Z,2026-10-10T12:12:00.000+02:00,N0041010300,N41,88.0,1940
2026-10-10T10:21:04Z,2026-10-10T12:12:00.000+02:00,A0022011210,A22,79.0,1150
2026-10-10T10:21:04Z,2026-10-10T12:12:00.000+02:00,A0027020100,A27,72.0,1690
2026-10-10T10:21:04Z,2026-10-10T12:12:00.000+02:00,A0001010300,A1,108.0,3960
2026-10-10T10:21:04Z,2026-10-10T12:12:00.000+02:00,A0022011220,A22,79.0,1150
2026-10-10T10:21:04Z,2026-10-10T12:12:00.000+02:00,N0227021400,N227,71.0,130
2026-10-10T10:21:04Z,2026-10-10T12:12:00.000+02:00,A9022101110,A22 (rocade),79.0,1240
2026-10-10T10:21:04Z,2026-10-10T12:12:00.000+02:00,A0022022110,A22,84.0,3700
2026-10-10T10:21:04Z,2026-10-10T12:12:00.000+02:00,A0001011420,A1,82.0,3330
2026-10-10T10:21:04Z,2026-10-10T12:12:00.000+02:00,N0356010800,N356,70.0,3220
2026-10-10T10:21:04Z,2026-10-10T12:12:00.000+02:00,A9001210710,A1 (bretelle),68.0,2130
2026-10-10T10:21:04Z,2026-10-10T12:12:00.000+02:00,N0356021110,N356,70.0,4110
2026-10-10T10:21:04Z,2026-10-10T12:12:00.000+02:00,A0001010510,A1,108.0,3730
2026-10-10T10:21:04Z,2026-10-10T12:12:00.000+02:00,N0356021122,N356,65.0,4190
2026-10-10T10:21:04Z,2026-10-10T12:12:00.000+02:00,N0356021121,N356,70.0,4110
2026-10-10T10:21:04Z,2026-10-10T12:12:00.000+02:00,A0025010210,A25,71.0,4730
2026-10-10T10:21:04Z,2026-10-10T12:12:00.000+02:00,A0025011300,A25,88.0,1550
2026-10-10T10:21:04Z,2026-10-10T12:12:00.000+02:00,A0001020300,A1,108.0,3400
2026-10-10T10:21:04Z,2026-10-10T12:12:00.000+02:00,A0025021100,A25,87.0,2350
2026-10-10T10:21:04Z,2026-10-10T12:12:00.000+02:00,A0025023520,A25,114.0,1080
2026-10-10T10:21:04Z,2026-10-10T12:12:00.000+02:00,A0022022130,A22,95.0,3400
2026-10-10T10:21:04Z,2026-10-10T12:12:00.000+02:00,A0025010220,A25,71.0,4730
2026-10-10T10:21:04Z,2026-10-10T12:12:00.000+02:00,A0022022120,A22,89.0,3660
2026-10-10T10:21:04Z,2026-10-10T12:12:00.000+02:00,A0001010520,A1,100.0,4170
2026-10-10T10:21:04Z,2026-10-10T12:12:00.000+02:00,A0022011000,A22,73.0,3420
2026-10-10T10:21:04Z,2026-10-10T12:12:00.000+02:00,A0001020510,A1,105.0,3460
2026-10-10T10:21:04Z,2026-10-10T12:12:00.000+02:00,A0001021602,A1,82.0,5740
2026-10-10T10:21:04Z,2026-10-10T12:12:00.000+02:00,A22TC020222,A22 (contournement),83.0,2600
2026-10-10T10:21:04Z,2026-10-10T12:12:00.000+02:00,A0001010940,A1,99.0,4480
2026-10-10T10:21:04Z,2026-10-10T12:12:00.000+02:00,A0025023320,A25,115.0,1310
2026-10-10T10:21:04Z,2026-10-10T12:12:00.000+02:00,A0001020520,A1,97.0,3700
2026-10-10T10:21:04Z,2026-10-10T12:12:00.000+02:00,A0025023100,A25,113.0,1380
2026-10-10T10:21:04Z,2026-10-10T12:12:00.000+02:00,A22TC020230,A22 (contournement),83.0,2600
2026-10-10T10:21:04Z,2026-10-10T12:12:00.000+02:00,A0025021730,A25,90.0,2560
2026-10-10T10:21:04Z,2026-10-10T12:12:00.000+02:00,A0025023910,A25,119.0,960
2026-10-10T10:21:04Z,2026-10-10T12:12:00.000+02:00,A0025021735,A25,102.0,2600
2026-10-10T10:21:04Z,2026-10-10T12:12:00.000+02:00,A0023010400,A23,112.0,1560
2026-10-10T10:21:04Z,2026-10-10T12:12:00.000+02:00,A0022021900,A22,79.0,2760
2026-10-10T10:21:04Z,2026-10-10T12:12:00.000+02:00,A9022100500,A22 (rocade),78.0,1610
2026-10-10T10:21:04Z,2026-10-10T12:12:00.000+02:00,A0001020940,A1,89.0,4360
2026-10-10T10:21:04Z,2026-10-10T12:12:00.000+02:00,A0001020700,A1,94.0,3110
2026-10-10T10:21:04Z,2026-10-10T12:12:00.000+02:00,A9022020830,A22 (rocade),85.0,470
2026-10-10T10:21:04Z,2026-10-10T12:12:00.000+02:00,A9022020822,A22 (rocade),88.0,850
2026-10-10T10:21:04Z,2026-10-10T12:12:00.000+02:00,A9022020821,A22 (rocade),88.0,850
2026-10-10T10:21:04Z,2026-10-10T12:12:00.000+02:00,A0025020420,A25,69.0,3920
2026-10-10T10:21:04Z,2026-10-10T12:12:00.000+02:00,A0025021510,A25,95.0,680
2026-10-10T10:21:04Z,2026-10-10T12:12:00.000+02:00,N0227010100,N227,66.0,1380
2026-10-10T10:21:04Z,2026-10-10T12:12:00.000+02:00,A0025011720,A25,99.0,3150
2026-10-10T10:21:04Z,2026-10-10T12:12:00.000+02:00,A0025021760,A25,87.0,2670
2026-10-10T10:21:04Z,2026-10-10T12:12:00.000+02:00,A0025011730,A25,86.0,3090
2026-10-10T10:21:04Z,2026-10-10T12:12:00.000+02:00,A0025011735,A25,99.0,3110
2026-10-10T10:21:04Z,2026-10-10T12:12:00.000+02:00,A9025080700,A25 (bretelle),,680
2026-10-10T10:21:04Z,2026-10-10T12:12:00.000+02:00,A9022100930,A22 (rocade),72.0,310
2026-10-10T10:21:04Z,2026-10-10T12:12:00.000+02:00,N0356011220,N356,70.0,3360
2026-10-10T10:21:04Z,2026-10-10T12:12:00.000+02:00,A0025011740,A25,85.0,2870
2026-10-10T10:21:04Z,2026-10-10T12:12:00.000+02:00,A0025010410,A25,69.0,3780
2026-10-10T10:21:04Z,2026-10-10T12:12:00.000+02:00,A0023010200,A23,93.0,1570
2026-10-10T10:21:04Z,2026-10-10T12:12:00.000+02:00,A9001210120,A1 (bretelle),74.0,970
2026-10-10T10:21:04Z,2026-10-10T12:12:00.000+02:00,A0025020210,A25,72.0,4790
2026-10-10T10:21:04Z,2026-10-10T12:12:00.000+02:00,N0356011210,N356,70.0,3360
2026-10-10T10:21:04Z,2026-10-10T12:12:00.000+02:00,A0025011510,A25,92.0,1640
2026-10-10T10:21:04Z,2026-10-10T12:12:00.000+02:00,A0025020220,A25,72.0,4790
2026-10-10T10:21:04Z,2026-10-10T12:12:00.000+02:00,N0227010302,N227,76.0,2580
2026-10-10T10:21:04Z,2026-10-10T12:12:00.000+02:00,N0041010500,N41,95.0,1410
2026-10-10T10:21:04Z,2026-10-10T12:12:00.000+02:00,N0227020101,N227,85.0,2490
2026-10-10T10:21:04Z,2026-10-10T12:12:00.000+02:00,A9022100110,A22 (rocade),63.0,1000
2026-10-10T10:21:04Z,2026-10-10T12:12:00.000+02:00,A0022010400,A22,73.0,3440
2026-10-10T10:21:04Z,2026-10-10T12:12:00.000+02:00,N0356010302,N356,73.0,5690
2026-10-10T10:21:04Z,2026-10-10T12:12:00.000+02:00,A0025010800,A25,73.0,2710
2026-10-10T10:21:04Z,2026-10-10T12:12:00.000+02:00,A0027020621,A27,100.0,1360
2026-10-10T10:21:04Z,2026-10-10T12:12:00.000+02:00,N0041010700,N41,101.0,380
2026-10-10T10:21:04Z,2026-10-10T12:12:00.000+02:00,A0027020630,A27,102.0,1360
2026-10-10T10:21:04Z,2026-10-10T12:12:00.000+02:00,A0022021512,A22,79.0,2300
2026-10-10T10:21:04Z,2026-10-10T12:12:00.000+02:00,A0022021511,A22,81.0,2280
2026-10-10T10:21:04Z,2026-10-10T12:12:00.000+02:00,A0027020610,A27,100.0,1360
2026-10-10T10:21:04Z,2026-10-10T12:12:00.000+02:00,A0025021720,A25,99.0,2640
2026-10-10T10:21:04Z,2026-10-10T12:12:00.000+02:00,A0022021520,A22,79.0,2300
2026-10-10T10:21:04Z,2026-10-10T12:12:00.000+02:00,A0025022140,A25,114.0,2260
2026-10-10T10:21:04Z,2026-10-10T12:12:00.000+02:00,A0022011302,A22,72.0,2540
2026-10-10T10:21:04Z,2026-10-10T12:12:00.000+02:00,A0025022160,A25,108.0,2330
2026-10-10T10:21:04Z,2026-10-10T12:12:00.000+02:00,A0027010201,A27,92.0,1480
2026-10-10T10:21:04Z,2026-10-10T12:12:00.000+02:00,A0027010202,A27,79.0,1020
2026-10-10T10:21:04Z,2026-10-10T12:12:00.000+02:00,N9227110110,N227 (bretelle),73.0,1730
2026-10-10T10:21:04Z,2026-10-10T12:12:00.000+02:00,A0025012130,A25,106.0,1230
2026-10-10T10:21:04Z,2026-10-10T12:12:00.000+02:00,A0027010210,A27,79.0,1020
2026-10-10T10:21:04Z,2026-10-10T12:12:00.000+02:00,A0025011050,A25,96.0,1750
2026-10-10T10:21:04Z,2026-10-10T12:12:00.000+02:00,A0025012140,A25,106.0,710
2026-10-10T10:21:04Z,2026-10-10T12:12:00.000+02:00,A0027010421,A27,100.0,1230
2026-10-10T10:21:04Z,2026-10-10T12:12:00.000+02:00,A0022012420,A22,86.0,3440
2026-10-10T10:21:04Z,2026-10-10T12:12:00.000+02:00,A0027010430,A27,104.0,1300
2026-10-10T10:21:04Z,2026-10-10T12:12:00.000+02:00,A0023020710,A23,110.0,1590
2026-10-10T10:21:04Z,2026-10-10T12:12:00.000+02:00,A0022012430,A22,86.0,3260
2026-10-10T10:21:04Z,2026-10-10T12:12:00.000+02:00,A0025012160,A25,123.0,2530
2026-10-10T10:21:04Z,2026-10-10T12:12:00.000+02:00,A9022021200,A22 (rocade),62.0,290
2026-10-10T10:21:04Z,2026-10-10T12:12:00.000+02:00,A0001021100,A1,88.0,3530
2026-10-10T10:21:04Z,2026-10-10T12:12:00.000+02:00,A9022101000,A22 (rocade),67.0,1150
2026-10-10T10:21:04Z,2026-10-10T12:12:00.000+02:00,A0025013020,A25,111.0,2210
2026-10-10T10:21:04Z,2026-10-10T12:12:00.000+02:00,A0027010410,A27,100.0,1230
2026-10-10T10:21:04Z,2026-10-10T12:12:00.000+02:00,A0022012410,A22,85.0,3460
2026-10-10T10:21:04Z,2026-10-10T12:12:00.000+02:00,A0001A20112,A1,89.0,2380
2026-10-10T10:21:04Z,2026-10-10T12:12:00.000+02:00,A0001A20111,A1,91.0,1350
2026-10-10T10:21:04Z,2026-10-10T12:12:00.000+02:00,A0001021521,A1,83.0,3440
2026-10-10T10:21:04Z,2026-10-10T12:12:00.000+02:00,A0025022540,A25,113.0,2000
2026-10-10T10:21:04Z,2026-10-10T12:12:00.000+02:00,A0025022300,A25,108.0,850
2026-10-10T10:21:04Z,2026-10-10T12:12:00.000+02:00,N0356021000,N356,71.0,3690
2026-10-10T10:21:04Z,2026-10-10T12:12:00.000+02:00,A22TC010102,A22 (contournement),86.0,1540
2026-10-10T10:21:04Z,2026-10-10T12:12:00.000+02:00,A0001011503,A1,85.0,6120
2026-10-10T10:21:04Z,2026-10-10T12:12:00.000+02:00,A0022012200,A22,75.0,3150
2026-10-10T10:21:04Z,2026-10-10T12:12:00.000+02:00,A0001A20120,A1,86.0,2580
2026-10-10T10:21:04Z,2026-10-10T12:12:00.000+02:00,A22TC020102,A22 (contournement),85.0,2490
2026-10-10T10:21:04Z,2026-10-10T12:12:00.000+02:00,A22TC010300,A22 (contournement),80.0,2130
2026-10-10T10:21:04Z,2026-10-10T12:12:00.000+02:00,A0022012010,A22,76.0,2210
2026-10-10T10:21:04Z,2026-10-10T12:12:00.000+02:00,A0022012020,A22,76.0,2210
2026-10-10T10:21:04Z,2026-10-10T12:12:00.000+02:00,A0025022130,A25,126.0,2320
2026-10-10T10:21:04Z,2026-10-10T12:12:00.000+02:00,A0023010520,A23,117.0,1610
2026-10-10T10:21:04Z,2026-10-10T12:12:00.000+02:00,N0041020800,N41,99.0,1740
2026-10-10T10:21:04Z,2026-10-10T12:12:00.000+02:00,A0025010500,A25,70.0,2660
2026-10-10T10:21:04Z,2026-10-10T12:12:00.000+02:00,A0022020901,A22,74.0,3140
2026-10-10T10:21:04Z,2026-10-10T12:12:00.000+02:00,A0022020902,A22,74.0,2330
2026-10-10T10:21:04Z,2026-10-10T12:12:00.000+02:00,A0022021810,A22,79.0,2190
2026-10-10T10:21:04Z,2026-10-10T12:12:00.000+02:00,N0356011100,N356,70.0,3140
2026-10-10T10:21:04Z,2026-10-10T12:12:00.000+02:00,A0022021820,A22,79.0,2190
2026-10-10T10:21:04Z,2026-10-10T12:12:00.000+02:00,N0356020802,N356,68.0,4090
2026-10-10T10:21:04Z,2026-10-10T12:12:00.000+02:00,A9022020900,A22 (rocade),96.0,750
2026-10-10T10:21:04Z,2026-10-10T12:12:00.000+02:00,A0025020102,A25,68.0,2480
2026-10-10T10:21:04Z,2026-10-10T12:12:00.000+02:00,A0023010100,A23,102.0,200
2026-10-10T10:21:04Z,2026-10-10T12:12:00.000+02:00,A0025022530,A25,115.0,1960
2026-10-10T10:21:04Z,2026-10-10T12:12:00.000+02:00,A9001210200,A1 (bretelle),65.0,1160
2026-10-10T10:21:04Z,2026-10-10T12:12:00.000+02:00,A0022010700,A22,76.0,2710
2026-10-10T10:21:04Z,2026-10-10T12:12:00.000+02:00,N0041020400,N41,91.0,2210
2026-10-10T10:21:04Z,2026-10-10T12:12:00.000+02:00,A0023020720,A23,117.0,1570
2026-10-10T10:21:04Z,2026-10-10T12:12:00.000+02:00,A0022020500,A22,74.0,1800
2026-10-10T10:21:04Z,2026-10-10T12:12:00.000+02:00,N93563b0150,N356 (bretelle),65.0,110
2026-10-10T10:21:04Z,2026-10-10T12:12:00.000+02:00,A0025020950,A25,91.0,3030
2026-10-10T10:21:04Z,2026-10-10T12:12:00.000+02:00,A0023020300,A23,88.0,1550
2026-10-10T10:21:04Z,2026-10-10T12:12:00.000+02:00,A0001011000,A1,84.0,3860
2026-10-10T10:21:04Z,2026-10-10T12:12:00.000+02:00,A0027020500,A27,91.0,670
2026-10-10T10:21:04Z,2026-10-10T12:12:00.000+02:00,N0356011500,N356,74.0,3620
2026-10-10T10:21:04Z,2026-10-10T12:12:00.000+02:00,A0001010150,A1,104.0,4210
2026-10-10T10:21:04Z,2026-10-10T12:12:00.000+02:00,N0356020400,N356,60.0,1950
2026-10-10T10:21:04Z,2026-10-10T12:12:00.000+02:00,N0041020600,N41,102.0,180
2026-10-10T10:21:04Z,2026-10-10T12:12:00.000+02:00,A0025010700,A25,69.0,1640
2026-10-10T10:21:04Z,2026-10-10T12:12:00.000+02:00,A0002011230,A2,107.0,2760
2026-10-10T10:21:04Z,2026-10-10T12:12:00.000+02:00,A0025020500,A25,71.0,2580
2026-10-10T10:21:04Z,2026-10-10T12:12:00.000+02:00,A0002021290,A2,106.0,2930
2026-10-10T10:21:04Z,2026-10-10T12:12:00.000+02:00,A0022011600,A22,34.0,1620
2026-10-10T10:31:07Z,2026-10-10T12:24:00.000+02:00,A0001011200,A1,80.0,3540
2026-10-10T10:31:07Z,2026-10-10T12:24:00.000+02:00,A0027010102,A27,89.0,2780
2026-10-10T10:31:07Z,2026-10-10T12:24:00.000+02:00,N0041010100,N41,89.0,790
2026-10-10T10:31:07Z,2026-10-10T12:24:00.000+02:00,A0027010101,A27,89.0,2780
2026-10-10T10:31:07Z,2026-10-10T12:24:00.000+02:00,A9022010250,A22 (rocade),85.0,580
2026-10-10T10:31:07Z,2026-10-10T12:24:00.000+02:00,A0001020150,A1,109.0,3360
2026-10-10T10:31:07Z,2026-10-10T12:24:00.000+02:00,N0356011700,N356,72.0,3050
2026-10-10T10:31:07Z,2026-10-10T12:24:00.000+02:00,N9227110200,N227 (bretelle),74.0,100
2026-10-10T10:31:07Z,2026-10-10T12:24:00.000+02:00,N0356021300,N356,67.0,3520
2026-10-10T10:31:07Z,2026-10-10T12:24:00.000+02:00,A0022011400,A22,83.0,690
2026-10-10T10:31:07Z,2026-10-10T12:24:00.000+02:00,A0027010300,A27,93.0,890
2026-10-10T10:31:07Z,2026-10-10T12:24:00.000+02:00,A9022020250,A22 (rocade),37.0,960
2026-10-10T10:31:07Z,2026-10-10T12:24:00.000+02:00,N0041010300,N41,91.0,1980
2026-10-10T10:31:07Z,2026-10-10T12:24:00.000+02:00,A0022011210,A22,83.0,1060
2026-10-10T10:31:07Z,2026-10-10T12:24:00.000+02:00,A0027020100,A27,72.0,1630
2026-10-10T10:31:07Z,2026-10-10T12:24:00.000+02:00,A0001010300,A1,107.0,3340
2026-10-10T10:31:07Z,2026-10-10T12:24:00.000+02:00,A0022011220,A22,83.0,1060
2026-10-10T10:31:07Z,2026-10-10T12:24:00.000+02:00,N0227021400,N227,40.0,90
2026-10-10T10:31:07Z,2026-10-10T12:24:00.000+02:00,A9022101110,A22 (rocade),78.0,1280
2026-10-10T10:31:07Z,2026-10-10T12:24:00.000+02:00,A0022022110,A22,83.0,3920
2026-10-10T10:31:07Z,2026-10-10T12:24:00.000+02:00,A0001011420,A1,82.0,3210
2026-10-10T10:31:07Z,2026-10-10T12:24:00.000+02:00,N0356010800,N356,73.0,3130
2026-10-10T10:31:07Z,2026-10-10T12:24:00.000+02:00,A9001210710,A1 (bretelle),66.0,170
2026-10-10T10:31:07Z,2026-10-10T12:24:00.000+02:00,N0356021110,N356,72.0,3780
2026-10-10T10:31:07Z,2026-10-10T12:24:00.000+02:00,A0001010510,A1,107.0,2950
2026-10-10T10:31:07Z,2026-10-10T12:24:00.000+02:00,N0356021122,N356,64.0,3870
2026-10-10T10:31:07Z,2026-10-10T12:24:00.000+02:00,N0356021121,N356,72.0,3780
2026-10-10T10:31:07Z,2026-10-10T12:24:00.000+02:00,A0025010210,A25,70.0,4850
2026-10-10T10:31:07Z,2026-10-10T12:24:00.000+02:00,A0025011300,A25,86.0,1700
2026-10-10T10:31:07Z,2026-10-10T12:24:00.000+02:00,A0001020300,A1,108.0,3230
2026-10-10T10:31:07Z,2026-10-10T12:24:00.000+02:00,A0025021100,A25,89.0,2390
2026-10-10T10:31:07Z,2026-10-10T12:24:00.000+02:00,A0025023520,A25,112.0,850
2026-10-10T10:31:07Z,2026-10-10T12:24:00.000+02:00,A0022022130,A22,95.0,3680
2026-10-10T10:31:07Z,2026-10-10T12:24:00.000+02:00,A0025010220,A25,70.0,4850
2026-10-10T10:31:07Z,2026-10-10T12:24:00.000+02:00,A0022022120,A22,89.0,3950
2026-10-10T10:31:07Z,2026-10-10T12:24:00.000+02:00,A0001010520,A1,103.0,3470
2026-10-10T10:31:07Z,2026-10-10T12:24:00.000+02:00,A0022011000,A22,82.0,3360
2026-10-10T10:31:07Z,2026-10-10T12:24:00.000+02:00,A0001020510,A1,106.0,3270
2026-10-10T10:31:07Z,2026-10-10T12:24:00.000+02:00,A0001021602,A1,81.0,6340
2026-10-10T10:31:07Z,2026-10-10T12:24:00.000+02:00,A22TC020222,A22 (contournement),81.0,3070
2026-10-10T10:31:07Z,2026-10-10T12:24:00.000+02:00,A0001010940,A1,100.0,3850
2026-10-10T10:31:07Z,2026-10-10T12:24:00.000+02:00,A0025023320,A25,115.0,1350
2026-10-10T10:31:07Z,2026-10-10T12:24:00.000+02:00,A0001020520,A1,101.0,3400
2026-10-10T10:31:07Z,2026-10-10T12:24:00.000+02:00,A0025023100,A25,113.0,1430
2026-10-10T10:31:07Z,2026-10-10T12:24:00.000+02:00,A22TC020230,A22 (contournement),81.0,3070
2026-10-10T10:31:07Z,2026-10-10T12:24:00.000+02:00,A0025021730,A25,89.0,2820
2026-10-10T10:31:07Z,2026-10-10T12:24:00.000+02:00,A0025023910,A25,120.0,770
2026-10-10T10:31:07Z,2026-10-10T12:24:00.000+02:00,A0025021735,A25,103.0,2940
2026-10-10T10:31:07Z,2026-10-10T12:24:00.000+02:00,A0023010400,A23,111.0,1670
2026-10-10T10:31:07Z,2026-10-10T12:24:00.000+02:00,A0022021900,A22,78.0,3010
2026-10-10T10:31:07Z,2026-10-10T12:24:00.000+02:00,A9022100500,A22 (rocade),75.0,1740
2026-10-10T10:31:07Z,2026-10-10T12:24:00.000+02:00,A0001020940,A1,88.0,4170
2026-10-10T10:31:07Z,2026-10-10T12:24:00.000+02:00,A0001020700,A1,94.0,2800
2026-10-10T10:31:07Z,2026-10-10T12:24:00.000+02:00,A9022020830,A22 (rocade),78.0,490
2026-10-10T10:31:07Z,2026-10-10T12:24:00.000+02:00,A9022020822,A22 (rocade),76.0,980
2026-10-10T10:31:07Z,2026-10-10T12:24:00.000+02:00,A9022020821,A22 (rocade),76.0,980
2026-10-10T10:31:07Z,2026-10-10T12:24:00.000+02:00,A0025020420,A25,70.0,4060
2026-10-10T10:31:07Z,2026-10-10T12:24:00.000+02:00,A0025021510,A25,85.0,460
2026-10-10T10:31:07Z,2026-10-10T12:24:00.000+02:00,N0227010100,N227,66.0,1470
2026-10-10T10:31:07Z,2026-10-10T12:24:00.000+02:00,A0025011720,A25,100.0,3350
2026-10-10T10:31:07Z,2026-10-10T12:24:00.000+02:00,A0025021760,A25,88.0,2930
2026-10-10T10:31:07Z,2026-10-10T12:24:00.000+02:00,A0025011730,A25,89.0,3200
2026-10-10T10:31:07Z,2026-10-10T12:24:00.000+02:00,A0025011735,A25,103.0,3290
2026-10-10T10:31:07Z,2026-10-10T12:24:00.000+02:00,A9025080700,A25 (bretelle),,710
2026-10-10T10:31:07Z,2026-10-10T12:24:00.000+02:00,A9022100930,A22 (rocade),78.0,230
2026-10-10T10:31:07Z,2026-10-10T12:24:00.000+02:00,N0356011220,N356,72.0,3190
2026-10-10T10:31:07Z,2026-10-10T12:24:00.000+02:00,A0025011740,A25,87.0,3240
2026-10-10T10:31:07Z,2026-10-10T12:24:00.000+02:00,A0025010410,A25,68.0,4060
2026-10-10T10:31:07Z,2026-10-10T12:24:00.000+02:00,A0023010200,A23,91.0,1840
2026-10-10T10:31:07Z,2026-10-10T12:24:00.000+02:00,A9001210120,A1 (bretelle),75.0,900
2026-10-10T10:31:07Z,2026-10-10T12:24:00.000+02:00,A0025020210,A25,71.0,5030
2026-10-10T10:31:07Z,2026-10-10T12:24:00.000+02:00,N0356011210,N356,72.0,3190
2026-10-10T10:31:07Z,2026-10-10T12:24:00.000+02:00,A0025011510,A25,89.0,1920
2026-10-10T10:31:07Z,2026-10-10T12:24:00.000+02:00,A0025020220,A25,71.0,5030
2026-10-10T10:31:07Z,2026-10-10T12:24:00.000+02:00,N0227010302,N227,74.0,2690
2026-10-10T10:31:07Z,2026-10-10T12:24:00.000+02:00,N0041010500,N41,94.0,1430
2026-10-10T10:31:07Z,2026-10-10T12:24:00.000+02:00,N0227020101,N227,78.0,2260
2026-10-10T10:31:07Z,2026-10-10T12:24:00.000+02:00,A9022100110,A22 (rocade),66.0,1020
2026-10-10T10:31:07Z,2026-10-10T12:24:00.000+02:00,A0022010400,A22,73.0,3230
2026-10-10T10:31:07Z,2026-10-10T12:24:00.000+02:00,N0356010302,N356,73.0,5590
2026-10-10T10:31:07Z,2026-10-10T12:24:00.000+02:00,A0025010800,A25,73.0,2860
2026-10-10T10:31:07Z,2026-10-10T12:24:00.000+02:00,A0027020621,A27,102.0,1440
2026-10-10T10:31:07Z,2026-10-10T12:24:00.000+02:00,N0041010700,N41,92.0,610
2026-10-10T10:31:07Z,2026-10-10T12:24:00.000+02:00,A0027020630,A27,104.0,1450
2026-10-10T10:31:07Z,2026-10-10T12:24:00.000+02:00,A0022021512,A22,80.0,2700
2026-10-10T10:31:07Z,2026-10-10T12:24:00.000+02:00,A0022021511,A22,81.0,2680
2026-10-10T10:31:07Z,2026-10-10T12:24:00.000+02:00,A0027020610,A27,102.0,1440
2026-10-10T10:31:07Z,2026-10-10T12:24:00.000+02:00,A0025021720,A25,101.0,2840
2026-10-10T10:31:07Z,2026-10-10T12:24:00.000+02:00,A0022021520,A22,80.0,2700
2026-10-10T10:31:07Z,2026-10-10T12:24:00.000+02:00,A0025022140,A25,113.0,2530
2026-10-10T10:31:07Z,2026-10-10T12:24:00.000+02:00,A0022011302,A22,75.0,2470
2026-10-10T10:31:07Z,2026-10-10T12:24:00.000+02:00,A0025022160,A25,109.0,2450
2026-10-10T10:31:07Z,2026-10-10T12:24:00.000+02:00,A0027010201,A27,92.0,1950
2026-10-10T10:31:07Z,2026-10-10T12:24:00.000+02:00,A0027010202,A27,77.0,1160
2026-10-10T10:31:07Z,2026-10-10T12:24:00.000+02:00,N9227110110,N227 (bretelle),73.0,1370
2026-10-10T10:31:07Z,2026-10-10T12:24:00.000+02:00,A0025012130,A25,109.0,1210
2026-10-10T10:31:07Z,2026-10-10T12:24:00.000+02:00,A0027010210,A27,77.0,1160
2026-10-10T10:31:07Z,2026-10-10T12:24:00.000+02:00,A0025011050,A25,88.0,1990
2026-10-10T10:31:07Z,2026-10-10T12:24:00.000+02:00,A0025012140,A25,109.0,1150
2026-10-10T10:31:07Z,2026-10-10T12:24:00.000+02:00,A0027010421,A27,97.0,1310
2026-10-10T10:31:07Z,2026-10-10T12:24:00.000+02:00,A0022012420,A22,88.0,3450
2026-10-10T10:31:07Z,2026-10-10T12:24:00.000+02:00,A0027010430,A27,102.0,1350
2026-10-10T10:31:07Z,2026-10-10T12:24:00.000+02:00,A0023020710,A23,108.0,1480
2026-10-10T10:31:07Z,2026-10-10T12:24:00.000+02:00,A0022012430,A22,87.0,3580
2026-10-10T10:31:07Z,2026-10-10T12:24:00.000+02:00,A0025012160,A25,122.0,2700
2026-10-10T10:31:07Z,2026-10-10T12:24:00.000+02:00,A9022021200,A22 (rocade),63.0,270
2026-10-10T10:31:07Z,2026-10-10T12:24:00.000+02:00,A0001021100,A1,88.0,3580
2026-10-10T10:31:07Z,2026-10-10T12:24:00.000+02:00,A9022101000,A22 (rocade),64.0,950
2026-10-10T10:31:07Z,2026-10-10T12:24:00.000+02:00,A0025013020,A25,112.0,2050
2026-10-10T10:31:07Z,2026-10-10T12:24:00.000+02:00,A0027010410,A27,97.0,1310
2026-10-10T10:31:07Z,2026-10-10T12:24:00.000+02:00,A0022012410,A22,89.0,3470
2026-10-10T10:31:07Z,2026-10-10T12:24:00.000+02:00,A0001A20112,A1,88.0,2440
2026-10-10T10:31:07Z,2026-10-10T12:24:00.000+02:00,A0001A20111,A1,86.0,1280
2026-10-10T10:31:07Z,2026-10-10T12:24:00.000+02:00,A0001021521,A1,83.0,3230
2026-10-10T10:31:07Z,2026-10-10T12:24:00.000+02:00,A0025022540,A25,114.0,1880
2026-10-10T10:31:07Z,2026-10-10T12:24:00.000+02:00,A0025022300,A25,114.0,1530
2026-10-10T10:31:07Z,2026-10-10T12:24:00.000+02:00,N0356021000,N356,72.0,3590
2026-10-10T10:31:07Z,2026-10-10T12:24:00.000+02:00,A22TC010102,A22 (contournement),87.0,1570
2026-10-10T10:31:07Z,2026-10-10T12:24:00.000+02:00,A0001011503,A1,84.0,6340
2026-10-10T10:31:07Z,2026-10-10T12:24:00.000+02:00,A0022012200,A22,80.0,2880
2026-10-10T10:31:07Z,2026-10-10T12:24:00.000+02:00,A0001A20120,A1,86.0,2480
2026-10-10T10:31:07Z,2026-10-10T12:24:00.000+02:00,A22TC020102,A22 (contournement),83.0,2530
2026-10-10T10:31:07Z,2026-10-10T12:24:00.000+02:00,A22TC010300,A22 (contournement),77.0,2090
2026-10-10T10:31:07Z,2026-10-10T12:24:00.000+02:00,A0022012010,A22,80.0,2150
2026-10-10T10:31:07Z,2026-10-10T12:24:00.000+02:00,A0022012020,A22,80.0,2150
2026-10-10T10:31:07Z,2026-10-10T12:24:00.000+02:00,A0025022130,A25,126.0,2520
2026-10-10T10:31:07Z,2026-10-10T12:24:00.000+02:00,A0023010520,A23,116.0,1730
2026-10-10T10:31:07Z,2026-10-10T12:24:00.000+02:00,N0041020800,N41,97.0,2290
2026-10-10T10:31:07Z,2026-10-10T12:24:00.000+02:00,A0025010500,A25,69.0,2910
2026-10-10T10:31:07Z,2026-10-10T12:24:00.000+02:00,A0022020901,A22,85.0,2930
2026-10-10T10:31:07Z,2026-10-10T12:24:00.000+02:00,A0022020902,A22,85.0,2430
2026-10-10T10:31:07Z,2026-10-10T12:24:00.000+02:00,A0022021810,A22,80.0,2620
2026-10-10T10:31:07Z,2026-10-10T12:24:00.000+02:00,N0356011100,N356,71.0,2830
2026-10-10T10:31:07Z,2026-10-10T12:24:00.000+02:00,A0022021820,A22,80.0,2620
2026-10-10T10:31:07Z,2026-10-10T12:24:00.000+02:00,N0356020802,N356,68.0,3980
2026-10-10T10:31:07Z,2026-10-10T12:24:00.000+02:00,A9022020900,A22 (rocade),81.0,850
2026-10-10T10:31:07Z,2026-10-10T12:24:00.000+02:00,A0025020102,A25,80.0,50
2026-10-10T10:31:07Z,2026-10-10T12:24:00.000+02:00,A0023010100,A23,88.0,240
2026-10-10T10:31:07Z,2026-10-10T12:24:00.000+02:00,A0025022530,A25,115.0,1910
2026-10-10T10:31:07Z,2026-10-10T12:24:00.000+02:00,A9001210200,A1 (bretelle),66.0,1240
2026-10-10T10:31:07Z,2026-10-10T12:24:00.000+02:00,A0022010700,A22,79.0,2670
2026-10-10T10:31:07Z,2026-10-10T12:24:00.000+02:00,N0041020400,N41,91.0,2640
2026-10-10T10:31:07Z,2026-10-10T12:24:00.000+02:00,A0023020720,A23,116.0,1440
2026-10-10T10:31:07Z,2026-10-10T12:24:00.000+02:00,A0022020500,A22,85.0,1670
2026-10-10T10:31:07Z,2026-10-10T12:24:00.000+02:00,N93563b0150,N356 (bretelle),65.0,30
2026-10-10T10:31:07Z,2026-10-10T12:24:00.000+02:00,A0025020950,A25,92.0,3110
2026-10-10T10:31:07Z,2026-10-10T12:24:00.000+02:00,A0023020300,A23,93.0,1440
2026-10-10T10:31:07Z,2026-10-10T12:24:00.000+02:00,A0001011000,A1,86.0,3240
2026-10-10T10:31:07Z,2026-10-10T12:24:00.000+02:00,A0027020500,A27,67.0,540
2026-10-10T10:31:07Z,2026-10-10T12:24:00.000+02:00,N0356011500,N356,75.0,3430
2026-10-10T10:31:07Z,2026-10-10T12:24:00.000+02:00,A0001010150,A1,109.0,3420
2026-10-10T10:31:07Z,2026-10-10T12:24:00.000+02:00,N0356020400,N356,61.0,2100
2026-10-10T10:31:07Z,2026-10-10T12:24:00.000+02:00,N0041020600,N41,100.0,140
2026-10-10T10:31:07Z,2026-10-10T12:24:00.000+02:00,A0025010700,A25,74.0,1660
2026-10-10T10:31:07Z,2026-10-10T12:24:00.000+02:00,A0002011230,A2,109.0,2870
2026-10-10T10:31:07Z,2026-10-10T12:24:00.000+02:00,A0025020500,A25,71.0,2800
2026-10-10T10:31:07Z,2026-10-10T12:24:00.000+02:00,A0002021290,A2,106.0,2770
2026-10-10T10:31:07Z,2026-10-10T12:24:00.000+02:00,A0022011600,A22,82.0,1130
2026-10-10T10:41:07Z,2026-10-10T12:30:00.000+02:00,A0001011200,A1,81.0,3850
2026-10-10T10:41:07Z,2026-10-10T12:30:00.000+02:00,A0027010102,A27,96.0,2630
2026-10-10T10:41:07Z,2026-10-10T12:30:00.000+02:00,N0041010100,N41,89.0,840
2026-10-10T10:41:07Z,2026-10-10T12:30:00.000+02:00,A0027010101,A27,96.0,2630
2026-10-10T10:41:07Z,2026-10-10T12:30:00.000+02:00,A9022010250,A22 (rocade),83.0,580
2026-10-10T10:41:07Z,2026-10-10T12:30:00.000+02:00,A0001020150,A1,106.0,3450
2026-10-10T10:41:07Z,2026-10-10T12:30:00.000+02:00,N0356011700,N356,73.0,3120
2026-10-10T10:41:07Z,2026-10-10T12:30:00.000+02:00,N9227110200,N227 (bretelle),79.0,60
2026-10-10T10:41:07Z,2026-10-10T12:30:00.000+02:00,N0356021300,N356,67.0,3730
2026-10-10T10:41:07Z,2026-10-10T12:30:00.000+02:00,A0022011400,A22,78.0,690
2026-10-10T10:41:07Z,2026-10-10T12:30:00.000+02:00,A0027010300,A27,95.0,690
2026-10-10T10:41:07Z,2026-10-10T12:30:00.000+02:00,A9022020250,A22 (rocade),16.0,760
2026-10-10T10:41:07Z,2026-10-10T12:30:00.000+02:00,N0041010300,N41,93.0,1970
2026-10-10T10:41:07Z,2026-10-10T12:30:00.000+02:00,A0022011210,A22,79.0,1030
2026-10-10T10:41:07Z,2026-10-10T12:30:00.000+02:00,A0027020100,A27,72.0,1450
2026-10-10T10:41:07Z,2026-10-10T12:30:00.000+02:00,A0001010300,A1,104.0,3030
2026-10-10T10:41:07Z,2026-10-10T12:30:00.000+02:00,A0022011220,A22,79.0,1030
2026-10-10T10:41:07Z,2026-10-10T12:30:00.000+02:00,N0227021400,N227,123.0,50
2026-10-10T10:41:07Z,2026-10-10T12:30:00.000+02:00,A9022101110,A22 (rocade),79.0,1280
2026-10-10T10:41:07Z,2026-10-10T12:30:00.000+02:00,A0022022110,A22,84.0,3440
2026-10-10T10:41:07Z,2026-10-10T12:30:00.000+02:00,A0001011420,A1,83.0,3220
2026-10-10T10:41:07Z,2026-10-10T12:30:00.000+02:00,N0356010800,N356,72.0,3410
2026-10-10T10:41:07Z,2026-10-10T12:30:00.000+02:00,A9001210710,A1 (bretelle),66.0,210
2026-10-10T10:41:07Z,2026-10-10T12:30:00.000+02:00,N0356021110,N356,70.0,4190
2026-10-10T10:41:07Z,2026-10-10T12:30:00.000+02:00,A0001010510,A1,104.0,2870
2026-10-10T10:41:07Z,2026-10-10T12:30:00.000+02:00,N0356021122,N356,64.0,3960
2026-10-10T10:41:07Z,2026-10-10T12:30:00.000+02:00,N0356021121,N356,70.0,4190
2026-10-10T10:41:07Z,2026-10-10T12:30:00.000+02:00,A0025010210,A25,70.0,4930
2026-10-10T10:41:07Z,2026-10-10T12:30:00.000+02:00,A0025011300,A25,87.0,1650
2026-10-10T10:41:07Z,2026-10-10T12:30:00.000+02:00,A0001020300,A1,106.0,3270
2026-10-10T10:41:07Z,2026-10-10T12:30:00.000+02:00,A0025021100,A25,88.0,2290
2026-10-10T10:41:07Z,2026-10-10T12:30:00.000+02:00,A0025023520,A25,116.0,1140
2026-10-10T10:41:07Z,2026-10-10T12:30:00.000+02:00,A0022022130,A22,94.0,3530
2026-10-10T10:41:07Z,2026-10-10T12:30:00.000+02:00,A0025010220,A25,70.0,4930
2026-10-10T10:41:07Z,2026-10-10T12:30:00.000+02:00,A0022022120,A22,89.0,3470
2026-10-10T10:41:07Z,2026-10-10T12:30:00.000+02:00,A0001010520,A1,103.0,3190
2026-10-10T10:41:07Z,2026-10-10T12:30:00.000+02:00,A0022011000,A22,76.0,3130
2026-10-10T10:41:07Z,2026-10-10T12:30:00.000+02:00,A0001020510,A1,104.0,3460
2026-10-10T10:41:07Z,2026-10-10T12:30:00.000+02:00,A0001021602,A1,83.0,5730
2026-10-10T10:41:07Z,2026-10-10T12:30:00.000+02:00,A22TC020222,A22 (contournement),83.0,2900
2026-10-10T10:41:07Z,2026-10-10T12:30:00.000+02:00,A0001010940,A1,99.0,3870
2026-10-10T10:41:07Z,2026-10-10T12:30:00.000+02:00,A0025023320,A25,116.0,1580
2026-10-10T10:41:07Z,2026-10-10T12:30:00.000+02:00,A0001020520,A1,100.0,3550
2026-10-10T10:41:07Z,2026-10-10T12:30:00.000+02:00,A0025023100,A25,116.0,1180
2026-10-10T10:41:07Z,2026-10-10T12:30:00.000+02:00,A22TC020230,A22 (contournement),83.0,2900
2026-10-10T10:41:07Z,2026-10-10T12:30:00.000+02:00,A0025021730,A25,89.0,2690
2026-10-10T10:41:07Z,2026-10-10T12:30:00.000+02:00,A0025023910,A25,119.0,930
2026-10-10T10:41:07Z,2026-10-10T12:30:00.000+02:00,A0025021735,A25,103.0,2570
2026-10-10T10:41:07Z,2026-10-10T12:30:00.000+02:00,A0023010400,A23,110.0,1790
2026-10-10T10:41:07Z,2026-10-10T12:30:00.000+02:00,A0022021900,A22,79.0,2690
2026-10-10T10:41:07Z,2026-10-10T12:30:00.000+02:00,A9022100500,A22 (rocade),77.0,1930
2026-10-10T10:41:07Z,2026-10-10T12:30:00.000+02:00,A0001020940,A1,89.0,4260
2026-10-10T10:41:07Z,2026-10-10T12:30:00.000+02:00,A0001020700,A1,92.0,2990
2026-10-10T10:41:07Z,2026-10-10T12:30:00.000+02:00,A9022020830,A22 (rocade),86.0,380
2026-10-10T10:41:07Z,2026-10-10T12:30:00.000+02:00,A9022020822,A22 (rocade),68.0,970
2026-10-10T10:41:07Z,2026-10-10T12:30:00.000+02:00,A9022020821,A22 (rocade),68.0,970
2026-10-10T10:41:07Z,2026-10-10T12:30:00.000+02:00,A0025020420,A25,73.0,3820
2026-10-10T10:41:07Z,2026-10-10T12:30:00.000+02:00,A0025021510,A25,93.0,340
2026-10-10T10:41:07Z,2026-10-10T12:30:00.000+02:00,N0227010100,N227,64.0,1390
2026-10-10T10:41:07Z,2026-10-10T12:30:00.000+02:00,A0025011720,A25,99.0,3270
2026-10-10T10:41:07Z,2026-10-10T12:30:00.000+02:00,A0025021760,A25,86.0,2640
2026-10-10T10:41:07Z,2026-10-10T12:30:00.000+02:00,A0025011730,A25,87.0,3380
2026-10-10T10:41:07Z,2026-10-10T12:30:00.000+02:00,A0025011735,A25,100.0,3350
2026-10-10T10:41:07Z,2026-10-10T12:30:00.000+02:00,A9025080700,A25 (bretelle),,510
2026-10-10T10:41:07Z,2026-10-10T12:30:00.000+02:00,A9022100930,A22 (rocade),78.0,170
2026-10-10T10:41:07Z,2026-10-10T12:30:00.000+02:00,N0356011220,N356,71.0,3220
2026-10-10T10:41:07Z,2026-10-10T12:30:00.000+02:00,A0025011740,A25,85.0,3300
2026-10-10T10:41:07Z,2026-10-10T12:30:00.000+02:00,A0025010410,A25,69.0,3940
2026-10-10T10:41:07Z,2026-10-10T12:30:00.000+02:00,A0023010200,A23,84.0,1910
2026-10-10T10:41:07Z,2026-10-10T12:30:00.000+02:00,A9001210120,A1 (bretelle),75.0,920
2026-10-10T10:41:07Z,2026-10-10T12:30:00.000+02:00,A0025020210,A25,72.0,4840
2026-10-10T10:41:07Z,2026-10-10T12:30:00.000+02:00,N0356011210,N356,71.0,3220
2026-10-10T10:41:07Z,2026-10-10T12:30:00.000+02:00,A0025011510,A25,92.0,1730
2026-10-10T10:41:07Z,2026-10-10T12:30:00.000+02:00,A0025020220,A25,72.0,4840
2026-10-10T10:41:07Z,2026-10-10T12:30:00.000+02:00,N0227010302,N227,74.0,2540
2026-10-10T10:41:07Z,2026-10-10T12:30:00.000+02:00,N0041010500,N41,97.0,1480
2026-10-10T10:41:07Z,2026-10-10T12:30:00.000+02:00,N0227020101,N227,84.0,2140
2026-10-10T10:41:07Z,2026-10-10T12:30:00.000+02:00,A9022100110,A22 (rocade),64.0,1000
2026-10-10T10:41:07Z,2026-10-10T12:30:00.000+02:00,A0022010400,A22,73.0,3270
2026-10-10T10:41:07Z,2026-10-10T12:30:00.000+02:00,N0356010302,N356,75.0,5990
2026-10-10T10:41:07Z,2026-10-10T12:30:00.000+02:00,A0025010800,A25,73.0,3030
2026-10-10T10:41:07Z,2026-10-10T12:30:00.000+02:00,A0027020621,A27,101.0,1410
2026-10-10T10:41:07Z,2026-10-10T12:30:00.000+02:00,N0041010700,N41,105.0,640
2026-10-10T10:41:07Z,2026-10-10T12:30:00.000+02:00,A0027020630,A27,103.0,1460
2026-10-10T10:41:07Z,2026-10-10T12:30:00.000+02:00,A0022021512,A22,77.0,2590
2026-10-10T10:41:07Z,2026-10-10T12:30:00.000+02:00,A0022021511,A22,77.0,2520
2026-10-10T10:41:07Z,2026-10-10T12:30:00.000+02:00,A0027020610,A27,101.0,1410
2026-10-10T10:41:07Z,2026-10-10T12:30:00.000+02:00,A0025021720,A25,100.0,2700
2026-10-10T10:41:07Z,2026-10-10T12:30:00.000+02:00,A0022021520,A22,77.0,2590
2026-10-10T10:41:07Z,2026-10-10T12:30:00.000+02:00,A0025022140,A25,114.0,2300
2026-10-10T10:41:07Z,2026-10-10T12:30:00.000+02:00,A0022011302,A22,73.0,2490
2026-10-10T10:41:07Z,2026-10-10T12:30:00.000+02:00,A0025022160,A25,108.0,2330
2026-10-10T10:41:07Z,2026-10-10T12:30:00.000+02:00,A0027010201,A27,91.0,1720
2026-10-10T10:41:07Z,2026-10-10T12:30:00.000+02:00,A0027010202,A27,73.0,1040
2026-10-10T10:41:07Z,2026-10-10T12:30:00.000+02:00,N9227110110,N227 (bretelle),74.0,1610
2026-10-10T10:41:07Z,2026-10-10T12:30:00.000+02:00,A0025012130,A25,108.0,1240
2026-10-10T10:41:07Z,2026-10-10T12:30:00.000+02:00,A0027010210,A27,73.0,1040
2026-10-10T10:41:07Z,2026-10-10T12:30:00.000+02:00,A0025011050,A25,89.0,2090
2026-10-10T10:41:07Z,2026-10-10T12:30:00.000+02:00,A0025012140,A25,108.0,1060
2026-10-10T10:41:07Z,2026-10-10T12:30:00.000+02:00,A0027010421,A27,100.0,1110
2026-10-10T10:41:07Z,2026-10-10T12:30:00.000+02:00,A0022012420,A22,88.0,3710
2026-10-10T10:41:07Z,2026-10-10T12:30:00.000+02:00,A0027010430,A27,103.0,1120
2026-10-10T10:41:07Z,2026-10-10T12:30:00.000+02:00,A0023020710,A23,108.0,1540
2026-10-10T10:41:07Z,2026-10-10T12:30:00.000+02:00,A0022012430,A22,87.0,3560
2026-10-10T10:41:07Z,2026-10-10T12:30:00.000+02:00,A0025012160,A25,120.0,2510
2026-10-10T10:41:07Z,2026-10-10T12:30:00.000+02:00,A9022021200,A22 (rocade),63.0,360
2026-10-10T10:41:07Z,2026-10-10T12:30:00.000+02:00,A0001021100,A1,88.0,3770
2026-10-10T10:41:07Z,2026-10-10T12:30:00.000+02:00,A9022101000,A22 (rocade),64.0,1020
2026-10-10T10:41:07Z,2026-10-10T12:30:00.000+02:00,A0025013020,A25,114.0,2030
2026-10-10T10:41:07Z,2026-10-10T12:30:00.000+02:00,A0027010410,A27,100.0,1110
2026-10-10T10:41:07Z,2026-10-10T12:30:00.000+02:00,A0022012410,A22,87.0,3760
2026-10-10T10:41:07Z,2026-10-10T12:30:00.000+02:00,A0001A20112,A1,90.0,2150
2026-10-10T10:41:07Z,2026-10-10T12:30:00.000+02:00,A0001A20111,A1,81.0,1250
2026-10-10T10:41:07Z,2026-10-10T12:30:00.000+02:00,A0001021521,A1,84.0,3240
2026-10-10T10:41:07Z,2026-10-10T12:30:00.000+02:00,A0025022540,A25,116.0,1690
2026-10-10T10:41:07Z,2026-10-10T12:30:00.000+02:00,A0025022300,A25,114.0,1420
2026-10-10T10:41:07Z,2026-10-10T12:30:00.000+02:00,N0356021000,N356,73.0,3590
2026-10-10T10:41:07Z,2026-10-10T12:30:00.000+02:00,A22TC010102,A22 (contournement),85.0,1650
2026-10-10T10:41:07Z,2026-10-10T12:30:00.000+02:00,A0001011503,A1,85.0,6260
2026-10-10T10:41:07Z,2026-10-10T12:30:00.000+02:00,A0022012200,A22,77.0,3340
2026-10-10T10:41:07Z,2026-10-10T12:30:00.000+02:00,A0001A20120,A1,86.0,2490
2026-10-10T10:41:07Z,2026-10-10T12:30:00.000+02:00,A22TC020102,A22 (contournement),85.0,2250
2026-10-10T10:41:07Z,2026-10-10T12:30:00.000+02:00,A22TC010300,A22 (contournement),77.0,2050
2026-10-10T10:41:07Z,2026-10-10T12:30:00.000+02:00,A0022012010,A22,80.0,2370
2026-10-10T10:41:07Z,2026-10-10T12:30:00.000+02:00,A0022012020,A22,80.0,2370
2026-10-10T10:41:07Z,2026-10-10T12:30:00.000+02:00,A0025022130,A25,129.0,2260
2026-10-10T10:41:07Z,2026-10-10T12:30:00.000+02:00,A0023010520,A23,117.0,1700
2026-10-10T10:41:07Z,2026-10-10T12:30:00.000+02:00,N0041020800,N41,99.0,1940
2026-10-10T10:41:07Z,2026-10-10T12:30:00.000+02:00,A0025010500,A25,68.0,2720
2026-10-10T10:41:07Z,2026-10-10T12:30:00.000+02:00,A0022020901,A22,83.0,3280
2026-10-10T10:41:07Z,2026-10-10T12:30:00.000+02:00,A0022020902,A22,83.0,2320
2026-10-10T10:41:07Z,2026-10-10T12:30:00.000+02:00,A0022021810,A22,80.0,2260
2026-10-10T10:41:07Z,2026-10-10T12:30:00.000+02:00,N0356011100,N356,70.0,3080
2026-10-10T10:41:07Z,2026-10-10T12:30:00.000+02:00,A0022021820,A22,80.0,2260
2026-10-10T10:41:07Z,2026-10-10T12:30:00.000+02:00,N0356020802,N356,69.0,3990
2026-10-10T10:41:07Z,2026-10-10T12:30:00.000+02:00,A9022020900,A22 (rocade),64.0,890
2026-10-10T10:41:07Z,2026-10-10T12:30:00.000+02:00,A0025020102,A25,65.0,500
2026-10-10T10:41:07Z,2026-10-10T12:30:00.000+02:00,A0023010100,A23,86.0,230
2026-10-10T10:41:07Z,2026-10-10T12:30:00.000+02:00,A0025022530,A25,116.0,1640
2026-10-10T10:41:07Z,2026-10-10T12:30:00.000+02:00,A9001210200,A1 (bretelle),65.0,1250
2026-10-10T10:41:07Z,2026-10-10T12:30:00.000+02:00,A0022010700,A22,76.0,2590
2026-10-10T10:41:07Z,2026-10-10T12:30:00.000+02:00,N0041020400,N41,91.0,2530
2026-10-10T10:41:07Z,2026-10-10T12:30:00.000+02:00,A0023020720,A23,116.0,1580
2026-10-10T10:41:07Z,2026-10-10T12:30:00.000+02:00,A0022020500,A22,83.0,1600
2026-10-10T10:41:07Z,2026-10-10T12:30:00.000+02:00,N93563b0150,N356 (bretelle),70.0,70
2026-10-10T10:41:07Z,2026-10-10T12:30:00.000+02:00,A0025020950,A25,92.0,2960
2026-10-10T10:41:07Z,2026-10-10T12:30:00.000+02:00,A0023020300,A23,88.0,1380
2026-10-10T10:41:07Z,2026-10-10T12:30:00.000+02:00,A0001011000,A1,85.0,3440
2026-10-10T10:41:07Z,2026-10-10T12:30:00.000+02:00,A0027020500,A27,91.0,900
2026-10-10T10:41:07Z,2026-10-10T12:30:00.000+02:00,N0356011500,N356,72.0,3410
2026-10-10T10:41:07Z,2026-10-10T12:30:00.000+02:00,A0001010150,A1,109.0,3240
2026-10-10T10:41:07Z,2026-10-10T12:30:00.000+02:00,N0356020400,N356,53.0,1930
2026-10-10T10:41:07Z,2026-10-10T12:30:00.000+02:00,A0025010700,A25,69.0,1490
2026-10-10T10:41:07Z,2026-10-10T12:30:00.000+02:00,A0002011230,A2,107.0,2480
2026-10-10T10:41:07Z,2026-10-10T12:30:00.000+02:00,A0025020500,A25,74.0,2650
2026-10-10T10:41:07Z,2026-10-10T12:30:00.000+02:00,A0002021290,A2,105.0,2650
2026-10-10T10:41:07Z,2026-10-10T12:30:00.000+02:00,A0022011600,A22,84.0,1620
2026-10-10T10:51:09Z,2026-10-10T12:42:00.000+02:00,A0001011200,A1,81.0,3760
2026-10-10T10:51:09Z,2026-10-10T12:42:00.000+02:00,A0027010102,A27,89.0,2800
2026-10-10T10:51:09Z,2026-10-10T12:42:00.000+02:00,N0041010100,N41,88.0,870
2026-10-10T10:51:09Z,2026-10-10T12:42:00.000+02:00,A0027010101,A27,89.0,2800
2026-10-10T10:51:09Z,2026-10-10T12:42:00.000+02:00,A9022010250,A22 (rocade),87.0,440
2026-10-10T10:51:09Z,2026-10-10T12:42:00.000+02:00,A0001020150,A1,109.0,3070
2026-10-10T10:51:09Z,2026-10-10T12:42:00.000+02:00,N0356011700,N356,72.0,3050
2026-10-10T10:51:09Z,2026-10-10T12:42:00.000+02:00,N9227110200,N227 (bretelle),73.0,40
2026-10-10T10:51:09Z,2026-10-10T12:42:00.000+02:00,N0356021300,N356,66.0,3370
2026-10-10T10:51:09Z,2026-10-10T12:42:00.000+02:00,A0022011400,A22,77.0,700
2026-10-10T10:51:09Z,2026-10-10T12:42:00.000+02:00,A0027010300,A27,94.0,810
2026-10-10T10:51:09Z,2026-10-10T12:42:00.000+02:00,A9022020250,A22 (rocade),56.0,1050
2026-10-10T10:51:09Z,2026-10-10T12:42:00.000+02:00,N0041010300,N41,91.0,1920
2026-10-10T10:51:09Z,2026-10-10T12:42:00.000+02:00,A0022011210,A22,68.0,1130
2026-10-10T10:51:09Z,2026-10-10T12:42:00.000+02:00,A0027020100,A27,71.0,1630
2026-10-10T10:51:09Z,2026-10-10T12:42:00.000+02:00,A0001010300,A1,101.0,3100
2026-10-10T10:51:09Z,2026-10-10T12:42:00.000+02:00,A0022011220,A22,68.0,1130
2026-10-10T10:51:09Z,2026-10-10T12:42:00.000+02:00,N0227021400,N227,78.0,100
2026-10-10T10:51:09Z,2026-10-10T12:42:00.000+02:00,A9022101110,A22 (rocade),79.0,1100
2026-10-10T10:51:09Z,2026-10-10T12:42:00.000+02:00,A0022022110,A22,88.0,3480
2026-10-10T10:51:09Z,2026-10-10T12:42:00.000+02:00,A0001011420,A1,81.0,3130
2026-10-10T10:51:09Z,2026-10-10T12:42:00.000+02:00,N0356010800,N356,72.0,3250
2026-10-10T10:51:09Z,2026-10-10T12:42:00.000+02:00,A9001210710,A1 (bretelle),71.0,210
2026-10-10T10:51:09Z,2026-10-10T12:42:00.000+02:00,N0356021110,N356,71.0,3820
2026-10-10T10:51:09Z,2026-10-10T12:42:00.000+02:00,A0001010510,A1,101.0,2960
2026-10-10T10:51:09Z,2026-10-10T12:42:00.000+02:00,N0356021122,N356,65.0,3850
2026-10-10T10:51:09Z,2026-10-10T12:42:00.000+02:00,N0356021121,N356,71.0,3820
2026-10-10T10:51:09Z,2026-10-10T12:42:00.000+02:00,A0025010210,A25,71.0,4710
2026-10-10T10:51:09Z,2026-10-10T12:42:00.000+02:00,A0025011300,A25,89.0,1610
2026-10-10T10:51:09Z,2026-10-10T12:42:00.000+02:00,A0001020300,A1,109.0,2880
2026-10-10T10:51:09Z,2026-10-10T12:42:00.000+02:00,A0025021100,A25,88.0,2030
2026-10-10T10:51:09Z,2026-10-10T12:42:00.000+02:00,A0025023520,A25,114.0,1000
2026-10-10T10:51:09Z,2026-10-10T12:42:00.000+02:00,A0022022130,A22,98.0,3460
2026-10-10T10:51:09Z,2026-10-10T12:42:00.000+02:00,A0025010220,A25,71.0,4710
2026-10-10T10:51:09Z,2026-10-10T12:42:00.000+02:00,A0022022120,A22,93.0,3580
2026-10-10T10:51:09Z,2026-10-10T12:42:00.000+02:00,A0001010520,A1,100.0,3440
2026-10-10T10:51:09Z,2026-10-10T12:42:00.000+02:00,A0022011000,A22,76.0,3190
2026-10-10T10:51:09Z,2026-10-10T12:42:00.000+02:00,A0001020510,A1,106.0,2850
2026-10-10T10:51:09Z,2026-10-10T12:42:00.000+02:00,A0001021602,A1,84.0,5400
2026-10-10T10:51:09Z,2026-10-10T12:42:00.000+02:00,A22TC020222,A22 (contournement),89.0,2690
2026-10-10T10:51:09Z,2026-10-10T12:42:00.000+02:00,A0001010940,A1,99.0,3710
2026-10-10T10:51:09Z,2026-10-10T12:42:00.000+02:00,A0025023320,A25,114.0,1690
2026-10-10T10:51:09Z,2026-10-10T12:42:00.000+02:00,A0001020520,A1,103.0,3190
2026-10-10T10:51:09Z,2026-10-10T12:42:00.000+02:00,A0025023100,A25,112.0,1360
2026-10-10T10:51:09Z,2026-10-10T12:42:00.000+02:00,A22TC020230,A22 (contournement),89.0,2690
2026-10-10T10:51:09Z,2026-10-10T12:42:00.000+02:00,A0025021730,A25,91.0,2510
2026-10-10T10:51:09Z,2026-10-10T12:42:00.000+02:00,A0025023910,A25,119.0,920
2026-10-10T10:51:09Z,2026-10-10T12:42:00.000+02:00,A0025021735,A25,105.0,2610
2026-10-10T10:51:09Z,2026-10-10T12:42:00.000+02:00,A0023010400,A23,109.0,1590
2026-10-10T10:51:09Z,2026-10-10T12:42:00.000+02:00,A0022021900,A22,79.0,2740
2026-10-10T10:51:09Z,2026-10-10T12:42:00.000+02:00,A9022100500,A22 (rocade),76.0,1530
2026-10-10T10:51:09Z,2026-10-10T12:42:00.000+02:00,A0001020940,A1,90.0,3890
2026-10-10T10:51:09Z,2026-10-10T12:42:00.000+02:00,A0001020700,A1,98.0,2650
2026-10-10T10:51:09Z,2026-10-10T12:42:00.000+02:00,A9022020830,A22 (rocade),86.0,300
2026-10-10T10:51:09Z,2026-10-10T12:42:00.000+02:00,A9022020822,A22 (rocade),74.0,910
2026-10-10T10:51:09Z,2026-10-10T12:42:00.000+02:00,A9022020821,A22 (rocade),74.0,910
2026-10-10T10:51:09Z,2026-10-10T12:42:00.000+02:00,A0025020420,A25,70.0,3870
2026-10-10T10:51:09Z,2026-10-10T12:42:00.000+02:00,A0025021510,A25,87.0,910
2026-10-10T10:51:09Z,2026-10-10T12:42:00.000+02:00,N0227010100,N227,66.0,1250
2026-10-10T10:51:09Z,2026-10-10T12:42:00.000+02:00,A0025011720,A25,102.0,2940
2026-10-10T10:51:09Z,2026-10-10T12:42:00.000+02:00,A0025021760,A25,89.0,2670
2026-10-10T10:51:09Z,2026-10-10T12:42:00.000+02:00,A0025011730,A25,87.0,2940
2026-10-10T10:51:09Z,2026-10-10T12:42:00.000+02:00,A0025011735,A25,103.0,2910
2026-10-10T10:51:09Z,2026-10-10T12:42:00.000+02:00,A9025080700,A25 (bretelle),,730
2026-10-10T10:51:09Z,2026-10-10T12:42:00.000+02:00,A9022100930,A22 (rocade),76.0,160
2026-10-10T10:51:09Z,2026-10-10T12:42:00.000+02:00,N0356011220,N356,70.0,3110
2026-10-10T10:51:09Z,2026-10-10T12:42:00.000+02:00,A0025011740,A25,86.0,3000
2026-10-10T10:51:09Z,2026-10-10T12:42:00.000+02:00,A0025010410,A25,68.0,4080
2026-10-10T10:51:09Z,2026-10-10T12:42:00.000+02:00,A0023010200,A23,86.0,1780
2026-10-10T10:51:09Z,2026-10-10T12:42:00.000+02:00,A9001210120,A1 (bretelle),76.0,760
2026-10-10T10:51:09Z,2026-10-10T12:42:00.000+02:00,A0025020210,A25,73.0,4720
2026-10-10T10:51:09Z,2026-10-10T12:42:00.000+02:00,N0356011210,N356,70.0,3110
2026-10-10T10:51:09Z,2026-10-10T12:42:00.000+02:00,A0025011510,A25,87.0,1230
2026-10-10T10:51:09Z,2026-10-10T12:42:00.000+02:00,A0025020220,A25,73.0,4720
2026-10-10T10:51:09Z,2026-10-10T12:42:00.000+02:00,N0227010302,N227,75.0,2490
2026-10-10T10:51:09Z,2026-10-10T12:42:00.000+02:00,N0041010500,N41,99.0,1420
2026-10-10T10:51:09Z,2026-10-10T12:42:00.000+02:00,N0227020101,N227,85.0,1990
2026-10-10T10:51:09Z,2026-10-10T12:42:00.000+02:00,A9022100110,A22 (rocade),66.0,990
2026-10-10T10:51:09Z,2026-10-10T12:42:00.000+02:00,A0022010400,A22,72.0,3110
2026-10-10T10:51:09Z,2026-10-10T12:42:00.000+02:00,N0356010302,N356,75.0,5590
2026-10-10T10:51:09Z,2026-10-10T12:42:00.000+02:00,A0025010800,A25,75.0,3090
2026-10-10T10:51:09Z,2026-10-10T12:42:00.000+02:00,A0027020621,A27,102.0,1050
2026-10-10T10:51:09Z,2026-10-10T12:42:00.000+02:00,N0041010700,N41,105.0,570
2026-10-10T10:51:09Z,2026-10-10T12:42:00.000+02:00,A0027020630,A27,103.0,1180
2026-10-10T10:51:09Z,2026-10-10T12:42:00.000+02:00,A0022021512,A22,77.0,2150
2026-10-10T10:51:09Z,2026-10-10T12:42:00.000+02:00,A0022021511,A22,78.0,2170
2026-10-10T10:51:09Z,2026-10-10T12:42:00.000+02:00,A0027020610,A27,102.0,1050
2026-10-10T10:51:09Z,2026-10-10T12:42:00.000+02:00,A0025021720,A25,103.0,2440
2026-10-10T10:51:09Z,2026-10-10T12:42:00.000+02:00,A0022021520,A22,77.0,2150
2026-10-10T10:51:09Z,2026-10-10T12:42:00.000+02:00,A0025022140,A25,114.0,2230
2026-10-10T10:51:09Z,2026-10-10T12:42:00.000+02:00,A0022011302,A22,76.0,2400
2026-10-10T10:51:09Z,2026-10-10T12:42:00.000+02:00,A0025022160,A25,110.0,2200
2026-10-10T10:51:09Z,2026-10-10T12:42:00.000+02:00,A0027010201,A27,92.0,1770
2026-10-10T10:51:09Z,2026-10-10T12:42:00.000+02:00,A0027010202,A27,75.0,990
2026-10-10T10:51:09Z,2026-10-10T12:42:00.000+02:00,N9227110110,N227 (bretelle),75.0,1360
2026-10-10T10:51:09Z,2026-10-10T12:42:00.000+02:00,A0025012130,A25,101.0,1200
2026-10-10T10:51:09Z,2026-10-10T12:42:00.000+02:00,A0027010210,A27,75.0,990
2026-10-10T10:51:09Z,2026-10-10T12:42:00.000+02:00,A0025011050,A25,85.0,2100
2026-10-10T10:51:09Z,2026-10-10T12:42:00.000+02:00,A0025012140,A25,101.0,70
2026-10-10T10:51:09Z,2026-10-10T12:42:00.000+02:00,A0027010421,A27,103.0,1100
2026-10-10T10:51:09Z,2026-10-10T12:42:00.000+02:00,A0022012420,A22,92.0,3330
2026-10-10T10:51:09Z,2026-10-10T12:42:00.000+02:00,A0027010430,A27,106.0,1170
2026-10-10T10:51:09Z,2026-10-10T12:42:00.000+02:00,A0023020710,A23,108.0,1770
2026-10-10T10:51:09Z,2026-10-10T12:42:00.000+02:00,A0022012430,A22,89.0,3250
2026-10-10T10:51:09Z,2026-10-10T12:42:00.000+02:00,A0025012160,A25,122.0,2390
2026-10-10T10:51:09Z,2026-10-10T12:42:00.000+02:00,A9022021200,A22 (rocade),60.0,270
2026-10-10T10:51:09Z,2026-10-10T12:42:00.000+02:00,A0001021100,A1,88.0,3370
2026-10-10T10:51:09Z,2026-10-10T12:42:00.000+02:00,A9022101000,A22 (rocade),63.0,960
2026-10-10T10:51:09Z,2026-10-10T12:42:00.000+02:00,A0025013020,A25,113.0,1980
2026-10-10T10:51:09Z,2026-10-10T12:42:00.000+02:00,A0027010410,A27,103.0,1100
2026-10-10T10:51:09Z,2026-10-10T12:42:00.000+02:00,A0022012410,A22,91.0,3330
2026-10-10T10:51:09Z,2026-10-10T12:42:00.000+02:00,A0001A20112,A1,90.0,2110
2026-10-10T10:51:09Z,2026-10-10T12:42:00.000+02:00,A0001A20111,A1,90.0,1230
2026-10-10T10:51:09Z,2026-10-10T12:42:00.000+02:00,A0001021521,A1,85.0,3220
2026-10-10T10:51:09Z,2026-10-10T12:42:00.000+02:00,A0025022540,A25,114.0,1580
2026-10-10T10:51:09Z,2026-10-10T12:42:00.000+02:00,A0025022300,A25,112.0,1290
2026-10-10T10:51:09Z,2026-10-10T12:42:00.000+02:00,N0356021000,N356,72.0,3520
2026-10-10T10:51:09Z,2026-10-10T12:42:00.000+02:00,A22TC010102,A22 (contournement),86.0,1650
2026-10-10T10:51:09Z,2026-10-10T12:42:00.000+02:00,A0001011503,A1,86.0,5310
2026-10-10T10:51:09Z,2026-10-10T12:42:00.000+02:00,A0022012200,A22,79.0,3030
2026-10-10T10:51:09Z,2026-10-10T12:42:00.000+02:00,A0001A20120,A1,88.0,2260
2026-10-10T10:51:09Z,2026-10-10T12:42:00.000+02:00,A22TC020102,A22 (contournement),85.0,2250
2026-10-10T10:51:09Z,2026-10-10T12:42:00.000+02:00,A22TC010300,A22 (contournement),79.0,1900
2026-10-10T10:51:09Z,2026-10-10T12:42:00.000+02:00,A0022012010,A22,80.0,2320
2026-10-10T10:51:09Z,2026-10-10T12:42:00.000+02:00,A0022012020,A22,80.0,2320
2026-10-10T10:51:09Z,2026-10-10T12:42:00.000+02:00,A0025022130,A25,130.0,2180
2026-10-10T10:51:09Z,2026-10-10T12:42:00.000+02:00,A0023010520,A23,113.0,1610
2026-10-10T10:51:09Z,2026-10-10T12:42:00.000+02:00,N0041020800,N41,96.0,2150
2026-10-10T10:51:09Z,2026-10-10T12:42:00.000+02:00,A0025010500,A25,68.0,2770
2026-10-10T10:51:09Z,2026-10-10T12:42:00.000+02:00,A0022020901,A22,76.0,2750
2026-10-10T10:51:09Z,2026-10-10T12:42:00.000+02:00,A0022020902,A22,76.0,2160
2026-10-10T10:51:09Z,2026-10-10T12:42:00.000+02:00,A0022021810,A22,73.0,2270
2026-10-10T10:51:09Z,2026-10-10T12:42:00.000+02:00,N0356011100,N356,70.0,2900
2026-10-10T10:51:09Z,2026-10-10T12:42:00.000+02:00,A0022021820,A22,73.0,2270
2026-10-10T10:51:09Z,2026-10-10T12:42:00.000+02:00,N0356020802,N356,67.0,3850
2026-10-10T10:51:09Z,2026-10-10T12:42:00.000+02:00,A9022020900,A22 (rocade),80.0,780
2026-10-10T10:51:09Z,2026-10-10T12:42:00.000+02:00,A0025020102,A25,69.0,260
2026-10-10T10:51:09Z,2026-10-10T12:42:00.000+02:00,A0023010100,A23,93.0,310
2026-10-10T10:51:09Z,2026-10-10T12:42:00.000+02:00,A0025022530,A25,117.0,1530
2026-10-10T10:51:09Z,2026-10-10T12:42:00.000+02:00,A9001210200,A1 (bretelle),66.0,1290
2026-10-10T10:51:09Z,2026-10-10T12:42:00.000+02:00,A0022010700,A22,78.0,2690
2026-10-10T10:51:09Z,2026-10-10T12:42:00.000+02:00,N0041020400,N41,90.0,2930
2026-10-10T10:51:09Z,2026-10-10T12:42:00.000+02:00,A0023020720,A23,116.0,1850
2026-10-10T10:51:09Z,2026-10-10T12:42:00.000+02:00,A0022020500,A22,76.0,1480
2026-10-10T10:51:09Z,2026-10-10T12:42:00.000+02:00,N93563b0150,N356 (bretelle),66.0,180
2026-10-10T10:51:09Z,2026-10-10T12:42:00.000+02:00,A0025020950,A25,90.0,2870
2026-10-10T10:51:09Z,2026-10-10T12:42:00.000+02:00,A0023020300,A23,86.0,1410
2026-10-10T10:51:09Z,2026-10-10T12:42:00.000+02:00,A0001011000,A1,87.0,3520
2026-10-10T10:51:09Z,2026-10-10T12:42:00.000+02:00,A0027020500,A27,92.0,600
2026-10-10T10:51:09Z,2026-10-10T12:42:00.000+02:00,N0356011500,N356,67.0,3380
2026-10-10T10:51:09Z,2026-10-10T12:42:00.000+02:00,A0001010150,A1,110.0,3090
2026-10-10T10:51:09Z,2026-10-10T12:42:00.000+02:00,N0356020400,N356,52.0,1880
2026-10-10T10:51:09Z,2026-10-10T12:42:00.000+02:00,A0025010700,A25,70.0,1470
2026-10-10T10:51:09Z,2026-10-10T12:42:00.000+02:00,A0002011230,A2,107.0,2810
2026-10-10T10:51:09Z,2026-10-10T12:42:00.000+02:00,A0025020500,A25,71.0,2560
2026-10-10T10:51:09Z,2026-10-10T12:42:00.000+02:00,A0002021290,A2,106.0,2640
2026-10-10T10:51:09Z,2026-10-10T12:42:00.000+02:00,A0022011600,A22,83.0,1220
2026-10-10T11:01:05Z,2026-10-10T12:54:00.000+02:00,A0001011200,A1,81.0,3570
2026-10-10T11:01:05Z,2026-10-10T12:54:00.000+02:00,A0027010102,A27,87.0,2650
2026-10-10T11:01:05Z,2026-10-10T12:54:00.000+02:00,N0041010100,N41,88.0,990
2026-10-10T11:01:05Z,2026-10-10T12:54:00.000+02:00,A0027010101,A27,87.0,2650
2026-10-10T11:01:05Z,2026-10-10T12:54:00.000+02:00,A9022010250,A22 (rocade),85.0,500
2026-10-10T11:01:05Z,2026-10-10T12:54:00.000+02:00,A0001020150,A1,109.0,3080
2026-10-10T11:01:05Z,2026-10-10T12:54:00.000+02:00,N0356011700,N356,73.0,3030
2026-10-10T11:01:05Z,2026-10-10T12:54:00.000+02:00,N9227110200,N227 (bretelle),70.0,70
2026-10-10T11:01:05Z,2026-10-10T12:54:00.000+02:00,N0356021300,N356,65.0,3670
2026-10-10T11:01:05Z,2026-10-10T12:54:00.000+02:00,A0022011400,A22,77.0,750
2026-10-10T11:01:05Z,2026-10-10T12:54:00.000+02:00,A0027010300,A27,95.0,660
2026-10-10T11:01:05Z,2026-10-10T12:54:00.000+02:00,A9022020250,A22 (rocade),59.0,1100
2026-10-10T11:01:05Z,2026-10-10T12:54:00.000+02:00,N0041010300,N41,92.0,2000
2026-10-10T11:01:05Z,2026-10-10T12:54:00.000+02:00,A0022011210,A22,76.0,1020
2026-10-10T11:01:05Z,2026-10-10T12:54:00.000+02:00,A0027020100,A27,71.0,1410
2026-10-10T11:01:05Z,2026-10-10T12:54:00.000+02:00,A0001010300,A1,103.0,3210
2026-10-10T11:01:05Z,2026-10-10T12:54:00.000+02:00,A0022011220,A22,76.0,1020
2026-10-10T11:01:05Z,2026-10-10T12:54:00.000+02:00,N0227021400,N227,46.0,90
2026-10-10T11:01:05Z,2026-10-10T12:54:00.000+02:00,A9022101110,A22 (rocade),79.0,1120
2026-10-10T11:01:05Z,2026-10-10T12:54:00.000+02:00,A0022022110,A22,83.0,3540
2026-10-10T11:01:05Z,2026-10-10T12:54:00.000+02:00,A0001011420,A1,85.0,2760
2026-10-10T11:01:05Z,2026-10-10T12:54:00.000+02:00,N0356010800,N356,72.0,3020
2026-10-10T11:01:05Z,2026-10-10T12:54:00.000+02:00,A9001210710,A1 (bretelle),70.0,110
2026-10-10T11:01:05Z,2026-10-10T12:54:00.000+02:00,N0356021110,N356,70.0,4160
2026-10-10T11:01:05Z,2026-10-10T12:54:00.000+02:00,A0001010510,A1,103.0,3020
2026-10-10T11:01:05Z,2026-10-10T12:54:00.000+02:00,N0356021122,N356,64.0,4000
2026-10-10T11:01:05Z,2026-10-10T12:54:00.000+02:00,N0356021121,N356,70.0,4160
2026-10-10T11:01:05Z,2026-10-10T12:54:00.000+02:00,A0025010210,A25,72.0,4530
2026-10-10T11:01:05Z,2026-10-10T12:54:00.000+02:00,A0025011300,A25,86.0,1240
2026-10-10T11:01:05Z,2026-10-10T12:54:00.000+02:00,A0001020300,A1,109.0,3040
2026-10-10T11:01:05Z,2026-10-10T12:54:00.000+02:00,A0025021100,A25,89.0,2160
2026-10-10T11:01:05Z,2026-10-10T12:54:00.000+02:00,A0025023520,A25,113.0,900
2026-10-10T11:01:05Z,2026-10-10T12:54:00.000+02:00,A0022022130,A22,94.0,3490
2026-10-10T11:01:05Z,2026-10-10T12:54:00.000+02:00,A0025010220,A25,72.0,4530
2026-10-10T11:01:05Z,2026-10-10T12:54:00.000+02:00,A0022022120,A22,89.0,3710
2026-10-10T11:01:05Z,2026-10-10T12:54:00.000+02:00,A0001010520,A1,103.0,3310
2026-10-10T11:01:05Z,2026-10-10T12:54:00.000+02:00,A0022011000,A22,80.0,3130
2026-10-10T11:01:05Z,2026-10-10T12:54:00.000+02:00,A0001020510,A1,105.0,3160
2026-10-10T11:01:05Z,2026-10-10T12:54:00.000+02:00,A0001021602,A1,83.0,5210
2026-10-10T11:01:05Z,2026-10-10T12:54:00.000+02:00,A22TC020222,A22 (contournement),90.0,2800
2026-10-10T11:01:05Z,2026-10-10T12:54:00.000+02:00,A0001010940,A1,98.0,3750
2026-10-10T11:01:05Z,2026-10-10T12:54:00.000+02:00,A0025023320,A25,117.0,1470
2026-10-10T11:01:05Z,2026-10-10T12:54:00.000+02:00,A0001020520,A1,103.0,3190
2026-10-10T11:01:05Z,2026-10-10T12:54:00.000+02:00,A0025023100,A25,113.0,1070
2026-10-10T11:01:05Z,2026-10-10T12:54:00.000+02:00,A22TC020230,A22 (contournement),90.0,2800
2026-10-10T11:01:05Z,2026-10-10T12:54:00.000+02:00,A0025021730,A25,88.0,2920
2026-10-10T11:01:05Z,2026-10-10T12:54:00.000+02:00,A0025023910,A25,119.0,1010
2026-10-10T11:01:05Z,2026-10-10T12:54:00.000+02:00,A0025021735,A25,103.0,2840
2026-10-10T11:01:05Z,2026-10-10T12:54:00.000+02:00,A0023010400,A23,110.0,1260
2026-10-10T11:01:05Z,2026-10-10T12:54:00.000+02:00,A0022021900,A22,78.0,2950
2026-10-10T11:01:05Z,2026-10-10T12:54:00.000+02:00,A9022100500,A22 (rocade),76.0,1760
2026-10-10T11:01:05Z,2026-10-10T12:54:00.000+02:00,A0001020940,A1,90.0,3900
2026-10-10T11:01:05Z,2026-10-10T12:54:00.000+02:00,A0001020700,A1,96.0,2570
2026-10-10T11:01:05Z,2026-10-10T12:54:00.000+02:00,A9022020830,A22 (rocade),85.0,310
2026-10-10T11:01:05Z,2026-10-10T12:54:00.000+02:00,A9022020822,A22 (rocade),75.0,690
2026-10-10T11:01:05Z,2026-10-10T12:54:00.000+02:00,A9022020821,A22 (rocade),75.0,690
2026-10-10T11:01:05Z,2026-10-10T12:54:00.000+02:00,A0025020420,A25,72.0,3670
2026-10-10T11:01:05Z,2026-10-10T12:54:00.000+02:00,A0025021510,A25,97.0,1260
2026-10-10T11:01:05Z,2026-10-10T12:54:00.000+02:00,N0227010100,N227,66.0,1530
2026-10-10T11:01:05Z,2026-10-10T12:54:00.000+02:00,A0025011720,A25,100.0,2500
2026-10-10T11:01:05Z,2026-10-10T12:54:00.000+02:00,A0025021760,A25,87.0,2800
2026-10-10T11:01:05Z,2026-10-10T12:54:00.000+02:00,A0025011730,A25,89.0,2620
2026-10-10T11:01:05Z,2026-10-10T12:54:00.000+02:00,A0025011735,A25,103.0,2630
2026-10-10T11:01:05Z,2026-10-10T12:54:00.000+02:00,A9025080700,A25 (bretelle),,690
2026-10-10T11:01:05Z,2026-10-10T12:54:00.000+02:00,A9022100930,A22 (rocade),73.0,150
2026-10-10T11:01:05Z,2026-10-10T12:54:00.000+02:00,N0356011220,N356,72.0,3090
2026-10-10T11:01:05Z,2026-10-10T12:54:00.000+02:00,A0025011740,A25,87.0,2600
2026-10-10T11:01:05Z,2026-10-10T12:54:00.000+02:00,A0025010410,A25,69.0,3670
2026-10-10T11:01:05Z,2026-10-10T12:54:00.000+02:00,A0023010200,A23,87.0,1320
2026-10-10T11:01:05Z,2026-10-10T12:54:00.000+02:00,A9001210120,A1 (bretelle),75.0,810
2026-10-10T11:01:05Z,2026-10-10T12:54:00.000+02:00,A0025020210,A25,74.0,4220
2026-10-10T11:01:05Z,2026-10-10T12:54:00.000+02:00,N0356011210,N356,72.0,3090
2026-10-10T11:01:05Z,2026-10-10T12:54:00.000+02:00,A0025011510,A25,87.0,1410
2026-10-10T11:01:05Z,2026-10-10T12:54:00.000+02:00,A0025020220,A25,74.0,4220
2026-10-10T11:01:05Z,2026-10-10T12:54:00.000+02:00,N0227010302,N227,75.0,2930
2026-10-10T11:01:05Z,2026-10-10T12:54:00.000+02:00,N0041010500,N41,92.0,1540
2026-10-10T11:01:05Z,2026-10-10T12:54:00.000+02:00,N0227020101,N227,83.0,1830
2026-10-10T11:01:05Z,2026-10-10T12:54:00.000+02:00,A9022100110,A22 (rocade),62.0,1120
2026-10-10T11:01:05Z,2026-10-10T12:54:00.000+02:00,A0022010400,A22,73.0,3480
2026-10-10T11:01:05Z,2026-10-10T12:54:00.000+02:00,N0356010302,N356,74.0,5130
2026-10-10T11:01:05Z,2026-10-10T12:54:00.000+02:00,A0025010800,A25,74.0,2710
2026-10-10T11:01:05Z,2026-10-10T12:54:00.000+02:00,A0027020621,A27,102.0,1330
2026-10-10T11:01:05Z,2026-10-10T12:54:00.000+02:00,N0041010700,N41,108.0,510
2026-10-10T11:01:05Z,2026-10-10T12:54:00.000+02:00,A0027020630,A27,105.0,1320
2026-10-10T11:01:05Z,2026-10-10T12:54:00.000+02:00,A0022021512,A22,77.0,2500
2026-10-10T11:01:05Z,2026-10-10T12:54:00.000+02:00,A0022021511,A22,77.0,2560
2026-10-10T11:01:05Z,2026-10-10T12:54:00.000+02:00,A0027020610,A27,102.0,1330
2026-10-10T11:01:05Z,2026-10-10T12:54:00.000+02:00,A0025021720,A25,96.0,2980
2026-10-10T11:01:05Z,2026-10-10T12:54:00.000+02:00,A0022021520,A22,77.0,2500
2026-10-10T11:01:05Z,2026-10-10T12:54:00.000+02:00,A0025022140,A25,115.0,2110
2026-10-10T11:01:05Z,2026-10-10T12:54:00.000+02:00,A0022011302,A22,75.0,2390
2026-10-10T11:01:05Z,2026-10-10T12:54:00.000+02:00,A0025022160,A25,112.0,1970
2026-10-10T11:01:05Z,2026-10-10T12:54:00.000+02:00,A0027010201,A27,93.0,1330
2026-10-10T11:01:05Z,2026-10-10T12:54:00.000+02:00,A0027010202,A27,83.0,940
2026-10-10T11:01:05Z,2026-10-10T12:54:00.000+02:00,N9227110110,N227 (bretelle),75.0,1620
2026-10-10T11:01:05Z,2026-10-10T12:54:00.000+02:00,A0025012130,A25,106.0,1020
2026-10-10T11:01:05Z,2026-10-10T12:54:00.000+02:00,A0027010210,A27,83.0,940
2026-10-10T11:01:05Z,2026-10-10T12:54:00.000+02:00,A0025011050,A25,94.0,1840
2026-10-10T11:01:05Z,2026-10-10T12:54:00.000+02:00,A0025012140,A25,106.0,130
2026-10-10T11:01:05Z,2026-10-10T12:54:00.000+02:00,A0027010421,A27,102.0,1030
2026-10-10T11:01:05Z,2026-10-10T12:54:00.000+02:00,A0022012420,A22,93.0,3180
2026-10-10T11:01:05Z,2026-10-10T12:54:00.000+02:00,A0027010430,A27,105.0,1060
2026-10-10T11:01:05Z,2026-10-10T12:54:00.000+02:00,A0023020710,A23,110.0,1380
2026-10-10T11:01:05Z,2026-10-10T12:54:00.000+02:00,A0022012430,A22,85.0,3070
2026-10-10T11:01:05Z,2026-10-10T12:54:00.000+02:00,A0025012160,A25,126.0,2310
2026-10-10T11:01:05Z,2026-10-10T12:54:00.000+02:00,A9022021200,A22 (rocade),64.0,200
2026-10-10T11:01:05Z,2026-10-10T12:54:00.000+02:00,A0001021100,A1,90.0,3370
2026-10-10T11:01:05Z,2026-10-10T12:54:00.000+02:00,A9022101000,A22 (rocade),67.0,1070
2026-10-10T11:01:05Z,2026-10-10T12:54:00.000+02:00,A0025013020,A25,110.0,1990
2026-10-10T11:01:05Z,2026-10-10T12:54:00.000+02:00,A0027010410,A27,102.0,1030
2026-10-10T11:01:05Z,2026-10-10T12:54:00.000+02:00,A0022012410,A22,92.0,3210
2026-10-10T11:01:05Z,2026-10-10T12:54:00.000+02:00,A0001A20112,A1,92.0,2000
2026-10-10T11:01:05Z,2026-10-10T12:54:00.000+02:00,A0001A20111,A1,88.0,1170
2026-10-10T11:01:05Z,2026-10-10T12:54:00.000+02:00,A0001021521,A1,86.0,3150
2026-10-10T11:01:05Z,2026-10-10T12:54:00.000+02:00,A0025022540,A25,115.0,1500
2026-10-10T11:01:05Z,2026-10-10T12:54:00.000+02:00,A0025022300,A25,115.0,1180
2026-10-10T11:01:05Z,2026-10-10T12:54:00.000+02:00,N0356021000,N356,71.0,3800
2026-10-10T11:01:05Z,2026-10-10T12:54:00.000+02:00,A22TC010102,A22 (contournement),88.0,1590
2026-10-10T11:01:05Z,2026-10-10T12:54:00.000+02:00,A0001011503,A1,87.0,5210
2026-10-10T11:01:05Z,2026-10-10T12:54:00.000+02:00,A0022012200,A22,81.0,2710
2026-10-10T11:01:05Z,2026-10-10T12:54:00.000+02:00,A0001A20120,A1,89.0,2170
2026-10-10T11:01:05Z,2026-10-10T12:54:00.000+02:00,A22TC020102,A22 (contournement),86.0,2010
2026-10-10T11:01:05Z,2026-10-10T12:54:00.000+02:00,A22TC010300,A22 (contournement),82.0,1870
2026-10-10T11:01:05Z,2026-10-10T12:54:00.000+02:00,A0022012010,A22,79.0,2070
2026-10-10T11:01:05Z,2026-10-10T12:54:00.000+02:00,A0022012020,A22,79.0,2070
2026-10-10T11:01:05Z,2026-10-10T12:54:00.000+02:00,A0025022130,A25,128.0,2180
2026-10-10T11:01:05Z,2026-10-10T12:54:00.000+02:00,A0023010520,A23,116.0,1250
2026-10-10T11:01:05Z,2026-10-10T12:54:00.000+02:00,N0041020800,N41,99.0,1740
2026-10-10T11:01:05Z,2026-10-10T12:54:00.000+02:00,A0025010500,A25,69.0,2720
2026-10-10T11:01:05Z,2026-10-10T12:54:00.000+02:00,A0022020901,A22,78.0,3120
2026-10-10T11:01:05Z,2026-10-10T12:54:00.000+02:00,A0022020902,A22,78.0,2310
2026-10-10T11:01:05Z,2026-10-10T12:54:00.000+02:00,A0022021810,A22,79.0,2450
2026-10-10T11:01:05Z,2026-10-10T12:54:00.000+02:00,N0356011100,N356,71.0,2710
2026-10-10T11:01:05Z,2026-10-10T12:54:00.000+02:00,A0022021820,A22,79.0,2450
2026-10-10T11:01:05Z,2026-10-10T12:54:00.000+02:00,N0356020802,N356,68.0,3860
2026-10-10T11:01:05Z,2026-10-10T12:54:00.000+02:00,A9022020900,A22 (rocade),75.0,690
2026-10-10T11:01:05Z,2026-10-10T12:54:00.000+02:00,A0025020102,A25,65.0,50
2026-10-10T11:01:05Z,2026-10-10T12:54:00.000+02:00,A0023010100,A23,99.0,170
2026-10-10T11:01:05Z,2026-10-10T12:54:00.000+02:00,A0025022530,A25,118.0,1560
2026-10-10T11:01:05Z,2026-10-10T12:54:00.000+02:00,A9001210200,A1 (bretelle),66.0,1170
2026-10-10T11:01:05Z,2026-10-10T12:54:00.000+02:00,A0022010700,A22,75.0,2780
2026-10-10T11:01:05Z,2026-10-10T12:54:00.000+02:00,N0041020400,N41,91.0,2050
2026-10-10T11:01:05Z,2026-10-10T12:54:00.000+02:00,A0023020720,A23,118.0,1370
2026-10-10T11:01:05Z,2026-10-10T12:54:00.000+02:00,A0022020500,A22,78.0,1560
2026-10-10T11:01:05Z,2026-10-10T12:54:00.000+02:00,N93563b0150,N356 (bretelle),65.0,70
2026-10-10T11:01:05Z,2026-10-10T12:54:00.000+02:00,A0025020950,A25,92.0,3090
2026-10-10T11:01:05Z,2026-10-10T12:54:00.000+02:00,A0023020300,A23,92.0,1290
2026-10-10T11:01:05Z,2026-10-10T12:54:00.000+02:00,A0001011000,A1,85.0,3210
2026-10-10T11:01:05Z,2026-10-10T12:54:00.000+02:00,A0027020500,A27,91.0,800
2026-10-10T11:01:05Z,2026-10-10T12:54:00.000+02:00,N0356011500,N356,66.0,3350
2026-10-10T11:01:05Z,2026-10-10T12:54:00.000+02:00,A0001010150,A1,109.0,3290
2026-10-10T11:01:05Z,2026-10-10T12:54:00.000+02:00,N0356020400,N356,57.0,1920
2026-10-10T11:01:05Z,2026-10-10T12:54:00.000+02:00,A0025010700,A25,72.0,1570
2026-10-10T11:01:05Z,2026-10-10T12:54:00.000+02:00,A0002011230,A2,107.0,2850
2026-10-10T11:01:05Z,2026-10-10T12:54:00.000+02:00,A0025020500,A25,72.0,2510
2026-10-10T11:01:05Z,2026-10-10T12:54:00.000+02:00,A0002021290,A2,106.0,2590
2026-10-10T11:01:05Z,2026-10-10T12:54:00.000+02:00,A0022011600,A22,82.0,1180
2026-10-10T11:11:06Z,2026-10-10T13:00:00.000+02:00,A0001011200,A1,81.0,3690
2026-10-10T11:11:06Z,2026-10-10T13:00:00.000+02:00,A0027010102,A27,91.0,2740
2026-10-10T11:11:06Z,2026-10-10T13:00:00.000+02:00,N0041010100,N41,86.0,770
2026-10-10T11:11:06Z,2026-10-10T13:00:00.000+02:00,A0027010101,A27,91.0,2740
2026-10-10T11:11:06Z,2026-10-10T13:00:00.000+02:00,A9022010250,A22 (rocade),87.0,440
2026-10-10T11:11:06Z,2026-10-10T13:00:00.000+02:00,A0001020150,A1,109.0,3330
2026-10-10T11:11:06Z,2026-10-10T13:00:00.000+02:00,N0356011700,N356,72.0,2850
2026-10-10T11:11:06Z,2026-10-10T13:00:00.000+02:00,N9227110200,N227 (bretelle),69.0,60
2026-10-10T11:11:06Z,2026-10-10T13:00:00.000+02:00,N0356021300,N356,65.0,3800
2026-10-10T11:11:06Z,2026-10-10T13:00:00.000+02:00,A0022011400,A22,77.0,550
2026-10-10T11:11:06Z,2026-10-10T13:00:00.000+02:00,A0027010300,A27,95.0,790
2026-10-10T11:11:06Z,2026-10-10T13:00:00.000+02:00,A9022020250,A22 (rocade),57.0,700
2026-10-10T11:11:06Z,2026-10-10T13:00:00.000+02:00,N0041010300,N41,89.0,2100
2026-10-10T11:11:06Z,2026-10-10T13:00:00.000+02:00,A0022011210,A22,78.0,760
2026-10-10T11:11:06Z,2026-10-10T13:00:00.000+02:00,A0027020100,A27,74.0,1380
2026-10-10T11:11:06Z,2026-10-10T13:00:00.000+02:00,A0001010300,A1,109.0,2850
2026-10-10T11:11:06Z,2026-10-10T13:00:00.000+02:00,A0022011220,A22,78.0,760
2026-10-10T11:11:06Z,2026-10-10T13:00:00.000+02:00,N0227021400,N227,81.0,90
2026-10-10T11:11:06Z,2026-10-10T13:00:00.000+02:00,A9022101110,A22 (rocade),76.0,950
2026-10-10T11:11:06Z,2026-10-10T13:00:00.000+02:00,A0022022110,A22,85.0,3570
2026-10-10T11:11:06Z,2026-10-10T13:00:00.000+02:00,A0001011420,A1,85.0,2910
2026-10-10T11:11:06Z,2026-10-10T13:00:00.000+02:00,N0356010800,N356,71.0,3020
2026-10-10T11:11:06Z,2026-10-10T13:00:00.000+02:00,A9001210710,A1 (bretelle),66.0,50
2026-10-10T11:11:06Z,2026-10-10T13:00:00.000+02:00,N0356021110,N356,72.0,4270
2026-10-10T11:11:06Z,2026-10-10T13:00:00.000+02:00,A0001010510,A1,109.0,2740
2026-10-10T11:11:06Z,2026-10-10T13:00:00.000+02:00,N0356021122,N356,63.0,4100
2026-10-10T11:11:06Z,2026-10-10T13:00:00.000+02:00,N0356021121,N356,72.0,4270
2026-10-10T11:11:06Z,2026-10-10T13:00:00.000+02:00,A0025010210,A25,72.0,4530
2026-10-10T11:11:06Z,2026-10-10T13:00:00.000+02:00,A0025011300,A25,88.0,1220
2026-10-10T11:11:06Z,2026-10-10T13:00:00.000+02:00,A0001020300,A1,110.0,3230
2026-10-10T11:11:06Z,2026-10-10T13:00:00.000+02:00,A0025021100,A25,88.0,2200
2026-10-10T11:11:06Z,2026-10-10T13:00:00.000+02:00,A0025023520,A25,114.0,1270
2026-10-10T11:11:06Z,2026-10-10T13:00:00.000+02:00,A0022022130,A22,98.0,3150
2026-10-10T11:11:06Z,2026-10-10T13:00:00.000+02:00,A0025010220,A25,72.0,4530
2026-10-10T11:11:06Z,2026-10-10T13:00:00.000+02:00,A0022022120,A22,90.0,3330
2026-10-10T11:11:06Z,2026-10-10T13:00:00.000+02:00,A0001010520,A1,105.0,3170
2026-10-10T11:11:06Z,2026-10-10T13:00:00.000+02:00,A0022011000,A22,77.0,2960
2026-10-10T11:11:06Z,2026-10-10T13:00:00.000+02:00,A0001020510,A1,108.0,3230
2026-10-10T11:11:06Z,2026-10-10T13:00:00.000+02:00,A0001021602,A1,82.0,5760
2026-10-10T11:11:06Z,2026-10-10T13:00:00.000+02:00,A22TC020222,A22 (contournement),87.0,2810
2026-10-10T11:11:06Z,2026-10-10T13:00:00.000+02:00,A0001010940,A1,100.0,3740
2026-10-10T11:11:06Z,2026-10-10T13:00:00.000+02:00,A0025023320,A25,114.0,1750
2026-10-10T11:11:06Z,2026-10-10T13:00:00.000+02:00,A0001020520,A1,102.0,3390
2026-10-10T11:11:06Z,2026-10-10T13:00:00.000+02:00,A0025023100,A25,113.0,1390
2026-10-10T11:11:06Z,2026-10-10T13:00:00.000+02:00,A22TC020230,A22 (contournement),87.0,2810
2026-10-10T11:11:06Z,2026-10-10T13:00:00.000+02:00,A0025021730,A25,90.0,2180
2026-10-10T11:11:06Z,2026-10-10T13:00:00.000+02:00,A0025023910,A25,119.0,1130
2026-10-10T11:11:06Z,2026-10-10T13:00:00.000+02:00,A0025021735,A25,104.0,2180
2026-10-10T11:11:06Z,2026-10-10T13:00:00.000+02:00,A0023010400,A23,108.0,1280
2026-10-10T11:11:06Z,2026-10-10T13:00:00.000+02:00,A0022021900,A22,77.0,2750
2026-10-10T11:11:06Z,2026-10-10T13:00:00.000+02:00,A9022100500,A22 (rocade),77.0,1810
2026-10-10T11:11:06Z,2026-10-10T13:00:00.000+02:00,A0001020940,A1,90.0,3840
2026-10-10T11:11:06Z,2026-10-10T13:00:00.000+02:00,A0001020700,A1,99.0,2780
2026-10-10T11:11:06Z,2026-10-10T13:00:00.000+02:00,A9022020830,A22 (rocade),82.0,310
2026-10-10T11:11:06Z,2026-10-10T13:00:00.000+02:00,A9022020822,A22 (rocade),89.0,800
2026-10-10T11:11:06Z,2026-10-10T13:00:00.000+02:00,A9022020821,A22 (rocade),89.0,800
2026-10-10T11:11:06Z,2026-10-10T13:00:00.000+02:00,A0025020420,A25,71.0,3750
2026-10-10T11:11:06Z,2026-10-10T13:00:00.000+02:00,A0025021510,A25,84.0,1260
2026-10-10T11:11:06Z,2026-10-10T13:00:00.000+02:00,N0227010100,N227,67.0,1460
2026-10-10T11:11:06Z,2026-10-10T13:00:00.000+02:00,A0025011720,A25,98.0,2630
2026-10-10T11:11:06Z,2026-10-10T13:00:00.000+02:00,A0025021760,A25,89.0,2240
2026-10-10T11:11:06Z,2026-10-10T13:00:00.000+02:00,A0025011730,A25,88.0,2660
2026-10-10T11:11:06Z,2026-10-10T13:00:00.000+02:00,A0025011735,A25,101.0,2550
2026-10-10T11:11:06Z,2026-10-10T13:00:00.000+02:00,A9025080700,A25 (bretelle),,490
2026-10-10T11:11:06Z,2026-10-10T13:00:00.000+02:00,A9022100930,A22 (rocade),77.0,150
2026-10-10T11:11:06Z,2026-10-10T13:00:00.000+02:00,N0356011220,N356,70.0,3010
2026-10-10T11:11:06Z,2026-10-10T13:00:00.000+02:00,A0025011740,A25,85.0,2590
2026-10-10T11:11:06Z,2026-10-10T13:00:00.000+02:00,A0025010410,A25,71.0,3570
2026-10-10T11:11:06Z,2026-10-10T13:00:00.000+02:00,A0023010200,A23,89.0,1510
2026-10-10T11:11:06Z,2026-10-10T13:00:00.000+02:00,A9001210120,A1 (bretelle),78.0,720
2026-10-10T11:11:06Z,2026-10-10T13:00:00.000+02:00,A0025020210,A25,72.0,4500
2026-10-10T11:11:06Z,2026-10-10T13:00:00.000+02:00,N0356011210,N356,70.0,3010
2026-10-10T11:11:06Z,2026-10-10T13:00:00.000+02:00,A0025011510,A25,89.0,1620
2026-10-10T11:11:06Z,2026-10-10T13:00:00.000+02:00,A0025020220,A25,72.0,4500
2026-10-10T11:11:06Z,2026-10-10T13:00:00.000+02:00,N0227010302,N227,76.0,2440
2026-10-10T11:11:06Z,2026-10-10T13:00:00.000+02:00,N0041010500,N41,96.0,1430
2026-10-10T11:11:06Z,2026-10-10T13:00:00.000+02:00,N0227020101,N227,85.0,2020
2026-10-10T11:11:06Z,2026-10-10T13:00:00.000+02:00,A9022100110,A22 (rocade),62.0,1230
2026-10-10T11:11:06Z,2026-10-10T13:00:00.000+02:00,A0022010400,A22,73.0,2900
2026-10-10T11:11:06Z,2026-10-10T13:00:00.000+02:00,N0356010302,N356,74.0,5300
2026-10-10T11:11:06Z,2026-10-10T13:00:00.000+02:00,A0025010800,A25,76.0,2390
2026-10-10T11:11:06Z,2026-10-10T13:00:00.000+02:00,A0027020621,A27,101.0,1150
2026-10-10T11:11:06Z,2026-10-10T13:00:00.000+02:00,N0041010700,N41,102.0,530
2026-10-10T11:11:06Z,2026-10-10T13:00:00.000+02:00,A0027020630,A27,102.0,1180
2026-10-10T11:11:06Z,2026-10-10T13:00:00.000+02:00,A0022021512,A22,80.0,2410
2026-10-10T11:11:06Z,2026-10-10T13:00:00.000+02:00,A0022021511,A22,81.0,2390
2026-10-10T11:11:06Z,2026-10-10T13:00:00.000+02:00,A0027020610,A27,101.0,1150
2026-10-10T11:11:06Z,2026-10-10T13:00:00.000+02:00,A0025021720,A25,103.0,2180
2026-10-10T11:11:06Z,2026-10-10T13:00:00.000+02:00,A0022021520,A22,80.0,2410
2026-10-10T11:11:06Z,2026-10-10T13:00:00.000+02:00,A0025022140,A25,114.0,2100
2026-10-10T11:11:06Z,2026-10-10T13:00:00.000+02:00,A0022011302,A22,76.0,1880
2026-10-10T11:11:06Z,2026-10-10T13:00:00.000+02:00,A0025022160,A25,110.0,2040
2026-10-10T11:11:06Z,2026-10-10T13:00:00.000+02:00,A0027010201,A27,94.0,1630
2026-10-10T11:11:06Z,2026-10-10T13:00:00.000+02:00,A0027010202,A27,71.0,940
2026-10-10T11:11:06Z,2026-10-10T13:00:00.000+02:00,N9227110110,N227 (bretelle),75.0,1430
2026-10-10T11:11:06Z,2026-10-10T13:00:00.000+02:00,A0025012130,A25,114.0,1120
2026-10-10T11:11:06Z,2026-10-10T13:00:00.000+02:00,A0027010210,A27,71.0,940
2026-10-10T11:11:06Z,2026-10-10T13:00:00.000+02:00,A0025011050,A25,90.0,1600
2026-10-10T11:11:06Z,2026-10-10T13:00:00.000+02:00,A0027010421,A27,103.0,1100
2026-10-10T11:11:06Z,2026-10-10T13:00:00.000+02:00,A0022012420,A22,94.0,2970
2026-10-10T11:11:06Z,2026-10-10T13:00:00.000+02:00,A0027010430,A27,106.0,1080
2026-10-10T11:11:06Z,2026-10-10T13:00:00.000+02:00,A0023020710,A23,108.0,1510
2026-10-10T11:11:06Z,2026-10-10T13:00:00.000+02:00,A0022012430,A22,92.0,3000
2026-10-10T11:11:06Z,2026-10-10T13:00:00.000+02:00,A0025012160,A25,122.0,2180
2026-10-10T11:11:06Z,2026-10-10T13:00:00.000+02:00,A9022021200,A22 (rocade),60.0,280
2026-10-10T11:11:06Z,2026-10-10T13:00:00.000+02:00,A0001021100,A1,89.0,3250
2026-10-10T11:11:06Z,2026-10-10T13:00:00.000+02:00,A9022101000,A22 (rocade),66.0,850
2026-10-10T11:11:06Z,2026-10-10T13:00:00.000+02:00,A0025013020,A25,117.0,1540
2026-10-10T11:11:06Z,2026-10-10T13:00:00.000+02:00,A0027010410,A27,103.0,1100
2026-10-10T11:11:06Z,2026-10-10T13:00:00.000+02:00,A0022012410,A22,92.0,2980
2026-10-10T11:11:06Z,2026-10-10T13:00:00.000+02:00,A0001A20112,A1,89.0,1940
2026-10-10T11:11:06Z,2026-10-10T13:00:00.000+02:00,A0001A20111,A1,89.0,960
2026-10-10T11:11:06Z,2026-10-10T13:00:00.000+02:00,A0001021521,A1,84.0,3050
2026-10-10T11:11:06Z,2026-10-10T13:00:00.000+02:00,A0025022540,A25,114.0,1800
2026-10-10T11:11:06Z,2026-10-10T13:00:00.000+02:00,A0025022300,A25,115.0,1250
2026-10-10T11:11:06Z,2026-10-10T13:00:00.000+02:00,N0356021000,N356,72.0,3900
2026-10-10T11:11:06Z,2026-10-10T13:00:00.000+02:00,A22TC010102,A22 (contournement),87.0,1770
2026-10-10T11:11:06Z,2026-10-10T13:00:00.000+02:00,A0001011503,A1,86.0,5270
2026-10-10T11:11:06Z,2026-10-10T13:00:00.000+02:00,A0022012200,A22,81.0,2640
2026-10-10T11:11:06Z,2026-10-10T13:00:00.000+02:00,A0001A20120,A1,87.0,2120
2026-10-10T11:11:06Z,2026-10-10T13:00:00.000+02:00,A22TC020102,A22 (contournement),84.0,2030
2026-10-10T11:11:06Z,2026-10-10T13:00:00.000+02:00,A22TC010300,A22 (contournement),81.0,1910
2026-10-10T11:11:06Z,2026-10-10T13:00:00.000+02:00,A0022012010,A22,81.0,1710
2026-10-10T11:11:06Z,2026-10-10T13:00:00.000+02:00,A0022012020,A22,81.0,1710
2026-10-10T11:11:06Z,2026-10-10T13:00:00.000+02:00,A0025022130,A25,130.0,2030
2026-10-10T11:11:06Z,2026-10-10T13:00:00.000+02:00,A0023010520,A23,112.0,1290
2026-10-10T11:11:06Z,2026-10-10T13:00:00.000+02:00,N0041020800,N41,98.0,1810
2026-10-10T11:11:06Z,2026-10-10T13:00:00.000+02:00,A0025010500,A25,71.0,2420
2026-10-10T11:11:06Z,2026-10-10T13:00:00.000+02:00,A0022020901,A22,77.0,2590
2026-10-10T11:11:06Z,2026-10-10T13:00:00.000+02:00,A0022020902,A22,77.0,2050
2026-10-10T11:11:06Z,2026-10-10T13:00:00.000+02:00,A0022021810,A22,80.0,2200
2026-10-10T11:11:06Z,2026-10-10T13:00:00.000+02:00,N0356011100,N356,71.0,2830
2026-10-10T11:11:06Z,2026-10-10T13:00:00.000+02:00,A0022021820,A22,80.0,2200
2026-10-10T11:11:06Z,2026-10-10T13:00:00.000+02:00,N0356020802,N356,67.0,4210
2026-10-10T11:11:06Z,2026-10-10T13:00:00.000+02:00,A9022020900,A22 (rocade),75.0,640
2026-10-10T11:11:06Z,2026-10-10T13:00:00.000+02:00,A0025020102,A25,67.0,40
2026-10-10T11:11:06Z,2026-10-10T13:00:00.000+02:00,A0023010100,A23,90.0,160
2026-10-10T11:11:06Z,2026-10-10T13:00:00.000+02:00,A0025022530,A25,118.0,1590
2026-10-10T11:11:06Z,2026-10-10T13:00:00.000+02:00,A9001210200,A1 (bretelle),66.0,1280
2026-10-10T11:11:06Z,2026-10-10T13:00:00.000+02:00,A0022010700,A22,78.0,2400
2026-10-10T11:11:06Z,2026-10-10T13:00:00.000+02:00,N0041020400,N41,89.0,2310
2026-10-10T11:11:06Z,2026-10-10T13:00:00.000+02:00,A0023020720,A23,115.0,1590
2026-10-10T11:11:06Z,2026-10-10T13:00:00.000+02:00,A0022020500,A22,77.0,1460
2026-10-10T11:11:06Z,2026-10-10T13:00:00.000+02:00,N93563b0150,N356 (bretelle),66.0,70
2026-10-10T11:11:06Z,2026-10-10T13:00:00.000+02:00,A0025020950,A25,92.0,3050
2026-10-10T11:11:06Z,2026-10-10T13:00:00.000+02:00,A0023020300,A23,95.0,1450
2026-10-10T11:11:06Z,2026-10-10T13:00:00.000+02:00,A0001011000,A1,86.0,3420
2026-10-10T11:11:06Z,2026-10-10T13:00:00.000+02:00,A0027020500,A27,94.0,740
2026-10-10T11:11:06Z,2026-10-10T13:00:00.000+02:00,N0356011500,N356,68.0,3240
2026-10-10T11:11:06Z,2026-10-10T13:00:00.000+02:00,A0001010150,A1,111.0,2950
2026-10-10T11:11:06Z,2026-10-10T13:00:00.000+02:00,N0356020400,N356,57.0,2010
2026-10-10T11:11:06Z,2026-10-10T13:00:00.000+02:00,A0025010700,A25,71.0,1560
2026-10-10T11:11:06Z,2026-10-10T13:00:00.000+02:00,A0002011230,A2,109.0,2690
2026-10-10T11:11:06Z,2026-10-10T13:00:00.000+02:00,A0025020500,A25,72.0,2620
2026-10-10T11:11:06Z,2026-10-10T13:00:00.000+02:00,A0002021290,A2,110.0,2530
2026-10-10T11:11:06Z,2026-10-10T13:00:00.000+02:00,A0022011600,A22,79.0,1110
2026-10-10T11:21:03Z,2026-10-10T13:12:00.000+02:00,A0001011200,A1,80.0,3640
2026-10-10T11:21:03Z,2026-10-10T13:12:00.000+02:00,A0027010102,A27,98.0,2620
2026-10-10T11:21:03Z,2026-10-10T13:12:00.000+02:00,N0041010100,N41,88.0,680
2026-10-10T11:21:03Z,2026-10-10T13:12:00.000+02:00,A0027010101,A27,98.0,2620
2026-10-10T11:21:03Z,2026-10-10T13:12:00.000+02:00,A9022010250,A22 (rocade),85.0,480
2026-10-10T11:21:03Z,2026-10-10T13:12:00.000+02:00,A0001020150,A1,105.0,3130
2026-10-10T11:21:03Z,2026-10-10T13:12:00.000+02:00,N0356011700,N356,73.0,2990
2026-10-10T11:21:03Z,2026-10-10T13:12:00.000+02:00,N9227110200,N227 (bretelle),70.0,50
2026-10-10T11:21:03Z,2026-10-10T13:12:00.000+02:00,N0356021300,N356,66.0,3160
2026-10-10T11:21:03Z,2026-10-10T13:12:00.000+02:00,A0022011400,A22,75.0,670
2026-10-10T11:21:03Z,2026-10-10T13:12:00.000+02:00,A0027010300,A27,94.0,700
2026-10-10T11:21:03Z,2026-10-10T13:12:00.000+02:00,A9022020250,A22 (rocade),27.0,540
2026-10-10T11:21:03Z,2026-10-10T13:12:00.000+02:00,N0041010300,N41,91.0,1880
2026-10-10T11:21:03Z,2026-10-10T13:12:00.000+02:00,A0022011210,A22,80.0,860
2026-10-10T11:21:03Z,2026-10-10T13:12:00.000+02:00,A0027020100,A27,70.0,1520
2026-10-10T11:21:03Z,2026-10-10T13:12:00.000+02:00,A0001010300,A1,96.0,2820
2026-10-10T11:21:03Z,2026-10-10T13:12:00.000+02:00,A0022011220,A22,80.0,860
2026-10-10T11:21:03Z,2026-10-10T13:12:00.000+02:00,N0227021400,N227,86.0,70
2026-10-10T11:21:03Z,2026-10-10T13:12:00.000+02:00,A9022101110,A22 (rocade),77.0,1120
2026-10-10T11:21:03Z,2026-10-10T13:12:00.000+02:00,A0022022110,A22,87.0,3430
2026-10-10T11:21:03Z,2026-10-10T13:12:00.000+02:00,A0001011420,A1,86.0,2530
2026-10-10T11:21:03Z,2026-10-10T13:12:00.000+02:00,N0356010800,N356,71.0,2900
2026-10-10T11:21:03Z,2026-10-10T13:12:00.000+02:00,A9001210710,A1 (bretelle),66.0,290
2026-10-10T11:21:03Z,2026-10-10T13:12:00.000+02:00,N0356021110,N356,72.0,3540
2026-10-10T11:21:03Z,2026-10-10T13:12:00.000+02:00,A0001010510,A1,96.0,2780
2026-10-10T11:21:03Z,2026-10-10T13:12:00.000+02:00,N0356021122,N356,64.0,3500
2026-10-10T11:21:03Z,2026-10-10T13:12:00.000+02:00,N0356021121,N356,72.0,3540
2026-10-10T11:21:03Z,2026-10-10T13:12:00.000+02:00,A0025010210,A25,71.0,4810
2026-10-10T11:21:03Z,2026-10-10T13:12:00.000+02:00,A0025011300,A25,88.0,1320
2026-10-10T11:21:03Z,2026-10-10T13:12:00.000+02:00,A0001020300,A1,106.0,3150
2026-10-10T11:21:03Z,2026-10-10T13:12:00.000+02:00,A0025021100,A25,88.0,2330
2026-10-10T11:21:03Z,2026-10-10T13:12:00.000+02:00,A0025023520,A25,114.0,1070
2026-10-10T11:21:03Z,2026-10-10T13:12:00.000+02:00,A0025010220,A25,71.0,4810
2026-10-10T11:21:03Z,2026-10-10T13:12:00.000+02:00,A0022022120,A22,91.0,3500
2026-10-10T11:21:03Z,2026-10-10T13:12:00.000+02:00,A0001010520,A1,104.0,3120
2026-10-10T11:21:03Z,2026-10-10T13:12:00.000+02:00,A0022011000,A22,74.0,2950
2026-10-10T11:21:03Z,2026-10-10T13:12:00.000+02:00,A0001020510,A1,103.0,3220
2026-10-10T11:21:03Z,2026-10-10T13:12:00.000+02:00,A0001021602,A1,82.0,5200
2026-10-10T11:21:03Z,2026-10-10T13:12:00.000+02:00,A22TC020222,A22 (contournement),86.0,2530
2026-10-10T11:21:03Z,2026-10-10T13:12:00.000+02:00,A0001010940,A1,99.0,3640
2026-10-10T11:21:03Z,2026-10-10T13:12:00.000+02:00,A0025023320,A25,118.0,1560
2026-10-10T11:21:03Z,2026-10-10T13:12:00.000+02:00,A0001020520,A1,98.0,3410
2026-10-10T11:21:03Z,2026-10-10T13:12:00.000+02:00,A0025023100,A25,114.0,1360
2026-10-10T11:21:03Z,2026-10-10T13:12:00.000+02:00,A22TC020230,A22 (contournement),86.0,2530
2026-10-10T11:21:03Z,2026-10-10T13:12:00.000+02:00,A0025021730,A25,90.0,2770
2026-10-10T11:21:03Z,2026-10-10T13:12:00.000+02:00,A0025023910,A25,121.0,930
2026-10-10T11:21:03Z,2026-10-10T13:12:00.000+02:00,A0025021735,A25,103.0,2690
2026-10-10T11:21:03Z,2026-10-10T13:12:00.000+02:00,A0023010400,A23,107.0,1340
2026-10-10T11:21:03Z,2026-10-10T13:12:00.000+02:00,A0022021900,A22,80.0,2580
2026-10-10T11:21:03Z,2026-10-10T13:12:00.000+02:00,A9022100500,A22 (rocade),76.0,1640
2026-10-10T11:21:03Z,2026-10-10T13:12:00.000+02:00,A0001020940,A1,90.0,3440
2026-10-10T11:21:03Z,2026-10-10T13:12:00.000+02:00,A0001020700,A1,93.0,2590
2026-10-10T11:21:03Z,2026-10-10T13:12:00.000+02:00,A9022020830,A22 (rocade),82.0,350
2026-10-10T11:21:03Z,2026-10-10T13:12:00.000+02:00,A9022020822,A22 (rocade),88.0,730
2026-10-10T11:21:03Z,2026-10-10T13:12:00.000+02:00,A9022020821,A22 (rocade),88.0,730
2026-10-10T11:21:03Z,2026-10-10T13:12:00.000+02:00,A0025020420,A25,73.0,3460
2026-10-10T11:21:03Z,2026-10-10T13:12:00.000+02:00,A0025021510,A25,96.0,1380
2026-10-10T11:21:03Z,2026-10-10T13:12:00.000+02:00,N0227010100,N227,64.0,1400
2026-10-10T11:21:03Z,2026-10-10T13:12:00.000+02:00,A0025011720,A25,102.0,2480
2026-10-10T11:21:03Z,2026-10-10T13:12:00.000+02:00,A0025021760,A25,89.0,2540
2026-10-10T11:21:03Z,2026-10-10T13:12:00.000+02:00,A0025011730,A25,90.0,2600
2026-10-10T11:21:03Z,2026-10-10T13:12:00.000+02:00,A0025011735,A25,104.0,2630
2026-10-10T11:21:03Z,2026-10-10T13:12:00.000+02:00,A9025080700,A25 (bretelle),,600
2026-10-10T11:21:03Z,2026-10-10T13:12:00.000+02:00,A9022100930,A22 (rocade),73.0,240
2026-10-10T11:21:03Z,2026-10-10T13:12:00.000+02:00,N0356011220,N356,70.0,3170
2026-10-10T11:21:03Z,2026-10-10T13:12:00.000+02:00,A0025011740,A25,88.0,2740
2026-10-10T11:21:03Z,2026-10-10T13:12:00.000+02:00,A0025010410,A25,69.0,3890
2026-10-10T11:21:03Z,2026-10-10T13:12:00.000+02:00,A0023010200,A23,99.0,1480
2026-10-10T11:21:03Z,2026-10-10T13:12:00.000+02:00,A9001210120,A1 (bretelle),79.0,660
2026-10-10T11:21:03Z,2026-10-10T13:12:00.000+02:00,A0025020210,A25,73.0,4530
2026-10-10T11:21:03Z,2026-10-10T13:12:00.000+02:00,N0356011210,N356,70.0,3170
2026-10-10T11:21:03Z,2026-10-10T13:12:00.000+02:00,A0025011510,A25,89.0,1500
2026-10-10T11:21:03Z,2026-10-10T13:12:00.000+02:00,A0025020220,A25,73.0,4530
2026-10-10T11:21:03Z,2026-10-10T13:12:00.000+02:00,N0227010302,N227,75.0,2330
2026-10-10T11:21:03Z,2026-10-10T13:12:00.000+02:00,N0041010500,N41,108.0,1340
2026-10-10T11:21:03Z,2026-10-10T13:12:00.000+02:00,N0227020101,N227,80.0,1890
2026-10-10T11:21:03Z,2026-10-10T13:12:00.000+02:00,A9022100110,A22 (rocade),66.0,1030
2026-10-10T11:21:03Z,2026-10-10T13:12:00.000+02:00,A0022010400,A22,72.0,2750
2026-10-10T11:21:03Z,2026-10-10T13:12:00.000+02:00,N0356010302,N356,76.0,4810
2026-10-10T11:21:03Z,2026-10-10T13:12:00.000+02:00,A0025010800,A25,72.0,2600
2026-10-10T11:21:03Z,2026-10-10T13:12:00.000+02:00,A0027020621,A27,102.0,990
2026-10-10T11:21:03Z,2026-10-10T13:12:00.000+02:00,N0041010700,N41,106.0,510
2026-10-10T11:21:03Z,2026-10-10T13:12:00.000+02:00,A0027020630,A27,104.0,1080
2026-10-10T11:21:03Z,2026-10-10T13:12:00.000+02:00,A0022021512,A22,79.0,2180
2026-10-10T11:21:03Z,2026-10-10T13:12:00.000+02:00,A0022021511,A22,80.0,2210
2026-10-10T11:21:03Z,2026-10-10T13:12:00.000+02:00,A0027020610,A27,102.0,990
2026-10-10T11:21:03Z,2026-10-10T13:12:00.000+02:00,A0025021720,A25,101.0,2930
2026-10-10T11:21:03Z,2026-10-10T13:12:00.000+02:00,A0022021520,A22,79.0,2180
2026-10-10T11:21:03Z,2026-10-10T13:12:00.000+02:00,A0025022140,A25,113.0,2150
2026-10-10T11:21:03Z,2026-10-10T13:12:00.000+02:00,A0022011302,A22,73.0,2290
2026-10-10T11:21:03Z,2026-10-10T13:12:00.000+02:00,A0025022160,A25,110.0,2180
2026-10-10T11:21:03Z,2026-10-10T13:12:00.000+02:00,A0027010201,A27,92.0,1430
2026-10-10T11:21:03Z,2026-10-10T13:12:00.000+02:00,A0027010202,A27,70.0,960
2026-10-10T11:21:03Z,2026-10-10T13:12:00.000+02:00,N9227110110,N227 (bretelle),75.0,1210
2026-10-10T11:21:03Z,2026-10-10T13:12:00.000+02:00,A0025012130,A25,110.0,1240
2026-10-10T11:21:03Z,2026-10-10T13:12:00.000+02:00,A0027010210,A27,70.0,960
2026-10-10T11:21:03Z,2026-10-10T13:12:00.000+02:00,A0025011050,A25,90.0,1570
2026-10-10T11:21:03Z,2026-10-10T13:12:00.000+02:00,A0025012140,A25,110.0,380
2026-10-10T11:21:03Z,2026-10-10T13:12:00.000+02:00,A0027010421,A27,98.0,1010
2026-10-10T11:21:03Z,2026-10-10T13:12:00.000+02:00,A0022012420,A22,92.0,2970
2026-10-10T11:21:03Z,2026-10-10T13:12:00.000+02:00,A0027010430,A27,102.0,970
2026-10-10T11:21:03Z,2026-10-10T13:12:00.000+02:00,A0023020710,A23,108.0,1220
2026-10-10T11:21:03Z,2026-10-10T13:12:00.000+02:00,A0025012160,A25,124.0,2580
2026-10-10T11:21:03Z,2026-10-10T13:12:00.000+02:00,A9022021200,A22 (rocade),63.0,260
2026-10-10T11:21:03Z,2026-10-10T13:12:00.000+02:00,A0001021100,A1,89.0,2850
2026-10-10T11:21:03Z,2026-10-10T13:12:00.000+02:00,A9022101000,A22 (rocade),67.0,910
2026-10-10T11:21:03Z,2026-10-10T13:12:00.000+02:00,A0025013020,A25,117.0,1830
2026-10-10T11:21:03Z,2026-10-10T13:12:00.000+02:00,A0027010410,A27,98.0,1010
2026-10-10T11:21:03Z,2026-10-10T13:12:00.000+02:00,A0022012410,A22,92.0,2990
2026-10-10T11:21:03Z,2026-10-10T13:12:00.000+02:00,A0001A20112,A1,89.0,2130
2026-10-10T11:21:03Z,2026-10-10T13:12:00.000+02:00,A0001A20111,A1,89.0,1040
2026-10-10T11:21:03Z,2026-10-10T13:12:00.000+02:00,A0001021521,A1,84.0,2850
2026-10-10T11:21:03Z,2026-10-10T13:12:00.000+02:00,A0025022540,A25,113.0,1740
2026-10-10T11:21:03Z,2026-10-10T13:12:00.000+02:00,A0025022300,A25,116.0,1340
2026-10-10T11:21:03Z,2026-10-10T13:12:00.000+02:00,N0356021000,N356,73.0,3380
2026-10-10T11:21:03Z,2026-10-10T13:12:00.000+02:00,A22TC010102,A22 (contournement),85.0,1620
2026-10-10T11:21:03Z,2026-10-10T13:12:00.000+02:00,A0001011503,A1,85.0,5240
2026-10-10T11:21:03Z,2026-10-10T13:12:00.000+02:00,A0022012200,A22,77.0,2620
2026-10-10T11:21:03Z,2026-10-10T13:12:00.000+02:00,A0001A20120,A1,87.0,2280
2026-10-10T11:21:03Z,2026-10-10T13:12:00.000+02:00,A22TC020102,A22 (contournement),83.0,2150
2026-10-10T11:21:03Z,2026-10-10T13:12:00.000+02:00,A22TC010300,A22 (contournement),79.0,1970
2026-10-10T11:21:03Z,2026-10-10T13:12:00.000+02:00,A0022012010,A22,77.0,1820
2026-10-10T11:21:03Z,2026-10-10T13:12:00.000+02:00,A0022012020,A22,77.0,1820
2026-10-10T11:21:03Z,2026-10-10T13:12:00.000+02:00,A0025022130,A25,128.0,2150
2026-10-10T11:21:03Z,2026-10-10T13:12:00.000+02:00,A0023010520,A23,114.0,1270
2026-10-10T11:21:03Z,2026-10-10T13:12:00.000+02:00,N0041020800,N41,99.0,1590
2026-10-10T11:21:03Z,2026-10-10T13:12:00.000+02:00,A0025010500,A25,68.0,2700
2026-10-10T11:21:03Z,2026-10-10T13:12:00.000+02:00,A0022020901,A22,77.0,2660
2026-10-10T11:21:03Z,2026-10-10T13:12:00.000+02:00,A0022020902,A22,77.0,1980
2026-10-10T11:21:03Z,2026-10-10T13:12:00.000+02:00,A0022021810,A22,80.0,2090
2026-10-10T11:21:03Z,2026-10-10T13:12:00.000+02:00,N0356011100,N356,70.0,2970
2026-10-10T11:21:03Z,2026-10-10T13:12:00.000+02:00,A0022021820,A22,80.0,2090
2026-10-10T11:21:03Z,2026-10-10T13:12:00.000+02:00,N0356020802,N356,69.0,3590
2026-10-10T11:21:03Z,2026-10-10T13:12:00.000+02:00,A9022020900,A22 (rocade),85.0,690
2026-10-10T11:21:03Z,2026-10-10T13:12:00.000+02:00,A0025020102,A25,59.0,70
2026-10-10T11:21:03Z,2026-10-10T13:12:00.000+02:00,A0023010100,A23,98.0,200
2026-10-10T11:21:03Z,2026-10-10T13:12:00.000+02:00,A0025022530,A25,116.0,1650
2026-10-10T11:21:03Z,2026-10-10T13:12:00.000+02:00,A9001210200,A1 (bretelle),67.0,1110
2026-10-10T11:21:03Z,2026-10-10T13:12:00.000+02:00,A0022010700,A22,76.0,2410
2026-10-10T11:21:03Z,2026-10-10T13:12:00.000+02:00,N0041020400,N41,90.0,1970
2026-10-10T11:21:03Z,2026-10-10T13:12:00.000+02:00,A0023020720,A23,116.0,1200
2026-10-10T11:21:03Z,2026-10-10T13:12:00.000+02:00,A0022020500,A22,77.0,1270
2026-10-10T11:21:03Z,2026-10-10T13:12:00.000+02:00,N93563b0150,N356 (bretelle),63.0,130
2026-10-10T11:21:03Z,2026-10-10T13:12:00.000+02:00,A0025020950,A25,88.0,2970
2026-10-10T11:21:03Z,2026-10-10T13:12:00.000+02:00,A0023020300,A23,73.0,1380
2026-10-10T11:21:03Z,2026-10-10T13:12:00.000+02:00,A0001011000,A1,86.0,3280
2026-10-10T11:21:03Z,2026-10-10T13:12:00.000+02:00,A0027020500,A27,95.0,590
2026-10-10T11:21:03Z,2026-10-10T13:12:00.000+02:00,N0356011500,N356,68.0,3450
2026-10-10T11:21:03Z,2026-10-10T13:12:00.000+02:00,A0001010150,A1,110.0,2900
2026-10-10T11:21:03Z,2026-10-10T13:12:00.000+02:00,N0356020400,N356,54.0,1700
2026-10-10T11:21:03Z,2026-10-10T13:12:00.000+02:00,A0025010700,A25,71.0,1510
2026-10-10T11:21:03Z,2026-10-10T13:12:00.000+02:00,A0002011230,A2,108.0,2460
2026-10-10T11:21:03Z,2026-10-10T13:12:00.000+02:00,A0025020500,A25,73.0,2470
2026-10-10T11:21:03Z,2026-10-10T13:12:00.000+02:00,A0002021290,A2,108.0,2240
2026-10-10T11:21:03Z,2026-10-10T13:12:00.000+02:00,A0022011600,A22,80.0,1060
2026-10-10T11:31:05Z,2026-10-10T13:24:00.000+02:00,A0001011200,A1,81.0,3390
2026-10-10T11:31:05Z,2026-10-10T13:24:00.000+02:00,A0027010102,A27,90.0,2570
2026-10-10T11:31:05Z,2026-10-10T13:24:00.000+02:00,N0041010100,N41,87.0,790
2026-10-10T11:31:05Z,2026-10-10T13:24:00.000+02:00,A0027010101,A27,90.0,2570
2026-10-10T11:31:05Z,2026-10-10T13:24:00.000+02:00,A9022010250,A22 (rocade),86.0,510
2026-10-10T11:31:05Z,2026-10-10T13:24:00.000+02:00,A0001020150,A1,106.0,3380
2026-10-10T11:31:05Z,2026-10-10T13:24:00.000+02:00,N0356011700,N356,72.0,3270
2026-10-10T11:31:05Z,2026-10-10T13:24:00.000+02:00,N9227110200,N227 (bretelle),75.0,30
2026-10-10T11:31:05Z,2026-10-10T13:24:00.000+02:00,N0356021300,N356,67.0,3140
2026-10-10T11:31:05Z,2026-10-10T13:24:00.000+02:00,A0022011400,A22,78.0,640
2026-10-10T11:31:05Z,2026-10-10T13:24:00.000+02:00,A0027010300,A27,91.0,820
2026-10-10T11:31:05Z,2026-10-10T13:24:00.000+02:00,A9022020250,A22 (rocade),73.0,820
2026-10-10T11:31:05Z,2026-10-10T13:24:00.000+02:00,N0041010300,N41,91.0,1930
2026-10-10T11:31:05Z,2026-10-10T13:24:00.000+02:00,A0022011210,A22,72.0,900
2026-10-10T11:31:05Z,2026-10-10T13:24:00.000+02:00,A0027020100,A27,73.0,1400
2026-10-10T11:31:05Z,2026-10-10T13:24:00.000+02:00,A0001010300,A1,100.0,3060
2026-10-10T11:31:05Z,2026-10-10T13:24:00.000+02:00,A0022011220,A22,72.0,900
2026-10-10T11:31:05Z,2026-10-10T13:24:00.000+02:00,N0227021400,N227,58.0,70
2026-10-10T11:31:05Z,2026-10-10T13:24:00.000+02:00,A9022101110,A22 (rocade),80.0,1280
2026-10-10T11:31:05Z,2026-10-10T13:24:00.000+02:00,A0022022110,A22,85.0,3690
2026-10-10T11:31:05Z,2026-10-10T13:24:00.000+02:00,A0001011420,A1,85.0,2730
2026-10-10T11:31:05Z,2026-10-10T13:24:00.000+02:00,N0356010800,N356,72.0,3150
2026-10-10T11:31:05Z,2026-10-10T13:24:00.000+02:00,A9001210710,A1 (bretelle),66.0,150
2026-10-10T11:31:05Z,2026-10-10T13:24:00.000+02:00,N0356021110,N356,72.0,3520
2026-10-10T11:31:05Z,2026-10-10T13:24:00.000+02:00,A0001010510,A1,100.0,2760
2026-10-10T11:31:05Z,2026-10-10T13:24:00.000+02:00,N0356021122,N356,65.0,3300
2026-10-10T11:31:05Z,2026-10-10T13:24:00.000+02:00,N0356021121,N356,72.0,3520
2026-10-10T11:31:05Z,2026-10-10T13:24:00.000+02:00,A0025010210,A25,71.0,4620
2026-10-10T11:31:05Z,2026-10-10T13:24:00.000+02:00,A0025011300,A25,85.0,1550
2026-10-10T11:31:05Z,2026-10-10T13:24:00.000+02:00,A0001020300,A1,107.0,3380
2026-10-10T11:31:05Z,2026-10-10T13:24:00.000+02:00,A0025021100,A25,90.0,2090
2026-10-10T11:31:05Z,2026-10-10T13:24:00.000+02:00,A0025023520,A25,115.0,1170
2026-10-10T11:31:05Z,2026-10-10T13:24:00.000+02:00,A0022022130,A22,95.0,3410
2026-10-10T11:31:05Z,2026-10-10T13:24:00.000+02:00,A0025010220,A25,71.0,4620
2026-10-10T11:31:05Z,2026-10-10T13:24:00.000+02:00,A0022022120,A22,91.0,3610
2026-10-10T11:31:05Z,2026-10-10T13:24:00.000+02:00,A0001010520,A1,104.0,3180
2026-10-10T11:31:05Z,2026-10-10T13:24:00.000+02:00,A0022011000,A22,77.0,2690
2026-10-10T11:31:05Z,2026-10-10T13:24:00.000+02:00,A0001020510,A1,103.0,3430
2026-10-10T11:31:05Z,2026-10-10T13:24:00.000+02:00,A0001021602,A1,82.0,5770
2026-10-10T11:31:05Z,2026-10-10T13:24:00.000+02:00,A22TC020222,A22 (contournement),72.0,2390
2026-10-10T11:31:05Z,2026-10-10T13:24:00.000+02:00,A0001010940,A1,98.0,3570
2026-10-10T11:31:05Z,2026-10-10T13:24:00.000+02:00,A0025023320,A25,116.0,1680
2026-10-10T11:31:05Z,2026-10-10T13:24:00.000+02:00,A0001020520,A1,97.0,3430
2026-10-10T11:31:05Z,2026-10-10T13:24:00.000+02:00,A0025023100,A25,114.0,1400
2026-10-10T11:31:05Z,2026-10-10T13:24:00.000+02:00,A22TC020230,A22 (contournement),72.0,2390
2026-10-10T11:31:05Z,2026-10-10T13:24:00.000+02:00,A0025021730,A25,89.0,2730
2026-10-10T11:31:05Z,2026-10-10T13:24:00.000+02:00,A0025023910,A25,120.0,1110
2026-10-10T11:31:05Z,2026-10-10T13:24:00.000+02:00,A0025021735,A25,102.0,2790
2026-10-10T11:31:05Z,2026-10-10T13:24:00.000+02:00,A0023010400,A23,107.0,1310
2026-10-10T11:31:05Z,2026-10-10T13:24:00.000+02:00,A0022021900,A22,79.0,2950
2026-10-10T11:31:05Z,2026-10-10T13:24:00.000+02:00,A9022100500,A22 (rocade),76.0,1950
2026-10-10T11:31:05Z,2026-10-10T13:24:00.000+02:00,A0001020940,A1,88.0,4020
2026-10-10T11:31:05Z,2026-10-10T13:24:00.000+02:00,A0001020700,A1,91.0,2930
2026-10-10T11:31:05Z,2026-10-10T13:24:00.000+02:00,A9022020830,A22 (rocade),86.0,330
2026-10-10T11:31:05Z,2026-10-10T13:24:00.000+02:00,A9022020822,A22 (rocade),78.0,840
2026-10-10T11:31:05Z,2026-10-10T13:24:00.000+02:00,A9022020821,A22 (rocade),78.0,840
2026-10-10T11:31:05Z,2026-10-10T13:24:00.000+02:00,A0025020420,A25,73.0,3670
2026-10-10T11:31:05Z,2026-10-10T13:24:00.000+02:00,A0025021510,A25,92.0,1260
2026-10-10T11:31:05Z,2026-10-10T13:24:00.000+02:00,N0227010100,N227,64.0,1150
2026-10-10T11:31:05Z,2026-10-10T13:24:00.000+02:00,A0025011720,A25,98.0,2910
2026-10-10T11:31:05Z,2026-10-10T13:24:00.000+02:00,A0025021760,A25,86.0,2750
2026-10-10T11:31:05Z,2026-10-10T13:24:00.000+02:00,A0025011730,A25,89.0,2740
2026-10-10T11:31:05Z,2026-10-10T13:24:00.000+02:00,A0025011735,A25,103.0,2600
2026-10-10T11:31:05Z,2026-10-10T13:24:00.000+02:00,A9025080700,A25 (bretelle),,640
2026-10-10T11:31:05Z,2026-10-10T13:24:00.000+02:00,A9022100930,A22 (rocade),75.0,200
2026-10-10T11:31:05Z,2026-10-10T13:24:00.000+02:00,N0356011220,N356,72.0,3330
2026-10-10T11:31:05Z,2026-10-10T13:24:00.000+02:00,A0025011740,A25,75.0,2690
2026-10-10T11:31:05Z,2026-10-10T13:24:00.000+02:00,A0025010410,A25,69.0,3660
2026-10-10T11:31:05Z,2026-10-10T13:24:00.000+02:00,A0023010200,A23,99.0,1420
2026-10-10T11:31:05Z,2026-10-10T13:24:00.000+02:00,A9001210120,A1 (bretelle),77.0,700
2026-10-10T11:31:05Z,2026-10-10T13:24:00.000+02:00,A0025020210,A25,73.0,4360
2026-10-10T11:31:05Z,2026-10-10T13:24:00.000+02:00,N0356011210,N356,72.0,3330
2026-10-10T11:31:05Z,2026-10-10T13:24:00.000+02:00,A0025011510,A25,85.0,1260
2026-10-10T11:31:05Z,2026-10-10T13:24:00.000+02:00,A0025020220,A25,73.0,4360
2026-10-10T11:31:05Z,2026-10-10T13:24:00.000+02:00,N0227010302,N227,75.0,2120
2026-10-10T11:31:05Z,2026-10-10T13:24:00.000+02:00,N0041010500,N41,92.0,1310
2026-10-10T11:31:05Z,2026-10-10T13:24:00.000+02:00,N0227020101,N227,84.0,1790
2026-10-10T11:31:05Z,2026-10-10T13:24:00.000+02:00,A9022100110,A22 (rocade),65.0,860
2026-10-10T11:31:05Z,2026-10-10T13:24:00.000+02:00,A0022010400,A22,73.0,2730
2026-10-10T11:31:05Z,2026-10-10T13:24:00.000+02:00,N0356010302,N356,76.0,4370
2026-10-10T11:31:05Z,2026-10-10T13:24:00.000+02:00,A0025010800,A25,75.0,2590
2026-10-10T11:31:05Z,2026-10-10T13:24:00.000+02:00,A0027020621,A27,103.0,1200
2026-10-10T11:31:05Z,2026-10-10T13:24:00.000+02:00,N0041010700,N41,97.0,560
2026-10-10T11:31:05Z,2026-10-10T13:24:00.000+02:00,A0027020630,A27,103.0,1280
2026-10-10T11:31:05Z,2026-10-10T13:24:00.000+02:00,A0022021512,A22,79.0,2390
2026-10-10T11:31:05Z,2026-10-10T13:24:00.000+02:00,A0022021511,A22,80.0,2320
2026-10-10T11:31:05Z,2026-10-10T13:24:00.000+02:00,A0027020610,A27,103.0,1200
2026-10-10T11:31:05Z,2026-10-10T13:24:00.000+02:00,A0025021720,A25,101.0,2640
2026-10-10T11:31:05Z,2026-10-10T13:24:00.000+02:00,A0022021520,A22,79.0,2390
2026-10-10T11:31:05Z,2026-10-10T13:24:00.000+02:00,A0025022140,A25,111.0,1960
2026-10-10T11:31:05Z,2026-10-10T13:24:00.000+02:00,A0022011302,A22,76.0,2120
2026-10-10T11:31:05Z,2026-10-10T13:24:00.000+02:00,A0025022160,A25,106.0,2030
2026-10-10T11:31:05Z,2026-10-10T13:24:00.000+02:00,A0027010201,A27,91.0,1600
2026-10-10T11:31:05Z,2026-10-10T13:24:00.000+02:00,A0027010202,A27,70.0,870
2026-10-10T11:31:05Z,2026-10-10T13:24:00.000+02:00,N9227110110,N227 (bretelle),73.0,1310
2026-10-10T11:31:05Z,2026-10-10T13:24:00.000+02:00,A0025012130,A25,117.0,1260
2026-10-10T11:31:05Z,2026-10-10T13:24:00.000+02:00,A0027010210,A27,70.0,870
2026-10-10T11:31:05Z,2026-10-10T13:24:00.000+02:00,A0025011050,A25,85.0,1650
2026-10-10T11:31:05Z,2026-10-10T13:24:00.000+02:00,A0025012140,A25,117.0,560
2026-10-10T11:31:05Z,2026-10-10T13:24:00.000+02:00,A0027010421,A27,100.0,1120
2026-10-10T11:31:05Z,2026-10-10T13:24:00.000+02:00,A0022012420,A22,92.0,2930
2026-10-10T11:31:05Z,2026-10-10T13:24:00.000+02:00,A0027010430,A27,104.0,1120
2026-10-10T11:31:05Z,2026-10-10T13:24:00.000+02:00,A0023020710,A23,108.0,1530
2026-10-10T11:31:05Z,2026-10-10T13:24:00.000+02:00,A0022012430,A22,90.0,2860
2026-10-10T11:31:05Z,2026-10-10T13:24:00.000+02:00,A0025012160,A25,121.0,2140
2026-10-10T11:31:05Z,2026-10-10T13:24:00.000+02:00,A9022021200,A22 (rocade),63.0,220
2026-10-10T11:31:05Z,2026-10-10T13:24:00.000+02:00,A0001021100,A1,88.0,3660
2026-10-10T11:31:05Z,2026-10-10T13:24:00.000+02:00,A9022101000,A22 (rocade),70.0,970
2026-10-10T11:31:05Z,2026-10-10T13:24:00.000+02:00,A0025013020,A25,113.0,1960
2026-10-10T11:31:05Z,2026-10-10T13:24:00.000+02:00,A0027010410,A27,100.0,1120
2026-10-10T11:31:05Z,2026-10-10T13:24:00.000+02:00,A0022012410,A22,91.0,2990
2026-10-10T11:31:05Z,2026-10-10T13:24:00.000+02:00,A0001A20112,A1,90.0,1820
2026-10-10T11:31:05Z,2026-10-10T13:24:00.000+02:00,A0001A20111,A1,87.0,1370
2026-10-10T11:31:05Z,2026-10-10T13:24:00.000+02:00,A0001021521,A1,81.0,3560
2026-10-10T11:31:05Z,2026-10-10T13:24:00.000+02:00,A0025022540,A25,115.0,1630
2026-10-10T11:31:05Z,2026-10-10T13:24:00.000+02:00,A0025022300,A25,115.0,1250
2026-10-10T11:31:05Z,2026-10-10T13:24:00.000+02:00,N0356021000,N356,73.0,3140
2026-10-10T11:31:05Z,2026-10-10T13:24:00.000+02:00,A22TC010102,A22 (contournement),87.0,1450
2026-10-10T11:31:05Z,2026-10-10T13:24:00.000+02:00,A0001011503,A1,86.0,5110
2026-10-10T11:31:05Z,2026-10-10T13:24:00.000+02:00,A0022012200,A22,73.0,2720
2026-10-10T11:31:05Z,2026-10-10T13:24:00.000+02:00,A0001A20120,A1,88.0,1960
2026-10-10T11:31:05Z,2026-10-10T13:24:00.000+02:00,A22TC020102,A22 (contournement),85.0,1910
2026-10-10T11:31:05Z,2026-10-10T13:24:00.000+02:00,A22TC010300,A22 (contournement),81.0,1700
2026-10-10T11:31:05Z,2026-10-10T13:24:00.000+02:00,A0022012010,A22,80.0,2020
2026-10-10T11:31:05Z,2026-10-10T13:24:00.000+02:00,A0022012020,A22,80.0,2020
2026-10-10T11:31:05Z,2026-10-10T13:24:00.000+02:00,A0025022130,A25,128.0,2000
2026-10-10T11:31:05Z,2026-10-10T13:24:00.000+02:00,A0023010520,A23,112.0,1330
2026-10-10T11:31:05Z,2026-10-10T13:24:00.000+02:00,N0041020800,N41,99.0,1840
2026-10-10T11:31:05Z,2026-10-10T13:24:00.000+02:00,A0025010500,A25,70.0,2520
2026-10-10T11:31:05Z,2026-10-10T13:24:00.000+02:00,A0022020901,A22,78.0,3010
2026-10-10T11:31:05Z,2026-10-10T13:24:00.000+02:00,A0022020902,A22,78.0,2200
2026-10-10T11:31:05Z,2026-10-10T13:24:00.000+02:00,A0022021810,A22,79.0,2490
2026-10-10T11:31:05Z,2026-10-10T13:24:00.000+02:00,N0356011100,N356,71.0,2980
2026-10-10T11:31:05Z,2026-10-10T13:24:00.000+02:00,A0022021820,A22,79.0,2490
2026-10-10T11:31:05Z,2026-10-10T13:24:00.000+02:00,N0356020802,N356,71.0,3510
2026-10-10T11:31:05Z,2026-10-10T13:24:00.000+02:00,A9022020900,A22 (rocade),81.0,730
2026-10-10T11:31:05Z,2026-10-10T13:24:00.000+02:00,A0025020102,A25,70.0,130
2026-10-10T11:31:05Z,2026-10-10T13:24:00.000+02:00,A0023010100,A23,94.0,140
2026-10-10T11:31:05Z,2026-10-10T13:24:00.000+02:00,A0025022530,A25,117.0,1550
2026-10-10T11:31:05Z,2026-10-10T13:24:00.000+02:00,A9001210200,A1 (bretelle),66.0,1130
2026-10-10T11:31:05Z,2026-10-10T13:24:00.000+02:00,A0022010700,A22,78.0,2230
2026-10-10T11:31:05Z,2026-10-10T13:24:00.000+02:00,N0041020400,N41,92.0,2170
2026-10-10T11:31:05Z,2026-10-10T13:24:00.000+02:00,A0023020720,A23,115.0,1540
2026-10-10T11:31:05Z,2026-10-10T13:24:00.000+02:00,A0022020500,A22,78.0,1650
2026-10-10T11:31:05Z,2026-10-10T13:24:00.000+02:00,N93563b0150,N356 (bretelle),66.0,110
2026-10-10T11:31:05Z,2026-10-10T13:24:00.000+02:00,A0025020950,A25,88.0,2840
2026-10-10T11:31:05Z,2026-10-10T13:24:00.000+02:00,A0023020300,A23,100.0,1230
2026-10-10T11:31:05Z,2026-10-10T13:24:00.000+02:00,A0001011000,A1,86.0,2960
2026-10-10T11:31:05Z,2026-10-10T13:24:00.000+02:00,A0027020500,A27,92.0,850
2026-10-10T11:31:05Z,2026-10-10T13:24:00.000+02:00,N0356011500,N356,65.0,3610
2026-10-10T11:31:05Z,2026-10-10T13:24:00.000+02:00,A0001010150,A1,107.0,3100
2026-10-10T11:31:05Z,2026-10-10T13:24:00.000+02:00,N0356020400,N356,61.0,1940
2026-10-10T11:31:05Z,2026-10-10T13:24:00.000+02:00,A0025010700,A25,68.0,1340
2026-10-10T11:31:05Z,2026-10-10T13:24:00.000+02:00,A0002011230,A2,109.0,2580
2026-10-10T11:31:05Z,2026-10-10T13:24:00.000+02:00,A0025020500,A25,72.0,2490
2026-10-10T11:31:05Z,2026-10-10T13:24:00.000+02:00,A0002021290,A2,107.0,2550
2026-10-10T11:31:05Z,2026-10-10T13:24:00.000+02:00,A0022011600,A22,85.0,1190
2026-10-10T11:41:09Z,2026-10-10T13:30:00.000+02:00,A0001011200,A1,79.0,3660
2026-10-10T11:41:09Z,2026-10-10T13:30:00.000+02:00,A0027010102,A27,94.0,2660
2026-10-10T11:41:09Z,2026-10-10T13:30:00.000+02:00,N0041010100,N41,89.0,680
2026-10-10T11:41:09Z,2026-10-10T13:30:00.000+02:00,A0027010101,A27,94.0,2660
2026-10-10T11:41:09Z,2026-10-10T13:30:00.000+02:00,A9022010250,A22 (rocade),85.0,520
2026-10-10T11:41:09Z,2026-10-10T13:30:00.000+02:00,A0001020150,A1,106.0,3610
2026-10-10T11:41:09Z,2026-10-10T13:30:00.000+02:00,N0356011700,N356,73.0,3280
2026-10-10T11:41:09Z,2026-10-10T13:30:00.000+02:00,N9227110200,N227 (bretelle),76.0,30
2026-10-10T11:41:09Z,2026-10-10T13:30:00.000+02:00,N0356021300,N356,66.0,3190
2026-10-10T11:41:09Z,2026-10-10T13:30:00.000+02:00,A0022011400,A22,83.0,600
2026-10-10T11:41:09Z,2026-10-10T13:30:00.000+02:00,A0027010300,A27,95.0,660
2026-10-10T11:41:09Z,2026-10-10T13:30:00.000+02:00,A9022020250,A22 (rocade),56.0,680
2026-10-10T11:41:09Z,2026-10-10T13:30:00.000+02:00,N0041010300,N41,94.0,1740
2026-10-10T11:41:09Z,2026-10-10T13:30:00.000+02:00,A0022011210,A22,80.0,780
2026-10-10T11:41:09Z,2026-10-10T13:30:00.000+02:00,A0027020100,A27,72.0,1450
2026-10-10T11:41:09Z,2026-10-10T13:30:00.000+02:00,A0001010300,A1,106.0,2810
2026-10-10T11:41:09Z,2026-10-10T13:30:00.000+02:00,A0022011220,A22,80.0,780
2026-10-10T11:41:09Z,2026-10-10T13:30:00.000+02:00,N0227021400,N227,61.0,80
2026-10-10T11:41:09Z,2026-10-10T13:30:00.000+02:00,A9022101110,A22 (rocade),81.0,1140
2026-10-10T11:41:09Z,2026-10-10T13:30:00.000+02:00,A0022022110,A22,83.0,3490
2026-10-10T11:41:09Z,2026-10-10T13:30:00.000+02:00,A0001011420,A1,84.0,2950
2026-10-10T11:41:09Z,2026-10-10T13:30:00.000+02:00,N0356010800,N356,72.0,2880
2026-10-10T11:41:09Z,2026-10-10T13:30:00.000+02:00,A9001210710,A1 (bretelle),70.0,100
2026-10-10T11:41:09Z,2026-10-10T13:30:00.000+02:00,N0356021110,N356,71.0,3360
2026-10-10T11:41:09Z,2026-10-10T13:30:00.000+02:00,A0001010510,A1,106.0,2650
2026-10-10T11:41:09Z,2026-10-10T13:30:00.000+02:00,N0356021122,N356,65.0,3560
2026-10-10T11:41:09Z,2026-10-10T13:30:00.000+02:00,N0356021121,N356,71.0,3360
2026-10-10T11:41:09Z,2026-10-10T13:30:00.000+02:00,A0025010210,A25,70.0,4390
2026-10-10T11:41:09Z,2026-10-10T13:30:00.000+02:00,A0025011300,A25,87.0,1120
2026-10-10T11:41:09Z,2026-10-10T13:30:00.000+02:00,A0001020300,A1,106.0,3530
2026-10-10T11:41:09Z,2026-10-10T13:30:00.000+02:00,A0025021100,A25,87.0,2060
2026-10-10T11:41:09Z,2026-10-10T13:30:00.000+02:00,A0025023520,A25,115.0,1150
2026-10-10T11:41:09Z,2026-10-10T13:30:00.000+02:00,A0022022130,A22,94.0,3360
2026-10-10T11:41:09Z,2026-10-10T13:30:00.000+02:00,A0025010220,A25,70.0,4390
2026-10-10T11:41:09Z,2026-10-10T13:30:00.000+02:00,A0022022120,A22,89.0,3540
2026-10-10T11:41:09Z,2026-10-10T13:30:00.000+02:00,A0001010520,A1,102.0,2880
2026-10-10T11:41:09Z,2026-10-10T13:30:00.000+02:00,A0022011000,A22,74.0,2610
2026-10-10T11:41:09Z,2026-10-10T13:30:00.000+02:00,A0001020510,A1,102.0,3650
2026-10-10T11:41:09Z,2026-10-10T13:30:00.000+02:00,A0001021602,A1,84.0,5150
2026-10-10T11:41:09Z,2026-10-10T13:30:00.000+02:00,A22TC020222,A22 (contournement),89.0,2540
2026-10-10T11:41:09Z,2026-10-10T13:30:00.000+02:00,A0001010940,A1,98.0,3530
2026-10-10T11:41:09Z,2026-10-10T13:30:00.000+02:00,A0025023320,A25,115.0,1560
2026-10-10T11:41:09Z,2026-10-10T13:30:00.000+02:00,A0001020520,A1,98.0,3800
2026-10-10T11:41:09Z,2026-10-10T13:30:00.000+02:00,A0025023100,A25,114.0,1410
2026-10-10T11:41:09Z,2026-10-10T13:30:00.000+02:00,A22TC020230,A22 (contournement),89.0,2540
2026-10-10T11:41:09Z,2026-10-10T13:30:00.000+02:00,A0025021730,A25,91.0,2620
2026-10-10T11:41:09Z,2026-10-10T13:30:00.000+02:00,A0025023910,A25,121.0,970
2026-10-10T11:41:09Z,2026-10-10T13:30:00.000+02:00,A0025021735,A25,103.0,2620
2026-10-10T11:41:09Z,2026-10-10T13:30:00.000+02:00,A0023010400,A23,107.0,1570
2026-10-10T11:41:09Z,2026-10-10T13:30:00.000+02:00,A0022021900,A22,77.0,2600
2026-10-10T11:41:09Z,2026-10-10T13:30:00.000+02:00,A9022100500,A22 (rocade),76.0,1600
2026-10-10T11:41:09Z,2026-10-10T13:30:00.000+02:00,A0001020940,A1,90.0,4150
2026-10-10T11:41:09Z,2026-10-10T13:30:00.000+02:00,A0001020700,A1,94.0,3130
2026-10-10T11:41:09Z,2026-10-10T13:30:00.000+02:00,A9022020830,A22 (rocade),86.0,440
2026-10-10T11:41:09Z,2026-10-10T13:30:00.000+02:00,A9022020822,A22 (rocade),88.0,750
2026-10-10T11:41:09Z,2026-10-10T13:30:00.000+02:00,A9022020821,A22 (rocade),88.0,750
2026-10-10T11:41:09Z,2026-10-10T13:30:00.000+02:00,A0025020420,A25,72.0,3600
2026-10-10T11:41:09Z,2026-10-10T13:30:00.000+02:00,A0025021510,A25,106.0,1250
2026-10-10T11:41:09Z,2026-10-10T13:30:00.000+02:00,N0227010100,N227,67.0,1330
2026-10-10T11:41:09Z,2026-10-10T13:30:00.000+02:00,A0025011720,A25,101.0,2710
2026-10-10T11:41:09Z,2026-10-10T13:30:00.000+02:00,A0025021760,A25,88.0,2720
2026-10-10T11:41:09Z,2026-10-10T13:30:00.000+02:00,A0025011730,A25,86.0,2900
2026-10-10T11:41:09Z,2026-10-10T13:30:00.000+02:00,A0025011735,A25,100.0,2890
2026-10-10T11:41:09Z,2026-10-10T13:30:00.000+02:00,A9025080700,A25 (bretelle),,640
2026-10-10T11:41:09Z,2026-10-10T13:30:00.000+02:00,A9022100930,A22 (rocade),71.0,140
2026-10-10T11:41:09Z,2026-10-10T13:30:00.000+02:00,N0356011220,N356,68.0,3170
2026-10-10T11:41:09Z,2026-10-10T13:30:00.000+02:00,A0025011740,A25,83.0,2960
2026-10-10T11:41:09Z,2026-10-10T13:30:00.000+02:00,A0025010410,A25,70.0,3330
2026-10-10T11:41:09Z,2026-10-10T13:30:00.000+02:00,A0023010200,A23,108.0,1620
2026-10-10T11:41:09Z,2026-10-10T13:30:00.000+02:00,A9001210120,A1 (bretelle),77.0,690
2026-10-10T11:41:09Z,2026-10-10T13:30:00.000+02:00,A0025020210,A25,73.0,4420
2026-10-10T11:41:09Z,2026-10-10T13:30:00.000+02:00,N0356011210,N356,68.0,3170
2026-10-10T11:41:09Z,2026-10-10T13:30:00.000+02:00,A0025011510,A25,86.0,1140
2026-10-10T11:41:09Z,2026-10-10T13:30:00.000+02:00,A0025020220,A25,73.0,4420
2026-10-10T11:41:09Z,2026-10-10T13:30:00.000+02:00,N0227010302,N227,76.0,2270
2026-10-10T11:41:09Z,2026-10-10T13:30:00.000+02:00,N0041010500,N41,58.0,1280
2026-10-10T11:41:09Z,2026-10-10T13:30:00.000+02:00,N0227020101,N227,85.0,2030
2026-10-10T11:41:09Z,2026-10-10T13:30:00.000+02:00,A9022100110,A22 (rocade),67.0,950
2026-10-10T11:41:09Z,2026-10-10T13:30:00.000+02:00,A0022010400,A22,74.0,2580
2026-10-10T11:41:09Z,2026-10-10T13:30:00.000+02:00,N0356010302,N356,74.0,4750
2026-10-10T11:41:09Z,2026-10-10T13:30:00.000+02:00,A0025010800,A25,75.0,2580
2026-10-10T11:41:09Z,2026-10-10T13:30:00.000+02:00,A0027020621,A27,100.0,1250
2026-10-10T11:41:09Z,2026-10-10T13:30:00.000+02:00,N0041010700,N41,107.0,470
2026-10-10T11:41:09Z,2026-10-10T13:30:00.000+02:00,A0027020630,A27,102.0,1300
2026-10-10T11:41:09Z,2026-10-10T13:30:00.000+02:00,A0022021512,A22,78.0,2260
2026-10-10T11:41:09Z,2026-10-10T13:30:00.000+02:00,A0022021511,A22,77.0,2350
2026-10-10T11:41:09Z,2026-10-10T13:30:00.000+02:00,A0027020610,A27,100.0,1250
2026-10-10T11:41:09Z,2026-10-10T13:30:00.000+02:00,A0025021720,A25,102.0,2600
2026-10-10T11:41:09Z,2026-10-10T13:30:00.000+02:00,A0022021520,A22,78.0,2260
2026-10-10T11:41:09Z,2026-10-10T13:30:00.000+02:00,A0025022140,A25,113.0,2370
2026-10-10T11:41:09Z,2026-10-10T13:30:00.000+02:00,A0022011302,A22,77.0,1900
2026-10-10T11:41:09Z,2026-10-10T13:30:00.000+02:00,A0025022160,A25,110.0,2460
2026-10-10T11:41:09Z,2026-10-10T13:30:00.000+02:00,A0027010201,A27,90.0,1410
2026-10-10T11:41:09Z,2026-10-10T13:30:00.000+02:00,A0027010202,A27,84.0,1040
2026-10-10T11:41:09Z,2026-10-10T13:30:00.000+02:00,N9227110110,N227 (bretelle),75.0,1270
2026-10-10T11:41:09Z,2026-10-10T13:30:00.000+02:00,A0025012130,A25,99.0,1260
2026-10-10T11:41:09Z,2026-10-10T13:30:00.000+02:00,A0027010210,A27,84.0,1040
2026-10-10T11:41:09Z,2026-10-10T13:30:00.000+02:00,A0025011050,A25,92.0,1690
2026-10-10T11:41:09Z,2026-10-10T13:30:00.000+02:00,A0025012140,A25,99.0,40
2026-10-10T11:41:09Z,2026-10-10T13:30:00.000+02:00,A0027010421,A27,103.0,1130
2026-10-10T11:41:09Z,2026-10-10T13:30:00.000+02:00,A0022012420,A22,94.0,3260
2026-10-10T11:41:09Z,2026-10-10T13:30:00.000+02:00,A0027010430,A27,105.0,1140
2026-10-10T11:41:09Z,2026-10-10T13:30:00.000+02:00,A0023020710,A23,111.0,1450
2026-10-10T11:41:09Z,2026-10-10T13:30:00.000+02:00,A0022012430,A22,91.0,3250
2026-10-10T11:41:09Z,2026-10-10T13:30:00.000+02:00,A0025012160,A25,115.0,2630
2026-10-10T11:41:09Z,2026-10-10T13:30:00.000+02:00,A9022021200,A22 (rocade),62.0,320
2026-10-10T11:41:09Z,2026-10-10T13:30:00.000+02:00,A0001021100,A1,90.0,3320
2026-10-10T11:41:09Z,2026-10-10T13:30:00.000+02:00,A9022101000,A22 (rocade),68.0,1270
2026-10-10T11:41:09Z,2026-10-10T13:30:00.000+02:00,A0025013020,A25,113.0,1790
2026-10-10T11:41:09Z,2026-10-10T13:30:00.000+02:00,A0027010410,A27,103.0,1130
2026-10-10T11:41:09Z,2026-10-10T13:30:00.000+02:00,A0022012410,A22,93.0,3220
2026-10-10T11:41:09Z,2026-10-10T13:30:00.000+02:00,A0001A20112,A1,88.0,2030
2026-10-10T11:41:09Z,2026-10-10T13:30:00.000+02:00,A0001A20111,A1,88.0,1150
2026-10-10T11:41:09Z,2026-10-10T13:30:00.000+02:00,A0001021521,A1,85.0,2930
2026-10-10T11:41:09Z,2026-10-10T13:30:00.000+02:00,A0025022540,A25,113.0,1900
2026-10-10T11:41:09Z,2026-10-10T13:30:00.000+02:00,A0025022300,A25,115.0,1700
2026-10-10T11:41:09Z,2026-10-10T13:30:00.000+02:00,N0356021000,N356,72.0,3160
2026-10-10T11:41:09Z,2026-10-10T13:30:00.000+02:00,A22TC010102,A22 (contournement),87.0,1510
2026-10-10T11:41:09Z,2026-10-10T13:30:00.000+02:00,A0001011503,A1,86.0,5240
2026-10-10T11:41:09Z,2026-10-10T13:30:00.000+02:00,A0022012200,A22,81.0,2610
2026-10-10T11:41:09Z,2026-10-10T13:30:00.000+02:00,A0001A20120,A1,86.0,2220
2026-10-10T11:41:09Z,2026-10-10T13:30:00.000+02:00,A22TC020102,A22 (contournement),83.0,2070
2026-10-10T11:41:09Z,2026-10-10T13:30:00.000+02:00,A22TC010300,A22 (contournement),78.0,1910
2026-10-10T11:41:09Z,2026-10-10T13:30:00.000+02:00,A0022012010,A22,83.0,1780
2026-10-10T11:41:09Z,2026-10-10T13:30:00.000+02:00,A0022012020,A22,83.0,1780
2026-10-10T11:41:09Z,2026-10-10T13:30:00.000+02:00,A0025022130,A25,131.0,2420
2026-10-10T11:41:09Z,2026-10-10T13:30:00.000+02:00,A0023010520,A23,114.0,1540
2026-10-10T11:41:09Z,2026-10-10T13:30:00.000+02:00,N0041020800,N41,99.0,1630
2026-10-10T11:41:09Z,2026-10-10T13:30:00.000+02:00,A0025010500,A25,70.0,2270
2026-10-10T11:41:09Z,2026-10-10T13:30:00.000+02:00,A0022020901,A22,75.0,2830
2026-10-10T11:41:09Z,2026-10-10T13:30:00.000+02:00,A0022020902,A22,75.0,2090
2026-10-10T11:41:09Z,2026-10-10T13:30:00.000+02:00,A0022021810,A22,78.0,2190
2026-10-10T11:41:09Z,2026-10-10T13:30:00.000+02:00,N0356011100,N356,70.0,2890
2026-10-10T11:41:09Z,2026-10-10T13:30:00.000+02:00,A0022021820,A22,78.0,2190
2026-10-10T11:41:09Z,2026-10-10T13:30:00.000+02:00,N0356020802,N356,69.0,3330
2026-10-10T11:41:09Z,2026-10-10T13:30:00.000+02:00,A9022020900,A22 (rocade),104.0,790
2026-10-10T11:41:09Z,2026-10-10T13:30:00.000+02:00,A0025020102,A25,60.0,140
2026-10-10T11:41:09Z,2026-10-10T13:30:00.000+02:00,A0023010100,A23,102.0,130
2026-10-10T11:41:09Z,2026-10-10T13:30:00.000+02:00,A0025022530,A25,116.0,1950
2026-10-10T11:41:09Z,2026-10-10T13:30:00.000+02:00,A9001210200,A1 (bretelle),67.0,1220
2026-10-10T11:41:09Z,2026-10-10T13:30:00.000+02:00,A0022010700,A22,79.0,2300
2026-10-10T11:41:09Z,2026-10-10T13:30:00.000+02:00,N0041020400,N41,91.0,2070
2026-10-10T11:41:09Z,2026-10-10T13:30:00.000+02:00,A0023020720,A23,120.0,1450
2026-10-10T11:41:09Z,2026-10-10T13:30:00.000+02:00,A0022020500,A22,75.0,1470
2026-10-10T11:41:09Z,2026-10-10T13:30:00.000+02:00,N93563b0150,N356 (bretelle),72.0,70
2026-10-10T11:41:09Z,2026-10-10T13:30:00.000+02:00,A0025020950,A25,89.0,2480
2026-10-10T11:41:09Z,2026-10-10T13:30:00.000+02:00,A0023020300,A23,95.0,1350
2026-10-10T11:41:09Z,2026-10-10T13:30:00.000+02:00,A0001011000,A1,86.0,3170
2026-10-10T11:41:09Z,2026-10-10T13:30:00.000+02:00,A0027020500,A27,89.0,770
2026-10-10T11:41:09Z,2026-10-10T13:30:00.000+02:00,N0356011500,N356,69.0,3370
2026-10-10T11:41:09Z,2026-10-10T13:30:00.000+02:00,A0001010150,A1,109.0,2920
2026-10-10T11:41:09Z,2026-10-10T13:30:00.000+02:00,N0356020400,N356,63.0,1680
2026-10-10T11:41:09Z,2026-10-10T13:30:00.000+02:00,A0025010700,A25,68.0,1430
2026-10-10T11:41:09Z,2026-10-10T13:30:00.000+02:00,A0002011230,A2,110.0,2170
2026-10-10T11:41:09Z,2026-10-10T13:30:00.000+02:00,A0025020500,A25,72.0,2590
2026-10-10T11:41:09Z,2026-10-10T13:30:00.000+02:00,A0002021290,A2,106.0,2580
2026-10-10T11:41:09Z,2026-10-10T13:30:00.000+02:00,A0022011600,A22,79.0,1040
2026-10-10T11:51:03Z,2026-10-10T13:42:00.000+02:00,A0001011200,A1,78.0,3590
2026-10-10T11:51:03Z,2026-10-10T13:42:00.000+02:00,A0027010102,A27,97.0,2960
2026-10-10T11:51:03Z,2026-10-10T13:42:00.000+02:00,N0041010100,N41,85.0,940
2026-10-10T11:51:03Z,2026-10-10T13:42:00.000+02:00,A0027010101,A27,97.0,2960
2026-10-10T11:51:03Z,2026-10-10T13:42:00.000+02:00,A9022010250,A22 (rocade),86.0,570
2026-10-10T11:51:03Z,2026-10-10T13:42:00.000+02:00,A0001020150,A1,107.0,3390
2026-10-10T11:51:03Z,2026-10-10T13:42:00.000+02:00,N0356011700,N356,73.0,2800
2026-10-10T11:51:03Z,2026-10-10T13:42:00.000+02:00,N9227110200,N227 (bretelle),69.0,70
2026-10-10T11:51:03Z,2026-10-10T13:42:00.000+02:00,N0356021300,N356,65.0,3340
2026-10-10T11:51:03Z,2026-10-10T13:42:00.000+02:00,A0022011400,A22,78.0,740
2026-10-10T11:51:03Z,2026-10-10T13:42:00.000+02:00,A0027010300,A27,94.0,800
2026-10-10T11:51:03Z,2026-10-10T13:42:00.000+02:00,A9022020250,A22 (rocade),58.0,1120
2026-10-10T11:51:03Z,2026-10-10T13:42:00.000+02:00,N0041010300,N41,90.0,2350
2026-10-10T11:51:03Z,2026-10-10T13:42:00.000+02:00,A0022011210,A22,71.0,960
2026-10-10T11:51:03Z,2026-10-10T13:42:00.000+02:00,A0027020100,A27,74.0,1410
2026-10-10T11:51:03Z,2026-10-10T13:42:00.000+02:00,A0001010300,A1,112.0,2910
2026-10-10T11:51:03Z,2026-10-10T13:42:00.000+02:00,A0022011220,A22,71.0,960
2026-10-10T11:51:03Z,2026-10-10T13:42:00.000+02:00,N0227021400,N227,73.0,100
2026-10-10T11:51:03Z,2026-10-10T13:42:00.000+02:00,A9022101110,A22 (rocade),78.0,1050
2026-10-10T11:51:03Z,2026-10-10T13:42:00.000+02:00,A0022022110,A22,84.0,3490
2026-10-10T11:51:03Z,2026-10-10T13:42:00.000+02:00,A0001011420,A1,86.0,2700
2026-10-10T11:51:03Z,2026-10-10T13:42:00.000+02:00,N0356010800,N356,72.0,2880
2026-10-10T11:51:03Z,2026-10-10T13:42:00.000+02:00,A9001210710,A1 (bretelle),71.0,170
2026-10-10T11:51:03Z,2026-10-10T13:42:00.000+02:00,N0356021110,N356,70.0,3780
2026-10-10T11:51:03Z,2026-10-10T13:42:00.000+02:00,A0001010510,A1,112.0,2800
2026-10-10T11:51:03Z,2026-10-10T13:42:00.000+02:00,N0356021122,N356,64.0,3650
2026-10-10T11:51:03Z,2026-10-10T13:42:00.000+02:00,N0356021121,N356,70.0,3780
2026-10-10T11:51:03Z,2026-10-10T13:42:00.000+02:00,A0025010210,A25,71.0,4690
2026-10-10T11:51:03Z,2026-10-10T13:42:00.000+02:00,A0025011300,A25,88.0,1330
2026-10-10T11:51:03Z,2026-10-10T13:42:00.000+02:00,A0001020300,A1,107.0,3340
2026-10-10T11:51:03Z,2026-10-10T13:42:00.000+02:00,A0025021100,A25,88.0,2490
2026-10-10T11:51:03Z,2026-10-10T13:42:00.000+02:00,A0025023520,A25,112.0,1100
2026-10-10T11:51:03Z,2026-10-10T13:42:00.000+02:00,A0022022130,A22,93.0,3400
2026-10-10T11:51:03Z,2026-10-10T13:42:00.000+02:00,A0025010220,A25,71.0,4690
2026-10-10T11:51:03Z,2026-10-10T13:42:00.000+02:00,A0022022120,A22,89.0,3530
2026-10-10T11:51:03Z,2026-10-10T13:42:00.000+02:00,A0001010520,A1,103.0,3080
2026-10-10T11:51:03Z,2026-10-10T13:42:00.000+02:00,A0022011000,A22,75.0,3100
2026-10-10T11:51:03Z,2026-10-10T13:42:00.000+02:00,A0001020510,A1,103.0,3510
2026-10-10T11:51:03Z,2026-10-10T13:42:00.000+02:00,A0001021602,A1,84.0,5560
2026-10-10T11:51:03Z,2026-10-10T13:42:00.000+02:00,A22TC020222,A22 (contournement),83.0,2940
2026-10-10T11:51:03Z,2026-10-10T13:42:00.000+02:00,A0001010940,A1,99.0,3600
2026-10-10T11:51:03Z,2026-10-10T13:42:00.000+02:00,A0025023320,A25,115.0,1630
2026-10-10T11:51:03Z,2026-10-10T13:42:00.000+02:00,A0001020520,A1,99.0,3500
2026-10-10T11:51:03Z,2026-10-10T13:42:00.000+02:00,A0025023100,A25,114.0,1480
2026-10-10T11:51:03Z,2026-10-10T13:42:00.000+02:00,A22TC020230,A22 (contournement),83.0,2940
2026-10-10T11:51:03Z,2026-10-10T13:42:00.000+02:00,A0025021730,A25,89.0,2690
2026-10-10T11:51:03Z,2026-10-10T13:42:00.000+02:00,A0025023910,A25,118.0,970
2026-10-10T11:51:03Z,2026-10-10T13:42:00.000+02:00,A0025021735,A25,102.0,2800
2026-10-10T11:51:03Z,2026-10-10T13:42:00.000+02:00,A0023010400,A23,109.0,1370
2026-10-10T11:51:03Z,2026-10-10T13:42:00.000+02:00,A0022021900,A22,81.0,2630
2026-10-10T11:51:03Z,2026-10-10T13:42:00.000+02:00,A9022100500,A22 (rocade),73.0,1640
2026-10-10T11:51:03Z,2026-10-10T13:42:00.000+02:00,A0001020940,A1,90.0,3710
2026-10-10T11:51:03Z,2026-10-10T13:42:00.000+02:00,A0001020700,A1,93.0,2760
2026-10-10T11:51:03Z,2026-10-10T13:42:00.000+02:00,A9022020830,A22 (rocade),82.0,330
2026-10-10T11:51:03Z,2026-10-10T13:42:00.000+02:00,A9022020822,A22 (rocade),72.0,660
2026-10-10T11:51:03Z,2026-10-10T13:42:00.000+02:00,A9022020821,A22 (rocade),72.0,660
2026-10-10T11:51:03Z,2026-10-10T13:42:00.000+02:00,A0025020420,A25,71.0,4010
2026-10-10T11:51:03Z,2026-10-10T13:42:00.000+02:00,A0025021510,A25,89.0,1470
2026-10-10T11:51:03Z,2026-10-10T13:42:00.000+02:00,N0227010100,N227,65.0,1610
2026-10-10T11:51:03Z,2026-10-10T13:42:00.000+02:00,A0025011720,A25,99.0,2800
2026-10-10T11:51:03Z,2026-10-10T13:42:00.000+02:00,A0025021760,A25,87.0,2980
2026-10-10T11:51:03Z,2026-10-10T13:42:00.000+02:00,A0025011730,A25,89.0,2650
2026-10-10T11:51:03Z,2026-10-10T13:42:00.000+02:00,A0025011735,A25,102.0,2620
2026-10-10T11:51:03Z,2026-10-10T13:42:00.000+02:00,A9025080700,A25 (bretelle),,620
2026-10-10T11:51:03Z,2026-10-10T13:42:00.000+02:00,A9022100930,A22 (rocade),75.0,200
2026-10-10T11:51:03Z,2026-10-10T13:42:00.000+02:00,N0356011220,N356,72.0,2880
2026-10-10T11:51:03Z,2026-10-10T13:42:00.000+02:00,A0025011740,A25,86.0,2640
2026-10-10T11:51:03Z,2026-10-10T13:42:00.000+02:00,A0025010410,A25,68.0,3610
2026-10-10T11:51:03Z,2026-10-10T13:42:00.000+02:00,A0023010200,A23,88.0,1440
2026-10-10T11:51:03Z,2026-10-10T13:42:00.000+02:00,A9001210120,A1 (bretelle),77.0,760
2026-10-10T11:51:03Z,2026-10-10T13:42:00.000+02:00,A0025020210,A25,73.0,4690
2026-10-10T11:51:03Z,2026-10-10T13:42:00.000+02:00,N0356011210,N356,72.0,2880
2026-10-10T11:51:03Z,2026-10-10T13:42:00.000+02:00,A0025011510,A25,88.0,1530
2026-10-10T11:51:03Z,2026-10-10T13:42:00.000+02:00,A0025020220,A25,73.0,4690
2026-10-10T11:51:03Z,2026-10-10T13:42:00.000+02:00,N0227010302,N227,74.0,2790
2026-10-10T11:51:03Z,2026-10-10T13:42:00.000+02:00,N0041010500,N41,102.0,1680
2026-10-10T11:51:03Z,2026-10-10T13:42:00.000+02:00,N0227020101,N227,76.0,2140
2026-10-10T11:51:03Z,2026-10-10T13:42:00.000+02:00,A9022100110,A22 (rocade),65.0,980
2026-10-10T11:51:03Z,2026-10-10T13:42:00.000+02:00,A0022010400,A22,72.0,2670
2026-10-10T11:51:03Z,2026-10-10T13:42:00.000+02:00,N0356010302,N356,76.0,4850
2026-10-10T11:51:03Z,2026-10-10T13:42:00.000+02:00,A0025010800,A25,74.0,2800
2026-10-10T11:51:03Z,2026-10-10T13:42:00.000+02:00,A0027020621,A27,102.0,1280
2026-10-10T11:51:03Z,2026-10-10T13:42:00.000+02:00,N0041010700,N41,100.0,640
2026-10-10T11:51:03Z,2026-10-10T13:42:00.000+02:00,A0027020630,A27,105.0,1360
2026-10-10T11:51:03Z,2026-10-10T13:42:00.000+02:00,A0022021512,A22,80.0,2350
2026-10-10T11:51:03Z,2026-10-10T13:42:00.000+02:00,A0022021511,A22,80.0,2310
2026-10-10T11:51:03Z,2026-10-10T13:42:00.000+02:00,A0027020610,A27,102.0,1280
2026-10-10T11:51:03Z,2026-10-10T13:42:00.000+02:00,A0025021720,A25,97.0,2860
2026-10-10T11:51:03Z,2026-10-10T13:42:00.000+02:00,A0022021520,A22,80.0,2350
2026-10-10T11:51:03Z,2026-10-10T13:42:00.000+02:00,A0025022140,A25,110.0,2630
2026-10-10T11:51:03Z,2026-10-10T13:42:00.000+02:00,A0022011302,A22,73.0,2300
2026-10-10T11:51:03Z,2026-10-10T13:42:00.000+02:00,A0025022160,A25,108.0,2670
2026-10-10T11:51:03Z,2026-10-10T13:42:00.000+02:00,A0027010201,A27,93.0,1510
2026-10-10T11:51:03Z,2026-10-10T13:42:00.000+02:00,A0027010202,A27,85.0,890
2026-10-10T11:51:03Z,2026-10-10T13:42:00.000+02:00,N9227110110,N227 (bretelle),74.0,1310
2026-10-10T11:51:03Z,2026-10-10T13:42:00.000+02:00,A0025012130,A25,110.0,1130
2026-10-10T11:51:03Z,2026-10-10T13:42:00.000+02:00,A0027010210,A27,85.0,890
2026-10-10T11:51:03Z,2026-10-10T13:42:00.000+02:00,A0025011050,A25,91.0,1760
2026-10-10T11:51:03Z,2026-10-10T13:42:00.000+02:00,A0025012140,A25,110.0,740
2026-10-10T11:51:03Z,2026-10-10T13:42:00.000+02:00,A0027010421,A27,102.0,1040
2026-10-10T11:51:03Z,2026-10-10T13:42:00.000+02:00,A0022012420,A22,90.0,3310
2026-10-10T11:51:03Z,2026-10-10T13:42:00.000+02:00,A0027010430,A27,107.0,1070
2026-10-10T11:51:03Z,2026-10-10T13:42:00.000+02:00,A0023020710,A23,105.0,1670
2026-10-10T11:51:03Z,2026-10-10T13:42:00.000+02:00,A0022012430,A22,88.0,3170
2026-10-10T11:51:03Z,2026-10-10T13:42:00.000+02:00,A0025012160,A25,124.0,2230
2026-10-10T11:51:03Z,2026-10-10T13:42:00.000+02:00,A9022021200,A22 (rocade),63.0,330
2026-10-10T11:51:03Z,2026-10-10T13:42:00.000+02:00,A0001021100,A1,91.0,3060
2026-10-10T11:51:03Z,2026-10-10T13:42:00.000+02:00,A9022101000,A22 (rocade),67.0,910
2026-10-10T11:51:03Z,2026-10-10T13:42:00.000+02:00,A0025013020,A25,113.0,1760
2026-10-10T11:51:03Z,2026-10-10T13:42:00.000+02:00,A0027010410,A27,102.0,1040
2026-10-10T11:51:03Z,2026-10-10T13:42:00.000+02:00,A0022012410,A22,90.0,3340
2026-10-10T11:51:03Z,2026-10-10T13:42:00.000+02:00,A0001A20112,A1,90.0,2090
2026-10-10T11:51:03Z,2026-10-10T13:42:00.000+02:00,A0001A20111,A1,86.0,1240
2026-10-10T11:51:03Z,2026-10-10T13:42:00.000+02:00,A0001021521,A1,84.0,3040
2026-10-10T11:51:03Z,2026-10-10T13:42:00.000+02:00,A0025022540,A25,111.0,2180
2026-10-10T11:51:03Z,2026-10-10T13:42:00.000+02:00,A0025022300,A25,111.0,1670
2026-10-10T11:51:03Z,2026-10-10T13:42:00.000+02:00,N0356021000,N356,70.0,3650
2026-10-10T11:51:03Z,2026-10-10T13:42:00.000+02:00,A22TC010102,A22 (contournement),86.0,1730
2026-10-10T11:51:03Z,2026-10-10T13:42:00.000+02:00,A0001011503,A1,88.0,5200
2026-10-10T11:51:03Z,2026-10-10T13:42:00.000+02:00,A0022012200,A22,78.0,2950
2026-10-10T11:51:03Z,2026-10-10T13:42:00.000+02:00,A0001A20120,A1,88.0,2200
2026-10-10T11:51:03Z,2026-10-10T13:42:00.000+02:00,A22TC020102,A22 (contournement),85.0,2190
2026-10-10T11:51:03Z,2026-10-10T13:42:00.000+02:00,A22TC010300,A22 (contournement),80.0,1930
2026-10-10T11:51:03Z,2026-10-10T13:42:00.000+02:00,A0022012010,A22,79.0,2120
2026-10-10T11:51:03Z,2026-10-10T13:42:00.000+02:00,A0022012020,A22,79.0,2120
2026-10-10T11:51:03Z,2026-10-10T13:42:00.000+02:00,A0025022130,A25,126.0,2550
2026-10-10T11:51:03Z,2026-10-10T13:42:00.000+02:00,A0023010520,A23,113.0,1400
2026-10-10T11:51:03Z,2026-10-10T13:42:00.000+02:00,N0041020800,N41,97.0,1760
2026-10-10T11:51:03Z,2026-10-10T13:42:00.000+02:00,A0025010500,A25,70.0,2730
2026-10-10T11:51:03Z,2026-10-10T13:42:00.000+02:00,A0022020901,A22,74.0,2810
2026-10-10T11:51:03Z,2026-10-10T13:42:00.000+02:00,A0022020902,A22,74.0,2340
2026-10-10T11:51:03Z,2026-10-10T13:42:00.000+02:00,A0022021810,A22,81.0,2270
2026-10-10T11:51:03Z,2026-10-10T13:42:00.000+02:00,N0356011100,N356,72.0,2740
2026-10-10T11:51:03Z,2026-10-10T13:42:00.000+02:00,A0022021820,A22,81.0,2270
2026-10-10T11:51:03Z,2026-10-10T13:42:00.000+02:00,N0356020802,N356,67.0,3900
2026-10-10T11:51:03Z,2026-10-10T13:42:00.000+02:00,A9022020900,A22 (rocade),95.0,780
2026-10-10T11:51:03Z,2026-10-10T13:42:00.000+02:00,A0025020102,A25,70.0,60
2026-10-10T11:51:03Z,2026-10-10T13:42:00.000+02:00,A0023010100,A23,91.0,110
2026-10-10T11:51:03Z,2026-10-10T13:42:00.000+02:00,A0025022530,A25,114.0,2040
2026-10-10T11:51:03Z,2026-10-10T13:42:00.000+02:00,A9001210200,A1 (bretelle),68.0,1250
2026-10-10T11:51:03Z,2026-10-10T13:42:00.000+02:00,A0022010700,A22,76.0,2310
2026-10-10T11:51:03Z,2026-10-10T13:42:00.000+02:00,N0041020400,N41,89.0,1990
2026-10-10T11:51:03Z,2026-10-10T13:42:00.000+02:00,A0023020720,A23,114.0,1770
2026-10-10T11:51:03Z,2026-10-10T13:42:00.000+02:00,A0022020500,A22,74.0,1560
2026-10-10T11:51:03Z,2026-10-10T13:42:00.000+02:00,N93563b0150,N356 (bretelle),71.0,130
2026-10-10T11:51:03Z,2026-10-10T13:42:00.000+02:00,A0025020950,A25,91.0,3290
2026-10-10T11:51:03Z,2026-10-10T13:42:00.000+02:00,A0023020300,A23,90.0,1540
2026-10-10T11:51:03Z,2026-10-10T13:42:00.000+02:00,A0001011000,A1,85.0,3240
2026-10-10T11:51:03Z,2026-10-10T13:42:00.000+02:00,A0027020500,A27,94.0,830
2026-10-10T11:51:03Z,2026-10-10T13:42:00.000+02:00,N0356011500,N356,68.0,2930
2026-10-10T11:51:03Z,2026-10-10T13:42:00.000+02:00,A0001010150,A1,107.0,3080
2026-10-10T11:51:03Z,2026-10-10T13:42:00.000+02:00,N0356020400,N356,50.0,2080
2026-10-10T11:51:03Z,2026-10-10T13:42:00.000+02:00,A0025010700,A25,71.0,1440
2026-10-10T11:51:03Z,2026-10-10T13:42:00.000+02:00,A0002011230,A2,109.0,2580
2026-10-10T11:51:03Z,2026-10-10T13:42:00.000+02:00,A0025020500,A25,70.0,3050
2026-10-10T11:51:03Z,2026-10-10T13:42:00.000+02:00,A0002021290,A2,108.0,2210
2026-10-10T11:51:03Z,2026-10-10T13:42:00.000+02:00,A0022011600,A22,110.0,1770
2026-10-10T12:01:14Z,2026-10-10T13:54:00.000+02:00,A0001011200,A1,81.0,4310
2026-10-10T12:01:14Z,2026-10-10T13:54:00.000+02:00,A0027010102,A27,83.0,3120
2026-10-10T12:01:14Z,2026-10-10T13:54:00.000+02:00,N0041010100,N41,86.0,1140
2026-10-10T12:01:14Z,2026-10-10T13:54:00.000+02:00,A0027010101,A27,83.0,3120
2026-10-10T12:01:14Z,2026-10-10T13:54:00.000+02:00,A9022010250,A22 (rocade),86.0,510
2026-10-10T12:01:14Z,2026-10-10T13:54:00.000+02:00,A0001020150,A1,107.0,3090
2026-10-10T12:01:14Z,2026-10-10T13:54:00.000+02:00,N0356011700,N356,74.0,2900
2026-10-10T12:01:14Z,2026-10-10T13:54:00.000+02:00,N9227110200,N227 (bretelle),75.0,40
2026-10-10T12:01:14Z,2026-10-10T13:54:00.000+02:00,N0356021300,N356,65.0,3500
2026-10-10T12:01:14Z,2026-10-10T13:54:00.000+02:00,A0022011400,A22,79.0,630
2026-10-10T12:01:14Z,2026-10-10T13:54:00.000+02:00,A0027010300,A27,95.0,710
2026-10-10T12:01:14Z,2026-10-10T13:54:00.000+02:00,A9022020250,A22 (rocade),59.0,820
2026-10-10T12:01:14Z,2026-10-10T13:54:00.000+02:00,N0041010300,N41,88.0,2260
2026-10-10T12:01:14Z,2026-10-10T13:54:00.000+02:00,A0022011210,A22,80.0,920
2026-10-10T12:01:14Z,2026-10-10T13:54:00.000+02:00,A0027020100,A27,72.0,1460
2026-10-10T12:01:14Z,2026-10-10T13:54:00.000+02:00,A0001010300,A1,110.0,3320
2026-10-10T12:01:14Z,2026-10-10T13:54:00.000+02:00,A0022011220,A22,80.0,920
2026-10-10T12:01:14Z,2026-10-10T13:54:00.000+02:00,N0227021400,N227,79.0,140
2026-10-10T12:01:14Z,2026-10-10T13:54:00.000+02:00,A9022101110,A22 (rocade),78.0,1220
2026-10-10T12:01:14Z,2026-10-10T13:54:00.000+02:00,A0022022110,A22,85.0,3310
2026-10-10T12:01:14Z,2026-10-10T13:54:00.000+02:00,A0001011420,A1,78.0,3340
2026-10-10T12:01:14Z,2026-10-10T13:54:00.000+02:00,N0356010800,N356,73.0,2810
2026-10-10T12:01:14Z,2026-10-10T13:54:00.000+02:00,A9001210710,A1 (bretelle),73.0,190
2026-10-10T12:01:14Z,2026-10-10T13:54:00.000+02:00,N0356021110,N356,72.0,3800
2026-10-10T12:01:14Z,2026-10-10T13:54:00.000+02:00,A0001010510,A1,110.0,3050
2026-10-10T12:01:14Z,2026-10-10T13:54:00.000+02:00,N0356021122,N356,65.0,3670
2026-10-10T12:01:14Z,2026-10-10T13:54:00.000+02:00,N0356021121,N356,72.0,3800
2026-10-10T12:01:14Z,2026-10-10T13:54:00.000+02:00,A0025010210,A25,73.0,4560
2026-10-10T12:01:14Z,2026-10-10T13:54:00.000+02:00,A0025011300,A25,88.0,1670
2026-10-10T12:01:14Z,2026-10-10T13:54:00.000+02:00,A0001020300,A1,107.0,3000
2026-10-10T12:01:14Z,2026-10-10T13:54:00.000+02:00,A0025021100,A25,88.0,2440
2026-10-10T12:01:14Z,2026-10-10T13:54:00.000+02:00,A0025023520,A25,115.0,1310
2026-10-10T12:01:14Z,2026-10-10T13:54:00.000+02:00,A0022022130,A22,95.0,3220
2026-10-10T12:01:14Z,2026-10-10T13:54:00.000+02:00,A0025010220,A25,73.0,4560
2026-10-10T12:01:14Z,2026-10-10T13:54:00.000+02:00,A0022022120,A22,91.0,3310
2026-10-10T12:01:14Z,2026-10-10T13:54:00.000+02:00,A0001010520,A1,102.0,3710
2026-10-10T12:01:14Z,2026-10-10T13:54:00.000+02:00,A0022011000,A22,75.0,2910
2026-10-10T12:01:14Z,2026-10-10T13:54:00.000+02:00,A0001020510,A1,104.0,3130
2026-10-10T12:01:14Z,2026-10-10T13:54:00.000+02:00,A0001021602,A1,83.0,5810
2026-10-10T12:01:14Z,2026-10-10T13:54:00.000+02:00,A22TC020222,A22 (contournement),83.0,3050
2026-10-10T12:01:14Z,2026-10-10T13:54:00.000+02:00,A0001010940,A1,98.0,4250
2026-10-10T12:01:14Z,2026-10-10T13:54:00.000+02:00,A0025023320,A25,116.0,1750
2026-10-10T12:01:14Z,2026-10-10T13:54:00.000+02:00,A0001020520,A1,98.0,3220
2026-10-10T12:01:14Z,2026-10-10T13:54:00.000+02:00,A0025023100,A25,117.0,1480
2026-10-10T12:01:14Z,2026-10-10T13:54:00.000+02:00,A22TC020230,A22 (contournement),83.0,3050
2026-10-10T12:01:14Z,2026-10-10T13:54:00.000+02:00,A0025021730,A25,87.0,2750
2026-10-10T12:01:14Z,2026-10-10T13:54:00.000+02:00,A0025023910,A25,116.0,1130
2026-10-10T12:01:14Z,2026-10-10T13:54:00.000+02:00,A0025021735,A25,102.0,2880
2026-10-10T12:01:14Z,2026-10-10T13:54:00.000+02:00,A0023010400,A23,104.0,1480
2026-10-10T12:01:14Z,2026-10-10T13:54:00.000+02:00,A0022021900,A22,77.0,2630
2026-10-10T12:01:14Z,2026-10-10T13:54:00.000+02:00,A9022100500,A22 (rocade),77.0,1510
2026-10-10T12:01:14Z,2026-10-10T13:54:00.000+02:00,A0001020940,A1,87.0,3810
2026-10-10T12:01:14Z,2026-10-10T13:54:00.000+02:00,A0001020700,A1,92.0,2870
2026-10-10T12:01:14Z,2026-10-10T13:54:00.000+02:00,A9022020830,A22 (rocade),90.0,280
2026-10-10T12:01:14Z,2026-10-10T13:54:00.000+02:00,A9022020822,A22 (rocade),75.0,660
2026-10-10T12:01:14Z,2026-10-10T13:54:00.000+02:00,A9022020821,A22 (rocade),75.0,660
2026-10-10T12:01:14Z,2026-10-10T13:54:00.000+02:00,A0025020420,A25,71.0,4150
2026-10-10T12:01:14Z,2026-10-10T13:54:00.000+02:00,A0025021510,A25,97.0,1500
2026-10-10T12:01:14Z,2026-10-10T13:54:00.000+02:00,N0227010100,N227,68.0,1490
2026-10-10T12:01:14Z,2026-10-10T13:54:00.000+02:00,A0025011720,A25,99.0,3220
2026-10-10T12:01:14Z,2026-10-10T13:54:00.000+02:00,A0025021760,A25,86.0,2650
2026-10-10T12:01:14Z,2026-10-10T13:54:00.000+02:00,A0025011730,A25,90.0,3170
2026-10-10T12:01:14Z,2026-10-10T13:54:00.000+02:00,A0025011735,A25,101.0,3130
2026-10-10T12:01:14Z,2026-10-10T13:54:00.000+02:00,A9025080700,A25 (bretelle),,630
2026-10-10T12:01:14Z,2026-10-10T13:54:00.000+02:00,A9022100930,A22 (rocade),72.0,180
2026-10-10T12:01:14Z,2026-10-10T13:54:00.000+02:00,N0356011220,N356,71.0,2990
2026-10-10T12:01:14Z,2026-10-10T13:54:00.000+02:00,A0025011740,A25,85.0,3180
2026-10-10T12:01:14Z,2026-10-10T13:54:00.000+02:00,A0025010410,A25,68.0,3720
2026-10-10T12:01:14Z,2026-10-10T13:54:00.000+02:00,A0023010200,A23,95.0,1440
2026-10-10T12:01:14Z,2026-10-10T13:54:00.000+02:00,A9001210120,A1 (bretelle),76.0,770
2026-10-10T12:01:14Z,2026-10-10T13:54:00.000+02:00,A0025020210,A25,71.0,5000
2026-10-10T12:01:14Z,2026-10-10T13:54:00.000+02:00,N0356011210,N356,71.0,2990
2026-10-10T12:01:14Z,2026-10-10T13:54:00.000+02:00,A0025011510,A25,90.0,2070
2026-10-10T12:01:14Z,2026-10-10T13:54:00.000+02:00,A0025020220,A25,71.0,5000
2026-10-10T12:01:14Z,2026-10-10T13:54:00.000+02:00,N0227010302,N227,74.0,2840
2026-10-10T12:01:14Z,2026-10-10T13:54:00.000+02:00,N0041010500,N41,101.0,1540
2026-10-10T12:01:14Z,2026-10-10T13:54:00.000+02:00,N0227020101,N227,85.0,2050
2026-10-10T12:01:14Z,2026-10-10T13:54:00.000+02:00,A9022100110,A22 (rocade),66.0,1010
2026-10-10T12:01:14Z,2026-10-10T13:54:00.000+02:00,A0022010400,A22,75.0,2890
2026-10-10T12:01:14Z,2026-10-10T13:54:00.000+02:00,N0356010302,N356,74.0,5280
2026-10-10T12:01:14Z,2026-10-10T13:54:00.000+02:00,A0025010800,A25,74.0,3070
2026-10-10T12:01:14Z,2026-10-10T13:54:00.000+02:00,A0027020621,A27,103.0,1210
2026-10-10T12:01:14Z,2026-10-10T13:54:00.000+02:00,N0041010700,N41,105.0,660
2026-10-10T12:01:14Z,2026-10-10T13:54:00.000+02:00,A0027020630,A27,105.0,1220
2026-10-10T12:01:14Z,2026-10-10T13:54:00.000+02:00,A0022021512,A22,77.0,2380
2026-10-10T12:01:14Z,2026-10-10T13:54:00.000+02:00,A0022021511,A22,79.0,2400
2026-10-10T12:01:14Z,2026-10-10T13:54:00.000+02:00,A0027020610,A27,103.0,1210
2026-10-10T12:01:14Z,2026-10-10T13:54:00.000+02:00,A0025021720,A25,99.0,2930
2026-10-10T12:01:14Z,2026-10-10T13:54:00.000+02:00,A0022021520,A22,77.0,2380
2026-10-10T12:01:14Z,2026-10-10T13:54:00.000+02:00,A0025022140,A25,112.0,2360
2026-10-10T12:01:14Z,2026-10-10T13:54:00.000+02:00,A0022011302,A22,75.0,2020
2026-10-10T12:01:14Z,2026-10-10T13:54:00.000+02:00,A0025022160,A25,113.0,2290
2026-10-10T12:01:14Z,2026-10-10T13:54:00.000+02:00,A0027010201,A27,92.0,1500
2026-10-10T12:01:14Z,2026-10-10T13:54:00.000+02:00,A0027010202,A27,92.0,510
2026-10-10T12:01:14Z,2026-10-10T13:54:00.000+02:00,N9227110110,N227 (bretelle),75.0,1450
2026-10-10T12:01:14Z,2026-10-10T13:54:00.000+02:00,A0025012130,A25,109.0,1200
2026-10-10T12:01:14Z,2026-10-10T13:54:00.000+02:00,A0027010210,A27,92.0,510
2026-10-10T12:01:14Z,2026-10-10T13:54:00.000+02:00,A0025011050,A25,93.0,2240
2026-10-10T12:01:14Z,2026-10-10T13:54:00.000+02:00,A0025012140,A25,109.0,1020
2026-10-10T12:01:14Z,2026-10-10T13:54:00.000+02:00,A0027010421,A27,104.0,1080
2026-10-10T12:01:14Z,2026-10-10T13:54:00.000+02:00,A0022012420,A22,89.0,3560
2026-10-10T12:01:14Z,2026-10-10T13:54:00.000+02:00,A0027010430,A27,108.0,1060
2026-10-10T12:01:14Z,2026-10-10T13:54:00.000+02:00,A0023020710,A23,106.0,1620
2026-10-10T12:01:14Z,2026-10-10T13:54:00.000+02:00,A0022012430,A22,86.0,3400
2026-10-10T12:01:14Z,2026-10-10T13:54:00.000+02:00,A0025012160,A25,119.0,2450
2026-10-10T12:01:14Z,2026-10-10T13:54:00.000+02:00,A9022021200,A22 (rocade),62.0,370
2026-10-10T12:01:14Z,2026-10-10T13:54:00.000+02:00,A0001021100,A1,88.0,3190
2026-10-10T12:01:14Z,2026-10-10T13:54:00.000+02:00,A9022101000,A22 (rocade),65.0,1070
2026-10-10T12:01:14Z,2026-10-10T13:54:00.000+02:00,A0025013020,A25,111.0,2180
2026-10-10T12:01:14Z,2026-10-10T13:54:00.000+02:00,A0027010410,A27,104.0,1080
2026-10-10T12:01:14Z,2026-10-10T13:54:00.000+02:00,A0022012410,A22,89.0,3520
2026-10-10T12:01:14Z,2026-10-10T13:54:00.000+02:00,A0001A20112,A1,90.0,2240
2026-10-10T12:01:14Z,2026-10-10T13:54:00.000+02:00,A0001A20111,A1,86.0,1260
2026-10-10T12:01:14Z,2026-10-10T13:54:00.000+02:00,A0001021521,A1,85.0,3030
2026-10-10T12:01:14Z,2026-10-10T13:54:00.000+02:00,A0025022540,A25,118.0,1720
2026-10-10T12:01:14Z,2026-10-10T13:54:00.000+02:00,A0025022300,A25,116.0,1480
2026-10-10T12:01:14Z,2026-10-10T13:54:00.000+02:00,N0356021000,N356,71.0,3490
2026-10-10T12:01:14Z,2026-10-10T13:54:00.000+02:00,A22TC010102,A22 (contournement),85.0,1770
2026-10-10T12:01:14Z,2026-10-10T13:54:00.000+02:00,A0001011503,A1,83.0,6040
2026-10-10T12:01:14Z,2026-10-10T13:54:00.000+02:00,A0022012200,A22,77.0,3080
2026-10-10T12:01:14Z,2026-10-10T13:54:00.000+02:00,A0001A20120,A1,85.0,2480
2026-10-10T12:01:14Z,2026-10-10T13:54:00.000+02:00,A22TC020102,A22 (contournement),85.0,2230
2026-10-10T12:01:14Z,2026-10-10T13:54:00.000+02:00,A22TC010300,A22 (contournement),82.0,1860
2026-10-10T12:01:14Z,2026-10-10T13:54:00.000+02:00,A0022012010,A22,78.0,2070
2026-10-10T12:01:14Z,2026-10-10T13:54:00.000+02:00,A0022012020,A22,78.0,2070
2026-10-10T12:01:14Z,2026-10-10T13:54:00.000+02:00,A0025022130,A25,127.0,2420
2026-10-10T12:01:14Z,2026-10-10T13:54:00.000+02:00,A0023010520,A23,113.0,1470
2026-10-10T12:01:14Z,2026-10-10T13:54:00.000+02:00,N0041020800,N41,99.0,1970
2026-10-10T12:01:14Z,2026-10-10T13:54:00.000+02:00,A0025010500,A25,70.0,2790
2026-10-10T12:01:14Z,2026-10-10T13:54:00.000+02:00,A0022020901,A22,75.0,3080
2026-10-10T12:01:14Z,2026-10-10T13:54:00.000+02:00,A0022020902,A22,75.0,2280
2026-10-10T12:01:14Z,2026-10-10T13:54:00.000+02:00,A0022021810,A22,78.0,2140
2026-10-10T12:01:14Z,2026-10-10T13:54:00.000+02:00,N0356011100,N356,71.0,2720
2026-10-10T12:01:14Z,2026-10-10T13:54:00.000+02:00,A0022021820,A22,78.0,2140
2026-10-10T12:01:14Z,2026-10-10T13:54:00.000+02:00,N0356020802,N356,68.0,3490
2026-10-10T12:01:14Z,2026-10-10T13:54:00.000+02:00,A9022020900,A22 (rocade),78.0,760
2026-10-10T12:01:14Z,2026-10-10T13:54:00.000+02:00,A0025020102,A25,67.0,140
2026-10-10T12:01:14Z,2026-10-10T13:54:00.000+02:00,A0023010100,A23,88.0,230
2026-10-10T12:01:14Z,2026-10-10T13:54:00.000+02:00,A0025022530,A25,120.0,1740
2026-10-10T12:01:14Z,2026-10-10T13:54:00.000+02:00,A9001210200,A1 (bretelle),65.0,1130
2026-10-10T12:01:14Z,2026-10-10T13:54:00.000+02:00,A0022010700,A22,78.0,2430
2026-10-10T12:01:14Z,2026-10-10T13:54:00.000+02:00,N0041020400,N41,89.0,2080
2026-10-10T12:01:14Z,2026-10-10T13:54:00.000+02:00,A0023020720,A23,115.0,1640
2026-10-10T12:01:14Z,2026-10-10T13:54:00.000+02:00,A0022020500,A22,75.0,1700
2026-10-10T12:01:14Z,2026-10-10T13:54:00.000+02:00,N93563b0150,N356 (bretelle),68.0,70
2026-10-10T12:01:14Z,2026-10-10T13:54:00.000+02:00,A0025020950,A25,85.0,2510
2026-10-10T12:01:14Z,2026-10-10T13:54:00.000+02:00,A0023020300,A23,88.0,1720
2026-10-10T12:01:14Z,2026-10-10T13:54:00.000+02:00,A0001011000,A1,84.0,3990
2026-10-10T12:01:14Z,2026-10-10T13:54:00.000+02:00,A0027020500,A27,95.0,890
2026-10-10T12:01:14Z,2026-10-10T13:54:00.000+02:00,N0356011500,N356,69.0,3200
2026-10-10T12:01:14Z,2026-10-10T13:54:00.000+02:00,A0001010150,A1,108.0,3410
2026-10-10T12:01:14Z,2026-10-10T13:54:00.000+02:00,N0356020400,N356,62.0,1630
2026-10-10T12:01:14Z,2026-10-10T13:54:00.000+02:00,A0025010700,A25,73.0,1580
2026-10-10T12:01:14Z,2026-10-10T13:54:00.000+02:00,A0002011230,A2,104.0,2960
2026-10-10T12:01:14Z,2026-10-10T13:54:00.000+02:00,A0025020500,A25,70.0,2970
2026-10-10T12:01:14Z,2026-10-10T13:54:00.000+02:00,A0002021290,A2,108.0,2390
2026-10-10T12:01:14Z,2026-10-10T13:54:00.000+02:00,A0022011600,A22,76.0,1800
2026-10-10T12:11:01Z,2026-10-10T14:00:00.000+02:00,A0001011200,A1,80.0,3630
2026-10-10T12:11:01Z,2026-10-10T14:00:00.000+02:00,A0027010102,A27,97.0,2690
2026-10-10T12:11:01Z,2026-10-10T14:00:00.000+02:00,N0041010100,N41,86.0,930
2026-10-10T12:11:01Z,2026-10-10T14:00:00.000+02:00,A0027010101,A27,97.0,2690
2026-10-10T12:11:01Z,2026-10-10T14:00:00.000+02:00,A9022010250,A22 (rocade),84.0,680
2026-10-10T12:11:01Z,2026-10-10T14:00:00.000+02:00,A0001020150,A1,110.0,3300
2026-10-10T12:11:01Z,2026-10-10T14:00:00.000+02:00,N0356011700,N356,73.0,2900
2026-10-10T12:11:01Z,2026-10-10T14:00:00.000+02:00,N9227110200,N227 (bretelle),62.0,110
2026-10-10T12:11:01Z,2026-10-10T14:00:00.000+02:00,N0356021300,N356,67.0,3090
2026-10-10T12:11:01Z,2026-10-10T14:00:00.000+02:00,A0022011400,A22,77.0,600
2026-10-10T12:11:01Z,2026-10-10T14:00:00.000+02:00,A0027010300,A27,93.0,850
2026-10-10T12:11:01Z,2026-10-10T14:00:00.000+02:00,A9022020250,A22 (rocade),26.0,830
2026-10-10T12:11:01Z,2026-10-10T14:00:00.000+02:00,N0041010300,N41,91.0,1990
2026-10-10T12:11:01Z,2026-10-10T14:00:00.000+02:00,A0022011210,A22,78.0,630
2026-10-10T12:11:01Z,2026-10-10T14:00:00.000+02:00,A0027020100,A27,72.0,1490
2026-10-10T12:11:01Z,2026-10-10T14:00:00.000+02:00,A0001010300,A1,107.0,3740
2026-10-10T12:11:01Z,2026-10-10T14:00:00.000+02:00,A0022011220,A22,78.0,630
2026-10-10T12:11:01Z,2026-10-10T14:00:00.000+02:00,N0227021400,N227,61.0,160
2026-10-10T12:11:01Z,2026-10-10T14:00:00.000+02:00,A9022101110,A22 (rocade),79.0,980
2026-10-10T12:11:01Z,2026-10-10T14:00:00.000+02:00,A0022022110,A22,81.0,3720
2026-10-10T12:11:01Z,2026-10-10T14:00:00.000+02:00,A0001011420,A1,81.0,2980
2026-10-10T12:11:01Z,2026-10-10T14:00:00.000+02:00,N0356010800,N356,72.0,3140
2026-10-10T12:11:01Z,2026-10-10T14:00:00.000+02:00,A9001210710,A1 (bretelle),57.0,70
2026-10-10T12:11:01Z,2026-10-10T14:00:00.000+02:00,N0356021110,N356,72.0,3320
2026-10-10T12:11:01Z,2026-10-10T14:00:00.000+02:00,A0001010510,A1,107.0,3340
2026-10-10T12:11:01Z,2026-10-10T14:00:00.000+02:00,N0356021122,N356,64.0,3330
2026-10-10T12:11:01Z,2026-10-10T14:00:00.000+02:00,N0356021121,N356,72.0,3320
2026-10-10T12:11:01Z,2026-10-10T14:00:00.000+02:00,A0025010210,A25,72.0,4510
2026-10-10T12:11:01Z,2026-10-10T14:00:00.000+02:00,A0025011300,A25,87.0,1530
2026-10-10T12:11:01Z,2026-10-10T14:00:00.000+02:00,A0001020300,A1,109.0,3080
2026-10-10T12:11:01Z,2026-10-10T14:00:00.000+02:00,A0025021100,A25,86.0,2340
2026-10-10T12:11:01Z,2026-10-10T14:00:00.000+02:00,A0025023520,A25,114.0,1400
2026-10-10T12:11:01Z,2026-10-10T14:00:00.000+02:00,A0022022130,A22,92.0,3630
2026-10-10T12:11:01Z,2026-10-10T14:00:00.000+02:00,A0025010220,A25,72.0,4510
2026-10-10T12:11:01Z,2026-10-10T14:00:00.000+02:00,A0022022120,A22,86.0,3820
2026-10-10T12:11:01Z,2026-10-10T14:00:00.000+02:00,A0001010520,A1,99.0,3830
2026-10-10T12:11:01Z,2026-10-10T14:00:00.000+02:00,A0022011000,A22,75.0,2530
2026-10-10T12:11:01Z,2026-10-10T14:00:00.000+02:00,A0001020510,A1,106.0,3280
2026-10-10T12:11:01Z,2026-10-10T14:00:00.000+02:00,A0001021602,A1,83.0,5400
2026-10-10T12:11:01Z,2026-10-10T14:00:00.000+02:00,A22TC020222,A22 (contournement),85.0,3110
2026-10-10T12:11:01Z,2026-10-10T14:00:00.000+02:00,A0001010940,A1,98.0,3930
2026-10-10T12:11:01Z,2026-10-10T14:00:00.000+02:00,A0025023320,A25,116.0,2120
2026-10-10T12:11:01Z,2026-10-10T14:00:00.000+02:00,A0001020520,A1,100.0,3360
2026-10-10T12:11:01Z,2026-10-10T14:00:00.000+02:00,A0025023100,A25,114.0,1680
2026-10-10T12:11:01Z,2026-10-10T14:00:00.000+02:00,A22TC020230,A22 (contournement),85.0,3110
2026-10-10T12:11:01Z,2026-10-10T14:00:00.000+02:00,A0025021730,A25,90.0,2810
2026-10-10T12:11:01Z,2026-10-10T14:00:00.000+02:00,A0025023910,A25,118.0,1230
2026-10-10T12:11:01Z,2026-10-10T14:00:00.000+02:00,A0025021735,A25,105.0,2930
2026-10-10T12:11:01Z,2026-10-10T14:00:00.000+02:00,A0023010400,A23,108.0,1250
2026-10-10T12:11:01Z,2026-10-10T14:00:00.000+02:00,A0022021900,A22,75.0,2820
2026-10-10T12:11:01Z,2026-10-10T14:00:00.000+02:00,A9022100500,A22 (rocade),77.0,1540
2026-10-10T12:11:01Z,2026-10-10T14:00:00.000+02:00,A0001020940,A1,90.0,3860
2026-10-10T12:11:01Z,2026-10-10T14:00:00.000+02:00,A0001020700,A1,93.0,2730
2026-10-10T12:11:01Z,2026-10-10T14:00:00.000+02:00,A9022020830,A22 (rocade),89.0,330
2026-10-10T12:11:01Z,2026-10-10T14:00:00.000+02:00,A9022020822,A22 (rocade),81.0,840
2026-10-10T12:11:01Z,2026-10-10T14:00:00.000+02:00,A9022020821,A22 (rocade),81.0,840
2026-10-10T12:11:01Z,2026-10-10T14:00:00.000+02:00,A0025020420,A25,71.0,3730
2026-10-10T12:11:01Z,2026-10-10T14:00:00.000+02:00,A0025021510,A25,94.0,1410
2026-10-10T12:11:01Z,2026-10-10T14:00:00.000+02:00,N0227010100,N227,65.0,1600
2026-10-10T12:11:01Z,2026-10-10T14:00:00.000+02:00,A0025011720,A25,100.0,2920
2026-10-10T12:11:01Z,2026-10-10T14:00:00.000+02:00,A0025021760,A25,90.0,2960
2026-10-10T12:11:01Z,2026-10-10T14:00:00.000+02:00,A0025011730,A25,89.0,2990
2026-10-10T12:11:01Z,2026-10-10T14:00:00.000+02:00,A0025011735,A25,101.0,3120
2026-10-10T12:11:01Z,2026-10-10T14:00:00.000+02:00,A9025080700,A25 (bretelle),,620
2026-10-10T12:11:01Z,2026-10-10T14:00:00.000+02:00,A9022100930,A22 (rocade),79.0,160
2026-10-10T12:11:01Z,2026-10-10T14:00:00.000+02:00,N0356011220,N356,72.0,3060
2026-10-10T12:11:01Z,2026-10-10T14:00:00.000+02:00,A0025011740,A25,87.0,3060
2026-10-10T12:11:01Z,2026-10-10T14:00:00.000+02:00,A0025010410,A25,69.0,3650
2026-10-10T12:11:01Z,2026-10-10T14:00:00.000+02:00,A0023010200,A23,114.0,1330
2026-10-10T12:11:01Z,2026-10-10T14:00:00.000+02:00,A9001210120,A1 (bretelle),76.0,830
2026-10-10T12:11:01Z,2026-10-10T14:00:00.000+02:00,A0025020210,A25,73.0,4740
2026-10-10T12:11:01Z,2026-10-10T14:00:00.000+02:00,N0356011210,N356,72.0,3060
2026-10-10T12:11:01Z,2026-10-10T14:00:00.000+02:00,A0025011510,A25,88.0,1810
2026-10-10T12:11:01Z,2026-10-10T14:00:00.000+02:00,A0025020220,A25,73.0,4740
2026-10-10T12:11:01Z,2026-10-10T14:00:00.000+02:00,N0227010302,N227,75.0,2830
2026-10-10T12:11:01Z,2026-10-10T14:00:00.000+02:00,N0041010500,N41,96.0,1360
2026-10-10T12:11:01Z,2026-10-10T14:00:00.000+02:00,N0227020101,N227,83.0,2330
2026-10-10T12:11:01Z,2026-10-10T14:00:00.000+02:00,A9022100110,A22 (rocade),67.0,860
2026-10-10T12:11:01Z,2026-10-10T14:00:00.000+02:00,A0022010400,A22,73.0,2690
2026-10-10T12:11:01Z,2026-10-10T14:00:00.000+02:00,N0356010302,N356,75.0,5540
2026-10-10T12:11:01Z,2026-10-10T14:00:00.000+02:00,A0025010800,A25,75.0,2850
2026-10-10T12:11:01Z,2026-10-10T14:00:00.000+02:00,A0027020621,A27,101.0,1290
2026-10-10T12:11:01Z,2026-10-10T14:00:00.000+02:00,N0041010700,N41,105.0,500
2026-10-10T12:11:01Z,2026-10-10T14:00:00.000+02:00,A0027020630,A27,105.0,1350
2026-10-10T12:11:01Z,2026-10-10T14:00:00.000+02:00,A0022021512,A22,78.0,2250
2026-10-10T12:11:01Z,2026-10-10T14:00:00.000+02:00,A0022021511,A22,80.0,2210
2026-10-10T12:11:01Z,2026-10-10T14:00:00.000+02:00,A0027020610,A27,101.0,1290
2026-10-10T12:11:01Z,2026-10-10T14:00:00.000+02:00,A0025021720,A25,102.0,2850
2026-10-10T12:11:01Z,2026-10-10T14:00:00.000+02:00,A0022021520,A22,78.0,2250
2026-10-10T12:11:01Z,2026-10-10T14:00:00.000+02:00,A0025022140,A25,116.0,2520
2026-10-10T12:11:01Z,2026-10-10T14:00:00.000+02:00,A0022011302,A22,76.0,1900
2026-10-10T12:11:01Z,2026-10-10T14:00:00.000+02:00,A0025022160,A25,112.0,2500
2026-10-10T12:11:01Z,2026-10-10T14:00:00.000+02:00,A0027010201,A27,93.0,1660
2026-10-10T12:11:01Z,2026-10-10T14:00:00.000+02:00,A0027010202,A27,80.0,680
2026-10-10T12:11:01Z,2026-10-10T14:00:00.000+02:00,N9227110110,N227 (bretelle),76.0,1360
2026-10-10T12:11:01Z,2026-10-10T14:00:00.000+02:00,A0025012130,A25,102.0,1300
2026-10-10T12:11:01Z,2026-10-10T14:00:00.000+02:00,A0027010210,A27,80.0,680
2026-10-10T12:11:01Z,2026-10-10T14:00:00.000+02:00,A0025011050,A25,92.0,1940
2026-10-10T12:11:01Z,2026-10-10T14:00:00.000+02:00,A0025012140,A25,102.0,1160
2026-10-10T12:11:01Z,2026-10-10T14:00:00.000+02:00,A0027010421,A27,100.0,1150
2026-10-10T12:11:01Z,2026-10-10T14:00:00.000+02:00,A0022012420,A22,93.0,2960
2026-10-10T12:11:01Z,2026-10-10T14:00:00.000+02:00,A0027010430,A27,104.0,1130
2026-10-10T12:11:01Z,2026-10-10T14:00:00.000+02:00,A0023020710,A23,107.0,1850
2026-10-10T12:11:01Z,2026-10-10T14:00:00.000+02:00,A0022012430,A22,91.0,2990
2026-10-10T12:11:01Z,2026-10-10T14:00:00.000+02:00,A0025012160,A25,120.0,2550
2026-10-10T12:11:01Z,2026-10-10T14:00:00.000+02:00,A9022021200,A22 (rocade),60.0,300
2026-10-10T12:11:01Z,2026-10-10T14:00:00.000+02:00,A0001021100,A1,88.0,3390
2026-10-10T12:11:01Z,2026-10-10T14:00:00.000+02:00,A9022101000,A22 (rocade),59.0,950
2026-10-10T12:11:01Z,2026-10-10T14:00:00.000+02:00,A0025013020,A25,110.0,1980
2026-10-10T12:11:01Z,2026-10-10T14:00:00.000+02:00,A0027010410,A27,100.0,1150
2026-10-10T12:11:01Z,2026-10-10T14:00:00.000+02:00,A0022012410,A22,92.0,3020
2026-10-10T12:11:01Z,2026-10-10T14:00:00.000+02:00,A0001A20112,A1,89.0,2280
2026-10-10T12:11:01Z,2026-10-10T14:00:00.000+02:00,A0001A20111,A1,86.0,1210
2026-10-10T12:11:01Z,2026-10-10T14:00:00.000+02:00,A0001021521,A1,82.0,2930
2026-10-10T12:11:01Z,2026-10-10T14:00:00.000+02:00,A0025022540,A25,117.0,2020
2026-10-10T12:11:01Z,2026-10-10T14:00:00.000+02:00,A0025022300,A25,115.0,1430
2026-10-10T12:11:01Z,2026-10-10T14:00:00.000+02:00,N0356021000,N356,72.0,3000
2026-10-10T12:11:01Z,2026-10-10T14:00:00.000+02:00,A22TC010102,A22 (contournement),85.0,1680
2026-10-10T12:11:01Z,2026-10-10T14:00:00.000+02:00,A0001011503,A1,86.0,5780
2026-10-10T12:11:01Z,2026-10-10T14:00:00.000+02:00,A0022012200,A22,79.0,2460
2026-10-10T12:11:01Z,2026-10-10T14:00:00.000+02:00,A0001A20120,A1,87.0,2380
2026-10-10T12:11:01Z,2026-10-10T14:00:00.000+02:00,A22TC020102,A22 (contournement),84.0,2430
2026-10-10T12:11:01Z,2026-10-10T14:00:00.000+02:00,A22TC010300,A22 (contournement),81.0,2000
2026-10-10T12:11:01Z,2026-10-10T14:00:00.000+02:00,A0022012010,A22,82.0,1670
2026-10-10T12:11:01Z,2026-10-10T14:00:00.000+02:00,A0022012020,A22,82.0,1670
2026-10-10T12:11:01Z,2026-10-10T14:00:00.000+02:00,A0025022130,A25,131.0,2420
2026-10-10T12:11:01Z,2026-10-10T14:00:00.000+02:00,A0023010520,A23,114.0,1310
2026-10-10T12:11:01Z,2026-10-10T14:00:00.000+02:00,N0041020800,N41,98.0,1630
2026-10-10T12:11:01Z,2026-10-10T14:00:00.000+02:00,A0025010500,A25,71.0,2440
2026-10-10T12:11:01Z,2026-10-10T14:00:00.000+02:00,A0022020901,A22,76.0,2910
2026-10-10T12:11:01Z,2026-10-10T14:00:00.000+02:00,A0022020902,A22,76.0,2280
2026-10-10T12:11:01Z,2026-10-10T14:00:00.000+02:00,A0022021810,A22,78.0,2220
2026-10-10T12:11:01Z,2026-10-10T14:00:00.000+02:00,N0356011100,N356,71.0,2960
2026-10-10T12:11:01Z,2026-10-10T14:00:00.000+02:00,A0022021820,A22,78.0,2220
2026-10-10T12:11:01Z,2026-10-10T14:00:00.000+02:00,N0356020802,N356,70.0,3230
2026-10-10T12:11:01Z,2026-10-10T14:00:00.000+02:00,A9022020900,A22 (rocade),78.0,600
2026-10-10T12:11:01Z,2026-10-10T14:00:00.000+02:00,A0025020102,A25,64.0,180
2026-10-10T12:11:01Z,2026-10-10T14:00:00.000+02:00,A0023010100,A23,111.0,140
2026-10-10T12:11:01Z,2026-10-10T14:00:00.000+02:00,A0025022530,A25,119.0,1940
2026-10-10T12:11:01Z,2026-10-10T14:00:00.000+02:00,A9001210200,A1 (bretelle),66.0,1180
2026-10-10T12:11:01Z,2026-10-10T14:00:00.000+02:00,A0022010700,A22,78.0,2060
2026-10-10T12:11:01Z,2026-10-10T14:00:00.000+02:00,N0041020400,N41,92.0,2150
2026-10-10T12:11:01Z,2026-10-10T14:00:00.000+02:00,A0023020720,A23,115.0,1920
2026-10-10T12:11:01Z,2026-10-10T14:00:00.000+02:00,A0022020500,A22,76.0,1620
2026-10-10T12:11:01Z,2026-10-10T14:00:00.000+02:00,N93563b0150,N356 (bretelle),69.0,100
2026-10-10T12:11:01Z,2026-10-10T14:00:00.000+02:00,A0025020950,A25,84.0,2430
2026-10-10T12:11:01Z,2026-10-10T14:00:00.000+02:00,A0023020300,A23,84.0,1640
2026-10-10T12:11:01Z,2026-10-10T14:00:00.000+02:00,A0001011000,A1,85.0,3220
2026-10-10T12:11:01Z,2026-10-10T14:00:00.000+02:00,A0027020500,A27,95.0,790
2026-10-10T12:11:01Z,2026-10-10T14:00:00.000+02:00,N0356011500,N356,71.0,3140
2026-10-10T12:11:01Z,2026-10-10T14:00:00.000+02:00,A0001010150,A1,105.0,3830
2026-10-10T12:11:01Z,2026-10-10T14:00:00.000+02:00,N0356020400,N356,61.0,1640
2026-10-10T12:11:01Z,2026-10-10T14:00:00.000+02:00,A0025010700,A25,73.0,1360
2026-10-10T12:11:01Z,2026-10-10T14:00:00.000+02:00,A0002011230,A2,108.0,2710
2026-10-10T12:11:01Z,2026-10-10T14:00:00.000+02:00,A0025020500,A25,72.0,2590
2026-10-10T12:11:01Z,2026-10-10T14:00:00.000+02:00,A0002021290,A2,107.0,2210
2026-10-10T12:11:01Z,2026-10-10T14:00:00.000+02:00,A0022011600,A22,81.0,1160
2026-10-10T12:21:09Z,2026-10-10T14:12:00.000+02:00,A0001011200,A1,78.0,4000
2026-10-10T12:21:09Z,2026-10-10T14:12:00.000+02:00,A0027010102,A27,91.0,2990
2026-10-10T12:21:09Z,2026-10-10T14:12:00.000+02:00,N0041010100,N41,86.0,970
2026-10-10T12:21:09Z,2026-10-10T14:12:00.000+02:00,A0027010101,A27,91.0,2990
2026-10-10T12:21:09Z,2026-10-10T14:12:00.000+02:00,A9022010250,A22 (rocade),86.0,630
2026-10-10T12:21:09Z,2026-10-10T14:12:00.000+02:00,A0001020150,A1,108.0,2970
2026-10-10T12:21:09Z,2026-10-10T14:12:00.000+02:00,N0356011700,N356,73.0,3090
2026-10-10T12:21:09Z,2026-10-10T14:12:00.000+02:00,N9227110200,N227 (bretelle),70.0,60
2026-10-10T12:21:09Z,2026-10-10T14:12:00.000+02:00,N0356021300,N356,65.0,3240
2026-10-10T12:21:09Z,2026-10-10T14:12:00.000+02:00,A0022011400,A22,77.0,640
2026-10-10T12:21:09Z,2026-10-10T14:12:00.000+02:00,A0027010300,A27,91.0,820
2026-10-10T12:21:09Z,2026-10-10T14:12:00.000+02:00,A9022020250,A22 (rocade),63.0,890
2026-10-10T12:21:09Z,2026-10-10T14:12:00.000+02:00,N0041010300,N41,87.0,2340
2026-10-10T12:21:09Z,2026-10-10T14:12:00.000+02:00,A0022011210,A22,76.0,990
2026-10-10T12:21:09Z,2026-10-10T14:12:00.000+02:00,A0027020100,A27,72.0,1550
2026-10-10T12:21:09Z,2026-10-10T14:12:00.000+02:00,A0001010300,A1,104.0,3140
2026-10-10T12:21:09Z,2026-10-10T14:12:00.000+02:00,A0022011220,A22,76.0,990
2026-10-10T12:21:09Z,2026-10-10T14:12:00.000+02:00,N0227021400,N227,61.0,50
2026-10-10T12:21:09Z,2026-10-10T14:12:00.000+02:00,A9022101110,A22 (rocade),78.0,1240
2026-10-10T12:21:09Z,2026-10-10T14:12:00.000+02:00,A0022022110,A22,86.0,3380
2026-10-10T12:21:09Z,2026-10-10T14:12:00.000+02:00,A0001011420,A1,85.0,2800
2026-10-10T12:21:09Z,2026-10-10T14:12:00.000+02:00,N0356010800,N356,74.0,3110
2026-10-10T12:21:09Z,2026-10-10T14:12:00.000+02:00,A9001210710,A1 (bretelle),66.0,40
2026-10-10T12:21:09Z,2026-10-10T14:12:00.000+02:00,N0356021110,N356,71.0,3690
2026-10-10T12:21:09Z,2026-10-10T14:12:00.000+02:00,A0001010510,A1,104.0,2870
2026-10-10T12:21:09Z,2026-10-10T14:12:00.000+02:00,N0356021122,N356,65.0,3690
2026-10-10T12:21:09Z,2026-10-10T14:12:00.000+02:00,N0356021121,N356,71.0,3690
2026-10-10T12:21:09Z,2026-10-10T14:12:00.000+02:00,A0025010210,A25,73.0,4590
2026-10-10T12:21:09Z,2026-10-10T14:12:00.000+02:00,A0025011300,A25,86.0,1170
2026-10-10T12:21:09Z,2026-10-10T14:12:00.000+02:00,A0001020300,A1,110.0,2870
2026-10-10T12:21:09Z,2026-10-10T14:12:00.000+02:00,A0025021100,A25,88.0,2510
2026-10-10T12:21:09Z,2026-10-10T14:12:00.000+02:00,A0025023520,A25,113.0,1050
2026-10-10T12:21:09Z,2026-10-10T14:12:00.000+02:00,A0022022130,A22,96.0,3170
2026-10-10T12:21:09Z,2026-10-10T14:12:00.000+02:00,A0025010220,A25,73.0,4590
2026-10-10T12:21:09Z,2026-10-10T14:12:00.000+02:00,A0022022120,A22,91.0,3430
2026-10-10T12:21:09Z,2026-10-10T14:12:00.000+02:00,A0001010520,A1,105.0,3350
2026-10-10T12:21:09Z,2026-10-10T14:12:00.000+02:00,A0022011000,A22,76.0,2830
2026-10-10T12:21:09Z,2026-10-10T14:12:00.000+02:00,A0001020510,A1,106.0,3190
2026-10-10T12:21:09Z,2026-10-10T14:12:00.000+02:00,A0001021602,A1,85.0,5200
2026-10-10T12:21:09Z,2026-10-10T14:12:00.000+02:00,A22TC020222,A22 (contournement),84.0,3110
2026-10-10T12:21:09Z,2026-10-10T14:12:00.000+02:00,A0001010940,A1,96.0,4040
2026-10-10T12:21:09Z,2026-10-10T14:12:00.000+02:00,A0025023320,A25,115.0,1620
2026-10-10T12:21:09Z,2026-10-10T14:12:00.000+02:00,A0001020520,A1,99.0,3290
2026-10-10T12:21:09Z,2026-10-10T14:12:00.000+02:00,A0025023100,A25,113.0,1380
2026-10-10T12:21:09Z,2026-10-10T14:12:00.000+02:00,A22TC020230,A22 (contournement),84.0,3110
2026-10-10T12:21:09Z,2026-10-10T14:12:00.000+02:00,A0025021730,A25,87.0,3200
2026-10-10T12:21:09Z,2026-10-10T14:12:00.000+02:00,A0025023910,A25,117.0,980
2026-10-10T12:21:09Z,2026-10-10T14:12:00.000+02:00,A0025021735,A25,104.0,3120
2026-10-10T12:21:09Z,2026-10-10T14:12:00.000+02:00,A0023010400,A23,109.0,1560
2026-10-10T12:21:09Z,2026-10-10T14:12:00.000+02:00,A0022021900,A22,80.0,2730
2026-10-10T12:21:09Z,2026-10-10T14:12:00.000+02:00,A9022100500,A22 (rocade),75.0,1820
2026-10-10T12:21:09Z,2026-10-10T14:12:00.000+02:00,A0001020940,A1,89.0,3840
2026-10-10T12:21:09Z,2026-10-10T14:12:00.000+02:00,A0001020700,A1,94.0,2700
2026-10-10T12:21:09Z,2026-10-10T14:12:00.000+02:00,A9022020830,A22 (rocade),81.0,390
2026-10-10T12:21:09Z,2026-10-10T14:12:00.000+02:00,A9022020822,A22 (rocade),77.0,690
2026-10-10T12:21:09Z,2026-10-10T14:12:00.000+02:00,A9022020821,A22 (rocade),77.0,690
2026-10-10T12:21:09Z,2026-10-10T14:12:00.000+02:00,A0025020420,A25,70.0,3990
2026-10-10T12:21:09Z,2026-10-10T14:12:00.000+02:00,A0025021510,A25,101.0,1700
2026-10-10T12:21:09Z,2026-10-10T14:12:00.000+02:00,N0227010100,N227,64.0,1870
2026-10-10T12:21:09Z,2026-10-10T14:12:00.000+02:00,A0025011720,A25,101.0,2680
2026-10-10T12:21:09Z,2026-10-10T14:12:00.000+02:00,A0025021760,A25,87.0,3190
2026-10-10T12:21:09Z,2026-10-10T14:12:00.000+02:00,A0025011730,A25,89.0,2700
2026-10-10T12:21:09Z,2026-10-10T14:12:00.000+02:00,A0025011735,A25,103.0,2720
2026-10-10T12:21:09Z,2026-10-10T14:12:00.000+02:00,A9025080700,A25 (bretelle),,700
2026-10-10T12:21:09Z,2026-10-10T14:12:00.000+02:00,A9022100930,A22 (rocade),72.0,230
2026-10-10T12:21:09Z,2026-10-10T14:12:00.000+02:00,N0356011220,N356,73.0,3070
2026-10-10T12:21:09Z,2026-10-10T14:12:00.000+02:00,A0025011740,A25,87.0,2710
2026-10-10T12:21:09Z,2026-10-10T14:12:00.000+02:00,A0025010410,A25,69.0,3570
2026-10-10T12:21:09Z,2026-10-10T14:12:00.000+02:00,A0023010200,A23,72.0,1520
2026-10-10T12:21:09Z,2026-10-10T14:12:00.000+02:00,A9001210120,A1 (bretelle),77.0,640
2026-10-10T12:21:09Z,2026-10-10T14:12:00.000+02:00,A0025020210,A25,73.0,4670
2026-10-10T12:21:09Z,2026-10-10T14:12:00.000+02:00,N0356011210,N356,73.0,3070
2026-10-10T12:21:09Z,2026-10-10T14:12:00.000+02:00,A0025011510,A25,89.0,1540
2026-10-10T12:21:09Z,2026-10-10T14:12:00.000+02:00,A0025020220,A25,73.0,4670
2026-10-10T12:21:09Z,2026-10-10T14:12:00.000+02:00,N0227010302,N227,74.0,2860
2026-10-10T12:21:09Z,2026-10-10T14:12:00.000+02:00,N0041010500,N41,94.0,1670
2026-10-10T12:21:09Z,2026-10-10T14:12:00.000+02:00,N0227020101,N227,84.0,2020
2026-10-10T12:21:09Z,2026-10-10T14:12:00.000+02:00,A9022100110,A22 (rocade),68.0,780
2026-10-10T12:21:09Z,2026-10-10T14:12:00.000+02:00,A0022010400,A22,72.0,2880
2026-10-10T12:21:09Z,2026-10-10T14:12:00.000+02:00,N0356010302,N356,74.0,5340
2026-10-10T12:21:09Z,2026-10-10T14:12:00.000+02:00,A0025010800,A25,74.0,2610
2026-10-10T12:21:09Z,2026-10-10T14:12:00.000+02:00,A0027020621,A27,102.0,1400
2026-10-10T12:21:09Z,2026-10-10T14:12:00.000+02:00,N0041010700,N41,99.0,700
2026-10-10T12:21:09Z,2026-10-10T14:12:00.000+02:00,A0027020630,A27,105.0,1510
2026-10-10T12:21:09Z,2026-10-10T14:12:00.000+02:00,A0022021512,A22,77.0,2450
2026-10-10T12:21:09Z,2026-10-10T14:12:00.000+02:00,A0022021511,A22,78.0,2470
2026-10-10T12:21:09Z,2026-10-10T14:12:00.000+02:00,A0027020610,A27,102.0,1400
2026-10-10T12:21:09Z,2026-10-10T14:12:00.000+02:00,A0025021720,A25,99.0,3220
2026-10-10T12:21:09Z,2026-10-10T14:12:00.000+02:00,A0022021520,A22,77.0,2450
2026-10-10T12:21:09Z,2026-10-10T14:12:00.000+02:00,A0025022140,A25,110.0,2520
2026-10-10T12:21:09Z,2026-10-10T14:12:00.000+02:00,A0022011302,A22,72.0,2290
2026-10-10T12:21:09Z,2026-10-10T14:12:00.000+02:00,A0025022160,A25,106.0,2420
2026-10-10T12:21:09Z,2026-10-10T14:12:00.000+02:00,A0027010201,A27,92.0,1540
2026-10-10T12:21:09Z,2026-10-10T14:12:00.000+02:00,A0027010202,A27,85.0,890
2026-10-10T12:21:09Z,2026-10-10T14:12:00.000+02:00,N9227110110,N227 (bretelle),75.0,1140
2026-10-10T12:21:09Z,2026-10-10T14:12:00.000+02:00,A0025012130,A25,105.0,1350
2026-10-10T12:21:09Z,2026-10-10T14:12:00.000+02:00,A0027010210,A27,85.0,890
2026-10-10T12:21:09Z,2026-10-10T14:12:00.000+02:00,A0025011050,A25,97.0,1720
2026-10-10T12:21:09Z,2026-10-10T14:12:00.000+02:00,A0025012140,A25,105.0,680
2026-10-10T12:21:09Z,2026-10-10T14:12:00.000+02:00,A0027010421,A27,101.0,1200
2026-10-10T12:21:09Z,2026-10-10T14:12:00.000+02:00,A0022012420,A22,92.0,3120
2026-10-10T12:21:09Z,2026-10-10T14:12:00.000+02:00,A0027010430,A27,104.0,1250
2026-10-10T12:21:09Z,2026-10-10T14:12:00.000+02:00,A0023020710,A23,106.0,1560
2026-10-10T12:21:09Z,2026-10-10T14:12:00.000+02:00,A0022012430,A22,93.0,3080
2026-10-10T12:21:09Z,2026-10-10T14:12:00.000+02:00,A0025012160,A25,122.0,2670
2026-10-10T12:21:09Z,2026-10-10T14:12:00.000+02:00,A9022021200,A22 (rocade),62.0,270
2026-10-10T12:21:09Z,2026-10-10T14:12:00.000+02:00,A0001021100,A1,89.0,3350
2026-10-10T12:21:09Z,2026-10-10T14:12:00.000+02:00,A9022101000,A22 (rocade),66.0,980
2026-10-10T12:21:09Z,2026-10-10T14:12:00.000+02:00,A0025013020,A25,111.0,2290
2026-10-10T12:21:09Z,2026-10-10T14:12:00.000+02:00,A0027010410,A27,101.0,1200
2026-10-10T12:21:09Z,2026-10-10T14:12:00.000+02:00,A0022012410,A22,92.0,3120
2026-10-10T12:21:09Z,2026-10-10T14:12:00.000+02:00,A0001A20112,A1,88.0,2250
2026-10-10T12:21:09Z,2026-10-10T14:12:00.000+02:00,A0001A20111,A1,82.0,1100
2026-10-10T12:21:09Z,2026-10-10T14:12:00.000+02:00,A0001021521,A1,86.0,3020
2026-10-10T12:21:09Z,2026-10-10T14:12:00.000+02:00,A0025022540,A25,113.0,1800
2026-10-10T12:21:09Z,2026-10-10T14:12:00.000+02:00,A0025022300,A25,112.0,1570
2026-10-10T12:21:09Z,2026-10-10T14:12:00.000+02:00,N0356021000,N356,72.0,3350
2026-10-10T12:21:09Z,2026-10-10T14:12:00.000+02:00,A22TC010102,A22 (contournement),85.0,1820
2026-10-10T12:21:09Z,2026-10-10T14:12:00.000+02:00,A0001011503,A1,85.0,5520
2026-10-10T12:21:09Z,2026-10-10T14:12:00.000+02:00,A0022012200,A22,78.0,2860
2026-10-10T12:21:09Z,2026-10-10T14:12:00.000+02:00,A0001A20120,A1,85.0,2470
2026-10-10T12:21:09Z,2026-10-10T14:12:00.000+02:00,A22TC020102,A22 (contournement),83.0,2300
2026-10-10T12:21:09Z,2026-10-10T14:12:00.000+02:00,A22TC010300,A22 (contournement),80.0,2130
2026-10-10T12:21:09Z,2026-10-10T14:12:00.000+02:00,A0022012010,A22,78.0,2240
2026-10-10T12:21:09Z,2026-10-10T14:12:00.000+02:00,A0022012020,A22,78.0,2240
2026-10-10T12:21:09Z,2026-10-10T14:12:00.000+02:00,A0025022130,A25,125.0,2530
2026-10-10T12:21:09Z,2026-10-10T14:12:00.000+02:00,A0023010520,A23,115.0,1620
2026-10-10T12:21:09Z,2026-10-10T14:12:00.000+02:00,N0041020800,N41,97.0,1900
2026-10-10T12:21:09Z,2026-10-10T14:12:00.000+02:00,A0025010500,A25,67.0,2550
2026-10-10T12:21:09Z,2026-10-10T14:12:00.000+02:00,A0022020901,A22,75.0,2830
2026-10-10T12:21:09Z,2026-10-10T14:12:00.000+02:00,A0022020902,A22,75.0,2130
2026-10-10T12:21:09Z,2026-10-10T14:12:00.000+02:00,A0022021810,A22,79.0,2280
2026-10-10T12:21:09Z,2026-10-10T14:12:00.000+02:00,N0356011100,N356,72.0,3000
2026-10-10T12:21:09Z,2026-10-10T14:12:00.000+02:00,A0022021820,A22,79.0,2280
2026-10-10T12:21:09Z,2026-10-10T14:12:00.000+02:00,N0356020802,N356,67.0,3660
2026-10-10T12:21:09Z,2026-10-10T14:12:00.000+02:00,A9022020900,A22 (rocade),94.0,880
2026-10-10T12:21:09Z,2026-10-10T14:12:00.000+02:00,A0025020102,A25,73.0,100
2026-10-10T12:21:09Z,2026-10-10T14:12:00.000+02:00,A0023010100,A23,101.0,170
2026-10-10T12:21:09Z,2026-10-10T14:12:00.000+02:00,A0025022530,A25,115.0,1820
2026-10-10T12:21:09Z,2026-10-10T14:12:00.000+02:00,A9001210200,A1 (bretelle),65.0,1290
2026-10-10T12:21:09Z,2026-10-10T14:12:00.000+02:00,A0022010700,A22,77.0,2310
2026-10-10T12:21:09Z,2026-10-10T14:12:00.000+02:00,N0041020400,N41,91.0,2140
2026-10-10T12:21:09Z,2026-10-10T14:12:00.000+02:00,A0023020720,A23,112.0,1560
2026-10-10T12:21:09Z,2026-10-10T14:12:00.000+02:00,A0022020500,A22,75.0,1430
2026-10-10T12:21:09Z,2026-10-10T14:12:00.000+02:00,N93563b0150,N356 (bretelle),63.0,60
2026-10-10T12:21:09Z,2026-10-10T14:12:00.000+02:00,A0025020950,A25,96.0,2450
2026-10-10T12:21:09Z,2026-10-10T14:12:00.000+02:00,A0023020300,A23,75.0,1350
2026-10-10T12:21:09Z,2026-10-10T14:12:00.000+02:00,A0001011000,A1,86.0,3650
2026-10-10T12:21:09Z,2026-10-10T14:12:00.000+02:00,A0027020500,A27,84.0,100
2026-10-10T12:21:09Z,2026-10-10T14:12:00.000+02:00,N0356011500,N356,71.0,3390
2026-10-10T12:21:09Z,2026-10-10T14:12:00.000+02:00,A0001010150,A1,108.0,3210
2026-10-10T12:21:09Z,2026-10-10T14:12:00.000+02:00,N0356020400,N356,58.0,1800
2026-10-10T12:21:09Z,2026-10-10T14:12:00.000+02:00,A0025010700,A25,75.0,1330
2026-10-10T12:21:09Z,2026-10-10T14:12:00.000+02:00,A0002011230,A2,110.0,2520
2026-10-10T12:21:09Z,2026-10-10T14:12:00.000+02:00,A0025020500,A25,71.0,2860
2026-10-10T12:21:09Z,2026-10-10T14:12:00.000+02:00,A0002021290,A2,110.0,2260
2026-10-10T12:21:09Z,2026-10-10T14:12:00.000+02:00,A0022011600,A22,80.0,1260
2026-10-10T12:31:18Z,2026-10-10T14:24:00.000+02:00,A0001011200,A1,80.0,3960
2026-10-10T12:31:18Z,2026-10-10T14:24:00.000+02:00,A0027010102,A27,88.0,3060
2026-10-10T12:31:18Z,2026-10-10T14:24:00.000+02:00,N0041010100,N41,87.0,1220
2026-10-10T12:31:18Z,2026-10-10T14:24:00.000+02:00,A0027010101,A27,88.0,3060
2026-10-10T12:31:18Z,2026-10-10T14:24:00.000+02:00,A9022010250,A22 (rocade),84.0,610
2026-10-10T12:31:18Z,2026-10-10T14:24:00.000+02:00,A0001020150,A1,109.0,3150
2026-10-10T12:31:18Z,2026-10-10T14:24:00.000+02:00,N0356011700,N356,73.0,2760
2026-10-10T12:31:18Z,2026-10-10T14:24:00.000+02:00,N9227110200,N227 (bretelle),73.0,80
2026-10-10T12:31:18Z,2026-10-10T14:24:00.000+02:00,N0356021300,N356,64.0,3710
2026-10-10T12:31:18Z,2026-10-10T14:24:00.000+02:00,A0022011400,A22,75.0,750
2026-10-10T12:31:18Z,2026-10-10T14:24:00.000+02:00,A0027010300,A27,90.0,990
2026-10-10T12:31:18Z,2026-10-10T14:24:00.000+02:00,A9022020250,A22 (rocade),65.0,1020
2026-10-10T12:31:18Z,2026-10-10T14:24:00.000+02:00,N0041010300,N41,90.0,2370
2026-10-10T12:31:18Z,2026-10-10T14:24:00.000+02:00,A0022011210,A22,71.0,1200
2026-10-10T12:31:18Z,2026-10-10T14:24:00.000+02:00,A0027020100,A27,72.0,1580
2026-10-10T12:31:18Z,2026-10-10T14:24:00.000+02:00,A0001010300,A1,111.0,3220
2026-10-10T12:31:18Z,2026-10-10T14:24:00.000+02:00,A0022011220,A22,71.0,1200
2026-10-10T12:31:18Z,2026-10-10T14:24:00.000+02:00,N0227021400,N227,84.0,100
2026-10-10T12:31:18Z,2026-10-10T14:24:00.000+02:00,A9022101110,A22 (rocade),79.0,1250
2026-10-10T12:31:18Z,2026-10-10T14:24:00.000+02:00,A0022022110,A22,86.0,3510
2026-10-10T12:31:18Z,2026-10-10T14:24:00.000+02:00,A0001011420,A1,86.0,2940
2026-10-10T12:31:18Z,2026-10-10T14:24:00.000+02:00,N0356010800,N356,71.0,2990
2026-10-10T12:31:18Z,2026-10-10T14:24:00.000+02:00,A9001210710,A1 (bretelle),64.0,110
2026-10-10T12:31:18Z,2026-10-10T14:24:00.000+02:00,N0356021110,N356,68.0,4040
2026-10-10T12:31:18Z,2026-10-10T14:24:00.000+02:00,A0001010510,A1,111.0,2960
2026-10-10T12:31:18Z,2026-10-10T14:24:00.000+02:00,N0356021122,N356,64.0,3820
2026-10-10T12:31:18Z,2026-10-10T14:24:00.000+02:00,N0356021121,N356,68.0,4040
2026-10-10T12:31:18Z,2026-10-10T14:24:00.000+02:00,A0025010210,A25,70.0,4620
2026-10-10T12:31:18Z,2026-10-10T14:24:00.000+02:00,A0025011300,A25,87.0,1430
2026-10-10T12:31:18Z,2026-10-10T14:24:00.000+02:00,A0001020300,A1,110.0,3180
2026-10-10T12:31:18Z,2026-10-10T14:24:00.000+02:00,A0025021100,A25,87.0,2260
2026-10-10T12:31:18Z,2026-10-10T14:24:00.000+02:00,A0025023520,A25,113.0,980
2026-10-10T12:31:18Z,2026-10-10T14:24:00.000+02:00,A0022022130,A22,96.0,3520
2026-10-10T12:31:18Z,2026-10-10T14:24:00.000+02:00,A0025010220,A25,70.0,4620
2026-10-10T12:31:18Z,2026-10-10T14:24:00.000+02:00,A0022022120,A22,90.0,3590
2026-10-10T12:31:18Z,2026-10-10T14:24:00.000+02:00,A0001010520,A1,103.0,3590
2026-10-10T12:31:18Z,2026-10-10T14:24:00.000+02:00,A0022011000,A22,79.0,3670
2026-10-10T12:31:18Z,2026-10-10T14:24:00.000+02:00,A0001020510,A1,106.0,3250
2026-10-10T12:31:18Z,2026-10-10T14:24:00.000+02:00,A0001021602,A1,81.0,6060
2026-10-10T12:31:18Z,2026-10-10T14:24:00.000+02:00,A22TC020222,A22 (contournement),81.0,3670
2026-10-10T12:31:18Z,2026-10-10T14:24:00.000+02:00,A0001010940,A1,98.0,4070
2026-10-10T12:31:18Z,2026-10-10T14:24:00.000+02:00,A0025023320,A25,113.0,1810
2026-10-10T12:31:18Z,2026-10-10T14:24:00.000+02:00,A0001020520,A1,99.0,3410
2026-10-10T12:31:18Z,2026-10-10T14:24:00.000+02:00,A0025023100,A25,112.0,1570
2026-10-10T12:31:18Z,2026-10-10T14:24:00.000+02:00,A22TC020230,A22 (contournement),81.0,3670
2026-10-10T12:31:18Z,2026-10-10T14:24:00.000+02:00,A0025021730,A25,89.0,3180
2026-10-10T12:31:18Z,2026-10-10T14:24:00.000+02:00,A0025023910,A25,119.0,870
2026-10-10T12:31:18Z,2026-10-10T14:24:00.000+02:00,A0025021735,A25,104.0,3160
2026-10-10T12:31:18Z,2026-10-10T14:24:00.000+02:00,A0023010400,A23,111.0,1460
2026-10-10T12:31:18Z,2026-10-10T14:24:00.000+02:00,A0022021900,A22,79.0,2760
2026-10-10T12:31:18Z,2026-10-10T14:24:00.000+02:00,A9022100500,A22 (rocade),78.0,1530
2026-10-10T12:31:18Z,2026-10-10T14:24:00.000+02:00,A0001020940,A1,87.0,4080
2026-10-10T12:31:18Z,2026-10-10T14:24:00.000+02:00,A0001020700,A1,95.0,2720
2026-10-10T12:31:18Z,2026-10-10T14:24:00.000+02:00,A9022020830,A22 (rocade),83.0,400
2026-10-10T12:31:18Z,2026-10-10T14:24:00.000+02:00,A9022020822,A22 (rocade),74.0,780
2026-10-10T12:31:18Z,2026-10-10T14:24:00.000+02:00,A9022020821,A22 (rocade),74.0,780
2026-10-10T12:31:18Z,2026-10-10T14:24:00.000+02:00,A0025020420,A25,71.0,4450
2026-10-10T12:31:18Z,2026-10-10T14:24:00.000+02:00,A0025021510,A25,92.0,1360
2026-10-10T12:31:18Z,2026-10-10T14:24:00.000+02:00,N0227010100,N227,66.0,1740
2026-10-10T12:31:18Z,2026-10-10T14:24:00.000+02:00,A0025011720,A25,100.0,3100
2026-10-10T12:31:18Z,2026-10-10T14:24:00.000+02:00,A0025021760,A25,88.0,3150
2026-10-10T12:31:18Z,2026-10-10T14:24:00.000+02:00,A0025011730,A25,88.0,3090
2026-10-10T12:31:18Z,2026-10-10T14:24:00.000+02:00,A0025011735,A25,101.0,3000
2026-10-10T12:31:18Z,2026-10-10T14:24:00.000+02:00,A9025080700,A25 (bretelle),,650
2026-10-10T12:31:18Z,2026-10-10T14:24:00.000+02:00,A9022100930,A22 (rocade),74.0,200
2026-10-10T12:31:18Z,2026-10-10T14:24:00.000+02:00,N0356011220,N356,71.0,2820
2026-10-10T12:31:18Z,2026-10-10T14:24:00.000+02:00,A0025011740,A25,85.0,3040
2026-10-10T12:31:18Z,2026-10-10T14:24:00.000+02:00,A0025010410,A25,68.0,3560
2026-10-10T12:31:18Z,2026-10-10T14:24:00.000+02:00,A0023010200,A23,104.0,1550
2026-10-10T12:31:18Z,2026-10-10T14:24:00.000+02:00,A9001210120,A1 (bretelle),76.0,830
2026-10-10T12:31:18Z,2026-10-10T14:24:00.000+02:00,A0025020210,A25,70.0,5330
2026-10-10T12:31:18Z,2026-10-10T14:24:00.000+02:00,N0356011210,N356,71.0,2820
2026-10-10T12:31:18Z,2026-10-10T14:24:00.000+02:00,A0025011510,A25,89.0,1790
2026-10-10T12:31:18Z,2026-10-10T14:24:00.000+02:00,A0025020220,A25,70.0,5330
2026-10-10T12:31:18Z,2026-10-10T14:24:00.000+02:00,N0227010302,N227,75.0,2860
2026-10-10T12:31:18Z,2026-10-10T14:24:00.000+02:00,N0041010500,N41,93.0,1670
2026-10-10T12:31:18Z,2026-10-10T14:24:00.000+02:00,N0227020101,N227,76.0,2520
2026-10-10T12:31:18Z,2026-10-10T14:24:00.000+02:00,A9022100110,A22 (rocade),63.0,1260
2026-10-10T12:31:18Z,2026-10-10T14:24:00.000+02:00,A0022010400,A22,71.0,3550
2026-10-10T12:31:18Z,2026-10-10T14:24:00.000+02:00,N0356010302,N356,74.0,5660
2026-10-10T12:31:18Z,2026-10-10T14:24:00.000+02:00,A0025010800,A25,73.0,2640
2026-10-10T12:31:18Z,2026-10-10T14:24:00.000+02:00,A0027020621,A27,103.0,1390
2026-10-10T12:31:18Z,2026-10-10T14:24:00.000+02:00,N0041010700,N41,97.0,630
2026-10-10T12:31:18Z,2026-10-10T14:24:00.000+02:00,A0027020630,A27,104.0,1370
2026-10-10T12:31:18Z,2026-10-10T14:24:00.000+02:00,A0022021512,A22,78.0,2420
2026-10-10T12:31:18Z,2026-10-10T14:24:00.000+02:00,A0022021511,A22,78.0,2450
2026-10-10T12:31:18Z,2026-10-10T14:24:00.000+02:00,A0027020610,A27,103.0,1390
2026-10-10T12:31:18Z,2026-10-10T14:24:00.000+02:00,A0025021720,A25,101.0,3090
2026-10-10T12:31:18Z,2026-10-10T14:24:00.000+02:00,A0022021520,A22,78.0,2420
2026-10-10T12:31:18Z,2026-10-10T14:24:00.000+02:00,A0025022140,A25,110.0,2780
2026-10-10T12:31:18Z,2026-10-10T14:24:00.000+02:00,A0022011302,A22,70.0,2850
2026-10-10T12:31:18Z,2026-10-10T14:24:00.000+02:00,A0025022160,A25,107.0,2720
2026-10-10T12:31:18Z,2026-10-10T14:24:00.000+02:00,A0027010201,A27,91.0,1690
2026-10-10T12:31:18Z,2026-10-10T14:24:00.000+02:00,A0027010202,A27,77.0,1000
2026-10-10T12:31:18Z,2026-10-10T14:24:00.000+02:00,N9227110110,N227 (bretelle),72.0,1820
2026-10-10T12:31:18Z,2026-10-10T14:24:00.000+02:00,A0025012130,A25,107.0,1120
2026-10-10T12:31:18Z,2026-10-10T14:24:00.000+02:00,A0027010210,A27,77.0,1000
2026-10-10T12:31:18Z,2026-10-10T14:24:00.000+02:00,A0025011050,A25,88.0,1600
2026-10-10T12:31:18Z,2026-10-10T14:24:00.000+02:00,A0025012140,A25,107.0,950
2026-10-10T12:31:18Z,2026-10-10T14:24:00.000+02:00,A0027010421,A27,99.0,1390
2026-10-10T12:31:18Z,2026-10-10T14:24:00.000+02:00,A0022012420,A22,91.0,3380
2026-10-10T12:31:18Z,2026-10-10T14:24:00.000+02:00,A0027010430,A27,105.0,1400
2026-10-10T12:31:18Z,2026-10-10T14:24:00.000+02:00,A0023020710,A23,108.0,1960
2026-10-10T12:31:18Z,2026-10-10T14:24:00.000+02:00,A0022012430,A22,87.0,3400
2026-10-10T12:31:18Z,2026-10-10T14:24:00.000+02:00,A0025012160,A25,119.0,2640
2026-10-10T12:31:18Z,2026-10-10T14:24:00.000+02:00,A9022021200,A22 (rocade),64.0,400
2026-10-10T12:31:18Z,2026-10-10T14:24:00.000+02:00,A0001021100,A1,88.0,3720
2026-10-10T12:31:18Z,2026-10-10T14:24:00.000+02:00,A9022101000,A22 (rocade),81.0,1110
2026-10-10T12:31:18Z,2026-10-10T14:24:00.000+02:00,A0025013020,A25,111.0,2180
2026-10-10T12:31:18Z,2026-10-10T14:24:00.000+02:00,A0027010410,A27,99.0,1390
2026-10-10T12:31:18Z,2026-10-10T14:24:00.000+02:00,A0022012410,A22,89.0,3340
2026-10-10T12:31:18Z,2026-10-10T14:24:00.000+02:00,A0001A20112,A1,88.0,2410
2026-10-10T12:31:18Z,2026-10-10T14:24:00.000+02:00,A0001A20111,A1,86.0,1500
2026-10-10T12:31:18Z,2026-10-10T14:24:00.000+02:00,A0001021521,A1,83.0,3210
2026-10-10T12:31:18Z,2026-10-10T14:24:00.000+02:00,A0025022540,A25,109.0,2080
2026-10-10T12:31:18Z,2026-10-10T14:24:00.000+02:00,A0025022300,A25,109.0,1500
2026-10-10T12:31:18Z,2026-10-10T14:24:00.000+02:00,N0356021000,N356,68.0,3620
2026-10-10T12:31:18Z,2026-10-10T14:24:00.000+02:00,A22TC010102,A22 (contournement),87.0,2050
2026-10-10T12:31:18Z,2026-10-10T14:24:00.000+02:00,A0001011503,A1,85.0,5820
2026-10-10T12:31:18Z,2026-10-10T14:24:00.000+02:00,A0022012200,A22,79.0,2930
2026-10-10T12:31:18Z,2026-10-10T14:24:00.000+02:00,A0001A20120,A1,86.0,2470
2026-10-10T12:31:18Z,2026-10-10T14:24:00.000+02:00,A22TC020102,A22 (contournement),83.0,2510
2026-10-10T12:31:18Z,2026-10-10T14:24:00.000+02:00,A22TC010300,A22 (contournement),79.0,2180
2026-10-10T12:31:18Z,2026-10-10T14:24:00.000+02:00,A0022012010,A22,80.0,1890
2026-10-10T12:31:18Z,2026-10-10T14:24:00.000+02:00,A0022012020,A22,80.0,1890
2026-10-10T12:31:18Z,2026-10-10T14:24:00.000+02:00,A0025022130,A25,123.0,2580
2026-10-10T12:31:18Z,2026-10-10T14:24:00.000+02:00,A0023010520,A23,115.0,1500
2026-10-10T12:31:18Z,2026-10-10T14:24:00.000+02:00,N0041020800,N41,98.0,1820
2026-10-10T12:31:18Z,2026-10-10T14:24:00.000+02:00,A0025010500,A25,68.0,2460
2026-10-10T12:31:18Z,2026-10-10T14:24:00.000+02:00,A0022020901,A22,80.0,3050
2026-10-10T12:31:18Z,2026-10-10T14:24:00.000+02:00,A0022020902,A22,80.0,2490
2026-10-10T12:31:18Z,2026-10-10T14:24:00.000+02:00,A0022021810,A22,77.0,2450
2026-10-10T12:31:18Z,2026-10-10T14:24:00.000+02:00,N0356011100,N356,70.0,2680
2026-10-10T12:31:18Z,2026-10-10T14:24:00.000+02:00,A0022021820,A22,77.0,2450
2026-10-10T12:31:18Z,2026-10-10T14:24:00.000+02:00,N0356020802,N356,64.0,4000
2026-10-10T12:31:18Z,2026-10-10T14:24:00.000+02:00,A9022020900,A22 (rocade),74.0,820
2026-10-10T12:31:18Z,2026-10-10T14:24:00.000+02:00,A0025020102,A25,68.0,30
2026-10-10T12:31:18Z,2026-10-10T14:24:00.000+02:00,A0023010100,A23,110.0,210
2026-10-10T12:31:18Z,2026-10-10T14:24:00.000+02:00,A0025022530,A25,110.0,2010
2026-10-10T12:31:18Z,2026-10-10T14:24:00.000+02:00,A9001210200,A1 (bretelle),66.0,1290
2026-10-10T12:31:18Z,2026-10-10T14:24:00.000+02:00,A0022010700,A22,75.0,2980
2026-10-10T12:31:18Z,2026-10-10T14:24:00.000+02:00,N0041020400,N41,91.0,2260
2026-10-10T12:31:18Z,2026-10-10T14:24:00.000+02:00,A0023020720,A23,117.0,1910
2026-10-10T12:31:18Z,2026-10-10T14:24:00.000+02:00,A0022020500,A22,80.0,1850
2026-10-10T12:31:18Z,2026-10-10T14:24:00.000+02:00,N93563b0150,N356 (bretelle),70.0,150
2026-10-10T12:31:18Z,2026-10-10T14:24:00.000+02:00,A0025020950,A25,92.0,2490
2026-10-10T12:31:18Z,2026-10-10T14:24:00.000+02:00,A0023020300,A23,87.0,1620
2026-10-10T12:31:18Z,2026-10-10T14:24:00.000+02:00,A0001011000,A1,85.0,3530
2026-10-10T12:31:18Z,2026-10-10T14:24:00.000+02:00,A0027020500,A27,80.0,420
2026-10-10T12:31:18Z,2026-10-10T14:24:00.000+02:00,N0356011500,N356,69.0,2990
2026-10-10T12:31:18Z,2026-10-10T14:24:00.000+02:00,A0001010150,A1,109.0,3240
2026-10-10T12:31:18Z,2026-10-10T14:24:00.000+02:00,N0356020400,N356,61.0,1700
2026-10-10T12:31:18Z,2026-10-10T14:24:00.000+02:00,A0025010700,A25,72.0,1460
2026-10-10T12:31:18Z,2026-10-10T14:24:00.000+02:00,A0002011230,A2,107.0,2580
2026-10-10T12:31:18Z,2026-10-10T14:24:00.000+02:00,A0025020500,A25,72.0,3170
2026-10-10T12:31:18Z,2026-10-10T14:24:00.000+02:00,A0002021290,A2,103.0,2180
2026-10-10T12:31:18Z,2026-10-10T14:24:00.000+02:00,A0022011600,A22,83.0,1200
2026-10-10T12:41:04Z,2026-10-10T14:30:00.000+02:00,A0001011200,A1,79.0,3950
2026-10-10T12:41:04Z,2026-10-10T14:30:00.000+02:00,A0027010102,A27,92.0,3080
2026-10-10T12:41:04Z,2026-10-10T14:30:00.000+02:00,N0041010100,N41,87.0,860
2026-10-10T12:41:04Z,2026-10-10T14:30:00.000+02:00,A0027010101,A27,92.0,3080
2026-10-10T12:41:04Z,2026-10-10T14:30:00.000+02:00,A9022010250,A22 (rocade),86.0,620
2026-10-10T12:41:04Z,2026-10-10T14:30:00.000+02:00,A0001020150,A1,106.0,3540
2026-10-10T12:41:04Z,2026-10-10T14:30:00.000+02:00,N0356011700,N356,74.0,3180
2026-10-10T12:41:04Z,2026-10-10T14:30:00.000+02:00,N9227110200,N227 (bretelle),64.0,30
2026-10-10T12:41:04Z,2026-10-10T14:30:00.000+02:00,N0356021300,N356,66.0,3320
2026-10-10T12:41:04Z,2026-10-10T14:30:00.000+02:00,A0022011400,A22,77.0,690
2026-10-10T12:41:04Z,2026-10-10T14:30:00.000+02:00,A0027010300,A27,90.0,930
2026-10-10T12:41:04Z,2026-10-10T14:30:00.000+02:00,A9022020250,A22 (rocade),55.0,950
2026-10-10T12:41:04Z,2026-10-10T14:30:00.000+02:00,N0041010300,N41,90.0,2370
2026-10-10T12:41:04Z,2026-10-10T14:30:00.000+02:00,A0022011210,A22,76.0,850
2026-10-10T12:41:04Z,2026-10-10T14:30:00.000+02:00,A0027020100,A27,71.0,1630
2026-10-10T12:41:04Z,2026-10-10T14:30:00.000+02:00,A0001010300,A1,110.0,3640
2026-10-10T12:41:04Z,2026-10-10T14:30:00.000+02:00,A0022011220,A22,76.0,850
2026-10-10T12:41:04Z,2026-10-10T14:30:00.000+02:00,N0227021400,N227,66.0,70
2026-10-10T12:41:04Z,2026-10-10T14:30:00.000+02:00,A9022101110,A22 (rocade),80.0,1100
2026-10-10T12:41:04Z,2026-10-10T14:30:00.000+02:00,A0022022110,A22,80.0,3780
2026-10-10T12:41:04Z,2026-10-10T14:30:00.000+02:00,A0001011420,A1,82.0,3300
2026-10-10T12:41:04Z,2026-10-10T14:30:00.000+02:00,N0356010800,N356,73.0,3360
2026-10-10T12:41:04Z,2026-10-10T14:30:00.000+02:00,A9001210710,A1 (bretelle),67.0,280
2026-10-10T12:41:04Z,2026-10-10T14:30:00.000+02:00,N0356021110,N356,71.0,3670
2026-10-10T12:41:04Z,2026-10-10T14:30:00.000+02:00,A0001010510,A1,110.0,3320
2026-10-10T12:41:04Z,2026-10-10T14:30:00.000+02:00,N0356021122,N356,65.0,3520
2026-10-10T12:41:04Z,2026-10-10T14:30:00.000+02:00,N0356021121,N356,71.0,3670
2026-10-10T12:41:04Z,2026-10-10T14:30:00.000+02:00,A0025010210,A25,71.0,5070
2026-10-10T12:41:04Z,2026-10-10T14:30:00.000+02:00,A0025011300,A25,87.0,1450
2026-10-10T12:41:04Z,2026-10-10T14:30:00.000+02:00,A0001020300,A1,106.0,3410
2026-10-10T12:41:04Z,2026-10-10T14:30:00.000+02:00,A0025021100,A25,88.0,2350
2026-10-10T12:41:04Z,2026-10-10T14:30:00.000+02:00,A0025023520,A25,114.0,1150
2026-10-10T12:41:04Z,2026-10-10T14:30:00.000+02:00,A0022022130,A22,90.0,3750
2026-10-10T12:41:04Z,2026-10-10T14:30:00.000+02:00,A0025010220,A25,71.0,5070
2026-10-10T12:41:04Z,2026-10-10T14:30:00.000+02:00,A0022022120,A22,86.0,3720
2026-10-10T12:41:04Z,2026-10-10T14:30:00.000+02:00,A0001010520,A1,100.0,3710
2026-10-10T12:41:04Z,2026-10-10T14:30:00.000+02:00,A0022011000,A22,78.0,2860
2026-10-10T12:41:04Z,2026-10-10T14:30:00.000+02:00,A0001020510,A1,103.0,3530
2026-10-10T12:41:04Z,2026-10-10T14:30:00.000+02:00,A0001021602,A1,81.0,5780
2026-10-10T12:41:04Z,2026-10-10T14:30:00.000+02:00,A22TC020222,A22 (contournement),82.0,3060
2026-10-10T12:41:04Z,2026-10-10T14:30:00.000+02:00,A0001010940,A1,98.0,4280
2026-10-10T12:41:04Z,2026-10-10T14:30:00.000+02:00,A0025023320,A25,114.0,2020
2026-10-10T12:41:04Z,2026-10-10T14:30:00.000+02:00,A0001020520,A1,98.0,3600
2026-10-10T12:41:04Z,2026-10-10T14:30:00.000+02:00,A0025023100,A25,110.0,1730
2026-10-10T12:41:04Z,2026-10-10T14:30:00.000+02:00,A22TC020230,A22 (contournement),82.0,3060
2026-10-10T12:41:04Z,2026-10-10T14:30:00.000+02:00,A0025021730,A25,83.0,3220
2026-10-10T12:41:04Z,2026-10-10T14:30:00.000+02:00,A0025023910,A25,117.0,1120
2026-10-10T12:41:04Z,2026-10-10T14:30:00.000+02:00,A0025021735,A25,97.0,3250
2026-10-10T12:41:04Z,2026-10-10T14:30:00.000+02:00,A0023010400,A23,108.0,1530
2026-10-10T12:41:04Z,2026-10-10T14:30:00.000+02:00,A0022021900,A22,77.0,2840
2026-10-10T12:41:04Z,2026-10-10T14:30:00.000+02:00,A9022100500,A22 (rocade),77.0,1440
2026-10-10T12:41:04Z,2026-10-10T14:30:00.000+02:00,A0001020940,A1,88.0,4310
2026-10-10T12:41:04Z,2026-10-10T14:30:00.000+02:00,A0001020700,A1,92.0,2980
2026-10-10T12:41:04Z,2026-10-10T14:30:00.000+02:00,A9022020830,A22 (rocade),86.0,320
2026-10-10T12:41:04Z,2026-10-10T14:30:00.000+02:00,A9022020822,A22 (rocade),68.0,720
2026-10-10T12:41:04Z,2026-10-10T14:30:00.000+02:00,A9022020821,A22 (rocade),68.0,720
2026-10-10T12:41:04Z,2026-10-10T14:30:00.000+02:00,A0025020420,A25,71.0,3880
2026-10-10T12:41:04Z,2026-10-10T14:30:00.000+02:00,A0025021510,A25,92.0,1430
2026-10-10T12:41:04Z,2026-10-10T14:30:00.000+02:00,N0227010100,N227,63.0,1680
2026-10-10T12:41:04Z,2026-10-10T14:30:00.000+02:00,A0025011720,A25,99.0,3040
2026-10-10T12:41:04Z,2026-10-10T14:30:00.000+02:00,A0025021760,A25,83.0,3250
2026-10-10T12:41:04Z,2026-10-10T14:30:00.000+02:00,A0025011730,A25,88.0,3010
2026-10-10T12:41:04Z,2026-10-10T14:30:00.000+02:00,A0025011735,A25,101.0,3020
2026-10-10T12:41:04Z,2026-10-10T14:30:00.000+02:00,A9025080700,A25 (bretelle),,780
2026-10-10T12:41:04Z,2026-10-10T14:30:00.000+02:00,A9022100930,A22 (rocade),74.0,290
2026-10-10T12:41:04Z,2026-10-10T14:30:00.000+02:00,N0356011220,N356,72.0,3300
2026-10-10T12:41:04Z,2026-10-10T14:30:00.000+02:00,A0025011740,A25,86.0,3100
2026-10-10T12:41:04Z,2026-10-10T14:30:00.000+02:00,A0025010410,A25,69.0,3750
2026-10-10T12:41:04Z,2026-10-10T14:30:00.000+02:00,A0023010200,A23,108.0,1560
2026-10-10T12:41:04Z,2026-10-10T14:30:00.000+02:00,A9001210120,A1 (bretelle),77.0,920
2026-10-10T12:41:04Z,2026-10-10T14:30:00.000+02:00,A0025020210,A25,72.0,5020
2026-10-10T12:41:04Z,2026-10-10T14:30:00.000+02:00,N0356011210,N356,72.0,3300
2026-10-10T12:41:04Z,2026-10-10T14:30:00.000+02:00,A0025011510,A25,88.0,1660
2026-10-10T12:41:04Z,2026-10-10T14:30:00.000+02:00,A0025020220,A25,72.0,5020
2026-10-10T12:41:04Z,2026-10-10T14:30:00.000+02:00,N0227010302,N227,73.0,2920
2026-10-10T12:41:04Z,2026-10-10T14:30:00.000+02:00,N0041010500,N41,66.0,910
2026-10-10T12:41:04Z,2026-10-10T14:30:00.000+02:00,N0227020101,N227,80.0,1920
2026-10-10T12:41:04Z,2026-10-10T14:30:00.000+02:00,A9022100110,A22 (rocade),65.0,940
2026-10-10T12:41:04Z,2026-10-10T14:30:00.000+02:00,A0022010400,A22,72.0,3460
2026-10-10T12:41:04Z,2026-10-10T14:30:00.000+02:00,N0356010302,N356,76.0,5670
2026-10-10T12:41:04Z,2026-10-10T14:30:00.000+02:00,A0025010800,A25,73.0,2550
2026-10-10T12:41:04Z,2026-10-10T14:30:00.000+02:00,A0027020621,A27,101.0,1310
2026-10-10T12:41:04Z,2026-10-10T14:30:00.000+02:00,N0041010700,N41,95.0,690
2026-10-10T12:41:04Z,2026-10-10T14:30:00.000+02:00,A0027020630,A27,103.0,1430
2026-10-10T12:41:04Z,2026-10-10T14:30:00.000+02:00,A0022021512,A22,79.0,2500
2026-10-10T12:41:04Z,2026-10-10T14:30:00.000+02:00,A0022021511,A22,80.0,2370
2026-10-10T12:41:04Z,2026-10-10T14:30:00.000+02:00,A0027020610,A27,101.0,1310
2026-10-10T12:41:04Z,2026-10-10T14:30:00.000+02:00,A0025021720,A25,96.0,2980
2026-10-10T12:41:04Z,2026-10-10T14:30:00.000+02:00,A0022021520,A22,79.0,2500
2026-10-10T12:41:04Z,2026-10-10T14:30:00.000+02:00,A0025022140,A25,110.0,2770
2026-10-10T12:41:04Z,2026-10-10T14:30:00.000+02:00,A0022011302,A22,74.0,2200
2026-10-10T12:41:04Z,2026-10-10T14:30:00.000+02:00,A0025022160,A25,105.0,2930
2026-10-10T12:41:04Z,2026-10-10T14:30:00.000+02:00,A0027010201,A27,90.0,1660
2026-10-10T12:41:04Z,2026-10-10T14:30:00.000+02:00,A0027010202,A27,83.0,910
2026-10-10T12:41:04Z,2026-10-10T14:30:00.000+02:00,N9227110110,N227 (bretelle),74.0,1720
2026-10-10T12:41:04Z,2026-10-10T14:30:00.000+02:00,A0025012130,A25,101.0,1250
2026-10-10T12:41:04Z,2026-10-10T14:30:00.000+02:00,A0027010210,A27,83.0,910
2026-10-10T12:41:04Z,2026-10-10T14:30:00.000+02:00,A0025011050,A25,91.0,1950
2026-10-10T12:41:04Z,2026-10-10T14:30:00.000+02:00,A0025012140,A25,101.0,950
2026-10-10T12:41:04Z,2026-10-10T14:30:00.000+02:00,A0027010421,A27,99.0,1270
2026-10-10T12:41:04Z,2026-10-10T14:30:00.000+02:00,A0022012420,A22,90.0,3360
2026-10-10T12:41:04Z,2026-10-10T14:30:00.000+02:00,A0027010430,A27,104.0,1360
2026-10-10T12:41:04Z,2026-10-10T14:30:00.000+02:00,A0023020710,A23,108.0,1790
2026-10-10T12:41:04Z,2026-10-10T14:30:00.000+02:00,A0022012430,A22,89.0,3230
2026-10-10T12:41:04Z,2026-10-10T14:30:00.000+02:00,A0025012160,A25,121.0,2660
2026-10-10T12:41:04Z,2026-10-10T14:30:00.000+02:00,A9022021200,A22 (rocade),60.0,400
2026-10-10T12:41:04Z,2026-10-10T14:30:00.000+02:00,A0001021100,A1,89.0,3560
2026-10-10T12:41:04Z,2026-10-10T14:30:00.000+02:00,A9022101000,A22 (rocade),69.0,1040
2026-10-10T12:41:04Z,2026-10-10T14:30:00.000+02:00,A0025013020,A25,111.0,2000
2026-10-10T12:41:04Z,2026-10-10T14:30:00.000+02:00,A0027010410,A27,99.0,1270
2026-10-10T12:41:04Z,2026-10-10T14:30:00.000+02:00,A0022012410,A22,88.0,3460
2026-10-10T12:41:04Z,2026-10-10T14:30:00.000+02:00,A0001A20112,A1,89.0,2270
2026-10-10T12:41:04Z,2026-10-10T14:30:00.000+02:00,A0001A20111,A1,83.0,1260
2026-10-10T12:41:04Z,2026-10-10T14:30:00.000+02:00,A0001021521,A1,82.0,3280
2026-10-10T12:41:04Z,2026-10-10T14:30:00.000+02:00,A0025022540,A25,110.0,2330
2026-10-10T12:41:04Z,2026-10-10T14:30:00.000+02:00,A0025022300,A25,109.0,1760
2026-10-10T12:41:04Z,2026-10-10T14:30:00.000+02:00,N0356021000,N356,70.0,3330
2026-10-10T12:41:04Z,2026-10-10T14:30:00.000+02:00,A22TC010102,A22 (contournement),85.0,1750
2026-10-10T12:41:04Z,2026-10-10T14:30:00.000+02:00,A0001011503,A1,85.0,6240
2026-10-10T12:41:04Z,2026-10-10T14:30:00.000+02:00,A0022012200,A22,77.0,3130
2026-10-10T12:41:04Z,2026-10-10T14:30:00.000+02:00,A0001A20120,A1,86.0,2410
2026-10-10T12:41:04Z,2026-10-10T14:30:00.000+02:00,A22TC020102,A22 (contournement),83.0,2360
2026-10-10T12:41:04Z,2026-10-10T14:30:00.000+02:00,A22TC010300,A22 (contournement),80.0,2080
2026-10-10T12:41:04Z,2026-10-10T14:30:00.000+02:00,A0022012010,A22,79.0,2220
2026-10-10T12:41:04Z,2026-10-10T14:30:00.000+02:00,A0022012020,A22,79.0,2220
2026-10-10T12:41:04Z,2026-10-10T14:30:00.000+02:00,A0025022130,A25,121.0,2850
2026-10-10T12:41:04Z,2026-10-10T14:30:00.000+02:00,A0023010520,A23,116.0,1440
2026-10-10T12:41:04Z,2026-10-10T14:30:00.000+02:00,N0041020800,N41,97.0,1750
2026-10-10T12:41:04Z,2026-10-10T14:30:00.000+02:00,A0025010500,A25,70.0,2630
2026-10-10T12:41:04Z,2026-10-10T14:30:00.000+02:00,A0022020901,A22,74.0,2980
2026-10-10T12:41:04Z,2026-10-10T14:30:00.000+02:00,A0022020902,A22,74.0,2350
2026-10-10T12:41:04Z,2026-10-10T14:30:00.000+02:00,A0022021810,A22,80.0,2370
2026-10-10T12:41:04Z,2026-10-10T14:30:00.000+02:00,N0356011100,N356,73.0,3130
2026-10-10T12:41:04Z,2026-10-10T14:30:00.000+02:00,A0022021820,A22,80.0,2370
2026-10-10T12:41:04Z,2026-10-10T14:30:00.000+02:00,N0356020802,N356,67.0,3750
2026-10-10T12:41:04Z,2026-10-10T14:30:00.000+02:00,A9022020900,A22 (rocade),74.0,790
2026-10-10T12:41:04Z,2026-10-10T14:30:00.000+02:00,A0025020102,A25,63.0,90
2026-10-10T12:41:04Z,2026-10-10T14:30:00.000+02:00,A0023010100,A23,103.0,170
2026-10-10T12:41:04Z,2026-10-10T14:30:00.000+02:00,A0025022530,A25,114.0,2160
2026-10-10T12:41:04Z,2026-10-10T14:30:00.000+02:00,A9001210200,A1 (bretelle),65.0,1250
2026-10-10T12:41:04Z,2026-10-10T14:30:00.000+02:00,A0022010700,A22,75.0,2480
2026-10-10T12:41:04Z,2026-10-10T14:30:00.000+02:00,N0041020400,N41,91.0,2130
2026-10-10T12:41:04Z,2026-10-10T14:30:00.000+02:00,A0023020720,A23,117.0,1770
2026-10-10T12:41:04Z,2026-10-10T14:30:00.000+02:00,A0022020500,A22,74.0,1570
2026-10-10T12:41:04Z,2026-10-10T14:30:00.000+02:00,N93563b0150,N356 (bretelle),66.0,110
2026-10-10T12:41:04Z,2026-10-10T14:30:00.000+02:00,A0025020950,A25,81.0,3090
2026-10-10T12:41:04Z,2026-10-10T14:30:00.000+02:00,A0023020300,A23,92.0,1510
2026-10-10T12:41:04Z,2026-10-10T14:30:00.000+02:00,A0001011000,A1,85.0,3460
2026-10-10T12:41:04Z,2026-10-10T14:30:00.000+02:00,A0027020500,A27,94.0,790
2026-10-10T12:41:04Z,2026-10-10T14:30:00.000+02:00,N0356011500,N356,71.0,3430
2026-10-10T12:41:04Z,2026-10-10T14:30:00.000+02:00,A0001010150,A1,105.0,3730
2026-10-10T12:41:04Z,2026-10-10T14:30:00.000+02:00,N0356020400,N356,54.0,1900
2026-10-10T12:41:04Z,2026-10-10T14:30:00.000+02:00,A0025010700,A25,70.0,1600
2026-10-10T12:41:04Z,2026-10-10T14:30:00.000+02:00,A0002011230,A2,107.0,2430
2026-10-10T12:41:04Z,2026-10-10T14:30:00.000+02:00,A0025020500,A25,70.0,2840
2026-10-10T12:41:04Z,2026-10-10T14:30:00.000+02:00,A0002021290,A2,106.0,2650
2026-10-10T12:41:04Z,2026-10-10T14:30:00.000+02:00,A0022011600,A22,84.0,1170
2026-10-10T12:51:02Z,2026-10-10T14:42:00.000+02:00,A0001011200,A1,78.0,3990
2026-10-10T12:51:02Z,2026-10-10T14:42:00.000+02:00,A0027010102,A27,93.0,3110
2026-10-10T12:51:02Z,2026-10-10T14:42:00.000+02:00,N0041010100,N41,87.0,980
2026-10-10T12:51:02Z,2026-10-10T14:42:00.000+02:00,A0027010101,A27,93.0,3110
2026-10-10T12:51:02Z,2026-10-10T14:42:00.000+02:00,A9022010250,A22 (rocade),84.0,570
2026-10-10T12:51:02Z,2026-10-10T14:42:00.000+02:00,A0001020150,A1,106.0,3230
2026-10-10T12:51:02Z,2026-10-10T14:42:00.000+02:00,N0356011700,N356,73.0,3070
2026-10-10T12:51:02Z,2026-10-10T14:42:00.000+02:00,N9227110200,N227 (bretelle),71.0,60
2026-10-10T12:51:02Z,2026-10-10T14:42:00.000+02:00,N0356021300,N356,65.0,3590
2026-10-10T12:51:02Z,2026-10-10T14:42:00.000+02:00,A0022011400,A22,79.0,640
2026-10-10T12:51:02Z,2026-10-10T14:42:00.000+02:00,A0027010300,A27,94.0,830
2026-10-10T12:51:02Z,2026-10-10T14:42:00.000+02:00,A9022020250,A22 (rocade),40.0,550
2026-10-10T12:51:02Z,2026-10-10T14:42:00.000+02:00,N0041010300,N41,88.0,2330
2026-10-10T12:51:02Z,2026-10-10T14:42:00.000+02:00,A0022011210,A22,77.0,990
2026-10-10T12:51:02Z,2026-10-10T14:42:00.000+02:00,A0027020100,A27,72.0,1740
2026-10-10T12:51:02Z,2026-10-10T14:42:00.000+02:00,A0001010300,A1,104.0,3830
2026-10-10T12:51:02Z,2026-10-10T14:42:00.000+02:00,A0022011220,A22,77.0,990
2026-10-10T12:51:02Z,2026-10-10T14:42:00.000+02:00,N0227021400,N227,88.0,120
2026-10-10T12:51:02Z,2026-10-10T14:42:00.000+02:00,A9022101110,A22 (rocade),78.0,1120
2026-10-10T12:51:02Z,2026-10-10T14:42:00.000+02:00,A0022022110,A22,84.0,3770
2026-10-10T12:51:02Z,2026-10-10T14:42:00.000+02:00,A0001011420,A1,84.0,3170
2026-10-10T12:51:02Z,2026-10-10T14:42:00.000+02:00,N0356010800,N356,73.0,3010
2026-10-10T12:51:02Z,2026-10-10T14:42:00.000+02:00,A9001210710,A1 (bretelle),60.0,110
2026-10-10T12:51:02Z,2026-10-10T14:42:00.000+02:00,N0356021110,N356,70.0,3960
2026-10-10T12:51:02Z,2026-10-10T14:42:00.000+02:00,A0001010510,A1,104.0,3550
2026-10-10T12:51:02Z,2026-10-10T14:42:00.000+02:00,N0356021122,N356,64.0,3960
2026-10-10T12:51:02Z,2026-10-10T14:42:00.000+02:00,N0356021121,N356,70.0,3960
2026-10-10T12:51:02Z,2026-10-10T14:42:00.000+02:00,A0025010210,A25,71.0,4560
2026-10-10T12:51:02Z,2026-10-10T14:42:00.000+02:00,A0025011300,A25,89.0,1200
2026-10-10T12:51:02Z,2026-10-10T14:42:00.000+02:00,A0001020300,A1,104.0,3040
2026-10-10T12:51:02Z,2026-10-10T14:42:00.000+02:00,A0025021100,A25,85.0,3020
2026-10-10T12:51:02Z,2026-10-10T14:42:00.000+02:00,A0025023520,A25,114.0,1410
2026-10-10T12:51:02Z,2026-10-10T14:42:00.000+02:00,A0022022130,A22,96.0,3370
2026-10-10T12:51:02Z,2026-10-10T14:42:00.000+02:00,A0025010220,A25,71.0,4560
2026-10-10T12:51:02Z,2026-10-10T14:42:00.000+02:00,A0022022120,A22,89.0,3710
2026-10-10T12:51:02Z,2026-10-10T14:42:00.000+02:00,A0001010520,A1,101.0,4050
2026-10-10T12:51:02Z,2026-10-10T14:42:00.000+02:00,A0022011000,A22,73.0,3030
2026-10-10T12:51:02Z,2026-10-10T14:42:00.000+02:00,A0001020510,A1,103.0,3170
2026-10-10T12:51:02Z,2026-10-10T14:42:00.000+02:00,A0001021602,A1,82.0,5810
2026-10-10T12:51:02Z,2026-10-10T14:42:00.000+02:00,A22TC020222,A22 (contournement),84.0,3620
2026-10-10T12:51:02Z,2026-10-10T14:42:00.000+02:00,A0001010940,A1,78.0,4350
2026-10-10T12:51:02Z,2026-10-10T14:42:00.000+02:00,A0025023320,A25,113.0,2210
2026-10-10T12:51:02Z,2026-10-10T14:42:00.000+02:00,A0001020520,A1,98.0,3310
2026-10-10T12:51:02Z,2026-10-10T14:42:00.000+02:00,A0025023100,A25,111.0,1750
2026-10-10T12:51:02Z,2026-10-10T14:42:00.000+02:00,A22TC020230,A22 (contournement),84.0,3620
2026-10-10T12:51:02Z,2026-10-10T14:42:00.000+02:00,A0025021730,A25,81.0,3330
2026-10-10T12:51:02Z,2026-10-10T14:42:00.000+02:00,A0025023910,A25,121.0,1230
2026-10-10T12:51:02Z,2026-10-10T14:42:00.000+02:00,A0025021735,A25,98.0,3150
2026-10-10T12:51:02Z,2026-10-10T14:42:00.000+02:00,A0023010400,A23,108.0,1540
2026-10-10T12:51:02Z,2026-10-10T14:42:00.000+02:00,A0022021900,A22,76.0,3100
2026-10-10T12:51:02Z,2026-10-10T14:42:00.000+02:00,A9022100500,A22 (rocade),79.0,1930
2026-10-10T12:51:02Z,2026-10-10T14:42:00.000+02:00,A0001020940,A1,90.0,3560
2026-10-10T12:51:02Z,2026-10-10T14:42:00.000+02:00,A0001020700,A1,93.0,2720
2026-10-10T12:51:02Z,2026-10-10T14:42:00.000+02:00,A9022020830,A22 (rocade),83.0,420
2026-10-10T12:51:02Z,2026-10-10T14:42:00.000+02:00,A9022020822,A22 (rocade),72.0,700
2026-10-10T12:51:02Z,2026-10-10T14:42:00.000+02:00,A9022020821,A22 (rocade),72.0,700
2026-10-10T12:51:02Z,2026-10-10T14:42:00.000+02:00,A0025020420,A25,70.0,4520
2026-10-10T12:51:02Z,2026-10-10T14:42:00.000+02:00,A0025021510,A25,90.0,1910
2026-10-10T12:51:02Z,2026-10-10T14:42:00.000+02:00,N0227010100,N227,62.0,1880
2026-10-10T12:51:02Z,2026-10-10T14:42:00.000+02:00,A0025011720,A25,99.0,2460
2026-10-10T12:51:02Z,2026-10-10T14:42:00.000+02:00,A0025021760,A25,85.0,3140
2026-10-10T12:51:02Z,2026-10-10T14:42:00.000+02:00,A0025011730,A25,88.0,2570
2026-10-10T12:51:02Z,2026-10-10T14:42:00.000+02:00,A0025011735,A25,101.0,2570
2026-10-10T12:51:02Z,2026-10-10T14:42:00.000+02:00,A9025080700,A25 (bretelle),,730
2026-10-10T12:51:02Z,2026-10-10T14:42:00.000+02:00,A9022100930,A22 (rocade),75.0,180
2026-10-10T12:51:02Z,2026-10-10T14:42:00.000+02:00,N0356011220,N356,71.0,3240
2026-10-10T12:51:02Z,2026-10-10T14:42:00.000+02:00,A0025011740,A25,87.0,2590
2026-10-10T12:51:02Z,2026-10-10T14:42:00.000+02:00,A0025010410,A25,69.0,3770
2026-10-10T12:51:02Z,2026-10-10T14:42:00.000+02:00,A0023010200,A23,86.0,1560
2026-10-10T12:51:02Z,2026-10-10T14:42:00.000+02:00,A9001210120,A1 (bretelle),74.0,930
2026-10-10T12:51:02Z,2026-10-10T14:42:00.000+02:00,A0025020210,A25,70.0,5330
2026-10-10T12:51:02Z,2026-10-10T14:42:00.000+02:00,N0356011210,N356,71.0,3240
2026-10-10T12:51:02Z,2026-10-10T14:42:00.000+02:00,A0025011510,A25,88.0,1500
2026-10-10T12:51:02Z,2026-10-10T14:42:00.000+02:00,A0025020220,A25,70.0,5330
2026-10-10T12:51:02Z,2026-10-10T14:42:00.000+02:00,N0227010302,N227,71.0,3220
2026-10-10T12:51:02Z,2026-10-10T14:42:00.000+02:00,N0041010500,N41,90.0,1590
2026-10-10T12:51:02Z,2026-10-10T14:42:00.000+02:00,N0227020101,N227,79.0,2020
2026-10-10T12:51:02Z,2026-10-10T14:42:00.000+02:00,A9022100110,A22 (rocade),66.0,1010
2026-10-10T12:51:02Z,2026-10-10T14:42:00.000+02:00,A0022010400,A22,73.0,2980
2026-10-10T12:51:02Z,2026-10-10T14:42:00.000+02:00,N0356010302,N356,74.0,5610
2026-10-10T12:51:02Z,2026-10-10T14:42:00.000+02:00,A0025010800,A25,87.0,2240
2026-10-10T12:51:02Z,2026-10-10T14:42:00.000+02:00,A0027020621,A27,101.0,1270
2026-10-10T12:51:02Z,2026-10-10T14:42:00.000+02:00,N0041010700,N41,102.0,700
2026-10-10T12:51:02Z,2026-10-10T14:42:00.000+02:00,A0027020630,A27,103.0,1250
2026-10-10T12:51:02Z,2026-10-10T14:42:00.000+02:00,A0022021512,A22,77.0,2800
2026-10-10T12:51:02Z,2026-10-10T14:42:00.000+02:00,A0022021511,A22,77.0,2880
2026-10-10T12:51:02Z,2026-10-10T14:42:00.000+02:00,A0027020610,A27,101.0,1270
2026-10-10T12:51:02Z,2026-10-10T14:42:00.000+02:00,A0025021720,A25,91.0,3450
2026-10-10T12:51:02Z,2026-10-10T14:42:00.000+02:00,A0022021520,A22,77.0,2800
2026-10-10T12:51:02Z,2026-10-10T14:42:00.000+02:00,A0025022140,A25,110.0,2660
2026-10-10T12:51:02Z,2026-10-10T14:42:00.000+02:00,A0022011302,A22,72.0,2290
2026-10-10T12:51:02Z,2026-10-10T14:42:00.000+02:00,A0025022160,A25,108.0,2700
2026-10-10T12:51:02Z,2026-10-10T14:42:00.000+02:00,A0027010201,A27,93.0,1500
2026-10-10T12:51:02Z,2026-10-10T14:42:00.000+02:00,A0027010202,A27,70.0,1080
2026-10-10T12:51:02Z,2026-10-10T14:42:00.000+02:00,N9227110110,N227 (bretelle),75.0,1420
2026-10-10T12:51:02Z,2026-10-10T14:42:00.000+02:00,A0025012130,A25,105.0,1150
2026-10-10T12:51:02Z,2026-10-10T14:42:00.000+02:00,A0027010210,A27,70.0,1080
2026-10-10T12:51:02Z,2026-10-10T14:42:00.000+02:00,A0025011050,A25,90.0,1680
2026-10-10T12:51:02Z,2026-10-10T14:42:00.000+02:00,A0025012140,A25,105.0,1000
2026-10-10T12:51:02Z,2026-10-10T14:42:00.000+02:00,A0027010421,A27,96.0,1350
2026-10-10T12:51:02Z,2026-10-10T14:42:00.000+02:00,A0022012420,A22,93.0,3130
2026-10-10T12:51:02Z,2026-10-10T14:42:00.000+02:00,A0027010430,A27,101.0,1390
2026-10-10T12:51:02Z,2026-10-10T14:42:00.000+02:00,A0023020710,A23,107.0,1910
2026-10-10T12:51:02Z,2026-10-10T14:42:00.000+02:00,A0022012430,A22,90.0,3120
2026-10-10T12:51:02Z,2026-10-10T14:42:00.000+02:00,A0025012160,A25,115.0,2290
2026-10-10T12:51:02Z,2026-10-10T14:42:00.000+02:00,A9022021200,A22 (rocade),61.0,460
2026-10-10T12:51:02Z,2026-10-10T14:42:00.000+02:00,A0001021100,A1,91.0,3110
2026-10-10T12:51:02Z,2026-10-10T14:42:00.000+02:00,A9022101000,A22 (rocade),76.0,1020
2026-10-10T12:51:02Z,2026-10-10T14:42:00.000+02:00,A0025013020,A25,115.0,1980
2026-10-10T12:51:02Z,2026-10-10T14:42:00.000+02:00,A0027010410,A27,96.0,1350
2026-10-10T12:51:02Z,2026-10-10T14:42:00.000+02:00,A0022012410,A22,90.0,3220
2026-10-10T12:51:02Z,2026-10-10T14:42:00.000+02:00,A0001A20112,A1,90.0,2130
2026-10-10T12:51:02Z,2026-10-10T14:42:00.000+02:00,A0001A20111,A1,89.0,1420
2026-10-10T12:51:02Z,2026-10-10T14:42:00.000+02:00,A0001021521,A1,84.0,3260
2026-10-10T12:51:02Z,2026-10-10T14:42:00.000+02:00,A0025022540,A25,109.0,2340
2026-10-10T12:51:02Z,2026-10-10T14:42:00.000+02:00,A0025022300,A25,113.0,1350
2026-10-10T12:51:02Z,2026-10-10T14:42:00.000+02:00,N0356021000,N356,70.0,3670
2026-10-10T12:51:02Z,2026-10-10T14:42:00.000+02:00,A22TC010102,A22 (contournement),86.0,1940
2026-10-10T12:51:02Z,2026-10-10T14:42:00.000+02:00,A0001011503,A1,77.0,5220
2026-10-10T12:51:02Z,2026-10-10T14:42:00.000+02:00,A0022012200,A22,79.0,2810
2026-10-10T12:51:02Z,2026-10-10T14:42:00.000+02:00,A0001A20120,A1,86.0,2480
2026-10-10T12:51:02Z,2026-10-10T14:42:00.000+02:00,A22TC020102,A22 (contournement),85.0,2280
2026-10-10T12:51:02Z,2026-10-10T14:42:00.000+02:00,A22TC010300,A22 (contournement),81.0,2130
2026-10-10T12:51:02Z,2026-10-10T14:42:00.000+02:00,A0022012010,A22,78.0,2040
2026-10-10T12:51:02Z,2026-10-10T14:42:00.000+02:00,A0022012020,A22,78.0,2040
2026-10-10T12:51:02Z,2026-10-10T14:42:00.000+02:00,A0025022130,A25,127.0,2500
2026-10-10T12:51:02Z,2026-10-10T14:42:00.000+02:00,A0023010520,A23,116.0,1550
2026-10-10T12:51:02Z,2026-10-10T14:42:00.000+02:00,N0041020800,N41,96.0,1660
2026-10-10T12:51:02Z,2026-10-10T14:42:00.000+02:00,A0025010500,A25,70.0,2550
2026-10-10T12:51:02Z,2026-10-10T14:42:00.000+02:00,A0022020901,A22,79.0,3370
2026-10-10T12:51:02Z,2026-10-10T14:42:00.000+02:00,A0022020902,A22,79.0,2630
2026-10-10T12:51:02Z,2026-10-10T14:42:00.000+02:00,A0022021810,A22,77.0,2810
2026-10-10T12:51:02Z,2026-10-10T14:42:00.000+02:00,N0356011100,N356,71.0,2960
2026-10-10T12:51:02Z,2026-10-10T14:42:00.000+02:00,A0022021820,A22,77.0,2810
2026-10-10T12:51:02Z,2026-10-10T14:42:00.000+02:00,N0356020802,N356,69.0,3810
2026-10-10T12:51:02Z,2026-10-10T14:42:00.000+02:00,A9022020900,A22 (rocade),79.0,900
2026-10-10T12:51:02Z,2026-10-10T14:42:00.000+02:00,A0025020102,A25,68.0,140
2026-10-10T12:51:02Z,2026-10-10T14:42:00.000+02:00,A0023010100,A23,106.0,140
2026-10-10T12:51:02Z,2026-10-10T14:42:00.000+02:00,A0025022530,A25,113.0,2360
2026-10-10T12:51:02Z,2026-10-10T14:42:00.000+02:00,A9001210200,A1 (bretelle),64.0,1310
2026-10-10T12:51:02Z,2026-10-10T14:42:00.000+02:00,A0022010700,A22,78.0,2510
2026-10-10T12:51:02Z,2026-10-10T14:42:00.000+02:00,N0041020400,N41,91.0,2100
2026-10-10T12:51:02Z,2026-10-10T14:42:00.000+02:00,A0023020720,A23,115.0,1860
2026-10-10T12:51:02Z,2026-10-10T14:42:00.000+02:00,A0022020500,A22,79.0,1620
2026-10-10T12:51:02Z,2026-10-10T14:42:00.000+02:00,N93563b0150,N356 (bretelle),72.0,90
2026-10-10T12:51:02Z,2026-10-10T14:42:00.000+02:00,A0025020950,A25,91.0,3620
2026-10-10T12:51:02Z,2026-10-10T14:42:00.000+02:00,A0023020300,A23,94.0,1700
2026-10-10T12:51:02Z,2026-10-10T14:42:00.000+02:00,A0001011000,A1,84.0,3580
2026-10-10T12:51:02Z,2026-10-10T14:42:00.000+02:00,A0027020500,A27,92.0,740
2026-10-10T12:51:02Z,2026-10-10T14:42:00.000+02:00,N0356011500,N356,71.0,3440
2026-10-10T12:51:02Z,2026-10-10T14:42:00.000+02:00,A0001010150,A1,108.0,3900
2026-10-10T12:51:02Z,2026-10-10T14:42:00.000+02:00,N0356020400,N356,58.0,1840
2026-10-10T12:51:02Z,2026-10-10T14:42:00.000+02:00,A0025010700,A25,73.0,1650
2026-10-10T12:51:02Z,2026-10-10T14:42:00.000+02:00,A0002011230,A2,107.0,2590
2026-10-10T12:51:02Z,2026-10-10T14:42:00.000+02:00,A0025020500,A25,70.0,3350
2026-10-10T12:51:02Z,2026-10-10T14:42:00.000+02:00,A0002021290,A2,109.0,2420
2026-10-10T12:51:02Z,2026-10-10T14:42:00.000+02:00,A0022011600,A22,19.0,1370
2026-10-10T13:01:11Z,2026-10-10T14:54:00.000+02:00,A0001011200,A1,78.0,4340
2026-10-10T13:01:11Z,2026-10-10T14:54:00.000+02:00,A0027010102,A27,95.0,3210
2026-10-10T13:01:11Z,2026-10-10T14:54:00.000+02:00,N0041010100,N41,85.0,1050
2026-10-10T13:01:11Z,2026-10-10T14:54:00.000+02:00,A0027010101,A27,95.0,3210
2026-10-10T13:01:11Z,2026-10-10T14:54:00.000+02:00,A9022010250,A22 (rocade),85.0,580
2026-10-10T13:01:11Z,2026-10-10T14:54:00.000+02:00,A0001020150,A1,103.0,3190
2026-10-10T13:01:11Z,2026-10-10T14:54:00.000+02:00,N0356011700,N356,71.0,3610
2026-10-10T13:01:11Z,2026-10-10T14:54:00.000+02:00,N9227110200,N227 (bretelle),70.0,50
2026-10-10T13:01:11Z,2026-10-10T14:54:00.000+02:00,N0356021300,N356,66.0,3560
2026-10-10T13:01:11Z,2026-10-10T14:54:00.000+02:00,A0022011400,A22,75.0,710
2026-10-10T13:01:11Z,2026-10-10T14:54:00.000+02:00,A0027010300,A27,94.0,1090
2026-10-10T13:01:11Z,2026-10-10T14:54:00.000+02:00,A9022020250,A22 (rocade),73.0,800
2026-10-10T13:01:11Z,2026-10-10T14:54:00.000+02:00,N0041010300,N41,85.0,2370
2026-10-10T13:01:11Z,2026-10-10T14:54:00.000+02:00,A0022011210,A22,76.0,930
2026-10-10T13:01:11Z,2026-10-10T14:54:00.000+02:00,A0027020100,A27,74.0,1560
2026-10-10T13:01:11Z,2026-10-10T14:54:00.000+02:00,A0001010300,A1,106.0,3660
2026-10-10T13:01:11Z,2026-10-10T14:54:00.000+02:00,A0022011220,A22,76.0,930
2026-10-10T13:01:11Z,2026-10-10T14:54:00.000+02:00,N0227021400,N227,55.0,110
2026-10-10T13:01:11Z,2026-10-10T14:54:00.000+02:00,A9022101110,A22 (rocade),77.0,1230
2026-10-10T13:01:11Z,2026-10-10T14:54:00.000+02:00,A0022022110,A22,62.0,3570
2026-10-10T13:01:11Z,2026-10-10T14:54:00.000+02:00,A0001011420,A1,81.0,3660
2026-10-10T13:01:11Z,2026-10-10T14:54:00.000+02:00,N0356010800,N356,72.0,3580
2026-10-10T13:01:11Z,2026-10-10T14:54:00.000+02:00,A9001210710,A1 (bretelle),65.0,130
2026-10-10T13:01:11Z,2026-10-10T14:54:00.000+02:00,N0356021110,N356,70.0,3750
2026-10-10T13:01:11Z,2026-10-10T14:54:00.000+02:00,A0001010510,A1,106.0,3280
2026-10-10T13:01:11Z,2026-10-10T14:54:00.000+02:00,N0356021122,N356,64.0,3800
2026-10-10T13:01:11Z,2026-10-10T14:54:00.000+02:00,N0356021121,N356,70.0,3750
2026-10-10T13:01:11Z,2026-10-10T14:54:00.000+02:00,A0025010210,A25,64.0,4730
2026-10-10T13:01:11Z,2026-10-10T14:54:00.000+02:00,A0025011300,A25,88.0,1110
2026-10-10T13:01:11Z,2026-10-10T14:54:00.000+02:00,A0001020300,A1,104.0,3270
2026-10-10T13:01:11Z,2026-10-10T14:54:00.000+02:00,A0025021100,A25,84.0,2540
2026-10-10T13:01:11Z,2026-10-10T14:54:00.000+02:00,A0025023520,A25,116.0,1510
2026-10-10T13:01:11Z,2026-10-10T14:54:00.000+02:00,A0025010220,A25,64.0,4730
2026-10-10T13:01:11Z,2026-10-10T14:54:00.000+02:00,A0022022120,A22,46.0,3510
2026-10-10T13:01:11Z,2026-10-10T14:54:00.000+02:00,A0001010520,A1,101.0,3840
2026-10-10T13:01:11Z,2026-10-10T14:54:00.000+02:00,A0022011000,A22,74.0,3300
2026-10-10T13:01:11Z,2026-10-10T14:54:00.000+02:00,A0001020510,A1,100.0,3460
2026-10-10T13:01:11Z,2026-10-10T14:54:00.000+02:00,A0001021602,A1,83.0,5990
2026-10-10T13:01:11Z,2026-10-10T14:54:00.000+02:00,A22TC020222,A22 (contournement),87.0,3670
2026-10-10T13:01:11Z,2026-10-10T14:54:00.000+02:00,A0001010940,A1,95.0,4440
2026-10-10T13:01:11Z,2026-10-10T14:54:00.000+02:00,A0025023320,A25,116.0,2240
2026-10-10T13:01:11Z,2026-10-10T14:54:00.000+02:00,A0001020520,A1,97.0,3530
2026-10-10T13:01:11Z,2026-10-10T14:54:00.000+02:00,A0025023100,A25,114.0,1890
2026-10-10T13:01:11Z,2026-10-10T14:54:00.000+02:00,A22TC020230,A22 (contournement),87.0,3670
2026-10-10T13:01:11Z,2026-10-10T14:54:00.000+02:00,A0025021730,A25,86.0,3490
2026-10-10T13:01:11Z,2026-10-10T14:54:00.000+02:00,A0025023910,A25,119.0,1400
2026-10-10T13:01:11Z,2026-10-10T14:54:00.000+02:00,A0025021735,A25,99.0,3570
2026-10-10T13:01:11Z,2026-10-10T14:54:00.000+02:00,A0023010400,A23,109.0,1670
2026-10-10T13:01:11Z,2026-10-10T14:54:00.000+02:00,A0022021900,A22,76.0,2700
2026-10-10T13:01:11Z,2026-10-10T14:54:00.000+02:00,A9022100500,A22 (rocade),71.0,2050
2026-10-10T13:01:11Z,2026-10-10T14:54:00.000+02:00,A0001020940,A1,86.0,4450
2026-10-10T13:01:11Z,2026-10-10T14:54:00.000+02:00,A0001020700,A1,91.0,3100
2026-10-10T13:01:11Z,2026-10-10T14:54:00.000+02:00,A9022020830,A22 (rocade),87.0,420
2026-10-10T13:01:11Z,2026-10-10T14:54:00.000+02:00,A9022020822,A22 (rocade),90.0,850
2026-10-10T13:01:11Z,2026-10-10T14:54:00.000+02:00,A9022020821,A22 (rocade),90.0,850
2026-10-10T13:01:11Z,2026-10-10T14:54:00.000+02:00,A0025020420,A25,68.0,4460
2026-10-10T13:01:11Z,2026-10-10T14:54:00.000+02:00,A0025021510,A25,91.0,1640
2026-10-10T13:01:11Z,2026-10-10T14:54:00.000+02:00,N0227010100,N227,65.0,2130
2026-10-10T13:01:11Z,2026-10-10T14:54:00.000+02:00,A0025011720,A25,98.0,2440
2026-10-10T13:01:11Z,2026-10-10T14:54:00.000+02:00,A0025021760,A25,84.0,3480
2026-10-10T13:01:11Z,2026-10-10T14:54:00.000+02:00,A0025011730,A25,88.0,2460
2026-10-10T13:01:11Z,2026-10-10T14:54:00.000+02:00,A0025011735,A25,100.0,2700
2026-10-10T13:01:11Z,2026-10-10T14:54:00.000+02:00,A9025080700,A25 (bretelle),,650
2026-10-10T13:01:11Z,2026-10-10T14:54:00.000+02:00,A9022100930,A22 (rocade),74.0,190
2026-10-10T13:01:11Z,2026-10-10T14:54:00.000+02:00,N0356011220,N356,70.0,3600
2026-10-10T13:01:11Z,2026-10-10T14:54:00.000+02:00,A0025011740,A25,86.0,2740
2026-10-10T13:01:11Z,2026-10-10T14:54:00.000+02:00,A0025010410,A25,70.0,3800
2026-10-10T13:01:11Z,2026-10-10T14:54:00.000+02:00,A0023010200,A23,91.0,1630
2026-10-10T13:01:11Z,2026-10-10T14:54:00.000+02:00,A9001210120,A1 (bretelle),75.0,1030
2026-10-10T13:01:11Z,2026-10-10T14:54:00.000+02:00,A0025020210,A25,71.0,5370
2026-10-10T13:01:11Z,2026-10-10T14:54:00.000+02:00,N0356011210,N356,70.0,3600
2026-10-10T13:01:11Z,2026-10-10T14:54:00.000+02:00,A0025011510,A25,90.0,1260
2026-10-10T13:01:11Z,2026-10-10T14:54:00.000+02:00,A0025020220,A25,71.0,5370
2026-10-10T13:01:11Z,2026-10-10T14:54:00.000+02:00,N0227010302,N227,71.0,3740
2026-10-10T13:01:11Z,2026-10-10T14:54:00.000+02:00,N0041010500,N41,94.0,1730
2026-10-10T13:01:11Z,2026-10-10T14:54:00.000+02:00,N0227020101,N227,81.0,2270
2026-10-10T13:01:11Z,2026-10-10T14:54:00.000+02:00,A9022100110,A22 (rocade),64.0,1110
2026-10-10T13:01:11Z,2026-10-10T14:54:00.000+02:00,A0022010400,A22,74.0,3450
2026-10-10T13:01:11Z,2026-10-10T14:54:00.000+02:00,N0356010302,N356,72.0,6630
2026-10-10T13:01:11Z,2026-10-10T14:54:00.000+02:00,A0025010800,A25,87.0,2200
2026-10-10T13:01:11Z,2026-10-10T14:54:00.000+02:00,A0027020621,A27,101.0,1220
2026-10-10T13:01:11Z,2026-10-10T14:54:00.000+02:00,N0041010700,N41,95.0,640
2026-10-10T13:01:11Z,2026-10-10T14:54:00.000+02:00,A0027020630,A27,103.0,1280
2026-10-10T13:01:11Z,2026-10-10T14:54:00.000+02:00,A0022021512,A22,77.0,2380
2026-10-10T13:01:11Z,2026-10-10T14:54:00.000+02:00,A0022021511,A22,74.0,2460
2026-10-10T13:01:11Z,2026-10-10T14:54:00.000+02:00,A0027020610,A27,101.0,1220
2026-10-10T13:01:11Z,2026-10-10T14:54:00.000+02:00,A0025021720,A25,96.0,3490
2026-10-10T13:01:11Z,2026-10-10T14:54:00.000+02:00,A0022021520,A22,77.0,2380
2026-10-10T13:01:11Z,2026-10-10T14:54:00.000+02:00,A0025022140,A25,108.0,3100
2026-10-10T13:01:11Z,2026-10-10T14:54:00.000+02:00,A0022011302,A22,72.0,2470
2026-10-10T13:01:11Z,2026-10-10T14:54:00.000+02:00,A0025022160,A25,107.0,3110
2026-10-10T13:01:11Z,2026-10-10T14:54:00.000+02:00,A0027010201,A27,93.0,1760
2026-10-10T13:01:11Z,2026-10-10T14:54:00.000+02:00,A0027010202,A27,76.0,1120
2026-10-10T13:01:11Z,2026-10-10T14:54:00.000+02:00,N9227110110,N227 (bretelle),74.0,1790
2026-10-10T13:01:11Z,2026-10-10T14:54:00.000+02:00,A0025012130,A25,101.0,1280
2026-10-10T13:01:11Z,2026-10-10T14:54:00.000+02:00,A0027010210,A27,76.0,1120
2026-10-10T13:01:11Z,2026-10-10T14:54:00.000+02:00,A0025011050,A25,89.0,1730
2026-10-10T13:01:11Z,2026-10-10T14:54:00.000+02:00,A0025012140,A25,101.0,640
2026-10-10T13:01:11Z,2026-10-10T14:54:00.000+02:00,A0027010421,A27,101.0,1500
2026-10-10T13:01:11Z,2026-10-10T14:54:00.000+02:00,A0022012420,A22,88.0,3270
2026-10-10T13:01:11Z,2026-10-10T14:54:00.000+02:00,A0027010430,A27,105.0,1590
2026-10-10T13:01:11Z,2026-10-10T14:54:00.000+02:00,A0023020710,A23,108.0,2030
2026-10-10T13:01:11Z,2026-10-10T14:54:00.000+02:00,A0025012160,A25,117.0,2160
2026-10-10T13:01:11Z,2026-10-10T14:54:00.000+02:00,A9022021200,A22 (rocade),62.0,450
2026-10-10T13:01:11Z,2026-10-10T14:54:00.000+02:00,A0001021100,A1,86.0,3890
2026-10-10T13:01:11Z,2026-10-10T14:54:00.000+02:00,A9022101000,A22 (rocade),63.0,950
2026-10-10T13:01:11Z,2026-10-10T14:54:00.000+02:00,A0025013020,A25,113.0,1640
2026-10-10T13:01:11Z,2026-10-10T14:54:00.000+02:00,A0027010410,A27,101.0,1500
2026-10-10T13:01:11Z,2026-10-10T14:54:00.000+02:00,A0022012410,A22,89.0,3170
2026-10-10T13:01:11Z,2026-10-10T14:54:00.000+02:00,A0001A20112,A1,90.0,2220
2026-10-10T13:01:11Z,2026-10-10T14:54:00.000+02:00,A0001A20111,A1,84.0,1380
2026-10-10T13:01:11Z,2026-10-10T14:54:00.000+02:00,A0001021521,A1,82.0,3200
2026-10-10T13:01:11Z,2026-10-10T14:54:00.000+02:00,A0025022540,A25,112.0,2350
2026-10-10T13:01:11Z,2026-10-10T14:54:00.000+02:00,A0025022300,A25,116.0,1290
2026-10-10T13:01:11Z,2026-10-10T14:54:00.000+02:00,N0356021000,N356,70.0,3300
2026-10-10T13:01:11Z,2026-10-10T14:54:00.000+02:00,A22TC010102,A22 (contournement),87.0,1970
2026-10-10T13:01:11Z,2026-10-10T14:54:00.000+02:00,A0001011503,A1,83.0,6680
2026-10-10T13:01:11Z,2026-10-10T14:54:00.000+02:00,A0022012200,A22,77.0,2930
2026-10-10T13:01:11Z,2026-10-10T14:54:00.000+02:00,A0001A20120,A1,86.0,2480
2026-10-10T13:01:11Z,2026-10-10T14:54:00.000+02:00,A22TC020102,A22 (contournement),84.0,2410
2026-10-10T13:01:11Z,2026-10-10T14:54:00.000+02:00,A22TC010300,A22 (contournement),80.0,2020
2026-10-10T13:01:11Z,2026-10-10T14:54:00.000+02:00,A0022012010,A22,76.0,1990
2026-10-10T13:01:11Z,2026-10-10T14:54:00.000+02:00,A0022012020,A22,76.0,1990
2026-10-10T13:01:11Z,2026-10-10T14:54:00.000+02:00,A0025022130,A25,123.0,3100
2026-10-10T13:01:11Z,2026-10-10T14:54:00.000+02:00,A0023010520,A23,116.0,1530
2026-10-10T13:01:11Z,2026-10-10T14:54:00.000+02:00,N0041020800,N41,99.0,1600
2026-10-10T13:01:11Z,2026-10-10T14:54:00.000+02:00,A0025010500,A25,71.0,2880
2026-10-10T13:01:11Z,2026-10-10T14:54:00.000+02:00,A0022020901,A22,77.0,3230
2026-10-10T13:01:11Z,2026-10-10T14:54:00.000+02:00,A0022020902,A22,77.0,2480
2026-10-10T13:01:11Z,2026-10-10T14:54:00.000+02:00,A0022021810,A22,77.0,2310
2026-10-10T13:01:11Z,2026-10-10T14:54:00.000+02:00,N0356011100,N356,71.0,3300
2026-10-10T13:01:11Z,2026-10-10T14:54:00.000+02:00,A0022021820,A22,77.0,2310
2026-10-10T13:01:11Z,2026-10-10T14:54:00.000+02:00,N0356020802,N356,68.0,3560
2026-10-10T13:01:11Z,2026-10-10T14:54:00.000+02:00,A9022020900,A22 (rocade),83.0,870
2026-10-10T13:01:11Z,2026-10-10T14:54:00.000+02:00,A0025020102,A25,66.0,150
2026-10-10T13:01:11Z,2026-10-10T14:54:00.000+02:00,A0023010100,A23,94.0,190
2026-10-10T13:01:11Z,2026-10-10T14:54:00.000+02:00,A0025022530,A25,115.0,2220
2026-10-10T13:01:11Z,2026-10-10T14:54:00.000+02:00,A9001210200,A1 (bretelle),66.0,1220
2026-10-10T13:01:11Z,2026-10-10T14:54:00.000+02:00,A0022010700,A22,77.0,2930
2026-10-10T13:01:11Z,2026-10-10T14:54:00.000+02:00,N0041020400,N41,88.0,2260
2026-10-10T13:01:11Z,2026-10-10T14:54:00.000+02:00,A0023020720,A23,116.0,2070
2026-10-10T13:01:11Z,2026-10-10T14:54:00.000+02:00,A0022020500,A22,77.0,1580
2026-10-10T13:01:11Z,2026-10-10T14:54:00.000+02:00,N93563b0150,N356 (bretelle),72.0,40
2026-10-10T13:01:11Z,2026-10-10T14:54:00.000+02:00,A0025020950,A25,75.0,3480
2026-10-10T13:01:11Z,2026-10-10T14:54:00.000+02:00,A0023020300,A23,89.0,1870
2026-10-10T13:01:11Z,2026-10-10T14:54:00.000+02:00,A0001011000,A1,85.0,3870
2026-10-10T13:01:11Z,2026-10-10T14:54:00.000+02:00,A0027020500,A27,94.0,690
2026-10-10T13:01:11Z,2026-10-10T14:54:00.000+02:00,N0356011500,N356,70.0,3930
2026-10-10T13:01:11Z,2026-10-10T14:54:00.000+02:00,A0001010150,A1,105.0,3730
2026-10-10T13:01:11Z,2026-10-10T14:54:00.000+02:00,N0356020400,N356,61.0,1620
2026-10-10T13:01:11Z,2026-10-10T14:54:00.000+02:00,A0025010700,A25,77.0,1420
2026-10-10T13:01:11Z,2026-10-10T14:54:00.000+02:00,A0002011230,A2,106.0,2730
2026-10-10T13:01:11Z,2026-10-10T14:54:00.000+02:00,A0025020500,A25,70.0,3410
2026-10-10T13:01:11Z,2026-10-10T14:54:00.000+02:00,A0002021290,A2,102.0,2640
2026-10-10T13:01:11Z,2026-10-10T14:54:00.000+02:00,A0022011600,A22,31.0,1240
2026-10-10T13:11:04Z,2026-10-10T15:00:00.000+02:00,A0001011200,A1,79.0,4250
2026-10-10T13:11:04Z,2026-10-10T15:00:00.000+02:00,A0027010102,A27,94.0,3090
2026-10-10T13:11:04Z,2026-10-10T15:00:00.000+02:00,N0041010100,N41,83.0,900
2026-10-10T13:11:04Z,2026-10-10T15:00:00.000+02:00,A0027010101,A27,94.0,3090
2026-10-10T13:11:04Z,2026-10-10T15:00:00.000+02:00,A9022010250,A22 (rocade),84.0,650
2026-10-10T13:11:04Z,2026-10-10T15:00:00.000+02:00,A0001020150,A1,98.0,4160
2026-10-10T13:11:04Z,2026-10-10T15:00:00.000+02:00,N0356011700,N356,72.0,3030
2026-10-10T13:11:04Z,2026-10-10T15:00:00.000+02:00,N9227110200,N227 (bretelle),71.0,60
2026-10-10T13:11:04Z,2026-10-10T15:00:00.000+02:00,N0356021300,N356,65.0,3350
2026-10-10T13:11:04Z,2026-10-10T15:00:00.000+02:00,A0022011400,A22,75.0,760
2026-10-10T13:11:04Z,2026-10-10T15:00:00.000+02:00,A0027010300,A27,92.0,750
2026-10-10T13:11:04Z,2026-10-10T15:00:00.000+02:00,A9022020250,A22 (rocade),71.0,770
2026-10-10T13:11:04Z,2026-10-10T15:00:00.000+02:00,N0041010300,N41,88.0,2250
2026-10-10T13:11:04Z,2026-10-10T15:00:00.000+02:00,A0022011210,A22,79.0,1180
2026-10-10T13:11:04Z,2026-10-10T15:00:00.000+02:00,A0027020100,A27,71.0,1400
2026-10-10T13:11:04Z,2026-10-10T15:00:00.000+02:00,A0001010300,A1,100.0,3680
2026-10-10T13:11:04Z,2026-10-10T15:00:00.000+02:00,A0022011220,A22,79.0,1180
2026-10-10T13:11:04Z,2026-10-10T15:00:00.000+02:00,N0227021400,N227,98.0,110
2026-10-10T13:11:04Z,2026-10-10T15:00:00.000+02:00,A9022101110,A22 (rocade),79.0,1320
2026-10-10T13:11:04Z,2026-10-10T15:00:00.000+02:00,A0022022110,A22,65.0,3490
2026-10-10T13:11:04Z,2026-10-10T15:00:00.000+02:00,A0001011420,A1,79.0,3490
2026-10-10T13:11:04Z,2026-10-10T15:00:00.000+02:00,N0356010800,N356,71.0,3230
2026-10-10T13:11:04Z,2026-10-10T15:00:00.000+02:00,A9001210710,A1 (bretelle),62.0,100
2026-10-10T13:11:04Z,2026-10-10T15:00:00.000+02:00,N0356021110,N356,70.0,3760
2026-10-10T13:11:04Z,2026-10-10T15:00:00.000+02:00,A0001010510,A1,100.0,3530
2026-10-10T13:11:04Z,2026-10-10T15:00:00.000+02:00,N0356021122,N356,64.0,3620
2026-10-10T13:11:04Z,2026-10-10T15:00:00.000+02:00,N0356021121,N356,70.0,3760
2026-10-10T13:11:04Z,2026-10-10T15:00:00.000+02:00,A0025010210,A25,71.0,4520
2026-10-10T13:11:04Z,2026-10-10T15:00:00.000+02:00,A0025011300,A25,88.0,1480
2026-10-10T13:11:04Z,2026-10-10T15:00:00.000+02:00,A0001020300,A1,100.0,3900
2026-10-10T13:11:04Z,2026-10-10T15:00:00.000+02:00,A0025021100,A25,87.0,2700
2026-10-10T13:11:04Z,2026-10-10T15:00:00.000+02:00,A0025023520,A25,114.0,1200
2026-10-10T13:11:04Z,2026-10-10T15:00:00.000+02:00,A0025010220,A25,71.0,4520
2026-10-10T13:11:04Z,2026-10-10T15:00:00.000+02:00,A0022022120,A22,57.0,3430
2026-10-10T13:11:04Z,2026-10-10T15:00:00.000+02:00,A0001010520,A1,100.0,4050
2026-10-10T13:11:04Z,2026-10-10T15:00:00.000+02:00,A0022011000,A22,76.0,3420
2026-10-10T13:11:04Z,2026-10-10T15:00:00.000+02:00,A0001020510,A1,100.0,3710
2026-10-10T13:11:04Z,2026-10-10T15:00:00.000+02:00,A0001021602,A1,82.0,6170
2026-10-10T13:11:04Z,2026-10-10T15:00:00.000+02:00,A22TC020222,A22 (contournement),88.0,3530
2026-10-10T13:11:04Z,2026-10-10T15:00:00.000+02:00,A0001010940,A1,99.0,4220
2026-10-10T13:11:04Z,2026-10-10T15:00:00.000+02:00,A0025023320,A25,114.0,1810
2026-10-10T13:11:04Z,2026-10-10T15:00:00.000+02:00,A0001020520,A1,96.0,3960
2026-10-10T13:11:04Z,2026-10-10T15:00:00.000+02:00,A0025023100,A25,112.0,1620
2026-10-10T13:11:04Z,2026-10-10T15:00:00.000+02:00,A22TC020230,A22 (contournement),88.0,3530
2026-10-10T13:11:04Z,2026-10-10T15:00:00.000+02:00,A0025021730,A25,85.0,3750
2026-10-10T13:11:04Z,2026-10-10T15:00:00.000+02:00,A0025023910,A25,123.0,1030
2026-10-10T13:11:04Z,2026-10-10T15:00:00.000+02:00,A0025021735,A25,100.0,3580
2026-10-10T13:11:04Z,2026-10-10T15:00:00.000+02:00,A0023010400,A23,110.0,1210
2026-10-10T13:11:04Z,2026-10-10T15:00:00.000+02:00,A0022021900,A22,76.0,2650
2026-10-10T13:11:04Z,2026-10-10T15:00:00.000+02:00,A9022100500,A22 (rocade),76.0,1780
2026-10-10T13:11:04Z,2026-10-10T15:00:00.000+02:00,A0001020940,A1,88.0,4060
2026-10-10T13:11:04Z,2026-10-10T15:00:00.000+02:00,A0001020700,A1,91.0,3250
2026-10-10T13:11:04Z,2026-10-10T15:00:00.000+02:00,A9022020830,A22 (rocade),75.0,420
2026-10-10T13:11:04Z,2026-10-10T15:00:00.000+02:00,A9022020822,A22 (rocade),93.0,970
2026-10-10T13:11:04Z,2026-10-10T15:00:00.000+02:00,A9022020821,A22 (rocade),93.0,970
2026-10-10T13:11:04Z,2026-10-10T15:00:00.000+02:00,A0025020420,A25,70.0,4620
2026-10-10T13:11:04Z,2026-10-10T15:00:00.000+02:00,A0025021510,A25,91.0,1620
2026-10-10T13:11:04Z,2026-10-10T15:00:00.000+02:00,N0227010100,N227,64.0,1990
2026-10-10T13:11:04Z,2026-10-10T15:00:00.000+02:00,A0025011720,A25,99.0,2790
2026-10-10T13:11:04Z,2026-10-10T15:00:00.000+02:00,A0025021760,A25,85.0,3730
2026-10-10T13:11:04Z,2026-10-10T15:00:00.000+02:00,A0025011730,A25,87.0,2790
2026-10-10T13:11:04Z,2026-10-10T15:00:00.000+02:00,A0025011735,A25,101.0,2720
2026-10-10T13:11:04Z,2026-10-10T15:00:00.000+02:00,A9025080700,A25 (bretelle),,740
2026-10-10T13:11:04Z,2026-10-10T15:00:00.000+02:00,A9022100930,A22 (rocade),70.0,200
2026-10-10T13:11:04Z,2026-10-10T15:00:00.000+02:00,N0356011220,N356,72.0,3030
2026-10-10T13:11:04Z,2026-10-10T15:00:00.000+02:00,A0025011740,A25,87.0,2580
2026-10-10T13:11:04Z,2026-10-10T15:00:00.000+02:00,A0025010410,A25,69.0,4040
2026-10-10T13:11:04Z,2026-10-10T15:00:00.000+02:00,A0023010200,A23,75.0,1360
2026-10-10T13:11:04Z,2026-10-10T15:00:00.000+02:00,A9001210120,A1 (bretelle),74.0,890
2026-10-10T13:11:04Z,2026-10-10T15:00:00.000+02:00,A0025020210,A25,70.0,5370
2026-10-10T13:11:04Z,2026-10-10T15:00:00.000+02:00,N0356011210,N356,72.0,3030
2026-10-10T13:11:04Z,2026-10-10T15:00:00.000+02:00,A0025011510,A25,91.0,1770
2026-10-10T13:11:04Z,2026-10-10T15:00:00.000+02:00,A0025020220,A25,70.0,5370
2026-10-10T13:11:04Z,2026-10-10T15:00:00.000+02:00,N0227010302,N227,71.0,3500
2026-10-10T13:11:04Z,2026-10-10T15:00:00.000+02:00,N0041010500,N41,87.0,1660
2026-10-10T13:11:04Z,2026-10-10T15:00:00.000+02:00,N0227020101,N227,85.0,1990
2026-10-10T13:11:04Z,2026-10-10T15:00:00.000+02:00,A9022100110,A22 (rocade),65.0,1070
2026-10-10T13:11:04Z,2026-10-10T15:00:00.000+02:00,A0022010400,A22,72.0,3310
2026-10-10T13:11:04Z,2026-10-10T15:00:00.000+02:00,N0356010302,N356,72.0,5970
2026-10-10T13:11:04Z,2026-10-10T15:00:00.000+02:00,A0025010800,A25,86.0,2410
2026-10-10T13:11:04Z,2026-10-10T15:00:00.000+02:00,A0027020621,A27,103.0,1370
2026-10-10T13:11:04Z,2026-10-10T15:00:00.000+02:00,N0041010700,N41,100.0,790
2026-10-10T13:11:04Z,2026-10-10T15:00:00.000+02:00,A0027020630,A27,104.0,1390
2026-10-10T13:11:04Z,2026-10-10T15:00:00.000+02:00,A0022021512,A22,77.0,2270
2026-10-10T13:11:04Z,2026-10-10T15:00:00.000+02:00,A0022021511,A22,80.0,2260
2026-10-10T13:11:04Z,2026-10-10T15:00:00.000+02:00,A0027020610,A27,103.0,1370
2026-10-10T13:11:04Z,2026-10-10T15:00:00.000+02:00,A0025021720,A25,97.0,3660
2026-10-10T13:11:04Z,2026-10-10T15:00:00.000+02:00,A0022021520,A22,77.0,2270
2026-10-10T13:11:04Z,2026-10-10T15:00:00.000+02:00,A0025022140,A25,111.0,3090
2026-10-10T13:11:04Z,2026-10-10T15:00:00.000+02:00,A0022011302,A22,72.0,2510
2026-10-10T13:11:04Z,2026-10-10T15:00:00.000+02:00,A0025022160,A25,105.0,3280
2026-10-10T13:11:04Z,2026-10-10T15:00:00.000+02:00,A0027010201,A27,93.0,1420
2026-10-10T13:11:04Z,2026-10-10T15:00:00.000+02:00,A0027010202,A27,80.0,920
2026-10-10T13:11:04Z,2026-10-10T15:00:00.000+02:00,N9227110110,N227 (bretelle),73.0,1550
2026-10-10T13:11:04Z,2026-10-10T15:00:00.000+02:00,A0025012130,A25,100.0,1090
2026-10-10T13:11:04Z,2026-10-10T15:00:00.000+02:00,A0027010210,A27,80.0,920
2026-10-10T13:11:04Z,2026-10-10T15:00:00.000+02:00,A0025011050,A25,91.0,2080
2026-10-10T13:11:04Z,2026-10-10T15:00:00.000+02:00,A0025012140,A25,100.0,690
2026-10-10T13:11:04Z,2026-10-10T15:00:00.000+02:00,A0027010421,A27,99.0,1160
2026-10-10T13:11:04Z,2026-10-10T15:00:00.000+02:00,A0022012420,A22,89.0,3610
2026-10-10T13:11:04Z,2026-10-10T15:00:00.000+02:00,A0027010430,A27,103.0,1230
2026-10-10T13:11:04Z,2026-10-10T15:00:00.000+02:00,A0023020710,A23,109.0,1590
2026-10-10T13:11:04Z,2026-10-10T15:00:00.000+02:00,A0025012160,A25,126.0,2100
2026-10-10T13:11:04Z,2026-10-10T15:00:00.000+02:00,A9022021200,A22 (rocade),62.0,420
2026-10-10T13:11:04Z,2026-10-10T15:00:00.000+02:00,A0001021100,A1,88.0,3310
2026-10-10T13:11:04Z,2026-10-10T15:00:00.000+02:00,A9022101000,A22 (rocade),71.0,1000
2026-10-10T13:11:04Z,2026-10-10T15:00:00.000+02:00,A0025013020,A25,112.0,1870
2026-10-10T13:11:04Z,2026-10-10T15:00:00.000+02:00,A0027010410,A27,99.0,1160
2026-10-10T13:11:04Z,2026-10-10T15:00:00.000+02:00,A0022012410,A22,89.0,3620
2026-10-10T13:11:04Z,2026-10-10T15:00:00.000+02:00,A0001A20112,A1,88.0,2090
2026-10-10T13:11:04Z,2026-10-10T15:00:00.000+02:00,A0001A20111,A1,89.0,1320
2026-10-10T13:11:04Z,2026-10-10T15:00:00.000+02:00,A0001021521,A1,81.0,3230
2026-10-10T13:11:04Z,2026-10-10T15:00:00.000+02:00,A0025022540,A25,108.0,2270
2026-10-10T13:11:04Z,2026-10-10T15:00:00.000+02:00,A0025022300,A25,108.0,1790
2026-10-10T13:11:04Z,2026-10-10T15:00:00.000+02:00,N0356021000,N356,71.0,3440
2026-10-10T13:11:04Z,2026-10-10T15:00:00.000+02:00,A22TC010102,A22 (contournement),83.0,1950
2026-10-10T13:11:04Z,2026-10-10T15:00:00.000+02:00,A0001011503,A1,83.0,6290
2026-10-10T13:11:04Z,2026-10-10T15:00:00.000+02:00,A0022012200,A22,77.0,3240
2026-10-10T13:11:04Z,2026-10-10T15:00:00.000+02:00,A0001A20120,A1,85.0,2370
2026-10-10T13:11:04Z,2026-10-10T15:00:00.000+02:00,A22TC020102,A22 (contournement),84.0,2090
2026-10-10T13:11:04Z,2026-10-10T15:00:00.000+02:00,A22TC010300,A22 (contournement),81.0,1850
2026-10-10T13:11:04Z,2026-10-10T15:00:00.000+02:00,A0022012010,A22,79.0,2170
2026-10-10T13:11:04Z,2026-10-10T15:00:00.000+02:00,A0022012020,A22,79.0,2170
2026-10-10T13:11:04Z,2026-10-10T15:00:00.000+02:00,A0025022130,A25,124.0,3180
2026-10-10T13:11:04Z,2026-10-10T15:00:00.000+02:00,A0023010520,A23,114.0,1360
2026-10-10T13:11:04Z,2026-10-10T15:00:00.000+02:00,N0041020800,N41,98.0,1990
2026-10-10T13:11:04Z,2026-10-10T15:00:00.000+02:00,A0025010500,A25,69.0,2860
2026-10-10T13:11:04Z,2026-10-10T15:00:00.000+02:00,A0022020901,A22,78.0,2790
2026-10-10T13:11:04Z,2026-10-10T15:00:00.000+02:00,A0022020902,A22,78.0,2110
2026-10-10T13:11:04Z,2026-10-10T15:00:00.000+02:00,A0022021810,A22,79.0,2190
2026-10-10T13:11:04Z,2026-10-10T15:00:00.000+02:00,N0356011100,N356,71.0,2890
2026-10-10T13:11:04Z,2026-10-10T15:00:00.000+02:00,A0022021820,A22,79.0,2190
2026-10-10T13:11:04Z,2026-10-10T15:00:00.000+02:00,N0356020802,N356,68.0,3380
2026-10-10T13:11:04Z,2026-10-10T15:00:00.000+02:00,A9022020900,A22 (rocade),75.0,680
2026-10-10T13:11:04Z,2026-10-10T15:00:00.000+02:00,A0025020102,A25,64.0,60
2026-10-10T13:11:04Z,2026-10-10T15:00:00.000+02:00,A0023010100,A23,96.0,160
2026-10-10T13:11:04Z,2026-10-10T15:00:00.000+02:00,A0025022530,A25,111.0,2230
2026-10-10T13:11:04Z,2026-10-10T15:00:00.000+02:00,A9001210200,A1 (bretelle),64.0,1340
2026-10-10T13:11:04Z,2026-10-10T15:00:00.000+02:00,A0022010700,A22,76.0,2790
2026-10-10T13:11:04Z,2026-10-10T15:00:00.000+02:00,N0041020400,N41,91.0,2420
2026-10-10T13:11:04Z,2026-10-10T15:00:00.000+02:00,A0023020720,A23,116.0,1560
2026-10-10T13:11:04Z,2026-10-10T15:00:00.000+02:00,A0022020500,A22,78.0,1580
2026-10-10T13:11:04Z,2026-10-10T15:00:00.000+02:00,N93563b0150,N356 (bretelle),68.0,110
2026-10-10T13:11:04Z,2026-10-10T15:00:00.000+02:00,A0025020950,A25,89.0,3640
2026-10-10T13:11:04Z,2026-10-10T15:00:00.000+02:00,A0023020300,A23,87.0,1630
2026-10-10T13:11:04Z,2026-10-10T15:00:00.000+02:00,A0001011000,A1,84.0,3700
2026-10-10T13:11:04Z,2026-10-10T15:00:00.000+02:00,A0027020500,A27,96.0,740
2026-10-10T13:11:04Z,2026-10-10T15:00:00.000+02:00,N0356011500,N356,69.0,3050
2026-10-10T13:11:04Z,2026-10-10T15:00:00.000+02:00,A0001010150,A1,106.0,3810
2026-10-10T13:11:04Z,2026-10-10T15:00:00.000+02:00,N0356020400,N356,56.0,1800
2026-10-10T13:11:04Z,2026-10-10T15:00:00.000+02:00,A0025010700,A25,72.0,1470
2026-10-10T13:11:04Z,2026-10-10T15:00:00.000+02:00,A0002011230,A2,105.0,2750
2026-10-10T13:11:04Z,2026-10-10T15:00:00.000+02:00,A0025020500,A25,70.0,3240
2026-10-10T13:11:04Z,2026-10-10T15:00:00.000+02:00,A0002021290,A2,108.0,2250
2026-10-10T13:11:04Z,2026-10-10T15:00:00.000+02:00,A0022011600,A22,83.0,1320
2026-10-10T13:21:08Z,2026-10-10T15:12:00.000+02:00,A0001011200,A1,78.0,4080
2026-10-10T13:21:08Z,2026-10-10T15:12:00.000+02:00,A0027010102,A27,95.0,3250
2026-10-10T13:21:08Z,2026-10-10T15:12:00.000+02:00,N0041010100,N41,86.0,1130
2026-10-10T13:21:08Z,2026-10-10T15:12:00.000+02:00,A0027010101,A27,95.0,3250
2026-10-10T13:21:08Z,2026-10-10T15:12:00.000+02:00,A9022010250,A22 (rocade),82.0,660
2026-10-10T13:21:08Z,2026-10-10T15:12:00.000+02:00,A0001020150,A1,108.0,3250
2026-10-10T13:21:08Z,2026-10-10T15:12:00.000+02:00,N0356011700,N356,71.0,3080
2026-10-10T13:21:08Z,2026-10-10T15:12:00.000+02:00,N9227110200,N227 (bretelle),69.0,50
2026-10-10T13:21:08Z,2026-10-10T15:12:00.000+02:00,N0356021300,N356,66.0,3210
2026-10-10T13:21:08Z,2026-10-10T15:12:00.000+02:00,A0022011400,A22,78.0,730
2026-10-10T13:21:08Z,2026-10-10T15:12:00.000+02:00,A0027010300,A27,93.0,880
2026-10-10T13:21:08Z,2026-10-10T15:12:00.000+02:00,A9022020250,A22 (rocade),22.0,800
2026-10-10T13:21:08Z,2026-10-10T15:12:00.000+02:00,N0041010300,N41,88.0,2720
2026-10-10T13:21:08Z,2026-10-10T15:12:00.000+02:00,A0022011210,A22,80.0,1130
2026-10-10T13:21:08Z,2026-10-10T15:12:00.000+02:00,A0027020100,A27,72.0,1570
2026-10-10T13:21:08Z,2026-10-10T15:12:00.000+02:00,A0001010300,A1,114.0,3460
2026-10-10T13:21:08Z,2026-10-10T15:12:00.000+02:00,A0022011220,A22,80.0,1130
2026-10-10T13:21:08Z,2026-10-10T15:12:00.000+02:00,N0227021400,N227,57.0,140
2026-10-10T13:21:08Z,2026-10-10T15:12:00.000+02:00,A9022101110,A22 (rocade),77.0,1200
2026-10-10T13:21:08Z,2026-10-10T15:12:00.000+02:00,A0022022110,A22,79.0,3870
2026-10-10T13:21:08Z,2026-10-10T15:12:00.000+02:00,A0001011420,A1,64.0,3410
2026-10-10T13:21:08Z,2026-10-10T15:12:00.000+02:00,N0356010800,N356,70.0,3270
2026-10-10T13:21:08Z,2026-10-10T15:12:00.000+02:00,A9001210710,A1 (bretelle),69.0,270
2026-10-10T13:21:08Z,2026-10-10T15:12:00.000+02:00,N0356021110,N356,72.0,3520
2026-10-10T13:21:08Z,2026-10-10T15:12:00.000+02:00,A0001010510,A1,114.0,3120
2026-10-10T13:21:08Z,2026-10-10T15:12:00.000+02:00,N0356021122,N356,65.0,3450
2026-10-10T13:21:08Z,2026-10-10T15:12:00.000+02:00,N0356021121,N356,72.0,3520
2026-10-10T13:21:08Z,2026-10-10T15:12:00.000+02:00,A0025010210,A25,72.0,4780
2026-10-10T13:21:08Z,2026-10-10T15:12:00.000+02:00,A0025011300,A25,88.0,1400
2026-10-10T13:21:08Z,2026-10-10T15:12:00.000+02:00,A0001020300,A1,108.0,3250
2026-10-10T13:21:08Z,2026-10-10T15:12:00.000+02:00,A0025021100,A25,87.0,2830
2026-10-10T13:21:08Z,2026-10-10T15:12:00.000+02:00,A0025023520,A25,113.0,1010
2026-10-10T13:21:08Z,2026-10-10T15:12:00.000+02:00,A0025010220,A25,72.0,4780
2026-10-10T13:21:08Z,2026-10-10T15:12:00.000+02:00,A0022022120,A22,86.0,3840
2026-10-10T13:21:08Z,2026-10-10T15:12:00.000+02:00,A0001010520,A1,102.0,3630
2026-10-10T13:21:08Z,2026-10-10T15:12:00.000+02:00,A0022011000,A22,78.0,3120
2026-10-10T13:21:08Z,2026-10-10T15:12:00.000+02:00,A0001020510,A1,104.0,3350
2026-10-10T13:21:08Z,2026-10-10T15:12:00.000+02:00,A0001021602,A1,81.0,6780
2026-10-10T13:21:08Z,2026-10-10T15:12:00.000+02:00,A22TC020222,A22 (contournement),87.0,3870
2026-10-10T13:21:08Z,2026-10-10T15:12:00.000+02:00,A0001010940,A1,97.0,4310
2026-10-10T13:21:08Z,2026-10-10T15:12:00.000+02:00,A0025023320,A25,117.0,1640
2026-10-10T13:21:08Z,2026-10-10T15:12:00.000+02:00,A0001020520,A1,97.0,3640
2026-10-10T13:21:08Z,2026-10-10T15:12:00.000+02:00,A0025023100,A25,114.0,1530
2026-10-10T13:21:08Z,2026-10-10T15:12:00.000+02:00,A22TC020230,A22 (contournement),87.0,3870
2026-10-10T13:21:08Z,2026-10-10T15:12:00.000+02:00,A0025021730,A25,85.0,3430
2026-10-10T13:21:08Z,2026-10-10T15:12:00.000+02:00,A0025023910,A25,120.0,960
2026-10-10T13:21:08Z,2026-10-10T15:12:00.000+02:00,A0025021735,A25,100.0,3450
2026-10-10T13:21:08Z,2026-10-10T15:12:00.000+02:00,A0023010400,A23,107.0,1750
2026-10-10T13:21:08Z,2026-10-10T15:12:00.000+02:00,A0022021900,A22,78.0,2890
2026-10-10T13:21:08Z,2026-10-10T15:12:00.000+02:00,A9022100500,A22 (rocade),73.0,1910
2026-10-10T13:21:08Z,2026-10-10T15:12:00.000+02:00,A0001020940,A1,87.0,4100
2026-10-10T13:21:08Z,2026-10-10T15:12:00.000+02:00,A0001020700,A1,91.0,2940
2026-10-10T13:21:08Z,2026-10-10T15:12:00.000+02:00,A9022020830,A22 (rocade),82.0,450
2026-10-10T13:21:08Z,2026-10-10T15:12:00.000+02:00,A9022020822,A22 (rocade),89.0,1450
2026-10-10T13:21:08Z,2026-10-10T15:12:00.000+02:00,A9022020821,A22 (rocade),89.0,1450
2026-10-10T13:21:08Z,2026-10-10T15:12:00.000+02:00,A0025020420,A25,70.0,4760
2026-10-10T13:21:08Z,2026-10-10T15:12:00.000+02:00,A0025021510,A25,91.0,1830
2026-10-10T13:21:08Z,2026-10-10T15:12:00.000+02:00,N0227010100,N227,64.0,2060
2026-10-10T13:21:08Z,2026-10-10T15:12:00.000+02:00,A0025011720,A25,98.0,2810
2026-10-10T13:21:08Z,2026-10-10T15:12:00.000+02:00,A0025021760,A25,84.0,3470
2026-10-10T13:21:08Z,2026-10-10T15:12:00.000+02:00,A0025011730,A25,88.0,2810
2026-10-10T13:21:08Z,2026-10-10T15:12:00.000+02:00,A0025011735,A25,102.0,2810
2026-10-10T13:21:08Z,2026-10-10T15:12:00.000+02:00,A9025080700,A25 (bretelle),,730
2026-10-10T13:21:08Z,2026-10-10T15:12:00.000+02:00,A9022100930,A22 (rocade),70.0,190
2026-10-10T13:21:08Z,2026-10-10T15:12:00.000+02:00,N0356011220,N356,70.0,3150
2026-10-10T13:21:08Z,2026-10-10T15:12:00.000+02:00,A0025011740,A25,88.0,2760
2026-10-10T13:21:08Z,2026-10-10T15:12:00.000+02:00,A0025010410,A25,69.0,3880
2026-10-10T13:21:08Z,2026-10-10T15:12:00.000+02:00,A0023010200,A23,85.0,1580
2026-10-10T13:21:08Z,2026-10-10T15:12:00.000+02:00,A9001210120,A1 (bretelle),74.0,910
2026-10-10T13:21:08Z,2026-10-10T15:12:00.000+02:00,A0025020210,A25,69.0,5960
2026-10-10T13:21:08Z,2026-10-10T15:12:00.000+02:00,N0356011210,N356,70.0,3150
2026-10-10T13:21:08Z,2026-10-10T15:12:00.000+02:00,A0025011510,A25,87.0,1860
2026-10-10T13:21:08Z,2026-10-10T15:12:00.000+02:00,A0025020220,A25,69.0,5960
2026-10-10T13:21:08Z,2026-10-10T15:12:00.000+02:00,N0227010302,N227,72.0,3620
2026-10-10T13:21:08Z,2026-10-10T15:12:00.000+02:00,N0041010500,N41,80.0,1970
2026-10-10T13:21:08Z,2026-10-10T15:12:00.000+02:00,N0227020101,N227,82.0,2240
2026-10-10T13:21:08Z,2026-10-10T15:12:00.000+02:00,A9022100110,A22 (rocade),66.0,950
2026-10-10T13:21:08Z,2026-10-10T15:12:00.000+02:00,A0022010400,A22,72.0,3590
2026-10-10T13:21:08Z,2026-10-10T15:12:00.000+02:00,N0356010302,N356,72.0,5580
2026-10-10T13:21:08Z,2026-10-10T15:12:00.000+02:00,A0025010800,A25,82.0,2290
2026-10-10T13:21:08Z,2026-10-10T15:12:00.000+02:00,A0027020621,A27,99.0,1290
2026-10-10T13:21:08Z,2026-10-10T15:12:00.000+02:00,N0041010700,N41,104.0,830
2026-10-10T13:21:08Z,2026-10-10T15:12:00.000+02:00,A0027020630,A27,101.0,1370
2026-10-10T13:21:08Z,2026-10-10T15:12:00.000+02:00,A0022021512,A22,80.0,2460
2026-10-10T13:21:08Z,2026-10-10T15:12:00.000+02:00,A0022021511,A22,81.0,2500
2026-10-10T13:21:08Z,2026-10-10T15:12:00.000+02:00,A0027020610,A27,99.0,1290
2026-10-10T13:21:08Z,2026-10-10T15:12:00.000+02:00,A0025021720,A25,96.0,3520
2026-10-10T13:21:08Z,2026-10-10T15:12:00.000+02:00,A0022021520,A22,80.0,2460
2026-10-10T13:21:08Z,2026-10-10T15:12:00.000+02:00,A0025022140,A25,114.0,2850
2026-10-10T13:21:08Z,2026-10-10T15:12:00.000+02:00,A0022011302,A22,73.0,2490
2026-10-10T13:21:08Z,2026-10-10T15:12:00.000+02:00,A0025022160,A25,110.0,2820
2026-10-10T13:21:08Z,2026-10-10T15:12:00.000+02:00,A0027010201,A27,89.0,1900
2026-10-10T13:21:08Z,2026-10-10T15:12:00.000+02:00,A0027010202,A27,74.0,900
2026-10-10T13:21:08Z,2026-10-10T15:12:00.000+02:00,N9227110110,N227 (bretelle),74.0,1580
2026-10-10T13:21:08Z,2026-10-10T15:12:00.000+02:00,A0025012130,A25,102.0,1290
2026-10-10T13:21:08Z,2026-10-10T15:12:00.000+02:00,A0027010210,A27,74.0,900
2026-10-10T13:21:08Z,2026-10-10T15:12:00.000+02:00,A0025011050,A25,88.0,2090
2026-10-10T13:21:08Z,2026-10-10T15:12:00.000+02:00,A0025012140,A25,102.0,880
2026-10-10T13:21:08Z,2026-10-10T15:12:00.000+02:00,A0027010421,A27,100.0,1380
2026-10-10T13:21:08Z,2026-10-10T15:12:00.000+02:00,A0022012420,A22,90.0,3500
2026-10-10T13:21:08Z,2026-10-10T15:12:00.000+02:00,A0027010430,A27,103.0,1390
2026-10-10T13:21:08Z,2026-10-10T15:12:00.000+02:00,A0023020710,A23,107.0,1960
2026-10-10T13:21:08Z,2026-10-10T15:12:00.000+02:00,A0025012160,A25,122.0,2580
2026-10-10T13:21:08Z,2026-10-10T15:12:00.000+02:00,A9022021200,A22 (rocade),61.0,590
2026-10-10T13:21:08Z,2026-10-10T15:12:00.000+02:00,A0001021100,A1,89.0,3500
2026-10-10T13:21:08Z,2026-10-10T15:12:00.000+02:00,A9022101000,A22 (rocade),67.0,980
2026-10-10T13:21:08Z,2026-10-10T15:12:00.000+02:00,A0025013020,A25,116.0,1980
2026-10-10T13:21:08Z,2026-10-10T15:12:00.000+02:00,A0027010410,A27,100.0,1380
2026-10-10T13:21:08Z,2026-10-10T15:12:00.000+02:00,A0022012410,A22,89.0,3620
2026-10-10T13:21:08Z,2026-10-10T15:12:00.000+02:00,A0001A20112,A1,89.0,2160
2026-10-10T13:21:08Z,2026-10-10T15:12:00.000+02:00,A0001A20111,A1,85.0,1290
2026-10-10T13:21:08Z,2026-10-10T15:12:00.000+02:00,A0001021521,A1,83.0,3220
2026-10-10T13:21:08Z,2026-10-10T15:12:00.000+02:00,A0025022540,A25,117.0,2070
2026-10-10T13:21:08Z,2026-10-10T15:12:00.000+02:00,A0025022300,A25,114.0,1720
2026-10-10T13:21:08Z,2026-10-10T15:12:00.000+02:00,N0356021000,N356,72.0,3180
2026-10-10T13:21:08Z,2026-10-10T15:12:00.000+02:00,A22TC010102,A22 (contournement),84.0,1970
2026-10-10T13:21:08Z,2026-10-10T15:12:00.000+02:00,A0001011503,A1,81.0,6370
2026-10-10T13:21:08Z,2026-10-10T15:12:00.000+02:00,A0022012200,A22,78.0,2990
2026-10-10T13:21:08Z,2026-10-10T15:12:00.000+02:00,A0001A20120,A1,85.0,2380
2026-10-10T13:21:08Z,2026-10-10T15:12:00.000+02:00,A22TC020102,A22 (contournement),85.0,2330
2026-10-10T13:21:08Z,2026-10-10T15:12:00.000+02:00,A22TC010300,A22 (contournement),80.0,2020
2026-10-10T13:21:08Z,2026-10-10T15:12:00.000+02:00,A0022012010,A22,78.0,1980
2026-10-10T13:21:08Z,2026-10-10T15:12:00.000+02:00,A0022012020,A22,78.0,1980
2026-10-10T13:21:08Z,2026-10-10T15:12:00.000+02:00,A0025022130,A25,127.0,2820
2026-10-10T13:21:08Z,2026-10-10T15:12:00.000+02:00,A0023010520,A23,115.0,1740
2026-10-10T13:21:08Z,2026-10-10T15:12:00.000+02:00,N0041020800,N41,95.0,1960
2026-10-10T13:21:08Z,2026-10-10T15:12:00.000+02:00,A0025010500,A25,69.0,2820
2026-10-10T13:21:08Z,2026-10-10T15:12:00.000+02:00,A0022020901,A22,76.0,3260
2026-10-10T13:21:08Z,2026-10-10T15:12:00.000+02:00,A0022020902,A22,76.0,2580
2026-10-10T13:21:08Z,2026-10-10T15:12:00.000+02:00,A0022021810,A22,79.0,2350
2026-10-10T13:21:08Z,2026-10-10T15:12:00.000+02:00,N0356011100,N356,69.0,3020
2026-10-10T13:21:08Z,2026-10-10T15:12:00.000+02:00,A0022021820,A22,79.0,2350
2026-10-10T13:21:08Z,2026-10-10T15:12:00.000+02:00,N0356020802,N356,70.0,3490
2026-10-10T13:21:08Z,2026-10-10T15:12:00.000+02:00,A9022020900,A22 (rocade),74.0,730
2026-10-10T13:21:08Z,2026-10-10T15:12:00.000+02:00,A0025020102,A25,67.0,70
2026-10-10T13:21:08Z,2026-10-10T15:12:00.000+02:00,A0023010100,A23,89.0,260
2026-10-10T13:21:08Z,2026-10-10T15:12:00.000+02:00,A0025022530,A25,119.0,1970
2026-10-10T13:21:08Z,2026-10-10T15:12:00.000+02:00,A9001210200,A1 (bretelle),63.0,1310
2026-10-10T13:21:08Z,2026-10-10T15:12:00.000+02:00,A0022010700,A22,76.0,2870
2026-10-10T13:21:08Z,2026-10-10T15:12:00.000+02:00,N0041020400,N41,86.0,2240
2026-10-10T13:21:08Z,2026-10-10T15:12:00.000+02:00,A0023020720,A23,115.0,2000
2026-10-10T13:21:08Z,2026-10-10T15:12:00.000+02:00,A0022020500,A22,76.0,1740
2026-10-10T13:21:08Z,2026-10-10T15:12:00.000+02:00,N93563b0150,N356 (bretelle),66.0,90
2026-10-10T13:21:08Z,2026-10-10T15:12:00.000+02:00,A0025020950,A25,87.0,3560
2026-10-10T13:21:08Z,2026-10-10T15:12:00.000+02:00,A0023020300,A23,88.0,1820
2026-10-10T13:21:08Z,2026-10-10T15:12:00.000+02:00,A0001011000,A1,85.0,3740
2026-10-10T13:21:08Z,2026-10-10T15:12:00.000+02:00,A0027020500,A27,92.0,830
2026-10-10T13:21:08Z,2026-10-10T15:12:00.000+02:00,N0356011500,N356,65.0,3470
2026-10-10T13:21:08Z,2026-10-10T15:12:00.000+02:00,A0001010150,A1,107.0,3540
2026-10-10T13:21:08Z,2026-10-10T15:12:00.000+02:00,N0356020400,N356,60.0,1910
2026-10-10T13:21:08Z,2026-10-10T15:12:00.000+02:00,A0025010700,A25,70.0,1560
2026-10-10T13:21:08Z,2026-10-10T15:12:00.000+02:00,A0002011230,A2,108.0,2280
2026-10-10T13:21:08Z,2026-10-10T15:12:00.000+02:00,A0025020500,A25,70.0,3520
2026-10-10T13:21:08Z,2026-10-10T15:12:00.000+02:00,A0002021290,A2,108.0,1960
2026-10-10T13:21:08Z,2026-10-10T15:12:00.000+02:00,A0022011600,A22,45.0,1480
2026-10-10T13:31:03Z,2026-10-10T15:24:00.000+02:00,A0001011200,A1,77.0,4570
2026-10-10T13:31:03Z,2026-10-10T15:24:00.000+02:00,A0027010102,A27,91.0,3270
2026-10-10T13:31:03Z,2026-10-10T15:24:00.000+02:00,N0041010100,N41,86.0,1290
2026-10-10T13:31:03Z,2026-10-10T15:24:00.000+02:00,A0027010101,A27,91.0,3270
2026-10-10T13:31:03Z,2026-10-10T15:24:00.000+02:00,A9022010250,A22 (rocade),84.0,610
2026-10-10T13:31:03Z,2026-10-10T15:24:00.000+02:00,N0356011700,N356,73.0,3170
2026-10-10T13:31:03Z,2026-10-10T15:24:00.000+02:00,N9227110200,N227 (bretelle),67.0,20
2026-10-10T13:31:03Z,2026-10-10T15:24:00.000+02:00,N0356021300,N356,65.0,3410
2026-10-10T13:31:03Z,2026-10-10T15:24:00.000+02:00,A0022011400,A22,78.0,860
2026-10-10T13:31:03Z,2026-10-10T15:24:00.000+02:00,A0027010300,A27,93.0,930
2026-10-10T13:31:03Z,2026-10-10T15:24:00.000+02:00,A9022020250,A22 (rocade),39.0,950
2026-10-10T13:31:03Z,2026-10-10T15:24:00.000+02:00,N0041010300,N41,87.0,2410
2026-10-10T13:31:03Z,2026-10-10T15:24:00.000+02:00,A0022011210,A22,76.0,1130
2026-10-10T13:31:03Z,2026-10-10T15:24:00.000+02:00,A0027020100,A27,72.0,1230
2026-10-10T13:31:03Z,2026-10-10T15:24:00.000+02:00,A0001010300,A1,112.0,3780
2026-10-10T13:31:03Z,2026-10-10T15:24:00.000+02:00,A0022011220,A22,76.0,1130
2026-10-10T13:31:03Z,2026-10-10T15:24:00.000+02:00,N0227021400,N227,81.0,150
2026-10-10T13:31:03Z,2026-10-10T15:24:00.000+02:00,A9022101110,A22 (rocade),80.0,1260
2026-10-10T13:31:03Z,2026-10-10T15:24:00.000+02:00,A0022022110,A22,81.0,3680
2026-10-10T13:31:03Z,2026-10-10T15:24:00.000+02:00,A0001011420,A1,78.0,3610
2026-10-10T13:31:03Z,2026-10-10T15:24:00.000+02:00,N0356010800,N356,71.0,3290
2026-10-10T13:31:03Z,2026-10-10T15:24:00.000+02:00,A9001210710,A1 (bretelle),64.0,130
2026-10-10T13:31:03Z,2026-10-10T15:24:00.000+02:00,N0356021110,N356,69.0,4120
2026-10-10T13:31:03Z,2026-10-10T15:24:00.000+02:00,A0001010510,A1,112.0,3460
2026-10-10T13:31:03Z,2026-10-10T15:24:00.000+02:00,N0356021121,N356,69.0,4120
2026-10-10T13:31:03Z,2026-10-10T15:24:00.000+02:00,A0025010210,A25,65.0,4870
2026-10-10T13:31:03Z,2026-10-10T15:24:00.000+02:00,A0025011300,A25,87.0,1430
2026-10-10T13:31:03Z,2026-10-10T15:24:00.000+02:00,A0001020300,A1,108.0,3000
2026-10-10T13:31:03Z,2026-10-10T15:24:00.000+02:00,A0025021100,A25,84.0,2870
2026-10-10T13:31:03Z,2026-10-10T15:24:00.000+02:00,A0025023520,A25,116.0,1290
2026-10-10T13:31:03Z,2026-10-10T15:24:00.000+02:00,A0025010220,A25,65.0,4870
2026-10-10T13:31:03Z,2026-10-10T15:24:00.000+02:00,A0022022120,A22,85.0,3610
2026-10-10T13:31:03Z,2026-10-10T15:24:00.000+02:00,A0001010520,A1,103.0,3910
2026-10-10T13:31:03Z,2026-10-10T15:24:00.000+02:00,A0022011000,A22,78.0,3410
2026-10-10T13:31:03Z,2026-10-10T15:24:00.000+02:00,A0001020510,A1,104.0,3180
2026-10-10T13:31:03Z,2026-10-10T15:24:00.000+02:00,A0001021602,A1,79.0,6730
2026-10-10T13:31:03Z,2026-10-10T15:24:00.000+02:00,A22TC020222,A22 (contournement),84.0,4030
2026-10-10T13:31:03Z,2026-10-10T15:24:00.000+02:00,A0001010940,A1,98.0,4610
2026-10-10T13:31:03Z,2026-10-10T15:24:00.000+02:00,A0025023320,A25,115.0,1970
2026-10-10T13:31:03Z,2026-10-10T15:24:00.000+02:00,A0001020520,A1,99.0,3370
2026-10-10T13:31:03Z,2026-10-10T15:24:00.000+02:00,A0025023100,A25,114.0,1720
2026-10-10T13:31:03Z,2026-10-10T15:24:00.000+02:00,A22TC020230,A22 (contournement),84.0,4030
2026-10-10T13:31:03Z,2026-10-10T15:24:00.000+02:00,A0025021730,A25,88.0,3150
2026-10-10T13:31:03Z,2026-10-10T15:24:00.000+02:00,A0025023910,A25,118.0,1250
2026-10-10T13:31:03Z,2026-10-10T15:24:00.000+02:00,A0025021735,A25,102.0,3140
2026-10-10T13:31:03Z,2026-10-10T15:24:00.000+02:00,A0023010400,A23,109.0,1570
2026-10-10T13:31:03Z,2026-10-10T15:24:00.000+02:00,A0022021900,A22,78.0,2620
2026-10-10T13:31:03Z,2026-10-10T15:24:00.000+02:00,A9022100500,A22 (rocade),74.0,1660
2026-10-10T13:31:03Z,2026-10-10T15:24:00.000+02:00,A0001020940,A1,85.0,4150
2026-10-10T13:31:03Z,2026-10-10T15:24:00.000+02:00,A0001020700,A1,92.0,2790
2026-10-10T13:31:03Z,2026-10-10T15:24:00.000+02:00,A9022020830,A22 (rocade),88.0,340
2026-10-10T13:31:03Z,2026-10-10T15:24:00.000+02:00,A9022020822,A22 (rocade),90.0,1440
2026-10-10T13:31:03Z,2026-10-10T15:24:00.000+02:00,A9022020821,A22 (rocade),90.0,1440
2026-10-10T13:31:03Z,2026-10-10T15:24:00.000+02:00,A0025020420,A25,65.0,5270
2026-10-10T13:31:03Z,2026-10-10T15:24:00.000+02:00,A0025021510,A25,82.0,1630
2026-10-10T13:31:03Z,2026-10-10T15:24:00.000+02:00,N0227010100,N227,65.0,1890
2026-10-10T13:31:03Z,2026-10-10T15:24:00.000+02:00,A0025011720,A25,98.0,2950
2026-10-10T13:31:03Z,2026-10-10T15:24:00.000+02:00,A0025021760,A25,85.0,3100
2026-10-10T13:31:03Z,2026-10-10T15:24:00.000+02:00,A0025011730,A25,87.0,2860
2026-10-10T13:31:03Z,2026-10-10T15:24:00.000+02:00,A0025011735,A25,101.0,2770
2026-10-10T13:31:03Z,2026-10-10T15:24:00.000+02:00,A9025080700,A25 (bretelle),,790
2026-10-10T13:31:03Z,2026-10-10T15:24:00.000+02:00,A9022100930,A22 (rocade),71.0,160
2026-10-10T13:31:03Z,2026-10-10T15:24:00.000+02:00,N0356011220,N356,70.0,3400
2026-10-10T13:31:03Z,2026-10-10T15:24:00.000+02:00,A0025011740,A25,86.0,2830
2026-10-10T13:31:03Z,2026-10-10T15:24:00.000+02:00,A0025010410,A25,69.0,3790
2026-10-10T13:31:03Z,2026-10-10T15:24:00.000+02:00,A0023010200,A23,94.0,1610
2026-10-10T13:31:03Z,2026-10-10T15:24:00.000+02:00,A9001210120,A1 (bretelle),75.0,1140
2026-10-10T13:31:03Z,2026-10-10T15:24:00.000+02:00,A0025020210,A25,68.0,6020
2026-10-10T13:31:03Z,2026-10-10T15:24:00.000+02:00,N0356011210,N356,70.0,3400
2026-10-10T13:31:03Z,2026-10-10T15:24:00.000+02:00,A0025011510,A25,90.0,1740
2026-10-10T13:31:03Z,2026-10-10T15:24:00.000+02:00,A0025020220,A25,68.0,6020
2026-10-10T13:31:03Z,2026-10-10T15:24:00.000+02:00,N0227010302,N227,73.0,3180
2026-10-10T13:31:03Z,2026-10-10T15:24:00.000+02:00,N0041010500,N41,100.0,900
2026-10-10T13:31:03Z,2026-10-10T15:24:00.000+02:00,N0227020101,N227,81.0,2320
2026-10-10T13:31:03Z,2026-10-10T15:24:00.000+02:00,A9022100110,A22 (rocade),63.0,1100
2026-10-10T13:31:03Z,2026-10-10T15:24:00.000+02:00,A0022010400,A22,72.0,3320
2026-10-10T13:31:03Z,2026-10-10T15:24:00.000+02:00,N0356010302,N356,71.0,6190
2026-10-10T13:31:03Z,2026-10-10T15:24:00.000+02:00,A0025010800,A25,79.0,2310
2026-10-10T13:31:03Z,2026-10-10T15:24:00.000+02:00,A0027020621,A27,98.0,1400
2026-10-10T13:31:03Z,2026-10-10T15:24:00.000+02:00,N0041010700,N41,102.0,950
2026-10-10T13:31:03Z,2026-10-10T15:24:00.000+02:00,A0027020630,A27,101.0,1350
2026-10-10T13:31:03Z,2026-10-10T15:24:00.000+02:00,A0022021512,A22,76.0,2530
2026-10-10T13:31:03Z,2026-10-10T15:24:00.000+02:00,A0022021511,A22,77.0,2340
2026-10-10T13:31:03Z,2026-10-10T15:24:00.000+02:00,A0027020610,A27,98.0,1400
2026-10-10T13:31:03Z,2026-10-10T15:24:00.000+02:00,A0025021720,A25,99.0,3180
2026-10-10T13:31:03Z,2026-10-10T15:24:00.000+02:00,A0022021520,A22,76.0,2530
2026-10-10T13:31:03Z,2026-10-10T15:24:00.000+02:00,A0025022140,A25,111.0,2770
2026-10-10T13:31:03Z,2026-10-10T15:24:00.000+02:00,A0022011302,A22,74.0,2350
2026-10-10T13:31:03Z,2026-10-10T15:24:00.000+02:00,A0025022160,A25,108.0,2690
2026-10-10T13:31:03Z,2026-10-10T15:24:00.000+02:00,A0027010201,A27,91.0,1770
2026-10-10T13:31:03Z,2026-10-10T15:24:00.000+02:00,A0027010202,A27,86.0,1040
2026-10-10T13:31:03Z,2026-10-10T15:24:00.000+02:00,N9227110110,N227 (bretelle),73.0,1490
2026-10-10T13:31:03Z,2026-10-10T15:24:00.000+02:00,A0025012130,A25,109.0,1320
2026-10-10T13:31:03Z,2026-10-10T15:24:00.000+02:00,A0027010210,A27,86.0,1040
2026-10-10T13:31:03Z,2026-10-10T15:24:00.000+02:00,A0025011050,A25,86.0,2080
2026-10-10T13:31:03Z,2026-10-10T15:24:00.000+02:00,A0025012140,A25,109.0,790
2026-10-10T13:31:03Z,2026-10-10T15:24:00.000+02:00,A0027010421,A27,101.0,1210
2026-10-10T13:31:03Z,2026-10-10T15:24:00.000+02:00,A0022012420,A22,84.0,3590
2026-10-10T13:31:03Z,2026-10-10T15:24:00.000+02:00,A0027010430,A27,104.0,1250
2026-10-10T13:31:03Z,2026-10-10T15:24:00.000+02:00,A0023020710,A23,108.0,1650
2026-10-10T13:31:03Z,2026-10-10T15:24:00.000+02:00,A0025012160,A25,123.0,2560
2026-10-10T13:31:03Z,2026-10-10T15:24:00.000+02:00,A9022021200,A22 (rocade),61.0,620
2026-10-10T13:31:03Z,2026-10-10T15:24:00.000+02:00,A0001021100,A1,86.0,3610
2026-10-10T13:31:03Z,2026-10-10T15:24:00.000+02:00,A9022101000,A22 (rocade),70.0,1090
2026-10-10T13:31:03Z,2026-10-10T15:24:00.000+02:00,A0025013020,A25,113.0,2040
2026-10-10T13:31:03Z,2026-10-10T15:24:00.000+02:00,A0027010410,A27,101.0,1210
2026-10-10T13:31:03Z,2026-10-10T15:24:00.000+02:00,A0022012410,A22,84.0,3680
2026-10-10T13:31:03Z,2026-10-10T15:24:00.000+02:00,A0001A20112,A1,87.0,2280
2026-10-10T13:31:03Z,2026-10-10T15:24:00.000+02:00,A0001A20111,A1,85.0,1160
2026-10-10T13:31:03Z,2026-10-10T15:24:00.000+02:00,A0001021521,A1,80.0,3520
2026-10-10T13:31:03Z,2026-10-10T15:24:00.000+02:00,A0025022540,A25,112.0,2120
2026-10-10T13:31:03Z,2026-10-10T15:24:00.000+02:00,A0025022300,A25,113.0,1580
2026-10-10T13:31:03Z,2026-10-10T15:24:00.000+02:00,N0356021000,N356,70.0,3670
2026-10-10T13:31:03Z,2026-10-10T15:24:00.000+02:00,A22TC010102,A22 (contournement),82.0,2450
2026-10-10T13:31:03Z,2026-10-10T15:24:00.000+02:00,A0001011503,A1,82.0,6240
2026-10-10T13:31:03Z,2026-10-10T15:24:00.000+02:00,A0022012200,A22,73.0,3450
2026-10-10T13:31:03Z,2026-10-10T15:24:00.000+02:00,A0001A20120,A1,84.0,2380
2026-10-10T13:31:03Z,2026-10-10T15:24:00.000+02:00,A22TC020102,A22 (contournement),84.0,2280
2026-10-10T13:31:03Z,2026-10-10T15:24:00.000+02:00,A22TC010300,A22 (contournement),81.0,1890
2026-10-10T13:31:03Z,2026-10-10T15:24:00.000+02:00,A0022012010,A22,76.0,2360
2026-10-10T13:31:03Z,2026-10-10T15:24:00.000+02:00,A0022012020,A22,76.0,2360
2026-10-10T13:31:03Z,2026-10-10T15:24:00.000+02:00,A0025022130,A25,127.0,2660
2026-10-10T13:31:03Z,2026-10-10T15:24:00.000+02:00,A0023010520,A23,115.0,1530
2026-10-10T13:31:03Z,2026-10-10T15:24:00.000+02:00,N0041020800,N41,97.0,1840
2026-10-10T13:31:03Z,2026-10-10T15:24:00.000+02:00,A0025010500,A25,70.0,2750
2026-10-10T13:31:03Z,2026-10-10T15:24:00.000+02:00,A0022020901,A22,75.0,3550
2026-10-10T13:31:03Z,2026-10-10T15:24:00.000+02:00,A0022020902,A22,75.0,2690
2026-10-10T13:31:03Z,2026-10-10T15:24:00.000+02:00,A0022021810,A22,79.0,2270
2026-10-10T13:31:03Z,2026-10-10T15:24:00.000+02:00,N0356011100,N356,70.0,3060
2026-10-10T13:31:03Z,2026-10-10T15:24:00.000+02:00,A0022021820,A22,79.0,2270
2026-10-10T13:31:03Z,2026-10-10T15:24:00.000+02:00,N0356020802,N356,68.0,4030
2026-10-10T13:31:03Z,2026-10-10T15:24:00.000+02:00,A9022020900,A22 (rocade),74.0,720
2026-10-10T13:31:03Z,2026-10-10T15:24:00.000+02:00,A0025020102,A25,67.0,80
2026-10-10T13:31:03Z,2026-10-10T15:24:00.000+02:00,A0023010100,A23,96.0,180
2026-10-10T13:31:03Z,2026-10-10T15:24:00.000+02:00,A0025022530,A25,112.0,2040
2026-10-10T13:31:03Z,2026-10-10T15:24:00.000+02:00,A9001210200,A1 (bretelle),64.0,1450
2026-10-10T13:31:03Z,2026-10-10T15:24:00.000+02:00,A0022010700,A22,75.0,2890
2026-10-10T13:31:03Z,2026-10-10T15:24:00.000+02:00,N0041020400,N41,88.0,2250
2026-10-10T13:31:03Z,2026-10-10T15:24:00.000+02:00,A0023020720,A23,115.0,1600
2026-10-10T13:31:03Z,2026-10-10T15:24:00.000+02:00,A0022020500,A22,75.0,1770
2026-10-10T13:31:03Z,2026-10-10T15:24:00.000+02:00,N93563b0150,N356 (bretelle),67.0,180
2026-10-10T13:31:03Z,2026-10-10T15:24:00.000+02:00,A0025020950,A25,90.0,3720
2026-10-10T13:31:03Z,2026-10-10T15:24:00.000+02:00,A0023020300,A23,92.0,1630
2026-10-10T13:31:03Z,2026-10-10T15:24:00.000+02:00,A0001011000,A1,81.0,4180
2026-10-10T13:31:03Z,2026-10-10T15:24:00.000+02:00,A0027020500,A27,90.0,780
2026-10-10T13:31:03Z,2026-10-10T15:24:00.000+02:00,N0356020400,N356,55.0,2160
2026-10-10T13:31:03Z,2026-10-10T15:24:00.000+02:00,A0025010700,A25,72.0,1450
2026-10-10T13:31:03Z,2026-10-10T15:24:00.000+02:00,A0002011230,A2,107.0,3020
2026-10-10T13:31:03Z,2026-10-10T15:24:00.000+02:00,A0025020500,A25,70.0,3840
2026-10-10T13:31:03Z,2026-10-10T15:24:00.000+02:00,A0002021290,A2,109.0,2370
2026-10-10T13:31:03Z,2026-10-10T15:24:00.000+02:00,A0022011600,A22,74.0,1380
2026-10-10T13:41:06Z,2026-10-10T15:30:00.000+02:00,A0001011200,A1,78.0,4550
2026-10-10T13:41:06Z,2026-10-10T15:30:00.000+02:00,A0027010102,A27,91.0,3470
2026-10-10T13:41:06Z,2026-10-10T15:30:00.000+02:00,N0041010100,N41,87.0,1210
2026-10-10T13:41:06Z,2026-10-10T15:30:00.000+02:00,A0027010101,A27,91.0,3470
2026-10-10T13:41:06Z,2026-10-10T15:30:00.000+02:00,A9022010250,A22 (rocade),85.0,610
2026-10-10T13:41:06Z,2026-10-10T15:30:00.000+02:00,N0356011700,N356,74.0,3410
2026-10-10T13:41:06Z,2026-10-10T15:30:00.000+02:00,N9227110200,N227 (bretelle),74.0,70
2026-10-10T13:41:06Z,2026-10-10T15:30:00.000+02:00,N0356021300,N356,64.0,3290
2026-10-10T13:41:06Z,2026-10-10T15:30:00.000+02:00,A0022011400,A22,76.0,880
2026-10-10T13:41:06Z,2026-10-10T15:30:00.000+02:00,A0027010300,A27,93.0,910
2026-10-10T13:41:06Z,2026-10-10T15:30:00.000+02:00,A9022020250,A22 (rocade),32.0,890
2026-10-10T13:41:06Z,2026-10-10T15:30:00.000+02:00,N0041010300,N41,86.0,2730
2026-10-10T13:41:06Z,2026-10-10T15:30:00.000+02:00,A0022011210,A22,82.0,1100
2026-10-10T13:41:06Z,2026-10-10T15:30:00.000+02:00,A0027020100,A27,70.0,1320
2026-10-10T13:41:06Z,2026-10-10T15:30:00.000+02:00,A0001010300,A1,113.0,3630
2026-10-10T13:41:06Z,2026-10-10T15:30:00.000+02:00,A0022011220,A22,82.0,1100
2026-10-10T13:41:06Z,2026-10-10T15:30:00.000+02:00,N0227021400,N227,66.0,140
2026-10-10T13:41:06Z,2026-10-10T15:30:00.000+02:00,A9022101110,A22 (rocade),78.0,1240
2026-10-10T13:41:06Z,2026-10-10T15:30:00.000+02:00,A0022022110,A22,79.0,3970
2026-10-10T13:41:06Z,2026-10-10T15:30:00.000+02:00,A0001011420,A1,82.0,3430
2026-10-10T13:41:06Z,2026-10-10T15:30:00.000+02:00,N0356010800,N356,71.0,3900
2026-10-10T13:41:06Z,2026-10-10T15:30:00.000+02:00,A9001210710,A1 (bretelle),66.0,60
2026-10-10T13:41:06Z,2026-10-10T15:30:00.000+02:00,N0356021110,N356,71.0,3530
2026-10-10T13:41:06Z,2026-10-10T15:30:00.000+02:00,A0001010510,A1,113.0,3220
2026-10-10T13:41:06Z,2026-10-10T15:30:00.000+02:00,N0356021122,N356,64.0,3370
2026-10-10T13:41:06Z,2026-10-10T15:30:00.000+02:00,N0356021121,N356,71.0,3530
2026-10-10T13:41:06Z,2026-10-10T15:30:00.000+02:00,A0025010210,A25,64.0,4820
2026-10-10T13:41:06Z,2026-10-10T15:30:00.000+02:00,A0025011300,A25,85.0,1130
2026-10-10T13:41:06Z,2026-10-10T15:30:00.000+02:00,A0001020300,A1,106.0,3570
2026-10-10T13:41:06Z,2026-10-10T15:30:00.000+02:00,A0025021100,A25,87.0,2660
2026-10-10T13:41:06Z,2026-10-10T15:30:00.000+02:00,A0025023520,A25,115.0,1470
2026-10-10T13:41:06Z,2026-10-10T15:30:00.000+02:00,A0025010220,A25,64.0,4820
2026-10-10T13:41:06Z,2026-10-10T15:30:00.000+02:00,A0022022120,A22,84.0,3940
2026-10-10T13:41:06Z,2026-10-10T15:30:00.000+02:00,A0001010520,A1,103.0,3810
2026-10-10T13:41:06Z,2026-10-10T15:30:00.000+02:00,A0022011000,A22,83.0,3260
2026-10-10T13:41:06Z,2026-10-10T15:30:00.000+02:00,A0001020510,A1,103.0,3700
2026-10-10T13:41:06Z,2026-10-10T15:30:00.000+02:00,A0001021602,A1,81.0,6540
2026-10-10T13:41:06Z,2026-10-10T15:30:00.000+02:00,A22TC020222,A22 (contournement),81.0,4450
2026-10-10T13:41:06Z,2026-10-10T15:30:00.000+02:00,A0001010940,A1,97.0,4650
2026-10-10T13:41:06Z,2026-10-10T15:30:00.000+02:00,A0025023320,A25,116.0,2170
2026-10-10T13:41:06Z,2026-10-10T15:30:00.000+02:00,A0001020520,A1,98.0,3860
2026-10-10T13:41:06Z,2026-10-10T15:30:00.000+02:00,A0025023100,A25,114.0,1850
2026-10-10T13:41:06Z,2026-10-10T15:30:00.000+02:00,A22TC020230,A22 (contournement),81.0,4450
2026-10-10T13:41:06Z,2026-10-10T15:30:00.000+02:00,A0025021730,A25,84.0,3330
2026-10-10T13:41:06Z,2026-10-10T15:30:00.000+02:00,A0025023910,A25,120.0,1280
2026-10-10T13:41:06Z,2026-10-10T15:30:00.000+02:00,A0025021735,A25,98.0,3560
2026-10-10T13:41:06Z,2026-10-10T15:30:00.000+02:00,A0023010400,A23,111.0,1580
2026-10-10T13:41:06Z,2026-10-10T15:30:00.000+02:00,A0022021900,A22,77.0,3040
2026-10-10T13:41:06Z,2026-10-10T15:30:00.000+02:00,A9022100500,A22 (rocade),73.0,1860
2026-10-10T13:41:06Z,2026-10-10T15:30:00.000+02:00,A0001020940,A1,88.0,4110
2026-10-10T13:41:06Z,2026-10-10T15:30:00.000+02:00,A0001020700,A1,90.0,3070
2026-10-10T13:41:06Z,2026-10-10T15:30:00.000+02:00,A9022020830,A22 (rocade),87.0,340
2026-10-10T13:41:06Z,2026-10-10T15:30:00.000+02:00,A9022020822,A22 (rocade),90.0,1360
2026-10-10T13:41:06Z,2026-10-10T15:30:00.000+02:00,A9022020821,A22 (rocade),90.0,1360
2026-10-10T13:41:06Z,2026-10-10T15:30:00.000+02:00,A0025020420,A25,70.0,4590
2026-10-10T13:41:06Z,2026-10-10T15:30:00.000+02:00,A0025021510,A25,87.0,1540
2026-10-10T13:41:06Z,2026-10-10T15:30:00.000+02:00,N0227010100,N227,65.0,2090
2026-10-10T13:41:06Z,2026-10-10T15:30:00.000+02:00,A0025011720,A25,96.0,2840
2026-10-10T13:41:06Z,2026-10-10T15:30:00.000+02:00,A0025021760,A25,85.0,3510
2026-10-10T13:41:06Z,2026-10-10T15:30:00.000+02:00,A0025011730,A25,87.0,2950
2026-10-10T13:41:06Z,2026-10-10T15:30:00.000+02:00,A0025011735,A25,101.0,3030
2026-10-10T13:41:06Z,2026-10-10T15:30:00.000+02:00,A9025080700,A25 (bretelle),,740
2026-10-10T13:41:06Z,2026-10-10T15:30:00.000+02:00,A9022100930,A22 (rocade),72.0,250
2026-10-10T13:41:06Z,2026-10-10T15:30:00.000+02:00,N0356011220,N356,72.0,3840
2026-10-10T13:41:06Z,2026-10-10T15:30:00.000+02:00,A0025011740,A25,87.0,2940
2026-10-10T13:41:06Z,2026-10-10T15:30:00.000+02:00,A0025010410,A25,69.0,4160
2026-10-10T13:41:06Z,2026-10-10T15:30:00.000+02:00,A0023010200,A23,82.0,1540
2026-10-10T13:41:06Z,2026-10-10T15:30:00.000+02:00,A9001210120,A1 (bretelle),74.0,920
2026-10-10T13:41:06Z,2026-10-10T15:30:00.000+02:00,A0025020210,A25,69.0,6010
2026-10-10T13:41:06Z,2026-10-10T15:30:00.000+02:00,N0356011210,N356,72.0,3840
2026-10-10T13:41:06Z,2026-10-10T15:30:00.000+02:00,A0025011510,A25,88.0,1390
2026-10-10T13:41:06Z,2026-10-10T15:30:00.000+02:00,A0025020220,A25,69.0,6010
2026-10-10T13:41:06Z,2026-10-10T15:30:00.000+02:00,N0227010302,N227,72.0,3330
2026-10-10T13:41:06Z,2026-10-10T15:30:00.000+02:00,N0041010500,N41,101.0,1870
2026-10-10T13:41:06Z,2026-10-10T15:30:00.000+02:00,N0227020101,N227,80.0,2220
2026-10-10T13:41:06Z,2026-10-10T15:30:00.000+02:00,A9022100110,A22 (rocade),65.0,1020
2026-10-10T13:41:06Z,2026-10-10T15:30:00.000+02:00,A0022010400,A22,73.0,3630
2026-10-10T13:41:06Z,2026-10-10T15:30:00.000+02:00,N0356010302,N356,70.0,6200
2026-10-10T13:41:06Z,2026-10-10T15:30:00.000+02:00,A0025010800,A25,85.0,2460
2026-10-10T13:41:06Z,2026-10-10T15:30:00.000+02:00,A0027020621,A27,103.0,1520
2026-10-10T13:41:06Z,2026-10-10T15:30:00.000+02:00,N0041010700,N41,102.0,1030
2026-10-10T13:41:06Z,2026-10-10T15:30:00.000+02:00,A0027020630,A27,105.0,1530
2026-10-10T13:41:06Z,2026-10-10T15:30:00.000+02:00,A0022021512,A22,80.0,2560
2026-10-10T13:41:06Z,2026-10-10T15:30:00.000+02:00,A0022021511,A22,81.0,2690
2026-10-10T13:41:06Z,2026-10-10T15:30:00.000+02:00,A0027020610,A27,103.0,1520
2026-10-10T13:41:06Z,2026-10-10T15:30:00.000+02:00,A0025021720,A25,98.0,3180
2026-10-10T13:41:06Z,2026-10-10T15:30:00.000+02:00,A0022021520,A22,80.0,2560
2026-10-10T13:41:06Z,2026-10-10T15:30:00.000+02:00,A0025022140,A25,110.0,2820
2026-10-10T13:41:06Z,2026-10-10T15:30:00.000+02:00,A0022011302,A22,74.0,2610
2026-10-10T13:41:06Z,2026-10-10T15:30:00.000+02:00,A0025022160,A25,109.0,2860
2026-10-10T13:41:06Z,2026-10-10T15:30:00.000+02:00,A0027010201,A27,92.0,1690
2026-10-10T13:41:06Z,2026-10-10T15:30:00.000+02:00,A0027010202,A27,82.0,970
2026-10-10T13:41:06Z,2026-10-10T15:30:00.000+02:00,N9227110110,N227 (bretelle),74.0,1810
2026-10-10T13:41:06Z,2026-10-10T15:30:00.000+02:00,A0025012130,A25,104.0,1240
2026-10-10T13:41:06Z,2026-10-10T15:30:00.000+02:00,A0027010210,A27,82.0,970
2026-10-10T13:41:06Z,2026-10-10T15:30:00.000+02:00,A0025011050,A25,90.0,1720
2026-10-10T13:41:06Z,2026-10-10T15:30:00.000+02:00,A0025012140,A25,104.0,1120
2026-10-10T13:41:06Z,2026-10-10T15:30:00.000+02:00,A0027010421,A27,99.0,1250
2026-10-10T13:41:06Z,2026-10-10T15:30:00.000+02:00,A0022012420,A22,88.0,3580
2026-10-10T13:41:06Z,2026-10-10T15:30:00.000+02:00,A0027010430,A27,104.0,1260
2026-10-10T13:41:06Z,2026-10-10T15:30:00.000+02:00,A0023020710,A23,108.0,2050
2026-10-10T13:41:06Z,2026-10-10T15:30:00.000+02:00,A0025012160,A25,124.0,2660
2026-10-10T13:41:06Z,2026-10-10T15:30:00.000+02:00,A9022021200,A22 (rocade),62.0,780
2026-10-10T13:41:06Z,2026-10-10T15:30:00.000+02:00,A0001021100,A1,88.0,3420
2026-10-10T13:41:06Z,2026-10-10T15:30:00.000+02:00,A9022101000,A22 (rocade),69.0,1040
2026-10-10T13:41:06Z,2026-10-10T15:30:00.000+02:00,A0025013020,A25,112.0,2100
2026-10-10T13:41:06Z,2026-10-10T15:30:00.000+02:00,A0027010410,A27,99.0,1250
2026-10-10T13:41:06Z,2026-10-10T15:30:00.000+02:00,A0022012410,A22,90.0,3490
2026-10-10T13:41:06Z,2026-10-10T15:30:00.000+02:00,A0001A20112,A1,89.0,2130
2026-10-10T13:41:06Z,2026-10-10T15:30:00.000+02:00,A0001A20111,A1,85.0,1250
2026-10-10T13:41:06Z,2026-10-10T15:30:00.000+02:00,A0001021521,A1,83.0,3120
2026-10-10T13:41:06Z,2026-10-10T15:30:00.000+02:00,A0025022540,A25,114.0,2300
2026-10-10T13:41:06Z,2026-10-10T15:30:00.000+02:00,A0025022300,A25,114.0,1820
2026-10-10T13:41:06Z,2026-10-10T15:30:00.000+02:00,N0356021000,N356,72.0,3260
2026-10-10T13:41:06Z,2026-10-10T15:30:00.000+02:00,A22TC010102,A22 (contournement),83.0,2480
2026-10-10T13:41:06Z,2026-10-10T15:30:00.000+02:00,A0001011503,A1,84.0,5890
2026-10-10T13:41:06Z,2026-10-10T15:30:00.000+02:00,A0022012200,A22,79.0,2980
2026-10-10T13:41:06Z,2026-10-10T15:30:00.000+02:00,A0001A20120,A1,86.0,2150
2026-10-10T13:41:06Z,2026-10-10T15:30:00.000+02:00,A22TC020102,A22 (contournement),83.0,2140
2026-10-10T13:41:06Z,2026-10-10T15:30:00.000+02:00,A22TC010300,A22 (contournement),79.0,1870
2026-10-10T13:41:06Z,2026-10-10T15:30:00.000+02:00,A0022012010,A22,80.0,2090
2026-10-10T13:41:06Z,2026-10-10T15:30:00.000+02:00,A0022012020,A22,80.0,2090
2026-10-10T13:41:06Z,2026-10-10T15:30:00.000+02:00,A0025022130,A25,125.0,2750
2026-10-10T13:41:06Z,2026-10-10T15:30:00.000+02:00,A0023010520,A23,116.0,1690
2026-10-10T13:41:06Z,2026-10-10T15:30:00.000+02:00,N0041020800,N41,97.0,2140
2026-10-10T13:41:06Z,2026-10-10T15:30:00.000+02:00,A0025010500,A25,69.0,2890
2026-10-10T13:41:06Z,2026-10-10T15:30:00.000+02:00,A0022020901,A22,73.0,3630
2026-10-10T13:41:06Z,2026-10-10T15:30:00.000+02:00,A0022020902,A22,73.0,2770
2026-10-10T13:41:06Z,2026-10-10T15:30:00.000+02:00,A0022021810,A22,78.0,2570
2026-10-10T13:41:06Z,2026-10-10T15:30:00.000+02:00,N0356011100,N356,70.0,3540
2026-10-10T13:41:06Z,2026-10-10T15:30:00.000+02:00,A0022021820,A22,78.0,2570
2026-10-10T13:41:06Z,2026-10-10T15:30:00.000+02:00,N0356020802,N356,69.0,3250
2026-10-10T13:41:06Z,2026-10-10T15:30:00.000+02:00,A9022020900,A22 (rocade),79.0,850
2026-10-10T13:41:06Z,2026-10-10T15:30:00.000+02:00,A0025020102,A25,63.0,90
2026-10-10T13:41:06Z,2026-10-10T15:30:00.000+02:00,A0023010100,A23,85.0,240
2026-10-10T13:41:06Z,2026-10-10T15:30:00.000+02:00,A0025022530,A25,116.0,2260
2026-10-10T13:41:06Z,2026-10-10T15:30:00.000+02:00,A9001210200,A1 (bretelle),64.0,1340
2026-10-10T13:41:06Z,2026-10-10T15:30:00.000+02:00,A0022010700,A22,79.0,2700
2026-10-10T13:41:06Z,2026-10-10T15:30:00.000+02:00,N0041020400,N41,87.0,2720
2026-10-10T13:41:06Z,2026-10-10T15:30:00.000+02:00,A0023020720,A23,117.0,2120
2026-10-10T13:41:06Z,2026-10-10T15:30:00.000+02:00,A0022020500,A22,73.0,1920
2026-10-10T13:41:06Z,2026-10-10T15:30:00.000+02:00,N93563b0150,N356 (bretelle),67.0,100
2026-10-10T13:41:06Z,2026-10-10T15:30:00.000+02:00,A0025020950,A25,86.0,3670
2026-10-10T13:41:06Z,2026-10-10T15:30:00.000+02:00,A0023020300,A23,92.0,1710
2026-10-10T13:41:06Z,2026-10-10T15:30:00.000+02:00,A0001011000,A1,84.0,4200
2026-10-10T13:41:06Z,2026-10-10T15:30:00.000+02:00,A0027020500,A27,92.0,860
2026-10-10T13:41:06Z,2026-10-10T15:30:00.000+02:00,N0356011500,N356,69.0,3970
2026-10-10T13:41:06Z,2026-10-10T15:30:00.000+02:00,N0356020400,N356,56.0,1980
2026-10-10T13:41:06Z,2026-10-10T15:30:00.000+02:00,A0025010700,A25,73.0,1680
2026-10-10T13:41:06Z,2026-10-10T15:30:00.000+02:00,A0002011230,A2,108.0,2750
2026-10-10T13:41:06Z,2026-10-10T15:30:00.000+02:00,A0025020500,A25,71.0,3260
2026-10-10T13:41:06Z,2026-10-10T15:30:00.000+02:00,A0002021290,A2,108.0,2280
2026-10-10T13:41:06Z,2026-10-10T15:30:00.000+02:00,A0022011600,A22,6.0,1420
2026-10-10T13:51:05Z,2026-10-10T15:42:00.000+02:00,A0001011200,A1,78.0,4530
2026-10-10T13:51:05Z,2026-10-10T15:42:00.000+02:00,A0027010102,A27,87.0,3260
2026-10-10T13:51:05Z,2026-10-10T15:42:00.000+02:00,N0041010100,N41,87.0,1230
2026-10-10T13:51:05Z,2026-10-10T15:42:00.000+02:00,A0027010101,A27,87.0,3260
2026-10-10T13:51:05Z,2026-10-10T15:42:00.000+02:00,A9022010250,A22 (rocade),85.0,660
2026-10-10T13:51:05Z,2026-10-10T15:42:00.000+02:00,A0001020150,A1,110.0,3160
2026-10-10T13:51:05Z,2026-10-10T15:42:00.000+02:00,N0356011700,N356,72.0,3380
2026-10-10T13:51:05Z,2026-10-10T15:42:00.000+02:00,N9227110200,N227 (bretelle),76.0,30
2026-10-10T13:51:05Z,2026-10-10T15:42:00.000+02:00,N0356021300,N356,63.0,3330
2026-10-10T13:51:05Z,2026-10-10T15:42:00.000+02:00,A0022011400,A22,74.0,840
2026-10-10T13:51:05Z,2026-10-10T15:42:00.000+02:00,A0027010300,A27,94.0,760
2026-10-10T13:51:05Z,2026-10-10T15:42:00.000+02:00,A9022020250,A22 (rocade),34.0,960
2026-10-10T13:51:05Z,2026-10-10T15:42:00.000+02:00,N0041010300,N41,87.0,2630
2026-10-10T13:51:05Z,2026-10-10T15:42:00.000+02:00,A0022011210,A22,82.0,1080
2026-10-10T13:51:05Z,2026-10-10T15:42:00.000+02:00,A0027020100,A27,72.0,1180
2026-10-10T13:51:05Z,2026-10-10T15:42:00.000+02:00,A0001010300,A1,105.0,3550
2026-10-10T13:51:05Z,2026-10-10T15:42:00.000+02:00,A0022011220,A22,82.0,1080
2026-10-10T13:51:05Z,2026-10-10T15:42:00.000+02:00,N0227021400,N227,52.0,140
2026-10-10T13:51:05Z,2026-10-10T15:42:00.000+02:00,A9022101110,A22 (rocade),78.0,1280
2026-10-10T13:51:05Z,2026-10-10T15:42:00.000+02:00,A0022022110,A22,75.0,3690
2026-10-10T13:51:05Z,2026-10-10T15:42:00.000+02:00,A0001011420,A1,79.0,3330
2026-10-10T13:51:05Z,2026-10-10T15:42:00.000+02:00,N0356010800,N356,70.0,3630
2026-10-10T13:51:05Z,2026-10-10T15:42:00.000+02:00,A9001210710,A1 (bretelle),66.0,270
2026-10-10T13:51:05Z,2026-10-10T15:42:00.000+02:00,N0356021110,N356,70.0,3790
2026-10-10T13:51:05Z,2026-10-10T15:42:00.000+02:00,A0001010510,A1,105.0,3270
2026-10-10T13:51:05Z,2026-10-10T15:42:00.000+02:00,N0356021122,N356,63.0,3700
2026-10-10T13:51:05Z,2026-10-10T15:42:00.000+02:00,N0356021121,N356,70.0,3790
2026-10-10T13:51:05Z,2026-10-10T15:42:00.000+02:00,A0025010210,A25,69.0,4610
2026-10-10T13:51:05Z,2026-10-10T15:42:00.000+02:00,A0025011300,A25,86.0,1330
2026-10-10T13:51:05Z,2026-10-10T15:42:00.000+02:00,A0001020300,A1,110.0,3180
2026-10-10T13:51:05Z,2026-10-10T15:42:00.000+02:00,A0025021100,A25,85.0,3400
2026-10-10T13:51:05Z,2026-10-10T15:42:00.000+02:00,A0025023520,A25,112.0,1520
2026-10-10T13:51:05Z,2026-10-10T15:42:00.000+02:00,A0025010220,A25,69.0,4610
2026-10-10T13:51:05Z,2026-10-10T15:42:00.000+02:00,A0022022120,A22,81.0,3760
2026-10-10T13:51:05Z,2026-10-10T15:42:00.000+02:00,A0001010520,A1,102.0,3720
2026-10-10T13:51:05Z,2026-10-10T15:42:00.000+02:00,A0022011000,A22,83.0,3640
2026-10-10T13:51:05Z,2026-10-10T15:42:00.000+02:00,A0001020510,A1,108.0,3100
2026-10-10T13:51:05Z,2026-10-10T15:42:00.000+02:00,A0001021602,A1,79.0,7020
2026-10-10T13:51:05Z,2026-10-10T15:42:00.000+02:00,A22TC020222,A22 (contournement),87.0,4430
2026-10-10T13:51:05Z,2026-10-10T15:42:00.000+02:00,A0001010940,A1,94.0,4470
2026-10-10T13:51:05Z,2026-10-10T15:42:00.000+02:00,A0025023320,A25,117.0,2260
2026-10-10T13:51:05Z,2026-10-10T15:42:00.000+02:00,A0001020520,A1,100.0,3300
2026-10-10T13:51:05Z,2026-10-10T15:42:00.000+02:00,A0025023100,A25,114.0,1940
2026-10-10T13:51:05Z,2026-10-10T15:42:00.000+02:00,A22TC020230,A22 (contournement),87.0,4430
2026-10-10T13:51:05Z,2026-10-10T15:42:00.000+02:00,A0025021730,A25,83.0,3780
2026-10-10T13:51:05Z,2026-10-10T15:42:00.000+02:00,A0025023910,A25,123.0,1330
2026-10-10T13:51:05Z,2026-10-10T15:42:00.000+02:00,A0025021735,A25,99.0,3720
2026-10-10T13:51:05Z,2026-10-10T15:42:00.000+02:00,A0023010400,A23,110.0,1540
2026-10-10T13:51:05Z,2026-10-10T15:42:00.000+02:00,A0022021900,A22,76.0,2830
2026-10-10T13:51:05Z,2026-10-10T15:42:00.000+02:00,A9022100500,A22 (rocade),76.0,1470
2026-10-10T13:51:05Z,2026-10-10T15:42:00.000+02:00,A0001020940,A1,88.0,4110
2026-10-10T13:51:05Z,2026-10-10T15:42:00.000+02:00,A0001020700,A1,93.0,2770
2026-10-10T13:51:05Z,2026-10-10T15:42:00.000+02:00,A9022020830,A22 (rocade),81.0,440
2026-10-10T13:51:05Z,2026-10-10T15:42:00.000+02:00,A9022020822,A22 (rocade),92.0,1380
2026-10-10T13:51:05Z,2026-10-10T15:42:00.000+02:00,A9022020821,A22 (rocade),92.0,1380
2026-10-10T13:51:05Z,2026-10-10T15:42:00.000+02:00,A0025020420,A25,70.0,4980
2026-10-10T13:51:05Z,2026-10-10T15:42:00.000+02:00,A0025021510,A25,82.0,1860
2026-10-10T13:51:05Z,2026-10-10T15:42:00.000+02:00,N0227010100,N227,65.0,2100
2026-10-10T13:51:05Z,2026-10-10T15:42:00.000+02:00,A0025011720,A25,94.0,2850
2026-10-10T13:51:05Z,2026-10-10T15:42:00.000+02:00,A0025021760,A25,84.0,3700
2026-10-10T13:51:05Z,2026-10-10T15:42:00.000+02:00,A0025011730,A25,85.0,2910
2026-10-10T13:51:05Z,2026-10-10T15:42:00.000+02:00,A0025011735,A25,102.0,3030
2026-10-10T13:51:05Z,2026-10-10T15:42:00.000+02:00,A9025080700,A25 (bretelle),,1020
2026-10-10T13:51:05Z,2026-10-10T15:42:00.000+02:00,A9022100930,A22 (rocade),75.0,200
2026-10-10T13:51:05Z,2026-10-10T15:42:00.000+02:00,N0356011220,N356,70.0,3470
2026-10-10T13:51:05Z,2026-10-10T15:42:00.000+02:00,A0025011740,A25,87.0,3010
2026-10-10T13:51:05Z,2026-10-10T15:42:00.000+02:00,A0025010410,A25,68.0,3850
2026-10-10T13:51:05Z,2026-10-10T15:42:00.000+02:00,A0023010200,A23,90.0,1490
2026-10-10T13:51:05Z,2026-10-10T15:42:00.000+02:00,A9001210120,A1 (bretelle),78.0,930
2026-10-10T13:51:05Z,2026-10-10T15:42:00.000+02:00,A0025020210,A25,71.0,5620
2026-10-10T13:51:05Z,2026-10-10T15:42:00.000+02:00,N0356011210,N356,70.0,3470
2026-10-10T13:51:05Z,2026-10-10T15:42:00.000+02:00,A0025011510,A25,89.0,1620
2026-10-10T13:51:05Z,2026-10-10T15:42:00.000+02:00,A0025020220,A25,71.0,5620
2026-10-10T13:51:05Z,2026-10-10T15:42:00.000+02:00,N0227010302,N227,72.0,3810
2026-10-10T13:51:05Z,2026-10-10T15:42:00.000+02:00,N0041010500,N41,98.0,1660
2026-10-10T13:51:05Z,2026-10-10T15:42:00.000+02:00,N0227020101,N227,85.0,2280
2026-10-10T13:51:05Z,2026-10-10T15:42:00.000+02:00,A9022100110,A22 (rocade),62.0,1290
2026-10-10T13:51:05Z,2026-10-10T15:42:00.000+02:00,A0022010400,A22,72.0,3790
2026-10-10T13:51:05Z,2026-10-10T15:42:00.000+02:00,N0356010302,N356,74.0,5630
2026-10-10T13:51:05Z,2026-10-10T15:42:00.000+02:00,A0025010800,A25,82.0,2270
2026-10-10T13:51:05Z,2026-10-10T15:42:00.000+02:00,A0027020621,A27,100.0,1690
2026-10-10T13:51:05Z,2026-10-10T15:42:00.000+02:00,N0041010700,N41,101.0,580
2026-10-10T13:51:05Z,2026-10-10T15:42:00.000+02:00,A0027020630,A27,102.0,1670
2026-10-10T13:51:05Z,2026-10-10T15:42:00.000+02:00,A0022021512,A22,78.0,2530
2026-10-10T13:51:05Z,2026-10-10T15:42:00.000+02:00,A0022021511,A22,80.0,2450
2026-10-10T13:51:05Z,2026-10-10T15:42:00.000+02:00,A0027020610,A27,100.0,1690
2026-10-10T13:51:05Z,2026-10-10T15:42:00.000+02:00,A0025021720,A25,97.0,3580
2026-10-10T13:51:05Z,2026-10-10T15:42:00.000+02:00,A0022021520,A22,78.0,2530
2026-10-10T13:51:05Z,2026-10-10T15:42:00.000+02:00,A0025022140,A25,110.0,2940
2026-10-10T13:51:05Z,2026-10-10T15:42:00.000+02:00,A0022011302,A22,73.0,2660
2026-10-10T13:51:05Z,2026-10-10T15:42:00.000+02:00,A0025022160,A25,106.0,2970
2026-10-10T13:51:05Z,2026-10-10T15:42:00.000+02:00,A0027010201,A27,92.0,1540
2026-10-10T13:51:05Z,2026-10-10T15:42:00.000+02:00,A0027010202,A27,82.0,860
2026-10-10T13:51:05Z,2026-10-10T15:42:00.000+02:00,N9227110110,N227 (bretelle),74.0,1760
2026-10-10T13:51:05Z,2026-10-10T15:42:00.000+02:00,A0025012130,A25,111.0,1210
2026-10-10T13:51:05Z,2026-10-10T15:42:00.000+02:00,A0027010210,A27,82.0,860
2026-10-10T13:51:05Z,2026-10-10T15:42:00.000+02:00,A0025011050,A25,87.0,2010
2026-10-10T13:51:05Z,2026-10-10T15:42:00.000+02:00,A0025012140,A25,111.0,920
2026-10-10T13:51:05Z,2026-10-10T15:42:00.000+02:00,A0027010421,A27,99.0,1170
2026-10-10T13:51:05Z,2026-10-10T15:42:00.000+02:00,A0022012420,A22,82.0,3810
2026-10-10T13:51:05Z,2026-10-10T15:42:00.000+02:00,A0027010430,A27,103.0,1180
2026-10-10T13:51:05Z,2026-10-10T15:42:00.000+02:00,A0023020710,A23,106.0,2300
2026-10-10T13:51:05Z,2026-10-10T15:42:00.000+02:00,A0025012160,A25,125.0,2570
2026-10-10T13:51:05Z,2026-10-10T15:42:00.000+02:00,A9022021200,A22 (rocade),60.0,900
2026-10-10T13:51:05Z,2026-10-10T15:42:00.000+02:00,A0001021100,A1,87.0,3350
2026-10-10T13:51:05Z,2026-10-10T15:42:00.000+02:00,A9022101000,A22 (rocade),74.0,1130
2026-10-10T13:51:05Z,2026-10-10T15:42:00.000+02:00,A0025013020,A25,110.0,2050
2026-10-10T13:51:05Z,2026-10-10T15:42:00.000+02:00,A0027010410,A27,99.0,1170
2026-10-10T13:51:05Z,2026-10-10T15:42:00.000+02:00,A0022012410,A22,80.0,3870
2026-10-10T13:51:05Z,2026-10-10T15:42:00.000+02:00,A0001A20112,A1,88.0,2150
2026-10-10T13:51:05Z,2026-10-10T15:42:00.000+02:00,A0001A20111,A1,88.0,1190
2026-10-10T13:51:05Z,2026-10-10T15:42:00.000+02:00,A0001021521,A1,81.0,3440
2026-10-10T13:51:05Z,2026-10-10T15:42:00.000+02:00,A0025022540,A25,108.0,2570
2026-10-10T13:51:05Z,2026-10-10T15:42:00.000+02:00,A0025022300,A25,112.0,1390
2026-10-10T13:51:05Z,2026-10-10T15:42:00.000+02:00,N0356021000,N356,71.0,3400
2026-10-10T13:51:05Z,2026-10-10T15:42:00.000+02:00,A22TC010102,A22 (contournement),83.0,2160
2026-10-10T13:51:05Z,2026-10-10T15:42:00.000+02:00,A0001011503,A1,83.0,5660
2026-10-10T13:51:05Z,2026-10-10T15:42:00.000+02:00,A0022012200,A22,74.0,3440
2026-10-10T13:51:05Z,2026-10-10T15:42:00.000+02:00,A0001A20120,A1,84.0,2200
2026-10-10T13:51:05Z,2026-10-10T15:42:00.000+02:00,A22TC020102,A22 (contournement),84.0,2130
2026-10-10T13:51:05Z,2026-10-10T15:42:00.000+02:00,A22TC010300,A22 (contournement),82.0,1900
2026-10-10T13:51:05Z,2026-10-10T15:42:00.000+02:00,A0022012010,A22,75.0,2320
2026-10-10T13:51:05Z,2026-10-10T15:42:00.000+02:00,A0022012020,A22,75.0,2320
2026-10-10T13:51:05Z,2026-10-10T15:42:00.000+02:00,A0025022130,A25,125.0,2970
2026-10-10T13:51:05Z,2026-10-10T15:42:00.000+02:00,A0023010520,A23,118.0,1430
2026-10-10T13:51:05Z,2026-10-10T15:42:00.000+02:00,N0041020800,N41,95.0,1910
2026-10-10T13:51:05Z,2026-10-10T15:42:00.000+02:00,A0025010500,A25,70.0,2950
2026-10-10T13:51:05Z,2026-10-10T15:42:00.000+02:00,A0022020901,A22,76.0,3590
2026-10-10T13:51:05Z,2026-10-10T15:42:00.000+02:00,A0022020902,A22,76.0,2730
2026-10-10T13:51:05Z,2026-10-10T15:42:00.000+02:00,A0022021810,A22,77.0,2280
2026-10-10T13:51:05Z,2026-10-10T15:42:00.000+02:00,N0356011100,N356,70.0,3390
2026-10-10T13:51:05Z,2026-10-10T15:42:00.000+02:00,A0022021820,A22,77.0,2280
2026-10-10T13:51:05Z,2026-10-10T15:42:00.000+02:00,N0356020802,N356,69.0,3460
2026-10-10T13:51:05Z,2026-10-10T15:42:00.000+02:00,A9022020900,A22 (rocade),84.0,750
2026-10-10T13:51:05Z,2026-10-10T15:42:00.000+02:00,A0025020102,A25,71.0,220
2026-10-10T13:51:05Z,2026-10-10T15:42:00.000+02:00,A0023010100,A23,89.0,200
2026-10-10T13:51:05Z,2026-10-10T15:42:00.000+02:00,A0025022530,A25,111.0,2430
2026-10-10T13:51:05Z,2026-10-10T15:42:00.000+02:00,A9001210200,A1 (bretelle),66.0,1140
2026-10-10T13:51:05Z,2026-10-10T15:42:00.000+02:00,A0022010700,A22,76.0,3320
2026-10-10T13:51:05Z,2026-10-10T15:42:00.000+02:00,N0041020400,N41,86.0,2500
2026-10-10T13:51:05Z,2026-10-10T15:42:00.000+02:00,A0023020720,A23,118.0,2160
2026-10-10T13:51:05Z,2026-10-10T15:42:00.000+02:00,A0022020500,A22,76.0,1890
2026-10-10T13:51:05Z,2026-10-10T15:42:00.000+02:00,N93563b0150,N356 (bretelle),66.0,110
2026-10-10T13:51:05Z,2026-10-10T15:42:00.000+02:00,A0025020950,A25,90.0,4280
2026-10-10T13:51:05Z,2026-10-10T15:42:00.000+02:00,A0023020300,A23,84.0,1970
2026-10-10T13:51:05Z,2026-10-10T15:42:00.000+02:00,A0001011000,A1,83.0,3890
2026-10-10T13:51:05Z,2026-10-10T15:42:00.000+02:00,A0027020500,A27,91.0,830
2026-10-10T13:51:05Z,2026-10-10T15:42:00.000+02:00,N0356011500,N356,69.0,3730
2026-10-10T13:51:05Z,2026-10-10T15:42:00.000+02:00,A0001010150,A1,108.0,3420
2026-10-10T13:51:05Z,2026-10-10T15:42:00.000+02:00,N0356020400,N356,54.0,1960
2026-10-10T13:51:05Z,2026-10-10T15:42:00.000+02:00,A0025010700,A25,72.0,1510
2026-10-10T13:51:05Z,2026-10-10T15:42:00.000+02:00,A0002011230,A2,107.0,2570
2026-10-10T13:51:05Z,2026-10-10T15:42:00.000+02:00,A0025020500,A25,69.0,3780
2026-10-10T13:51:05Z,2026-10-10T15:42:00.000+02:00,A0002021290,A2,108.0,2560
2026-10-10T13:51:05Z,2026-10-10T15:42:00.000+02:00,A0022011600,A22,81.0,1190
2026-10-10T14:01:19Z,2026-10-10T15:54:00.000+02:00,A0001011200,A1,74.0,4500
2026-10-10T14:01:19Z,2026-10-10T15:54:00.000+02:00,A0027010102,A27,90.0,3290
2026-10-10T14:01:19Z,2026-10-10T15:54:00.000+02:00,N0041010100,N41,85.0,1510
2026-10-10T14:01:19Z,2026-10-10T15:54:00.000+02:00,A0027010101,A27,90.0,3290
2026-10-10T14:01:19Z,2026-10-10T15:54:00.000+02:00,A9022010250,A22 (rocade),83.0,620
2026-10-10T14:01:19Z,2026-10-10T15:54:00.000+02:00,A0001020150,A1,108.0,3270
2026-10-10T14:01:19Z,2026-10-10T15:54:00.000+02:00,N0356011700,N356,71.0,3440
2026-10-10T14:01:19Z,2026-10-10T15:54:00.000+02:00,N9227110200,N227 (bretelle),76.0,40
2026-10-10T14:01:19Z,2026-10-10T15:54:00.000+02:00,N0356021300,N356,64.0,3310
2026-10-10T14:01:19Z,2026-10-10T15:54:00.000+02:00,A0022011400,A22,76.0,760
2026-10-10T14:01:19Z,2026-10-10T15:54:00.000+02:00,A0027010300,A27,94.0,750
2026-10-10T14:01:19Z,2026-10-10T15:54:00.000+02:00,A9022020250,A22 (rocade),57.0,1260
2026-10-10T14:01:19Z,2026-10-10T15:54:00.000+02:00,N0041010300,N41,88.0,2780
2026-10-10T14:01:19Z,2026-10-10T15:54:00.000+02:00,A0022011210,A22,61.0,1170
2026-10-10T14:01:19Z,2026-10-10T15:54:00.000+02:00,A0027020100,A27,73.0,1270
2026-10-10T14:01:19Z,2026-10-10T15:54:00.000+02:00,A0001010300,A1,106.0,3820
2026-10-10T14:01:19Z,2026-10-10T15:54:00.000+02:00,A0022011220,A22,61.0,1170
2026-10-10T14:01:19Z,2026-10-10T15:54:00.000+02:00,N0227021400,N227,60.0,140
2026-10-10T14:01:19Z,2026-10-10T15:54:00.000+02:00,A9022101110,A22 (rocade),78.0,1440
2026-10-10T14:01:19Z,2026-10-10T15:54:00.000+02:00,A0022022110,A22,79.0,4000
2026-10-10T14:01:19Z,2026-10-10T15:54:00.000+02:00,A0001011420,A1,82.0,3080
2026-10-10T14:01:19Z,2026-10-10T15:54:00.000+02:00,N0356010800,N356,71.0,3420
2026-10-10T14:01:19Z,2026-10-10T15:54:00.000+02:00,A9001210710,A1 (bretelle),59.0,80
2026-10-10T14:01:19Z,2026-10-10T15:54:00.000+02:00,N0356021110,N356,69.0,3850
2026-10-10T14:01:19Z,2026-10-10T15:54:00.000+02:00,A0001010510,A1,106.0,3450
2026-10-10T14:01:19Z,2026-10-10T15:54:00.000+02:00,N0356021122,N356,64.0,3750
2026-10-10T14:01:19Z,2026-10-10T15:54:00.000+02:00,N0356021121,N356,69.0,3850
2026-10-10T14:01:19Z,2026-10-10T15:54:00.000+02:00,A0025010210,A25,68.0,4980
2026-10-10T14:01:19Z,2026-10-10T15:54:00.000+02:00,A0025011300,A25,88.0,1320
2026-10-10T14:01:19Z,2026-10-10T15:54:00.000+02:00,A0001020300,A1,106.0,3220
2026-10-10T14:01:19Z,2026-10-10T15:54:00.000+02:00,A0025021100,A25,85.0,3000
2026-10-10T14:01:19Z,2026-10-10T15:54:00.000+02:00,A0025023520,A25,112.0,1280
2026-10-10T14:01:19Z,2026-10-10T15:54:00.000+02:00,A0022022130,A22,87.0,3780
2026-10-10T14:01:19Z,2026-10-10T15:54:00.000+02:00,A0025010220,A25,68.0,4980
2026-10-10T14:01:19Z,2026-10-10T15:54:00.000+02:00,A0022022120,A22,84.0,3890
2026-10-10T14:01:19Z,2026-10-10T15:54:00.000+02:00,A0001010520,A1,102.0,4110
2026-10-10T14:01:19Z,2026-10-10T15:54:00.000+02:00,A0022011000,A22,78.0,3180
2026-10-10T14:01:19Z,2026-10-10T15:54:00.000+02:00,A0001020510,A1,102.0,3430
2026-10-10T14:01:19Z,2026-10-10T15:54:00.000+02:00,A0001021602,A1,79.0,7380
2026-10-10T14:01:19Z,2026-10-10T15:54:00.000+02:00,A22TC020222,A22 (contournement),85.0,4760
2026-10-10T14:01:19Z,2026-10-10T15:54:00.000+02:00,A0001010940,A1,95.0,5160
2026-10-10T14:01:19Z,2026-10-10T15:54:00.000+02:00,A0025023320,A25,112.0,2230
2026-10-10T14:01:19Z,2026-10-10T15:54:00.000+02:00,A0001020520,A1,98.0,3500
2026-10-10T14:01:19Z,2026-10-10T15:54:00.000+02:00,A0025023100,A25,115.0,1750
2026-10-10T14:01:19Z,2026-10-10T15:54:00.000+02:00,A22TC020230,A22 (contournement),85.0,4760
2026-10-10T14:01:19Z,2026-10-10T15:54:00.000+02:00,A0025021730,A25,79.0,3570
2026-10-10T14:01:19Z,2026-10-10T15:54:00.000+02:00,A0025023910,A25,117.0,1130
2026-10-10T14:01:19Z,2026-10-10T15:54:00.000+02:00,A0025021735,A25,85.0,3610
2026-10-10T14:01:19Z,2026-10-10T15:54:00.000+02:00,A0023010400,A23,113.0,1640
2026-10-10T14:01:19Z,2026-10-10T15:54:00.000+02:00,A0022021900,A22,75.0,3210
2026-10-10T14:01:19Z,2026-10-10T15:54:00.000+02:00,A9022100500,A22 (rocade),72.0,1910
2026-10-10T14:01:19Z,2026-10-10T15:54:00.000+02:00,A0001020940,A1,88.0,3930
2026-10-10T14:01:19Z,2026-10-10T15:54:00.000+02:00,A0001020700,A1,93.0,2890
2026-10-10T14:01:19Z,2026-10-10T15:54:00.000+02:00,A9022020830,A22 (rocade),87.0,310
2026-10-10T14:01:19Z,2026-10-10T15:54:00.000+02:00,A9022020822,A22 (rocade),93.0,1460
2026-10-10T14:01:19Z,2026-10-10T15:54:00.000+02:00,A9022020821,A22 (rocade),93.0,1460
2026-10-10T14:01:19Z,2026-10-10T15:54:00.000+02:00,A0025020420,A25,67.0,5720
2026-10-10T14:01:19Z,2026-10-10T15:54:00.000+02:00,A0025021510,A25,89.0,1770
2026-10-10T14:01:19Z,2026-10-10T15:54:00.000+02:00,N0227010100,N227,66.0,2130
2026-10-10T14:01:19Z,2026-10-10T15:54:00.000+02:00,A0025011720,A25,96.0,3130
2026-10-10T14:01:19Z,2026-10-10T15:54:00.000+02:00,A0025021760,A25,45.0,3460
2026-10-10T14:01:19Z,2026-10-10T15:54:00.000+02:00,A0025011730,A25,88.0,3200
2026-10-10T14:01:19Z,2026-10-10T15:54:00.000+02:00,A0025011735,A25,100.0,3230
2026-10-10T14:01:19Z,2026-10-10T15:54:00.000+02:00,A9025080700,A25 (bretelle),,900
2026-10-10T14:01:19Z,2026-10-10T15:54:00.000+02:00,A9022100930,A22 (rocade),72.0,160
2026-10-10T14:01:19Z,2026-10-10T15:54:00.000+02:00,N0356011220,N356,70.0,3680
2026-10-10T14:01:19Z,2026-10-10T15:54:00.000+02:00,A0025011740,A25,83.0,3330
2026-10-10T14:01:19Z,2026-10-10T15:54:00.000+02:00,A0025010410,A25,69.0,3780
2026-10-10T14:01:19Z,2026-10-10T15:54:00.000+02:00,A0023010200,A23,91.0,1540
2026-10-10T14:01:19Z,2026-10-10T15:54:00.000+02:00,A9001210120,A1 (bretelle),74.0,940
2026-10-10T14:01:19Z,2026-10-10T15:54:00.000+02:00,A0025020210,A25,66.0,6540
2026-10-10T14:01:19Z,2026-10-10T15:54:00.000+02:00,N0356011210,N356,70.0,3680
2026-10-10T14:01:19Z,2026-10-10T15:54:00.000+02:00,A0025011510,A25,91.0,1680
2026-10-10T14:01:19Z,2026-10-10T15:54:00.000+02:00,A0025020220,A25,66.0,6540
2026-10-10T14:01:19Z,2026-10-10T15:54:00.000+02:00,N0227010302,N227,67.0,3780
2026-10-10T14:01:19Z,2026-10-10T15:54:00.000+02:00,N0041010500,N41,94.0,1920
2026-10-10T14:01:19Z,2026-10-10T15:54:00.000+02:00,N0227020101,N227,84.0,2040
2026-10-10T14:01:19Z,2026-10-10T15:54:00.000+02:00,A9022100110,A22 (rocade),66.0,1020
2026-10-10T14:01:19Z,2026-10-10T15:54:00.000+02:00,A0022010400,A22,72.0,3520
2026-10-10T14:01:19Z,2026-10-10T15:54:00.000+02:00,N0356010302,N356,75.0,5110
2026-10-10T14:01:19Z,2026-10-10T15:54:00.000+02:00,A0025010800,A25,85.0,2240
2026-10-10T14:01:19Z,2026-10-10T15:54:00.000+02:00,A0027020621,A27,100.0,1610
2026-10-10T14:01:19Z,2026-10-10T15:54:00.000+02:00,N0041010700,N41,97.0,820
2026-10-10T14:01:19Z,2026-10-10T15:54:00.000+02:00,A0027020630,A27,103.0,1580
2026-10-10T14:01:19Z,2026-10-10T15:54:00.000+02:00,A0022021512,A22,78.0,2760
2026-10-10T14:01:19Z,2026-10-10T15:54:00.000+02:00,A0022021511,A22,78.0,2890
2026-10-10T14:01:19Z,2026-10-10T15:54:00.000+02:00,A0027020610,A27,100.0,1610
2026-10-10T14:01:19Z,2026-10-10T15:54:00.000+02:00,A0025021720,A25,92.0,3780
2026-10-10T14:01:19Z,2026-10-10T15:54:00.000+02:00,A0022021520,A22,78.0,2760
2026-10-10T14:01:19Z,2026-10-10T15:54:00.000+02:00,A0025022140,A25,110.0,2930
2026-10-10T14:01:19Z,2026-10-10T15:54:00.000+02:00,A0022011302,A22,74.0,2440
2026-10-10T14:01:19Z,2026-10-10T15:54:00.000+02:00,A0025022160,A25,108.0,2800
2026-10-10T14:01:19Z,2026-10-10T15:54:00.000+02:00,A0027010201,A27,94.0,1640
2026-10-10T14:01:19Z,2026-10-10T15:54:00.000+02:00,A0027010202,A27,78.0,560
2026-10-10T14:01:19Z,2026-10-10T15:54:00.000+02:00,N9227110110,N227 (bretelle),72.0,1710
2026-10-10T14:01:19Z,2026-10-10T15:54:00.000+02:00,A0025012130,A25,109.0,1400
2026-10-10T14:01:19Z,2026-10-10T15:54:00.000+02:00,A0027010210,A27,78.0,560
2026-10-10T14:01:19Z,2026-10-10T15:54:00.000+02:00,A0025011050,A25,95.0,1870
2026-10-10T14:01:19Z,2026-10-10T15:54:00.000+02:00,A0025012140,A25,109.0,1240
2026-10-10T14:01:19Z,2026-10-10T15:54:00.000+02:00,A0027010421,A27,101.0,1100
2026-10-10T14:01:19Z,2026-10-10T15:54:00.000+02:00,A0022012420,A22,88.0,3460
2026-10-10T14:01:19Z,2026-10-10T15:54:00.000+02:00,A0027010430,A27,105.0,1040
2026-10-10T14:01:19Z,2026-10-10T15:54:00.000+02:00,A0023020710,A23,106.0,2180
2026-10-10T14:01:19Z,2026-10-10T15:54:00.000+02:00,A0022012430,A22,88.0,3420
2026-10-10T14:01:19Z,2026-10-10T15:54:00.000+02:00,A0025012160,A25,117.0,2830
2026-10-10T14:01:19Z,2026-10-10T15:54:00.000+02:00,A9022021200,A22 (rocade),60.0,900
2026-10-10T14:01:19Z,2026-10-10T15:54:00.000+02:00,A0001021100,A1,89.0,3220
2026-10-10T14:01:19Z,2026-10-10T15:54:00.000+02:00,A9022101000,A22 (rocade),72.0,1160
2026-10-10T14:01:19Z,2026-10-10T15:54:00.000+02:00,A0025013020,A25,113.0,1840
2026-10-10T14:01:19Z,2026-10-10T15:54:00.000+02:00,A0027010410,A27,101.0,1100
2026-10-10T14:01:19Z,2026-10-10T15:54:00.000+02:00,A0022012410,A22,87.0,3560
2026-10-10T14:01:19Z,2026-10-10T15:54:00.000+02:00,A0001A20112,A1,90.0,2150
2026-10-10T14:01:19Z,2026-10-10T15:54:00.000+02:00,A0001A20111,A1,89.0,1080
2026-10-10T14:01:19Z,2026-10-10T15:54:00.000+02:00,A0001021521,A1,84.0,2890
2026-10-10T14:01:19Z,2026-10-10T15:54:00.000+02:00,A0025022540,A25,116.0,2060
2026-10-10T14:01:19Z,2026-10-10T15:54:00.000+02:00,A0025022300,A25,119.0,1170
2026-10-10T14:01:19Z,2026-10-10T15:54:00.000+02:00,N0356021000,N356,70.0,3500
2026-10-10T14:01:19Z,2026-10-10T15:54:00.000+02:00,A22TC010102,A22 (contournement),47.0,2560
2026-10-10T14:01:19Z,2026-10-10T15:54:00.000+02:00,A0001011503,A1,84.0,5710
2026-10-10T14:01:19Z,2026-10-10T15:54:00.000+02:00,A0022012200,A22,76.0,3270
2026-10-10T14:01:19Z,2026-10-10T15:54:00.000+02:00,A0001A20120,A1,85.0,2450
2026-10-10T14:01:19Z,2026-10-10T15:54:00.000+02:00,A22TC020102,A22 (contournement),84.0,2190
2026-10-10T14:01:19Z,2026-10-10T15:54:00.000+02:00,A22TC010300,A22 (contournement),81.0,1750
2026-10-10T14:01:19Z,2026-10-10T15:54:00.000+02:00,A0022012010,A22,77.0,2350
2026-10-10T14:01:19Z,2026-10-10T15:54:00.000+02:00,A0022012020,A22,77.0,2350
2026-10-10T14:01:19Z,2026-10-10T15:54:00.000+02:00,A0025022130,A25,120.0,2890
2026-10-10T14:01:19Z,2026-10-10T15:54:00.000+02:00,A0023010520,A23,119.0,1550
2026-10-10T14:01:19Z,2026-10-10T15:54:00.000+02:00,N0041020800,N41,95.0,2050
2026-10-10T14:01:19Z,2026-10-10T15:54:00.000+02:00,A0025010500,A25,68.0,2690
2026-10-10T14:01:19Z,2026-10-10T15:54:00.000+02:00,A0022020901,A22,78.0,3670
2026-10-10T14:01:19Z,2026-10-10T15:54:00.000+02:00,A0022020902,A22,78.0,2900
2026-10-10T14:01:19Z,2026-10-10T15:54:00.000+02:00,A0022021810,A22,76.0,2740
2026-10-10T14:01:19Z,2026-10-10T15:54:00.000+02:00,N0356011100,N356,69.0,3480
2026-10-10T14:01:19Z,2026-10-10T15:54:00.000+02:00,A0022021820,A22,76.0,2740
2026-10-10T14:01:19Z,2026-10-10T15:54:00.000+02:00,N0356020802,N356,67.0,3960
2026-10-10T14:01:19Z,2026-10-10T15:54:00.000+02:00,A9022020900,A22 (rocade),85.0,820
2026-10-10T14:01:19Z,2026-10-10T15:54:00.000+02:00,A0025020102,A25,70.0,70
2026-10-10T14:01:19Z,2026-10-10T15:54:00.000+02:00,A0023010100,A23,109.0,200
2026-10-10T14:01:19Z,2026-10-10T15:54:00.000+02:00,A0025022530,A25,119.0,2010
2026-10-10T14:01:19Z,2026-10-10T15:54:00.000+02:00,A9001210200,A1 (bretelle),65.0,1240
2026-10-10T14:01:19Z,2026-10-10T15:54:00.000+02:00,A0022010700,A22,76.0,2680
2026-10-10T14:01:19Z,2026-10-10T15:54:00.000+02:00,N0041020400,N41,86.0,2540
2026-10-10T14:01:19Z,2026-10-10T15:54:00.000+02:00,A0023020720,A23,114.0,2170
2026-10-10T14:01:19Z,2026-10-10T15:54:00.000+02:00,A0022020500,A22,78.0,1750
2026-10-10T14:01:19Z,2026-10-10T15:54:00.000+02:00,N93563b0150,N356 (bretelle),66.0,160
2026-10-10T14:01:19Z,2026-10-10T15:54:00.000+02:00,A0025020950,A25,86.0,4190
2026-10-10T14:01:19Z,2026-10-10T15:54:00.000+02:00,A0023020300,A23,86.0,2050
2026-10-10T14:01:19Z,2026-10-10T15:54:00.000+02:00,A0001011000,A1,83.0,4100
2026-10-10T14:01:19Z,2026-10-10T15:54:00.000+02:00,A0027020500,A27,88.0,780
2026-10-10T14:01:19Z,2026-10-10T15:54:00.000+02:00,N0356011500,N356,65.0,3720
2026-10-10T14:01:19Z,2026-10-10T15:54:00.000+02:00,A0001010150,A1,109.0,3960
2026-10-10T14:01:19Z,2026-10-10T15:54:00.000+02:00,N0356020400,N356,47.0,2140
2026-10-10T14:01:19Z,2026-10-10T15:54:00.000+02:00,A0025010700,A25,69.0,1670
2026-10-10T14:01:19Z,2026-10-10T15:54:00.000+02:00,A0002011230,A2,110.0,2630
2026-10-10T14:01:19Z,2026-10-10T15:54:00.000+02:00,A0025020500,A25,69.0,4260
2026-10-10T14:01:19Z,2026-10-10T15:54:00.000+02:00,A0002021290,A2,110.0,2440
2026-10-10T14:01:19Z,2026-10-10T15:54:00.000+02:00,A0022011600,A22,80.0,1380
