poll_utc,feed_time,code_pme,route,vitesse_kmh,debit_vh
2026-09-17T03:41:16Z,2026-09-17T05:30:00.000+02:00,A0001011200,A1,74.0,1360
2026-09-17T03:41:16Z,2026-09-17T05:30:00.000+02:00,A0027010102,A27,83.0,970
2026-09-17T03:41:16Z,2026-09-17T05:30:00.000+02:00,N0041010100,N41,83.0,400
2026-09-17T03:41:16Z,2026-09-17T05:30:00.000+02:00,A0027010101,A27,83.0,970
2026-09-17T03:41:16Z,2026-09-17T05:30:00.000+02:00,A9022010250,A22 (rocade),97.0,70
2026-09-17T03:41:16Z,2026-09-17T05:30:00.000+02:00,A0001020150,A1,95.0,1110
2026-09-17T03:41:16Z,2026-09-17T05:30:00.000+02:00,N0356011700,N356,77.0,780
2026-09-17T03:41:16Z,2026-09-17T05:30:00.000+02:00,N0356021300,N356,68.0,780
2026-09-17T03:41:16Z,2026-09-17T05:30:00.000+02:00,A0022011400,A22,81.0,210
2026-09-17T03:41:16Z,2026-09-17T05:30:00.000+02:00,A0027010300,A27,90.0,420
2026-09-17T03:41:16Z,2026-09-17T05:30:00.000+02:00,A9022020250,A22 (rocade),55.0,280
2026-09-17T03:41:16Z,2026-09-17T05:30:00.000+02:00,N0041010300,N41,89.0,800
2026-09-17T03:41:16Z,2026-09-17T05:30:00.000+02:00,A0022011210,A22,,140
2026-09-17T03:41:16Z,2026-09-17T05:30:00.000+02:00,A0027020100,A27,74.0,390
2026-09-17T03:41:16Z,2026-09-17T05:30:00.000+02:00,A0001010300,A1,113.0,1090
2026-09-17T03:41:16Z,2026-09-17T05:30:00.000+02:00,A0022011220,A22,,140
2026-09-17T03:41:16Z,2026-09-17T05:30:00.000+02:00,A9022101110,A22 (rocade),83.0,420
2026-09-17T03:41:16Z,2026-09-17T05:30:00.000+02:00,A0022022110,A22,90.0,1350
2026-09-17T03:41:16Z,2026-09-17T05:30:00.000+02:00,A0001011420,A1,82.0,900
2026-09-17T03:41:16Z,2026-09-17T05:30:00.000+02:00,N0356010800,N356,75.0,740
2026-09-17T03:41:16Z,2026-09-17T05:30:00.000+02:00,A9001210710,A1 (bretelle),76.0,460
2026-09-17T03:41:16Z,2026-09-17T05:30:00.000+02:00,N0356021110,N356,77.0,940
2026-09-17T03:41:16Z,2026-09-17T05:30:00.000+02:00,A0001010510,A1,101.0,1720
2026-09-17T03:41:16Z,2026-09-17T05:30:00.000+02:00,N0356021122,N356,67.0,890
2026-09-17T03:41:16Z,2026-09-17T05:30:00.000+02:00,N0356021121,N356,77.0,940
2026-09-17T03:41:16Z,2026-09-17T05:30:00.000+02:00,A0025010210,A25,80.0,970
2026-09-17T03:41:16Z,2026-09-17T05:30:00.000+02:00,A0025011300,A25,86.0,450
2026-09-17T03:41:16Z,2026-09-17T05:30:00.000+02:00,A0001020300,A1,95.0,970
2026-09-17T03:41:16Z,2026-09-17T05:30:00.000+02:00,A0025021100,A25,,610
2026-09-17T03:41:16Z,2026-09-17T05:30:00.000+02:00,A0025023520,A25,104.0,300
2026-09-17T03:41:16Z,2026-09-17T05:30:00.000+02:00,A0022022130,A22,86.0,1330
2026-09-17T03:41:16Z,2026-09-17T05:30:00.000+02:00,A0025010220,A25,80.0,970
2026-09-17T03:41:16Z,2026-09-17T05:30:00.000+02:00,A0022022120,A22,92.0,1330
2026-09-17T03:41:16Z,2026-09-17T05:30:00.000+02:00,A0001010520,A1,96.0,1780
2026-09-17T03:41:16Z,2026-09-17T05:30:00.000+02:00,A0022011000,A22,81.0,580
2026-09-17T03:41:16Z,2026-09-17T05:30:00.000+02:00,A0001020510,A1,96.0,1070
2026-09-17T03:41:16Z,2026-09-17T05:30:00.000+02:00,A0001021602,A1,84.0,1880
2026-09-17T03:41:16Z,2026-09-17T05:30:00.000+02:00,A22TC020222,A22 (contournement),82.0,700
2026-09-17T03:41:16Z,2026-09-17T05:30:00.000+02:00,A0001010940,A1,95.0,1720
2026-09-17T03:41:16Z,2026-09-17T05:30:00.000+02:00,A0025023320,A25,108.0,560
2026-09-17T03:41:16Z,2026-09-17T05:30:00.000+02:00,A0001020520,A1,97.0,1130
2026-09-17T03:41:16Z,2026-09-17T05:30:00.000+02:00,A0025023100,A25,107.0,470
2026-09-17T03:41:16Z,2026-09-17T05:30:00.000+02:00,A22TC020230,A22 (contournement),82.0,700
2026-09-17T03:41:16Z,2026-09-17T05:30:00.000+02:00,A0025021730,A25,89.0,970
2026-09-17T03:41:16Z,2026-09-17T05:30:00.000+02:00,A0025023910,A25,110.0,260
2026-09-17T03:41:16Z,2026-09-17T05:30:00.000+02:00,A0025021735,A25,102.0,1040
2026-09-17T03:41:16Z,2026-09-17T05:30:00.000+02:00,A0023010400,A23,97.0,210
2026-09-17T03:41:16Z,2026-09-17T05:30:00.000+02:00,A0022021900,A22,84.0,960
2026-09-17T03:41:16Z,2026-09-17T05:30:00.000+02:00,A9022100500,A22 (rocade),84.0,400
2026-09-17T03:41:16Z,2026-09-17T05:30:00.000+02:00,A0001020940,A1,89.0,1230
2026-09-17T03:41:16Z,2026-09-17T05:30:00.000+02:00,A0001020700,A1,95.0,1020
2026-09-17T03:41:16Z,2026-09-17T05:30:00.000+02:00,A9022020830,A22 (rocade),90.0,160
2026-09-17T03:41:16Z,2026-09-17T05:30:00.000+02:00,A9022020822,A22 (rocade),81.0,640
2026-09-17T03:41:16Z,2026-09-17T05:30:00.000+02:00,A9022020821,A22 (rocade),81.0,640
2026-09-17T03:41:16Z,2026-09-17T05:30:00.000+02:00,A0025020420,A25,80.0,1030
2026-09-17T03:41:16Z,2026-09-17T05:30:00.000+02:00,A0025021510,A25,93.0,470
2026-09-17T03:41:16Z,2026-09-17T05:30:00.000+02:00,N0227010100,N227,66.0,230
2026-09-17T03:41:16Z,2026-09-17T05:30:00.000+02:00,A0025011720,A25,98.0,750
2026-09-17T03:41:16Z,2026-09-17T05:30:00.000+02:00,A0025021760,A25,88.0,940
2026-09-17T03:41:16Z,2026-09-17T05:30:00.000+02:00,A0025011730,A25,88.0,670
2026-09-17T03:41:16Z,2026-09-17T05:30:00.000+02:00,A0025011735,A25,100.0,640
2026-09-17T03:41:16Z,2026-09-17T05:30:00.000+02:00,A9025080700,A25 (bretelle),,210
2026-09-17T03:41:16Z,2026-09-17T05:30:00.000+02:00,A9022100930,A22 (rocade),75.0,40
2026-09-17T03:41:16Z,2026-09-17T05:30:00.000+02:00,N0356011220,N356,74.0,780
2026-09-17T03:41:16Z,2026-09-17T05:30:00.000+02:00,A0025011740,A25,87.0,680
2026-09-17T03:41:16Z,2026-09-17T05:30:00.000+02:00,A0025010410,A25,70.0,1230
2026-09-17T03:41:16Z,2026-09-17T05:30:00.000+02:00,A0023010200,A23,84.0,560
2026-09-17T03:41:16Z,2026-09-17T05:30:00.000+02:00,A9001210120,A1 (bretelle),81.0,70
2026-09-17T03:41:16Z,2026-09-17T05:30:00.000+02:00,A0025020210,A25,79.0,1400
2026-09-17T03:41:16Z,2026-09-17T05:30:00.000+02:00,N0356011210,N356,74.0,780
2026-09-17T03:41:16Z,2026-09-17T05:30:00.000+02:00,A0025011510,A25,89.0,570
2026-09-17T03:41:16Z,2026-09-17T05:30:00.000+02:00,A0025020220,A25,79.0,1400
2026-09-17T03:41:16Z,2026-09-17T05:30:00.000+02:00,N0227010302,N227,77.0,590
2026-09-17T03:41:16Z,2026-09-17T05:30:00.000+02:00,N0041010500,N41,94.0,600
2026-09-17T03:41:16Z,2026-09-17T05:30:00.000+02:00,N0227020101,N227,88.0,630
2026-09-17T03:41:16Z,2026-09-17T05:30:00.000+02:00,A9022100110,A22 (rocade),76.0,120
2026-09-17T03:41:16Z,2026-09-17T05:30:00.000+02:00,A0022010400,A22,80.0,510
2026-09-17T03:41:16Z,2026-09-17T05:30:00.000+02:00,N0356010302,N356,77.0,1060
2026-09-17T03:41:16Z,2026-09-17T05:30:00.000+02:00,A0025010800,A25,78.0,950
2026-09-17T03:41:16Z,2026-09-17T05:30:00.000+02:00,A0027020621,A27,96.0,330
2026-09-17T03:41:16Z,2026-09-17T05:30:00.000+02:00,N0041010700,N41,98.0,190
2026-09-17T03:41:16Z,2026-09-17T05:30:00.000+02:00,A0027020630,A27,97.0,380
2026-09-17T03:41:16Z,2026-09-17T05:30:00.000+02:00,A0022021512,A22,84.0,850
2026-09-17T03:41:16Z,2026-09-17T05:30:00.000+02:00,A0022021511,A22,86.0,850
2026-09-17T03:41:16Z,2026-09-17T05:30:00.000+02:00,A0027020610,A27,96.0,330
2026-09-17T03:41:16Z,2026-09-17T05:30:00.000+02:00,A0025021720,A25,99.0,970
2026-09-17T03:41:16Z,2026-09-17T05:30:00.000+02:00,A0022021520,A22,84.0,850
2026-09-17T03:41:16Z,2026-09-17T05:30:00.000+02:00,A0025022140,A25,111.0,800
2026-09-17T03:41:16Z,2026-09-17T05:30:00.000+02:00,A0022011302,A22,86.0,540
2026-09-17T03:41:16Z,2026-09-17T05:30:00.000+02:00,A0025022160,A25,108.0,810
2026-09-17T03:41:16Z,2026-09-17T05:30:00.000+02:00,A9025060104,A25 (bretelle),74.0,680
2026-09-17T03:41:16Z,2026-09-17T05:30:00.000+02:00,A0027010201,A27,89.0,790
2026-09-17T03:41:16Z,2026-09-17T05:30:00.000+02:00,A0027010202,A27,83.0,240
2026-09-17T03:41:16Z,2026-09-17T05:30:00.000+02:00,N9227110110,N227 (bretelle),82.0,220
2026-09-17T03:41:16Z,2026-09-17T05:30:00.000+02:00,A0025012130,A25,95.0,470
2026-09-17T03:41:16Z,2026-09-17T05:30:00.000+02:00,A0027010210,A27,83.0,240
2026-09-17T03:41:16Z,2026-09-17T05:30:00.000+02:00,A0025011050,A25,,370
2026-09-17T03:41:16Z,2026-09-17T05:30:00.000+02:00,A0025012140,A25,95.0,200
2026-09-17T03:41:16Z,2026-09-17T05:30:00.000+02:00,A0027010421,A27,93.0,640
2026-09-17T03:41:16Z,2026-09-17T05:30:00.000+02:00,A0022012420,A22,94.0,1260
2026-09-17T03:41:16Z,2026-09-17T05:30:00.000+02:00,A0027010430,A27,94.0,600
2026-09-17T03:41:16Z,2026-09-17T05:30:00.000+02:00,A0023020710,A23,98.0,640
2026-09-17T03:41:16Z,2026-09-17T05:30:00.000+02:00,A0022012430,A22,94.0,1180
2026-09-17T03:41:16Z,2026-09-17T05:30:00.000+02:00,A0025012160,A25,114.0,660
2026-09-17T03:41:16Z,2026-09-17T05:30:00.000+02:00,A9022021200,A22 (rocade),62.0,60
2026-09-17T03:41:16Z,2026-09-17T05:30:00.000+02:00,A0001021100,A1,87.0,1080
2026-09-17T03:41:16Z,2026-09-17T05:30:00.000+02:00,A9022101000,A22 (rocade),,140
2026-09-17T03:41:16Z,2026-09-17T05:30:00.000+02:00,A0025013020,A25,105.0,440
2026-09-17T03:41:16Z,2026-09-17T05:30:00.000+02:00,A0027010410,A27,93.0,640
2026-09-17T03:41:16Z,2026-09-17T05:30:00.000+02:00,A0022012410,A22,96.0,1250
2026-09-17T03:41:16Z,2026-09-17T05:30:00.000+02:00,A0001A20112,A1,93.0,440
2026-09-17T03:41:16Z,2026-09-17T05:30:00.000+02:00,A0001A20111,A1,89.0,450
2026-09-17T03:41:16Z,2026-09-17T05:30:00.000+02:00,A0001021521,A1,71.0,1250
2026-09-17T03:41:16Z,2026-09-17T05:30:00.000+02:00,A0025022540,A25,112.0,500
2026-09-17T03:41:16Z,2026-09-17T05:30:00.000+02:00,A0025022300,A25,97.0,110
2026-09-17T03:41:16Z,2026-09-17T05:30:00.000+02:00,N0356021000,N356,78.0,880
2026-09-17T03:41:16Z,2026-09-17T05:30:00.000+02:00,A22TC010102,A22 (contournement),88.0,540
2026-09-17T03:41:16Z,2026-09-17T05:30:00.000+02:00,A0001011503,A1,80.0,790
2026-09-17T03:41:16Z,2026-09-17T05:30:00.000+02:00,A0022012200,A22,83.0,1110
2026-09-17T03:41:16Z,2026-09-17T05:30:00.000+02:00,A0001A20120,A1,90.0,460
2026-09-17T03:41:16Z,2026-09-17T05:30:00.000+02:00,A22TC020102,A22 (contournement),87.0,460
2026-09-17T03:41:16Z,2026-09-17T05:30:00.000+02:00,A22TC010300,A22 (contournement),84.0,460
2026-09-17T03:41:16Z,2026-09-17T05:30:00.000+02:00,A0022012010,A22,83.0,800
2026-09-17T03:41:16Z,2026-09-17T05:30:00.000+02:00,A0022012020,A22,83.0,800
2026-09-17T03:41:16Z,2026-09-17T05:30:00.000+02:00,A0025022130,A25,124.0,740
2026-09-17T03:41:16Z,2026-09-17T05:30:00.000+02:00,A0023010520,A23,103.0,260
2026-09-17T03:41:16Z,2026-09-17T05:30:00.000+02:00,N0041020800,N41,95.0,290
2026-09-17T03:41:16Z,2026-09-17T05:30:00.000+02:00,A0025010500,A25,73.0,1040
2026-09-17T03:41:16Z,2026-09-17T05:30:00.000+02:00,A0022020901,A22,,720
2026-09-17T03:41:16Z,2026-09-17T05:30:00.000+02:00,A0022020902,A22,,620
2026-09-17T03:41:16Z,2026-09-17T05:30:00.000+02:00,A0022021810,A22,85.0,810
2026-09-17T03:41:16Z,2026-09-17T05:30:00.000+02:00,N0356011100,N356,74.0,720
2026-09-17T03:41:16Z,2026-09-17T05:30:00.000+02:00,A0022021820,A22,85.0,810
2026-09-17T03:41:16Z,2026-09-17T05:30:00.000+02:00,N0356020802,N356,77.0,1010
2026-09-17T03:41:16Z,2026-09-17T05:30:00.000+02:00,A9022020900,A22 (rocade),80.0,320
2026-09-17T03:41:16Z,2026-09-17T05:30:00.000+02:00,A0025020102,A25,84.0,40
2026-09-17T03:41:16Z,2026-09-17T05:30:00.000+02:00,A0023010100,A23,,180
2026-09-17T03:41:16Z,2026-09-17T05:30:00.000+02:00,A0025022530,A25,112.0,510
2026-09-17T03:41:16Z,2026-09-17T05:30:00.000+02:00,A9001210200,A1 (bretelle),72.0,260
2026-09-17T03:41:16Z,2026-09-17T05:30:00.000+02:00,A0022010700,A22,85.0,500
2026-09-17T03:41:16Z,2026-09-17T05:30:00.000+02:00,N0041020400,N41,90.0,310
2026-09-17T03:41:16Z,2026-09-17T05:30:00.000+02:00,A0023020720,A23,105.0,650
2026-09-17T03:41:16Z,2026-09-17T05:30:00.000+02:00,A0022020500,A22,,440
2026-09-17T03:41:16Z,2026-09-17T05:30:00.000+02:00,N93563b0150,N356 (bretelle),77.0,10
2026-09-17T03:41:16Z,2026-09-17T05:30:00.000+02:00,A0025020950,A25,90.0,870
2026-09-17T03:41:16Z,2026-09-17T05:30:00.000+02:00,A0023020300,A23,,590
2026-09-17T03:41:16Z,2026-09-17T05:30:00.000+02:00,A0001011000,A1,85.0,1330
2026-09-17T03:41:16Z,2026-09-17T05:30:00.000+02:00,A0027020500,A27,92.0,290
2026-09-17T03:41:16Z,2026-09-17T05:30:00.000+02:00,N0356011500,N356,38.0,850
2026-09-17T03:41:16Z,2026-09-17T05:30:00.000+02:00,A0001010150,A1,98.0,1810
2026-09-17T03:41:16Z,2026-09-17T05:30:00.000+02:00,N0356020400,N356,69.0,680
2026-09-17T03:41:16Z,2026-09-17T05:30:00.000+02:00,N0041020600,N41,,10
2026-09-17T03:41:16Z,2026-09-17T05:30:00.000+02:00,A0025010700,A25,71.0,570
2026-09-17T03:41:16Z,2026-09-17T05:30:00.000+02:00,A0002011230,A2,107.0,950
2026-09-17T03:41:16Z,2026-09-17T05:30:00.000+02:00,A0025020500,A25,74.0,790
2026-09-17T03:41:16Z,2026-09-17T05:30:00.000+02:00,A0002021290,A2,103.0,930
2026-09-17T03:41:16Z,2026-09-17T05:30:00.000+02:00,A0022011600,A22,85.0,750
2026-09-17T03:51:16Z,2026-09-17T05:42:00.000+02:00,A0001011200,A1,81.0,1660
2026-09-17T03:51:16Z,2026-09-17T05:42:00.000+02:00,A0027010102,A27,84.0,1080
2026-09-17T03:51:16Z,2026-09-17T05:42:00.000+02:00,N0041010100,N41,88.0,540
2026-09-17T03:51:16Z,2026-09-17T05:42:00.000+02:00,A0027010101,A27,84.0,1080
2026-09-17T03:51:16Z,2026-09-17T05:42:00.000+02:00,A9022010250,A22 (rocade),86.0,100
2026-09-17T03:51:16Z,2026-09-17T05:42:00.000+02:00,A0001020150,A1,96.0,1330
2026-09-17T03:51:16Z,2026-09-17T05:42:00.000+02:00,N0356011700,N356,77.0,850
2026-09-17T03:51:16Z,2026-09-17T05:42:00.000+02:00,N0356021300,N356,67.0,900
2026-09-17T03:51:16Z,2026-09-17T05:42:00.000+02:00,A0022011400,A22,80.0,190
2026-09-17T03:51:16Z,2026-09-17T05:42:00.000+02:00,A0027010300,A27,90.0,410
2026-09-17T03:51:16Z,2026-09-17T05:42:00.000+02:00,A9022020250,A22 (rocade),44.0,210
2026-09-17T03:51:16Z,2026-09-17T05:42:00.000+02:00,N0041010300,N41,90.0,1190
2026-09-17T03:51:16Z,2026-09-17T05:42:00.000+02:00,A0022011210,A22,,150
2026-09-17T03:51:16Z,2026-09-17T05:42:00.000+02:00,A0027020100,A27,77.0,370
2026-09-17T03:51:16Z,2026-09-17T05:42:00.000+02:00,A0001010300,A1,114.0,1200
2026-09-17T03:51:16Z,2026-09-17T05:42:00.000+02:00,A0022011220,A22,,150
2026-09-17T03:51:16Z,2026-09-17T05:42:00.000+02:00,A9022101110,A22 (rocade),79.0,410
2026-09-17T03:51:16Z,2026-09-17T05:42:00.000+02:00,A0022022110,A22,88.0,1520
2026-09-17T03:51:16Z,2026-09-17T05:42:00.000+02:00,A0001011420,A1,84.0,1220
2026-09-17T03:51:16Z,2026-09-17T05:42:00.000+02:00,N0356010800,N356,75.0,1040
2026-09-17T03:51:16Z,2026-09-17T05:42:00.000+02:00,A9001210710,A1 (bretelle),80.0,230
2026-09-17T03:51:16Z,2026-09-17T05:42:00.000+02:00,N0356021110,N356,75.0,1110
2026-09-17T03:51:16Z,2026-09-17T05:42:00.000+02:00,A0001010510,A1,99.0,1910
2026-09-17T03:51:16Z,2026-09-17T05:42:00.000+02:00,N0356021122,N356,66.0,1050
2026-09-17T03:51:16Z,2026-09-17T05:42:00.000+02:00,N0356021121,N356,75.0,1110
2026-09-17T03:51:16Z,2026-09-17T05:42:00.000+02:00,A0025010210,A25,77.0,1400
2026-09-17T03:51:16Z,2026-09-17T05:42:00.000+02:00,A0025011300,A25,88.0,530
2026-09-17T03:51:16Z,2026-09-17T05:42:00.000+02:00,A0001020300,A1,97.0,1210
2026-09-17T03:51:16Z,2026-09-17T05:42:00.000+02:00,A0025021100,A25,96.0,720
2026-09-17T03:51:16Z,2026-09-17T05:42:00.000+02:00,A0025023520,A25,105.0,390
2026-09-17T03:51:16Z,2026-09-17T05:42:00.000+02:00,A0022022130,A22,84.0,1530
2026-09-17T03:51:16Z,2026-09-17T05:42:00.000+02:00,A0025010220,A25,77.0,1400
2026-09-17T03:51:16Z,2026-09-17T05:42:00.000+02:00,A0022022120,A22,89.0,1510
2026-09-17T03:51:16Z,2026-09-17T05:42:00.000+02:00,A0001010520,A1,95.0,1990
2026-09-17T03:51:16Z,2026-09-17T05:42:00.000+02:00,A0022011000,A22,80.0,780
2026-09-17T03:51:16Z,2026-09-17T05:42:00.000+02:00,A0001020510,A1,96.0,1320
2026-09-17T03:51:16Z,2026-09-17T05:42:00.000+02:00,A0001021602,A1,88.0,1850
2026-09-17T03:51:16Z,2026-09-17T05:42:00.000+02:00,A22TC020222,A22 (contournement),83.0,870
2026-09-17T03:51:16Z,2026-09-17T05:42:00.000+02:00,A0001010940,A1,95.0,2020
2026-09-17T03:51:16Z,2026-09-17T05:42:00.000+02:00,A0025023320,A25,108.0,670
2026-09-17T03:51:16Z,2026-09-17T05:42:00.000+02:00,A0001020520,A1,95.0,1430
2026-09-17T03:51:16Z,2026-09-17T05:42:00.000+02:00,A0025023100,A25,107.0,640
2026-09-17T03:51:16Z,2026-09-17T05:42:00.000+02:00,A22TC020230,A22 (contournement),83.0,870
2026-09-17T03:51:16Z,2026-09-17T05:42:00.000+02:00,A0025021730,A25,87.0,1170
2026-09-17T03:51:16Z,2026-09-17T05:42:00.000+02:00,A0025023910,A25,105.0,410
2026-09-17T03:51:16Z,2026-09-17T05:42:00.000+02:00,A0025021735,A25,100.0,1200
2026-09-17T03:51:16Z,2026-09-17T05:42:00.000+02:00,A0023010400,A23,102.0,340
2026-09-17T03:51:16Z,2026-09-17T05:42:00.000+02:00,A0022021900,A22,85.0,1220
2026-09-17T03:51:16Z,2026-09-17T05:42:00.000+02:00,A9022100500,A22 (rocade),85.0,400
2026-09-17T03:51:16Z,2026-09-17T05:42:00.000+02:00,A0001020940,A1,90.0,1460
2026-09-17T03:51:16Z,2026-09-17T05:42:00.000+02:00,A0001020700,A1,92.0,1270
2026-09-17T03:51:16Z,2026-09-17T05:42:00.000+02:00,A9022020830,A22 (rocade),89.0,140
2026-09-17T03:51:16Z,2026-09-17T05:42:00.000+02:00,A9022020822,A22 (rocade),,820
2026-09-17T03:51:16Z,2026-09-17T05:42:00.000+02:00,A9022020821,A22 (rocade),,820
2026-09-17T03:51:16Z,2026-09-17T05:42:00.000+02:00,A0025020420,A25,77.0,1440
2026-09-17T03:51:16Z,2026-09-17T05:42:00.000+02:00,A0025021510,A25,93.0,580
2026-09-17T03:51:16Z,2026-09-17T05:42:00.000+02:00,N0227010100,N227,68.0,250
2026-09-17T03:51:16Z,2026-09-17T05:42:00.000+02:00,A0025011720,A25,96.0,860
2026-09-17T03:51:16Z,2026-09-17T05:42:00.000+02:00,A0025021760,A25,87.0,1260
2026-09-17T03:51:16Z,2026-09-17T05:42:00.000+02:00,A0025011730,A25,84.0,890
2026-09-17T03:51:16Z,2026-09-17T05:42:00.000+02:00,A0025011735,A25,97.0,860
2026-09-17T03:51:16Z,2026-09-17T05:42:00.000+02:00,A9025080700,A25 (bretelle),,260
2026-09-17T03:51:16Z,2026-09-17T05:42:00.000+02:00,A9022100930,A22 (rocade),78.0,30
2026-09-17T03:51:16Z,2026-09-17T05:42:00.000+02:00,N0356011220,N356,73.0,950
2026-09-17T03:51:16Z,2026-09-17T05:42:00.000+02:00,A0025011740,A25,83.0,810
2026-09-17T03:51:16Z,2026-09-17T05:42:00.000+02:00,A0025010410,A25,69.0,1350
2026-09-17T03:51:16Z,2026-09-17T05:42:00.000+02:00,A0023010200,A23,84.0,900
2026-09-17T03:51:16Z,2026-09-17T05:42:00.000+02:00,A9001210120,A1 (bretelle),85.0,150
2026-09-17T03:51:16Z,2026-09-17T05:42:00.000+02:00,A0025020210,A25,80.0,1690
2026-09-17T03:51:16Z,2026-09-17T05:42:00.000+02:00,N0356011210,N356,73.0,950
2026-09-17T03:51:16Z,2026-09-17T05:42:00.000+02:00,A0025011510,A25,91.0,600
2026-09-17T03:51:16Z,2026-09-17T05:42:00.000+02:00,A0025020220,A25,80.0,1690
2026-09-17T03:51:16Z,2026-09-17T05:42:00.000+02:00,N0227010302,N227,78.0,650
2026-09-17T03:51:16Z,2026-09-17T05:42:00.000+02:00,N0041010500,N41,87.0,970
2026-09-17T03:51:16Z,2026-09-17T05:42:00.000+02:00,N0227020101,N227,86.0,1060
2026-09-17T03:51:16Z,2026-09-17T05:42:00.000+02:00,A9022100110,A22 (rocade),65.0,170
2026-09-17T03:51:16Z,2026-09-17T05:42:00.000+02:00,A0022010400,A22,74.0,980
2026-09-17T03:51:16Z,2026-09-17T05:42:00.000+02:00,N0356010302,N356,79.0,1440
2026-09-17T03:51:16Z,2026-09-17T05:42:00.000+02:00,A0025010800,A25,77.0,960
2026-09-17T03:51:16Z,2026-09-17T05:42:00.000+02:00,A0027020621,A27,93.0,510
2026-09-17T03:51:16Z,2026-09-17T05:42:00.000+02:00,N0041010700,N41,88.0,250
2026-09-17T03:51:16Z,2026-09-17T05:42:00.000+02:00,A0027020630,A27,95.0,540
2026-09-17T03:51:16Z,2026-09-17T05:42:00.000+02:00,A0022021512,A22,83.0,970
2026-09-17T03:51:16Z,2026-09-17T05:42:00.000+02:00,A0022021511,A22,84.0,950
2026-09-17T03:51:16Z,2026-09-17T05:42:00.000+02:00,A0027020610,A27,93.0,510
2026-09-17T03:51:16Z,2026-09-17T05:42:00.000+02:00,A0025021720,A25,99.0,1140
2026-09-17T03:51:16Z,2026-09-17T05:42:00.000+02:00,A0022021520,A22,83.0,970
2026-09-17T03:51:16Z,2026-09-17T05:42:00.000+02:00,A0025022140,A25,109.0,1100
2026-09-17T03:51:16Z,2026-09-17T05:42:00.000+02:00,A0022011302,A22,79.0,580
2026-09-17T03:51:16Z,2026-09-17T05:42:00.000+02:00,A0025022160,A25,104.0,1010
2026-09-17T03:51:16Z,2026-09-17T05:42:00.000+02:00,A9025060104,A25 (bretelle),71.0,970
2026-09-17T03:51:16Z,2026-09-17T05:42:00.000+02:00,A0027010201,A27,91.0,840
2026-09-17T03:51:16Z,2026-09-17T05:42:00.000+02:00,A0027010202,A27,84.0,330
2026-09-17T03:51:16Z,2026-09-17T05:42:00.000+02:00,N9227110110,N227 (bretelle),76.0,350
2026-09-17T03:51:16Z,2026-09-17T05:42:00.000+02:00,A0025012130,A25,95.0,510
2026-09-17T03:51:16Z,2026-09-17T05:42:00.000+02:00,A0027010210,A27,84.0,330
2026-09-17T03:51:16Z,2026-09-17T05:42:00.000+02:00,A0025011050,A25,84.0,460
2026-09-17T03:51:16Z,2026-09-17T05:42:00.000+02:00,A0025012140,A25,95.0,220
2026-09-17T03:51:16Z,2026-09-17T05:42:00.000+02:00,A0027010421,A27,91.0,580
2026-09-17T03:51:16Z,2026-09-17T05:42:00.000+02:00,A0022012420,A22,95.0,930
2026-09-17T03:51:16Z,2026-09-17T05:42:00.000+02:00,A0027010430,A27,94.0,580
2026-09-17T03:51:16Z,2026-09-17T05:42:00.000+02:00,A0023020710,A23,100.0,870
2026-09-17T03:51:16Z,2026-09-17T05:42:00.000+02:00,A0022012430,A22,94.0,910
2026-09-17T03:51:16Z,2026-09-17T05:42:00.000+02:00,A0025012160,A25,111.0,690
2026-09-17T03:51:16Z,2026-09-17T05:42:00.000+02:00,A9022021200,A22 (rocade),61.0,140
2026-09-17T03:51:16Z,2026-09-17T05:42:00.000+02:00,A0001021100,A1,89.0,1340
2026-09-17T03:51:16Z,2026-09-17T05:42:00.000+02:00,A9022101000,A22 (rocade),,200
2026-09-17T03:51:16Z,2026-09-17T05:42:00.000+02:00,A0025013020,A25,102.0,560
2026-09-17T03:51:16Z,2026-09-17T05:42:00.000+02:00,A0027010410,A27,91.0,580
2026-09-17T03:51:16Z,2026-09-17T05:42:00.000+02:00,A0022012410,A22,95.0,940
2026-09-17T03:51:16Z,2026-09-17T05:42:00.000+02:00,A0001A20112,A1,94.0,710
2026-09-17T03:51:16Z,2026-09-17T05:42:00.000+02:00,A0001A20111,A1,81.0,620
2026-09-17T03:51:16Z,2026-09-17T05:42:00.000+02:00,A0001021521,A1,86.0,1040
2026-09-17T03:51:16Z,2026-09-17T05:42:00.000+02:00,A0025022540,A25,108.0,740
2026-09-17T03:51:16Z,2026-09-17T05:42:00.000+02:00,A0025022300,A25,95.0,160
2026-09-17T03:51:16Z,2026-09-17T05:42:00.000+02:00,N0356021000,N356,75.0,1060
2026-09-17T03:51:16Z,2026-09-17T05:42:00.000+02:00,A22TC010102,A22 (contournement),88.0,650
2026-09-17T03:51:16Z,2026-09-17T05:42:00.000+02:00,A0001011503,A1,87.0,1950
2026-09-17T03:51:16Z,2026-09-17T05:42:00.000+02:00,A0022012200,A22,85.0,820
2026-09-17T03:51:16Z,2026-09-17T05:42:00.000+02:00,A0001A20120,A1,92.0,640
2026-09-17T03:51:16Z,2026-09-17T05:42:00.000+02:00,A22TC020102,A22 (contournement),90.0,760
2026-09-17T03:51:16Z,2026-09-17T05:42:00.000+02:00,A22TC010300,A22 (contournement),86.0,750
2026-09-17T03:51:16Z,2026-09-17T05:42:00.000+02:00,A0022012010,A22,82.0,630
2026-09-17T03:51:16Z,2026-09-17T05:42:00.000+02:00,A0022012020,A22,82.0,630
2026-09-17T03:51:16Z,2026-09-17T05:42:00.000+02:00,A0025022130,A25,120.0,1140
2026-09-17T03:51:16Z,2026-09-17T05:42:00.000+02:00,A0023010520,A23,107.0,390
2026-09-17T03:51:16Z,2026-09-17T05:42:00.000+02:00,N0041020800,N41,89.0,440
2026-09-17T03:51:16Z,2026-09-17T05:42:00.000+02:00,A0025010500,A25,72.0,1090
2026-09-17T03:51:16Z,2026-09-17T05:42:00.000+02:00,A0022020901,A22,77.0,860
2026-09-17T03:51:16Z,2026-09-17T05:42:00.000+02:00,A0022020902,A22,77.0,740
2026-09-17T03:51:16Z,2026-09-17T05:42:00.000+02:00,A0022021810,A22,84.0,950
2026-09-17T03:51:16Z,2026-09-17T05:42:00.000+02:00,N0356011100,N356,73.0,880
2026-09-17T03:51:16Z,2026-09-17T05:42:00.000+02:00,A0022021820,A22,84.0,950
2026-09-17T03:51:16Z,2026-09-17T05:42:00.000+02:00,N0356020802,N356,75.0,1200
2026-09-17T03:51:16Z,2026-09-17T05:42:00.000+02:00,A9022020900,A22 (rocade),,420
2026-09-17T03:51:16Z,2026-09-17T05:42:00.000+02:00,A0025020102,A25,77.0,370
2026-09-17T03:51:16Z,2026-09-17T05:42:00.000+02:00,A0023010100,A23,76.0,120
2026-09-17T03:51:16Z,2026-09-17T05:42:00.000+02:00,A0025022530,A25,110.0,680
2026-09-17T03:51:16Z,2026-09-17T05:42:00.000+02:00,A9001210200,A1 (bretelle),74.0,280
2026-09-17T03:51:16Z,2026-09-17T05:42:00.000+02:00,A0022010700,A22,80.0,790
2026-09-17T03:51:16Z,2026-09-17T05:42:00.000+02:00,N0041020400,N41,88.0,530
2026-09-17T03:51:16Z,2026-09-17T05:42:00.000+02:00,A0023020720,A23,105.0,960
2026-09-17T03:51:16Z,2026-09-17T05:42:00.000+02:00,A0022020500,A22,77.0,530
2026-09-17T03:51:16Z,2026-09-17T05:42:00.000+02:00,N93563b0150,N356 (bretelle),67.0,10
2026-09-17T03:51:16Z,2026-09-17T05:42:00.000+02:00,A0025020950,A25,91.0,1130
2026-09-17T03:51:16Z,2026-09-17T05:42:00.000+02:00,A0023020300,A23,80.0,710
2026-09-17T03:51:16Z,2026-09-17T05:42:00.000+02:00,A0001011000,A1,85.0,1580
2026-09-17T03:51:16Z,2026-09-17T05:42:00.000+02:00,A0027020500,A27,88.0,410
2026-09-17T03:51:16Z,2026-09-17T05:42:00.000+02:00,N0356011500,N356,65.0,1010
2026-09-17T03:51:16Z,2026-09-17T05:42:00.000+02:00,A0001010150,A1,97.0,2010
2026-09-17T03:51:16Z,2026-09-17T05:42:00.000+02:00,N0356020400,N356,67.0,490
2026-09-17T03:51:16Z,2026-09-17T05:42:00.000+02:00,N0041020600,N41,,30
2026-09-17T03:51:16Z,2026-09-17T05:42:00.000+02:00,A0025010700,A25,79.0,770
2026-09-17T03:51:16Z,2026-09-17T05:42:00.000+02:00,A0002011230,A2,107.0,1830
2026-09-17T03:51:16Z,2026-09-17T05:42:00.000+02:00,A0025020500,A25,78.0,1110
2026-09-17T03:51:16Z,2026-09-17T05:42:00.000+02:00,A0002021290,A2,102.0,1170
2026-09-17T03:51:16Z,2026-09-17T05:42:00.000+02:00,A0022011600,A22,86.0,690
2026-09-17T04:01:32Z,2026-09-17T05:54:00.000+02:00,A0001011200,A1,80.0,1820
2026-09-17T04:01:32Z,2026-09-17T05:54:00.000+02:00,A0027010102,A27,90.0,1140
2026-09-17T04:01:32Z,2026-09-17T05:54:00.000+02:00,N0041010100,N41,89.0,330
2026-09-17T04:01:32Z,2026-09-17T05:54:00.000+02:00,A0027010101,A27,90.0,1140
2026-09-17T04:01:32Z,2026-09-17T05:54:00.000+02:00,A9022010250,A22 (rocade),88.0,170
2026-09-17T04:01:32Z,2026-09-17T05:54:00.000+02:00,A0001020150,A1,96.0,1210
2026-09-17T04:01:32Z,2026-09-17T05:54:00.000+02:00,N0356011700,N356,76.0,900
2026-09-17T04:01:32Z,2026-09-17T05:54:00.000+02:00,N9227110200,N227 (bretelle),,10
2026-09-17T04:01:32Z,2026-09-17T05:54:00.000+02:00,N0356021300,N356,68.0,1160
2026-09-17T04:01:32Z,2026-09-17T05:54:00.000+02:00,A0022011400,A22,77.0,270
2026-09-17T04:01:32Z,2026-09-17T05:54:00.000+02:00,A0027010300,A27,74.0,320
2026-09-17T04:01:32Z,2026-09-17T05:54:00.000+02:00,A9022020250,A22 (rocade),52.0,320
2026-09-17T04:01:32Z,2026-09-17T05:54:00.000+02:00,N0041010300,N41,93.0,1000
2026-09-17T04:01:32Z,2026-09-17T05:54:00.000+02:00,A0022011210,A22,,140
2026-09-17T04:01:32Z,2026-09-17T05:54:00.000+02:00,A0027020100,A27,75.0,380
2026-09-17T04:01:32Z,2026-09-17T05:54:00.000+02:00,A0001010300,A1,96.0,1230
2026-09-17T04:01:32Z,2026-09-17T05:54:00.000+02:00,A0022011220,A22,,140
2026-09-17T04:01:32Z,2026-09-17T05:54:00.000+02:00,A9022101110,A22 (rocade),82.0,600
2026-09-17T04:01:32Z,2026-09-17T05:54:00.000+02:00,A0022022110,A22,86.0,1490
2026-09-17T04:01:32Z,2026-09-17T05:54:00.000+02:00,A0001011420,A1,86.0,1280
2026-09-17T04:01:32Z,2026-09-17T05:54:00.000+02:00,N0356010800,N356,77.0,990
2026-09-17T04:01:32Z,2026-09-17T05:54:00.000+02:00,A9001210710,A1 (bretelle),71.0,160
2026-09-17T04:01:32Z,2026-09-17T05:54:00.000+02:00,N0356021110,N356,76.0,1170
2026-09-17T04:01:32Z,2026-09-17T05:54:00.000+02:00,A0001010510,A1,93.0,2000
2026-09-17T04:01:32Z,2026-09-17T05:54:00.000+02:00,N0356021122,N356,66.0,1240
2026-09-17T04:01:32Z,2026-09-17T05:54:00.000+02:00,N0356021121,N356,76.0,1170
2026-09-17T04:01:32Z,2026-09-17T05:54:00.000+02:00,A0025010210,A25,76.0,1670
2026-09-17T04:01:32Z,2026-09-17T05:54:00.000+02:00,A0025011300,A25,85.0,600
2026-09-17T04:01:32Z,2026-09-17T05:54:00.000+02:00,A0001020300,A1,96.0,1150
2026-09-17T04:01:32Z,2026-09-17T05:54:00.000+02:00,A0025021100,A25,90.0,1000
2026-09-17T04:01:32Z,2026-09-17T05:54:00.000+02:00,A0025023520,A25,105.0,610
2026-09-17T04:01:32Z,2026-09-17T05:54:00.000+02:00,A0022022130,A22,82.0,1360
2026-09-17T04:01:32Z,2026-09-17T05:54:00.000+02:00,A0025010220,A25,76.0,1670
2026-09-17T04:01:32Z,2026-09-17T05:54:00.000+02:00,A0022022120,A22,87.0,1390
2026-09-17T04:01:32Z,2026-09-17T05:54:00.000+02:00,A0001010520,A1,97.0,2230
2026-09-17T04:01:32Z,2026-09-17T05:54:00.000+02:00,A0022011000,A22,79.0,690
2026-09-17T04:01:32Z,2026-09-17T05:54:00.000+02:00,A0001020510,A1,96.0,1250
2026-09-17T04:01:32Z,2026-09-17T05:54:00.000+02:00,A0001021602,A1,87.0,2030
2026-09-17T04:01:32Z,2026-09-17T05:54:00.000+02:00,A22TC020222,A22 (contournement),86.0,930
2026-09-17T04:01:32Z,2026-09-17T05:54:00.000+02:00,A0001010940,A1,96.0,2100
2026-09-17T04:01:32Z,2026-09-17T05:54:00.000+02:00,A0025023320,A25,109.0,940
2026-09-17T04:01:32Z,2026-09-17T05:54:00.000+02:00,A0001020520,A1,95.0,1290
2026-09-17T04:01:32Z,2026-09-17T05:54:00.000+02:00,A0025023100,A25,105.0,740
2026-09-17T04:01:32Z,2026-09-17T05:54:00.000+02:00,A22TC020230,A22 (contournement),86.0,930
2026-09-17T04:01:32Z,2026-09-17T05:54:00.000+02:00,A0025021730,A25,88.0,1410
2026-09-17T04:01:32Z,2026-09-17T05:54:00.000+02:00,A0025023910,A25,110.0,630
2026-09-17T04:01:32Z,2026-09-17T05:54:00.000+02:00,A0025021735,A25,101.0,1380
2026-09-17T04:01:32Z,2026-09-17T05:54:00.000+02:00,A0023010400,A23,103.0,480
2026-09-17T04:01:32Z,2026-09-17T05:54:00.000+02:00,A0022021900,A22,80.0,1300
2026-09-17T04:01:32Z,2026-09-17T05:54:00.000+02:00,A9022100500,A22 (rocade),89.0,410
2026-09-17T04:01:32Z,2026-09-17T05:54:00.000+02:00,A0001020940,A1,91.0,1280
2026-09-17T04:01:32Z,2026-09-17T05:54:00.000+02:00,A0001020700,A1,94.0,1020
2026-09-17T04:01:32Z,2026-09-17T05:54:00.000+02:00,A9022020830,A22 (rocade),94.0,80
2026-09-17T04:01:32Z,2026-09-17T05:54:00.000+02:00,A9022020822,A22 (rocade),,820
2026-09-17T04:01:32Z,2026-09-17T05:54:00.000+02:00,A9022020821,A22 (rocade),,820
2026-09-17T04:01:32Z,2026-09-17T05:54:00.000+02:00,A0025020420,A25,77.0,1690
2026-09-17T04:01:32Z,2026-09-17T05:54:00.000+02:00,A0025021510,A25,94.0,810
2026-09-17T04:01:32Z,2026-09-17T05:54:00.000+02:00,N0227010100,N227,68.0,340
2026-09-17T04:01:32Z,2026-09-17T05:54:00.000+02:00,A0025011720,A25,94.0,910
2026-09-17T04:01:32Z,2026-09-17T05:54:00.000+02:00,A0025021760,A25,89.0,1440
2026-09-17T04:01:32Z,2026-09-17T05:54:00.000+02:00,A0025011730,A25,83.0,830
2026-09-17T04:01:32Z,2026-09-17T05:54:00.000+02:00,A0025011735,A25,94.0,890
2026-09-17T04:01:32Z,2026-09-17T05:54:00.000+02:00,A9025080700,A25 (bretelle),,370
2026-09-17T04:01:32Z,2026-09-17T05:54:00.000+02:00,A9022100930,A22 (rocade),64.0,70
2026-09-17T04:01:32Z,2026-09-17T05:54:00.000+02:00,N0356011220,N356,75.0,950
2026-09-17T04:01:32Z,2026-09-17T05:54:00.000+02:00,A0025011740,A25,82.0,850
2026-09-17T04:01:32Z,2026-09-17T05:54:00.000+02:00,A0025010410,A25,69.0,1430
2026-09-17T04:01:32Z,2026-09-17T05:54:00.000+02:00,A0023010200,A23,67.0,1210
2026-09-17T04:01:32Z,2026-09-17T05:54:00.000+02:00,A9001210120,A1 (bretelle),81.0,200
2026-09-17T04:01:32Z,2026-09-17T05:54:00.000+02:00,A0025020210,A25,81.0,1770
2026-09-17T04:01:32Z,2026-09-17T05:54:00.000+02:00,N0356011210,N356,75.0,950
2026-09-17T04:01:32Z,2026-09-17T05:54:00.000+02:00,A0025011510,A25,85.0,780
2026-09-17T04:01:32Z,2026-09-17T05:54:00.000+02:00,A0025020220,A25,81.0,1770
2026-09-17T04:01:32Z,2026-09-17T05:54:00.000+02:00,N0227010302,N227,81.0,850
2026-09-17T04:01:32Z,2026-09-17T05:54:00.000+02:00,N0041010500,N41,100.0,800
2026-09-17T04:01:32Z,2026-09-17T05:54:00.000+02:00,N0227020101,N227,85.0,960
2026-09-17T04:01:32Z,2026-09-17T05:54:00.000+02:00,A9022100110,A22 (rocade),72.0,160
2026-09-17T04:01:32Z,2026-09-17T05:54:00.000+02:00,A0022010400,A22,76.0,840
2026-09-17T04:01:32Z,2026-09-17T05:54:00.000+02:00,N0356010302,N356,78.0,1600
2026-09-17T04:01:32Z,2026-09-17T05:54:00.000+02:00,A0025010800,A25,79.0,970
2026-09-17T04:01:32Z,2026-09-17T05:54:00.000+02:00,A0027020621,A27,91.0,540
2026-09-17T04:01:32Z,2026-09-17T05:54:00.000+02:00,N0041010700,N41,99.0,320
2026-09-17T04:01:32Z,2026-09-17T05:54:00.000+02:00,A0027020630,A27,94.0,500
2026-09-17T04:01:32Z,2026-09-17T05:54:00.000+02:00,A0022021512,A22,80.0,1050
2026-09-17T04:01:32Z,2026-09-17T05:54:00.000+02:00,A0022021511,A22,82.0,1090
2026-09-17T04:01:32Z,2026-09-17T05:54:00.000+02:00,A0027020610,A27,91.0,540
2026-09-17T04:01:32Z,2026-09-17T05:54:00.000+02:00,A0025021720,A25,101.0,1470
2026-09-17T04:01:32Z,2026-09-17T05:54:00.000+02:00,A0022021520,A22,80.0,1050
2026-09-17T04:01:32Z,2026-09-17T05:54:00.000+02:00,A0025022140,A25,109.0,1240
2026-09-17T04:01:32Z,2026-09-17T05:54:00.000+02:00,A0022011302,A22,79.0,620
2026-09-17T04:01:32Z,2026-09-17T05:54:00.000+02:00,A0025022160,A25,105.0,1210
2026-09-17T04:01:32Z,2026-09-17T05:54:00.000+02:00,A9025060104,A25 (bretelle),73.0,980
2026-09-17T04:01:32Z,2026-09-17T05:54:00.000+02:00,A0027010201,A27,90.0,920
2026-09-17T04:01:32Z,2026-09-17T05:54:00.000+02:00,A0027010202,A27,90.0,360
2026-09-17T04:01:32Z,2026-09-17T05:54:00.000+02:00,N9227110110,N227 (bretelle),78.0,380
2026-09-17T04:01:32Z,2026-09-17T05:54:00.000+02:00,A0025012130,A25,90.0,500
2026-09-17T04:01:32Z,2026-09-17T05:54:00.000+02:00,A0027010210,A27,90.0,360
2026-09-17T04:01:32Z,2026-09-17T05:54:00.000+02:00,A0025011050,A25,84.0,480
2026-09-17T04:01:32Z,2026-09-17T05:54:00.000+02:00,A0025012140,A25,90.0,290
2026-09-17T04:01:32Z,2026-09-17T05:54:00.000+02:00,A0027010421,A27,91.0,380
2026-09-17T04:01:32Z,2026-09-17T05:54:00.000+02:00,A0022012420,A22,95.0,1370
2026-09-17T04:01:32Z,2026-09-17T05:54:00.000+02:00,A0027010430,A27,93.0,370
2026-09-17T04:01:32Z,2026-09-17T05:54:00.000+02:00,A0023020710,A23,104.0,960
2026-09-17T04:01:32Z,2026-09-17T05:54:00.000+02:00,A0022012430,A22,94.0,1190
2026-09-17T04:01:32Z,2026-09-17T05:54:00.000+02:00,A0025012160,A25,111.0,780
2026-09-17T04:01:32Z,2026-09-17T05:54:00.000+02:00,A9022021200,A22 (rocade),63.0,230
2026-09-17T04:01:32Z,2026-09-17T05:54:00.000+02:00,A0001021100,A1,89.0,1200
2026-09-17T04:01:32Z,2026-09-17T05:54:00.000+02:00,A9022101000,A22 (rocade),,200
2026-09-17T04:01:32Z,2026-09-17T05:54:00.000+02:00,A0025013020,A25,97.0,740
2026-09-17T04:01:32Z,2026-09-17T05:54:00.000+02:00,A0027010410,A27,91.0,380
2026-09-17T04:01:32Z,2026-09-17T05:54:00.000+02:00,A0022012410,A22,96.0,1360
2026-09-17T04:01:32Z,2026-09-17T05:54:00.000+02:00,A0001A20112,A1,89.0,880
2026-09-17T04:01:32Z,2026-09-17T05:54:00.000+02:00,A0001A20111,A1,78.0,470
2026-09-17T04:01:32Z,2026-09-17T05:54:00.000+02:00,A0001021521,A1,83.0,1090
2026-09-17T04:01:32Z,2026-09-17T05:54:00.000+02:00,A0025022540,A25,106.0,890
2026-09-17T04:01:32Z,2026-09-17T05:54:00.000+02:00,A0025022300,A25,89.0,300
2026-09-17T04:01:32Z,2026-09-17T05:54:00.000+02:00,N0356021000,N356,78.0,1090
2026-09-17T04:01:32Z,2026-09-17T05:54:00.000+02:00,A22TC010102,A22 (contournement),88.0,800
2026-09-17T04:01:32Z,2026-09-17T05:54:00.000+02:00,A0001011503,A1,85.0,2160
2026-09-17T04:01:32Z,2026-09-17T05:54:00.000+02:00,A0022012200,A22,87.0,1240
2026-09-17T04:01:32Z,2026-09-17T05:54:00.000+02:00,A0001A20120,A1,87.0,780
2026-09-17T04:01:32Z,2026-09-17T05:54:00.000+02:00,A22TC020102,A22 (contournement),87.0,930
2026-09-17T04:01:32Z,2026-09-17T05:54:00.000+02:00,A22TC010300,A22 (contournement),83.0,760
2026-09-17T04:01:32Z,2026-09-17T05:54:00.000+02:00,A0022012010,A22,86.0,880
2026-09-17T04:01:32Z,2026-09-17T05:54:00.000+02:00,A0022012020,A22,86.0,880
2026-09-17T04:01:32Z,2026-09-17T05:54:00.000+02:00,A0025022130,A25,122.0,1220
2026-09-17T04:01:32Z,2026-09-17T05:54:00.000+02:00,A0023010520,A23,111.0,480
2026-09-17T04:01:32Z,2026-09-17T05:54:00.000+02:00,N0041020800,N41,91.0,380
2026-09-17T04:01:32Z,2026-09-17T05:54:00.000+02:00,A0025010500,A25,71.0,1010
2026-09-17T04:01:32Z,2026-09-17T05:54:00.000+02:00,A0022020901,A22,78.0,960
2026-09-17T04:01:32Z,2026-09-17T05:54:00.000+02:00,A0022020902,A22,78.0,710
2026-09-17T04:01:32Z,2026-09-17T05:54:00.000+02:00,A0022021810,A22,82.0,970
2026-09-17T04:01:32Z,2026-09-17T05:54:00.000+02:00,N0356011100,N356,76.0,920
2026-09-17T04:01:32Z,2026-09-17T05:54:00.000+02:00,A0022021820,A22,82.0,970
2026-09-17T04:01:32Z,2026-09-17T05:54:00.000+02:00,N0356020802,N356,77.0,1090
2026-09-17T04:01:32Z,2026-09-17T05:54:00.000+02:00,A9022020900,A22 (rocade),,580
2026-09-17T04:01:32Z,2026-09-17T05:54:00.000+02:00,A0025020102,A25,72.0,340
2026-09-17T04:01:32Z,2026-09-17T05:54:00.000+02:00,A0023010100,A23,82.0,80
2026-09-17T04:01:32Z,2026-09-17T05:54:00.000+02:00,A0025022530,A25,105.0,960
2026-09-17T04:01:32Z,2026-09-17T05:54:00.000+02:00,A9001210200,A1 (bretelle),75.0,360
2026-09-17T04:01:32Z,2026-09-17T05:54:00.000+02:00,A0022010700,A22,82.0,630
2026-09-17T04:01:32Z,2026-09-17T05:54:00.000+02:00,N0041020400,N41,89.0,670
2026-09-17T04:01:32Z,2026-09-17T05:54:00.000+02:00,A0023020720,A23,110.0,930
2026-09-17T04:01:32Z,2026-09-17T05:54:00.000+02:00,A0022020500,A22,78.0,500
2026-09-17T04:01:32Z,2026-09-17T05:54:00.000+02:00,A0025020950,A25,93.0,1300
2026-09-17T04:01:32Z,2026-09-17T05:54:00.000+02:00,A0023020300,A23,95.0,900
2026-09-17T04:01:32Z,2026-09-17T05:54:00.000+02:00,A0001011000,A1,86.0,1650
2026-09-17T04:01:32Z,2026-09-17T05:54:00.000+02:00,A0027020500,A27,84.0,360
2026-09-17T04:01:32Z,2026-09-17T05:54:00.000+02:00,N0356011500,N356,70.0,1120
2026-09-17T04:01:32Z,2026-09-17T05:54:00.000+02:00,A0001010150,A1,98.0,2060
2026-09-17T04:01:32Z,2026-09-17T05:54:00.000+02:00,N0356020400,N356,74.0,600
2026-09-17T04:01:32Z,2026-09-17T05:54:00.000+02:00,N0041020600,N41,79.0,80
2026-09-17T04:01:32Z,2026-09-17T05:54:00.000+02:00,A0025010700,A25,75.0,640
2026-09-17T04:01:32Z,2026-09-17T05:54:00.000+02:00,A0002011230,A2,105.0,1870
2026-09-17T04:01:32Z,2026-09-17T05:54:00.000+02:00,A0025020500,A25,78.0,1290
2026-09-17T04:01:32Z,2026-09-17T05:54:00.000+02:00,A0002021290,A2,105.0,1580
2026-09-17T04:01:32Z,2026-09-17T05:54:00.000+02:00,A0022011600,A22,83.0,920
2026-09-17T04:11:16Z,2026-09-17T06:00:00.000+02:00,A0001011200,A1,80.0,1660
2026-09-17T04:11:16Z,2026-09-17T06:00:00.000+02:00,A0027010102,A27,88.0,930
2026-09-17T04:11:16Z,2026-09-17T06:00:00.000+02:00,N0041010100,N41,87.0,420
2026-09-17T04:11:16Z,2026-09-17T06:00:00.000+02:00,A0027010101,A27,88.0,930
2026-09-17T04:11:16Z,2026-09-17T06:00:00.000+02:00,A9022010250,A22 (rocade),86.0,160
2026-09-17T04:11:16Z,2026-09-17T06:00:00.000+02:00,A0001020150,A1,96.0,1090
2026-09-17T04:11:16Z,2026-09-17T06:00:00.000+02:00,N0356011700,N356,75.0,660
2026-09-17T04:11:16Z,2026-09-17T06:00:00.000+02:00,N0356021300,N356,70.0,1030
2026-09-17T04:11:16Z,2026-09-17T06:00:00.000+02:00,A0022011400,A22,79.0,360
2026-09-17T04:11:16Z,2026-09-17T06:00:00.000+02:00,A0027010300,A27,87.0,560
2026-09-17T04:11:16Z,2026-09-17T06:00:00.000+02:00,A9022020250,A22 (rocade),54.0,340
2026-09-17T04:11:16Z,2026-09-17T06:00:00.000+02:00,N0041010300,N41,92.0,1080
2026-09-17T04:11:16Z,2026-09-17T06:00:00.000+02:00,A0022011210,A22,,240
2026-09-17T04:11:16Z,2026-09-17T06:00:00.000+02:00,A0027020100,A27,73.0,240
2026-09-17T04:11:16Z,2026-09-17T06:00:00.000+02:00,A0001010300,A1,31.0,1460
2026-09-17T04:11:16Z,2026-09-17T06:00:00.000+02:00,A0022011220,A22,,240
2026-09-17T04:11:16Z,2026-09-17T06:00:00.000+02:00,A9022101110,A22 (rocade),80.0,490
2026-09-17T04:11:16Z,2026-09-17T06:00:00.000+02:00,A0022022110,A22,88.0,1390
2026-09-17T04:11:16Z,2026-09-17T06:00:00.000+02:00,A0001011420,A1,88.0,1170
2026-09-17T04:11:16Z,2026-09-17T06:00:00.000+02:00,N0356010800,N356,75.0,810
2026-09-17T04:11:16Z,2026-09-17T06:00:00.000+02:00,A9001210710,A1 (bretelle),72.0,350
2026-09-17T04:11:16Z,2026-09-17T06:00:00.000+02:00,N0356021110,N356,78.0,1190
2026-09-17T04:11:16Z,2026-09-17T06:00:00.000+02:00,A0001010510,A1,106.0,2190
2026-09-17T04:11:16Z,2026-09-17T06:00:00.000+02:00,N0356021122,N356,68.0,1020
2026-09-17T04:11:16Z,2026-09-17T06:00:00.000+02:00,N0356021121,N356,78.0,1190
2026-09-17T04:11:16Z,2026-09-17T06:00:00.000+02:00,A0025010210,A25,78.0,1470
2026-09-17T04:11:16Z,2026-09-17T06:00:00.000+02:00,A0025011300,A25,90.0,390
2026-09-17T04:11:16Z,2026-09-17T06:00:00.000+02:00,A0001020300,A1,96.0,990
2026-09-17T04:11:16Z,2026-09-17T06:00:00.000+02:00,A0025021100,A25,80.0,910
2026-09-17T04:11:16Z,2026-09-17T06:00:00.000+02:00,A0025023520,A25,110.0,620
2026-09-17T04:11:16Z,2026-09-17T06:00:00.000+02:00,A0022022130,A22,85.0,1400
2026-09-17T04:11:16Z,2026-09-17T06:00:00.000+02:00,A0025010220,A25,78.0,1470
2026-09-17T04:11:16Z,2026-09-17T06:00:00.000+02:00,A0022022120,A22,90.0,1430
2026-09-17T04:11:16Z,2026-09-17T06:00:00.000+02:00,A0001010520,A1,96.0,2240
2026-09-17T04:11:16Z,2026-09-17T06:00:00.000+02:00,A0022011000,A22,81.0,950
2026-09-17T04:11:16Z,2026-09-17T06:00:00.000+02:00,A0001020510,A1,95.0,1050
2026-09-17T04:11:16Z,2026-09-17T06:00:00.000+02:00,A0001021602,A1,85.0,2150
2026-09-17T04:11:16Z,2026-09-17T06:00:00.000+02:00,A22TC020222,A22 (contournement),76.0,850
2026-09-17T04:11:16Z,2026-09-17T06:00:00.000+02:00,A0001010940,A1,96.0,2090
2026-09-17T04:11:16Z,2026-09-17T06:00:00.000+02:00,A0025023320,A25,109.0,1190
2026-09-17T04:11:16Z,2026-09-17T06:00:00.000+02:00,A0001020520,A1,93.0,1130
2026-09-17T04:11:16Z,2026-09-17T06:00:00.000+02:00,A0025023100,A25,107.0,1040
2026-09-17T04:11:16Z,2026-09-17T06:00:00.000+02:00,A22TC020230,A22 (contournement),76.0,850
2026-09-17T04:11:16Z,2026-09-17T06:00:00.000+02:00,A0025021730,A25,88.0,1400
2026-09-17T04:11:16Z,2026-09-17T06:00:00.000+02:00,A0025023910,A25,108.0,480
2026-09-17T04:11:16Z,2026-09-17T06:00:00.000+02:00,A0025021735,A25,100.0,1380
2026-09-17T04:11:16Z,2026-09-17T06:00:00.000+02:00,A0023010400,A23,103.0,470
2026-09-17T04:11:16Z,2026-09-17T06:00:00.000+02:00,A0022021900,A22,83.0,1110
2026-09-17T04:11:16Z,2026-09-17T06:00:00.000+02:00,A9022100500,A22 (rocade),83.0,280
2026-09-17T04:11:16Z,2026-09-17T06:00:00.000+02:00,A0001020940,A1,89.0,1390
2026-09-17T04:11:16Z,2026-09-17T06:00:00.000+02:00,A0001020700,A1,91.0,1030
2026-09-17T04:11:16Z,2026-09-17T06:00:00.000+02:00,A9022020830,A22 (rocade),88.0,110
2026-09-17T04:11:16Z,2026-09-17T06:00:00.000+02:00,A9022020822,A22 (rocade),69.0,1030
2026-09-17T04:11:16Z,2026-09-17T06:00:00.000+02:00,A9022020821,A22 (rocade),69.0,1030
2026-09-17T04:11:16Z,2026-09-17T06:00:00.000+02:00,A0025020420,A25,76.0,1620
2026-09-17T04:11:16Z,2026-09-17T06:00:00.000+02:00,A0025021510,A25,91.0,660
2026-09-17T04:11:16Z,2026-09-17T06:00:00.000+02:00,N0227010100,N227,67.0,360
2026-09-17T04:11:16Z,2026-09-17T06:00:00.000+02:00,A0025011720,A25,95.0,920
2026-09-17T04:11:16Z,2026-09-17T06:00:00.000+02:00,A0025021760,A25,85.0,1360
2026-09-17T04:11:16Z,2026-09-17T06:00:00.000+02:00,A0025011730,A25,85.0,950
2026-09-17T04:11:16Z,2026-09-17T06:00:00.000+02:00,A0025011735,A25,97.0,930
2026-09-17T04:11:16Z,2026-09-17T06:00:00.000+02:00,A9025080700,A25 (bretelle),,360
2026-09-17T04:11:16Z,2026-09-17T06:00:00.000+02:00,A9022100930,A22 (rocade),71.0,40
2026-09-17T04:11:16Z,2026-09-17T06:00:00.000+02:00,N0356011220,N356,74.0,680
2026-09-17T04:11:16Z,2026-09-17T06:00:00.000+02:00,A0025011740,A25,81.0,930
2026-09-17T04:11:16Z,2026-09-17T06:00:00.000+02:00,A0025010410,A25,69.0,1220
2026-09-17T04:11:16Z,2026-09-17T06:00:00.000+02:00,A0023010200,A23,76.0,940
2026-09-17T04:11:16Z,2026-09-17T06:00:00.000+02:00,A9001210120,A1 (bretelle),78.0,70
2026-09-17T04:11:16Z,2026-09-17T06:00:00.000+02:00,A0025020210,A25,78.0,1540
2026-09-17T04:11:16Z,2026-09-17T06:00:00.000+02:00,N0356011210,N356,74.0,680
2026-09-17T04:11:16Z,2026-09-17T06:00:00.000+02:00,A0025011510,A25,90.0,570
2026-09-17T04:11:16Z,2026-09-17T06:00:00.000+02:00,A0025020220,A25,78.0,1540
2026-09-17T04:11:16Z,2026-09-17T06:00:00.000+02:00,N0227010302,N227,81.0,820
2026-09-17T04:11:16Z,2026-09-17T06:00:00.000+02:00,N0041010500,N41,107.0,870
2026-09-17T04:11:16Z,2026-09-17T06:00:00.000+02:00,N0227020101,N227,86.0,1000
2026-09-17T04:11:16Z,2026-09-17T06:00:00.000+02:00,A9022100110,A22 (rocade),73.0,240
2026-09-17T04:11:16Z,2026-09-17T06:00:00.000+02:00,A0022010400,A22,76.0,990
2026-09-17T04:11:16Z,2026-09-17T06:00:00.000+02:00,N0356010302,N356,79.0,1360
2026-09-17T04:11:16Z,2026-09-17T06:00:00.000+02:00,A0025010800,A25,78.0,790
2026-09-17T04:11:16Z,2026-09-17T06:00:00.000+02:00,A0027020621,A27,95.0,440
2026-09-17T04:11:16Z,2026-09-17T06:00:00.000+02:00,N0041010700,N41,100.0,310
2026-09-17T04:11:16Z,2026-09-17T06:00:00.000+02:00,A0027020630,A27,96.0,450
2026-09-17T04:11:16Z,2026-09-17T06:00:00.000+02:00,A0022021512,A22,82.0,980
2026-09-17T04:11:16Z,2026-09-17T06:00:00.000+02:00,A0022021511,A22,83.0,920
2026-09-17T04:11:16Z,2026-09-17T06:00:00.000+02:00,A0027020610,A27,95.0,440
2026-09-17T04:11:16Z,2026-09-17T06:00:00.000+02:00,A0025021720,A25,99.0,1300
2026-09-17T04:11:16Z,2026-09-17T06:00:00.000+02:00,A0022021520,A22,82.0,980
2026-09-17T04:11:16Z,2026-09-17T06:00:00.000+02:00,A0025022140,A25,107.0,1330
2026-09-17T04:11:16Z,2026-09-17T06:00:00.000+02:00,A0022011302,A22,82.0,670
2026-09-17T04:11:16Z,2026-09-17T06:00:00.000+02:00,A0025022160,A25,105.0,1430
2026-09-17T04:11:16Z,2026-09-17T06:00:00.000+02:00,A9025060104,A25 (bretelle),75.0,960
2026-09-17T04:11:16Z,2026-09-17T06:00:00.000+02:00,A0027010201,A27,89.0,960
2026-09-17T04:11:16Z,2026-09-17T06:00:00.000+02:00,A0027010202,A27,88.0,390
2026-09-17T04:11:16Z,2026-09-17T06:00:00.000+02:00,N9227110110,N227 (bretelle),77.0,410
2026-09-17T04:11:16Z,2026-09-17T06:00:00.000+02:00,A0025012130,A25,90.0,550
2026-09-17T04:11:16Z,2026-09-17T06:00:00.000+02:00,A0027010210,A27,88.0,390
2026-09-17T04:11:16Z,2026-09-17T06:00:00.000+02:00,A0025011050,A25,86.0,430
2026-09-17T04:11:16Z,2026-09-17T06:00:00.000+02:00,A0025012140,A25,90.0,170
2026-09-17T04:11:16Z,2026-09-17T06:00:00.000+02:00,A0027010421,A27,89.0,650
2026-09-17T04:11:16Z,2026-09-17T06:00:00.000+02:00,A0022012420,A22,95.0,1110
2026-09-17T04:11:16Z,2026-09-17T06:00:00.000+02:00,A0027010430,A27,92.0,590
2026-09-17T04:11:16Z,2026-09-17T06:00:00.000+02:00,A0023020710,A23,103.0,960
2026-09-17T04:11:16Z,2026-09-17T06:00:00.000+02:00,A0022012430,A22,92.0,1120
2026-09-17T04:11:16Z,2026-09-17T06:00:00.000+02:00,A0025012160,A25,112.0,790
2026-09-17T04:11:16Z,2026-09-17T06:00:00.000+02:00,A9022021200,A22 (rocade),75.0,80
2026-09-17T04:11:16Z,2026-09-17T06:00:00.000+02:00,A0001021100,A1,90.0,1190
2026-09-17T04:11:16Z,2026-09-17T06:00:00.000+02:00,A9022101000,A22 (rocade),,110
2026-09-17T04:11:16Z,2026-09-17T06:00:00.000+02:00,A0025013020,A25,98.0,580
2026-09-17T04:11:16Z,2026-09-17T06:00:00.000+02:00,A0027010410,A27,89.0,650
2026-09-17T04:11:16Z,2026-09-17T06:00:00.000+02:00,A0022012410,A22,94.0,1110
2026-09-17T04:11:16Z,2026-09-17T06:00:00.000+02:00,A0001A20112,A1,90.0,750
2026-09-17T04:11:16Z,2026-09-17T06:00:00.000+02:00,A0001A20111,A1,79.0,370
2026-09-17T04:11:16Z,2026-09-17T06:00:00.000+02:00,A0001021521,A1,87.0,1370
2026-09-17T04:11:16Z,2026-09-17T06:00:00.000+02:00,A0025022540,A25,107.0,1260
2026-09-17T04:11:16Z,2026-09-17T06:00:00.000+02:00,A0025022300,A25,85.0,370
2026-09-17T04:11:16Z,2026-09-17T06:00:00.000+02:00,N0356021000,N356,79.0,1150
2026-09-17T04:11:16Z,2026-09-17T06:00:00.000+02:00,A22TC010102,A22 (contournement),85.0,670
2026-09-17T04:11:16Z,2026-09-17T06:00:00.000+02:00,A0001011503,A1,88.0,2100
2026-09-17T04:11:16Z,2026-09-17T06:00:00.000+02:00,A0022012200,A22,83.0,1240
2026-09-17T04:11:16Z,2026-09-17T06:00:00.000+02:00,A0001A20120,A1,88.0,750
2026-09-17T04:11:16Z,2026-09-17T06:00:00.000+02:00,A22TC020102,A22 (contournement),87.0,730
2026-09-17T04:11:16Z,2026-09-17T06:00:00.000+02:00,A22TC010300,A22 (contournement),84.0,720
2026-09-17T04:11:16Z,2026-09-17T06:00:00.000+02:00,A0022012010,A22,83.0,950
2026-09-17T04:11:16Z,2026-09-17T06:00:00.000+02:00,A0022012020,A22,83.0,950
2026-09-17T04:11:16Z,2026-09-17T06:00:00.000+02:00,A0025022130,A25,121.0,1280
2026-09-17T04:11:16Z,2026-09-17T06:00:00.000+02:00,A0023010520,A23,107.0,440
2026-09-17T04:11:16Z,2026-09-17T06:00:00.000+02:00,N0041020800,N41,91.0,580
2026-09-17T04:11:16Z,2026-09-17T06:00:00.000+02:00,A0025010500,A25,71.0,920
2026-09-17T04:11:16Z,2026-09-17T06:00:00.000+02:00,A0022020901,A22,,760
2026-09-17T04:11:16Z,2026-09-17T06:00:00.000+02:00,A0022020902,A22,,590
2026-09-17T04:11:16Z,2026-09-17T06:00:00.000+02:00,A0022021810,A22,83.0,1030
2026-09-17T04:11:16Z,2026-09-17T06:00:00.000+02:00,N0356011100,N356,72.0,670
2026-09-17T04:11:16Z,2026-09-17T06:00:00.000+02:00,A0022021820,A22,83.0,1030
2026-09-17T04:11:16Z,2026-09-17T06:00:00.000+02:00,N0356020802,N356,76.0,1210
2026-09-17T04:11:16Z,2026-09-17T06:00:00.000+02:00,A9022020900,A22 (rocade),,490
2026-09-17T04:11:16Z,2026-09-17T06:00:00.000+02:00,A0025020102,A25,73.0,120
2026-09-17T04:11:16Z,2026-09-17T06:00:00.000+02:00,A0023010100,A23,78.0,80
2026-09-17T04:11:16Z,2026-09-17T06:00:00.000+02:00,A0025022530,A25,109.0,1130
2026-09-17T04:11:16Z,2026-09-17T06:00:00.000+02:00,A9001210200,A1 (bretelle),74.0,320
2026-09-17T04:11:16Z,2026-09-17T06:00:00.000+02:00,A0022010700,A22,85.0,820
2026-09-17T04:11:16Z,2026-09-17T06:00:00.000+02:00,N0041020400,N41,86.0,720
2026-09-17T04:11:16Z,2026-09-17T06:00:00.000+02:00,A0023020720,A23,108.0,1000
2026-09-17T04:11:16Z,2026-09-17T06:00:00.000+02:00,A0022020500,A22,,560
2026-09-17T04:11:16Z,2026-09-17T06:00:00.000+02:00,N93563b0150,N356 (bretelle),67.0,20
2026-09-17T04:11:16Z,2026-09-17T06:00:00.000+02:00,A0025020950,A25,87.0,1340
2026-09-17T04:11:16Z,2026-09-17T06:00:00.000+02:00,A0023020300,A23,85.0,830
2026-09-17T04:11:16Z,2026-09-17T06:00:00.000+02:00,A0001011000,A1,85.0,1660
2026-09-17T04:11:16Z,2026-09-17T06:00:00.000+02:00,A0027020500,A27,92.0,360
2026-09-17T04:11:16Z,2026-09-17T06:00:00.000+02:00,N0356011500,N356,70.0,680
2026-09-17T04:11:16Z,2026-09-17T06:00:00.000+02:00,A0001010150,A1,97.0,2210
2026-09-17T04:11:16Z,2026-09-17T06:00:00.000+02:00,N0356020400,N356,75.0,580
2026-09-17T04:11:16Z,2026-09-17T06:00:00.000+02:00,N0041020600,N41,80.0,140
2026-09-17T04:11:16Z,2026-09-17T06:00:00.000+02:00,A0025010700,A25,68.0,610
2026-09-17T04:11:16Z,2026-09-17T06:00:00.000+02:00,A0002011230,A2,107.0,1690
2026-09-17T04:11:16Z,2026-09-17T06:00:00.000+02:00,A0025020500,A25,75.0,1240
2026-09-17T04:11:16Z,2026-09-17T06:00:00.000+02:00,A0002021290,A2,107.0,1420
2026-09-17T04:11:16Z,2026-09-17T06:00:00.000+02:00,A0022011600,A22,81.0,890
2026-09-17T04:21:21Z,2026-09-17T06:12:00.000+02:00,A0001011200,A1,80.0,2330
2026-09-17T04:21:21Z,2026-09-17T06:12:00.000+02:00,A0027010102,A27,80.0,1240
2026-09-17T04:21:21Z,2026-09-17T06:12:00.000+02:00,N0041010100,N41,89.0,810
2026-09-17T04:21:21Z,2026-09-17T06:12:00.000+02:00,A0027010101,A27,80.0,1240
2026-09-17T04:21:21Z,2026-09-17T06:12:00.000+02:00,A9022010250,A22 (rocade),89.0,210
2026-09-17T04:21:21Z,2026-09-17T06:12:00.000+02:00,A0001020150,A1,95.0,1390
2026-09-17T04:21:21Z,2026-09-17T06:12:00.000+02:00,N0356011700,N356,77.0,1130
2026-09-17T04:21:21Z,2026-09-17T06:12:00.000+02:00,N9227110200,N227 (bretelle),80.0,10
2026-09-17T04:21:21Z,2026-09-17T06:12:00.000+02:00,N0356021300,N356,68.0,1490
2026-09-17T04:21:21Z,2026-09-17T06:12:00.000+02:00,A0022011400,A22,82.0,350
2026-09-17T04:21:21Z,2026-09-17T06:12:00.000+02:00,A0027010300,A27,89.0,440
2026-09-17T04:21:21Z,2026-09-17T06:12:00.000+02:00,A9022020250,A22 (rocade),64.0,520
2026-09-17T04:21:21Z,2026-09-17T06:12:00.000+02:00,N0041010300,N41,88.0,1700
2026-09-17T04:21:21Z,2026-09-17T06:12:00.000+02:00,A0022011210,A22,83.0,220
2026-09-17T04:21:21Z,2026-09-17T06:12:00.000+02:00,A0027020100,A27,75.0,490
2026-09-17T04:21:21Z,2026-09-17T06:12:00.000+02:00,A0001010300,A1,117.0,1850
2026-09-17T04:21:21Z,2026-09-17T06:12:00.000+02:00,A0022011220,A22,83.0,220
2026-09-17T04:21:21Z,2026-09-17T06:12:00.000+02:00,N0227021400,N227,79.0,10
2026-09-17T04:21:21Z,2026-09-17T06:12:00.000+02:00,A9022101110,A22 (rocade),83.0,580
2026-09-17T04:21:21Z,2026-09-17T06:12:00.000+02:00,A0022022110,A22,84.0,1680
2026-09-17T04:21:21Z,2026-09-17T06:12:00.000+02:00,A0001011420,A1,85.0,1720
2026-09-17T04:21:21Z,2026-09-17T06:12:00.000+02:00,N0356010800,N356,74.0,1420
2026-09-17T04:21:21Z,2026-09-17T06:12:00.000+02:00,A9001210710,A1 (bretelle),68.0,100
2026-09-17T04:21:21Z,2026-09-17T06:12:00.000+02:00,N0356021110,N356,76.0,1620
2026-09-17T04:21:21Z,2026-09-17T06:12:00.000+02:00,A0001010510,A1,96.0,2840
2026-09-17T04:21:21Z,2026-09-17T06:12:00.000+02:00,N0356021122,N356,66.0,1630
2026-09-17T04:21:21Z,2026-09-17T06:12:00.000+02:00,N0356021121,N356,76.0,1620
2026-09-17T04:21:21Z,2026-09-17T06:12:00.000+02:00,A0025010210,A25,79.0,2120
2026-09-17T04:21:21Z,2026-09-17T06:12:00.000+02:00,A0025011300,A25,86.0,600
2026-09-17T04:21:21Z,2026-09-17T06:12:00.000+02:00,A0001020300,A1,98.0,1240
2026-09-17T04:21:21Z,2026-09-17T06:12:00.000+02:00,A0025021100,A25,92.0,1830
2026-09-17T04:21:21Z,2026-09-17T06:12:00.000+02:00,A0025023520,A25,105.0,1140
2026-09-17T04:21:21Z,2026-09-17T06:12:00.000+02:00,A0022022130,A22,84.0,1630
2026-09-17T04:21:21Z,2026-09-17T06:12:00.000+02:00,A0025010220,A25,79.0,2120
2026-09-17T04:21:21Z,2026-09-17T06:12:00.000+02:00,A0022022120,A22,87.0,1650
2026-09-17T04:21:21Z,2026-09-17T06:12:00.000+02:00,A0001010520,A1,96.0,3010
2026-09-17T04:21:21Z,2026-09-17T06:12:00.000+02:00,A0022011000,A22,99.0,790
2026-09-17T04:21:21Z,2026-09-17T06:12:00.000+02:00,A0001020510,A1,96.0,1420
2026-09-17T04:21:21Z,2026-09-17T06:12:00.000+02:00,A0001021602,A1,86.0,2560
2026-09-17T04:21:21Z,2026-09-17T06:12:00.000+02:00,A22TC020222,A22 (contournement),91.0,1120
2026-09-17T04:21:21Z,2026-09-17T06:12:00.000+02:00,A0001010940,A1,93.0,2860
2026-09-17T04:21:21Z,2026-09-17T06:12:00.000+02:00,A0025023320,A25,107.0,1730
2026-09-17T04:21:21Z,2026-09-17T06:12:00.000+02:00,A0001020520,A1,94.0,1460
2026-09-17T04:21:21Z,2026-09-17T06:12:00.000+02:00,A0025023100,A25,108.0,1490
2026-09-17T04:21:21Z,2026-09-17T06:12:00.000+02:00,A22TC020230,A22 (contournement),91.0,1120
2026-09-17T04:21:21Z,2026-09-17T06:12:00.000+02:00,A0025021730,A25,85.0,2160
2026-09-17T04:21:21Z,2026-09-17T06:12:00.000+02:00,A0025023910,A25,109.0,830
2026-09-17T04:21:21Z,2026-09-17T06:12:00.000+02:00,A0025021735,A25,98.0,2190
2026-09-17T04:21:21Z,2026-09-17T06:12:00.000+02:00,A0023010400,A23,97.0,560
2026-09-17T04:21:21Z,2026-09-17T06:12:00.000+02:00,A0022021900,A22,80.0,1290
2026-09-17T04:21:21Z,2026-09-17T06:12:00.000+02:00,A9022100500,A22 (rocade),84.0,560
2026-09-17T04:21:21Z,2026-09-17T06:12:00.000+02:00,A0001020940,A1,90.0,1600
2026-09-17T04:21:21Z,2026-09-17T06:12:00.000+02:00,A0001020700,A1,92.0,1230
2026-09-17T04:21:21Z,2026-09-17T06:12:00.000+02:00,A9022020830,A22 (rocade),87.0,90
2026-09-17T04:21:21Z,2026-09-17T06:12:00.000+02:00,A9022020822,A22 (rocade),87.0,820
2026-09-17T04:21:21Z,2026-09-17T06:12:00.000+02:00,A9022020821,A22 (rocade),87.0,820
2026-09-17T04:21:21Z,2026-09-17T06:12:00.000+02:00,A0025020420,A25,73.0,2180
2026-09-17T04:21:21Z,2026-09-17T06:12:00.000+02:00,A0025021510,A25,91.0,1430
2026-09-17T04:21:21Z,2026-09-17T06:12:00.000+02:00,N0227010100,N227,66.0,470
2026-09-17T04:21:21Z,2026-09-17T06:12:00.000+02:00,A0025011720,A25,99.0,930
2026-09-17T04:21:21Z,2026-09-17T06:12:00.000+02:00,A0025021760,A25,80.0,2560
2026-09-17T04:21:21Z,2026-09-17T06:12:00.000+02:00,A0025011730,A25,86.0,970
2026-09-17T04:21:21Z,2026-09-17T06:12:00.000+02:00,A0025011735,A25,99.0,910
2026-09-17T04:21:21Z,2026-09-17T06:12:00.000+02:00,A9025080700,A25 (bretelle),,510
2026-09-17T04:21:21Z,2026-09-17T06:12:00.000+02:00,A9022100930,A22 (rocade),74.0,70
2026-09-17T04:21:21Z,2026-09-17T06:12:00.000+02:00,N0356011220,N356,74.0,1240
2026-09-17T04:21:21Z,2026-09-17T06:12:00.000+02:00,A0025011740,A25,86.0,890
2026-09-17T04:21:21Z,2026-09-17T06:12:00.000+02:00,A0025010410,A25,71.0,1780
2026-09-17T04:21:21Z,2026-09-17T06:12:00.000+02:00,A0023010200,A23,74.0,670
2026-09-17T04:21:21Z,2026-09-17T06:12:00.000+02:00,A9001210120,A1 (bretelle),80.0,240
2026-09-17T04:21:21Z,2026-09-17T06:12:00.000+02:00,A0025020210,A25,76.0,2100
2026-09-17T04:21:21Z,2026-09-17T06:12:00.000+02:00,N0356011210,N356,74.0,1240
2026-09-17T04:21:21Z,2026-09-17T06:12:00.000+02:00,A0025011510,A25,87.0,860
2026-09-17T04:21:21Z,2026-09-17T06:12:00.000+02:00,A0025020220,A25,76.0,2100
2026-09-17T04:21:21Z,2026-09-17T06:12:00.000+02:00,N0227010302,N227,80.0,1070
2026-09-17T04:21:21Z,2026-09-17T06:12:00.000+02:00,N0041010500,N41,95.0,1530
2026-09-17T04:21:21Z,2026-09-17T06:12:00.000+02:00,N0227020101,N227,87.0,1350
2026-09-17T04:21:21Z,2026-09-17T06:12:00.000+02:00,A9022100110,A22 (rocade),69.0,290
2026-09-17T04:21:21Z,2026-09-17T06:12:00.000+02:00,A0022010400,A22,74.0,1030
2026-09-17T04:21:21Z,2026-09-17T06:12:00.000+02:00,N0356010302,N356,76.0,2020
2026-09-17T04:21:21Z,2026-09-17T06:12:00.000+02:00,A0025010800,A25,78.0,1100
2026-09-17T04:21:21Z,2026-09-17T06:12:00.000+02:00,A0027020621,A27,96.0,600
2026-09-17T04:21:21Z,2026-09-17T06:12:00.000+02:00,N0041010700,N41,95.0,480
2026-09-17T04:21:21Z,2026-09-17T06:12:00.000+02:00,A0027020630,A27,97.0,590
2026-09-17T04:21:21Z,2026-09-17T06:12:00.000+02:00,A0022021512,A22,79.0,1140
2026-09-17T04:21:21Z,2026-09-17T06:12:00.000+02:00,A0022021511,A22,78.0,1170
2026-09-17T04:21:21Z,2026-09-17T06:12:00.000+02:00,A0027020610,A27,96.0,600
2026-09-17T04:21:21Z,2026-09-17T06:12:00.000+02:00,A0025021720,A25,98.0,2090
2026-09-17T04:21:21Z,2026-09-17T06:12:00.000+02:00,A0022021520,A22,79.0,1140
2026-09-17T04:21:21Z,2026-09-17T06:12:00.000+02:00,A0025022140,A25,104.0,1910
2026-09-17T04:21:21Z,2026-09-17T06:12:00.000+02:00,A0022011302,A22,78.0,680
2026-09-17T04:21:21Z,2026-09-17T06:12:00.000+02:00,A0025022160,A25,102.0,1930
2026-09-17T04:21:21Z,2026-09-17T06:12:00.000+02:00,A9025060104,A25 (bretelle),69.0,1260
2026-09-17T04:21:21Z,2026-09-17T06:12:00.000+02:00,A0027010201,A27,89.0,920
2026-09-17T04:21:21Z,2026-09-17T06:12:00.000+02:00,A0027010202,A27,70.0,250
2026-09-17T04:21:21Z,2026-09-17T06:12:00.000+02:00,N9227110110,N227 (bretelle),78.0,430
2026-09-17T04:21:21Z,2026-09-17T06:12:00.000+02:00,A0025012130,A25,97.0,560
2026-09-17T04:21:21Z,2026-09-17T06:12:00.000+02:00,A0027010210,A27,70.0,250
2026-09-17T04:21:21Z,2026-09-17T06:12:00.000+02:00,A0025011050,A25,89.0,560
2026-09-17T04:21:21Z,2026-09-17T06:12:00.000+02:00,A0025012140,A25,97.0,250
2026-09-17T04:21:21Z,2026-09-17T06:12:00.000+02:00,A0027010421,A27,92.0,490
2026-09-17T04:21:21Z,2026-09-17T06:12:00.000+02:00,A0022012420,A22,96.0,1400
2026-09-17T04:21:21Z,2026-09-17T06:12:00.000+02:00,A0027010430,A27,93.0,470
2026-09-17T04:21:21Z,2026-09-17T06:12:00.000+02:00,A0023020710,A23,103.0,1280
2026-09-17T04:21:21Z,2026-09-17T06:12:00.000+02:00,A0022012430,A22,95.0,1320
2026-09-17T04:21:21Z,2026-09-17T06:12:00.000+02:00,A0025012160,A25,114.0,830
2026-09-17T04:21:21Z,2026-09-17T06:12:00.000+02:00,A9022021200,A22 (rocade),60.0,110
2026-09-17T04:21:21Z,2026-09-17T06:12:00.000+02:00,A0001021100,A1,90.0,1490
2026-09-17T04:21:21Z,2026-09-17T06:12:00.000+02:00,A9022101000,A22 (rocade),65.0,280
2026-09-17T04:21:21Z,2026-09-17T06:12:00.000+02:00,A0025013020,A25,105.0,740
2026-09-17T04:21:21Z,2026-09-17T06:12:00.000+02:00,A0027010410,A27,92.0,490
2026-09-17T04:21:21Z,2026-09-17T06:12:00.000+02:00,A0022012410,A22,97.0,1410
2026-09-17T04:21:21Z,2026-09-17T06:12:00.000+02:00,A0001A20112,A1,92.0,1040
2026-09-17T04:21:21Z,2026-09-17T06:12:00.000+02:00,A0001A20111,A1,90.0,710
2026-09-17T04:21:21Z,2026-09-17T06:12:00.000+02:00,A0001021521,A1,88.0,1490
2026-09-17T04:21:21Z,2026-09-17T06:12:00.000+02:00,A0025022540,A25,109.0,1540
2026-09-17T04:21:21Z,2026-09-17T06:12:00.000+02:00,A0025022300,A25,104.0,680
2026-09-17T04:21:21Z,2026-09-17T06:12:00.000+02:00,N0356021000,N356,77.0,1560
2026-09-17T04:21:21Z,2026-09-17T06:12:00.000+02:00,A22TC010102,A22 (contournement),84.0,840
2026-09-17T04:21:21Z,2026-09-17T06:12:00.000+02:00,A0001011503,A1,87.0,2910
2026-09-17T04:21:21Z,2026-09-17T06:12:00.000+02:00,A0022012200,A22,85.0,1320
2026-09-17T04:21:21Z,2026-09-17T06:12:00.000+02:00,A0001A20120,A1,89.0,970
2026-09-17T04:21:21Z,2026-09-17T06:12:00.000+02:00,A22TC020102,A22 (contournement),87.0,990
2026-09-17T04:21:21Z,2026-09-17T06:12:00.000+02:00,A22TC010300,A22 (contournement),85.0,940
2026-09-17T04:21:21Z,2026-09-17T06:12:00.000+02:00,A0022012010,A22,87.0,920
2026-09-17T04:21:21Z,2026-09-17T06:12:00.000+02:00,A0022012020,A22,87.0,920
2026-09-17T04:21:21Z,2026-09-17T06:12:00.000+02:00,A0025022130,A25,116.0,1890
2026-09-17T04:21:21Z,2026-09-17T06:12:00.000+02:00,A0023010520,A23,103.0,500
2026-09-17T04:21:21Z,2026-09-17T06:12:00.000+02:00,N0041020800,N41,89.0,450
2026-09-17T04:21:21Z,2026-09-17T06:12:00.000+02:00,A0025010500,A25,73.0,1110
2026-09-17T04:21:21Z,2026-09-17T06:12:00.000+02:00,A0022020901,A22,80.0,960
2026-09-17T04:21:21Z,2026-09-17T06:12:00.000+02:00,A0022020902,A22,80.0,700
2026-09-17T04:21:21Z,2026-09-17T06:12:00.000+02:00,A0022021810,A22,81.0,1260
2026-09-17T04:21:21Z,2026-09-17T06:12:00.000+02:00,N0356011100,N356,74.0,1270
2026-09-17T04:21:21Z,2026-09-17T06:12:00.000+02:00,A0022021820,A22,81.0,1260
2026-09-17T04:21:21Z,2026-09-17T06:12:00.000+02:00,N0356020802,N356,76.0,1520
2026-09-17T04:21:21Z,2026-09-17T06:12:00.000+02:00,A9022020900,A22 (rocade),100.0,270
2026-09-17T04:21:21Z,2026-09-17T06:12:00.000+02:00,A0025020102,A25,67.0,500
2026-09-17T04:21:21Z,2026-09-17T06:12:00.000+02:00,A0023010100,A23,74.0,40
2026-09-17T04:21:21Z,2026-09-17T06:12:00.000+02:00,A0025022530,A25,109.0,1420
2026-09-17T04:21:21Z,2026-09-17T06:12:00.000+02:00,A9001210200,A1 (bretelle),70.0,410
2026-09-17T04:21:21Z,2026-09-17T06:12:00.000+02:00,A0022010700,A22,78.0,800
2026-09-17T04:21:21Z,2026-09-17T06:12:00.000+02:00,N0041020400,N41,85.0,590
2026-09-17T04:21:21Z,2026-09-17T06:12:00.000+02:00,A0023020720,A23,106.0,1480
2026-09-17T04:21:21Z,2026-09-17T06:12:00.000+02:00,A0022020500,A22,80.0,590
2026-09-17T04:21:21Z,2026-09-17T06:12:00.000+02:00,A0025020950,A25,92.0,2480
2026-09-17T04:21:21Z,2026-09-17T06:12:00.000+02:00,A0023020300,A23,87.0,1140
2026-09-17T04:21:21Z,2026-09-17T06:12:00.000+02:00,A0001011000,A1,84.0,2370
2026-09-17T04:21:21Z,2026-09-17T06:12:00.000+02:00,A0027020500,A27,90.0,360
2026-09-17T04:21:21Z,2026-09-17T06:12:00.000+02:00,N0356011500,N356,82.0,1340
2026-09-17T04:21:21Z,2026-09-17T06:12:00.000+02:00,A0001010150,A1,97.0,3080
2026-09-17T04:21:21Z,2026-09-17T06:12:00.000+02:00,N0356020400,N356,75.0,690
2026-09-17T04:21:21Z,2026-09-17T06:12:00.000+02:00,N0041020600,N41,99.0,110
2026-09-17T04:21:21Z,2026-09-17T06:12:00.000+02:00,A0025010700,A25,71.0,780
2026-09-17T04:21:21Z,2026-09-17T06:12:00.000+02:00,A0002011230,A2,103.0,1630
2026-09-17T04:21:21Z,2026-09-17T06:12:00.000+02:00,A0025020500,A25,75.0,1820
2026-09-17T04:21:21Z,2026-09-17T06:12:00.000+02:00,A0002021290,A2,103.0,1580
2026-09-17T04:21:21Z,2026-09-17T06:12:00.000+02:00,A0022011600,A22,86.0,910
2026-09-17T04:31:37Z,2026-09-17T06:24:00.000+02:00,A0001011200,A1,78.0,3300
2026-09-17T04:31:37Z,2026-09-17T06:24:00.000+02:00,A0027010102,A27,85.0,1660
2026-09-17T04:31:37Z,2026-09-17T06:24:00.000+02:00,N0041010100,N41,86.0,1440
2026-09-17T04:31:37Z,2026-09-17T06:24:00.000+02:00,A0027010101,A27,85.0,1660
2026-09-17T04:31:37Z,2026-09-17T06:24:00.000+02:00,A9022010250,A22 (rocade),88.0,360
2026-09-17T04:31:37Z,2026-09-17T06:24:00.000+02:00,A0001020150,A1,99.0,2060
2026-09-17T04:31:37Z,2026-09-17T06:24:00.000+02:00,N0356011700,N356,76.0,1300
2026-09-17T04:31:37Z,2026-09-17T06:24:00.000+02:00,N0356021300,N356,68.0,1930
2026-09-17T04:31:37Z,2026-09-17T06:24:00.000+02:00,A0022011400,A22,78.0,370
2026-09-17T04:31:37Z,2026-09-17T06:24:00.000+02:00,A0027010300,A27,90.0,390
2026-09-17T04:31:37Z,2026-09-17T06:24:00.000+02:00,A9022020250,A22 (rocade),41.0,560
2026-09-17T04:31:37Z,2026-09-17T06:24:00.000+02:00,N0041010300,N41,88.0,2630
2026-09-17T04:31:37Z,2026-09-17T06:24:00.000+02:00,A0022011210,A22,80.0,330
2026-09-17T04:31:37Z,2026-09-17T06:24:00.000+02:00,A0027020100,A27,73.0,510
2026-09-17T04:31:37Z,2026-09-17T06:24:00.000+02:00,A0001010300,A1,95.0,2930
2026-09-17T04:31:37Z,2026-09-17T06:24:00.000+02:00,A0022011220,A22,80.0,330
2026-09-17T04:31:37Z,2026-09-17T06:24:00.000+02:00,N0227021400,N227,83.0,10
2026-09-17T04:31:37Z,2026-09-17T06:24:00.000+02:00,A9022101110,A22 (rocade),82.0,690
2026-09-17T04:31:37Z,2026-09-17T06:24:00.000+02:00,A0022022110,A22,84.0,1980
2026-09-17T04:31:37Z,2026-09-17T06:24:00.000+02:00,A0001011420,A1,83.0,2440
2026-09-17T04:31:37Z,2026-09-17T06:24:00.000+02:00,N0356010800,N356,74.0,1680
2026-09-17T04:31:37Z,2026-09-17T06:24:00.000+02:00,A9001210710,A1 (bretelle),70.0,250
2026-09-17T04:31:37Z,2026-09-17T06:24:00.000+02:00,N0356021110,N356,73.0,2010
2026-09-17T04:31:37Z,2026-09-17T06:24:00.000+02:00,A0001010510,A1,100.0,4050
2026-09-17T04:31:37Z,2026-09-17T06:24:00.000+02:00,N0356021122,N356,65.0,2070
2026-09-17T04:31:37Z,2026-09-17T06:24:00.000+02:00,N0356021121,N356,73.0,2010
2026-09-17T04:31:37Z,2026-09-17T06:24:00.000+02:00,A0025010210,A25,74.0,2540
2026-09-17T04:31:37Z,2026-09-17T06:24:00.000+02:00,A0025011300,A25,86.0,760
2026-09-17T04:31:37Z,2026-09-17T06:24:00.000+02:00,A0001020300,A1,100.0,1900
2026-09-17T04:31:37Z,2026-09-17T06:24:00.000+02:00,A0025021100,A25,83.0,1910
2026-09-17T04:31:37Z,2026-09-17T06:24:00.000+02:00,A0025023520,A25,107.0,1130
2026-09-17T04:31:37Z,2026-09-17T06:24:00.000+02:00,A0022022130,A22,78.0,1920
2026-09-17T04:31:37Z,2026-09-17T06:24:00.000+02:00,A0025010220,A25,74.0,2540
2026-09-17T04:31:37Z,2026-09-17T06:24:00.000+02:00,A0022022120,A22,87.0,2020
2026-09-17T04:31:37Z,2026-09-17T06:24:00.000+02:00,A0001010520,A1,93.0,4370
2026-09-17T04:31:37Z,2026-09-17T06:24:00.000+02:00,A0022011000,A22,77.0,1120
2026-09-17T04:31:37Z,2026-09-17T06:24:00.000+02:00,A0001020510,A1,99.0,1830
2026-09-17T04:31:37Z,2026-09-17T06:24:00.000+02:00,A0001021602,A1,86.0,3040
2026-09-17T04:31:37Z,2026-09-17T06:24:00.000+02:00,A22TC020222,A22 (contournement),92.0,1660
2026-09-17T04:31:37Z,2026-09-17T06:24:00.000+02:00,A0001010940,A1,93.0,4180
2026-09-17T04:31:37Z,2026-09-17T06:24:00.000+02:00,A0025023320,A25,105.0,2050
2026-09-17T04:31:37Z,2026-09-17T06:24:00.000+02:00,A0001020520,A1,94.0,1970
2026-09-17T04:31:37Z,2026-09-17T06:24:00.000+02:00,A0025023100,A25,105.0,1900
2026-09-17T04:31:37Z,2026-09-17T06:24:00.000+02:00,A22TC020230,A22 (contournement),92.0,1660
2026-09-17T04:31:37Z,2026-09-17T06:24:00.000+02:00,A0025021730,A25,83.0,2900
2026-09-17T04:31:37Z,2026-09-17T06:24:00.000+02:00,A0025023910,A25,116.0,880
2026-09-17T04:31:37Z,2026-09-17T06:24:00.000+02:00,A0025021735,A25,94.0,2950
2026-09-17T04:31:37Z,2026-09-17T06:24:00.000+02:00,A0023010400,A23,96.0,610
2026-09-17T04:31:37Z,2026-09-17T06:24:00.000+02:00,A0022021900,A22,81.0,1540
2026-09-17T04:31:37Z,2026-09-17T06:24:00.000+02:00,A9022100500,A22 (rocade),82.0,740
2026-09-17T04:31:37Z,2026-09-17T06:24:00.000+02:00,A0001020940,A1,90.0,2050
2026-09-17T04:31:37Z,2026-09-17T06:24:00.000+02:00,A0001020700,A1,96.0,1770
2026-09-17T04:31:37Z,2026-09-17T06:24:00.000+02:00,A9022020830,A22 (rocade),90.0,130
2026-09-17T04:31:37Z,2026-09-17T06:24:00.000+02:00,A9022020822,A22 (rocade),78.0,990
2026-09-17T04:31:37Z,2026-09-17T06:24:00.000+02:00,A9022020821,A22 (rocade),78.0,990
2026-09-17T04:31:37Z,2026-09-17T06:24:00.000+02:00,A0025020420,A25,72.0,2820
2026-09-17T04:31:37Z,2026-09-17T06:24:00.000+02:00,A0025021510,A25,92.0,1650
2026-09-17T04:31:37Z,2026-09-17T06:24:00.000+02:00,N0227010100,N227,67.0,840
2026-09-17T04:31:37Z,2026-09-17T06:24:00.000+02:00,A0025011720,A25,94.0,1370
2026-09-17T04:31:37Z,2026-09-17T06:24:00.000+02:00,A0025021760,A25,78.0,3200
2026-09-17T04:31:37Z,2026-09-17T06:24:00.000+02:00,A0025011730,A25,84.0,1380
2026-09-17T04:31:37Z,2026-09-17T06:24:00.000+02:00,A0025011735,A25,95.0,1370
2026-09-17T04:31:37Z,2026-09-17T06:24:00.000+02:00,A9025080700,A25 (bretelle),,680
2026-09-17T04:31:37Z,2026-09-17T06:24:00.000+02:00,A9022100930,A22 (rocade),70.0,90
2026-09-17T04:31:37Z,2026-09-17T06:24:00.000+02:00,N0356011220,N356,72.0,1480
2026-09-17T04:31:37Z,2026-09-17T06:24:00.000+02:00,A0025011740,A25,83.0,1340
2026-09-17T04:31:37Z,2026-09-17T06:24:00.000+02:00,A0025010410,A25,69.0,2340
2026-09-17T04:31:37Z,2026-09-17T06:24:00.000+02:00,A0023010200,A23,90.0,1020
2026-09-17T04:31:37Z,2026-09-17T06:24:00.000+02:00,A9001210120,A1 (bretelle),80.0,460
2026-09-17T04:31:37Z,2026-09-17T06:24:00.000+02:00,A0025020210,A25,77.0,2820
2026-09-17T04:31:37Z,2026-09-17T06:24:00.000+02:00,N0356011210,N356,72.0,1480
2026-09-17T04:31:37Z,2026-09-17T06:24:00.000+02:00,A0025011510,A25,89.0,990
2026-09-17T04:31:37Z,2026-09-17T06:24:00.000+02:00,A0025020220,A25,77.0,2820
2026-09-17T04:31:37Z,2026-09-17T06:24:00.000+02:00,N0227010302,N227,77.0,1700
2026-09-17T04:31:37Z,2026-09-17T06:24:00.000+02:00,N0041010500,N41,97.0,2230
2026-09-17T04:31:37Z,2026-09-17T06:24:00.000+02:00,N0227020101,N227,84.0,1530
2026-09-17T04:31:37Z,2026-09-17T06:24:00.000+02:00,A9022100110,A22 (rocade),66.0,400
2026-09-17T04:31:37Z,2026-09-17T06:24:00.000+02:00,A0022010400,A22,75.0,1280
2026-09-17T04:31:37Z,2026-09-17T06:24:00.000+02:00,N0356010302,N356,79.0,2880
2026-09-17T04:31:37Z,2026-09-17T06:24:00.000+02:00,A0025010800,A25,78.0,1220
2026-09-17T04:31:37Z,2026-09-17T06:24:00.000+02:00,A0027020621,A27,93.0,830
2026-09-17T04:31:37Z,2026-09-17T06:24:00.000+02:00,N0041010700,N41,97.0,750
2026-09-17T04:31:37Z,2026-09-17T06:24:00.000+02:00,A0027020630,A27,95.0,850
2026-09-17T04:31:37Z,2026-09-17T06:24:00.000+02:00,A0022021512,A22,81.0,1280
2026-09-17T04:31:37Z,2026-09-17T06:24:00.000+02:00,A0022021511,A22,80.0,1390
2026-09-17T04:31:37Z,2026-09-17T06:24:00.000+02:00,A0027020610,A27,93.0,830
2026-09-17T04:31:37Z,2026-09-17T06:24:00.000+02:00,A0025021720,A25,94.0,3040
2026-09-17T04:31:37Z,2026-09-17T06:24:00.000+02:00,A0022021520,A22,81.0,1280
2026-09-17T04:31:37Z,2026-09-17T06:24:00.000+02:00,A0025022140,A25,93.0,3280
2026-09-17T04:31:37Z,2026-09-17T06:24:00.000+02:00,A0022011302,A22,77.0,940
2026-09-17T04:31:37Z,2026-09-17T06:24:00.000+02:00,A0025022160,A25,93.0,3380
2026-09-17T04:31:37Z,2026-09-17T06:24:00.000+02:00,A9025060104,A25 (bretelle),75.0,1620
2026-09-17T04:31:37Z,2026-09-17T06:24:00.000+02:00,A0027010201,A27,88.0,1040
2026-09-17T04:31:37Z,2026-09-17T06:24:00.000+02:00,A0027010202,A27,71.0,420
2026-09-17T04:31:37Z,2026-09-17T06:24:00.000+02:00,N9227110110,N227 (bretelle),76.0,430
2026-09-17T04:31:37Z,2026-09-17T06:24:00.000+02:00,A0025012130,A25,104.0,720
2026-09-17T04:31:37Z,2026-09-17T06:24:00.000+02:00,A0027010210,A27,71.0,420
2026-09-17T04:31:37Z,2026-09-17T06:24:00.000+02:00,A0025011050,A25,99.0,720
2026-09-17T04:31:37Z,2026-09-17T06:24:00.000+02:00,A0025012140,A25,104.0,470
2026-09-17T04:31:37Z,2026-09-17T06:24:00.000+02:00,A0027010421,A27,94.0,600
2026-09-17T04:31:37Z,2026-09-17T06:24:00.000+02:00,A0022012420,A22,95.0,1620
2026-09-17T04:31:37Z,2026-09-17T06:24:00.000+02:00,A0027010430,A27,96.0,600
2026-09-17T04:31:37Z,2026-09-17T06:24:00.000+02:00,A0023020710,A23,99.0,2110
2026-09-17T04:31:37Z,2026-09-17T06:24:00.000+02:00,A0022012430,A22,90.0,1680
2026-09-17T04:31:37Z,2026-09-17T06:24:00.000+02:00,A0025012160,A25,118.0,1160
2026-09-17T04:31:37Z,2026-09-17T06:24:00.000+02:00,A9022021200,A22 (rocade),61.0,220
2026-09-17T04:31:37Z,2026-09-17T06:24:00.000+02:00,A0001021100,A1,89.0,1960
2026-09-17T04:31:37Z,2026-09-17T06:24:00.000+02:00,A9022101000,A22 (rocade),69.0,240
2026-09-17T04:31:37Z,2026-09-17T06:24:00.000+02:00,A0025013020,A25,105.0,1100
2026-09-17T04:31:37Z,2026-09-17T06:24:00.000+02:00,A0027010410,A27,94.0,600
2026-09-17T04:31:37Z,2026-09-17T06:24:00.000+02:00,A0022012410,A22,95.0,1600
2026-09-17T04:31:37Z,2026-09-17T06:24:00.000+02:00,A0001A20112,A1,91.0,1310
2026-09-17T04:31:37Z,2026-09-17T06:24:00.000+02:00,A0001A20111,A1,85.0,650
2026-09-17T04:31:37Z,2026-09-17T06:24:00.000+02:00,A0001021521,A1,87.0,1640
2026-09-17T04:31:37Z,2026-09-17T06:24:00.000+02:00,A0025022540,A25,106.0,2310
2026-09-17T04:31:37Z,2026-09-17T06:24:00.000+02:00,A0025022300,A25,95.0,1450
2026-09-17T04:31:37Z,2026-09-17T06:24:00.000+02:00,N0356021000,N356,74.0,1810
2026-09-17T04:31:37Z,2026-09-17T06:24:00.000+02:00,A22TC010102,A22 (contournement),87.0,1330
2026-09-17T04:31:37Z,2026-09-17T06:24:00.000+02:00,A0001011503,A1,84.0,3810
2026-09-17T04:31:37Z,2026-09-17T06:24:00.000+02:00,A0022012200,A22,85.0,1490
2026-09-17T04:31:37Z,2026-09-17T06:24:00.000+02:00,A0001A20120,A1,86.0,1200
2026-09-17T04:31:37Z,2026-09-17T06:24:00.000+02:00,A22TC020102,A22 (contournement),88.0,1310
2026-09-17T04:31:37Z,2026-09-17T06:24:00.000+02:00,A22TC010300,A22 (contournement),84.0,1180
2026-09-17T04:31:37Z,2026-09-17T06:24:00.000+02:00,A0022012010,A22,86.0,1070
2026-09-17T04:31:37Z,2026-09-17T06:24:00.000+02:00,A0022012020,A22,86.0,1070
2026-09-17T04:31:37Z,2026-09-17T06:24:00.000+02:00,A0025022130,A25,104.0,3280
2026-09-17T04:31:37Z,2026-09-17T06:24:00.000+02:00,A0023010520,A23,102.0,550
2026-09-17T04:31:37Z,2026-09-17T06:24:00.000+02:00,N0041020800,N41,92.0,620
2026-09-17T04:31:37Z,2026-09-17T06:24:00.000+02:00,A0025010500,A25,71.0,1340
2026-09-17T04:31:37Z,2026-09-17T06:24:00.000+02:00,A0022020901,A22,80.0,1220
2026-09-17T04:31:37Z,2026-09-17T06:24:00.000+02:00,A0022020902,A22,80.0,960
2026-09-17T04:31:37Z,2026-09-17T06:24:00.000+02:00,A0022021810,A22,81.0,1450
2026-09-17T04:31:37Z,2026-09-17T06:24:00.000+02:00,N0356011100,N356,73.0,1480
2026-09-17T04:31:37Z,2026-09-17T06:24:00.000+02:00,A0022021820,A22,81.0,1450
2026-09-17T04:31:37Z,2026-09-17T06:24:00.000+02:00,N0356020802,N356,67.0,2020
2026-09-17T04:31:37Z,2026-09-17T06:24:00.000+02:00,A9022020900,A22 (rocade),86.0,350
2026-09-17T04:31:37Z,2026-09-17T06:24:00.000+02:00,A0025020102,A25,72.0,350
2026-09-17T04:31:37Z,2026-09-17T06:24:00.000+02:00,A0023010100,A23,73.0,100
2026-09-17T04:31:37Z,2026-09-17T06:24:00.000+02:00,A0025022530,A25,108.0,2310
2026-09-17T04:31:37Z,2026-09-17T06:24:00.000+02:00,A9001210200,A1 (bretelle),71.0,660
2026-09-17T04:31:37Z,2026-09-17T06:24:00.000+02:00,A0022010700,A22,78.0,1120
2026-09-17T04:31:37Z,2026-09-17T06:24:00.000+02:00,N0041020400,N41,90.0,940
2026-09-17T04:31:37Z,2026-09-17T06:24:00.000+02:00,A0023020720,A23,105.0,2210
2026-09-17T04:31:37Z,2026-09-17T06:24:00.000+02:00,A0022020500,A22,80.0,680
2026-09-17T04:31:37Z,2026-09-17T06:24:00.000+02:00,N93563b0150,N356 (bretelle),70.0,40
2026-09-17T04:31:37Z,2026-09-17T06:24:00.000+02:00,A0025020950,A25,90.0,3390
2026-09-17T04:31:37Z,2026-09-17T06:24:00.000+02:00,A0023020300,A23,112.0,1450
2026-09-17T04:31:37Z,2026-09-17T06:24:00.000+02:00,A0001011000,A1,83.0,3340
2026-09-17T04:31:37Z,2026-09-17T06:24:00.000+02:00,A0027020500,A27,89.0,600
2026-09-17T04:31:37Z,2026-09-17T06:24:00.000+02:00,N0356011500,N356,71.0,1490
2026-09-17T04:31:37Z,2026-09-17T06:24:00.000+02:00,A0001010150,A1,92.0,4480
2026-09-17T04:31:37Z,2026-09-17T06:24:00.000+02:00,N0356020400,N356,71.0,970
2026-09-17T04:31:37Z,2026-09-17T06:24:00.000+02:00,N0041020600,N41,76.0,140
2026-09-17T04:31:37Z,2026-09-17T06:24:00.000+02:00,A0025010700,A25,79.0,870
2026-09-17T04:31:37Z,2026-09-17T06:24:00.000+02:00,A0002011230,A2,99.0,2080
2026-09-17T04:31:37Z,2026-09-17T06:24:00.000+02:00,A0025020500,A25,74.0,2290
2026-09-17T04:31:37Z,2026-09-17T06:24:00.000+02:00,A0002021290,A2,103.0,1340
2026-09-17T04:31:37Z,2026-09-17T06:24:00.000+02:00,A0022011600,A22,85.0,1060
2026-09-17T04:41:20Z,2026-09-17T06:30:00.000+02:00,A0001011200,A1,75.0,4190
2026-09-17T04:41:20Z,2026-09-17T06:30:00.000+02:00,A0027010102,A27,85.0,1810
2026-09-17T04:41:20Z,2026-09-17T06:30:00.000+02:00,N0041010100,N41,85.0,1680
2026-09-17T04:41:20Z,2026-09-17T06:30:00.000+02:00,A0027010101,A27,85.0,1810
2026-09-17T04:41:20Z,2026-09-17T06:30:00.000+02:00,A9022010250,A22 (rocade),87.0,340
2026-09-17T04:41:20Z,2026-09-17T06:30:00.000+02:00,A0001020150,A1,101.0,1920
2026-09-17T04:41:20Z,2026-09-17T06:30:00.000+02:00,N0356011700,N356,75.0,1370
2026-09-17T04:41:20Z,2026-09-17T06:30:00.000+02:00,N0356021300,N356,68.0,1860
2026-09-17T04:41:20Z,2026-09-17T06:30:00.000+02:00,A0022011400,A22,81.0,310
2026-09-17T04:41:20Z,2026-09-17T06:30:00.000+02:00,A0027010300,A27,89.0,600
2026-09-17T04:41:20Z,2026-09-17T06:30:00.000+02:00,A9022020250,A22 (rocade),52.0,890
2026-09-17T04:41:20Z,2026-09-17T06:30:00.000+02:00,N0041010300,N41,81.0,3130
2026-09-17T04:41:20Z,2026-09-17T06:30:00.000+02:00,A0022011210,A22,76.0,460
2026-09-17T04:41:20Z,2026-09-17T06:30:00.000+02:00,A0027020100,A27,74.0,600
2026-09-17T04:41:20Z,2026-09-17T06:30:00.000+02:00,A0001010300,A1,110.0,3660
2026-09-17T04:41:20Z,2026-09-17T06:30:00.000+02:00,A0022011220,A22,76.0,460
2026-09-17T04:41:20Z,2026-09-17T06:30:00.000+02:00,N0227021400,N227,70.0,10
2026-09-17T04:41:20Z,2026-09-17T06:30:00.000+02:00,A9022101110,A22 (rocade),78.0,610
2026-09-17T04:41:20Z,2026-09-17T06:30:00.000+02:00,A0022022110,A22,86.0,2140
2026-09-17T04:41:20Z,2026-09-17T06:30:00.000+02:00,A0001011420,A1,81.0,2850
2026-09-17T04:41:20Z,2026-09-17T06:30:00.000+02:00,N0356010800,N356,74.0,1760
2026-09-17T04:41:20Z,2026-09-17T06:30:00.000+02:00,A9001210710,A1 (bretelle),73.0,220
2026-09-17T04:41:20Z,2026-09-17T06:30:00.000+02:00,N0356021110,N356,75.0,2000
2026-09-17T04:41:20Z,2026-09-17T06:30:00.000+02:00,A0001010510,A1,88.0,5070
2026-09-17T04:41:20Z,2026-09-17T06:30:00.000+02:00,N0356021122,N356,67.0,1990
2026-09-17T04:41:20Z,2026-09-17T06:30:00.000+02:00,N0356021121,N356,75.0,2000
2026-09-17T04:41:20Z,2026-09-17T06:30:00.000+02:00,A0025010210,A25,75.0,3390
2026-09-17T04:41:20Z,2026-09-17T06:30:00.000+02:00,A0025011300,A25,88.0,740
2026-09-17T04:41:20Z,2026-09-17T06:30:00.000+02:00,A0001020300,A1,102.0,1940
2026-09-17T04:41:20Z,2026-09-17T06:30:00.000+02:00,A0025021100,A25,88.0,2170
2026-09-17T04:41:20Z,2026-09-17T06:30:00.000+02:00,A0025023520,A25,111.0,1230
2026-09-17T04:41:20Z,2026-09-17T06:30:00.000+02:00,A0022022130,A22,78.0,2110
2026-09-17T04:41:20Z,2026-09-17T06:30:00.000+02:00,A0025010220,A25,75.0,3390
2026-09-17T04:41:20Z,2026-09-17T06:30:00.000+02:00,A0022022120,A22,88.0,2170
2026-09-17T04:41:20Z,2026-09-17T06:30:00.000+02:00,A0001010520,A1,86.0,5610
2026-09-17T04:41:20Z,2026-09-17T06:30:00.000+02:00,A0022011000,A22,77.0,1410
2026-09-17T04:41:20Z,2026-09-17T06:30:00.000+02:00,A0001020510,A1,101.0,2100
2026-09-17T04:41:20Z,2026-09-17T06:30:00.000+02:00,A0001021602,A1,83.0,3110
2026-09-17T04:41:20Z,2026-09-17T06:30:00.000+02:00,A22TC020222,A22 (contournement),86.0,2220
2026-09-17T04:41:20Z,2026-09-17T06:30:00.000+02:00,A0001010940,A1,88.0,5080
2026-09-17T04:41:20Z,2026-09-17T06:30:00.000+02:00,A0025023320,A25,106.0,1890
2026-09-17T04:41:20Z,2026-09-17T06:30:00.000+02:00,A0001020520,A1,99.0,2050
2026-09-17T04:41:20Z,2026-09-17T06:30:00.000+02:00,A0025023100,A25,105.0,1920
2026-09-17T04:41:20Z,2026-09-17T06:30:00.000+02:00,A22TC020230,A22 (contournement),86.0,2220
2026-09-17T04:41:20Z,2026-09-17T06:30:00.000+02:00,A0025021730,A25,71.0,3650
2026-09-17T04:41:20Z,2026-09-17T06:30:00.000+02:00,A0025023910,A25,116.0,900
2026-09-17T04:41:20Z,2026-09-17T06:30:00.000+02:00,A0025021735,A25,72.0,3940
2026-09-17T04:41:20Z,2026-09-17T06:30:00.000+02:00,A0023010400,A23,102.0,750
2026-09-17T04:41:20Z,2026-09-17T06:30:00.000+02:00,A0022021900,A22,82.0,1760
2026-09-17T04:41:20Z,2026-09-17T06:30:00.000+02:00,A9022100500,A22 (rocade),86.0,770
2026-09-17T04:41:20Z,2026-09-17T06:30:00.000+02:00,A0001020940,A1,88.0,2460
2026-09-17T04:41:20Z,2026-09-17T06:30:00.000+02:00,A0001020700,A1,97.0,1780
2026-09-17T04:41:20Z,2026-09-17T06:30:00.000+02:00,A9022020830,A22 (rocade),90.0,160
2026-09-17T04:41:20Z,2026-09-17T06:30:00.000+02:00,A9022020822,A22 (rocade),80.0,1200
2026-09-17T04:41:20Z,2026-09-17T06:30:00.000+02:00,A9022020821,A22 (rocade),80.0,1200
2026-09-17T04:41:20Z,2026-09-17T06:30:00.000+02:00,A0025020420,A25,72.0,3010
2026-09-17T04:41:20Z,2026-09-17T06:30:00.000+02:00,A0025021510,A25,91.0,2020
2026-09-17T04:41:20Z,2026-09-17T06:30:00.000+02:00,N0227010100,N227,66.0,800
2026-09-17T04:41:20Z,2026-09-17T06:30:00.000+02:00,A0025011720,A25,96.0,1520
2026-09-17T04:41:20Z,2026-09-17T06:30:00.000+02:00,A0025021760,A25,73.0,3930
2026-09-17T04:41:20Z,2026-09-17T06:30:00.000+02:00,A0025011730,A25,87.0,1350
2026-09-17T04:41:20Z,2026-09-17T06:30:00.000+02:00,A0025011735,A25,100.0,1350
2026-09-17T04:41:20Z,2026-09-17T06:30:00.000+02:00,A9025080700,A25 (bretelle),,770
2026-09-17T04:41:20Z,2026-09-17T06:30:00.000+02:00,A9022100930,A22 (rocade),68.0,70
2026-09-17T04:41:20Z,2026-09-17T06:30:00.000+02:00,N0356011220,N356,72.0,1520
2026-09-17T04:41:20Z,2026-09-17T06:30:00.000+02:00,A0025011740,A25,85.0,1380
2026-09-17T04:41:20Z,2026-09-17T06:30:00.000+02:00,A0025010410,A25,69.0,2770
2026-09-17T04:41:20Z,2026-09-17T06:30:00.000+02:00,A0023010200,A23,89.0,1210
2026-09-17T04:41:20Z,2026-09-17T06:30:00.000+02:00,A9001210120,A1 (bretelle),81.0,420
2026-09-17T04:41:20Z,2026-09-17T06:30:00.000+02:00,A0025020210,A25,75.0,3240
2026-09-17T04:41:20Z,2026-09-17T06:30:00.000+02:00,N0356011210,N356,72.0,1520
2026-09-17T04:41:20Z,2026-09-17T06:30:00.000+02:00,A0025011510,A25,87.0,1070
2026-09-17T04:41:20Z,2026-09-17T06:30:00.000+02:00,A0025020220,A25,75.0,3240
2026-09-17T04:41:20Z,2026-09-17T06:30:00.000+02:00,N0227010302,N227,78.0,1740
2026-09-17T04:41:20Z,2026-09-17T06:30:00.000+02:00,N0041010500,N41,93.0,2840
2026-09-17T04:41:20Z,2026-09-17T06:30:00.000+02:00,N0227020101,N227,82.0,1800
2026-09-17T04:41:20Z,2026-09-17T06:30:00.000+02:00,A9022100110,A22 (rocade),64.0,360
2026-09-17T04:41:20Z,2026-09-17T06:30:00.000+02:00,A0022010400,A22,74.0,1710
2026-09-17T04:41:20Z,2026-09-17T06:30:00.000+02:00,N0356010302,N356,76.0,3150
2026-09-17T04:41:20Z,2026-09-17T06:30:00.000+02:00,A0025010800,A25,78.0,1500
2026-09-17T04:41:20Z,2026-09-17T06:30:00.000+02:00,A0027020621,A27,95.0,740
2026-09-17T04:41:20Z,2026-09-17T06:30:00.000+02:00,N0041010700,N41,97.0,890
2026-09-17T04:41:20Z,2026-09-17T06:30:00.000+02:00,A0027020630,A27,95.0,780
2026-09-17T04:41:20Z,2026-09-17T06:30:00.000+02:00,A0022021512,A22,82.0,1540
2026-09-17T04:41:20Z,2026-09-17T06:30:00.000+02:00,A0022021511,A22,82.0,1480
2026-09-17T04:41:20Z,2026-09-17T06:30:00.000+02:00,A0027020610,A27,95.0,740
2026-09-17T04:41:20Z,2026-09-17T06:30:00.000+02:00,A0025021720,A25,85.0,3510
2026-09-17T04:41:20Z,2026-09-17T06:30:00.000+02:00,A0022021520,A22,82.0,1540
2026-09-17T04:41:20Z,2026-09-17T06:30:00.000+02:00,A0025022140,A25,95.0,3180
2026-09-17T04:41:20Z,2026-09-17T06:30:00.000+02:00,A0022011302,A22,80.0,1060
2026-09-17T04:41:20Z,2026-09-17T06:30:00.000+02:00,A0025022160,A25,88.0,3310
2026-09-17T04:41:20Z,2026-09-17T06:30:00.000+02:00,A9025060104,A25 (bretelle),70.0,1790
2026-09-17T04:41:20Z,2026-09-17T06:30:00.000+02:00,A0027010201,A27,89.0,1320
2026-09-17T04:41:20Z,2026-09-17T06:30:00.000+02:00,A0027010202,A27,62.0,470
2026-09-17T04:41:20Z,2026-09-17T06:30:00.000+02:00,N9227110110,N227 (bretelle),73.0,620
2026-09-17T04:41:20Z,2026-09-17T06:30:00.000+02:00,A0025012130,A25,98.0,710
2026-09-17T04:41:20Z,2026-09-17T06:30:00.000+02:00,A0027010210,A27,62.0,470
2026-09-17T04:41:20Z,2026-09-17T06:30:00.000+02:00,A0025011050,A25,93.0,710
2026-09-17T04:41:20Z,2026-09-17T06:30:00.000+02:00,A0025012140,A25,98.0,570
2026-09-17T04:41:20Z,2026-09-17T06:30:00.000+02:00,A0027010421,A27,94.0,720
2026-09-17T04:41:20Z,2026-09-17T06:30:00.000+02:00,A0022012420,A22,94.0,1760
2026-09-17T04:41:20Z,2026-09-17T06:30:00.000+02:00,A0027010430,A27,98.0,690
2026-09-17T04:41:20Z,2026-09-17T06:30:00.000+02:00,A0023020710,A23,98.0,2540
2026-09-17T04:41:20Z,2026-09-17T06:30:00.000+02:00,A0022012430,A22,91.0,1620
2026-09-17T04:41:20Z,2026-09-17T06:30:00.000+02:00,A0025012160,A25,115.0,1330
2026-09-17T04:41:20Z,2026-09-17T06:30:00.000+02:00,A9022021200,A22 (rocade),66.0,250
2026-09-17T04:41:20Z,2026-09-17T06:30:00.000+02:00,A0001021100,A1,88.0,2190
2026-09-17T04:41:20Z,2026-09-17T06:30:00.000+02:00,A9022101000,A22 (rocade),69.0,320
2026-09-17T04:41:20Z,2026-09-17T06:30:00.000+02:00,A0025013020,A25,105.0,990
2026-09-17T04:41:20Z,2026-09-17T06:30:00.000+02:00,A0027010410,A27,94.0,720
2026-09-17T04:41:20Z,2026-09-17T06:30:00.000+02:00,A0022012410,A22,95.0,1710
2026-09-17T04:41:20Z,2026-09-17T06:30:00.000+02:00,A0001A20112,A1,91.0,1560
2026-09-17T04:41:20Z,2026-09-17T06:30:00.000+02:00,A0001A20111,A1,89.0,830
2026-09-17T04:41:20Z,2026-09-17T06:30:00.000+02:00,A0001021521,A1,84.0,1880
2026-09-17T04:41:20Z,2026-09-17T06:30:00.000+02:00,A0025022540,A25,104.0,2330
2026-09-17T04:41:20Z,2026-09-17T06:30:00.000+02:00,A0025022300,A25,97.0,1150
2026-09-17T04:41:20Z,2026-09-17T06:30:00.000+02:00,N0356021000,N356,76.0,1890
2026-09-17T04:41:20Z,2026-09-17T06:30:00.000+02:00,A22TC010102,A22 (contournement),84.0,1450
2026-09-17T04:41:20Z,2026-09-17T06:30:00.000+02:00,A0001011503,A1,84.0,4670
2026-09-17T04:41:20Z,2026-09-17T06:30:00.000+02:00,A0022012200,A22,82.0,1650
2026-09-17T04:41:20Z,2026-09-17T06:30:00.000+02:00,A0001A20120,A1,85.0,1620
2026-09-17T04:41:20Z,2026-09-17T06:30:00.000+02:00,A22TC020102,A22 (contournement),88.0,1610
2026-09-17T04:41:20Z,2026-09-17T06:30:00.000+02:00,A22TC010300,A22 (contournement),82.0,1330
2026-09-17T04:41:20Z,2026-09-17T06:30:00.000+02:00,A0022012010,A22,84.0,930
2026-09-17T04:41:20Z,2026-09-17T06:30:00.000+02:00,A0022012020,A22,84.0,930
2026-09-17T04:41:20Z,2026-09-17T06:30:00.000+02:00,A0025022130,A25,105.0,3330
2026-09-17T04:41:20Z,2026-09-17T06:30:00.000+02:00,A0023010520,A23,108.0,880
2026-09-17T04:41:20Z,2026-09-17T06:30:00.000+02:00,N0041020800,N41,93.0,860
2026-09-17T04:41:20Z,2026-09-17T06:30:00.000+02:00,A0025010500,A25,70.0,1740
2026-09-17T04:41:20Z,2026-09-17T06:30:00.000+02:00,A0022020901,A22,90.0,1330
2026-09-17T04:41:20Z,2026-09-17T06:30:00.000+02:00,A0022020902,A22,90.0,980
2026-09-17T04:41:20Z,2026-09-17T06:30:00.000+02:00,A0022021810,A22,83.0,1630
2026-09-17T04:41:20Z,2026-09-17T06:30:00.000+02:00,N0356011100,N356,72.0,1470
2026-09-17T04:41:20Z,2026-09-17T06:30:00.000+02:00,A0022021820,A22,83.0,1630
2026-09-17T04:41:20Z,2026-09-17T06:30:00.000+02:00,N0356020802,N356,77.0,2080
2026-09-17T04:41:20Z,2026-09-17T06:30:00.000+02:00,A9022020900,A22 (rocade),85.0,500
2026-09-17T04:41:20Z,2026-09-17T06:30:00.000+02:00,A0025020102,A25,79.0,250
2026-09-17T04:41:20Z,2026-09-17T06:30:00.000+02:00,A0023010100,A23,82.0,240
2026-09-17T04:41:20Z,2026-09-17T06:30:00.000+02:00,A0025022530,A25,106.0,2150
2026-09-17T04:41:20Z,2026-09-17T06:30:00.000+02:00,A9001210200,A1 (bretelle),70.0,820
2026-09-17T04:41:20Z,2026-09-17T06:30:00.000+02:00,A0022010700,A22,78.0,1320
2026-09-17T04:41:20Z,2026-09-17T06:30:00.000+02:00,N0041020400,N41,89.0,900
2026-09-17T04:41:20Z,2026-09-17T06:30:00.000+02:00,A0023020720,A23,105.0,2480
2026-09-17T04:41:20Z,2026-09-17T06:30:00.000+02:00,A0022020500,A22,90.0,800
2026-09-17T04:41:20Z,2026-09-17T06:30:00.000+02:00,N93563b0150,N356 (bretelle),74.0,30
2026-09-17T04:41:20Z,2026-09-17T06:30:00.000+02:00,A0025020950,A25,90.0,3550
2026-09-17T04:41:20Z,2026-09-17T06:30:00.000+02:00,A0023020300,A23,86.0,1730
2026-09-17T04:41:20Z,2026-09-17T06:30:00.000+02:00,A0001011000,A1,81.0,4040
2026-09-17T04:41:20Z,2026-09-17T06:30:00.000+02:00,A0027020500,A27,94.0,470
2026-09-17T04:41:20Z,2026-09-17T06:30:00.000+02:00,N0356011500,N356,66.0,1640
2026-09-17T04:41:20Z,2026-09-17T06:30:00.000+02:00,A0001010150,A1,88.0,5540
2026-09-17T04:41:20Z,2026-09-17T06:30:00.000+02:00,N0356020400,N356,64.0,910
2026-09-17T04:41:20Z,2026-09-17T06:30:00.000+02:00,N0041020600,N41,106.0,160
2026-09-17T04:41:20Z,2026-09-17T06:30:00.000+02:00,A0025010700,A25,76.0,920
2026-09-17T04:41:20Z,2026-09-17T06:30:00.000+02:00,A0002011230,A2,103.0,2130
2026-09-17T04:41:20Z,2026-09-17T06:30:00.000+02:00,A0025020500,A25,74.0,2490
2026-09-17T04:41:20Z,2026-09-17T06:30:00.000+02:00,A0002021290,A2,104.0,1710
2026-09-17T04:41:20Z,2026-09-17T06:30:00.000+02:00,A0022011600,A22,81.0,940
2026-09-17T04:51:15Z,2026-09-17T06:42:00.000+02:00,A0001011200,A1,76.0,4740
2026-09-17T04:51:15Z,2026-09-17T06:42:00.000+02:00,A0027010102,A27,91.0,2540
2026-09-17T04:51:15Z,2026-09-17T06:42:00.000+02:00,N0041010100,N41,82.0,2110
2026-09-17T04:51:15Z,2026-09-17T06:42:00.000+02:00,A0027010101,A27,91.0,2540
2026-09-17T04:51:15Z,2026-09-17T06:42:00.000+02:00,A9022010250,A22 (rocade),85.0,460
2026-09-17T04:51:15Z,2026-09-17T06:42:00.000+02:00,A0001020150,A1,100.0,2530
2026-09-17T04:51:15Z,2026-09-17T06:42:00.000+02:00,N0356011700,N356,73.0,2170
2026-09-17T04:51:15Z,2026-09-17T06:42:00.000+02:00,N9227110200,N227 (bretelle),85.0,20
2026-09-17T04:51:15Z,2026-09-17T06:42:00.000+02:00,N0356021300,N356,65.0,2380
2026-09-17T04:51:15Z,2026-09-17T06:42:00.000+02:00,A0022011400,A22,75.0,640
2026-09-17T04:51:15Z,2026-09-17T06:42:00.000+02:00,A0027010300,A27,90.0,660
2026-09-17T04:51:15Z,2026-09-17T06:42:00.000+02:00,A9022020250,A22 (rocade),47.0,1080
2026-09-17T04:51:15Z,2026-09-17T06:42:00.000+02:00,N0041010300,N41,78.0,3690
2026-09-17T04:51:15Z,2026-09-17T06:42:00.000+02:00,A0022011210,A22,75.0,810
2026-09-17T04:51:15Z,2026-09-17T06:42:00.000+02:00,A0027020100,A27,73.0,710
2026-09-17T04:51:15Z,2026-09-17T06:42:00.000+02:00,A0001010300,A1,65.0,3540
2026-09-17T04:51:15Z,2026-09-17T06:42:00.000+02:00,A0022011220,A22,75.0,810
2026-09-17T04:51:15Z,2026-09-17T06:42:00.000+02:00,N0227021400,N227,22.0,50
2026-09-17T04:51:15Z,2026-09-17T06:42:00.000+02:00,A9022101110,A22 (rocade),78.0,940
2026-09-17T04:51:15Z,2026-09-17T06:42:00.000+02:00,A0022022110,A22,82.0,2680
2026-09-17T04:51:15Z,2026-09-17T06:42:00.000+02:00,A0001011420,A1,65.0,3560
2026-09-17T04:51:15Z,2026-09-17T06:42:00.000+02:00,N0356010800,N356,68.0,2530
2026-09-17T04:51:15Z,2026-09-17T06:42:00.000+02:00,A9001210710,A1 (bretelle),68.0,230
2026-09-17T04:51:15Z,2026-09-17T06:42:00.000+02:00,N0356021110,N356,73.0,2340
2026-09-17T04:51:15Z,2026-09-17T06:42:00.000+02:00,A0001010510,A1,85.0,4570
2026-09-17T04:51:15Z,2026-09-17T06:42:00.000+02:00,N0356021122,N356,66.0,2440
2026-09-17T04:51:15Z,2026-09-17T06:42:00.000+02:00,N0356021121,N356,73.0,2340
2026-09-17T04:51:15Z,2026-09-17T06:42:00.000+02:00,A0025010210,A25,73.0,3900
2026-09-17T04:51:15Z,2026-09-17T06:42:00.000+02:00,A0025011300,A25,88.0,1040
2026-09-17T04:51:15Z,2026-09-17T06:42:00.000+02:00,A0001020300,A1,99.0,2380
2026-09-17T04:51:15Z,2026-09-17T06:42:00.000+02:00,A0025021100,A25,91.0,2460
2026-09-17T04:51:15Z,2026-09-17T06:42:00.000+02:00,A0025023520,A25,109.0,1270
2026-09-17T04:51:15Z,2026-09-17T06:42:00.000+02:00,A0022022130,A22,78.0,2650
2026-09-17T04:51:15Z,2026-09-17T06:42:00.000+02:00,A0025010220,A25,73.0,3900
2026-09-17T04:51:15Z,2026-09-17T06:42:00.000+02:00,A0022022120,A22,86.0,2820
2026-09-17T04:51:15Z,2026-09-17T06:42:00.000+02:00,A0001010520,A1,81.0,5330
2026-09-17T04:51:15Z,2026-09-17T06:42:00.000+02:00,A0022011000,A22,70.0,2290
2026-09-17T04:51:15Z,2026-09-17T06:42:00.000+02:00,A0001020510,A1,98.0,2470
2026-09-17T04:51:15Z,2026-09-17T06:42:00.000+02:00,A0001021602,A1,82.0,4230
2026-09-17T04:51:15Z,2026-09-17T06:42:00.000+02:00,A22TC020222,A22 (contournement),83.0,3010
2026-09-17T04:51:15Z,2026-09-17T06:42:00.000+02:00,A0001010940,A1,64.0,5510
2026-09-17T04:51:15Z,2026-09-17T06:42:00.000+02:00,A0025023320,A25,107.0,2360
2026-09-17T04:51:15Z,2026-09-17T06:42:00.000+02:00,A0001020520,A1,95.0,2490
2026-09-17T04:51:15Z,2026-09-17T06:42:00.000+02:00,A0025023100,A25,105.0,2120
2026-09-17T04:51:15Z,2026-09-17T06:42:00.000+02:00,A22TC020230,A22 (contournement),83.0,3010
2026-09-17T04:51:15Z,2026-09-17T06:42:00.000+02:00,A0025021730,A25,65.0,3500
2026-09-17T04:51:15Z,2026-09-17T06:42:00.000+02:00,A0025023910,A25,110.0,920
2026-09-17T04:51:15Z,2026-09-17T06:42:00.000+02:00,A0025021735,A25,78.0,3450
2026-09-17T04:51:15Z,2026-09-17T06:42:00.000+02:00,A0023010400,A23,101.0,800
2026-09-17T04:51:15Z,2026-09-17T06:42:00.000+02:00,A0022021900,A22,78.0,2120
2026-09-17T04:51:15Z,2026-09-17T06:42:00.000+02:00,A9022100500,A22 (rocade),80.0,1170
2026-09-17T04:51:15Z,2026-09-17T06:42:00.000+02:00,A0001020940,A1,89.0,2530
2026-09-17T04:51:15Z,2026-09-17T06:42:00.000+02:00,A0001020700,A1,93.0,1990
2026-09-17T04:51:15Z,2026-09-17T06:42:00.000+02:00,A9022020830,A22 (rocade),88.0,210
2026-09-17T04:51:15Z,2026-09-17T06:42:00.000+02:00,A9022020822,A22 (rocade),72.0,1310
2026-09-17T04:51:15Z,2026-09-17T06:42:00.000+02:00,A9022020821,A22 (rocade),72.0,1310
2026-09-17T04:51:15Z,2026-09-17T06:42:00.000+02:00,A0025020420,A25,70.0,4130
2026-09-17T04:51:15Z,2026-09-17T06:42:00.000+02:00,A0025021510,A25,86.0,2250
2026-09-17T04:51:15Z,2026-09-17T06:42:00.000+02:00,N0227010100,N227,64.0,1430
2026-09-17T04:51:15Z,2026-09-17T06:42:00.000+02:00,A0025011720,A25,98.0,1870
2026-09-17T04:51:15Z,2026-09-17T06:42:00.000+02:00,A0025021760,A25,53.0,3580
2026-09-17T04:51:15Z,2026-09-17T06:42:00.000+02:00,A0025011730,A25,87.0,1860
2026-09-17T04:51:15Z,2026-09-17T06:42:00.000+02:00,A0025011735,A25,98.0,1810
2026-09-17T04:51:15Z,2026-09-17T06:42:00.000+02:00,A9025080700,A25 (bretelle),,1030
2026-09-17T04:51:15Z,2026-09-17T06:42:00.000+02:00,A9022100930,A22 (rocade),63.0,80
2026-09-17T04:51:15Z,2026-09-17T06:42:00.000+02:00,N0356011220,N356,71.0,2430
2026-09-17T04:51:15Z,2026-09-17T06:42:00.000+02:00,A0025011740,A25,82.0,1860
2026-09-17T04:51:15Z,2026-09-17T06:42:00.000+02:00,A0025010410,A25,68.0,3440
2026-09-17T04:51:15Z,2026-09-17T06:42:00.000+02:00,A0023010200,A23,101.0,1430
2026-09-17T04:51:15Z,2026-09-17T06:42:00.000+02:00,A9001210120,A1 (bretelle),77.0,570
2026-09-17T04:51:15Z,2026-09-17T06:42:00.000+02:00,A0025020210,A25,73.0,4290
2026-09-17T04:51:15Z,2026-09-17T06:42:00.000+02:00,N0356011210,N356,71.0,2430
2026-09-17T04:51:15Z,2026-09-17T06:42:00.000+02:00,A0025011510,A25,89.0,1410
2026-09-17T04:51:15Z,2026-09-17T06:42:00.000+02:00,A0025020220,A25,73.0,4290
2026-09-17T04:51:15Z,2026-09-17T06:42:00.000+02:00,N0227010302,N227,73.0,2770
2026-09-17T04:51:15Z,2026-09-17T06:42:00.000+02:00,N0041010500,N41,92.0,3110
2026-09-17T04:51:15Z,2026-09-17T06:42:00.000+02:00,N0227020101,N227,73.0,2150
2026-09-17T04:51:15Z,2026-09-17T06:42:00.000+02:00,A9022100110,A22 (rocade),64.0,700
2026-09-17T04:51:15Z,2026-09-17T06:42:00.000+02:00,A0022010400,A22,72.0,2500
2026-09-17T04:51:15Z,2026-09-17T06:42:00.000+02:00,N0356010302,N356,74.0,4150
2026-09-17T04:51:15Z,2026-09-17T06:42:00.000+02:00,A0025010800,A25,76.0,1980
2026-09-17T04:51:15Z,2026-09-17T06:42:00.000+02:00,A0027020621,A27,92.0,940
2026-09-17T04:51:15Z,2026-09-17T06:42:00.000+02:00,N0041010700,N41,90.0,1260
2026-09-17T04:51:15Z,2026-09-17T06:42:00.000+02:00,A0027020630,A27,96.0,920
2026-09-17T04:51:15Z,2026-09-17T06:42:00.000+02:00,A0022021512,A22,79.0,2030
2026-09-17T04:51:15Z,2026-09-17T06:42:00.000+02:00,A0022021511,A22,79.0,1940
2026-09-17T04:51:15Z,2026-09-17T06:42:00.000+02:00,A0027020610,A27,92.0,940
2026-09-17T04:51:15Z,2026-09-17T06:42:00.000+02:00,A0025021720,A25,80.0,3470
2026-09-17T04:51:15Z,2026-09-17T06:42:00.000+02:00,A0022021520,A22,79.0,2030
2026-09-17T04:51:15Z,2026-09-17T06:42:00.000+02:00,A0025022140,A25,86.0,3530
2026-09-17T04:51:15Z,2026-09-17T06:42:00.000+02:00,A0022011302,A22,75.0,1660
2026-09-17T04:51:15Z,2026-09-17T06:42:00.000+02:00,A0025022160,A25,85.0,3410
2026-09-17T04:51:15Z,2026-09-17T06:42:00.000+02:00,A9025060104,A25 (bretelle),71.0,2200
2026-09-17T04:51:15Z,2026-09-17T06:42:00.000+02:00,A0027010201,A27,88.0,1510
2026-09-17T04:51:15Z,2026-09-17T06:42:00.000+02:00,A0027010202,A27,66.0,630
2026-09-17T04:51:15Z,2026-09-17T06:42:00.000+02:00,N9227110110,N227 (bretelle),73.0,1150
2026-09-17T04:51:15Z,2026-09-17T06:42:00.000+02:00,A0025012130,A25,94.0,730
2026-09-17T04:51:15Z,2026-09-17T06:42:00.000+02:00,A0027010210,A27,66.0,630
2026-09-17T04:51:15Z,2026-09-17T06:42:00.000+02:00,A0025011050,A25,95.0,1190
2026-09-17T04:51:15Z,2026-09-17T06:42:00.000+02:00,A0025012140,A25,94.0,390
2026-09-17T04:51:15Z,2026-09-17T06:42:00.000+02:00,A0027010421,A27,95.0,810
2026-09-17T04:51:15Z,2026-09-17T06:42:00.000+02:00,A0022012420,A22,90.0,2440
2026-09-17T04:51:15Z,2026-09-17T06:42:00.000+02:00,A0027010430,A27,98.0,850
2026-09-17T04:51:15Z,2026-09-17T06:42:00.000+02:00,A0023020710,A23,93.0,2950
2026-09-17T04:51:15Z,2026-09-17T06:42:00.000+02:00,A0022012430,A22,88.0,2210
2026-09-17T04:51:15Z,2026-09-17T06:42:00.000+02:00,A0025012160,A25,117.0,1550
2026-09-17T04:51:15Z,2026-09-17T06:42:00.000+02:00,A9022021200,A22 (rocade),61.0,330
2026-09-17T04:51:15Z,2026-09-17T06:42:00.000+02:00,A0001021100,A1,89.0,2130
2026-09-17T04:51:15Z,2026-09-17T06:42:00.000+02:00,A9022101000,A22 (rocade),73.0,490
2026-09-17T04:51:15Z,2026-09-17T06:42:00.000+02:00,A0025013020,A25,101.0,1210
2026-09-17T04:51:15Z,2026-09-17T06:42:00.000+02:00,A0027010410,A27,95.0,810
2026-09-17T04:51:15Z,2026-09-17T06:42:00.000+02:00,A0022012410,A22,90.0,2400
2026-09-17T04:51:15Z,2026-09-17T06:42:00.000+02:00,A0001A20112,A1,87.0,1820
2026-09-17T04:51:15Z,2026-09-17T06:42:00.000+02:00,A0001A20111,A1,82.0,840
2026-09-17T04:51:15Z,2026-09-17T06:42:00.000+02:00,A0001021521,A1,85.0,2150
2026-09-17T04:51:15Z,2026-09-17T06:42:00.000+02:00,A0025022540,A25,100.0,2680
2026-09-17T04:51:15Z,2026-09-17T06:42:00.000+02:00,A0025022300,A25,91.0,1400
2026-09-17T04:51:15Z,2026-09-17T06:42:00.000+02:00,N0356021000,N356,74.0,2240
2026-09-17T04:51:15Z,2026-09-17T06:42:00.000+02:00,A22TC010102,A22 (contournement),83.0,1870
2026-09-17T04:51:15Z,2026-09-17T06:42:00.000+02:00,A0001011503,A1,82.0,5630
2026-09-17T04:51:15Z,2026-09-17T06:42:00.000+02:00,A0022012200,A22,80.0,2230
2026-09-17T04:51:15Z,2026-09-17T06:42:00.000+02:00,A0001A20120,A1,76.0,1710
2026-09-17T04:51:15Z,2026-09-17T06:42:00.000+02:00,A22TC020102,A22 (contournement),84.0,1910
2026-09-17T04:51:15Z,2026-09-17T06:42:00.000+02:00,A22TC010300,A22 (contournement),79.0,1520
2026-09-17T04:51:15Z,2026-09-17T06:42:00.000+02:00,A0022012010,A22,80.0,1660
2026-09-17T04:51:15Z,2026-09-17T06:42:00.000+02:00,A0022012020,A22,80.0,1660
2026-09-17T04:51:15Z,2026-09-17T06:42:00.000+02:00,A0025022130,A25,87.0,3530
2026-09-17T04:51:15Z,2026-09-17T06:42:00.000+02:00,A0023010520,A23,108.0,860
2026-09-17T04:51:15Z,2026-09-17T06:42:00.000+02:00,N0041020800,N41,93.0,890
2026-09-17T04:51:15Z,2026-09-17T06:42:00.000+02:00,A0025010500,A25,71.0,2120
2026-09-17T04:51:15Z,2026-09-17T06:42:00.000+02:00,A0022020901,A22,83.0,2020
2026-09-17T04:51:15Z,2026-09-17T06:42:00.000+02:00,A0022020902,A22,83.0,1580
2026-09-17T04:51:15Z,2026-09-17T06:42:00.000+02:00,A0022021810,A22,80.0,1870
2026-09-17T04:51:15Z,2026-09-17T06:42:00.000+02:00,N0356011100,N356,71.0,2250
2026-09-17T04:51:15Z,2026-09-17T06:42:00.000+02:00,A0022021820,A22,80.0,1870
2026-09-17T04:51:15Z,2026-09-17T06:42:00.000+02:00,N0356020802,N356,72.0,2610
2026-09-17T04:51:15Z,2026-09-17T06:42:00.000+02:00,A9022020900,A22 (rocade),71.0,660
2026-09-17T04:51:15Z,2026-09-17T06:42:00.000+02:00,A0025020102,A25,68.0,180
2026-09-17T04:51:15Z,2026-09-17T06:42:00.000+02:00,A0023010100,A23,97.0,370
2026-09-17T04:51:15Z,2026-09-17T06:42:00.000+02:00,A0025022530,A25,100.0,2610
2026-09-17T04:51:15Z,2026-09-17T06:42:00.000+02:00,A9001210200,A1 (bretelle),69.0,840
2026-09-17T04:51:15Z,2026-09-17T06:42:00.000+02:00,A0022010700,A22,76.0,2090
2026-09-17T04:51:15Z,2026-09-17T06:42:00.000+02:00,N0041020400,N41,89.0,1110
2026-09-17T04:51:15Z,2026-09-17T06:42:00.000+02:00,A0023020720,A23,96.0,3230
2026-09-17T04:51:15Z,2026-09-17T06:42:00.000+02:00,A0022020500,A22,83.0,1050
2026-09-17T04:51:15Z,2026-09-17T06:42:00.000+02:00,N93563b0150,N356 (bretelle),68.0,50
2026-09-17T04:51:15Z,2026-09-17T06:42:00.000+02:00,A0025020950,A25,87.0,4370
2026-09-17T04:51:15Z,2026-09-17T06:42:00.000+02:00,A0023020300,A23,87.0,1880
2026-09-17T04:51:15Z,2026-09-17T06:42:00.000+02:00,A0001011000,A1,79.0,4480
2026-09-17T04:51:15Z,2026-09-17T06:42:00.000+02:00,A0027020500,A27,78.0,530
2026-09-17T04:51:15Z,2026-09-17T06:42:00.000+02:00,N0356011500,N356,69.0,2630
2026-09-17T04:51:15Z,2026-09-17T06:42:00.000+02:00,A0001010150,A1,74.0,5120
2026-09-17T04:51:15Z,2026-09-17T06:42:00.000+02:00,N0356020400,N356,72.0,1210
2026-09-17T04:51:15Z,2026-09-17T06:42:00.000+02:00,N0041020600,N41,102.0,200
2026-09-17T04:51:15Z,2026-09-17T06:42:00.000+02:00,A0025010700,A25,70.0,1000
2026-09-17T04:51:15Z,2026-09-17T06:42:00.000+02:00,A0002011230,A2,103.0,2090
2026-09-17T04:51:15Z,2026-09-17T06:42:00.000+02:00,A0025020500,A25,70.0,3120
2026-09-17T04:51:15Z,2026-09-17T06:42:00.000+02:00,A0002021290,A2,103.0,1770
2026-09-17T04:51:15Z,2026-09-17T06:42:00.000+02:00,A0022011600,A22,79.0,1620
2026-09-17T05:01:38Z,2026-09-17T06:54:00.000+02:00,A0001011200,A1,69.0,4740
2026-09-17T05:01:38Z,2026-09-17T06:54:00.000+02:00,A0027010102,A27,100.0,2990
2026-09-17T05:01:38Z,2026-09-17T06:54:00.000+02:00,N0041010100,N41,79.0,2350
2026-09-17T05:01:38Z,2026-09-17T06:54:00.000+02:00,A0027010101,A27,100.0,2990
2026-09-17T05:01:38Z,2026-09-17T06:54:00.000+02:00,A9022010250,A22 (rocade),85.0,630
2026-09-17T05:01:38Z,2026-09-17T06:54:00.000+02:00,A0001020150,A1,99.0,2240
2026-09-17T05:01:38Z,2026-09-17T06:54:00.000+02:00,N0356011700,N356,74.0,2270
2026-09-17T05:01:38Z,2026-09-17T06:54:00.000+02:00,N9227110200,N227 (bretelle),96.0,20
2026-09-17T05:01:38Z,2026-09-17T06:54:00.000+02:00,N0356021300,N356,66.0,2770
2026-09-17T05:01:38Z,2026-09-17T06:54:00.000+02:00,A0022011400,A22,76.0,640
2026-09-17T05:01:38Z,2026-09-17T06:54:00.000+02:00,A0027010300,A27,91.0,610
2026-09-17T05:01:38Z,2026-09-17T06:54:00.000+02:00,A9022020250,A22 (rocade),59.0,1460
2026-09-17T05:01:38Z,2026-09-17T06:54:00.000+02:00,N0041010300,N41,71.0,3890
2026-09-17T05:01:38Z,2026-09-17T06:54:00.000+02:00,A0022011210,A22,82.0,790
2026-09-17T05:01:38Z,2026-09-17T06:54:00.000+02:00,A0027020100,A27,75.0,780
2026-09-17T05:01:38Z,2026-09-17T06:54:00.000+02:00,A0001010300,A1,68.0,2840
2026-09-17T05:01:38Z,2026-09-17T06:54:00.000+02:00,A0022011220,A22,82.0,790
2026-09-17T05:01:38Z,2026-09-17T06:54:00.000+02:00,N0227021400,N227,66.0,60
2026-09-17T05:01:38Z,2026-09-17T06:54:00.000+02:00,A9022101110,A22 (rocade),78.0,920
2026-09-17T05:01:38Z,2026-09-17T06:54:00.000+02:00,A0022022110,A22,82.0,2940
2026-09-17T05:01:38Z,2026-09-17T06:54:00.000+02:00,A0001011420,A1,65.0,3190
2026-09-17T05:01:38Z,2026-09-17T06:54:00.000+02:00,N0356010800,N356,74.0,2670
2026-09-17T05:01:38Z,2026-09-17T06:54:00.000+02:00,A9001210710,A1 (bretelle),67.0,620
2026-09-17T05:01:38Z,2026-09-17T06:54:00.000+02:00,N0356021110,N356,73.0,3140
2026-09-17T05:01:38Z,2026-09-17T06:54:00.000+02:00,A0001010510,A1,63.0,4140
2026-09-17T05:01:38Z,2026-09-17T06:54:00.000+02:00,N0356021122,N356,65.0,3000
2026-09-17T05:01:38Z,2026-09-17T06:54:00.000+02:00,N0356021121,N356,73.0,3140
2026-09-17T05:01:38Z,2026-09-17T06:54:00.000+02:00,A0025010210,A25,73.0,3440
2026-09-17T05:01:38Z,2026-09-17T06:54:00.000+02:00,A0025011300,A25,88.0,1280
2026-09-17T05:01:38Z,2026-09-17T06:54:00.000+02:00,A0001020300,A1,102.0,2120
2026-09-17T05:01:38Z,2026-09-17T06:54:00.000+02:00,A0025021100,A25,81.0,2680
2026-09-17T05:01:38Z,2026-09-17T06:54:00.000+02:00,A0025023520,A25,110.0,1200
2026-09-17T05:01:38Z,2026-09-17T06:54:00.000+02:00,A0022022130,A22,75.0,2620
2026-09-17T05:01:38Z,2026-09-17T06:54:00.000+02:00,A0025010220,A25,73.0,3440
2026-09-17T05:01:38Z,2026-09-17T06:54:00.000+02:00,A0022022120,A22,86.0,2890
2026-09-17T05:01:38Z,2026-09-17T06:54:00.000+02:00,A0001010520,A1,44.0,4560
2026-09-17T05:01:38Z,2026-09-17T06:54:00.000+02:00,A0022011000,A22,84.0,2370
2026-09-17T05:01:38Z,2026-09-17T06:54:00.000+02:00,A0001020510,A1,100.0,2350
2026-09-17T05:01:38Z,2026-09-17T06:54:00.000+02:00,A0001021602,A1,83.0,4670
2026-09-17T05:01:38Z,2026-09-17T06:54:00.000+02:00,A22TC020222,A22 (contournement),80.0,3450
2026-09-17T05:01:38Z,2026-09-17T06:54:00.000+02:00,A0001010940,A1,58.0,5160
2026-09-17T05:01:38Z,2026-09-17T06:54:00.000+02:00,A0025023320,A25,107.0,2070
2026-09-17T05:01:38Z,2026-09-17T06:54:00.000+02:00,A0001020520,A1,96.0,2370
2026-09-17T05:01:38Z,2026-09-17T06:54:00.000+02:00,A0025023100,A25,105.0,1900
2026-09-17T05:01:38Z,2026-09-17T06:54:00.000+02:00,A22TC020230,A22 (contournement),80.0,3450
2026-09-17T05:01:38Z,2026-09-17T06:54:00.000+02:00,A0025021730,A25,58.0,3380
2026-09-17T05:01:38Z,2026-09-17T06:54:00.000+02:00,A0025023910,A25,110.0,910
2026-09-17T05:01:38Z,2026-09-17T06:54:00.000+02:00,A0025021735,A25,54.0,3240
2026-09-17T05:01:38Z,2026-09-17T06:54:00.000+02:00,A0023010400,A23,101.0,930
2026-09-17T05:01:38Z,2026-09-17T06:54:00.000+02:00,A0022021900,A22,78.0,2350
2026-09-17T05:01:38Z,2026-09-17T06:54:00.000+02:00,A9022100500,A22 (rocade),82.0,1350
2026-09-17T05:01:38Z,2026-09-17T06:54:00.000+02:00,A0001020940,A1,89.0,2710
2026-09-17T05:01:38Z,2026-09-17T06:54:00.000+02:00,A0001020700,A1,93.0,1920
2026-09-17T05:01:38Z,2026-09-17T06:54:00.000+02:00,A9022020830,A22 (rocade),86.0,130
2026-09-17T05:01:38Z,2026-09-17T06:54:00.000+02:00,A9022020822,A22 (rocade),70.0,1220
2026-09-17T05:01:38Z,2026-09-17T06:54:00.000+02:00,A9022020821,A22 (rocade),70.0,1220
2026-09-17T05:01:38Z,2026-09-17T06:54:00.000+02:00,A0025020420,A25,70.0,4700
2026-09-17T05:01:38Z,2026-09-17T06:54:00.000+02:00,A0025021510,A25,83.0,2130
2026-09-17T05:01:38Z,2026-09-17T06:54:00.000+02:00,N0227010100,N227,64.0,1550
2026-09-17T05:01:38Z,2026-09-17T06:54:00.000+02:00,A0025011720,A25,95.0,2230
2026-09-17T05:01:38Z,2026-09-17T06:54:00.000+02:00,A0025021760,A25,31.0,3130
2026-09-17T05:01:38Z,2026-09-17T06:54:00.000+02:00,A0025011730,A25,85.0,2190
2026-09-17T05:01:38Z,2026-09-17T06:54:00.000+02:00,A0025011735,A25,98.0,2210
2026-09-17T05:01:38Z,2026-09-17T06:54:00.000+02:00,A9025080700,A25 (bretelle),,1030
2026-09-17T05:01:38Z,2026-09-17T06:54:00.000+02:00,A9022100930,A22 (rocade),78.0,50
2026-09-17T05:01:38Z,2026-09-17T06:54:00.000+02:00,N0356011220,N356,71.0,2520
2026-09-17T05:01:38Z,2026-09-17T06:54:00.000+02:00,A0025011740,A25,83.0,2200
2026-09-17T05:01:38Z,2026-09-17T06:54:00.000+02:00,A0025010410,A25,69.0,3110
2026-09-17T05:01:38Z,2026-09-17T06:54:00.000+02:00,A0023010200,A23,105.0,1700
2026-09-17T05:01:38Z,2026-09-17T06:54:00.000+02:00,A9001210120,A1 (bretelle),76.0,1010
2026-09-17T05:01:38Z,2026-09-17T06:54:00.000+02:00,A0025020210,A25,72.0,5050
2026-09-17T05:01:38Z,2026-09-17T06:54:00.000+02:00,N0356011210,N356,71.0,2520
2026-09-17T05:01:38Z,2026-09-17T06:54:00.000+02:00,A0025011510,A25,89.0,1560
2026-09-17T05:01:38Z,2026-09-17T06:54:00.000+02:00,A0025020220,A25,72.0,5050
2026-09-17T05:01:38Z,2026-09-17T06:54:00.000+02:00,N0227010302,N227,74.0,3280
2026-09-17T05:01:38Z,2026-09-17T06:54:00.000+02:00,N0041010500,N41,79.0,3280
2026-09-17T05:01:38Z,2026-09-17T06:54:00.000+02:00,N0227020101,N227,74.0,2480
2026-09-17T05:01:38Z,2026-09-17T06:54:00.000+02:00,A9022100110,A22 (rocade),66.0,760
2026-09-17T05:01:38Z,2026-09-17T06:54:00.000+02:00,A0022010400,A22,72.0,2660
2026-09-17T05:01:38Z,2026-09-17T06:54:00.000+02:00,N0356010302,N356,73.0,5010
2026-09-17T05:01:38Z,2026-09-17T06:54:00.000+02:00,A0025010800,A25,76.0,1980
2026-09-17T05:01:38Z,2026-09-17T06:54:00.000+02:00,A0027020621,A27,94.0,790
2026-09-17T05:01:38Z,2026-09-17T06:54:00.000+02:00,N0041010700,N41,83.0,1300
2026-09-17T05:01:38Z,2026-09-17T06:54:00.000+02:00,A0027020630,A27,97.0,780
2026-09-17T05:01:38Z,2026-09-17T06:54:00.000+02:00,A0022021512,A22,77.0,2120
2026-09-17T05:01:38Z,2026-09-17T06:54:00.000+02:00,A0022021511,A22,77.0,2120
2026-09-17T05:01:38Z,2026-09-17T06:54:00.000+02:00,A0027020610,A27,94.0,790
2026-09-17T05:01:38Z,2026-09-17T06:54:00.000+02:00,A0025021720,A25,73.0,3440
2026-09-17T05:01:38Z,2026-09-17T06:54:00.000+02:00,A0022021520,A22,77.0,2120
2026-09-17T05:01:38Z,2026-09-17T06:54:00.000+02:00,A0025022140,A25,65.0,2900
2026-09-17T05:01:38Z,2026-09-17T06:54:00.000+02:00,A0022011302,A22,76.0,1790
2026-09-17T05:01:38Z,2026-09-17T06:54:00.000+02:00,A0025022160,A25,32.0,2100
2026-09-17T05:01:38Z,2026-09-17T06:54:00.000+02:00,A9025060104,A25 (bretelle),68.0,2290
2026-09-17T05:01:38Z,2026-09-17T06:54:00.000+02:00,A0027010201,A27,89.0,1400
2026-09-17T05:01:38Z,2026-09-17T06:54:00.000+02:00,A0027010202,A27,69.0,650
2026-09-17T05:01:38Z,2026-09-17T06:54:00.000+02:00,N9227110110,N227 (bretelle),74.0,1030
2026-09-17T05:01:38Z,2026-09-17T06:54:00.000+02:00,A0025012130,A25,99.0,840
2026-09-17T05:01:38Z,2026-09-17T06:54:00.000+02:00,A0027010210,A27,69.0,650
2026-09-17T05:01:38Z,2026-09-17T06:54:00.000+02:00,A0025011050,A25,91.0,1610
2026-09-17T05:01:38Z,2026-09-17T06:54:00.000+02:00,A0025012140,A25,99.0,630
2026-09-17T05:01:38Z,2026-09-17T06:54:00.000+02:00,A0027010421,A27,97.0,730
2026-09-17T05:01:38Z,2026-09-17T06:54:00.000+02:00,A0022012420,A22,90.0,2780
2026-09-17T05:01:38Z,2026-09-17T06:54:00.000+02:00,A0027010430,A27,100.0,740
2026-09-17T05:01:38Z,2026-09-17T06:54:00.000+02:00,A0023020710,A23,73.0,3790
2026-09-17T05:01:38Z,2026-09-17T06:54:00.000+02:00,A0022012430,A22,87.0,2630
2026-09-17T05:01:38Z,2026-09-17T06:54:00.000+02:00,A0025012160,A25,114.0,1860
2026-09-17T05:01:38Z,2026-09-17T06:54:00.000+02:00,A9022021200,A22 (rocade),59.0,330
2026-09-17T05:01:38Z,2026-09-17T06:54:00.000+02:00,A0001021100,A1,88.0,2660
2026-09-17T05:01:38Z,2026-09-17T06:54:00.000+02:00,A9022101000,A22 (rocade),73.0,680
2026-09-17T05:01:38Z,2026-09-17T06:54:00.000+02:00,A0025013020,A25,101.0,1600
2026-09-17T05:01:38Z,2026-09-17T06:54:00.000+02:00,A0027010410,A27,97.0,730
2026-09-17T05:01:38Z,2026-09-17T06:54:00.000+02:00,A0022012410,A22,89.0,2770
2026-09-17T05:01:38Z,2026-09-17T06:54:00.000+02:00,A0001A20112,A1,89.0,2070
2026-09-17T05:01:38Z,2026-09-17T06:54:00.000+02:00,A0001A20111,A1,88.0,900
2026-09-17T05:01:38Z,2026-09-17T06:54:00.000+02:00,A0001021521,A1,83.0,2670
2026-09-17T05:01:38Z,2026-09-17T06:54:00.000+02:00,A0025022540,A25,101.0,2160
2026-09-17T05:01:38Z,2026-09-17T06:54:00.000+02:00,A0025022300,A25,40.0,950
2026-09-17T05:01:38Z,2026-09-17T06:54:00.000+02:00,N0356021000,N356,74.0,2940
2026-09-17T05:01:38Z,2026-09-17T06:54:00.000+02:00,A22TC010102,A22 (contournement),77.0,2250
2026-09-17T05:01:38Z,2026-09-17T06:54:00.000+02:00,A0001011503,A1,80.0,5420
2026-09-17T05:01:38Z,2026-09-17T06:54:00.000+02:00,A0022012200,A22,81.0,2520
2026-09-17T05:01:38Z,2026-09-17T06:54:00.000+02:00,A0001A20120,A1,81.0,1840
2026-09-17T05:01:38Z,2026-09-17T06:54:00.000+02:00,A22TC020102,A22 (contournement),85.0,2180
2026-09-17T05:01:38Z,2026-09-17T06:54:00.000+02:00,A22TC010300,A22 (contournement),80.0,1770
2026-09-17T05:01:38Z,2026-09-17T06:54:00.000+02:00,A0022012010,A22,81.0,1770
2026-09-17T05:01:38Z,2026-09-17T06:54:00.000+02:00,A0022012020,A22,81.0,1770
2026-09-17T05:01:38Z,2026-09-17T06:54:00.000+02:00,A0025022130,A25,85.0,2970
2026-09-17T05:01:38Z,2026-09-17T06:54:00.000+02:00,A0023010520,A23,108.0,910
2026-09-17T05:01:38Z,2026-09-17T06:54:00.000+02:00,N0041020800,N41,91.0,850
2026-09-17T05:01:38Z,2026-09-17T06:54:00.000+02:00,A0025010500,A25,70.0,2090
2026-09-17T05:01:38Z,2026-09-17T06:54:00.000+02:00,A0022020901,A22,74.0,2630
2026-09-17T05:01:38Z,2026-09-17T06:54:00.000+02:00,A0022020902,A22,74.0,1770
2026-09-17T05:01:38Z,2026-09-17T06:54:00.000+02:00,A0022021810,A22,77.0,2030
2026-09-17T05:01:38Z,2026-09-17T06:54:00.000+02:00,N0356011100,N356,71.0,2450
2026-09-17T05:01:38Z,2026-09-17T06:54:00.000+02:00,A0022021820,A22,77.0,2030
2026-09-17T05:01:38Z,2026-09-17T06:54:00.000+02:00,N0356020802,N356,71.0,3220
2026-09-17T05:01:38Z,2026-09-17T06:54:00.000+02:00,A9022020900,A22 (rocade),78.0,930
2026-09-17T05:01:38Z,2026-09-17T06:54:00.000+02:00,A0025020102,A25,66.0,200
2026-09-17T05:01:38Z,2026-09-17T06:54:00.000+02:00,A0023010100,A23,85.0,430
2026-09-17T05:01:38Z,2026-09-17T06:54:00.000+02:00,A0025022530,A25,101.0,2130
2026-09-17T05:01:38Z,2026-09-17T06:54:00.000+02:00,A9001210200,A1 (bretelle),68.0,1110
2026-09-17T05:01:38Z,2026-09-17T06:54:00.000+02:00,A0022010700,A22,77.0,2220
2026-09-17T05:01:38Z,2026-09-17T06:54:00.000+02:00,N0041020400,N41,86.0,1210
2026-09-17T05:01:38Z,2026-09-17T06:54:00.000+02:00,A0023020720,A23,60.0,3740
2026-09-17T05:01:38Z,2026-09-17T06:54:00.000+02:00,A0022020500,A22,74.0,1200
2026-09-17T05:01:38Z,2026-09-17T06:54:00.000+02:00,N93563b0150,N356 (bretelle),70.0,20
2026-09-17T05:01:38Z,2026-09-17T06:54:00.000+02:00,A0025020950,A25,82.0,5050
2026-09-17T05:01:38Z,2026-09-17T06:54:00.000+02:00,A0023020300,A23,72.0,2410
2026-09-17T05:01:38Z,2026-09-17T06:54:00.000+02:00,A0001011000,A1,69.0,4500
2026-09-17T05:01:38Z,2026-09-17T06:54:00.000+02:00,A0027020500,A27,87.0,530
2026-09-17T05:01:38Z,2026-09-17T06:54:00.000+02:00,N0356011500,N356,67.0,2680
2026-09-17T05:01:38Z,2026-09-17T06:54:00.000+02:00,A0001010150,A1,61.0,4770
2026-09-17T05:01:38Z,2026-09-17T06:54:00.000+02:00,N0356020400,N356,58.0,1600
2026-09-17T05:01:38Z,2026-09-17T06:54:00.000+02:00,N0041020600,N41,99.0,210
2026-09-17T05:01:38Z,2026-09-17T06:54:00.000+02:00,A0025010700,A25,75.0,1140
2026-09-17T05:01:38Z,2026-09-17T06:54:00.000+02:00,A0002011230,A2,100.0,2790
2026-09-17T05:01:38Z,2026-09-17T06:54:00.000+02:00,A0025020500,A25,70.0,3710
2026-09-17T05:01:38Z,2026-09-17T06:54:00.000+02:00,A0002021290,A2,101.0,1980
2026-09-17T05:01:38Z,2026-09-17T06:54:00.000+02:00,A0022011600,A22,80.0,1740
2026-09-17T05:11:18Z,2026-09-17T07:00:00.000+02:00,A0001011200,A1,63.0,4350
2026-09-17T05:11:18Z,2026-09-17T07:00:00.000+02:00,A0027010102,A27,95.0,2760
2026-09-17T05:11:18Z,2026-09-17T07:00:00.000+02:00,N0041010100,N41,78.0,2220
2026-09-17T05:11:18Z,2026-09-17T07:00:00.000+02:00,A0027010101,A27,95.0,2760
2026-09-17T05:11:18Z,2026-09-17T07:00:00.000+02:00,A9022010250,A22 (rocade),81.0,710
2026-09-17T05:11:18Z,2026-09-17T07:00:00.000+02:00,A0001020150,A1,101.0,2730
2026-09-17T05:11:18Z,2026-09-17T07:00:00.000+02:00,N0356011700,N356,74.0,2260
2026-09-17T05:11:18Z,2026-09-17T07:00:00.000+02:00,N9227110200,N227 (bretelle),66.0,10
2026-09-17T05:11:18Z,2026-09-17T07:00:00.000+02:00,N0356021300,N356,65.0,2740
2026-09-17T05:11:18Z,2026-09-17T07:00:00.000+02:00,A0022011400,A22,66.0,670
2026-09-17T05:11:18Z,2026-09-17T07:00:00.000+02:00,A0027010300,A27,91.0,450
2026-09-17T05:11:18Z,2026-09-17T07:00:00.000+02:00,A9022020250,A22 (rocade),50.0,1460
2026-09-17T05:11:18Z,2026-09-17T07:00:00.000+02:00,N0041010300,N41,49.0,3470
2026-09-17T05:11:18Z,2026-09-17T07:00:00.000+02:00,A0022011210,A22,76.0,560
2026-09-17T05:11:18Z,2026-09-17T07:00:00.000+02:00,A0027020100,A27,75.0,880
2026-09-17T05:11:18Z,2026-09-17T07:00:00.000+02:00,A0001010300,A1,49.0,2600
2026-09-17T05:11:18Z,2026-09-17T07:00:00.000+02:00,A0022011220,A22,76.0,560
2026-09-17T05:11:18Z,2026-09-17T07:00:00.000+02:00,N0227021400,N227,73.0,50
2026-09-17T05:11:18Z,2026-09-17T07:00:00.000+02:00,A9022101110,A22 (rocade),79.0,880
2026-09-17T05:11:18Z,2026-09-17T07:00:00.000+02:00,A0022022110,A22,78.0,3190
2026-09-17T05:11:18Z,2026-09-17T07:00:00.000+02:00,A0001011420,A1,64.0,3140
2026-09-17T05:11:18Z,2026-09-17T07:00:00.000+02:00,N0356010800,N356,72.0,2960
2026-09-17T05:11:18Z,2026-09-17T07:00:00.000+02:00,A9001210710,A1 (bretelle),65.0,540
2026-09-17T05:11:18Z,2026-09-17T07:00:00.000+02:00,N0356021110,N356,71.0,2900
2026-09-17T05:11:18Z,2026-09-17T07:00:00.000+02:00,A0001010510,A1,44.0,3800
2026-09-17T05:11:18Z,2026-09-17T07:00:00.000+02:00,N0356021122,N356,65.0,3010
2026-09-17T05:11:18Z,2026-09-17T07:00:00.000+02:00,N0356021121,N356,71.0,2900
2026-09-17T05:11:18Z,2026-09-17T07:00:00.000+02:00,A0025010210,A25,72.0,3890
2026-09-17T05:11:18Z,2026-09-17T07:00:00.000+02:00,A0025011300,A25,88.0,1010
2026-09-17T05:11:18Z,2026-09-17T07:00:00.000+02:00,A0001020300,A1,102.0,2600
2026-09-17T05:11:18Z,2026-09-17T07:00:00.000+02:00,A0025021100,A25,85.0,2830
2026-09-17T05:11:18Z,2026-09-17T07:00:00.000+02:00,A0025023520,A25,108.0,1180
2026-09-17T05:11:18Z,2026-09-17T07:00:00.000+02:00,A0022022130,A22,69.0,2910
2026-09-17T05:11:18Z,2026-09-17T07:00:00.000+02:00,A0025010220,A25,72.0,3890
2026-09-17T05:11:18Z,2026-09-17T07:00:00.000+02:00,A0022022120,A22,82.0,3240
2026-09-17T05:11:18Z,2026-09-17T07:00:00.000+02:00,A0001010520,A1,59.0,4430
2026-09-17T05:11:18Z,2026-09-17T07:00:00.000+02:00,A0022011000,A22,76.0,2200
2026-09-17T05:11:18Z,2026-09-17T07:00:00.000+02:00,A0001020510,A1,100.0,2780
2026-09-17T05:11:18Z,2026-09-17T07:00:00.000+02:00,A0001021602,A1,83.0,4620
2026-09-17T05:11:18Z,2026-09-17T07:00:00.000+02:00,A22TC020222,A22 (contournement),82.0,3250
2026-09-17T05:11:18Z,2026-09-17T07:00:00.000+02:00,A0001010940,A1,51.0,4760
2026-09-17T05:11:18Z,2026-09-17T07:00:00.000+02:00,A0025023320,A25,108.0,1820
2026-09-17T05:11:18Z,2026-09-17T07:00:00.000+02:00,A0001020520,A1,96.0,2940
2026-09-17T05:11:18Z,2026-09-17T07:00:00.000+02:00,A0025023100,A25,106.0,1600
2026-09-17T05:11:18Z,2026-09-17T07:00:00.000+02:00,A22TC020230,A22 (contournement),82.0,3250
2026-09-17T05:11:18Z,2026-09-17T07:00:00.000+02:00,A0025021730,A25,68.0,3390
2026-09-17T05:11:18Z,2026-09-17T07:00:00.000+02:00,A0025023910,A25,113.0,960
2026-09-17T05:11:18Z,2026-09-17T07:00:00.000+02:00,A0025021735,A25,79.0,3410
2026-09-17T05:11:18Z,2026-09-17T07:00:00.000+02:00,A0023010400,A23,104.0,920
2026-09-17T05:11:18Z,2026-09-17T07:00:00.000+02:00,A0022021900,A22,76.0,2550
2026-09-17T05:11:18Z,2026-09-17T07:00:00.000+02:00,A9022100500,A22 (rocade),77.0,1410
2026-09-17T05:11:18Z,2026-09-17T07:00:00.000+02:00,A0001020940,A1,89.0,3180
2026-09-17T05:11:18Z,2026-09-17T07:00:00.000+02:00,A0001020700,A1,94.0,2220
2026-09-17T05:11:18Z,2026-09-17T07:00:00.000+02:00,A9022020830,A22 (rocade),87.0,130
2026-09-17T05:11:18Z,2026-09-17T07:00:00.000+02:00,A9022020822,A22 (rocade),74.0,1310
2026-09-17T05:11:18Z,2026-09-17T07:00:00.000+02:00,A9022020821,A22 (rocade),74.0,1310
2026-09-17T05:11:18Z,2026-09-17T07:00:00.000+02:00,A0025020420,A25,70.0,5320
2026-09-17T05:11:18Z,2026-09-17T07:00:00.000+02:00,A0025021510,A25,85.0,2300
2026-09-17T05:11:18Z,2026-09-17T07:00:00.000+02:00,N0227010100,N227,64.0,1390
2026-09-17T05:11:18Z,2026-09-17T07:00:00.000+02:00,A0025011720,A25,96.0,2050
2026-09-17T05:11:18Z,2026-09-17T07:00:00.000+02:00,A0025021760,A25,55.0,3450
2026-09-17T05:11:18Z,2026-09-17T07:00:00.000+02:00,A0025011730,A25,85.0,2190
2026-09-17T05:11:18Z,2026-09-17T07:00:00.000+02:00,A0025011735,A25,96.0,2200
2026-09-17T05:11:18Z,2026-09-17T07:00:00.000+02:00,A9025080700,A25 (bretelle),,940
2026-09-17T05:11:18Z,2026-09-17T07:00:00.000+02:00,A9022100930,A22 (rocade),75.0,100
2026-09-17T05:11:18Z,2026-09-17T07:00:00.000+02:00,N0356011220,N356,71.0,2560
2026-09-17T05:11:18Z,2026-09-17T07:00:00.000+02:00,A0025011740,A25,81.0,2160
2026-09-17T05:11:18Z,2026-09-17T07:00:00.000+02:00,A0025010410,A25,69.0,2990
2026-09-17T05:11:18Z,2026-09-17T07:00:00.000+02:00,A0023010200,A23,92.0,1650
2026-09-17T05:11:18Z,2026-09-17T07:00:00.000+02:00,A9001210120,A1 (bretelle),75.0,920
2026-09-17T05:11:18Z,2026-09-17T07:00:00.000+02:00,A0025020210,A25,71.0,5180
2026-09-17T05:11:18Z,2026-09-17T07:00:00.000+02:00,N0356011210,N356,71.0,2560
2026-09-17T05:11:18Z,2026-09-17T07:00:00.000+02:00,A0025011510,A25,87.0,1380
2026-09-17T05:11:18Z,2026-09-17T07:00:00.000+02:00,A0025020220,A25,71.0,5180
2026-09-17T05:11:18Z,2026-09-17T07:00:00.000+02:00,N0227010302,N227,72.0,3120
2026-09-17T05:11:18Z,2026-09-17T07:00:00.000+02:00,N0041010500,N41,73.0,3350
2026-09-17T05:11:18Z,2026-09-17T07:00:00.000+02:00,N0227020101,N227,75.0,2340
2026-09-17T05:11:18Z,2026-09-17T07:00:00.000+02:00,A9022100110,A22 (rocade),64.0,630
2026-09-17T05:11:18Z,2026-09-17T07:00:00.000+02:00,A0022010400,A22,72.0,2750
2026-09-17T05:11:18Z,2026-09-17T07:00:00.000+02:00,N0356010302,N356,72.0,5120
2026-09-17T05:11:18Z,2026-09-17T07:00:00.000+02:00,A0025010800,A25,78.0,2030
2026-09-17T05:11:18Z,2026-09-17T07:00:00.000+02:00,A0027020621,A27,94.0,750
2026-09-17T05:11:18Z,2026-09-17T07:00:00.000+02:00,N0041010700,N41,81.0,1420
2026-09-17T05:11:18Z,2026-09-17T07:00:00.000+02:00,A0027020630,A27,96.0,750
2026-09-17T05:11:18Z,2026-09-17T07:00:00.000+02:00,A0022021512,A22,74.0,2240
2026-09-17T05:11:18Z,2026-09-17T07:00:00.000+02:00,A0022021511,A22,76.0,2140
2026-09-17T05:11:18Z,2026-09-17T07:00:00.000+02:00,A0027020610,A27,94.0,750
2026-09-17T05:11:18Z,2026-09-17T07:00:00.000+02:00,A0025021720,A25,79.0,3490
2026-09-17T05:11:18Z,2026-09-17T07:00:00.000+02:00,A0022021520,A22,74.0,2240
2026-09-17T05:11:18Z,2026-09-17T07:00:00.000+02:00,A0025022140,A25,69.0,3310
2026-09-17T05:11:18Z,2026-09-17T07:00:00.000+02:00,A0022011302,A22,76.0,1640
2026-09-17T05:11:18Z,2026-09-17T07:00:00.000+02:00,A0025022160,A25,64.0,3290
2026-09-17T05:11:18Z,2026-09-17T07:00:00.000+02:00,A9025060104,A25 (bretelle),63.0,2460
2026-09-17T05:11:18Z,2026-09-17T07:00:00.000+02:00,A0027010201,A27,88.0,1530
2026-09-17T05:11:18Z,2026-09-17T07:00:00.000+02:00,A0027010202,A27,66.0,690
2026-09-17T05:11:18Z,2026-09-17T07:00:00.000+02:00,N9227110110,N227 (bretelle),72.0,1090
2026-09-17T05:11:18Z,2026-09-17T07:00:00.000+02:00,A0025012130,A25,106.0,780
2026-09-17T05:11:18Z,2026-09-17T07:00:00.000+02:00,A0027010210,A27,66.0,690
2026-09-17T05:11:18Z,2026-09-17T07:00:00.000+02:00,A0025011050,A25,85.0,1260
2026-09-17T05:11:18Z,2026-09-17T07:00:00.000+02:00,A0025012140,A25,106.0,1030
2026-09-17T05:11:18Z,2026-09-17T07:00:00.000+02:00,A0027010421,A27,95.0,610
2026-09-17T05:11:18Z,2026-09-17T07:00:00.000+02:00,A0022012420,A22,93.0,2270
2026-09-17T05:11:18Z,2026-09-17T07:00:00.000+02:00,A0027010430,A27,97.0,640
2026-09-17T05:11:18Z,2026-09-17T07:00:00.000+02:00,A0023020710,A23,76.0,3280
2026-09-17T05:11:18Z,2026-09-17T07:00:00.000+02:00,A0022012430,A22,90.0,2260
2026-09-17T05:11:18Z,2026-09-17T07:00:00.000+02:00,A0025012160,A25,114.0,1920
2026-09-17T05:11:18Z,2026-09-17T07:00:00.000+02:00,A9022021200,A22 (rocade),62.0,460
2026-09-17T05:11:18Z,2026-09-17T07:00:00.000+02:00,A0001021100,A1,90.0,2600
2026-09-17T05:11:18Z,2026-09-17T07:00:00.000+02:00,A9022101000,A22 (rocade),60.0,480
2026-09-17T05:11:18Z,2026-09-17T07:00:00.000+02:00,A0025013020,A25,103.0,1790
2026-09-17T05:11:18Z,2026-09-17T07:00:00.000+02:00,A0027010410,A27,95.0,610
2026-09-17T05:11:18Z,2026-09-17T07:00:00.000+02:00,A0022012410,A22,92.0,2320
2026-09-17T05:11:18Z,2026-09-17T07:00:00.000+02:00,A0001A20112,A1,87.0,2310
2026-09-17T05:11:18Z,2026-09-17T07:00:00.000+02:00,A0001A20111,A1,83.0,920
2026-09-17T05:11:18Z,2026-09-17T07:00:00.000+02:00,A0001021521,A1,84.0,2620
2026-09-17T05:11:18Z,2026-09-17T07:00:00.000+02:00,A0025022540,A25,106.0,1870
2026-09-17T05:11:18Z,2026-09-17T07:00:00.000+02:00,A0025022300,A25,44.0,1200
2026-09-17T05:11:18Z,2026-09-17T07:00:00.000+02:00,N0356021000,N356,73.0,2580
2026-09-17T05:11:18Z,2026-09-17T07:00:00.000+02:00,A22TC010102,A22 (contournement),76.0,2040
2026-09-17T05:11:18Z,2026-09-17T07:00:00.000+02:00,A0001011503,A1,79.0,5760
2026-09-17T05:11:18Z,2026-09-17T07:00:00.000+02:00,A0022012200,A22,82.0,2210
2026-09-17T05:11:18Z,2026-09-17T07:00:00.000+02:00,A0001A20120,A1,79.0,2100
2026-09-17T05:11:18Z,2026-09-17T07:00:00.000+02:00,A22TC020102,A22 (contournement),85.0,2320
2026-09-17T05:11:18Z,2026-09-17T07:00:00.000+02:00,A22TC010300,A22 (contournement),80.0,1780
2026-09-17T05:11:18Z,2026-09-17T07:00:00.000+02:00,A0022012010,A22,81.0,1550
2026-09-17T05:11:18Z,2026-09-17T07:00:00.000+02:00,A0022012020,A22,81.0,1550
2026-09-17T05:11:18Z,2026-09-17T07:00:00.000+02:00,A0025022130,A25,69.0,3140
2026-09-17T05:11:18Z,2026-09-17T07:00:00.000+02:00,A0023010520,A23,110.0,900
2026-09-17T05:11:18Z,2026-09-17T07:00:00.000+02:00,N0041020800,N41,87.0,950
2026-09-17T05:11:18Z,2026-09-17T07:00:00.000+02:00,A0025010500,A25,70.0,1940
2026-09-17T05:11:18Z,2026-09-17T07:00:00.000+02:00,A0022020901,A22,78.0,2290
2026-09-17T05:11:18Z,2026-09-17T07:00:00.000+02:00,A0022020902,A22,78.0,1610
2026-09-17T05:11:18Z,2026-09-17T07:00:00.000+02:00,A0022021810,A22,77.0,2320
2026-09-17T05:11:18Z,2026-09-17T07:00:00.000+02:00,N0356011100,N356,72.0,2510
2026-09-17T05:11:18Z,2026-09-17T07:00:00.000+02:00,A0022021820,A22,77.0,2320
2026-09-17T05:11:18Z,2026-09-17T07:00:00.000+02:00,N0356020802,N356,71.0,2850
2026-09-17T05:11:18Z,2026-09-17T07:00:00.000+02:00,A9022020900,A22 (rocade),74.0,900
2026-09-17T05:11:18Z,2026-09-17T07:00:00.000+02:00,A0025020102,A25,62.0,210
2026-09-17T05:11:18Z,2026-09-17T07:00:00.000+02:00,A0023010100,A23,103.0,600
2026-09-17T05:11:18Z,2026-09-17T07:00:00.000+02:00,A0025022530,A25,108.0,1870
2026-09-17T05:11:18Z,2026-09-17T07:00:00.000+02:00,A9001210200,A1 (bretelle),67.0,1110
2026-09-17T05:11:18Z,2026-09-17T07:00:00.000+02:00,A0022010700,A22,76.0,2000
2026-09-17T05:11:18Z,2026-09-17T07:00:00.000+02:00,N0041020400,N41,83.0,1330
2026-09-17T05:11:18Z,2026-09-17T07:00:00.000+02:00,A0023020720,A23,51.0,3310
2026-09-17T05:11:18Z,2026-09-17T07:00:00.000+02:00,A0022020500,A22,78.0,1110
2026-09-17T05:11:18Z,2026-09-17T07:00:00.000+02:00,N93563b0150,N356 (bretelle),72.0,60
2026-09-17T05:11:18Z,2026-09-17T07:00:00.000+02:00,A0025020950,A25,84.0,5000
2026-09-17T05:11:18Z,2026-09-17T07:00:00.000+02:00,A0023020300,A23,83.0,2370
2026-09-17T05:11:18Z,2026-09-17T07:00:00.000+02:00,A0001011000,A1,67.0,4070
2026-09-17T05:11:18Z,2026-09-17T07:00:00.000+02:00,A0027020500,A27,86.0,460
2026-09-17T05:11:18Z,2026-09-17T07:00:00.000+02:00,N0356011500,N356,67.0,2730
2026-09-17T05:11:18Z,2026-09-17T07:00:00.000+02:00,A0001010150,A1,30.0,3570
2026-09-17T05:11:18Z,2026-09-17T07:00:00.000+02:00,N0356020400,N356,59.0,1560
2026-09-17T05:11:18Z,2026-09-17T07:00:00.000+02:00,N0041020600,N41,92.0,120
2026-09-17T05:11:18Z,2026-09-17T07:00:00.000+02:00,A0025010700,A25,67.0,1110
2026-09-17T05:11:18Z,2026-09-17T07:00:00.000+02:00,A0002011230,A2,97.0,3020
2026-09-17T05:11:18Z,2026-09-17T07:00:00.000+02:00,A0025020500,A25,69.0,4420
2026-09-17T05:11:18Z,2026-09-17T07:00:00.000+02:00,A0002021290,A2,101.0,1950
2026-09-17T05:11:18Z,2026-09-17T07:00:00.000+02:00,A0022011600,A22,78.0,1440
2026-09-17T05:21:15Z,2026-09-17T07:12:00.000+02:00,A0001011200,A1,65.0,4740
2026-09-17T05:21:15Z,2026-09-17T07:12:00.000+02:00,A0027010102,A27,80.0,2910
2026-09-17T05:21:15Z,2026-09-17T07:12:00.000+02:00,N0041010100,N41,70.0,2660
2026-09-17T05:21:15Z,2026-09-17T07:12:00.000+02:00,A0027010101,A27,80.0,2910
2026-09-17T05:21:15Z,2026-09-17T07:12:00.000+02:00,A9022010250,A22 (rocade),79.0,810
2026-09-17T05:21:15Z,2026-09-17T07:12:00.000+02:00,A0001020150,A1,104.0,2930
2026-09-17T05:21:15Z,2026-09-17T07:12:00.000+02:00,N0356011700,N356,74.0,2630
2026-09-17T05:21:15Z,2026-09-17T07:12:00.000+02:00,N9227110200,N227 (bretelle),74.0,20
2026-09-17T05:21:15Z,2026-09-17T07:12:00.000+02:00,N0356021300,N356,64.0,3380
2026-09-17T05:21:15Z,2026-09-17T07:12:00.000+02:00,A0022011400,A22,74.0,730
2026-09-17T05:21:15Z,2026-09-17T07:12:00.000+02:00,A0027010300,A27,90.0,660
2026-09-17T05:21:15Z,2026-09-17T07:12:00.000+02:00,A9022020250,A22 (rocade),51.0,1750
2026-09-17T05:21:15Z,2026-09-17T07:12:00.000+02:00,N0041010300,N41,58.0,3710
2026-09-17T05:21:15Z,2026-09-17T07:12:00.000+02:00,A0022011210,A22,78.0,740
2026-09-17T05:21:15Z,2026-09-17T07:12:00.000+02:00,A0027020100,A27,72.0,1140
2026-09-17T05:21:15Z,2026-09-17T07:12:00.000+02:00,A0001010300,A1,65.0,3200
2026-09-17T05:21:15Z,2026-09-17T07:12:00.000+02:00,A0022011220,A22,78.0,740
2026-09-17T05:21:15Z,2026-09-17T07:12:00.000+02:00,N0227021400,N227,29.0,110
2026-09-17T05:21:15Z,2026-09-17T07:12:00.000+02:00,A9022101110,A22 (rocade),78.0,820
2026-09-17T05:21:15Z,2026-09-17T07:12:00.000+02:00,A0022022110,A22,79.0,3530
2026-09-17T05:21:15Z,2026-09-17T07:12:00.000+02:00,A0001011420,A1,66.0,3150
2026-09-17T05:21:15Z,2026-09-17T07:12:00.000+02:00,N0356010800,N356,72.0,3330
2026-09-17T05:21:15Z,2026-09-17T07:12:00.000+02:00,A9001210710,A1 (bretelle),63.0,200
2026-09-17T05:21:15Z,2026-09-17T07:12:00.000+02:00,N0356021110,N356,69.0,3460
2026-09-17T05:21:15Z,2026-09-17T07:12:00.000+02:00,A0001010510,A1,54.0,3530
2026-09-17T05:21:15Z,2026-09-17T07:12:00.000+02:00,N0356021122,N356,64.0,3490
2026-09-17T05:21:15Z,2026-09-17T07:12:00.000+02:00,N0356021121,N356,69.0,3460
2026-09-17T05:21:15Z,2026-09-17T07:12:00.000+02:00,A0025010210,A25,70.0,4410
2026-09-17T05:21:15Z,2026-09-17T07:12:00.000+02:00,A0025011300,A25,86.0,1290
2026-09-17T05:21:15Z,2026-09-17T07:12:00.000+02:00,A0001020300,A1,104.0,2870
2026-09-17T05:21:15Z,2026-09-17T07:12:00.000+02:00,A0025021100,A25,85.0,2900
2026-09-17T05:21:15Z,2026-09-17T07:12:00.000+02:00,A0025023520,A25,109.0,770
2026-09-17T05:21:15Z,2026-09-17T07:12:00.000+02:00,A0022022130,A22,67.0,3200
2026-09-17T05:21:15Z,2026-09-17T07:12:00.000+02:00,A0025010220,A25,70.0,4410
2026-09-17T05:21:15Z,2026-09-17T07:12:00.000+02:00,A0022022120,A22,82.0,3560
2026-09-17T05:21:15Z,2026-09-17T07:12:00.000+02:00,A0001010520,A1,62.0,4290
2026-09-17T05:21:15Z,2026-09-17T07:12:00.000+02:00,A0022011000,A22,73.0,2540
2026-09-17T05:21:15Z,2026-09-17T07:12:00.000+02:00,A0001020510,A1,101.0,3040
2026-09-17T05:21:15Z,2026-09-17T07:12:00.000+02:00,A0001021602,A1,80.0,6150
2026-09-17T05:21:15Z,2026-09-17T07:12:00.000+02:00,A22TC020222,A22 (contournement),80.0,4060
2026-09-17T05:21:15Z,2026-09-17T07:12:00.000+02:00,A0001010940,A1,70.0,4980
2026-09-17T05:21:15Z,2026-09-17T07:12:00.000+02:00,A0025023320,A25,111.0,1620
2026-09-17T05:21:15Z,2026-09-17T07:12:00.000+02:00,A0001020520,A1,97.0,3250
2026-09-17T05:21:15Z,2026-09-17T07:12:00.000+02:00,A0025023100,A25,107.0,1530
2026-09-17T05:21:15Z,2026-09-17T07:12:00.000+02:00,A22TC020230,A22 (contournement),80.0,4060
2026-09-17T05:21:15Z,2026-09-17T07:12:00.000+02:00,A0025021730,A25,53.0,3410
2026-09-17T05:21:15Z,2026-09-17T07:12:00.000+02:00,A0025023910,A25,111.0,740
2026-09-17T05:21:15Z,2026-09-17T07:12:00.000+02:00,A0025021735,A25,60.0,3540
2026-09-17T05:21:15Z,2026-09-17T07:12:00.000+02:00,A0023010400,A23,107.0,1350
2026-09-17T05:21:15Z,2026-09-17T07:12:00.000+02:00,A0022021900,A22,77.0,2760
2026-09-17T05:21:15Z,2026-09-17T07:12:00.000+02:00,A9022100500,A22 (rocade),77.0,1440
2026-09-17T05:21:15Z,2026-09-17T07:12:00.000+02:00,A0001020940,A1,89.0,3590
2026-09-17T05:21:15Z,2026-09-17T07:12:00.000+02:00,A0001020700,A1,95.0,2660
2026-09-17T05:21:15Z,2026-09-17T07:12:00.000+02:00,A9022020830,A22 (rocade),79.0,340
2026-09-17T05:21:15Z,2026-09-17T07:12:00.000+02:00,A9022020822,A22 (rocade),71.0,1500
2026-09-17T05:21:15Z,2026-09-17T07:12:00.000+02:00,A9022020821,A22 (rocade),71.0,1500
2026-09-17T05:21:15Z,2026-09-17T07:12:00.000+02:00,A0025020420,A25,67.0,5720
2026-09-17T05:21:15Z,2026-09-17T07:12:00.000+02:00,A0025021510,A25,83.0,2280
2026-09-17T05:21:15Z,2026-09-17T07:12:00.000+02:00,N0227010100,N227,65.0,1800
2026-09-17T05:21:15Z,2026-09-17T07:12:00.000+02:00,A0025011720,A25,96.0,2300
2026-09-17T05:21:15Z,2026-09-17T07:12:00.000+02:00,A0025021760,A25,42.0,3480
2026-09-17T05:21:15Z,2026-09-17T07:12:00.000+02:00,A0025011730,A25,87.0,2400
2026-09-17T05:21:15Z,2026-09-17T07:12:00.000+02:00,A0025011735,A25,99.0,2400
2026-09-17T05:21:15Z,2026-09-17T07:12:00.000+02:00,A9025080700,A25 (bretelle),,1190
2026-09-17T05:21:15Z,2026-09-17T07:12:00.000+02:00,A9022100930,A22 (rocade),70.0,50
2026-09-17T05:21:15Z,2026-09-17T07:12:00.000+02:00,N0356011220,N356,70.0,2970
2026-09-17T05:21:15Z,2026-09-17T07:12:00.000+02:00,A0025011740,A25,84.0,2490
2026-09-17T05:21:15Z,2026-09-17T07:12:00.000+02:00,A0025010410,A25,68.0,3540
2026-09-17T05:21:15Z,2026-09-17T07:12:00.000+02:00,A0023010200,A23,82.0,1950
2026-09-17T05:21:15Z,2026-09-17T07:12:00.000+02:00,A9001210120,A1 (bretelle),78.0,980
2026-09-17T05:21:15Z,2026-09-17T07:12:00.000+02:00,A0025020210,A25,70.0,5800
2026-09-17T05:21:15Z,2026-09-17T07:12:00.000+02:00,N0356011210,N356,70.0,2970
2026-09-17T05:21:15Z,2026-09-17T07:12:00.000+02:00,A0025011510,A25,88.0,1660
2026-09-17T05:21:15Z,2026-09-17T07:12:00.000+02:00,A0025020220,A25,70.0,5800
2026-09-17T05:21:15Z,2026-09-17T07:12:00.000+02:00,N0227010302,N227,70.0,3820
2026-09-17T05:21:15Z,2026-09-17T07:12:00.000+02:00,N0041010500,N41,34.0,3060
2026-09-17T05:21:15Z,2026-09-17T07:12:00.000+02:00,N0227020101,N227,59.0,2990
2026-09-17T05:21:15Z,2026-09-17T07:12:00.000+02:00,A9022100110,A22 (rocade),61.0,980
2026-09-17T05:21:15Z,2026-09-17T07:12:00.000+02:00,A0022010400,A22,68.0,3340
2026-09-17T05:21:15Z,2026-09-17T07:12:00.000+02:00,N0356010302,N356,69.0,5440
2026-09-17T05:21:15Z,2026-09-17T07:12:00.000+02:00,A0025010800,A25,76.0,2420
2026-09-17T05:21:15Z,2026-09-17T07:12:00.000+02:00,A0027020621,A27,93.0,1430
2026-09-17T05:21:15Z,2026-09-17T07:12:00.000+02:00,N0041010700,N41,29.0,1130
2026-09-17T05:21:15Z,2026-09-17T07:12:00.000+02:00,A0027020630,A27,97.0,1430
2026-09-17T05:21:15Z,2026-09-17T07:12:00.000+02:00,A0022021512,A22,79.0,2610
2026-09-17T05:21:15Z,2026-09-17T07:12:00.000+02:00,A0022021511,A22,78.0,2510
2026-09-17T05:21:15Z,2026-09-17T07:12:00.000+02:00,A0027020610,A27,93.0,1430
2026-09-17T05:21:15Z,2026-09-17T07:12:00.000+02:00,A0025021720,A25,71.0,3550
2026-09-17T05:21:15Z,2026-09-17T07:12:00.000+02:00,A0022021520,A22,79.0,2610
2026-09-17T05:21:15Z,2026-09-17T07:12:00.000+02:00,A0025022140,A25,37.0,2220
2026-09-17T05:21:15Z,2026-09-17T07:12:00.000+02:00,A0022011302,A22,73.0,1980
2026-09-17T05:21:15Z,2026-09-17T07:12:00.000+02:00,A0025022160,A25,14.0,1330
2026-09-17T05:21:15Z,2026-09-17T07:12:00.000+02:00,A9025060104,A25 (bretelle),70.0,2070
2026-09-17T05:21:15Z,2026-09-17T07:12:00.000+02:00,A0027010201,A27,90.0,1750
2026-09-17T05:21:15Z,2026-09-17T07:12:00.000+02:00,A0027010202,A27,65.0,820
2026-09-17T05:21:15Z,2026-09-17T07:12:00.000+02:00,N9227110110,N227 (bretelle),68.0,1600
2026-09-17T05:21:15Z,2026-09-17T07:12:00.000+02:00,A0025012130,A25,105.0,950
2026-09-17T05:21:15Z,2026-09-17T07:12:00.000+02:00,A0027010210,A27,65.0,820
2026-09-17T05:21:15Z,2026-09-17T07:12:00.000+02:00,A0025011050,A25,88.0,1630
2026-09-17T05:21:15Z,2026-09-17T07:12:00.000+02:00,A0025012140,A25,105.0,1400
2026-09-17T05:21:15Z,2026-09-17T07:12:00.000+02:00,A0027010421,A27,95.0,980
2026-09-17T05:21:15Z,2026-09-17T07:12:00.000+02:00,A0022012420,A22,92.0,2500
2026-09-17T05:21:15Z,2026-09-17T07:12:00.000+02:00,A0027010430,A27,98.0,1040
2026-09-17T05:21:15Z,2026-09-17T07:12:00.000+02:00,A0023020710,A23,80.0,3610
2026-09-17T05:21:15Z,2026-09-17T07:12:00.000+02:00,A0022012430,A22,90.0,2310
2026-09-17T05:21:15Z,2026-09-17T07:12:00.000+02:00,A0025012160,A25,114.0,2270
2026-09-17T05:21:15Z,2026-09-17T07:12:00.000+02:00,A9022021200,A22 (rocade),56.0,690
2026-09-17T05:21:15Z,2026-09-17T07:12:00.000+02:00,A0001021100,A1,89.0,3280
2026-09-17T05:21:15Z,2026-09-17T07:12:00.000+02:00,A9022101000,A22 (rocade),64.0,920
2026-09-17T05:21:15Z,2026-09-17T07:12:00.000+02:00,A0025013020,A25,103.0,1900
2026-09-17T05:21:15Z,2026-09-17T07:12:00.000+02:00,A0027010410,A27,95.0,980
2026-09-17T05:21:15Z,2026-09-17T07:12:00.000+02:00,A0022012410,A22,92.0,2490
2026-09-17T05:21:15Z,2026-09-17T07:12:00.000+02:00,A0001A20112,A1,85.0,2690
2026-09-17T05:21:15Z,2026-09-17T07:12:00.000+02:00,A0001A20111,A1,82.0,1130
2026-09-17T05:21:15Z,2026-09-17T07:12:00.000+02:00,A0001021521,A1,79.0,3160
2026-09-17T05:21:15Z,2026-09-17T07:12:00.000+02:00,A0025022540,A25,105.0,1870
2026-09-17T05:21:15Z,2026-09-17T07:12:00.000+02:00,A0025022300,A25,29.0,980
2026-09-17T05:21:15Z,2026-09-17T07:12:00.000+02:00,N0356021000,N356,68.0,3200
2026-09-17T05:21:15Z,2026-09-17T07:12:00.000+02:00,A22TC010102,A22 (contournement),78.0,2420
2026-09-17T05:21:15Z,2026-09-17T07:12:00.000+02:00,A0001011503,A1,78.0,6050
2026-09-17T05:21:15Z,2026-09-17T07:12:00.000+02:00,A0022012200,A22,82.0,2230
2026-09-17T05:21:15Z,2026-09-17T07:12:00.000+02:00,A0001A20120,A1,73.0,2620
2026-09-17T05:21:15Z,2026-09-17T07:12:00.000+02:00,A22TC020102,A22 (contournement),80.0,2810
2026-09-17T05:21:15Z,2026-09-17T07:12:00.000+02:00,A22TC010300,A22 (contournement),72.0,2460
2026-09-17T05:21:15Z,2026-09-17T07:12:00.000+02:00,A0022012010,A22,81.0,1460
2026-09-17T05:21:15Z,2026-09-17T07:12:00.000+02:00,A0022012020,A22,81.0,1460
2026-09-17T05:21:15Z,2026-09-17T07:12:00.000+02:00,A0025022130,A25,82.0,2440
2026-09-17T05:21:15Z,2026-09-17T07:12:00.000+02:00,A0023010520,A23,111.0,1280
2026-09-17T05:21:15Z,2026-09-17T07:12:00.000+02:00,N0041020800,N41,94.0,1210
2026-09-17T05:21:15Z,2026-09-17T07:12:00.000+02:00,A0025010500,A25,71.0,2320
2026-09-17T05:21:15Z,2026-09-17T07:12:00.000+02:00,A0022020901,A22,73.0,3340
2026-09-17T05:21:15Z,2026-09-17T07:12:00.000+02:00,A0022020902,A22,73.0,2410
2026-09-17T05:21:15Z,2026-09-17T07:12:00.000+02:00,A0022021810,A22,76.0,2460
2026-09-17T05:21:15Z,2026-09-17T07:12:00.000+02:00,N0356011100,N356,69.0,2970
2026-09-17T05:21:15Z,2026-09-17T07:12:00.000+02:00,A0022021820,A22,76.0,2460
2026-09-17T05:21:15Z,2026-09-17T07:12:00.000+02:00,N0356020802,N356,68.0,3330
2026-09-17T05:21:15Z,2026-09-17T07:12:00.000+02:00,A9022020900,A22 (rocade),73.0,1090
2026-09-17T05:21:15Z,2026-09-17T07:12:00.000+02:00,A0025020102,A25,60.0,120
2026-09-17T05:21:15Z,2026-09-17T07:12:00.000+02:00,A0023010100,A23,81.0,310
2026-09-17T05:21:15Z,2026-09-17T07:12:00.000+02:00,A0025022530,A25,106.0,1910
2026-09-17T05:21:15Z,2026-09-17T07:12:00.000+02:00,A9001210200,A1 (bretelle),67.0,1340
2026-09-17T05:21:15Z,2026-09-17T07:12:00.000+02:00,A0022010700,A22,73.0,2620
2026-09-17T05:21:15Z,2026-09-17T07:12:00.000+02:00,N0041020400,N41,85.0,1630
2026-09-17T05:21:15Z,2026-09-17T07:12:00.000+02:00,A0023020720,A23,81.0,3450
2026-09-17T05:21:15Z,2026-09-17T07:12:00.000+02:00,A0022020500,A22,73.0,1550
2026-09-17T05:21:15Z,2026-09-17T07:12:00.000+02:00,N93563b0150,N356 (bretelle),64.0,30
2026-09-17T05:21:15Z,2026-09-17T07:12:00.000+02:00,A0025020950,A25,82.0,5460
2026-09-17T05:21:15Z,2026-09-17T07:12:00.000+02:00,A0023020300,A23,71.0,2560
2026-09-17T05:21:15Z,2026-09-17T07:12:00.000+02:00,A0001011000,A1,67.0,4320
2026-09-17T05:21:15Z,2026-09-17T07:12:00.000+02:00,A0027020500,A27,88.0,780
2026-09-17T05:21:15Z,2026-09-17T07:12:00.000+02:00,N0356011500,N356,67.0,3160
2026-09-17T05:21:15Z,2026-09-17T07:12:00.000+02:00,A0001010150,A1,74.0,3710
2026-09-17T05:21:15Z,2026-09-17T07:12:00.000+02:00,N0356020400,N356,53.0,2040
2026-09-17T05:21:15Z,2026-09-17T07:12:00.000+02:00,N0041020600,N41,104.0,480
2026-09-17T05:21:15Z,2026-09-17T07:12:00.000+02:00,A0025010700,A25,70.0,1190
2026-09-17T05:21:15Z,2026-09-17T07:12:00.000+02:00,A0002011230,A2,98.0,3310
2026-09-17T05:21:15Z,2026-09-17T07:12:00.000+02:00,A0025020500,A25,68.0,4400
2026-09-17T05:21:15Z,2026-09-17T07:12:00.000+02:00,A0002021290,A2,100.0,2330
2026-09-17T05:21:15Z,2026-09-17T07:12:00.000+02:00,A0022011600,A22,80.0,1420
2026-09-17T05:31:38Z,2026-09-17T07:24:00.000+02:00,A0001011200,A1,51.0,4380
2026-09-17T05:31:38Z,2026-09-17T07:24:00.000+02:00,A0027010102,A27,87.0,3010
2026-09-17T05:31:38Z,2026-09-17T07:24:00.000+02:00,N0041010100,N41,64.0,3050
2026-09-17T05:31:38Z,2026-09-17T07:24:00.000+02:00,A0027010101,A27,87.0,3010
2026-09-17T05:31:38Z,2026-09-17T07:24:00.000+02:00,A9022010250,A22 (rocade),73.0,1130
2026-09-17T05:31:38Z,2026-09-17T07:24:00.000+02:00,A0001020150,A1,101.0,3940
2026-09-17T05:31:38Z,2026-09-17T07:24:00.000+02:00,N0356011700,N356,72.0,2870
2026-09-17T05:31:38Z,2026-09-17T07:24:00.000+02:00,N9227110200,N227 (bretelle),85.0,60
2026-09-17T05:31:38Z,2026-09-17T07:24:00.000+02:00,N0356021300,N356,63.0,4150
2026-09-17T05:31:38Z,2026-09-17T07:24:00.000+02:00,A0022011400,A22,74.0,870
2026-09-17T05:31:38Z,2026-09-17T07:24:00.000+02:00,A0027010300,A27,93.0,880
2026-09-17T05:31:38Z,2026-09-17T07:24:00.000+02:00,A9022020250,A22 (rocade),39.0,1900
2026-09-17T05:31:38Z,2026-09-17T07:24:00.000+02:00,N0041010300,N41,59.0,3470
2026-09-17T05:31:38Z,2026-09-17T07:24:00.000+02:00,A0022011210,A22,75.0,770
2026-09-17T05:31:38Z,2026-09-17T07:24:00.000+02:00,A0027020100,A27,72.0,1280
2026-09-17T05:31:38Z,2026-09-17T07:24:00.000+02:00,A0001010300,A1,50.0,2460
2026-09-17T05:31:38Z,2026-09-17T07:24:00.000+02:00,A0022011220,A22,75.0,770
2026-09-17T05:31:38Z,2026-09-17T07:24:00.000+02:00,N0227021400,N227,64.0,130
2026-09-17T05:31:38Z,2026-09-17T07:24:00.000+02:00,A9022101110,A22 (rocade),76.0,1050
2026-09-17T05:31:38Z,2026-09-17T07:24:00.000+02:00,A0022022110,A22,80.0,3440
2026-09-17T05:31:38Z,2026-09-17T07:24:00.000+02:00,A0001011420,A1,26.0,2680
2026-09-17T05:31:38Z,2026-09-17T07:24:00.000+02:00,N0356010800,N356,71.0,3560
2026-09-17T05:31:38Z,2026-09-17T07:24:00.000+02:00,A9001210710,A1 (bretelle),64.0,170
2026-09-17T05:31:38Z,2026-09-17T07:24:00.000+02:00,N0356021110,N356,69.0,4150
2026-09-17T05:31:38Z,2026-09-17T07:24:00.000+02:00,A0001010510,A1,71.0,3510
2026-09-17T05:31:38Z,2026-09-17T07:24:00.000+02:00,N0356021122,N356,64.0,4300
2026-09-17T05:31:38Z,2026-09-17T07:24:00.000+02:00,N0356021121,N356,69.0,4150
2026-09-17T05:31:38Z,2026-09-17T07:24:00.000+02:00,A0025010210,A25,68.0,5040
2026-09-17T05:31:38Z,2026-09-17T07:24:00.000+02:00,A0025011300,A25,86.0,1430
2026-09-17T05:31:38Z,2026-09-17T07:24:00.000+02:00,A0001020300,A1,101.0,3810
2026-09-17T05:31:38Z,2026-09-17T07:24:00.000+02:00,A0025021100,A25,73.0,3100
2026-09-17T05:31:38Z,2026-09-17T07:24:00.000+02:00,A0025023520,A25,111.0,1300
2026-09-17T05:31:38Z,2026-09-17T07:24:00.000+02:00,A0022022130,A22,74.0,2930
2026-09-17T05:31:38Z,2026-09-17T07:24:00.000+02:00,A0025010220,A25,68.0,5040
2026-09-17T05:31:38Z,2026-09-17T07:24:00.000+02:00,A0022022120,A22,84.0,3390
2026-09-17T05:31:38Z,2026-09-17T07:24:00.000+02:00,A0001010520,A1,65.0,3980
2026-09-17T05:31:38Z,2026-09-17T07:24:00.000+02:00,A0022011000,A22,72.0,2750
2026-09-17T05:31:38Z,2026-09-17T07:24:00.000+02:00,A0001020510,A1,100.0,3860
2026-09-17T05:31:38Z,2026-09-17T07:24:00.000+02:00,A0001021602,A1,77.0,6650
2026-09-17T05:31:38Z,2026-09-17T07:24:00.000+02:00,A22TC020222,A22 (contournement),76.0,4800
2026-09-17T05:31:38Z,2026-09-17T07:24:00.000+02:00,A0001010940,A1,72.0,4710
2026-09-17T05:31:38Z,2026-09-17T07:24:00.000+02:00,A0025023320,A25,111.0,2110
2026-09-17T05:31:38Z,2026-09-17T07:24:00.000+02:00,A0001020520,A1,96.0,3950
2026-09-17T05:31:38Z,2026-09-17T07:24:00.000+02:00,A0025023100,A25,109.0,1720
2026-09-17T05:31:38Z,2026-09-17T07:24:00.000+02:00,A22TC020230,A22 (contournement),76.0,4800
2026-09-17T05:31:38Z,2026-09-17T07:24:00.000+02:00,A0025021730,A25,53.0,3210
2026-09-17T05:31:38Z,2026-09-17T07:24:00.000+02:00,A0025023910,A25,113.0,1030
2026-09-17T05:31:38Z,2026-09-17T07:24:00.000+02:00,A0025021735,A25,42.0,3080
2026-09-17T05:31:38Z,2026-09-17T07:24:00.000+02:00,A0023010400,A23,105.0,1710
2026-09-17T05:31:38Z,2026-09-17T07:24:00.000+02:00,A0022021900,A22,77.0,2710
2026-09-17T05:31:38Z,2026-09-17T07:24:00.000+02:00,A9022100500,A22 (rocade),77.0,1850
2026-09-17T05:31:38Z,2026-09-17T07:24:00.000+02:00,A0001020940,A1,90.0,3760
2026-09-17T05:31:38Z,2026-09-17T07:24:00.000+02:00,A0001020700,A1,93.0,3320
2026-09-17T05:31:38Z,2026-09-17T07:24:00.000+02:00,A9022020830,A22 (rocade),84.0,220
2026-09-17T05:31:38Z,2026-09-17T07:24:00.000+02:00,A9022020822,A22 (rocade),68.0,1720
2026-09-17T05:31:38Z,2026-09-17T07:24:00.000+02:00,A9022020821,A22 (rocade),68.0,1720
2026-09-17T05:31:38Z,2026-09-17T07:24:00.000+02:00,A0025020420,A25,59.0,6490
2026-09-17T05:31:38Z,2026-09-17T07:24:00.000+02:00,A0025021510,A25,78.0,1760
2026-09-17T05:31:38Z,2026-09-17T07:24:00.000+02:00,N0227010100,N227,64.0,2100
2026-09-17T05:31:38Z,2026-09-17T07:24:00.000+02:00,A0025011720,A25,94.0,2840
2026-09-17T05:31:38Z,2026-09-17T07:24:00.000+02:00,A0025021760,A25,44.0,3320
2026-09-17T05:31:38Z,2026-09-17T07:24:00.000+02:00,A0025011730,A25,83.0,2800
2026-09-17T05:31:38Z,2026-09-17T07:24:00.000+02:00,A0025011735,A25,97.0,2730
2026-09-17T05:31:38Z,2026-09-17T07:24:00.000+02:00,A9025080700,A25 (bretelle),,930
2026-09-17T05:31:38Z,2026-09-17T07:24:00.000+02:00,A9022100930,A22 (rocade),75.0,230
2026-09-17T05:31:38Z,2026-09-17T07:24:00.000+02:00,N0356011220,N356,69.0,3270
2026-09-17T05:31:38Z,2026-09-17T07:24:00.000+02:00,A0025011740,A25,82.0,2720
2026-09-17T05:31:38Z,2026-09-17T07:24:00.000+02:00,A0025010410,A25,67.0,4140
2026-09-17T05:31:38Z,2026-09-17T07:24:00.000+02:00,A0023010200,A23,85.0,2390
2026-09-17T05:31:38Z,2026-09-17T07:24:00.000+02:00,A9001210120,A1 (bretelle),72.0,1430
2026-09-17T05:31:38Z,2026-09-17T07:24:00.000+02:00,A0025020210,A25,64.0,6620
2026-09-17T05:31:38Z,2026-09-17T07:24:00.000+02:00,N0356011210,N356,69.0,3270
2026-09-17T05:31:38Z,2026-09-17T07:24:00.000+02:00,A0025011510,A25,87.0,1920
2026-09-17T05:31:38Z,2026-09-17T07:24:00.000+02:00,A0025020220,A25,64.0,6620
2026-09-17T05:31:38Z,2026-09-17T07:24:00.000+02:00,N0227010302,N227,68.0,4560
2026-09-17T05:31:38Z,2026-09-17T07:24:00.000+02:00,N0041010500,N41,31.0,2370
2026-09-17T05:31:38Z,2026-09-17T07:24:00.000+02:00,N0227020101,N227,45.0,3240
2026-09-17T05:31:38Z,2026-09-17T07:24:00.000+02:00,A9022100110,A22 (rocade),62.0,1210
2026-09-17T05:31:38Z,2026-09-17T07:24:00.000+02:00,A0022010400,A22,68.0,3780
2026-09-17T05:31:38Z,2026-09-17T07:24:00.000+02:00,N0356010302,N356,69.0,6470
2026-09-17T05:31:38Z,2026-09-17T07:24:00.000+02:00,A0025010800,A25,74.0,2710
2026-09-17T05:31:38Z,2026-09-17T07:24:00.000+02:00,A0027020621,A27,97.0,1660
2026-09-17T05:31:38Z,2026-09-17T07:24:00.000+02:00,N0041010700,N41,38.0,1230
2026-09-17T05:31:38Z,2026-09-17T07:24:00.000+02:00,A0027020630,A27,99.0,1670
2026-09-17T05:31:38Z,2026-09-17T07:24:00.000+02:00,A0022021512,A22,77.0,2640
2026-09-17T05:31:38Z,2026-09-17T07:24:00.000+02:00,A0022021511,A22,77.0,2640
2026-09-17T05:31:38Z,2026-09-17T07:24:00.000+02:00,A0027020610,A27,97.0,1660
2026-09-17T05:31:38Z,2026-09-17T07:24:00.000+02:00,A0025021720,A25,68.0,3120
2026-09-17T05:31:38Z,2026-09-17T07:24:00.000+02:00,A0022021520,A22,77.0,2640
2026-09-17T05:31:38Z,2026-09-17T07:24:00.000+02:00,A0025022140,A25,50.0,2250
2026-09-17T05:31:38Z,2026-09-17T07:24:00.000+02:00,A0022011302,A22,74.0,2150
2026-09-17T05:31:38Z,2026-09-17T07:24:00.000+02:00,A0025022160,A25,83.0,2540
2026-09-17T05:31:38Z,2026-09-17T07:24:00.000+02:00,A9025060104,A25 (bretelle),69.0,1850
2026-09-17T05:31:38Z,2026-09-17T07:24:00.000+02:00,A0027010201,A27,90.0,2020
2026-09-17T05:31:38Z,2026-09-17T07:24:00.000+02:00,A0027010202,A27,66.0,1140
2026-09-17T05:31:38Z,2026-09-17T07:24:00.000+02:00,N9227110110,N227 (bretelle),68.0,1920
2026-09-17T05:31:38Z,2026-09-17T07:24:00.000+02:00,A0025012130,A25,101.0,970
2026-09-17T05:31:38Z,2026-09-17T07:24:00.000+02:00,A0027010210,A27,66.0,1140
2026-09-17T05:31:38Z,2026-09-17T07:24:00.000+02:00,A0025011050,A25,91.0,1960
2026-09-17T05:31:38Z,2026-09-17T07:24:00.000+02:00,A0025012140,A25,101.0,1640
2026-09-17T05:31:38Z,2026-09-17T07:24:00.000+02:00,A0027010421,A27,96.0,1060
2026-09-17T05:31:38Z,2026-09-17T07:24:00.000+02:00,A0022012420,A22,87.0,3150
2026-09-17T05:31:38Z,2026-09-17T07:24:00.000+02:00,A0027010430,A27,100.0,1050
2026-09-17T05:31:38Z,2026-09-17T07:24:00.000+02:00,A0023020710,A23,82.0,3510
2026-09-17T05:31:38Z,2026-09-17T07:24:00.000+02:00,A0022012430,A22,84.0,2950
2026-09-17T05:31:38Z,2026-09-17T07:24:00.000+02:00,A0025012160,A25,111.0,2720
2026-09-17T05:31:38Z,2026-09-17T07:24:00.000+02:00,A9022021200,A22 (rocade),61.0,640
2026-09-17T05:31:38Z,2026-09-17T07:24:00.000+02:00,A0001021100,A1,88.0,3510
2026-09-17T05:31:38Z,2026-09-17T07:24:00.000+02:00,A9022101000,A22 (rocade),69.0,1070
2026-09-17T05:31:38Z,2026-09-17T07:24:00.000+02:00,A0025013020,A25,100.0,2210
2026-09-17T05:31:38Z,2026-09-17T07:24:00.000+02:00,A0027010410,A27,96.0,1060
2026-09-17T05:31:38Z,2026-09-17T07:24:00.000+02:00,A0022012410,A22,87.0,3180
2026-09-17T05:31:38Z,2026-09-17T07:24:00.000+02:00,A0001A20112,A1,81.0,3020
2026-09-17T05:31:38Z,2026-09-17T07:24:00.000+02:00,A0001A20111,A1,73.0,1190
2026-09-17T05:31:38Z,2026-09-17T07:24:00.000+02:00,A0001021521,A1,78.0,3300
2026-09-17T05:31:38Z,2026-09-17T07:24:00.000+02:00,A0025022540,A25,108.0,2020
2026-09-17T05:31:38Z,2026-09-17T07:24:00.000+02:00,A0025022300,A25,60.0,1030
2026-09-17T05:31:38Z,2026-09-17T07:24:00.000+02:00,N0356021000,N356,68.0,4000
2026-09-17T05:31:38Z,2026-09-17T07:24:00.000+02:00,A22TC010102,A22 (contournement),76.0,2490
2026-09-17T05:31:38Z,2026-09-17T07:24:00.000+02:00,A0001011503,A1,77.0,6100
2026-09-17T05:31:38Z,2026-09-17T07:24:00.000+02:00,A0022012200,A22,79.0,2710
2026-09-17T05:31:38Z,2026-09-17T07:24:00.000+02:00,A0001A20120,A1,34.0,2490
2026-09-17T05:31:38Z,2026-09-17T07:24:00.000+02:00,A22TC020102,A22 (contournement),77.0,3120
2026-09-17T05:31:38Z,2026-09-17T07:24:00.000+02:00,A22TC010300,A22 (contournement),66.0,2640
2026-09-17T05:31:38Z,2026-09-17T07:24:00.000+02:00,A0022012010,A22,78.0,1970
2026-09-17T05:31:38Z,2026-09-17T07:24:00.000+02:00,A0022012020,A22,78.0,1970
2026-09-17T05:31:38Z,2026-09-17T07:24:00.000+02:00,A0025022130,A25,21.0,1930
2026-09-17T05:31:38Z,2026-09-17T07:24:00.000+02:00,A0023010520,A23,107.0,1670
2026-09-17T05:31:38Z,2026-09-17T07:24:00.000+02:00,N0041020800,N41,92.0,1760
2026-09-17T05:31:38Z,2026-09-17T07:24:00.000+02:00,A0025010500,A25,71.0,2610
2026-09-17T05:31:38Z,2026-09-17T07:24:00.000+02:00,A0022020901,A22,74.0,3690
2026-09-17T05:31:38Z,2026-09-17T07:24:00.000+02:00,A0022020902,A22,74.0,2760
2026-09-17T05:31:38Z,2026-09-17T07:24:00.000+02:00,A0022021810,A22,77.0,2450
2026-09-17T05:31:38Z,2026-09-17T07:24:00.000+02:00,N0356011100,N356,69.0,3160
2026-09-17T05:31:38Z,2026-09-17T07:24:00.000+02:00,A0022021820,A22,77.0,2450
2026-09-17T05:31:38Z,2026-09-17T07:24:00.000+02:00,N0356020802,N356,62.0,4240
2026-09-17T05:31:38Z,2026-09-17T07:24:00.000+02:00,A9022020900,A22 (rocade),69.0,1220
2026-09-17T05:31:38Z,2026-09-17T07:24:00.000+02:00,A0025020102,A25,54.0,240
2026-09-17T05:31:38Z,2026-09-17T07:24:00.000+02:00,A0023010100,A23,99.0,470
2026-09-17T05:31:38Z,2026-09-17T07:24:00.000+02:00,A0025022530,A25,113.0,1960
2026-09-17T05:31:38Z,2026-09-17T07:24:00.000+02:00,A9001210200,A1 (bretelle),63.0,1540
2026-09-17T05:31:38Z,2026-09-17T07:24:00.000+02:00,A0022010700,A22,74.0,2700
2026-09-17T05:31:38Z,2026-09-17T07:24:00.000+02:00,N0041020400,N41,87.0,2110
2026-09-17T05:31:38Z,2026-09-17T07:24:00.000+02:00,A0023020720,A23,86.0,3380
2026-09-17T05:31:38Z,2026-09-17T07:24:00.000+02:00,A0022020500,A22,74.0,1800
2026-09-17T05:31:38Z,2026-09-17T07:24:00.000+02:00,N93563b0150,N356 (bretelle),64.0,50
2026-09-17T05:31:38Z,2026-09-17T07:24:00.000+02:00,A0025020950,A25,49.0,5050
2026-09-17T05:31:38Z,2026-09-17T07:24:00.000+02:00,A0023020300,A23,69.0,2570
2026-09-17T05:31:38Z,2026-09-17T07:24:00.000+02:00,A0001011000,A1,65.0,4130
2026-09-17T05:31:38Z,2026-09-17T07:24:00.000+02:00,A0027020500,A27,85.0,1070
2026-09-17T05:31:38Z,2026-09-17T07:24:00.000+02:00,N0356011500,N356,59.0,3560
2026-09-17T05:31:38Z,2026-09-17T07:24:00.000+02:00,A0001010150,A1,73.0,3740
2026-09-17T05:31:38Z,2026-09-17T07:24:00.000+02:00,N0356020400,N356,55.0,2160
2026-09-17T05:31:38Z,2026-09-17T07:24:00.000+02:00,N0041020600,N41,93.0,590
2026-09-17T05:31:38Z,2026-09-17T07:24:00.000+02:00,A0025010700,A25,70.0,1400
2026-09-17T05:31:38Z,2026-09-17T07:24:00.000+02:00,A0002011230,A2,78.0,3400
2026-09-17T05:31:38Z,2026-09-17T07:24:00.000+02:00,A0025020500,A25,62.0,4790
2026-09-17T05:31:38Z,2026-09-17T07:24:00.000+02:00,A0002021290,A2,97.0,3160
2026-09-17T05:31:38Z,2026-09-17T07:24:00.000+02:00,A0022011600,A22,79.0,1830
2026-09-17T05:41:23Z,2026-09-17T07:30:00.000+02:00,A0001011200,A1,47.0,3810
2026-09-17T05:41:23Z,2026-09-17T07:30:00.000+02:00,A0027010102,A27,84.0,3120
2026-09-17T05:41:23Z,2026-09-17T07:30:00.000+02:00,N0041010100,N41,39.0,2860
2026-09-17T05:41:23Z,2026-09-17T07:30:00.000+02:00,A0027010101,A27,84.0,3120
2026-09-17T05:41:23Z,2026-09-17T07:30:00.000+02:00,A9022010250,A22 (rocade),71.0,1020
2026-09-17T05:41:23Z,2026-09-17T07:30:00.000+02:00,A0001020150,A1,100.0,3750
2026-09-17T05:41:23Z,2026-09-17T07:30:00.000+02:00,N0356011700,N356,72.0,3130
2026-09-17T05:41:23Z,2026-09-17T07:30:00.000+02:00,N9227110200,N227 (bretelle),75.0,40
2026-09-17T05:41:23Z,2026-09-17T07:30:00.000+02:00,N0356021300,N356,63.0,3920
2026-09-17T05:41:23Z,2026-09-17T07:30:00.000+02:00,A0022011400,A22,73.0,820
2026-09-17T05:41:23Z,2026-09-17T07:30:00.000+02:00,A0027010300,A27,92.0,800
2026-09-17T05:41:23Z,2026-09-17T07:30:00.000+02:00,A9022020250,A22 (rocade),41.0,1530
2026-09-17T05:41:23Z,2026-09-17T07:30:00.000+02:00,N0041010300,N41,45.0,3360
2026-09-17T05:41:23Z,2026-09-17T07:30:00.000+02:00,A0022011210,A22,74.0,1000
2026-09-17T05:41:23Z,2026-09-17T07:30:00.000+02:00,A0027020100,A27,72.0,1630
2026-09-17T05:41:23Z,2026-09-17T07:30:00.000+02:00,A0001010300,A1,79.0,2630
2026-09-17T05:41:23Z,2026-09-17T07:30:00.000+02:00,A0022011220,A22,74.0,1000
2026-09-17T05:41:23Z,2026-09-17T07:30:00.000+02:00,N0227021400,N227,58.0,180
2026-09-17T05:41:23Z,2026-09-17T07:30:00.000+02:00,A9022101110,A22 (rocade),79.0,1160
2026-09-17T05:41:23Z,2026-09-17T07:30:00.000+02:00,A0022022110,A22,80.0,3680
2026-09-17T05:41:23Z,2026-09-17T07:30:00.000+02:00,A0001011420,A1,26.0,2760
2026-09-17T05:41:23Z,2026-09-17T07:30:00.000+02:00,N0356010800,N356,71.0,3700
2026-09-17T05:41:23Z,2026-09-17T07:30:00.000+02:00,A9001210710,A1 (bretelle),60.0,200
2026-09-17T05:41:23Z,2026-09-17T07:30:00.000+02:00,N0356021110,N356,69.0,4520
2026-09-17T05:41:23Z,2026-09-17T07:30:00.000+02:00,A0001010510,A1,70.0,3900
2026-09-17T05:41:23Z,2026-09-17T07:30:00.000+02:00,N0356021122,N356,63.0,4370
2026-09-17T05:41:23Z,2026-09-17T07:30:00.000+02:00,N0356021121,N356,69.0,4520
2026-09-17T05:41:23Z,2026-09-17T07:30:00.000+02:00,A0025010210,A25,67.0,5620
2026-09-17T05:41:23Z,2026-09-17T07:30:00.000+02:00,A0025011300,A25,86.0,1610
2026-09-17T05:41:23Z,2026-09-17T07:30:00.000+02:00,A0001020300,A1,101.0,3470
2026-09-17T05:41:23Z,2026-09-17T07:30:00.000+02:00,A0025021100,A25,59.0,2470
2026-09-17T05:41:23Z,2026-09-17T07:30:00.000+02:00,A0025023520,A25,110.0,1150
2026-09-17T05:41:23Z,2026-09-17T07:30:00.000+02:00,A0022022130,A22,72.0,3150
2026-09-17T05:41:23Z,2026-09-17T07:30:00.000+02:00,A0025010220,A25,67.0,5620
2026-09-17T05:41:23Z,2026-09-17T07:30:00.000+02:00,A0022022120,A22,83.0,3590
2026-09-17T05:41:23Z,2026-09-17T07:30:00.000+02:00,A0001010520,A1,54.0,4140
2026-09-17T05:41:23Z,2026-09-17T07:30:00.000+02:00,A0022011000,A22,72.0,3510
2026-09-17T05:41:23Z,2026-09-17T07:30:00.000+02:00,A0001020510,A1,98.0,3690
2026-09-17T05:41:23Z,2026-09-17T07:30:00.000+02:00,A0001021602,A1,78.0,6890
2026-09-17T05:41:23Z,2026-09-17T07:30:00.000+02:00,A22TC020222,A22 (contournement),72.0,5080
2026-09-17T05:41:23Z,2026-09-17T07:30:00.000+02:00,A0001010940,A1,72.0,4640
2026-09-17T05:41:23Z,2026-09-17T07:30:00.000+02:00,A0025023320,A25,108.0,1960
2026-09-17T05:41:23Z,2026-09-17T07:30:00.000+02:00,A0001020520,A1,94.0,3820
2026-09-17T05:41:23Z,2026-09-17T07:30:00.000+02:00,A0025023100,A25,107.0,1500
2026-09-17T05:41:23Z,2026-09-17T07:30:00.000+02:00,A22TC020230,A22 (contournement),72.0,5080
2026-09-17T05:41:23Z,2026-09-17T07:30:00.000+02:00,A0025021730,A25,63.0,3240
2026-09-17T05:41:23Z,2026-09-17T07:30:00.000+02:00,A0025023910,A25,116.0,890
2026-09-17T05:41:23Z,2026-09-17T07:30:00.000+02:00,A0025021735,A25,72.0,3210
2026-09-17T05:41:23Z,2026-09-17T07:30:00.000+02:00,A0023010400,A23,105.0,2010
2026-09-17T05:41:23Z,2026-09-17T07:30:00.000+02:00,A0022021900,A22,77.0,3020
2026-09-17T05:41:23Z,2026-09-17T07:30:00.000+02:00,A9022100500,A22 (rocade),79.0,1520
2026-09-17T05:41:23Z,2026-09-17T07:30:00.000+02:00,A0001020940,A1,90.0,3950
2026-09-17T05:41:23Z,2026-09-17T07:30:00.000+02:00,A0001020700,A1,92.0,3170
2026-09-17T05:41:23Z,2026-09-17T07:30:00.000+02:00,A9022020830,A22 (rocade),87.0,340
2026-09-17T05:41:23Z,2026-09-17T07:30:00.000+02:00,A9022020822,A22 (rocade),74.0,1990
2026-09-17T05:41:23Z,2026-09-17T07:30:00.000+02:00,A9022020821,A22 (rocade),74.0,1990
2026-09-17T05:41:23Z,2026-09-17T07:30:00.000+02:00,A0025020420,A25,32.0,4920
2026-09-17T05:41:23Z,2026-09-17T07:30:00.000+02:00,A0025021510,A25,61.0,2210
2026-09-17T05:41:23Z,2026-09-17T07:30:00.000+02:00,N0227010100,N227,63.0,2110
2026-09-17T05:41:23Z,2026-09-17T07:30:00.000+02:00,A0025011720,A25,94.0,2920
2026-09-17T05:41:23Z,2026-09-17T07:30:00.000+02:00,A0025021760,A25,36.0,2780
2026-09-17T05:41:23Z,2026-09-17T07:30:00.000+02:00,A0025011730,A25,84.0,2910
2026-09-17T05:41:23Z,2026-09-17T07:30:00.000+02:00,A0025011735,A25,95.0,2960
2026-09-17T05:41:23Z,2026-09-17T07:30:00.000+02:00,A9025080700,A25 (bretelle),,950
2026-09-17T05:41:23Z,2026-09-17T07:30:00.000+02:00,A9022100930,A22 (rocade),72.0,210
2026-09-17T05:41:23Z,2026-09-17T07:30:00.000+02:00,N0356011220,N356,67.0,3630
2026-09-17T05:41:23Z,2026-09-17T07:30:00.000+02:00,A0025011740,A25,84.0,2840
2026-09-17T05:41:23Z,2026-09-17T07:30:00.000+02:00,A0025010410,A25,48.0,4330
2026-09-17T05:41:23Z,2026-09-17T07:30:00.000+02:00,A0023010200,A23,88.0,2570
2026-09-17T05:41:23Z,2026-09-17T07:30:00.000+02:00,A9001210120,A1 (bretelle),73.0,1470
2026-09-17T05:41:23Z,2026-09-17T07:30:00.000+02:00,A0025020210,A25,67.0,6340
2026-09-17T05:41:23Z,2026-09-17T07:30:00.000+02:00,N0356011210,N356,67.0,3630
2026-09-17T05:41:23Z,2026-09-17T07:30:00.000+02:00,A0025011510,A25,88.0,1920
2026-09-17T05:41:23Z,2026-09-17T07:30:00.000+02:00,A0025020220,A25,67.0,6340
2026-09-17T05:41:23Z,2026-09-17T07:30:00.000+02:00,N0227010302,N227,69.0,4200
2026-09-17T05:41:23Z,2026-09-17T07:30:00.000+02:00,N0041010500,N41,35.0,2750
2026-09-17T05:41:23Z,2026-09-17T07:30:00.000+02:00,N0227020101,N227,37.0,3080
2026-09-17T05:41:23Z,2026-09-17T07:30:00.000+02:00,A9022100110,A22 (rocade),59.0,1380
2026-09-17T05:41:23Z,2026-09-17T07:30:00.000+02:00,A0022010400,A22,69.0,4280
2026-09-17T05:41:23Z,2026-09-17T07:30:00.000+02:00,N0356010302,N356,70.0,6030
2026-09-17T05:41:23Z,2026-09-17T07:30:00.000+02:00,A0025010800,A25,74.0,2510
2026-09-17T05:41:23Z,2026-09-17T07:30:00.000+02:00,A0027020621,A27,94.0,1560
2026-09-17T05:41:23Z,2026-09-17T07:30:00.000+02:00,N0041010700,N41,28.0,1370
2026-09-17T05:41:23Z,2026-09-17T07:30:00.000+02:00,A0027020630,A27,99.0,1630
2026-09-17T05:41:23Z,2026-09-17T07:30:00.000+02:00,A0022021512,A22,77.0,3030
2026-09-17T05:41:23Z,2026-09-17T07:30:00.000+02:00,A0022021511,A22,79.0,3020
2026-09-17T05:41:23Z,2026-09-17T07:30:00.000+02:00,A0027020610,A27,94.0,1560
2026-09-17T05:41:23Z,2026-09-17T07:30:00.000+02:00,A0025021720,A25,72.0,3260
2026-09-17T05:41:23Z,2026-09-17T07:30:00.000+02:00,A0022021520,A22,77.0,3030
2026-09-17T05:41:23Z,2026-09-17T07:30:00.000+02:00,A0025022140,A25,40.0,2130
2026-09-17T05:41:23Z,2026-09-17T07:30:00.000+02:00,A0022011302,A22,72.0,2390
2026-09-17T05:41:23Z,2026-09-17T07:30:00.000+02:00,A0025022160,A25,39.0,2020
2026-09-17T05:41:23Z,2026-09-17T07:30:00.000+02:00,A9025060104,A25 (bretelle),69.0,2150
2026-09-17T05:41:23Z,2026-09-17T07:30:00.000+02:00,A0027010201,A27,88.0,2150
2026-09-17T05:41:23Z,2026-09-17T07:30:00.000+02:00,A0027010202,A27,67.0,940
2026-09-17T05:41:23Z,2026-09-17T07:30:00.000+02:00,N9227110110,N227 (bretelle),69.0,2180
2026-09-17T05:41:23Z,2026-09-17T07:30:00.000+02:00,A0025012130,A25,98.0,1040
2026-09-17T05:41:23Z,2026-09-17T07:30:00.000+02:00,A0027010210,A27,67.0,940
2026-09-17T05:41:23Z,2026-09-17T07:30:00.000+02:00,A0025011050,A25,89.0,1780
2026-09-17T05:41:23Z,2026-09-17T07:30:00.000+02:00,A0025012140,A25,98.0,1510
2026-09-17T05:41:23Z,2026-09-17T07:30:00.000+02:00,A0027010421,A27,96.0,1190
2026-09-17T05:41:23Z,2026-09-17T07:30:00.000+02:00,A0022012420,A22,88.0,2930
2026-09-17T05:41:23Z,2026-09-17T07:30:00.000+02:00,A0027010430,A27,99.0,1200
2026-09-17T05:41:23Z,2026-09-17T07:30:00.000+02:00,A0023020710,A23,85.0,3580
2026-09-17T05:41:23Z,2026-09-17T07:30:00.000+02:00,A0022012430,A22,86.0,2850
2026-09-17T05:41:23Z,2026-09-17T07:30:00.000+02:00,A0025012160,A25,111.0,2590
2026-09-17T05:41:23Z,2026-09-17T07:30:00.000+02:00,A9022021200,A22 (rocade),58.0,750
2026-09-17T05:41:23Z,2026-09-17T07:30:00.000+02:00,A0001021100,A1,89.0,3760
2026-09-17T05:41:23Z,2026-09-17T07:30:00.000+02:00,A9022101000,A22 (rocade),62.0,1300
2026-09-17T05:41:23Z,2026-09-17T07:30:00.000+02:00,A0025013020,A25,105.0,2110
2026-09-17T05:41:23Z,2026-09-17T07:30:00.000+02:00,A0027010410,A27,96.0,1190
2026-09-17T05:41:23Z,2026-09-17T07:30:00.000+02:00,A0022012410,A22,87.0,2900
2026-09-17T05:41:23Z,2026-09-17T07:30:00.000+02:00,A0001A20112,A1,80.0,2900
2026-09-17T05:41:23Z,2026-09-17T07:30:00.000+02:00,A0001A20111,A1,71.0,1210
2026-09-17T05:41:23Z,2026-09-17T07:30:00.000+02:00,A0001021521,A1,77.0,3380
2026-09-17T05:41:23Z,2026-09-17T07:30:00.000+02:00,A0025022540,A25,108.0,1950
2026-09-17T05:41:23Z,2026-09-17T07:30:00.000+02:00,A0025022300,A25,50.0,880
2026-09-17T05:41:23Z,2026-09-17T07:30:00.000+02:00,N0356021000,N356,68.0,4160
2026-09-17T05:41:23Z,2026-09-17T07:30:00.000+02:00,A22TC010102,A22 (contournement),75.0,2370
2026-09-17T05:41:23Z,2026-09-17T07:30:00.000+02:00,A0001011503,A1,76.0,6330
2026-09-17T05:41:23Z,2026-09-17T07:30:00.000+02:00,A0022012200,A22,79.0,2730
2026-09-17T05:41:23Z,2026-09-17T07:30:00.000+02:00,A0001A20120,A1,38.0,2680
2026-09-17T05:41:23Z,2026-09-17T07:30:00.000+02:00,A22TC020102,A22 (contournement),79.0,2940
2026-09-17T05:41:23Z,2026-09-17T07:30:00.000+02:00,A22TC010300,A22 (contournement),67.0,2670
2026-09-17T05:41:23Z,2026-09-17T07:30:00.000+02:00,A0022012010,A22,78.0,1930
2026-09-17T05:41:23Z,2026-09-17T07:30:00.000+02:00,A0022012020,A22,78.0,1930
2026-09-17T05:41:23Z,2026-09-17T07:30:00.000+02:00,A0025022130,A25,41.0,2430
2026-09-17T05:41:23Z,2026-09-17T07:30:00.000+02:00,A0023010520,A23,110.0,2020
2026-09-17T05:41:23Z,2026-09-17T07:30:00.000+02:00,N0041020800,N41,91.0,1910
2026-09-17T05:41:23Z,2026-09-17T07:30:00.000+02:00,A0025010500,A25,68.0,2540
2026-09-17T05:41:23Z,2026-09-17T07:30:00.000+02:00,A0022020901,A22,69.0,3900
2026-09-17T05:41:23Z,2026-09-17T07:30:00.000+02:00,A0022020902,A22,69.0,2890
2026-09-17T05:41:23Z,2026-09-17T07:30:00.000+02:00,A0022021810,A22,78.0,2720
2026-09-17T05:41:23Z,2026-09-17T07:30:00.000+02:00,N0356011100,N356,68.0,3600
2026-09-17T05:41:23Z,2026-09-17T07:30:00.000+02:00,A0022021820,A22,78.0,2720
2026-09-17T05:41:23Z,2026-09-17T07:30:00.000+02:00,N0356020802,N356,58.0,4670
2026-09-17T05:41:23Z,2026-09-17T07:30:00.000+02:00,A9022020900,A22 (rocade),76.0,1240
2026-09-17T05:41:23Z,2026-09-17T07:30:00.000+02:00,A0025020102,A25,63.0,140
2026-09-17T05:41:23Z,2026-09-17T07:30:00.000+02:00,A0023010100,A23,93.0,630
2026-09-17T05:41:23Z,2026-09-17T07:30:00.000+02:00,A0025022530,A25,110.0,1910
2026-09-17T05:41:23Z,2026-09-17T07:30:00.000+02:00,A9001210200,A1 (bretelle),64.0,1420
2026-09-17T05:41:23Z,2026-09-17T07:30:00.000+02:00,A0022010700,A22,74.0,3210
2026-09-17T05:41:23Z,2026-09-17T07:30:00.000+02:00,N0041020400,N41,86.0,2360
2026-09-17T05:41:23Z,2026-09-17T07:30:00.000+02:00,A0023020720,A23,89.0,3500
2026-09-17T05:41:23Z,2026-09-17T07:30:00.000+02:00,A0022020500,A22,69.0,1860
2026-09-17T05:41:23Z,2026-09-17T07:30:00.000+02:00,N93563b0150,N356 (bretelle),67.0,40
2026-09-17T05:41:23Z,2026-09-17T07:30:00.000+02:00,A0025020950,A25,40.0,4960
2026-09-17T05:41:23Z,2026-09-17T07:30:00.000+02:00,A0023020300,A23,76.0,2660
2026-09-17T05:41:23Z,2026-09-17T07:30:00.000+02:00,A0001011000,A1,70.0,3720
2026-09-17T05:41:23Z,2026-09-17T07:30:00.000+02:00,A0027020500,A27,85.0,860
2026-09-17T05:41:23Z,2026-09-17T07:30:00.000+02:00,N0356011500,N356,60.0,3740
2026-09-17T05:41:23Z,2026-09-17T07:30:00.000+02:00,A0001010150,A1,69.0,4470
2026-09-17T05:41:23Z,2026-09-17T07:30:00.000+02:00,N0356020400,N356,46.0,2460
2026-09-17T05:41:23Z,2026-09-17T07:30:00.000+02:00,N0041020600,N41,91.0,870
2026-09-17T05:41:23Z,2026-09-17T07:30:00.000+02:00,A0025010700,A25,74.0,1450
2026-09-17T05:41:23Z,2026-09-17T07:30:00.000+02:00,A0002011230,A2,77.0,3130
2026-09-17T05:41:23Z,2026-09-17T07:30:00.000+02:00,A0025020500,A25,21.0,2940
2026-09-17T05:41:23Z,2026-09-17T07:30:00.000+02:00,A0002021290,A2,101.0,2690
2026-09-17T05:41:23Z,2026-09-17T07:30:00.000+02:00,A0022011600,A22,79.0,1780
2026-09-17T05:51:14Z,2026-09-17T07:42:00.000+02:00,A0001011200,A1,31.0,3740
2026-09-17T05:51:14Z,2026-09-17T07:42:00.000+02:00,A0027010102,A27,91.0,3370
2026-09-17T05:51:14Z,2026-09-17T07:42:00.000+02:00,N0041010100,N41,33.0,2690
2026-09-17T05:51:14Z,2026-09-17T07:42:00.000+02:00,A0027010101,A27,91.0,3370
2026-09-17T05:51:14Z,2026-09-17T07:42:00.000+02:00,A9022010250,A22 (rocade),72.0,1310
2026-09-17T05:51:14Z,2026-09-17T07:42:00.000+02:00,A0001020150,A1,101.0,3890
2026-09-17T05:51:14Z,2026-09-17T07:42:00.000+02:00,N0356011700,N356,70.0,3220
2026-09-17T05:51:14Z,2026-09-17T07:42:00.000+02:00,N9227110200,N227 (bretelle),69.0,50
2026-09-17T05:51:14Z,2026-09-17T07:42:00.000+02:00,N0356021300,N356,62.0,4260
2026-09-17T05:51:14Z,2026-09-17T07:42:00.000+02:00,A0022011400,A22,73.0,1020
2026-09-17T05:51:14Z,2026-09-17T07:42:00.000+02:00,A0027010300,A27,93.0,800
2026-09-17T05:51:14Z,2026-09-17T07:42:00.000+02:00,A9022020250,A22 (rocade),40.0,1370
2026-09-17T05:51:14Z,2026-09-17T07:42:00.000+02:00,N0041010300,N41,31.0,2950
2026-09-17T05:51:14Z,2026-09-17T07:42:00.000+02:00,A0022011210,A22,81.0,1490
2026-09-17T05:51:14Z,2026-09-17T07:42:00.000+02:00,A0027020100,A27,71.0,1550
2026-09-17T05:51:14Z,2026-09-17T07:42:00.000+02:00,A0001010300,A1,51.0,2350
2026-09-17T05:51:14Z,2026-09-17T07:42:00.000+02:00,A0022011220,A22,81.0,1490
2026-09-17T05:51:14Z,2026-09-17T07:42:00.000+02:00,N0227021400,N227,56.0,240
2026-09-17T05:51:14Z,2026-09-17T07:42:00.000+02:00,A9022101110,A22 (rocade),79.0,920
2026-09-17T05:51:14Z,2026-09-17T07:42:00.000+02:00,A0022022110,A22,81.0,3770
2026-09-17T05:51:14Z,2026-09-17T07:42:00.000+02:00,A0001011420,A1,31.0,2970
2026-09-17T05:51:14Z,2026-09-17T07:42:00.000+02:00,N0356010800,N356,70.0,4060
2026-09-17T05:51:14Z,2026-09-17T07:42:00.000+02:00,A9001210710,A1 (bretelle),62.0,350
2026-09-17T05:51:14Z,2026-09-17T07:42:00.000+02:00,N0356021110,N356,69.0,4730
2026-09-17T05:51:14Z,2026-09-17T07:42:00.000+02:00,A0001010510,A1,32.0,3510
2026-09-17T05:51:14Z,2026-09-17T07:42:00.000+02:00,N0356021122,N356,62.0,4690
2026-09-17T05:51:14Z,2026-09-17T07:42:00.000+02:00,N0356021121,N356,69.0,4730
2026-09-17T05:51:14Z,2026-09-17T07:42:00.000+02:00,A0025010210,A25,59.0,5850
2026-09-17T05:51:14Z,2026-09-17T07:42:00.000+02:00,A0025011300,A25,88.0,1340
2026-09-17T05:51:14Z,2026-09-17T07:42:00.000+02:00,A0001020300,A1,102.0,3980
2026-09-17T05:51:14Z,2026-09-17T07:42:00.000+02:00,A0025021100,A25,20.0,2430
2026-09-17T05:51:14Z,2026-09-17T07:42:00.000+02:00,A0025023520,A25,109.0,1410
2026-09-17T05:51:14Z,2026-09-17T07:42:00.000+02:00,A0022022130,A22,73.0,3350
2026-09-17T05:51:14Z,2026-09-17T07:42:00.000+02:00,A0025010220,A25,59.0,5850
2026-09-17T05:51:14Z,2026-09-17T07:42:00.000+02:00,A0022022120,A22,83.0,3850
2026-09-17T05:51:14Z,2026-09-17T07:42:00.000+02:00,A0001010520,A1,32.0,3880
2026-09-17T05:51:14Z,2026-09-17T07:42:00.000+02:00,A0022011000,A22,72.0,4580
2026-09-17T05:51:14Z,2026-09-17T07:42:00.000+02:00,A0001020510,A1,98.0,4300
2026-09-17T05:51:14Z,2026-09-17T07:42:00.000+02:00,A0001021602,A1,78.0,7600
2026-09-17T05:51:14Z,2026-09-17T07:42:00.000+02:00,A22TC020222,A22 (contournement),71.0,5360
2026-09-17T05:51:14Z,2026-09-17T07:42:00.000+02:00,A0001010940,A1,35.0,3200
2026-09-17T05:51:14Z,2026-09-17T07:42:00.000+02:00,A0025023320,A25,110.0,2120
2026-09-17T05:51:14Z,2026-09-17T07:42:00.000+02:00,A0001020520,A1,93.0,4340
2026-09-17T05:51:14Z,2026-09-17T07:42:00.000+02:00,A0025023100,A25,109.0,1760
2026-09-17T05:51:14Z,2026-09-17T07:42:00.000+02:00,A22TC020230,A22 (contournement),71.0,5360
2026-09-17T05:51:14Z,2026-09-17T07:42:00.000+02:00,A0025021730,A25,56.0,3250
2026-09-17T05:51:14Z,2026-09-17T07:42:00.000+02:00,A0025023910,A25,115.0,1140
2026-09-17T05:51:14Z,2026-09-17T07:42:00.000+02:00,A0025021735,A25,67.0,3350
2026-09-17T05:51:14Z,2026-09-17T07:42:00.000+02:00,A0023010400,A23,106.0,1950
2026-09-17T05:51:14Z,2026-09-17T07:42:00.000+02:00,A0022021900,A22,78.0,3170
2026-09-17T05:51:14Z,2026-09-17T07:42:00.000+02:00,A9022100500,A22 (rocade),78.0,1750
2026-09-17T05:51:14Z,2026-09-17T07:42:00.000+02:00,A0001020940,A1,89.0,4580
2026-09-17T05:51:14Z,2026-09-17T07:42:00.000+02:00,A0001020700,A1,91.0,3560
2026-09-17T05:51:14Z,2026-09-17T07:42:00.000+02:00,A9022020830,A22 (rocade),86.0,310
2026-09-17T05:51:14Z,2026-09-17T07:42:00.000+02:00,A9022020822,A22 (rocade),65.0,1710
2026-09-17T05:51:14Z,2026-09-17T07:42:00.000+02:00,A9022020821,A22 (rocade),65.0,1710
2026-09-17T05:51:14Z,2026-09-17T07:42:00.000+02:00,A0025020420,A25,36.0,6120
2026-09-17T05:51:14Z,2026-09-17T07:42:00.000+02:00,A0025021510,A25,11.0,1510
2026-09-17T05:51:14Z,2026-09-17T07:42:00.000+02:00,N0227010100,N227,62.0,2670
2026-09-17T05:51:14Z,2026-09-17T07:42:00.000+02:00,A0025011720,A25,96.0,3020
2026-09-17T05:51:14Z,2026-09-17T07:42:00.000+02:00,A0025021760,A25,53.0,3270
2026-09-17T05:51:14Z,2026-09-17T07:42:00.000+02:00,A0025011730,A25,85.0,3050
2026-09-17T05:51:14Z,2026-09-17T07:42:00.000+02:00,A0025011735,A25,97.0,3130
2026-09-17T05:51:14Z,2026-09-17T07:42:00.000+02:00,A9025080700,A25 (bretelle),,750
2026-09-17T05:51:14Z,2026-09-17T07:42:00.000+02:00,A9022100930,A22 (rocade),71.0,200
2026-09-17T05:51:14Z,2026-09-17T07:42:00.000+02:00,N0356011220,N356,67.0,4090
2026-09-17T05:51:14Z,2026-09-17T07:42:00.000+02:00,A0025011740,A25,83.0,3080
2026-09-17T05:51:14Z,2026-09-17T07:42:00.000+02:00,A0025010410,A25,19.0,4250
2026-09-17T05:51:14Z,2026-09-17T07:42:00.000+02:00,A0023010200,A23,95.0,2430
2026-09-17T05:51:14Z,2026-09-17T07:42:00.000+02:00,A9001210120,A1 (bretelle),70.0,1600
2026-09-17T05:51:14Z,2026-09-17T07:42:00.000+02:00,A0025020210,A25,65.0,6710
2026-09-17T05:51:14Z,2026-09-17T07:42:00.000+02:00,N0356011210,N356,67.0,4090
2026-09-17T05:51:14Z,2026-09-17T07:42:00.000+02:00,A0025011510,A25,89.0,1820
2026-09-17T05:51:14Z,2026-09-17T07:42:00.000+02:00,A0025020220,A25,65.0,6710
2026-09-17T05:51:14Z,2026-09-17T07:42:00.000+02:00,N0227010302,N227,71.0,4690
2026-09-17T05:51:14Z,2026-09-17T07:42:00.000+02:00,N0041010500,N41,39.0,2040
2026-09-17T05:51:14Z,2026-09-17T07:42:00.000+02:00,N0227020101,N227,43.0,3330
2026-09-17T05:51:14Z,2026-09-17T07:42:00.000+02:00,A9022100110,A22 (rocade),58.0,1710
2026-09-17T05:51:14Z,2026-09-17T07:42:00.000+02:00,A0022010400,A22,70.0,4650
2026-09-17T05:51:14Z,2026-09-17T07:42:00.000+02:00,N0356010302,N356,70.0,6580
2026-09-17T05:51:14Z,2026-09-17T07:42:00.000+02:00,A0025010800,A25,74.0,2480
2026-09-17T05:51:14Z,2026-09-17T07:42:00.000+02:00,A0027020621,A27,92.0,2550
2026-09-17T05:51:14Z,2026-09-17T07:42:00.000+02:00,N0041010700,N41,38.0,1560
2026-09-17T05:51:14Z,2026-09-17T07:42:00.000+02:00,A0027020630,A27,97.0,2540
2026-09-17T05:51:14Z,2026-09-17T07:42:00.000+02:00,A0022021512,A22,76.0,3450
2026-09-17T05:51:14Z,2026-09-17T07:42:00.000+02:00,A0022021511,A22,76.0,3520
2026-09-17T05:51:14Z,2026-09-17T07:42:00.000+02:00,A0027020610,A27,92.0,2550
2026-09-17T05:51:14Z,2026-09-17T07:42:00.000+02:00,A0025021720,A25,72.0,3300
2026-09-17T05:51:14Z,2026-09-17T07:42:00.000+02:00,A0022021520,A22,76.0,3450
2026-09-17T05:51:14Z,2026-09-17T07:42:00.000+02:00,A0025022140,A25,14.0,1630
2026-09-17T05:51:14Z,2026-09-17T07:42:00.000+02:00,A0022011302,A22,72.0,3070
2026-09-17T05:51:14Z,2026-09-17T07:42:00.000+02:00,A0025022160,A25,81.0,2280
2026-09-17T05:51:14Z,2026-09-17T07:42:00.000+02:00,A9025060104,A25 (bretelle),69.0,2210
2026-09-17T05:51:14Z,2026-09-17T07:42:00.000+02:00,A0027010201,A27,90.0,2050
2026-09-17T05:51:14Z,2026-09-17T07:42:00.000+02:00,A0027010202,A27,59.0,1030
2026-09-17T05:51:14Z,2026-09-17T07:42:00.000+02:00,N9227110110,N227 (bretelle),70.0,2060
2026-09-17T05:51:14Z,2026-09-17T07:42:00.000+02:00,A0025012130,A25,106.0,1130
2026-09-17T05:51:14Z,2026-09-17T07:42:00.000+02:00,A0027010210,A27,59.0,1030
2026-09-17T05:51:14Z,2026-09-17T07:42:00.000+02:00,A0025011050,A25,93.0,1710
2026-09-17T05:51:14Z,2026-09-17T07:42:00.000+02:00,A0025012140,A25,106.0,1360
2026-09-17T05:51:14Z,2026-09-17T07:42:00.000+02:00,A0027010421,A27,96.0,1050
2026-09-17T05:51:14Z,2026-09-17T07:42:00.000+02:00,A0022012420,A22,89.0,3200
2026-09-17T05:51:14Z,2026-09-17T07:42:00.000+02:00,A0027010430,A27,98.0,1070
2026-09-17T05:51:14Z,2026-09-17T07:42:00.000+02:00,A0023020710,A23,73.0,2980
2026-09-17T05:51:14Z,2026-09-17T07:42:00.000+02:00,A0022012430,A22,87.0,3130
2026-09-17T05:51:14Z,2026-09-17T07:42:00.000+02:00,A0025012160,A25,115.0,2600
2026-09-17T05:51:14Z,2026-09-17T07:42:00.000+02:00,A9022021200,A22 (rocade),58.0,770
2026-09-17T05:51:14Z,2026-09-17T07:42:00.000+02:00,A0001021100,A1,90.0,4000
2026-09-17T05:51:14Z,2026-09-17T07:42:00.000+02:00,A9022101000,A22 (rocade),58.0,1470
2026-09-17T05:51:14Z,2026-09-17T07:42:00.000+02:00,A0025013020,A25,108.0,2290
2026-09-17T05:51:14Z,2026-09-17T07:42:00.000+02:00,A0027010410,A27,96.0,1050
2026-09-17T05:51:14Z,2026-09-17T07:42:00.000+02:00,A0022012410,A22,90.0,3110
2026-09-17T05:51:14Z,2026-09-17T07:42:00.000+02:00,A0001A20112,A1,69.0,3390
2026-09-17T05:51:14Z,2026-09-17T07:42:00.000+02:00,A0001A20111,A1,74.0,1100
2026-09-17T05:51:14Z,2026-09-17T07:42:00.000+02:00,A0001021521,A1,84.0,3340
2026-09-17T05:51:14Z,2026-09-17T07:42:00.000+02:00,A0025022540,A25,105.0,2170
2026-09-17T05:51:14Z,2026-09-17T07:42:00.000+02:00,A0025022300,A25,52.0,780
2026-09-17T05:51:14Z,2026-09-17T07:42:00.000+02:00,N0356021000,N356,69.0,4240
2026-09-17T05:51:14Z,2026-09-17T07:42:00.000+02:00,A22TC010102,A22 (contournement),52.0,2720
2026-09-17T05:51:14Z,2026-09-17T07:42:00.000+02:00,A0001011503,A1,79.0,6910
2026-09-17T05:51:14Z,2026-09-17T07:42:00.000+02:00,A0022012200,A22,82.0,2670
2026-09-17T05:51:14Z,2026-09-17T07:42:00.000+02:00,A0001A20120,A1,44.0,2910
2026-09-17T05:51:14Z,2026-09-17T07:42:00.000+02:00,A22TC020102,A22 (contournement),78.0,3620
2026-09-17T05:51:14Z,2026-09-17T07:42:00.000+02:00,A22TC010300,A22 (contournement),68.0,2900
2026-09-17T05:51:14Z,2026-09-17T07:42:00.000+02:00,A0022012010,A22,81.0,1850
2026-09-17T05:51:14Z,2026-09-17T07:42:00.000+02:00,A0022012020,A22,81.0,1850
2026-09-17T05:51:14Z,2026-09-17T07:42:00.000+02:00,A0025022130,A25,46.0,2330
2026-09-17T05:51:14Z,2026-09-17T07:42:00.000+02:00,A0023010520,A23,111.0,1890
2026-09-17T05:51:14Z,2026-09-17T07:42:00.000+02:00,N0041020800,N41,97.0,1980
2026-09-17T05:51:14Z,2026-09-17T07:42:00.000+02:00,A0025010500,A25,71.0,2880
2026-09-17T05:51:14Z,2026-09-17T07:42:00.000+02:00,A0022020901,A22,71.0,4390
2026-09-17T05:51:14Z,2026-09-17T07:42:00.000+02:00,A0022020902,A22,71.0,3180
2026-09-17T05:51:14Z,2026-09-17T07:42:00.000+02:00,A0022021810,A22,77.0,2820
2026-09-17T05:51:14Z,2026-09-17T07:42:00.000+02:00,N0356011100,N356,66.0,3930
2026-09-17T05:51:14Z,2026-09-17T07:42:00.000+02:00,A0022021820,A22,77.0,2820
2026-09-17T05:51:14Z,2026-09-17T07:42:00.000+02:00,N0356020802,N356,38.0,4590
2026-09-17T05:51:14Z,2026-09-17T07:42:00.000+02:00,A9022020900,A22 (rocade),78.0,1190
2026-09-17T05:51:14Z,2026-09-17T07:42:00.000+02:00,A0025020102,A25,61.0,160
2026-09-17T05:51:14Z,2026-09-17T07:42:00.000+02:00,A0023010100,A23,101.0,480
2026-09-17T05:51:14Z,2026-09-17T07:42:00.000+02:00,A0025022530,A25,109.0,2150
2026-09-17T05:51:14Z,2026-09-17T07:42:00.000+02:00,A9001210200,A1 (bretelle),65.0,1400
2026-09-17T05:51:14Z,2026-09-17T07:42:00.000+02:00,A0022010700,A22,75.0,3900
2026-09-17T05:51:14Z,2026-09-17T07:42:00.000+02:00,N0041020400,N41,88.0,2390
2026-09-17T05:51:14Z,2026-09-17T07:42:00.000+02:00,A0023020720,A23,50.0,3100
2026-09-17T05:51:14Z,2026-09-17T07:42:00.000+02:00,A0022020500,A22,71.0,1960
2026-09-17T05:51:14Z,2026-09-17T07:42:00.000+02:00,N93563b0150,N356 (bretelle),70.0,100
2026-09-17T05:51:14Z,2026-09-17T07:42:00.000+02:00,A0025020950,A25,19.0,3130
2026-09-17T05:51:14Z,2026-09-17T07:42:00.000+02:00,A0023020300,A23,29.0,1510
2026-09-17T05:51:14Z,2026-09-17T07:42:00.000+02:00,A0001011000,A1,30.0,3350
2026-09-17T05:51:14Z,2026-09-17T07:42:00.000+02:00,A0027020500,A27,35.0,1390
2026-09-17T05:51:14Z,2026-09-17T07:42:00.000+02:00,N0356011500,N356,66.0,4060
2026-09-17T05:51:14Z,2026-09-17T07:42:00.000+02:00,A0001010150,A1,43.0,3460
2026-09-17T05:51:14Z,2026-09-17T07:42:00.000+02:00,N0356020400,N356,45.0,2740
2026-09-17T05:51:14Z,2026-09-17T07:42:00.000+02:00,N0041020600,N41,86.0,690
2026-09-17T05:51:14Z,2026-09-17T07:42:00.000+02:00,A0025010700,A25,70.0,1580
2026-09-17T05:51:14Z,2026-09-17T07:42:00.000+02:00,A0002011230,A2,83.0,3200
2026-09-17T05:51:14Z,2026-09-17T07:42:00.000+02:00,A0025020500,A25,27.0,3940
2026-09-17T05:51:14Z,2026-09-17T07:42:00.000+02:00,A0002021290,A2,100.0,2870
2026-09-17T05:51:14Z,2026-09-17T07:42:00.000+02:00,A0022011600,A22,78.0,1700
2026-09-17T06:01:40Z,2026-09-17T07:54:00.000+02:00,A0001011200,A1,25.0,3580
2026-09-17T06:01:40Z,2026-09-17T07:54:00.000+02:00,A0027010102,A27,83.0,3590
2026-09-17T06:01:40Z,2026-09-17T07:54:00.000+02:00,N0041010100,N41,29.0,2640
2026-09-17T06:01:40Z,2026-09-17T07:54:00.000+02:00,A0027010101,A27,83.0,3590
2026-09-17T06:01:40Z,2026-09-17T07:54:00.000+02:00,A9022010250,A22 (rocade),78.0,1050
2026-09-17T06:01:40Z,2026-09-17T07:54:00.000+02:00,A0001020150,A1,105.0,3660
2026-09-17T06:01:40Z,2026-09-17T07:54:00.000+02:00,N0356011700,N356,71.0,4060
2026-09-17T06:01:40Z,2026-09-17T07:54:00.000+02:00,N9227110200,N227 (bretelle),72.0,100
2026-09-17T06:01:40Z,2026-09-17T07:54:00.000+02:00,N0356021300,N356,63.0,3890
2026-09-17T06:01:40Z,2026-09-17T07:54:00.000+02:00,A0022011400,A22,75.0,940
2026-09-17T06:01:40Z,2026-09-17T07:54:00.000+02:00,A0027010300,A27,96.0,740
2026-09-17T06:01:40Z,2026-09-17T07:54:00.000+02:00,A9022020250,A22 (rocade),19.0,1270
2026-09-17T06:01:40Z,2026-09-17T07:54:00.000+02:00,N0041010300,N41,16.0,2310
2026-09-17T06:01:40Z,2026-09-17T07:54:00.000+02:00,A0022011210,A22,79.0,1530
2026-09-17T06:01:40Z,2026-09-17T07:54:00.000+02:00,A0027020100,A27,73.0,1780
2026-09-17T06:01:40Z,2026-09-17T07:54:00.000+02:00,A0001010300,A1,15.0,1750
2026-09-17T06:01:40Z,2026-09-17T07:54:00.000+02:00,A0022011220,A22,79.0,1530
2026-09-17T06:01:40Z,2026-09-17T07:54:00.000+02:00,N0227021400,N227,34.0,260
2026-09-17T06:01:40Z,2026-09-17T07:54:00.000+02:00,A9022101110,A22 (rocade),82.0,1220
2026-09-17T06:01:40Z,2026-09-17T07:54:00.000+02:00,A0022022110,A22,81.0,3820
2026-09-17T06:01:40Z,2026-09-17T07:54:00.000+02:00,A0001011420,A1,35.0,2920
2026-09-17T06:01:40Z,2026-09-17T07:54:00.000+02:00,N0356010800,N356,70.0,4180
2026-09-17T06:01:40Z,2026-09-17T07:54:00.000+02:00,A9001210710,A1 (bretelle),66.0,280
2026-09-17T06:01:40Z,2026-09-17T07:54:00.000+02:00,N0356021110,N356,69.0,4390
2026-09-17T06:01:40Z,2026-09-17T07:54:00.000+02:00,A0001010510,A1,29.0,1780
2026-09-17T06:01:40Z,2026-09-17T07:54:00.000+02:00,N0356021122,N356,63.0,4350
2026-09-17T06:01:40Z,2026-09-17T07:54:00.000+02:00,N0356021121,N356,69.0,4390
2026-09-17T06:01:40Z,2026-09-17T07:54:00.000+02:00,A0025010210,A25,33.0,5270
2026-09-17T06:01:40Z,2026-09-17T07:54:00.000+02:00,A0025011300,A25,89.0,1520
2026-09-17T06:01:40Z,2026-09-17T07:54:00.000+02:00,A0001020300,A1,103.0,3640
2026-09-17T06:01:40Z,2026-09-17T07:54:00.000+02:00,A0025021100,A25,17.0,2450
2026-09-17T06:01:40Z,2026-09-17T07:54:00.000+02:00,A0025023520,A25,111.0,1380
2026-09-17T06:01:40Z,2026-09-17T07:54:00.000+02:00,A0022022130,A22,74.0,3430
2026-09-17T06:01:40Z,2026-09-17T07:54:00.000+02:00,A0025010220,A25,33.0,5270
2026-09-17T06:01:40Z,2026-09-17T07:54:00.000+02:00,A0022022120,A22,83.0,3930
2026-09-17T06:01:40Z,2026-09-17T07:54:00.000+02:00,A0001010520,A1,22.0,2680
2026-09-17T06:01:40Z,2026-09-17T07:54:00.000+02:00,A0022011000,A22,76.0,4350
2026-09-17T06:01:40Z,2026-09-17T07:54:00.000+02:00,A0001020510,A1,100.0,3910
2026-09-17T06:01:40Z,2026-09-17T07:54:00.000+02:00,A0001021602,A1,78.0,7690
2026-09-17T06:01:40Z,2026-09-17T07:54:00.000+02:00,A22TC020222,A22 (contournement),77.0,6080
2026-09-17T06:01:40Z,2026-09-17T07:54:00.000+02:00,A0001010940,A1,34.0,4050
2026-09-17T06:01:40Z,2026-09-17T07:54:00.000+02:00,A0025023320,A25,109.0,2370
2026-09-17T06:01:40Z,2026-09-17T07:54:00.000+02:00,A0001020520,A1,96.0,4150
2026-09-17T06:01:40Z,2026-09-17T07:54:00.000+02:00,A0025023100,A25,109.0,1810
2026-09-17T06:01:40Z,2026-09-17T07:54:00.000+02:00,A22TC020230,A22 (contournement),77.0,6080
2026-09-17T06:01:40Z,2026-09-17T07:54:00.000+02:00,A0025021730,A25,28.0,2340
2026-09-17T06:01:40Z,2026-09-17T07:54:00.000+02:00,A0025023910,A25,115.0,1030
2026-09-17T06:01:40Z,2026-09-17T07:54:00.000+02:00,A0025021735,A25,27.0,2340
2026-09-17T06:01:40Z,2026-09-17T07:54:00.000+02:00,A0023010400,A23,104.0,1970
2026-09-17T06:01:40Z,2026-09-17T07:54:00.000+02:00,A0022021900,A22,76.0,3210
2026-09-17T06:01:40Z,2026-09-17T07:54:00.000+02:00,A9022100500,A22 (rocade),76.0,2280
2026-09-17T06:01:40Z,2026-09-17T07:54:00.000+02:00,A0001020940,A1,89.0,4300
2026-09-17T06:01:40Z,2026-09-17T07:54:00.000+02:00,A0001020700,A1,93.0,3280
2026-09-17T06:01:40Z,2026-09-17T07:54:00.000+02:00,A9022020830,A22 (rocade),82.0,420
2026-09-17T06:01:40Z,2026-09-17T07:54:00.000+02:00,A9022020822,A22 (rocade),63.0,2000
2026-09-17T06:01:40Z,2026-09-17T07:54:00.000+02:00,A9022020821,A22 (rocade),63.0,2000
2026-09-17T06:01:40Z,2026-09-17T07:54:00.000+02:00,A0025020420,A25,28.0,5260
2026-09-17T06:01:40Z,2026-09-17T07:54:00.000+02:00,A0025021510,A25,9.0,1720
2026-09-17T06:01:40Z,2026-09-17T07:54:00.000+02:00,N0227010100,N227,29.0,2730
2026-09-17T06:01:40Z,2026-09-17T07:54:00.000+02:00,A0025011720,A25,98.0,3080
2026-09-17T06:01:40Z,2026-09-17T07:54:00.000+02:00,A0025021760,A25,46.0,2970
2026-09-17T06:01:40Z,2026-09-17T07:54:00.000+02:00,A0025011730,A25,84.0,3200
2026-09-17T06:01:40Z,2026-09-17T07:54:00.000+02:00,A0025011735,A25,99.0,3150
2026-09-17T06:01:40Z,2026-09-17T07:54:00.000+02:00,A9025080700,A25 (bretelle),,480
2026-09-17T06:01:40Z,2026-09-17T07:54:00.000+02:00,A9022100930,A22 (rocade),76.0,260
2026-09-17T06:01:40Z,2026-09-17T07:54:00.000+02:00,N0356011220,N356,66.0,4430
2026-09-17T06:01:40Z,2026-09-17T07:54:00.000+02:00,A0025011740,A25,84.0,3080
2026-09-17T06:01:40Z,2026-09-17T07:54:00.000+02:00,A0025010410,A25,14.0,4170
2026-09-17T06:01:40Z,2026-09-17T07:54:00.000+02:00,A0023010200,A23,94.0,2550
2026-09-17T06:01:40Z,2026-09-17T07:54:00.000+02:00,A9001210120,A1 (bretelle),72.0,1530
2026-09-17T06:01:40Z,2026-09-17T07:54:00.000+02:00,A0025020210,A25,64.0,6820
2026-09-17T06:01:40Z,2026-09-17T07:54:00.000+02:00,N0356011210,N356,66.0,4430
2026-09-17T06:01:40Z,2026-09-17T07:54:00.000+02:00,A0025011510,A25,91.0,1920
2026-09-17T06:01:40Z,2026-09-17T07:54:00.000+02:00,A0025020220,A25,64.0,6820
2026-09-17T06:01:40Z,2026-09-17T07:54:00.000+02:00,N0227010302,N227,62.0,5350
2026-09-17T06:01:40Z,2026-09-17T07:54:00.000+02:00,N0041010500,N41,23.0,1620
2026-09-17T06:01:40Z,2026-09-17T07:54:00.000+02:00,N0227020101,N227,41.0,3410
2026-09-17T06:01:40Z,2026-09-17T07:54:00.000+02:00,A9022100110,A22 (rocade),60.0,1610
2026-09-17T06:01:40Z,2026-09-17T07:54:00.000+02:00,A0022010400,A22,69.0,5000
2026-09-17T06:01:40Z,2026-09-17T07:54:00.000+02:00,N0356010302,N356,68.0,6940
2026-09-17T06:01:40Z,2026-09-17T07:54:00.000+02:00,A0025010800,A25,78.0,2550
2026-09-17T06:01:40Z,2026-09-17T07:54:00.000+02:00,A0027020621,A27,86.0,2470
2026-09-17T06:01:40Z,2026-09-17T07:54:00.000+02:00,N0041010700,N41,23.0,1570
2026-09-17T06:01:40Z,2026-09-17T07:54:00.000+02:00,A0027020630,A27,94.0,2550
2026-09-17T06:01:40Z,2026-09-17T07:54:00.000+02:00,A0022021512,A22,72.0,3860
2026-09-17T06:01:40Z,2026-09-17T07:54:00.000+02:00,A0022021511,A22,77.0,3870
2026-09-17T06:01:40Z,2026-09-17T07:54:00.000+02:00,A0027020610,A27,86.0,2470
2026-09-17T06:01:40Z,2026-09-17T07:54:00.000+02:00,A0025021720,A25,66.0,2500
2026-09-17T06:01:40Z,2026-09-17T07:54:00.000+02:00,A0022021520,A22,72.0,3860
2026-09-17T06:01:40Z,2026-09-17T07:54:00.000+02:00,A0025022140,A25,76.0,2850
2026-09-17T06:01:40Z,2026-09-17T07:54:00.000+02:00,A0022011302,A22,69.0,3350
2026-09-17T06:01:40Z,2026-09-17T07:54:00.000+02:00,A0025022160,A25,82.0,2630
2026-09-17T06:01:40Z,2026-09-17T07:54:00.000+02:00,A9025060104,A25 (bretelle),69.0,2150
2026-09-17T06:01:40Z,2026-09-17T07:54:00.000+02:00,A0027010201,A27,90.0,2320
2026-09-17T06:01:40Z,2026-09-17T07:54:00.000+02:00,A0027010202,A27,65.0,1000
2026-09-17T06:01:40Z,2026-09-17T07:54:00.000+02:00,N9227110110,N227 (bretelle),69.0,2470
2026-09-17T06:01:40Z,2026-09-17T07:54:00.000+02:00,A0025012130,A25,99.0,1080
2026-09-17T06:01:40Z,2026-09-17T07:54:00.000+02:00,A0027010210,A27,65.0,1000
2026-09-17T06:01:40Z,2026-09-17T07:54:00.000+02:00,A0025011050,A25,90.0,2220
2026-09-17T06:01:40Z,2026-09-17T07:54:00.000+02:00,A0025012140,A25,99.0,1790
2026-09-17T06:01:40Z,2026-09-17T07:54:00.000+02:00,A0027010421,A27,98.0,1260
2026-09-17T06:01:40Z,2026-09-17T07:54:00.000+02:00,A0022012420,A22,88.0,3530
2026-09-17T06:01:40Z,2026-09-17T07:54:00.000+02:00,A0027010430,A27,101.0,1380
2026-09-17T06:01:40Z,2026-09-17T07:54:00.000+02:00,A0023020710,A23,45.0,2900
2026-09-17T06:01:40Z,2026-09-17T07:54:00.000+02:00,A0022012430,A22,85.0,3310
2026-09-17T06:01:40Z,2026-09-17T07:54:00.000+02:00,A0025012160,A25,114.0,2850
2026-09-17T06:01:40Z,2026-09-17T07:54:00.000+02:00,A9022021200,A22 (rocade),56.0,710
2026-09-17T06:01:40Z,2026-09-17T07:54:00.000+02:00,A0001021100,A1,89.0,3920
2026-09-17T06:01:40Z,2026-09-17T07:54:00.000+02:00,A9022101000,A22 (rocade),80.0,1690
2026-09-17T06:01:40Z,2026-09-17T07:54:00.000+02:00,A0025013020,A25,106.0,2360
2026-09-17T06:01:40Z,2026-09-17T07:54:00.000+02:00,A0027010410,A27,98.0,1260
2026-09-17T06:01:40Z,2026-09-17T07:54:00.000+02:00,A0022012410,A22,88.0,3510
2026-09-17T06:01:40Z,2026-09-17T07:54:00.000+02:00,A0001A20112,A1,83.0,3060
2026-09-17T06:01:40Z,2026-09-17T07:54:00.000+02:00,A0001A20111,A1,63.0,1430
2026-09-17T06:01:40Z,2026-09-17T07:54:00.000+02:00,A0001021521,A1,84.0,3380
2026-09-17T06:01:40Z,2026-09-17T07:54:00.000+02:00,A0025022540,A25,113.0,2060
2026-09-17T06:01:40Z,2026-09-17T07:54:00.000+02:00,A0025022300,A25,52.0,980
2026-09-17T06:01:40Z,2026-09-17T07:54:00.000+02:00,N0356021000,N356,69.0,3890
2026-09-17T06:01:40Z,2026-09-17T07:54:00.000+02:00,A22TC010102,A22 (contournement),66.0,2620
2026-09-17T06:01:40Z,2026-09-17T07:54:00.000+02:00,A0001011503,A1,79.0,6720
2026-09-17T06:01:40Z,2026-09-17T07:54:00.000+02:00,A0022012200,A22,79.0,2980
2026-09-17T06:01:40Z,2026-09-17T07:54:00.000+02:00,A0001A20120,A1,60.0,2880
2026-09-17T06:01:40Z,2026-09-17T07:54:00.000+02:00,A22TC020102,A22 (contournement),80.0,3360
2026-09-17T06:01:40Z,2026-09-17T07:54:00.000+02:00,A22TC010300,A22 (contournement),68.0,2760
2026-09-17T06:01:40Z,2026-09-17T07:54:00.000+02:00,A0022012010,A22,81.0,2230
2026-09-17T06:01:40Z,2026-09-17T07:54:00.000+02:00,A0022012020,A22,81.0,2230
2026-09-17T06:01:40Z,2026-09-17T07:54:00.000+02:00,A0025022130,A25,97.0,2990
2026-09-17T06:01:40Z,2026-09-17T07:54:00.000+02:00,A0023010520,A23,108.0,2110
2026-09-17T06:01:40Z,2026-09-17T07:54:00.000+02:00,N0041020800,N41,94.0,2190
2026-09-17T06:01:40Z,2026-09-17T07:54:00.000+02:00,A0025010500,A25,71.0,2940
2026-09-17T06:01:40Z,2026-09-17T07:54:00.000+02:00,A0022020901,A22,71.0,4710
2026-09-17T06:01:40Z,2026-09-17T07:54:00.000+02:00,A0022020902,A22,71.0,3530
2026-09-17T06:01:40Z,2026-09-17T07:54:00.000+02:00,A0022021810,A22,76.0,2930
2026-09-17T06:01:40Z,2026-09-17T07:54:00.000+02:00,N0356011100,N356,67.0,3950
2026-09-17T06:01:40Z,2026-09-17T07:54:00.000+02:00,A0022021820,A22,76.0,2930
2026-09-17T06:01:40Z,2026-09-17T07:54:00.000+02:00,N0356020802,N356,62.0,4480
2026-09-17T06:01:40Z,2026-09-17T07:54:00.000+02:00,A9022020900,A22 (rocade),89.0,1270
2026-09-17T06:01:40Z,2026-09-17T07:54:00.000+02:00,A0025020102,A25,53.0,220
2026-09-17T06:01:40Z,2026-09-17T07:54:00.000+02:00,A0023010100,A23,102.0,710
2026-09-17T06:01:40Z,2026-09-17T07:54:00.000+02:00,A0025022530,A25,111.0,1980
2026-09-17T06:01:40Z,2026-09-17T07:54:00.000+02:00,A9001210200,A1 (bretelle),64.0,1590
2026-09-17T06:01:40Z,2026-09-17T07:54:00.000+02:00,A0022010700,A22,75.0,3890
2026-09-17T06:01:40Z,2026-09-17T07:54:00.000+02:00,N0041020400,N41,86.0,2700
2026-09-17T06:01:40Z,2026-09-17T07:54:00.000+02:00,A0023020720,A23,65.0,3070
2026-09-17T06:01:40Z,2026-09-17T07:54:00.000+02:00,A0022020500,A22,71.0,2260
2026-09-17T06:01:40Z,2026-09-17T07:54:00.000+02:00,N93563b0150,N356 (bretelle),66.0,110
2026-09-17T06:01:40Z,2026-09-17T07:54:00.000+02:00,A0025020950,A25,38.0,4720
2026-09-17T06:01:40Z,2026-09-17T07:54:00.000+02:00,A0023020300,A23,32.0,1530
2026-09-17T06:01:40Z,2026-09-17T07:54:00.000+02:00,A0001011000,A1,22.0,2590
2026-09-17T06:01:40Z,2026-09-17T07:54:00.000+02:00,A0027020500,A27,31.0,1240
2026-09-17T06:01:40Z,2026-09-17T07:54:00.000+02:00,N0356011500,N356,67.0,4730
2026-09-17T06:01:40Z,2026-09-17T07:54:00.000+02:00,A0001010150,A1,21.0,2270
2026-09-17T06:01:40Z,2026-09-17T07:54:00.000+02:00,N0356020400,N356,40.0,2690
2026-09-17T06:01:40Z,2026-09-17T07:54:00.000+02:00,N0041020600,N41,94.0,1040
2026-09-17T06:01:40Z,2026-09-17T07:54:00.000+02:00,A0025010700,A25,61.0,1510
2026-09-17T06:01:40Z,2026-09-17T07:54:00.000+02:00,A0002011230,A2,83.0,3290
2026-09-17T06:01:40Z,2026-09-17T07:54:00.000+02:00,A0025020500,A25,24.0,3310
2026-09-17T06:01:40Z,2026-09-17T07:54:00.000+02:00,A0002021290,A2,101.0,2960
2026-09-17T06:01:40Z,2026-09-17T07:54:00.000+02:00,A0022011600,A22,80.0,2060
2026-09-17T06:11:17Z,2026-09-17T08:00:00.000+02:00,A0001011200,A1,34.0,4010
2026-09-17T06:11:17Z,2026-09-17T08:00:00.000+02:00,A0027010102,A27,85.0,3510
2026-09-17T06:11:17Z,2026-09-17T08:00:00.000+02:00,N0041010100,N41,19.0,2110
2026-09-17T06:11:17Z,2026-09-17T08:00:00.000+02:00,A0027010101,A27,85.0,3510
2026-09-17T06:11:17Z,2026-09-17T08:00:00.000+02:00,A9022010250,A22 (rocade),74.0,1230
2026-09-17T06:11:17Z,2026-09-17T08:00:00.000+02:00,A0001020150,A1,105.0,4140
2026-09-17T06:11:17Z,2026-09-17T08:00:00.000+02:00,N0356011700,N356,71.0,3480
2026-09-17T06:11:17Z,2026-09-17T08:00:00.000+02:00,N9227110200,N227 (bretelle),75.0,80
2026-09-17T06:11:17Z,2026-09-17T08:00:00.000+02:00,N0356021300,N356,62.0,4190
2026-09-17T06:11:17Z,2026-09-17T08:00:00.000+02:00,A0022011400,A22,74.0,1000
2026-09-17T06:11:17Z,2026-09-17T08:00:00.000+02:00,A0027010300,A27,94.0,730
2026-09-17T06:11:17Z,2026-09-17T08:00:00.000+02:00,A9022020250,A22 (rocade),30.0,1490
2026-09-17T06:11:17Z,2026-09-17T08:00:00.000+02:00,N0041010300,N41,32.0,2650
2026-09-17T06:11:17Z,2026-09-17T08:00:00.000+02:00,A0022011210,A22,81.0,1340
2026-09-17T06:11:17Z,2026-09-17T08:00:00.000+02:00,A0027020100,A27,71.0,1670
2026-09-17T06:11:17Z,2026-09-17T08:00:00.000+02:00,A0001010300,A1,28.0,2040
2026-09-17T06:11:17Z,2026-09-17T08:00:00.000+02:00,A0022011220,A22,81.0,1340
2026-09-17T06:11:17Z,2026-09-17T08:00:00.000+02:00,N0227021400,N227,41.0,400
2026-09-17T06:11:17Z,2026-09-17T08:00:00.000+02:00,A9022101110,A22 (rocade),76.0,1020
2026-09-17T06:11:17Z,2026-09-17T08:00:00.000+02:00,A0022022110,A22,80.0,3880
2026-09-17T06:11:17Z,2026-09-17T08:00:00.000+02:00,A0001011420,A1,38.0,3150
2026-09-17T06:11:17Z,2026-09-17T08:00:00.000+02:00,N0356010800,N356,71.0,4410
2026-09-17T06:11:17Z,2026-09-17T08:00:00.000+02:00,A9001210710,A1 (bretelle),67.0,160
2026-09-17T06:11:17Z,2026-09-17T08:00:00.000+02:00,N0356021110,N356,67.0,4410
2026-09-17T06:11:17Z,2026-09-17T08:00:00.000+02:00,A0001010510,A1,17.0,3460
2026-09-17T06:11:17Z,2026-09-17T08:00:00.000+02:00,N0356021122,N356,62.0,4580
2026-09-17T06:11:17Z,2026-09-17T08:00:00.000+02:00,N0356021121,N356,67.0,4410
2026-09-17T06:11:17Z,2026-09-17T08:00:00.000+02:00,A0025010210,A25,32.0,5280
2026-09-17T06:11:17Z,2026-09-17T08:00:00.000+02:00,A0025011300,A25,89.0,1500
2026-09-17T06:11:17Z,2026-09-17T08:00:00.000+02:00,A0001020300,A1,105.0,4000
2026-09-17T06:11:17Z,2026-09-17T08:00:00.000+02:00,A0025021100,A25,23.0,1770
2026-09-17T06:11:17Z,2026-09-17T08:00:00.000+02:00,A0025023520,A25,110.0,1180
2026-09-17T06:11:17Z,2026-09-17T08:00:00.000+02:00,A0022022130,A22,73.0,3380
2026-09-17T06:11:17Z,2026-09-17T08:00:00.000+02:00,A0025010220,A25,32.0,5280
2026-09-17T06:11:17Z,2026-09-17T08:00:00.000+02:00,A0022022120,A22,83.0,3770
2026-09-17T06:11:17Z,2026-09-17T08:00:00.000+02:00,A0001010520,A1,38.0,3700
2026-09-17T06:11:17Z,2026-09-17T08:00:00.000+02:00,A0022011000,A22,81.0,4160
2026-09-17T06:11:17Z,2026-09-17T08:00:00.000+02:00,A0001020510,A1,101.0,4080
2026-09-17T06:11:17Z,2026-09-17T08:00:00.000+02:00,A0001021602,A1,79.0,7480
2026-09-17T06:11:17Z,2026-09-17T08:00:00.000+02:00,A22TC020222,A22 (contournement),75.0,5770
2026-09-17T06:11:17Z,2026-09-17T08:00:00.000+02:00,A0001010940,A1,31.0,3030
2026-09-17T06:11:17Z,2026-09-17T08:00:00.000+02:00,A0025023320,A25,114.0,1870
2026-09-17T06:11:17Z,2026-09-17T08:00:00.000+02:00,A0001020520,A1,98.0,4120
2026-09-17T06:11:17Z,2026-09-17T08:00:00.000+02:00,A0025023100,A25,112.0,1570
2026-09-17T06:11:17Z,2026-09-17T08:00:00.000+02:00,A22TC020230,A22 (contournement),75.0,5770
2026-09-17T06:11:17Z,2026-09-17T08:00:00.000+02:00,A0025021730,A25,25.0,2430
2026-09-17T06:11:17Z,2026-09-17T08:00:00.000+02:00,A0025023910,A25,117.0,1000
2026-09-17T06:11:17Z,2026-09-17T08:00:00.000+02:00,A0025021735,A25,34.0,2660
2026-09-17T06:11:17Z,2026-09-17T08:00:00.000+02:00,A0023010400,A23,108.0,2090
2026-09-17T06:11:17Z,2026-09-17T08:00:00.000+02:00,A0022021900,A22,77.0,3070
2026-09-17T06:11:17Z,2026-09-17T08:00:00.000+02:00,A9022100500,A22 (rocade),75.0,2190
2026-09-17T06:11:17Z,2026-09-17T08:00:00.000+02:00,A0001020940,A1,88.0,4630
2026-09-17T06:11:17Z,2026-09-17T08:00:00.000+02:00,A0001020700,A1,95.0,3370
2026-09-17T06:11:17Z,2026-09-17T08:00:00.000+02:00,A9022020830,A22 (rocade),87.0,380
2026-09-17T06:11:17Z,2026-09-17T08:00:00.000+02:00,A9022020822,A22 (rocade),64.0,1960
2026-09-17T06:11:17Z,2026-09-17T08:00:00.000+02:00,A9022020821,A22 (rocade),64.0,1960
2026-09-17T06:11:17Z,2026-09-17T08:00:00.000+02:00,A0025020420,A25,31.0,5200
2026-09-17T06:11:17Z,2026-09-17T08:00:00.000+02:00,A0025021510,A25,12.0,1360
2026-09-17T06:11:17Z,2026-09-17T08:00:00.000+02:00,N0227010100,N227,49.0,2610
2026-09-17T06:11:17Z,2026-09-17T08:00:00.000+02:00,A0025011720,A25,96.0,3130
2026-09-17T06:11:17Z,2026-09-17T08:00:00.000+02:00,A0025021760,A25,22.0,2280
2026-09-17T06:11:17Z,2026-09-17T08:00:00.000+02:00,A0025011730,A25,85.0,3070
2026-09-17T06:11:17Z,2026-09-17T08:00:00.000+02:00,A0025011735,A25,98.0,3210
2026-09-17T06:11:17Z,2026-09-17T08:00:00.000+02:00,A9025080700,A25 (bretelle),,660
2026-09-17T06:11:17Z,2026-09-17T08:00:00.000+02:00,A9022100930,A22 (rocade),72.0,320
2026-09-17T06:11:17Z,2026-09-17T08:00:00.000+02:00,N0356011220,N356,65.0,4560
2026-09-17T06:11:17Z,2026-09-17T08:00:00.000+02:00,A0025011740,A25,84.0,3140
2026-09-17T06:11:17Z,2026-09-17T08:00:00.000+02:00,A0025010410,A25,25.0,3900
2026-09-17T06:11:17Z,2026-09-17T08:00:00.000+02:00,A0023010200,A23,91.0,2820
2026-09-17T06:11:17Z,2026-09-17T08:00:00.000+02:00,A9001210120,A1 (bretelle),71.0,1520
2026-09-17T06:11:17Z,2026-09-17T08:00:00.000+02:00,A0025020210,A25,61.0,6670
2026-09-17T06:11:17Z,2026-09-17T08:00:00.000+02:00,N0356011210,N356,65.0,4560
2026-09-17T06:11:17Z,2026-09-17T08:00:00.000+02:00,A0025011510,A25,89.0,1980
2026-09-17T06:11:17Z,2026-09-17T08:00:00.000+02:00,A0025020220,A25,61.0,6670
2026-09-17T06:11:17Z,2026-09-17T08:00:00.000+02:00,N0227010302,N227,65.0,5280
2026-09-17T06:11:17Z,2026-09-17T08:00:00.000+02:00,N0041010500,N41,16.0,2040
2026-09-17T06:11:17Z,2026-09-17T08:00:00.000+02:00,N0227020101,N227,39.0,3410
2026-09-17T06:11:17Z,2026-09-17T08:00:00.000+02:00,A9022100110,A22 (rocade),61.0,1420
2026-09-17T06:11:17Z,2026-09-17T08:00:00.000+02:00,A0022010400,A22,68.0,4890
2026-09-17T06:11:17Z,2026-09-17T08:00:00.000+02:00,N0356010302,N356,67.0,6890
2026-09-17T06:11:17Z,2026-09-17T08:00:00.000+02:00,A0025010800,A25,78.0,2590
2026-09-17T06:11:17Z,2026-09-17T08:00:00.000+02:00,A0027020621,A27,93.0,2280
2026-09-17T06:11:17Z,2026-09-17T08:00:00.000+02:00,N0041010700,N41,26.0,760
2026-09-17T06:11:17Z,2026-09-17T08:00:00.000+02:00,A0027020630,A27,99.0,2400
2026-09-17T06:11:17Z,2026-09-17T08:00:00.000+02:00,A0022021512,A22,74.0,4110
2026-09-17T06:11:17Z,2026-09-17T08:00:00.000+02:00,A0022021511,A22,75.0,4130
2026-09-17T06:11:17Z,2026-09-17T08:00:00.000+02:00,A0027020610,A27,93.0,2280
2026-09-17T06:11:17Z,2026-09-17T08:00:00.000+02:00,A0025021720,A25,34.0,2320
2026-09-17T06:11:17Z,2026-09-17T08:00:00.000+02:00,A0022021520,A22,74.0,4110
2026-09-17T06:11:17Z,2026-09-17T08:00:00.000+02:00,A0025022140,A25,97.0,2580
2026-09-17T06:11:17Z,2026-09-17T08:00:00.000+02:00,A0022011302,A22,69.0,3020
2026-09-17T06:11:17Z,2026-09-17T08:00:00.000+02:00,A0025022160,A25,96.0,2630
2026-09-17T06:11:17Z,2026-09-17T08:00:00.000+02:00,A9025060104,A25 (bretelle),69.0,2160
2026-09-17T06:11:17Z,2026-09-17T08:00:00.000+02:00,A0027010201,A27,91.0,2250
2026-09-17T06:11:17Z,2026-09-17T08:00:00.000+02:00,A0027010202,A27,69.0,1120
2026-09-17T06:11:17Z,2026-09-17T08:00:00.000+02:00,N9227110110,N227 (bretelle),67.0,2220
2026-09-17T06:11:17Z,2026-09-17T08:00:00.000+02:00,A0025012130,A25,98.0,1030
2026-09-17T06:11:17Z,2026-09-17T08:00:00.000+02:00,A0027010210,A27,69.0,1120
2026-09-17T06:11:17Z,2026-09-17T08:00:00.000+02:00,A0025011050,A25,94.0,1880
2026-09-17T06:11:17Z,2026-09-17T08:00:00.000+02:00,A0025012140,A25,98.0,1670
2026-09-17T06:11:17Z,2026-09-17T08:00:00.000+02:00,A0027010421,A27,100.0,1070
2026-09-17T06:11:17Z,2026-09-17T08:00:00.000+02:00,A0022012420,A22,90.0,2880
2026-09-17T06:11:17Z,2026-09-17T08:00:00.000+02:00,A0027010430,A27,102.0,1160
2026-09-17T06:11:17Z,2026-09-17T08:00:00.000+02:00,A0023020710,A23,25.0,2320
2026-09-17T06:11:17Z,2026-09-17T08:00:00.000+02:00,A0022012430,A22,87.0,2810
2026-09-17T06:11:17Z,2026-09-17T08:00:00.000+02:00,A0025012160,A25,115.0,3000
2026-09-17T06:11:17Z,2026-09-17T08:00:00.000+02:00,A9022021200,A22 (rocade),57.0,820
2026-09-17T06:11:17Z,2026-09-17T08:00:00.000+02:00,A0001021100,A1,89.0,3800
2026-09-17T06:11:17Z,2026-09-17T08:00:00.000+02:00,A9022101000,A22 (rocade),76.0,1480
2026-09-17T06:11:17Z,2026-09-17T08:00:00.000+02:00,A0025013020,A25,110.0,2440
2026-09-17T06:11:17Z,2026-09-17T08:00:00.000+02:00,A0027010410,A27,100.0,1070
2026-09-17T06:11:17Z,2026-09-17T08:00:00.000+02:00,A0022012410,A22,88.0,2890
2026-09-17T06:11:17Z,2026-09-17T08:00:00.000+02:00,A0001A20112,A1,83.0,3210
2026-09-17T06:11:17Z,2026-09-17T08:00:00.000+02:00,A0001A20111,A1,79.0,1490
2026-09-17T06:11:17Z,2026-09-17T08:00:00.000+02:00,A0001021521,A1,79.0,3560
2026-09-17T06:11:17Z,2026-09-17T08:00:00.000+02:00,A0025022540,A25,110.0,2100
2026-09-17T06:11:17Z,2026-09-17T08:00:00.000+02:00,A0025022300,A25,84.0,950
2026-09-17T06:11:17Z,2026-09-17T08:00:00.000+02:00,N0356021000,N356,69.0,3980
2026-09-17T06:11:17Z,2026-09-17T08:00:00.000+02:00,A22TC010102,A22 (contournement),46.0,2820
2026-09-17T06:11:17Z,2026-09-17T08:00:00.000+02:00,A0001011503,A1,77.0,6940
2026-09-17T06:11:17Z,2026-09-17T08:00:00.000+02:00,A0022012200,A22,80.0,2450
2026-09-17T06:11:17Z,2026-09-17T08:00:00.000+02:00,A0001A20120,A1,54.0,2940
2026-09-17T06:11:17Z,2026-09-17T08:00:00.000+02:00,A22TC020102,A22 (contournement),80.0,3260
2026-09-17T06:11:17Z,2026-09-17T08:00:00.000+02:00,A22TC010300,A22 (contournement),65.0,2630
2026-09-17T06:11:17Z,2026-09-17T08:00:00.000+02:00,A0022012010,A22,80.0,1800
2026-09-17T06:11:17Z,2026-09-17T08:00:00.000+02:00,A0022012020,A22,80.0,1800
2026-09-17T06:11:17Z,2026-09-17T08:00:00.000+02:00,A0025022130,A25,110.0,2510
2026-09-17T06:11:17Z,2026-09-17T08:00:00.000+02:00,A0023010520,A23,115.0,2020
2026-09-17T06:11:17Z,2026-09-17T08:00:00.000+02:00,N0041020800,N41,98.0,1840
2026-09-17T06:11:17Z,2026-09-17T08:00:00.000+02:00,A0025010500,A25,67.0,2790
2026-09-17T06:11:17Z,2026-09-17T08:00:00.000+02:00,A0022020901,A22,67.0,4440
2026-09-17T06:11:17Z,2026-09-17T08:00:00.000+02:00,A0022020902,A22,67.0,3310
2026-09-17T06:11:17Z,2026-09-17T08:00:00.000+02:00,A0022021810,A22,77.0,2960
2026-09-17T06:11:17Z,2026-09-17T08:00:00.000+02:00,N0356011100,N356,68.0,4090
2026-09-17T06:11:17Z,2026-09-17T08:00:00.000+02:00,A0022021820,A22,77.0,2960
2026-09-17T06:11:17Z,2026-09-17T08:00:00.000+02:00,N0356020802,N356,63.0,4490
2026-09-17T06:11:17Z,2026-09-17T08:00:00.000+02:00,A9022020900,A22 (rocade),73.0,1120
2026-09-17T06:11:17Z,2026-09-17T08:00:00.000+02:00,A0025020102,A25,56.0,390
2026-09-17T06:11:17Z,2026-09-17T08:00:00.000+02:00,A0023010100,A23,93.0,790
2026-09-17T06:11:17Z,2026-09-17T08:00:00.000+02:00,A0025022530,A25,114.0,2130
2026-09-17T06:11:17Z,2026-09-17T08:00:00.000+02:00,A9001210200,A1 (bretelle),62.0,1710
2026-09-17T06:11:17Z,2026-09-17T08:00:00.000+02:00,A0022010700,A22,75.0,3490
2026-09-17T06:11:17Z,2026-09-17T08:00:00.000+02:00,N0041020400,N41,86.0,2580
2026-09-17T06:11:17Z,2026-09-17T08:00:00.000+02:00,A0023020720,A23,40.0,2620
2026-09-17T06:11:17Z,2026-09-17T08:00:00.000+02:00,A0022020500,A22,67.0,2020
2026-09-17T06:11:17Z,2026-09-17T08:00:00.000+02:00,N93563b0150,N356 (bretelle),65.0,90
2026-09-17T06:11:17Z,2026-09-17T08:00:00.000+02:00,A0025020950,A25,15.0,2750
2026-09-17T06:11:17Z,2026-09-17T08:00:00.000+02:00,A0023020300,A23,44.0,1880
2026-09-17T06:11:17Z,2026-09-17T08:00:00.000+02:00,A0001011000,A1,34.0,3390
2026-09-17T06:11:17Z,2026-09-17T08:00:00.000+02:00,A0027020500,A27,43.0,1310
2026-09-17T06:11:17Z,2026-09-17T08:00:00.000+02:00,N0356011500,N356,63.0,4400
2026-09-17T06:11:17Z,2026-09-17T08:00:00.000+02:00,A0001010150,A1,24.0,2820
2026-09-17T06:11:17Z,2026-09-17T08:00:00.000+02:00,N0356020400,N356,48.0,2490
2026-09-17T06:11:17Z,2026-09-17T08:00:00.000+02:00,N0041020600,N41,95.0,780
2026-09-17T06:11:17Z,2026-09-17T08:00:00.000+02:00,A0025010700,A25,71.0,1340
2026-09-17T06:11:17Z,2026-09-17T08:00:00.000+02:00,A0002011230,A2,79.0,3330
2026-09-17T06:11:17Z,2026-09-17T08:00:00.000+02:00,A0025020500,A25,25.0,3530
2026-09-17T06:11:17Z,2026-09-17T08:00:00.000+02:00,A0002021290,A2,97.0,3200
2026-09-17T06:11:17Z,2026-09-17T08:00:00.000+02:00,A0022011600,A22,79.0,1560
2026-09-17T06:21:17Z,2026-09-17T08:12:00.000+02:00,A0001011200,A1,31.0,3990
2026-09-17T06:21:17Z,2026-09-17T08:12:00.000+02:00,A0027010102,A27,84.0,3480
2026-09-17T06:21:17Z,2026-09-17T08:12:00.000+02:00,N0041010100,N41,33.0,2610
2026-09-17T06:21:17Z,2026-09-17T08:12:00.000+02:00,A0027010101,A27,84.0,3480
2026-09-17T06:21:17Z,2026-09-17T08:12:00.000+02:00,A9022010250,A22 (rocade),79.0,1100
2026-09-17T06:21:17Z,2026-09-17T08:12:00.000+02:00,A0001020150,A1,104.0,3800
2026-09-17T06:21:17Z,2026-09-17T08:12:00.000+02:00,N0356011700,N356,69.0,4280
2026-09-17T06:21:17Z,2026-09-17T08:12:00.000+02:00,N9227110200,N227 (bretelle),60.0,80
2026-09-17T06:21:17Z,2026-09-17T08:12:00.000+02:00,N0356021300,N356,60.0,4150
2026-09-17T06:21:17Z,2026-09-17T08:12:00.000+02:00,A0022011400,A22,74.0,960
2026-09-17T06:21:17Z,2026-09-17T08:12:00.000+02:00,A0027010300,A27,93.0,730
2026-09-17T06:21:17Z,2026-09-17T08:12:00.000+02:00,A9022020250,A22 (rocade),48.0,1480
2026-09-17T06:21:17Z,2026-09-17T08:12:00.000+02:00,N0041010300,N41,34.0,2670
2026-09-17T06:21:17Z,2026-09-17T08:12:00.000+02:00,A0022011210,A22,74.0,1390
2026-09-17T06:21:17Z,2026-09-17T08:12:00.000+02:00,A0027020100,A27,69.0,1600
2026-09-17T06:21:17Z,2026-09-17T08:12:00.000+02:00,A0001010300,A1,19.0,1430
2026-09-17T06:21:17Z,2026-09-17T08:12:00.000+02:00,A0022011220,A22,74.0,1390
2026-09-17T06:21:17Z,2026-09-17T08:12:00.000+02:00,N0227021400,N227,51.0,320
2026-09-17T06:21:17Z,2026-09-17T08:12:00.000+02:00,A9022101110,A22 (rocade),76.0,1370
2026-09-17T06:21:17Z,2026-09-17T08:12:00.000+02:00,A0022022110,A22,82.0,3850
2026-09-17T06:21:17Z,2026-09-17T08:12:00.000+02:00,A0001011420,A1,44.0,3280
2026-09-17T06:21:17Z,2026-09-17T08:12:00.000+02:00,N0356010800,N356,68.0,4680
2026-09-17T06:21:17Z,2026-09-17T08:12:00.000+02:00,A9001210710,A1 (bretelle),64.0,400
2026-09-17T06:21:17Z,2026-09-17T08:12:00.000+02:00,N0356021110,N356,64.0,4600
2026-09-17T06:21:17Z,2026-09-17T08:12:00.000+02:00,A0001010510,A1,23.0,2200
2026-09-17T06:21:17Z,2026-09-17T08:12:00.000+02:00,N0356021122,N356,60.0,4580
2026-09-17T06:21:17Z,2026-09-17T08:12:00.000+02:00,N0356021121,N356,64.0,4600
2026-09-17T06:21:17Z,2026-09-17T08:12:00.000+02:00,A0025010210,A25,29.0,5340
2026-09-17T06:21:17Z,2026-09-17T08:12:00.000+02:00,A0025011300,A25,89.0,1570
2026-09-17T06:21:17Z,2026-09-17T08:12:00.000+02:00,A0001020300,A1,107.0,3490
2026-09-17T06:21:17Z,2026-09-17T08:12:00.000+02:00,A0025021100,A25,10.0,2120
2026-09-17T06:21:17Z,2026-09-17T08:12:00.000+02:00,A0025023520,A25,109.0,1230
2026-09-17T06:21:17Z,2026-09-17T08:12:00.000+02:00,A0022022130,A22,70.0,3250
2026-09-17T06:21:17Z,2026-09-17T08:12:00.000+02:00,A0025010220,A25,29.0,5340
2026-09-17T06:21:17Z,2026-09-17T08:12:00.000+02:00,A0022022120,A22,84.0,3830
2026-09-17T06:21:17Z,2026-09-17T08:12:00.000+02:00,A0001010520,A1,23.0,2880
2026-09-17T06:21:17Z,2026-09-17T08:12:00.000+02:00,A0022011000,A22,65.0,4510
2026-09-17T06:21:17Z,2026-09-17T08:12:00.000+02:00,A0001020510,A1,104.0,3790
2026-09-17T06:21:17Z,2026-09-17T08:12:00.000+02:00,A0001021602,A1,78.0,7560
2026-09-17T06:21:17Z,2026-09-17T08:12:00.000+02:00,A22TC020222,A22 (contournement),73.0,5940
2026-09-17T06:21:17Z,2026-09-17T08:12:00.000+02:00,A0001010940,A1,66.0,4810
2026-09-17T06:21:17Z,2026-09-17T08:12:00.000+02:00,A0025023320,A25,111.0,1950
2026-09-17T06:21:17Z,2026-09-17T08:12:00.000+02:00,A0001020520,A1,98.0,3810
2026-09-17T06:21:17Z,2026-09-17T08:12:00.000+02:00,A0025023100,A25,111.0,1500
2026-09-17T06:21:17Z,2026-09-17T08:12:00.000+02:00,A22TC020230,A22 (contournement),73.0,5940
2026-09-17T06:21:17Z,2026-09-17T08:12:00.000+02:00,A0025021730,A25,23.0,2540
2026-09-17T06:21:17Z,2026-09-17T08:12:00.000+02:00,A0025023910,A25,118.0,1210
2026-09-17T06:21:17Z,2026-09-17T08:12:00.000+02:00,A0025021735,A25,46.0,2880
2026-09-17T06:21:17Z,2026-09-17T08:12:00.000+02:00,A0023010400,A23,101.0,2410
2026-09-17T06:21:17Z,2026-09-17T08:12:00.000+02:00,A0022021900,A22,75.0,3190
2026-09-17T06:21:17Z,2026-09-17T08:12:00.000+02:00,A9022100500,A22 (rocade),72.0,2230
2026-09-17T06:21:17Z,2026-09-17T08:12:00.000+02:00,A0001020940,A1,88.0,4390
2026-09-17T06:21:17Z,2026-09-17T08:12:00.000+02:00,A0001020700,A1,92.0,3240
2026-09-17T06:21:17Z,2026-09-17T08:12:00.000+02:00,A9022020830,A22 (rocade),86.0,310
2026-09-17T06:21:17Z,2026-09-17T08:12:00.000+02:00,A9022020822,A22 (rocade),58.0,1910
2026-09-17T06:21:17Z,2026-09-17T08:12:00.000+02:00,A9022020821,A22 (rocade),58.0,1910
2026-09-17T06:21:17Z,2026-09-17T08:12:00.000+02:00,A0025020420,A25,32.0,5790
2026-09-17T06:21:17Z,2026-09-17T08:12:00.000+02:00,A0025021510,A25,9.0,1270
2026-09-17T06:21:17Z,2026-09-17T08:12:00.000+02:00,N0227010100,N227,61.0,2630
2026-09-17T06:21:17Z,2026-09-17T08:12:00.000+02:00,A0025011720,A25,98.0,2840
2026-09-17T06:21:17Z,2026-09-17T08:12:00.000+02:00,A0025021760,A25,29.0,2640
2026-09-17T06:21:17Z,2026-09-17T08:12:00.000+02:00,A0025011730,A25,87.0,2810
2026-09-17T06:21:17Z,2026-09-17T08:12:00.000+02:00,A0025011735,A25,98.0,2890
2026-09-17T06:21:17Z,2026-09-17T08:12:00.000+02:00,A9025080700,A25 (bretelle),,670
2026-09-17T06:21:17Z,2026-09-17T08:12:00.000+02:00,A9022100930,A22 (rocade),64.0,180
2026-09-17T06:21:17Z,2026-09-17T08:12:00.000+02:00,N0356011220,N356,66.0,4740
2026-09-17T06:21:17Z,2026-09-17T08:12:00.000+02:00,A0025011740,A25,84.0,3000
2026-09-17T06:21:17Z,2026-09-17T08:12:00.000+02:00,A0025010410,A25,53.0,4370
2026-09-17T06:21:17Z,2026-09-17T08:12:00.000+02:00,A0023010200,A23,92.0,3050
2026-09-17T06:21:17Z,2026-09-17T08:12:00.000+02:00,A9001210120,A1 (bretelle),71.0,1580
2026-09-17T06:21:17Z,2026-09-17T08:12:00.000+02:00,A0025020210,A25,61.0,6860
2026-09-17T06:21:17Z,2026-09-17T08:12:00.000+02:00,N0356011210,N356,66.0,4740
2026-09-17T06:21:17Z,2026-09-17T08:12:00.000+02:00,A0025011510,A25,91.0,1940
2026-09-17T06:21:17Z,2026-09-17T08:12:00.000+02:00,A0025020220,A25,61.0,6860
2026-09-17T06:21:17Z,2026-09-17T08:12:00.000+02:00,N0227010302,N227,65.0,5010
2026-09-17T06:21:17Z,2026-09-17T08:12:00.000+02:00,N0041010500,N41,28.0,1860
2026-09-17T06:21:17Z,2026-09-17T08:12:00.000+02:00,N0227020101,N227,35.0,3340
2026-09-17T06:21:17Z,2026-09-17T08:12:00.000+02:00,A9022100110,A22 (rocade),56.0,1630
2026-09-17T06:21:17Z,2026-09-17T08:12:00.000+02:00,A0022010400,A22,59.0,5270
2026-09-17T06:21:17Z,2026-09-17T08:12:00.000+02:00,N0356010302,N356,58.0,7180
2026-09-17T06:21:17Z,2026-09-17T08:12:00.000+02:00,A0025010800,A25,75.0,2670
2026-09-17T06:21:17Z,2026-09-17T08:12:00.000+02:00,A0027020621,A27,89.0,2600
2026-09-17T06:21:17Z,2026-09-17T08:12:00.000+02:00,N0041010700,N41,23.0,1470
2026-09-17T06:21:17Z,2026-09-17T08:12:00.000+02:00,A0027020630,A27,96.0,2740
2026-09-17T06:21:17Z,2026-09-17T08:12:00.000+02:00,A0022021512,A22,77.0,3580
2026-09-17T06:21:17Z,2026-09-17T08:12:00.000+02:00,A0022021511,A22,78.0,3520
2026-09-17T06:21:17Z,2026-09-17T08:12:00.000+02:00,A0027020610,A27,89.0,2600
2026-09-17T06:21:17Z,2026-09-17T08:12:00.000+02:00,A0025021720,A25,72.0,2620
2026-09-17T06:21:17Z,2026-09-17T08:12:00.000+02:00,A0022021520,A22,77.0,3580
2026-09-17T06:21:17Z,2026-09-17T08:12:00.000+02:00,A0025022140,A25,99.0,2650
2026-09-17T06:21:17Z,2026-09-17T08:12:00.000+02:00,A0022011302,A22,62.0,3440
2026-09-17T06:21:17Z,2026-09-17T08:12:00.000+02:00,A0025022160,A25,96.0,2610
2026-09-17T06:21:17Z,2026-09-17T08:12:00.000+02:00,A9025060104,A25 (bretelle),70.0,2090
2026-09-17T06:21:17Z,2026-09-17T08:12:00.000+02:00,A0027010201,A27,87.0,2200
2026-09-17T06:21:17Z,2026-09-17T08:12:00.000+02:00,A0027010202,A27,35.0,410
2026-09-17T06:21:17Z,2026-09-17T08:12:00.000+02:00,N9227110110,N227 (bretelle),59.0,2500
2026-09-17T06:21:17Z,2026-09-17T08:12:00.000+02:00,A0025012130,A25,97.0,1190
2026-09-17T06:21:17Z,2026-09-17T08:12:00.000+02:00,A0027010210,A27,35.0,410
2026-09-17T06:21:17Z,2026-09-17T08:12:00.000+02:00,A0025011050,A25,94.0,1900
2026-09-17T06:21:17Z,2026-09-17T08:12:00.000+02:00,A0025012140,A25,97.0,1580
2026-09-17T06:21:17Z,2026-09-17T08:12:00.000+02:00,A0027010421,A27,97.0,1090
2026-09-17T06:21:17Z,2026-09-17T08:12:00.000+02:00,A0022012420,A22,92.0,3060
2026-09-17T06:21:17Z,2026-09-17T08:12:00.000+02:00,A0027010430,A27,100.0,1120
2026-09-17T06:21:17Z,2026-09-17T08:12:00.000+02:00,A0023020710,A23,36.0,2610
2026-09-17T06:21:17Z,2026-09-17T08:12:00.000+02:00,A0022012430,A22,90.0,2890
2026-09-17T06:21:17Z,2026-09-17T08:12:00.000+02:00,A0025012160,A25,111.0,2950
2026-09-17T06:21:17Z,2026-09-17T08:12:00.000+02:00,A9022021200,A22 (rocade),32.0,880
2026-09-17T06:21:17Z,2026-09-17T08:12:00.000+02:00,A0001021100,A1,88.0,3750
2026-09-17T06:21:17Z,2026-09-17T08:12:00.000+02:00,A9022101000,A22 (rocade),37.0,1670
2026-09-17T06:21:17Z,2026-09-17T08:12:00.000+02:00,A0025013020,A25,107.0,2370
2026-09-17T06:21:17Z,2026-09-17T08:12:00.000+02:00,A0027010410,A27,97.0,1090
2026-09-17T06:21:17Z,2026-09-17T08:12:00.000+02:00,A0022012410,A22,92.0,3100
2026-09-17T06:21:17Z,2026-09-17T08:12:00.000+02:00,A0001A20112,A1,84.0,2920
2026-09-17T06:21:17Z,2026-09-17T08:12:00.000+02:00,A0001A20111,A1,74.0,1430
2026-09-17T06:21:17Z,2026-09-17T08:12:00.000+02:00,A0001021521,A1,78.0,3510
2026-09-17T06:21:17Z,2026-09-17T08:12:00.000+02:00,A0025022540,A25,112.0,1970
2026-09-17T06:21:17Z,2026-09-17T08:12:00.000+02:00,A0025022300,A25,98.0,1010
2026-09-17T06:21:17Z,2026-09-17T08:12:00.000+02:00,N0356021000,N356,45.0,4180
2026-09-17T06:21:17Z,2026-09-17T08:12:00.000+02:00,A22TC010102,A22 (contournement),50.0,2730
2026-09-17T06:21:17Z,2026-09-17T08:12:00.000+02:00,A0001011503,A1,73.0,7190
2026-09-17T06:21:17Z,2026-09-17T08:12:00.000+02:00,A0022012200,A22,81.0,2770
2026-09-17T06:21:17Z,2026-09-17T08:12:00.000+02:00,A0001A20120,A1,69.0,2870
2026-09-17T06:21:17Z,2026-09-17T08:12:00.000+02:00,A22TC020102,A22 (contournement),81.0,3000
2026-09-17T06:21:17Z,2026-09-17T08:12:00.000+02:00,A22TC010300,A22 (contournement),62.0,2600
2026-09-17T06:21:17Z,2026-09-17T08:12:00.000+02:00,A0022012010,A22,81.0,2140
2026-09-17T06:21:17Z,2026-09-17T08:12:00.000+02:00,A0022012020,A22,81.0,2140
2026-09-17T06:21:17Z,2026-09-17T08:12:00.000+02:00,A0025022130,A25,106.0,2760
2026-09-17T06:21:17Z,2026-09-17T08:12:00.000+02:00,A0023010520,A23,109.0,2190
2026-09-17T06:21:17Z,2026-09-17T08:12:00.000+02:00,N0041020800,N41,97.0,2190
2026-09-17T06:21:17Z,2026-09-17T08:12:00.000+02:00,A0025010500,A25,70.0,3110
2026-09-17T06:21:17Z,2026-09-17T08:12:00.000+02:00,A0022020901,A22,69.0,4320
2026-09-17T06:21:17Z,2026-09-17T08:12:00.000+02:00,A0022020902,A22,69.0,3250
2026-09-17T06:21:17Z,2026-09-17T08:12:00.000+02:00,A0022021810,A22,75.0,2980
2026-09-17T06:21:17Z,2026-09-17T08:12:00.000+02:00,N0356011100,N356,67.0,4550
2026-09-17T06:21:17Z,2026-09-17T08:12:00.000+02:00,A0022021820,A22,75.0,2980
2026-09-17T06:21:17Z,2026-09-17T08:12:00.000+02:00,N0356020802,N356,31.0,4230
2026-09-17T06:21:17Z,2026-09-17T08:12:00.000+02:00,A9022020900,A22 (rocade),81.0,1430
2026-09-17T06:21:17Z,2026-09-17T08:12:00.000+02:00,A0025020102,A25,63.0,190
2026-09-17T06:21:17Z,2026-09-17T08:12:00.000+02:00,A0023010100,A23,97.0,600
2026-09-17T06:21:17Z,2026-09-17T08:12:00.000+02:00,A0025022530,A25,110.0,2070
2026-09-17T06:21:17Z,2026-09-17T08:12:00.000+02:00,A9001210200,A1 (bretelle),62.0,1680
2026-09-17T06:21:17Z,2026-09-17T08:12:00.000+02:00,A0022010700,A22,73.0,3970
2026-09-17T06:21:17Z,2026-09-17T08:12:00.000+02:00,N0041020400,N41,88.0,2750
2026-09-17T06:21:17Z,2026-09-17T08:12:00.000+02:00,A0023020720,A23,41.0,3120
2026-09-17T06:21:17Z,2026-09-17T08:12:00.000+02:00,A0022020500,A22,69.0,2000
2026-09-17T06:21:17Z,2026-09-17T08:12:00.000+02:00,N93563b0150,N356 (bretelle),65.0,70
2026-09-17T06:21:17Z,2026-09-17T08:12:00.000+02:00,A0025020950,A25,20.0,3150
2026-09-17T06:21:17Z,2026-09-17T08:12:00.000+02:00,A0023020300,A23,41.0,1830
2026-09-17T06:21:17Z,2026-09-17T08:12:00.000+02:00,A0001011000,A1,29.0,3400
2026-09-17T06:21:17Z,2026-09-17T08:12:00.000+02:00,A0027020500,A27,87.0,1190
2026-09-17T06:21:17Z,2026-09-17T08:12:00.000+02:00,N0356011500,N356,64.0,5030
2026-09-17T06:21:17Z,2026-09-17T08:12:00.000+02:00,A0001010150,A1,16.0,2450
2026-09-17T06:21:17Z,2026-09-17T08:12:00.000+02:00,N0356020400,N356,19.0,2640
2026-09-17T06:21:17Z,2026-09-17T08:12:00.000+02:00,N0041020600,N41,100.0,940
2026-09-17T06:21:17Z,2026-09-17T08:12:00.000+02:00,A0025010700,A25,68.0,1620
2026-09-17T06:21:17Z,2026-09-17T08:12:00.000+02:00,A0002011230,A2,76.0,3380
2026-09-17T06:21:17Z,2026-09-17T08:12:00.000+02:00,A0025020500,A25,24.0,3340
2026-09-17T06:21:17Z,2026-09-17T08:12:00.000+02:00,A0002021290,A2,98.0,3290
2026-09-17T06:21:17Z,2026-09-17T08:12:00.000+02:00,A0022011600,A22,78.0,1890
2026-09-17T06:31:27Z,2026-09-17T08:24:00.000+02:00,A0001011200,A1,36.0,4030
2026-09-17T06:31:27Z,2026-09-17T08:24:00.000+02:00,A0027010102,A27,90.0,3210
2026-09-17T06:31:27Z,2026-09-17T08:24:00.000+02:00,N0041010100,N41,21.0,1740
2026-09-17T06:31:27Z,2026-09-17T08:24:00.000+02:00,A0027010101,A27,90.0,3210
2026-09-17T06:31:27Z,2026-09-17T08:24:00.000+02:00,A9022010250,A22 (rocade),76.0,1220
2026-09-17T06:31:27Z,2026-09-17T08:24:00.000+02:00,A0001020150,A1,102.0,4480
2026-09-17T06:31:27Z,2026-09-17T08:24:00.000+02:00,N0356011700,N356,69.0,3930
2026-09-17T06:31:27Z,2026-09-17T08:24:00.000+02:00,N9227110200,N227 (bretelle),76.0,70
2026-09-17T06:31:27Z,2026-09-17T08:24:00.000+02:00,N0356021300,N356,29.0,3670
2026-09-17T06:31:27Z,2026-09-17T08:24:00.000+02:00,A0022011400,A22,73.0,1000
2026-09-17T06:31:27Z,2026-09-17T08:24:00.000+02:00,A0027010300,A27,93.0,700
2026-09-17T06:31:27Z,2026-09-17T08:24:00.000+02:00,A9022020250,A22 (rocade),28.0,1410
2026-09-17T06:31:27Z,2026-09-17T08:24:00.000+02:00,N0041010300,N41,18.0,1790
2026-09-17T06:31:27Z,2026-09-17T08:24:00.000+02:00,A0022011210,A22,72.0,1470
2026-09-17T06:31:27Z,2026-09-17T08:24:00.000+02:00,A0027020100,A27,71.0,1570
2026-09-17T06:31:27Z,2026-09-17T08:24:00.000+02:00,A0001010300,A1,86.0,3500
2026-09-17T06:31:27Z,2026-09-17T08:24:00.000+02:00,A0022011220,A22,72.0,1470
2026-09-17T06:31:27Z,2026-09-17T08:24:00.000+02:00,N0227021400,N227,50.0,240
2026-09-17T06:31:27Z,2026-09-17T08:24:00.000+02:00,A9022101110,A22 (rocade),77.0,1230
2026-09-17T06:31:27Z,2026-09-17T08:24:00.000+02:00,A0022022110,A22,80.0,3760
2026-09-17T06:31:27Z,2026-09-17T08:24:00.000+02:00,A0001011420,A1,47.0,3320
2026-09-17T06:31:27Z,2026-09-17T08:24:00.000+02:00,N0356010800,N356,69.0,4280
2026-09-17T06:31:27Z,2026-09-17T08:24:00.000+02:00,A9001210710,A1 (bretelle),62.0,200
2026-09-17T06:31:27Z,2026-09-17T08:24:00.000+02:00,N0356021110,N356,33.0,4000
2026-09-17T06:31:27Z,2026-09-17T08:24:00.000+02:00,A0001010510,A1,47.0,3140
2026-09-17T06:31:27Z,2026-09-17T08:24:00.000+02:00,N0356021122,N356,32.0,4090
2026-09-17T06:31:27Z,2026-09-17T08:24:00.000+02:00,N0356021121,N356,33.0,4000
2026-09-17T06:31:27Z,2026-09-17T08:24:00.000+02:00,A0025010210,A25,71.0,4190
2026-09-17T06:31:27Z,2026-09-17T08:24:00.000+02:00,A0025011300,A25,87.0,1670
2026-09-17T06:31:27Z,2026-09-17T08:24:00.000+02:00,A0001020300,A1,100.0,4270
2026-09-17T06:31:27Z,2026-09-17T08:24:00.000+02:00,A0025021100,A25,7.0,1890
2026-09-17T06:31:27Z,2026-09-17T08:24:00.000+02:00,A0025023520,A25,109.0,1420
2026-09-17T06:31:27Z,2026-09-17T08:24:00.000+02:00,A0022022130,A22,71.0,3250
2026-09-17T06:31:27Z,2026-09-17T08:24:00.000+02:00,A0025010220,A25,71.0,4190
2026-09-17T06:31:27Z,2026-09-17T08:24:00.000+02:00,A0022022120,A22,83.0,3810
2026-09-17T06:31:27Z,2026-09-17T08:24:00.000+02:00,A0001010520,A1,19.0,2640
2026-09-17T06:31:27Z,2026-09-17T08:24:00.000+02:00,A0022011000,A22,73.0,4580
2026-09-17T06:31:27Z,2026-09-17T08:24:00.000+02:00,A0001020510,A1,101.0,4290
2026-09-17T06:31:27Z,2026-09-17T08:24:00.000+02:00,A0001021602,A1,83.0,5390
2026-09-17T06:31:27Z,2026-09-17T08:24:00.000+02:00,A22TC020222,A22 (contournement),75.0,5620
2026-09-17T06:31:27Z,2026-09-17T08:24:00.000+02:00,A0001010940,A1,49.0,4210
2026-09-17T06:31:27Z,2026-09-17T08:24:00.000+02:00,A0025023320,A25,108.0,2640
2026-09-17T06:31:27Z,2026-09-17T08:24:00.000+02:00,A0001020520,A1,98.0,4330
2026-09-17T06:31:27Z,2026-09-17T08:24:00.000+02:00,A0025023100,A25,113.0,2040
2026-09-17T06:31:27Z,2026-09-17T08:24:00.000+02:00,A22TC020230,A22 (contournement),75.0,5620
2026-09-17T06:31:27Z,2026-09-17T08:24:00.000+02:00,A0025021730,A25,25.0,2340
2026-09-17T06:31:27Z,2026-09-17T08:24:00.000+02:00,A0025023910,A25,112.0,1040
2026-09-17T06:31:27Z,2026-09-17T08:24:00.000+02:00,A0025021735,A25,37.0,2400
2026-09-17T06:31:27Z,2026-09-17T08:24:00.000+02:00,A0023010400,A23,107.0,2090
2026-09-17T06:31:27Z,2026-09-17T08:24:00.000+02:00,A0022021900,A22,77.0,3220
2026-09-17T06:31:27Z,2026-09-17T08:24:00.000+02:00,A9022100500,A22 (rocade),72.0,2360
2026-09-17T06:31:27Z,2026-09-17T08:24:00.000+02:00,A0001020940,A1,89.0,4190
2026-09-17T06:31:27Z,2026-09-17T08:24:00.000+02:00,A0001020700,A1,93.0,3340
2026-09-17T06:31:27Z,2026-09-17T08:24:00.000+02:00,A9022020830,A22 (rocade),87.0,250
2026-09-17T06:31:27Z,2026-09-17T08:24:00.000+02:00,A9022020822,A22 (rocade),68.0,1740
2026-09-17T06:31:27Z,2026-09-17T08:24:00.000+02:00,A9022020821,A22 (rocade),68.0,1740
2026-09-17T06:31:27Z,2026-09-17T08:24:00.000+02:00,A0025020420,A25,29.0,4990
2026-09-17T06:31:27Z,2026-09-17T08:24:00.000+02:00,A0025021510,A25,8.0,780
2026-09-17T06:31:27Z,2026-09-17T08:24:00.000+02:00,N0227010100,N227,57.0,2930
2026-09-17T06:31:27Z,2026-09-17T08:24:00.000+02:00,A0025011720,A25,93.0,3440
2026-09-17T06:31:27Z,2026-09-17T08:24:00.000+02:00,A0025021760,A25,24.0,2370
2026-09-17T06:31:27Z,2026-09-17T08:24:00.000+02:00,A0025011730,A25,83.0,3260
2026-09-17T06:31:27Z,2026-09-17T08:24:00.000+02:00,A0025011735,A25,96.0,3140
2026-09-17T06:31:27Z,2026-09-17T08:24:00.000+02:00,A9025080700,A25 (bretelle),,500
2026-09-17T06:31:27Z,2026-09-17T08:24:00.000+02:00,A9022100930,A22 (rocade),69.0,340
2026-09-17T06:31:27Z,2026-09-17T08:24:00.000+02:00,N0356011220,N356,66.0,4380
2026-09-17T06:31:27Z,2026-09-17T08:24:00.000+02:00,A0025011740,A25,82.0,3090
2026-09-17T06:31:27Z,2026-09-17T08:24:00.000+02:00,A0025010410,A25,42.0,4260
2026-09-17T06:31:27Z,2026-09-17T08:24:00.000+02:00,A0023010200,A23,92.0,2590
2026-09-17T06:31:27Z,2026-09-17T08:24:00.000+02:00,A9001210120,A1 (bretelle),68.0,1610
2026-09-17T06:31:27Z,2026-09-17T08:24:00.000+02:00,A0025020210,A25,61.0,6480
2026-09-17T06:31:27Z,2026-09-17T08:24:00.000+02:00,N0356011210,N356,66.0,4380
2026-09-17T06:31:27Z,2026-09-17T08:24:00.000+02:00,A0025011510,A25,88.0,2090
2026-09-17T06:31:27Z,2026-09-17T08:24:00.000+02:00,A0025020220,A25,61.0,6480
2026-09-17T06:31:27Z,2026-09-17T08:24:00.000+02:00,N0227010302,N227,64.0,5270
2026-09-17T06:31:27Z,2026-09-17T08:24:00.000+02:00,N0041010500,N41,23.0,1340
2026-09-17T06:31:27Z,2026-09-17T08:24:00.000+02:00,N0227020101,N227,38.0,3410
2026-09-17T06:31:27Z,2026-09-17T08:24:00.000+02:00,A9022100110,A22 (rocade),59.0,1610
2026-09-17T06:31:27Z,2026-09-17T08:24:00.000+02:00,A0022010400,A22,70.0,5190
2026-09-17T06:31:27Z,2026-09-17T08:24:00.000+02:00,N0356010302,N356,48.0,7040
2026-09-17T06:31:27Z,2026-09-17T08:24:00.000+02:00,A0025010800,A25,76.0,2550
2026-09-17T06:31:27Z,2026-09-17T08:24:00.000+02:00,A0027020621,A27,82.0,2760
2026-09-17T06:31:27Z,2026-09-17T08:24:00.000+02:00,N0041010700,N41,25.0,1470
2026-09-17T06:31:27Z,2026-09-17T08:24:00.000+02:00,A0027020630,A27,92.0,2810
2026-09-17T06:31:27Z,2026-09-17T08:24:00.000+02:00,A0022021512,A22,75.0,3680
2026-09-17T06:31:27Z,2026-09-17T08:24:00.000+02:00,A0022021511,A22,77.0,3610
2026-09-17T06:31:27Z,2026-09-17T08:24:00.000+02:00,A0027020610,A27,82.0,2760
2026-09-17T06:31:27Z,2026-09-17T08:24:00.000+02:00,A0025021720,A25,71.0,2370
2026-09-17T06:31:27Z,2026-09-17T08:24:00.000+02:00,A0022021520,A22,75.0,3680
2026-09-17T06:31:27Z,2026-09-17T08:24:00.000+02:00,A0025022140,A25,97.0,2400
2026-09-17T06:31:27Z,2026-09-17T08:24:00.000+02:00,A0022011302,A22,66.0,3220
2026-09-17T06:31:27Z,2026-09-17T08:24:00.000+02:00,A0025022160,A25,98.0,2390
2026-09-17T06:31:27Z,2026-09-17T08:24:00.000+02:00,A9025060104,A25 (bretelle),69.0,1990
2026-09-17T06:31:27Z,2026-09-17T08:24:00.000+02:00,A0027010201,A27,90.0,1940
2026-09-17T06:31:27Z,2026-09-17T08:24:00.000+02:00,A0027010202,A27,69.0,1010
2026-09-17T06:31:27Z,2026-09-17T08:24:00.000+02:00,N9227110110,N227 (bretelle),70.0,2480
2026-09-17T06:31:27Z,2026-09-17T08:24:00.000+02:00,A0025012130,A25,103.0,1100
2026-09-17T06:31:27Z,2026-09-17T08:24:00.000+02:00,A0027010210,A27,69.0,1010
2026-09-17T06:31:27Z,2026-09-17T08:24:00.000+02:00,A0025011050,A25,89.0,2180
2026-09-17T06:31:27Z,2026-09-17T08:24:00.000+02:00,A0025012140,A25,103.0,1820
2026-09-17T06:31:27Z,2026-09-17T08:24:00.000+02:00,A0027010421,A27,98.0,950
2026-09-17T06:31:27Z,2026-09-17T08:24:00.000+02:00,A0022012420,A22,84.0,3390
2026-09-17T06:31:27Z,2026-09-17T08:24:00.000+02:00,A0027010430,A27,102.0,940
2026-09-17T06:31:27Z,2026-09-17T08:24:00.000+02:00,A0023020710,A23,42.0,2740
2026-09-17T06:31:27Z,2026-09-17T08:24:00.000+02:00,A0022012430,A22,83.0,3170
2026-09-17T06:31:27Z,2026-09-17T08:24:00.000+02:00,A0025012160,A25,114.0,3070
2026-09-17T06:31:27Z,2026-09-17T08:24:00.000+02:00,A9022021200,A22 (rocade),10.0,870
2026-09-17T06:31:27Z,2026-09-17T08:24:00.000+02:00,A0001021100,A1,89.0,2950
2026-09-17T06:31:27Z,2026-09-17T08:24:00.000+02:00,A9022101000,A22 (rocade),34.0,1660
2026-09-17T06:31:27Z,2026-09-17T08:24:00.000+02:00,A0025013020,A25,103.0,2390
2026-09-17T06:31:27Z,2026-09-17T08:24:00.000+02:00,A0027010410,A27,98.0,950
2026-09-17T06:31:27Z,2026-09-17T08:24:00.000+02:00,A0022012410,A22,85.0,3260
2026-09-17T06:31:27Z,2026-09-17T08:24:00.000+02:00,A0001A20112,A1,81.0,3230
2026-09-17T06:31:27Z,2026-09-17T08:24:00.000+02:00,A0001A20111,A1,71.0,1400
2026-09-17T06:31:27Z,2026-09-17T08:24:00.000+02:00,A0001021521,A1,87.0,2320
2026-09-17T06:31:27Z,2026-09-17T08:24:00.000+02:00,A0025022540,A25,110.0,2340
2026-09-17T06:31:27Z,2026-09-17T08:24:00.000+02:00,A0025022300,A25,100.0,880
2026-09-17T06:31:27Z,2026-09-17T08:24:00.000+02:00,N0356021000,N356,24.0,3160
2026-09-17T06:31:27Z,2026-09-17T08:24:00.000+02:00,A22TC010102,A22 (contournement),45.0,2730
2026-09-17T06:31:27Z,2026-09-17T08:24:00.000+02:00,A0001011503,A1,76.0,7330
2026-09-17T06:31:27Z,2026-09-17T08:24:00.000+02:00,A0022012200,A22,77.0,2890
2026-09-17T06:31:27Z,2026-09-17T08:24:00.000+02:00,A0001A20120,A1,64.0,2970
2026-09-17T06:31:27Z,2026-09-17T08:24:00.000+02:00,A22TC020102,A22 (contournement),80.0,3330
2026-09-17T06:31:27Z,2026-09-17T08:24:00.000+02:00,A22TC010300,A22 (contournement),68.0,2840
2026-09-17T06:31:27Z,2026-09-17T08:24:00.000+02:00,A0022012010,A22,79.0,2290
2026-09-17T06:31:27Z,2026-09-17T08:24:00.000+02:00,A0022012020,A22,79.0,2290
2026-09-17T06:31:27Z,2026-09-17T08:24:00.000+02:00,A0025022130,A25,102.0,2590
2026-09-17T06:31:27Z,2026-09-17T08:24:00.000+02:00,A0023010520,A23,115.0,2210
2026-09-17T06:31:27Z,2026-09-17T08:24:00.000+02:00,N0041020800,N41,96.0,1990
2026-09-17T06:31:27Z,2026-09-17T08:24:00.000+02:00,A0025010500,A25,69.0,3000
2026-09-17T06:31:27Z,2026-09-17T08:24:00.000+02:00,A0022020901,A22,71.0,4590
2026-09-17T06:31:27Z,2026-09-17T08:24:00.000+02:00,A0022020902,A22,71.0,3450
2026-09-17T06:31:27Z,2026-09-17T08:24:00.000+02:00,A0022021810,A22,76.0,2930
2026-09-17T06:31:27Z,2026-09-17T08:24:00.000+02:00,N0356011100,N356,66.0,4220
2026-09-17T06:31:27Z,2026-09-17T08:24:00.000+02:00,A0022021820,A22,76.0,2930
2026-09-17T06:31:27Z,2026-09-17T08:24:00.000+02:00,N0356020802,N356,17.0,2730
2026-09-17T06:31:27Z,2026-09-17T08:24:00.000+02:00,A9022020900,A22 (rocade),77.0,1260
2026-09-17T06:31:27Z,2026-09-17T08:24:00.000+02:00,A0025020102,A25,53.0,150
2026-09-17T06:31:27Z,2026-09-17T08:24:00.000+02:00,A0023010100,A23,101.0,480
2026-09-17T06:31:27Z,2026-09-17T08:24:00.000+02:00,A0025022530,A25,110.0,2330
2026-09-17T06:31:27Z,2026-09-17T08:24:00.000+02:00,A9001210200,A1 (bretelle),62.0,1510
2026-09-17T06:31:27Z,2026-09-17T08:24:00.000+02:00,A0022010700,A22,75.0,3940
2026-09-17T06:31:27Z,2026-09-17T08:24:00.000+02:00,N0041020400,N41,87.0,2690
2026-09-17T06:31:27Z,2026-09-17T08:24:00.000+02:00,A0023020720,A23,43.0,2750
2026-09-17T06:31:27Z,2026-09-17T08:24:00.000+02:00,A0022020500,A22,71.0,2010
2026-09-17T06:31:27Z,2026-09-17T08:24:00.000+02:00,N93563b0150,N356 (bretelle),67.0,80
2026-09-17T06:31:27Z,2026-09-17T08:24:00.000+02:00,A0025020950,A25,27.0,3410
2026-09-17T06:31:27Z,2026-09-17T08:24:00.000+02:00,A0023020300,A23,35.0,1490
2026-09-17T06:31:27Z,2026-09-17T08:24:00.000+02:00,A0001011000,A1,35.0,3490
2026-09-17T06:31:27Z,2026-09-17T08:24:00.000+02:00,A0027020500,A27,19.0,1400
2026-09-17T06:31:27Z,2026-09-17T08:24:00.000+02:00,N0356011500,N356,63.0,4830
2026-09-17T06:31:27Z,2026-09-17T08:24:00.000+02:00,A0001010150,A1,76.0,3510
2026-09-17T06:31:27Z,2026-09-17T08:24:00.000+02:00,N0356020400,N356,9.0,930
2026-09-17T06:31:27Z,2026-09-17T08:24:00.000+02:00,N0041020600,N41,92.0,810
2026-09-17T06:31:27Z,2026-09-17T08:24:00.000+02:00,A0025010700,A25,61.0,1600
2026-09-17T06:31:27Z,2026-09-17T08:24:00.000+02:00,A0002011230,A2,70.0,2840
2026-09-17T06:31:27Z,2026-09-17T08:24:00.000+02:00,A0025020500,A25,17.0,2690
2026-09-17T06:31:27Z,2026-09-17T08:24:00.000+02:00,A0002021290,A2,96.0,3230
2026-09-17T06:31:27Z,2026-09-17T08:24:00.000+02:00,A0022011600,A22,79.0,1870
2026-09-17T06:41:17Z,2026-09-17T08:30:00.000+02:00,A0001011200,A1,40.0,4230
2026-09-17T06:41:17Z,2026-09-17T08:30:00.000+02:00,A0027010102,A27,79.0,3540
2026-09-17T06:41:17Z,2026-09-17T08:30:00.000+02:00,N0041010100,N41,17.0,1930
2026-09-17T06:41:17Z,2026-09-17T08:30:00.000+02:00,A0027010101,A27,79.0,3540
2026-09-17T06:41:17Z,2026-09-17T08:30:00.000+02:00,A9022010250,A22 (rocade),78.0,1100
2026-09-17T06:41:17Z,2026-09-17T08:30:00.000+02:00,A0001020150,A1,107.0,3530
2026-09-17T06:41:17Z,2026-09-17T08:30:00.000+02:00,N0356011700,N356,69.0,4180
2026-09-17T06:41:17Z,2026-09-17T08:30:00.000+02:00,N9227110200,N227 (bretelle),70.0,50
2026-09-17T06:41:17Z,2026-09-17T08:30:00.000+02:00,N0356021300,N356,25.0,3220
2026-09-17T06:41:17Z,2026-09-17T08:30:00.000+02:00,A0022011400,A22,77.0,960
2026-09-17T06:41:17Z,2026-09-17T08:30:00.000+02:00,A0027010300,A27,92.0,670
2026-09-17T06:41:17Z,2026-09-17T08:30:00.000+02:00,A9022020250,A22 (rocade),20.0,1420
2026-09-17T06:41:17Z,2026-09-17T08:30:00.000+02:00,N0041010300,N41,32.0,2770
2026-09-17T06:41:17Z,2026-09-17T08:30:00.000+02:00,A0022011210,A22,74.0,1410
2026-09-17T06:41:17Z,2026-09-17T08:30:00.000+02:00,A0027020100,A27,71.0,1880
2026-09-17T06:41:17Z,2026-09-17T08:30:00.000+02:00,A0001010300,A1,17.0,1560
2026-09-17T06:41:17Z,2026-09-17T08:30:00.000+02:00,A0022011220,A22,74.0,1410
2026-09-17T06:41:17Z,2026-09-17T08:30:00.000+02:00,N0227021400,N227,48.0,260
2026-09-17T06:41:17Z,2026-09-17T08:30:00.000+02:00,A9022101110,A22 (rocade),78.0,1240
2026-09-17T06:41:17Z,2026-09-17T08:30:00.000+02:00,A0022022110,A22,81.0,3890
2026-09-17T06:41:17Z,2026-09-17T08:30:00.000+02:00,A0001011420,A1,54.0,3390
2026-09-17T06:41:17Z,2026-09-17T08:30:00.000+02:00,N0356010800,N356,71.0,4300
2026-09-17T06:41:17Z,2026-09-17T08:30:00.000+02:00,A9001210710,A1 (bretelle),63.0,140
2026-09-17T06:41:17Z,2026-09-17T08:30:00.000+02:00,N0356021110,N356,12.0,2360
2026-09-17T06:41:17Z,2026-09-17T08:30:00.000+02:00,A0001010510,A1,36.0,2310
2026-09-17T06:41:17Z,2026-09-17T08:30:00.000+02:00,N0356021122,N356,17.0,2860
2026-09-17T06:41:17Z,2026-09-17T08:30:00.000+02:00,N0356021121,N356,12.0,2360
2026-09-17T06:41:17Z,2026-09-17T08:30:00.000+02:00,A0025010210,A25,71.0,3910
2026-09-17T06:41:17Z,2026-09-17T08:30:00.000+02:00,A0025011300,A25,86.0,1560
2026-09-17T06:41:17Z,2026-09-17T08:30:00.000+02:00,A0001020300,A1,107.0,3350
2026-09-17T06:41:17Z,2026-09-17T08:30:00.000+02:00,A0025021100,A25,14.0,1470
2026-09-17T06:41:17Z,2026-09-17T08:30:00.000+02:00,A0025023520,A25,113.0,1130
2026-09-17T06:41:17Z,2026-09-17T08:30:00.000+02:00,A0022022130,A22,71.0,3440
2026-09-17T06:41:17Z,2026-09-17T08:30:00.000+02:00,A0025010220,A25,71.0,3910
2026-09-17T06:41:17Z,2026-09-17T08:30:00.000+02:00,A0022022120,A22,83.0,3880
2026-09-17T06:41:17Z,2026-09-17T08:30:00.000+02:00,A0001010520,A1,40.0,3570
2026-09-17T06:41:17Z,2026-09-17T08:30:00.000+02:00,A0022011000,A22,74.0,4300
2026-09-17T06:41:17Z,2026-09-17T08:30:00.000+02:00,A0001020510,A1,105.0,3400
2026-09-17T06:41:17Z,2026-09-17T08:30:00.000+02:00,A0001021602,A1,84.0,5520
2026-09-17T06:41:17Z,2026-09-17T08:30:00.000+02:00,A22TC020222,A22 (contournement),74.0,5620
2026-09-17T06:41:17Z,2026-09-17T08:30:00.000+02:00,A0001010940,A1,43.0,3780
2026-09-17T06:41:17Z,2026-09-17T08:30:00.000+02:00,A0025023320,A25,111.0,1850
2026-09-17T06:41:17Z,2026-09-17T08:30:00.000+02:00,A0001020520,A1,100.0,3550
2026-09-17T06:41:17Z,2026-09-17T08:30:00.000+02:00,A0025023100,A25,105.0,1610
2026-09-17T06:41:17Z,2026-09-17T08:30:00.000+02:00,A22TC020230,A22 (contournement),74.0,5620
2026-09-17T06:41:17Z,2026-09-17T08:30:00.000+02:00,A0025021730,A25,30.0,2570
2026-09-17T06:41:17Z,2026-09-17T08:30:00.000+02:00,A0025023910,A25,115.0,950
2026-09-17T06:41:17Z,2026-09-17T08:30:00.000+02:00,A0025021735,A25,41.0,2450
2026-09-17T06:41:17Z,2026-09-17T08:30:00.000+02:00,A0023010400,A23,110.0,1600
2026-09-17T06:41:17Z,2026-09-17T08:30:00.000+02:00,A0022021900,A22,77.0,3180
2026-09-17T06:41:17Z,2026-09-17T08:30:00.000+02:00,A9022100500,A22 (rocade),70.0,2170
2026-09-17T06:41:17Z,2026-09-17T08:30:00.000+02:00,A0001020940,A1,92.0,3410
2026-09-17T06:41:17Z,2026-09-17T08:30:00.000+02:00,A0001020700,A1,95.0,2880
2026-09-17T06:41:17Z,2026-09-17T08:30:00.000+02:00,A9022020830,A22 (rocade),89.0,270
2026-09-17T06:41:17Z,2026-09-17T08:30:00.000+02:00,A9022020822,A22 (rocade),65.0,1610
2026-09-17T06:41:17Z,2026-09-17T08:30:00.000+02:00,A9022020821,A22 (rocade),65.0,1610
2026-09-17T06:41:17Z,2026-09-17T08:30:00.000+02:00,A0025020420,A25,30.0,5580
2026-09-17T06:41:17Z,2026-09-17T08:30:00.000+02:00,A0025021510,A25,12.0,1160
2026-09-17T06:41:17Z,2026-09-17T08:30:00.000+02:00,N0227010100,N227,41.0,2710
2026-09-17T06:41:17Z,2026-09-17T08:30:00.000+02:00,A0025011720,A25,95.0,2970
2026-09-17T06:41:17Z,2026-09-17T08:30:00.000+02:00,A0025021760,A25,21.0,2360
2026-09-17T06:41:17Z,2026-09-17T08:30:00.000+02:00,A0025011730,A25,82.0,3050
2026-09-17T06:41:17Z,2026-09-17T08:30:00.000+02:00,A0025011735,A25,95.0,3160
2026-09-17T06:41:17Z,2026-09-17T08:30:00.000+02:00,A9025080700,A25 (bretelle),,540
2026-09-17T06:41:17Z,2026-09-17T08:30:00.000+02:00,A9022100930,A22 (rocade),71.0,290
2026-09-17T06:41:17Z,2026-09-17T08:30:00.000+02:00,N0356011220,N356,65.0,4830
2026-09-17T06:41:17Z,2026-09-17T08:30:00.000+02:00,A0025011740,A25,80.0,3200
2026-09-17T06:41:17Z,2026-09-17T08:30:00.000+02:00,A0025010410,A25,64.0,3060
2026-09-17T06:41:17Z,2026-09-17T08:30:00.000+02:00,A0023010200,A23,90.0,2140
2026-09-17T06:41:17Z,2026-09-17T08:30:00.000+02:00,A9001210120,A1 (bretelle),65.0,1610
2026-09-17T06:41:17Z,2026-09-17T08:30:00.000+02:00,A0025020210,A25,62.0,6790
2026-09-17T06:41:17Z,2026-09-17T08:30:00.000+02:00,N0356011210,N356,65.0,4830
2026-09-17T06:41:17Z,2026-09-17T08:30:00.000+02:00,A0025011510,A25,88.0,1980
2026-09-17T06:41:17Z,2026-09-17T08:30:00.000+02:00,A0025020220,A25,62.0,6790
2026-09-17T06:41:17Z,2026-09-17T08:30:00.000+02:00,N0227010302,N227,62.0,5380
2026-09-17T06:41:17Z,2026-09-17T08:30:00.000+02:00,N0041010500,N41,12.0,1950
2026-09-17T06:41:17Z,2026-09-17T08:30:00.000+02:00,N0227020101,N227,40.0,3420
2026-09-17T06:41:17Z,2026-09-17T08:30:00.000+02:00,A9022100110,A22 (rocade),59.0,1630
2026-09-17T06:41:17Z,2026-09-17T08:30:00.000+02:00,A0022010400,A22,70.0,4720
2026-09-17T06:41:17Z,2026-09-17T08:30:00.000+02:00,N0356010302,N356,42.0,7130
2026-09-17T06:41:17Z,2026-09-17T08:30:00.000+02:00,A0025010800,A25,76.0,2250
2026-09-17T06:41:17Z,2026-09-17T08:30:00.000+02:00,A0027020621,A27,70.0,2840
2026-09-17T06:41:17Z,2026-09-17T08:30:00.000+02:00,N0041010700,N41,53.0,1030
2026-09-17T06:41:17Z,2026-09-17T08:30:00.000+02:00,A0027020630,A27,89.0,2970
2026-09-17T06:41:17Z,2026-09-17T08:30:00.000+02:00,A0022021512,A22,77.0,3690
2026-09-17T06:41:17Z,2026-09-17T08:30:00.000+02:00,A0022021511,A22,78.0,3690
2026-09-17T06:41:17Z,2026-09-17T08:30:00.000+02:00,A0027020610,A27,70.0,2840
2026-09-17T06:41:17Z,2026-09-17T08:30:00.000+02:00,A0025021720,A25,73.0,2600
2026-09-17T06:41:17Z,2026-09-17T08:30:00.000+02:00,A0022021520,A22,77.0,3690
2026-09-17T06:41:17Z,2026-09-17T08:30:00.000+02:00,A0025022140,A25,99.0,2690
2026-09-17T06:41:17Z,2026-09-17T08:30:00.000+02:00,A0022011302,A22,68.0,3210
2026-09-17T06:41:17Z,2026-09-17T08:30:00.000+02:00,A0025022160,A25,100.0,2550
2026-09-17T06:41:17Z,2026-09-17T08:30:00.000+02:00,A9025060104,A25 (bretelle),72.0,1980
2026-09-17T06:41:17Z,2026-09-17T08:30:00.000+02:00,A0027010201,A27,91.0,1760
2026-09-17T06:41:17Z,2026-09-17T08:30:00.000+02:00,A0027010202,A27,76.0,1130
2026-09-17T06:41:17Z,2026-09-17T08:30:00.000+02:00,N9227110110,N227 (bretelle),70.0,2430
2026-09-17T06:41:17Z,2026-09-17T08:30:00.000+02:00,A0025012130,A25,92.0,1190
2026-09-17T06:41:17Z,2026-09-17T08:30:00.000+02:00,A0027010210,A27,76.0,1130
2026-09-17T06:41:17Z,2026-09-17T08:30:00.000+02:00,A0025011050,A25,87.0,1940
2026-09-17T06:41:17Z,2026-09-17T08:30:00.000+02:00,A0025012140,A25,106.0,1570
2026-09-17T06:41:17Z,2026-09-17T08:30:00.000+02:00,A0027010421,A27,96.0,930
2026-09-17T06:41:17Z,2026-09-17T08:30:00.000+02:00,A0022012420,A22,92.0,2820
2026-09-17T06:41:17Z,2026-09-17T08:30:00.000+02:00,A0027010430,A27,100.0,930
2026-09-17T06:41:17Z,2026-09-17T08:30:00.000+02:00,A0023020710,A23,33.0,2700
2026-09-17T06:41:17Z,2026-09-17T08:30:00.000+02:00,A0022012430,A22,88.0,2710
2026-09-17T06:41:17Z,2026-09-17T08:30:00.000+02:00,A0025012160,A25,112.0,3010
2026-09-17T06:41:17Z,2026-09-17T08:30:00.000+02:00,A9022021200,A22 (rocade),8.0,750
2026-09-17T06:41:17Z,2026-09-17T08:30:00.000+02:00,A0001021100,A1,92.0,2760
2026-09-17T06:41:17Z,2026-09-17T08:30:00.000+02:00,A9022101000,A22 (rocade),38.0,1690
2026-09-17T06:41:17Z,2026-09-17T08:30:00.000+02:00,A0025013020,A25,109.0,2400
2026-09-17T06:41:17Z,2026-09-17T08:30:00.000+02:00,A0027010410,A27,96.0,930
2026-09-17T06:41:17Z,2026-09-17T08:30:00.000+02:00,A0022012410,A22,92.0,2900
2026-09-17T06:41:17Z,2026-09-17T08:30:00.000+02:00,A0001A20112,A1,84.0,3140
2026-09-17T06:41:17Z,2026-09-17T08:30:00.000+02:00,A0001A20111,A1,81.0,1300
2026-09-17T06:41:17Z,2026-09-17T08:30:00.000+02:00,A0001021521,A1,89.0,2410
2026-09-17T06:41:17Z,2026-09-17T08:30:00.000+02:00,A0025022540,A25,109.0,2090
2026-09-17T06:41:17Z,2026-09-17T08:30:00.000+02:00,A0025022300,A25,98.0,1120
2026-09-17T06:41:17Z,2026-09-17T08:30:00.000+02:00,N0356021000,N356,11.0,2010
2026-09-17T06:41:17Z,2026-09-17T08:30:00.000+02:00,A22TC010102,A22 (contournement),49.0,2980
2026-09-17T06:41:17Z,2026-09-17T08:30:00.000+02:00,A0001011503,A1,74.0,6980
2026-09-17T06:41:17Z,2026-09-17T08:30:00.000+02:00,A0022012200,A22,82.0,2480
2026-09-17T06:41:17Z,2026-09-17T08:30:00.000+02:00,A0001A20120,A1,72.0,2710
2026-09-17T06:41:17Z,2026-09-17T08:30:00.000+02:00,A22TC020102,A22 (contournement),80.0,3210
2026-09-17T06:41:17Z,2026-09-17T08:30:00.000+02:00,A22TC010300,A22 (contournement),65.0,2880
2026-09-17T06:41:17Z,2026-09-17T08:30:00.000+02:00,A0022012010,A22,80.0,1960
2026-09-17T06:41:17Z,2026-09-17T08:30:00.000+02:00,A0022012020,A22,80.0,1960
2026-09-17T06:41:17Z,2026-09-17T08:30:00.000+02:00,A0025022130,A25,104.0,2480
2026-09-17T06:41:17Z,2026-09-17T08:30:00.000+02:00,A0023010520,A23,115.0,1650
2026-09-17T06:41:17Z,2026-09-17T08:30:00.000+02:00,N0041020800,N41,95.0,2300
2026-09-17T06:41:17Z,2026-09-17T08:30:00.000+02:00,A0025010500,A25,69.0,2290
2026-09-17T06:41:17Z,2026-09-17T08:30:00.000+02:00,A0022020901,A22,60.0,4420
2026-09-17T06:41:17Z,2026-09-17T08:30:00.000+02:00,A0022020902,A22,60.0,3180
2026-09-17T06:41:17Z,2026-09-17T08:30:00.000+02:00,A0022021810,A22,77.0,2890
2026-09-17T06:41:17Z,2026-09-17T08:30:00.000+02:00,N0356011100,N356,68.0,4440
2026-09-17T06:41:17Z,2026-09-17T08:30:00.000+02:00,A0022021820,A22,77.0,2890
2026-09-17T06:41:17Z,2026-09-17T08:30:00.000+02:00,N0356020802,N356,14.0,2510
2026-09-17T06:41:17Z,2026-09-17T08:30:00.000+02:00,A9022020900,A22 (rocade),81.0,1190
2026-09-17T06:41:17Z,2026-09-17T08:30:00.000+02:00,A0025020102,A25,54.0,170
2026-09-17T06:41:17Z,2026-09-17T08:30:00.000+02:00,A0023010100,A23,89.0,690
2026-09-17T06:41:17Z,2026-09-17T08:30:00.000+02:00,A0025022530,A25,112.0,2070
2026-09-17T06:41:17Z,2026-09-17T08:30:00.000+02:00,A9001210200,A1 (bretelle),52.0,1460
2026-09-17T06:41:17Z,2026-09-17T08:30:00.000+02:00,A0022010700,A22,73.0,3660
2026-09-17T06:41:17Z,2026-09-17T08:30:00.000+02:00,N0041020400,N41,84.0,2960
2026-09-17T06:41:17Z,2026-09-17T08:30:00.000+02:00,A0023020720,A23,39.0,2550
2026-09-17T06:41:17Z,2026-09-17T08:30:00.000+02:00,A0022020500,A22,60.0,1690
2026-09-17T06:41:17Z,2026-09-17T08:30:00.000+02:00,N93563b0150,N356 (bretelle),68.0,110
2026-09-17T06:41:17Z,2026-09-17T08:30:00.000+02:00,A0025020950,A25,24.0,3390
2026-09-17T06:41:17Z,2026-09-17T08:30:00.000+02:00,A0023020300,A23,38.0,1770
2026-09-17T06:41:17Z,2026-09-17T08:30:00.000+02:00,A0001011000,A1,33.0,3350
2026-09-17T06:41:17Z,2026-09-17T08:30:00.000+02:00,A0027020500,A27,10.0,1200
2026-09-17T06:41:17Z,2026-09-17T08:30:00.000+02:00,N0356011500,N356,65.0,4790
2026-09-17T06:41:17Z,2026-09-17T08:30:00.000+02:00,A0001010150,A1,37.0,2590
2026-09-17T06:41:17Z,2026-09-17T08:30:00.000+02:00,N0356020400,N356,8.0,1050
2026-09-17T06:41:17Z,2026-09-17T08:30:00.000+02:00,N0041020600,N41,94.0,860
2026-09-17T06:41:17Z,2026-09-17T08:30:00.000+02:00,A0025010700,A25,62.0,1410
2026-09-17T06:41:17Z,2026-09-17T08:30:00.000+02:00,A0002011230,A2,84.0,2990
2026-09-17T06:41:17Z,2026-09-17T08:30:00.000+02:00,A0025020500,A25,22.0,3270
2026-09-17T06:41:17Z,2026-09-17T08:30:00.000+02:00,A0002021290,A2,99.0,3100
2026-09-17T06:41:17Z,2026-09-17T08:30:00.000+02:00,A0022011600,A22,81.0,1650
2026-09-17T06:51:21Z,2026-09-17T08:42:00.000+02:00,A0001011200,A1,37.0,4190
2026-09-17T06:51:21Z,2026-09-17T08:42:00.000+02:00,A0027010102,A27,86.0,3610
2026-09-17T06:51:21Z,2026-09-17T08:42:00.000+02:00,N0041010100,N41,55.0,1540
2026-09-17T06:51:21Z,2026-09-17T08:42:00.000+02:00,A0027010101,A27,86.0,3610
2026-09-17T06:51:21Z,2026-09-17T08:42:00.000+02:00,A9022010250,A22 (rocade),74.0,1390
2026-09-17T06:51:21Z,2026-09-17T08:42:00.000+02:00,A0001020150,A1,108.0,3630
2026-09-17T06:51:21Z,2026-09-17T08:42:00.000+02:00,N0356011700,N356,31.0,3920
2026-09-17T06:51:21Z,2026-09-17T08:42:00.000+02:00,N9227110200,N227 (bretelle),68.0,80
2026-09-17T06:51:21Z,2026-09-17T08:42:00.000+02:00,N0356021300,N356,11.0,2040
2026-09-17T06:51:21Z,2026-09-17T08:42:00.000+02:00,A0022011400,A22,73.0,1030
2026-09-17T06:51:21Z,2026-09-17T08:42:00.000+02:00,A0027010300,A27,91.0,620
2026-09-17T06:51:21Z,2026-09-17T08:42:00.000+02:00,A9022020250,A22 (rocade),17.0,1780
2026-09-17T06:51:21Z,2026-09-17T08:42:00.000+02:00,N0041010300,N41,26.0,2290
2026-09-17T06:51:21Z,2026-09-17T08:42:00.000+02:00,A0022011210,A22,77.0,1530
2026-09-17T06:51:21Z,2026-09-17T08:42:00.000+02:00,A0027020100,A27,67.0,2720
2026-09-17T06:51:21Z,2026-09-17T08:42:00.000+02:00,A0001010300,A1,15.0,1250
2026-09-17T06:51:21Z,2026-09-17T08:42:00.000+02:00,A0022011220,A22,77.0,1530
2026-09-17T06:51:21Z,2026-09-17T08:42:00.000+02:00,N0227021400,N227,51.0,260
2026-09-17T06:51:21Z,2026-09-17T08:42:00.000+02:00,A9022101110,A22 (rocade),78.0,1160
2026-09-17T06:51:21Z,2026-09-17T08:42:00.000+02:00,A0022022110,A22,84.0,3820
2026-09-17T06:51:21Z,2026-09-17T08:42:00.000+02:00,A0001011420,A1,34.0,3130
2026-09-17T06:51:21Z,2026-09-17T08:42:00.000+02:00,N0356010800,N356,67.0,4510
2026-09-17T06:51:21Z,2026-09-17T08:42:00.000+02:00,A9001210710,A1 (bretelle),61.0,340
2026-09-17T06:51:21Z,2026-09-17T08:42:00.000+02:00,N0356021110,N356,11.0,2540
2026-09-17T06:51:21Z,2026-09-17T08:42:00.000+02:00,A0001010510,A1,28.0,2820
2026-09-17T06:51:21Z,2026-09-17T08:42:00.000+02:00,N0356021122,N356,10.0,2200
2026-09-17T06:51:21Z,2026-09-17T08:42:00.000+02:00,N0356021121,N356,11.0,2540
2026-09-17T06:51:21Z,2026-09-17T08:42:00.000+02:00,A0025010210,A25,72.0,4280
2026-09-17T06:51:21Z,2026-09-17T08:42:00.000+02:00,A0025011300,A25,88.0,1210
2026-09-17T06:51:21Z,2026-09-17T08:42:00.000+02:00,A0001020300,A1,110.0,3560
2026-09-17T06:51:21Z,2026-09-17T08:42:00.000+02:00,A0025021100,A25,11.0,1240
2026-09-17T06:51:21Z,2026-09-17T08:42:00.000+02:00,A0025023520,A25,105.0,1140
2026-09-17T06:51:21Z,2026-09-17T08:42:00.000+02:00,A0022022130,A22,72.0,3480
2026-09-17T06:51:21Z,2026-09-17T08:42:00.000+02:00,A0025010220,A25,72.0,4280
2026-09-17T06:51:21Z,2026-09-17T08:42:00.000+02:00,A0022022120,A22,85.0,3820
2026-09-17T06:51:21Z,2026-09-17T08:42:00.000+02:00,A0001010520,A1,51.0,3710
2026-09-17T06:51:21Z,2026-09-17T08:42:00.000+02:00,A0022011000,A22,66.0,4200
2026-09-17T06:51:21Z,2026-09-17T08:42:00.000+02:00,A0001020510,A1,107.0,3730
2026-09-17T06:51:21Z,2026-09-17T08:42:00.000+02:00,A0001021602,A1,85.0,5320
2026-09-17T06:51:21Z,2026-09-17T08:42:00.000+02:00,A22TC020222,A22 (contournement),69.0,5880
2026-09-17T06:51:21Z,2026-09-17T08:42:00.000+02:00,A0001010940,A1,75.0,4450
2026-09-17T06:51:21Z,2026-09-17T08:42:00.000+02:00,A0025023320,A25,106.0,1920
2026-09-17T06:51:21Z,2026-09-17T08:42:00.000+02:00,A0001020520,A1,102.0,3760
2026-09-17T06:51:21Z,2026-09-17T08:42:00.000+02:00,A0025023100,A25,107.0,1500
2026-09-17T06:51:21Z,2026-09-17T08:42:00.000+02:00,A22TC020230,A22 (contournement),69.0,5880
2026-09-17T06:51:21Z,2026-09-17T08:42:00.000+02:00,A0025021730,A25,27.0,2370
2026-09-17T06:51:21Z,2026-09-17T08:42:00.000+02:00,A0025023910,A25,110.0,1130
2026-09-17T06:51:21Z,2026-09-17T08:42:00.000+02:00,A0025021735,A25,46.0,2500
2026-09-17T06:51:21Z,2026-09-17T08:42:00.000+02:00,A0023010400,A23,103.0,1660
2026-09-17T06:51:21Z,2026-09-17T08:42:00.000+02:00,A0022021900,A22,78.0,3170
2026-09-17T06:51:21Z,2026-09-17T08:42:00.000+02:00,A9022100500,A22 (rocade),69.0,2100
2026-09-17T06:51:21Z,2026-09-17T08:42:00.000+02:00,A0001020940,A1,91.0,4050
2026-09-17T06:51:21Z,2026-09-17T08:42:00.000+02:00,A0001020700,A1,101.0,2880
2026-09-17T06:51:21Z,2026-09-17T08:42:00.000+02:00,A9022020830,A22 (rocade),87.0,240
2026-09-17T06:51:21Z,2026-09-17T08:42:00.000+02:00,A9022020822,A22 (rocade),72.0,1510
2026-09-17T06:51:21Z,2026-09-17T08:42:00.000+02:00,A9022020821,A22 (rocade),72.0,1510
2026-09-17T06:51:21Z,2026-09-17T08:42:00.000+02:00,A0025020420,A25,30.0,5420
2026-09-17T06:51:21Z,2026-09-17T08:42:00.000+02:00,A0025021510,A25,10.0,830
2026-09-17T06:51:21Z,2026-09-17T08:42:00.000+02:00,N0227010100,N227,29.0,2990
2026-09-17T06:51:21Z,2026-09-17T08:42:00.000+02:00,A0025011720,A25,99.0,2870
2026-09-17T06:51:21Z,2026-09-17T08:42:00.000+02:00,A0025021760,A25,55.0,2760
2026-09-17T06:51:21Z,2026-09-17T08:42:00.000+02:00,A0025011730,A25,87.0,2890
2026-09-17T06:51:21Z,2026-09-17T08:42:00.000+02:00,A0025011735,A25,99.0,2960
2026-09-17T06:51:21Z,2026-09-17T08:42:00.000+02:00,A9025080700,A25 (bretelle),,560
2026-09-17T06:51:21Z,2026-09-17T08:42:00.000+02:00,A9022100930,A22 (rocade),59.0,280
2026-09-17T06:51:21Z,2026-09-17T08:42:00.000+02:00,N0356011220,N356,52.0,5060
2026-09-17T06:51:21Z,2026-09-17T08:42:00.000+02:00,A0025011740,A25,83.0,2970
2026-09-17T06:51:21Z,2026-09-17T08:42:00.000+02:00,A0025010410,A25,69.0,3720
2026-09-17T06:51:21Z,2026-09-17T08:42:00.000+02:00,A0023010200,A23,81.0,2120
2026-09-17T06:51:21Z,2026-09-17T08:42:00.000+02:00,A9001210120,A1 (bretelle),48.0,1860
2026-09-17T06:51:21Z,2026-09-17T08:42:00.000+02:00,A0025020210,A25,51.0,6160
2026-09-17T06:51:21Z,2026-09-17T08:42:00.000+02:00,N0356011210,N356,52.0,5060
2026-09-17T06:51:21Z,2026-09-17T08:42:00.000+02:00,A0025011510,A25,89.0,1680
2026-09-17T06:51:21Z,2026-09-17T08:42:00.000+02:00,A0025020220,A25,51.0,6160
2026-09-17T06:51:21Z,2026-09-17T08:42:00.000+02:00,N0227010302,N227,56.0,5510
2026-09-17T06:51:21Z,2026-09-17T08:42:00.000+02:00,N0041010500,N41,29.0,1480
2026-09-17T06:51:21Z,2026-09-17T08:42:00.000+02:00,N0227020101,N227,31.0,3170
2026-09-17T06:51:21Z,2026-09-17T08:42:00.000+02:00,A9022100110,A22 (rocade),43.0,1340
2026-09-17T06:51:21Z,2026-09-17T08:42:00.000+02:00,A0022010400,A22,70.0,4830
2026-09-17T06:51:21Z,2026-09-17T08:42:00.000+02:00,N0356010302,N356,49.0,7310
2026-09-17T06:51:21Z,2026-09-17T08:42:00.000+02:00,A0025010800,A25,76.0,2450
2026-09-17T06:51:21Z,2026-09-17T08:42:00.000+02:00,A0027020621,A27,29.0,2320
2026-09-17T06:51:21Z,2026-09-17T08:42:00.000+02:00,N0041010700,N41,45.0,1140
2026-09-17T06:51:21Z,2026-09-17T08:42:00.000+02:00,A0027020630,A27,30.0,2330
2026-09-17T06:51:21Z,2026-09-17T08:42:00.000+02:00,A0022021512,A22,78.0,3380
2026-09-17T06:51:21Z,2026-09-17T08:42:00.000+02:00,A0022021511,A22,79.0,3320
2026-09-17T06:51:21Z,2026-09-17T08:42:00.000+02:00,A0027020610,A27,29.0,2320
2026-09-17T06:51:21Z,2026-09-17T08:42:00.000+02:00,A0025021720,A25,76.0,2360
2026-09-17T06:51:21Z,2026-09-17T08:42:00.000+02:00,A0022021520,A22,78.0,3380
2026-09-17T06:51:21Z,2026-09-17T08:42:00.000+02:00,A0025022140,A25,100.0,2110
2026-09-17T06:51:21Z,2026-09-17T08:42:00.000+02:00,A0022011302,A22,37.0,3150
2026-09-17T06:51:21Z,2026-09-17T08:42:00.000+02:00,A0025022160,A25,100.0,2040
2026-09-17T06:51:21Z,2026-09-17T08:42:00.000+02:00,A9025060104,A25 (bretelle),69.0,2350
2026-09-17T06:51:21Z,2026-09-17T08:42:00.000+02:00,A0027010201,A27,90.0,1670
2026-09-17T06:51:21Z,2026-09-17T08:42:00.000+02:00,A0027010202,A27,57.0,1030
2026-09-17T06:51:21Z,2026-09-17T08:42:00.000+02:00,N9227110110,N227 (bretelle),71.0,2290
2026-09-17T06:51:21Z,2026-09-17T08:42:00.000+02:00,A0025012130,A25,108.0,1210
2026-09-17T06:51:21Z,2026-09-17T08:42:00.000+02:00,A0027010210,A27,57.0,1030
2026-09-17T06:51:21Z,2026-09-17T08:42:00.000+02:00,A0025011050,A25,99.0,1620
2026-09-17T06:51:21Z,2026-09-17T08:42:00.000+02:00,A0025012140,A25,99.0,10
2026-09-17T06:51:21Z,2026-09-17T08:42:00.000+02:00,A0027010421,A27,94.0,950
2026-09-17T06:51:21Z,2026-09-17T08:42:00.000+02:00,A0022012420,A22,87.0,3170
2026-09-17T06:51:21Z,2026-09-17T08:42:00.000+02:00,A0027010430,A27,97.0,910
2026-09-17T06:51:21Z,2026-09-17T08:42:00.000+02:00,A0023020710,A23,42.0,2700
2026-09-17T06:51:21Z,2026-09-17T08:42:00.000+02:00,A0022012430,A22,85.0,3100
2026-09-17T06:51:21Z,2026-09-17T08:42:00.000+02:00,A0025012160,A25,115.0,2570
2026-09-17T06:51:21Z,2026-09-17T08:42:00.000+02:00,A9022021200,A22 (rocade),36.0,900
2026-09-17T06:51:21Z,2026-09-17T08:42:00.000+02:00,A0001021100,A1,91.0,3280
2026-09-17T06:51:21Z,2026-09-17T08:42:00.000+02:00,A9022101000,A22 (rocade),20.0,1150
2026-09-17T06:51:21Z,2026-09-17T08:42:00.000+02:00,A0025013020,A25,106.0,2310
2026-09-17T06:51:21Z,2026-09-17T08:42:00.000+02:00,A0027010410,A27,94.0,950
2026-09-17T06:51:21Z,2026-09-17T08:42:00.000+02:00,A0022012410,A22,90.0,3160
2026-09-17T06:51:21Z,2026-09-17T08:42:00.000+02:00,A0001A20112,A1,83.0,3510
2026-09-17T06:51:21Z,2026-09-17T08:42:00.000+02:00,A0001A20111,A1,76.0,1690
2026-09-17T06:51:21Z,2026-09-17T08:42:00.000+02:00,A0001021521,A1,89.0,2280
2026-09-17T06:51:21Z,2026-09-17T08:42:00.000+02:00,A0025022540,A25,106.0,2040
2026-09-17T06:51:21Z,2026-09-17T08:42:00.000+02:00,A0025022300,A25,98.0,740
2026-09-17T06:51:21Z,2026-09-17T08:42:00.000+02:00,N0356021000,N356,10.0,2210
2026-09-17T06:51:21Z,2026-09-17T08:42:00.000+02:00,A22TC010102,A22 (contournement),65.0,2750
2026-09-17T06:51:21Z,2026-09-17T08:42:00.000+02:00,A0001011503,A1,78.0,7320
2026-09-17T06:51:21Z,2026-09-17T08:42:00.000+02:00,A0022012200,A22,80.0,2750
2026-09-17T06:51:21Z,2026-09-17T08:42:00.000+02:00,A0001A20120,A1,51.0,3190
2026-09-17T06:51:21Z,2026-09-17T08:42:00.000+02:00,A22TC020102,A22 (contournement),80.0,3620
2026-09-17T06:51:21Z,2026-09-17T08:42:00.000+02:00,A22TC010300,A22 (contournement),61.0,3220
2026-09-17T06:51:21Z,2026-09-17T08:42:00.000+02:00,A0022012010,A22,78.0,2210
2026-09-17T06:51:21Z,2026-09-17T08:42:00.000+02:00,A0022012020,A22,78.0,2210
2026-09-17T06:51:21Z,2026-09-17T08:42:00.000+02:00,A0025022130,A25,110.0,2050
2026-09-17T06:51:21Z,2026-09-17T08:42:00.000+02:00,A0023010520,A23,113.0,1700
2026-09-17T06:51:21Z,2026-09-17T08:42:00.000+02:00,N0041020800,N41,97.0,1810
2026-09-17T06:51:21Z,2026-09-17T08:42:00.000+02:00,A0025010500,A25,67.0,2660
2026-09-17T06:51:21Z,2026-09-17T08:42:00.000+02:00,A0022020901,A22,27.0,3740
2026-09-17T06:51:21Z,2026-09-17T08:42:00.000+02:00,A0022020902,A22,27.0,2420
2026-09-17T06:51:21Z,2026-09-17T08:42:00.000+02:00,A0022021810,A22,78.0,2890
2026-09-17T06:51:21Z,2026-09-17T08:42:00.000+02:00,N0356011100,N356,63.0,4630
2026-09-17T06:51:21Z,2026-09-17T08:42:00.000+02:00,A0022021820,A22,78.0,2890
2026-09-17T06:51:21Z,2026-09-17T08:42:00.000+02:00,N0356020802,N356,13.0,2380
2026-09-17T06:51:21Z,2026-09-17T08:42:00.000+02:00,A9022020900,A22 (rocade),77.0,1070
2026-09-17T06:51:21Z,2026-09-17T08:42:00.000+02:00,A0025020102,A25,41.0,220
2026-09-17T06:51:21Z,2026-09-17T08:42:00.000+02:00,A0023010100,A23,88.0,610
2026-09-17T06:51:21Z,2026-09-17T08:42:00.000+02:00,A0025022530,A25,110.0,1930
2026-09-17T06:51:21Z,2026-09-17T08:42:00.000+02:00,A9001210200,A1 (bretelle),40.0,1330
2026-09-17T06:51:21Z,2026-09-17T08:42:00.000+02:00,A0022010700,A22,76.0,3560
2026-09-17T06:51:21Z,2026-09-17T08:42:00.000+02:00,N0041020400,N41,88.0,2690
2026-09-17T06:51:21Z,2026-09-17T08:42:00.000+02:00,A0023020720,A23,20.0,2310
2026-09-17T06:51:21Z,2026-09-17T08:42:00.000+02:00,A0022020500,A22,27.0,1600
2026-09-17T06:51:21Z,2026-09-17T08:42:00.000+02:00,N93563b0150,N356 (bretelle),63.0,110
2026-09-17T06:51:21Z,2026-09-17T08:42:00.000+02:00,A0025020950,A25,31.0,3630
2026-09-17T06:51:21Z,2026-09-17T08:42:00.000+02:00,A0023020300,A23,39.0,2000
2026-09-17T06:51:21Z,2026-09-17T08:42:00.000+02:00,A0001011000,A1,30.0,3510
2026-09-17T06:51:21Z,2026-09-17T08:42:00.000+02:00,A0027020500,A27,8.0,1170
2026-09-17T06:51:21Z,2026-09-17T08:42:00.000+02:00,N0356011500,N356,53.0,4890
2026-09-17T06:51:21Z,2026-09-17T08:42:00.000+02:00,A0001010150,A1,25.0,2740
2026-09-17T06:51:21Z,2026-09-17T08:42:00.000+02:00,N0356020400,N356,8.0,770
2026-09-17T06:51:21Z,2026-09-17T08:42:00.000+02:00,N0041020600,N41,97.0,730
2026-09-17T06:51:21Z,2026-09-17T08:42:00.000+02:00,A0025010700,A25,78.0,1500
2026-09-17T06:51:21Z,2026-09-17T08:42:00.000+02:00,A0002011230,A2,76.0,3120
2026-09-17T06:51:21Z,2026-09-17T08:42:00.000+02:00,A0025020500,A25,19.0,3040
2026-09-17T06:51:21Z,2026-09-17T08:42:00.000+02:00,A0002021290,A2,99.0,2870
2026-09-17T06:51:21Z,2026-09-17T08:42:00.000+02:00,A0022011600,A22,79.0,1730
2026-09-17T07:01:32Z,2026-09-17T08:54:00.000+02:00,A0001011200,A1,28.0,3620
2026-09-17T07:01:32Z,2026-09-17T08:54:00.000+02:00,A0027010102,A27,90.0,3500
2026-09-17T07:01:32Z,2026-09-17T08:54:00.000+02:00,N0041010100,N41,64.0,1170
2026-09-17T07:01:32Z,2026-09-17T08:54:00.000+02:00,A0027010101,A27,90.0,3500
2026-09-17T07:01:32Z,2026-09-17T08:54:00.000+02:00,A9022010250,A22 (rocade),80.0,1240
2026-09-17T07:01:32Z,2026-09-17T08:54:00.000+02:00,A0001020150,A1,106.0,3190
2026-09-17T07:01:32Z,2026-09-17T08:54:00.000+02:00,N0356011700,N356,33.0,3800
2026-09-17T07:01:32Z,2026-09-17T08:54:00.000+02:00,N9227110200,N227 (bretelle),69.0,80
2026-09-17T07:01:32Z,2026-09-17T08:54:00.000+02:00,N0356021300,N356,9.0,1820
2026-09-17T07:01:32Z,2026-09-17T08:54:00.000+02:00,A0022011400,A22,75.0,1010
2026-09-17T07:01:32Z,2026-09-17T08:54:00.000+02:00,A0027010300,A27,92.0,540
2026-09-17T07:01:32Z,2026-09-17T08:54:00.000+02:00,A9022020250,A22 (rocade),18.0,1380
2026-09-17T07:01:32Z,2026-09-17T08:54:00.000+02:00,N0041010300,N41,25.0,2290
2026-09-17T07:01:32Z,2026-09-17T08:54:00.000+02:00,A0022011210,A22,73.0,1600
2026-09-17T07:01:32Z,2026-09-17T08:54:00.000+02:00,A0027020100,A27,68.0,2770
2026-09-17T07:01:32Z,2026-09-17T08:54:00.000+02:00,A0001010300,A1,94.0,1670
2026-09-17T07:01:32Z,2026-09-17T08:54:00.000+02:00,A0022011220,A22,73.0,1600
2026-09-17T07:01:32Z,2026-09-17T08:54:00.000+02:00,N0227021400,N227,40.0,270
2026-09-17T07:01:32Z,2026-09-17T08:54:00.000+02:00,A9022101110,A22 (rocade),80.0,1220
2026-09-17T07:01:32Z,2026-09-17T08:54:00.000+02:00,A0022022110,A22,84.0,3710
2026-09-17T07:01:32Z,2026-09-17T08:54:00.000+02:00,A0001011420,A1,49.0,3370
2026-09-17T07:01:32Z,2026-09-17T08:54:00.000+02:00,N0356010800,N356,39.0,4520
2026-09-17T07:01:32Z,2026-09-17T08:54:00.000+02:00,A9001210710,A1 (bretelle),61.0,210
2026-09-17T07:01:32Z,2026-09-17T08:54:00.000+02:00,N0356021110,N356,12.0,2370
2026-09-17T07:01:32Z,2026-09-17T08:54:00.000+02:00,A0001010510,A1,65.0,2960
2026-09-17T07:01:32Z,2026-09-17T08:54:00.000+02:00,N0356021122,N356,10.0,2450
2026-09-17T07:01:32Z,2026-09-17T08:54:00.000+02:00,N0356021121,N356,12.0,2370
2026-09-17T07:01:32Z,2026-09-17T08:54:00.000+02:00,A0025010210,A25,72.0,4580
2026-09-17T07:01:32Z,2026-09-17T08:54:00.000+02:00,A0025011300,A25,87.0,1120
2026-09-17T07:01:32Z,2026-09-17T08:54:00.000+02:00,A0001020300,A1,106.0,2930
2026-09-17T07:01:32Z,2026-09-17T08:54:00.000+02:00,A0025021100,A25,19.0,2030
2026-09-17T07:01:32Z,2026-09-17T08:54:00.000+02:00,A0025023520,A25,108.0,1280
2026-09-17T07:01:32Z,2026-09-17T08:54:00.000+02:00,A0022022130,A22,74.0,3160
2026-09-17T07:01:32Z,2026-09-17T08:54:00.000+02:00,A0025010220,A25,72.0,4580
2026-09-17T07:01:32Z,2026-09-17T08:54:00.000+02:00,A0022022120,A22,85.0,3810
2026-09-17T07:01:32Z,2026-09-17T08:54:00.000+02:00,A0001010520,A1,69.0,3380
2026-09-17T07:01:32Z,2026-09-17T08:54:00.000+02:00,A0022011000,A22,72.0,4050
2026-09-17T07:01:32Z,2026-09-17T08:54:00.000+02:00,A0001020510,A1,105.0,3180
2026-09-17T07:01:32Z,2026-09-17T08:54:00.000+02:00,A0001021602,A1,81.0,5840
2026-09-17T07:01:32Z,2026-09-17T08:54:00.000+02:00,A22TC020222,A22 (contournement),69.0,5540
2026-09-17T07:01:32Z,2026-09-17T08:54:00.000+02:00,A0001010940,A1,33.0,3450
2026-09-17T07:01:32Z,2026-09-17T08:54:00.000+02:00,A0025023320,A25,108.0,1860
2026-09-17T07:01:32Z,2026-09-17T08:54:00.000+02:00,A0001020520,A1,102.0,3270
2026-09-17T07:01:32Z,2026-09-17T08:54:00.000+02:00,A0025023100,A25,108.0,1480
2026-09-17T07:01:32Z,2026-09-17T08:54:00.000+02:00,A22TC020230,A22 (contournement),69.0,5540
2026-09-17T07:01:32Z,2026-09-17T08:54:00.000+02:00,A0025021730,A25,28.0,2350
2026-09-17T07:01:32Z,2026-09-17T08:54:00.000+02:00,A0025023910,A25,108.0,1110
2026-09-17T07:01:32Z,2026-09-17T08:54:00.000+02:00,A0025021735,A25,43.0,2480
2026-09-17T07:01:32Z,2026-09-17T08:54:00.000+02:00,A0023010400,A23,108.0,1430
2026-09-17T07:01:32Z,2026-09-17T08:54:00.000+02:00,A0022021900,A22,78.0,3140
2026-09-17T07:01:32Z,2026-09-17T08:54:00.000+02:00,A9022100500,A22 (rocade),66.0,2360
2026-09-17T07:01:32Z,2026-09-17T08:54:00.000+02:00,A0001020940,A1,92.0,3390
2026-09-17T07:01:32Z,2026-09-17T08:54:00.000+02:00,A0001020700,A1,96.0,2700
2026-09-17T07:01:32Z,2026-09-17T08:54:00.000+02:00,A9022020830,A22 (rocade),84.0,290
2026-09-17T07:01:32Z,2026-09-17T08:54:00.000+02:00,A9022020822,A22 (rocade),73.0,1370
2026-09-17T07:01:32Z,2026-09-17T08:54:00.000+02:00,A9022020821,A22 (rocade),73.0,1370
2026-09-17T07:01:32Z,2026-09-17T08:54:00.000+02:00,A0025020420,A25,29.0,5060
2026-09-17T07:01:32Z,2026-09-17T08:54:00.000+02:00,A0025021510,A25,80.0,1150
2026-09-17T07:01:32Z,2026-09-17T08:54:00.000+02:00,N0227010100,N227,18.0,2300
2026-09-17T07:01:32Z,2026-09-17T08:54:00.000+02:00,A0025011720,A25,98.0,2390
2026-09-17T07:01:32Z,2026-09-17T08:54:00.000+02:00,A0025021760,A25,28.0,2430
2026-09-17T07:01:32Z,2026-09-17T08:54:00.000+02:00,A0025011730,A25,86.0,2590
2026-09-17T07:01:32Z,2026-09-17T08:54:00.000+02:00,A0025011735,A25,100.0,2690
2026-09-17T07:01:32Z,2026-09-17T08:54:00.000+02:00,A9025080700,A25 (bretelle),,610
2026-09-17T07:01:32Z,2026-09-17T08:54:00.000+02:00,A9022100930,A22 (rocade),50.0,280
2026-09-17T07:01:32Z,2026-09-17T08:54:00.000+02:00,N0356011220,N356,34.0,4270
2026-09-17T07:01:32Z,2026-09-17T08:54:00.000+02:00,A0025011740,A25,85.0,2720
2026-09-17T07:01:32Z,2026-09-17T08:54:00.000+02:00,A0025010410,A25,69.0,3860
2026-09-17T07:01:32Z,2026-09-17T08:54:00.000+02:00,A0023010200,A23,89.0,1940
2026-09-17T07:01:32Z,2026-09-17T08:54:00.000+02:00,A9001210120,A1 (bretelle),73.0,1440
2026-09-17T07:01:32Z,2026-09-17T08:54:00.000+02:00,A0025020210,A25,64.0,6740
2026-09-17T07:01:32Z,2026-09-17T08:54:00.000+02:00,N0356011210,N356,34.0,4270
2026-09-17T07:01:32Z,2026-09-17T08:54:00.000+02:00,A0025011510,A25,89.0,1540
2026-09-17T07:01:32Z,2026-09-17T08:54:00.000+02:00,A0025020220,A25,64.0,6740
2026-09-17T07:01:32Z,2026-09-17T08:54:00.000+02:00,N0227010302,N227,25.0,4190
2026-09-17T07:01:32Z,2026-09-17T08:54:00.000+02:00,N0041010500,N41,20.0,1470
2026-09-17T07:01:32Z,2026-09-17T08:54:00.000+02:00,N0227020101,N227,30.0,3090
2026-09-17T07:01:32Z,2026-09-17T08:54:00.000+02:00,A9022100110,A22 (rocade),63.0,1010
2026-09-17T07:01:32Z,2026-09-17T08:54:00.000+02:00,A0022010400,A22,70.0,4520
2026-09-17T07:01:32Z,2026-09-17T08:54:00.000+02:00,N0356010302,N356,56.0,6650
2026-09-17T07:01:32Z,2026-09-17T08:54:00.000+02:00,A0025010800,A25,74.0,2140
2026-09-17T07:01:32Z,2026-09-17T08:54:00.000+02:00,A0027020621,A27,17.0,1850
2026-09-17T07:01:32Z,2026-09-17T08:54:00.000+02:00,N0041010700,N41,64.0,870
2026-09-17T07:01:32Z,2026-09-17T08:54:00.000+02:00,A0027020630,A27,13.0,2010
2026-09-17T07:01:32Z,2026-09-17T08:54:00.000+02:00,A0022021512,A22,77.0,3400
2026-09-17T07:01:32Z,2026-09-17T08:54:00.000+02:00,A0022021511,A22,79.0,3440
2026-09-17T07:01:32Z,2026-09-17T08:54:00.000+02:00,A0027020610,A27,17.0,1850
2026-09-17T07:01:32Z,2026-09-17T08:54:00.000+02:00,A0025021720,A25,73.0,2470
2026-09-17T07:01:32Z,2026-09-17T08:54:00.000+02:00,A0022021520,A22,77.0,3400
2026-09-17T07:01:32Z,2026-09-17T08:54:00.000+02:00,A0025022140,A25,97.0,2240
2026-09-17T07:01:32Z,2026-09-17T08:54:00.000+02:00,A0022011302,A22,40.0,3380
2026-09-17T07:01:32Z,2026-09-17T08:54:00.000+02:00,A0025022160,A25,97.0,2310
2026-09-17T07:01:32Z,2026-09-17T08:54:00.000+02:00,A9025060104,A25 (bretelle),70.0,2120
2026-09-17T07:01:32Z,2026-09-17T08:54:00.000+02:00,A0027010201,A27,90.0,1580
2026-09-17T07:01:32Z,2026-09-17T08:54:00.000+02:00,A0027010202,A27,67.0,980
2026-09-17T07:01:32Z,2026-09-17T08:54:00.000+02:00,N9227110110,N227 (bretelle),71.0,2040
2026-09-17T07:01:32Z,2026-09-17T08:54:00.000+02:00,A0025012130,A25,104.0,1100
2026-09-17T07:01:32Z,2026-09-17T08:54:00.000+02:00,A0027010210,A27,67.0,980
2026-09-17T07:01:32Z,2026-09-17T08:54:00.000+02:00,A0025011050,A25,93.0,1490
2026-09-17T07:01:32Z,2026-09-17T08:54:00.000+02:00,A0027010421,A27,97.0,850
2026-09-17T07:01:32Z,2026-09-17T08:54:00.000+02:00,A0022012420,A22,90.0,3160
2026-09-17T07:01:32Z,2026-09-17T08:54:00.000+02:00,A0027010430,A27,100.0,760
2026-09-17T07:01:32Z,2026-09-17T08:54:00.000+02:00,A0023020710,A23,45.0,2840
2026-09-17T07:01:32Z,2026-09-17T08:54:00.000+02:00,A0022012430,A22,90.0,3000
2026-09-17T07:01:32Z,2026-09-17T08:54:00.000+02:00,A0025012160,A25,118.0,2390
2026-09-17T07:01:32Z,2026-09-17T08:54:00.000+02:00,A9022021200,A22 (rocade),58.0,870
2026-09-17T07:01:32Z,2026-09-17T08:54:00.000+02:00,A0001021100,A1,92.0,2770
2026-09-17T07:01:32Z,2026-09-17T08:54:00.000+02:00,A9022101000,A22 (rocade),18.0,820
2026-09-17T07:01:32Z,2026-09-17T08:54:00.000+02:00,A0025013020,A25,111.0,1910
2026-09-17T07:01:32Z,2026-09-17T08:54:00.000+02:00,A0027010410,A27,97.0,850
2026-09-17T07:01:32Z,2026-09-17T08:54:00.000+02:00,A0022012410,A22,90.0,3130
2026-09-17T07:01:32Z,2026-09-17T08:54:00.000+02:00,A0001A20112,A1,81.0,3450
2026-09-17T07:01:32Z,2026-09-17T08:54:00.000+02:00,A0001A20111,A1,76.0,1510
2026-09-17T07:01:32Z,2026-09-17T08:54:00.000+02:00,A0001021521,A1,91.0,2320
2026-09-17T07:01:32Z,2026-09-17T08:54:00.000+02:00,A0025022540,A25,104.0,1990
2026-09-17T07:01:32Z,2026-09-17T08:54:00.000+02:00,A0025022300,A25,98.0,830
2026-09-17T07:01:32Z,2026-09-17T08:54:00.000+02:00,N0356021000,N356,12.0,2130
2026-09-17T07:01:32Z,2026-09-17T08:54:00.000+02:00,A22TC010102,A22 (contournement),78.0,2580
2026-09-17T07:01:32Z,2026-09-17T08:54:00.000+02:00,A0001011503,A1,77.0,7350
2026-09-17T07:01:32Z,2026-09-17T08:54:00.000+02:00,A0022012200,A22,82.0,2670
2026-09-17T07:01:32Z,2026-09-17T08:54:00.000+02:00,A0001A20120,A1,69.0,2920
2026-09-17T07:01:32Z,2026-09-17T08:54:00.000+02:00,A22TC020102,A22 (contournement),78.0,3470
2026-09-17T07:01:32Z,2026-09-17T08:54:00.000+02:00,A22TC010300,A22 (contournement),60.0,3140
2026-09-17T07:01:32Z,2026-09-17T08:54:00.000+02:00,A0022012010,A22,84.0,1950
2026-09-17T07:01:32Z,2026-09-17T08:54:00.000+02:00,A0022012020,A22,84.0,1950
2026-09-17T07:01:32Z,2026-09-17T08:54:00.000+02:00,A0025022130,A25,108.0,2150
2026-09-17T07:01:32Z,2026-09-17T08:54:00.000+02:00,A0023010520,A23,116.0,1490
2026-09-17T07:01:32Z,2026-09-17T08:54:00.000+02:00,N0041020800,N41,95.0,1940
2026-09-17T07:01:32Z,2026-09-17T08:54:00.000+02:00,A0025010500,A25,70.0,2530
2026-09-17T07:01:32Z,2026-09-17T08:54:00.000+02:00,A0022020901,A22,17.0,3060
2026-09-17T07:01:32Z,2026-09-17T08:54:00.000+02:00,A0022020902,A22,24.0,2320
2026-09-17T07:01:32Z,2026-09-17T08:54:00.000+02:00,A0022021810,A22,77.0,2900
2026-09-17T07:01:32Z,2026-09-17T08:54:00.000+02:00,N0356011100,N356,29.0,3930
2026-09-17T07:01:32Z,2026-09-17T08:54:00.000+02:00,A0022021820,A22,77.0,2900
2026-09-17T07:01:32Z,2026-09-17T08:54:00.000+02:00,N0356020802,N356,12.0,2450
2026-09-17T07:01:32Z,2026-09-17T08:54:00.000+02:00,A9022020900,A22 (rocade),77.0,1020
2026-09-17T07:01:32Z,2026-09-17T08:54:00.000+02:00,A0025020102,A25,60.0,190
2026-09-17T07:01:32Z,2026-09-17T08:54:00.000+02:00,A0023010100,A23,99.0,300
2026-09-17T07:01:32Z,2026-09-17T08:54:00.000+02:00,A0025022530,A25,108.0,1880
2026-09-17T07:01:32Z,2026-09-17T08:54:00.000+02:00,A9001210200,A1 (bretelle),68.0,1330
2026-09-17T07:01:32Z,2026-09-17T08:54:00.000+02:00,A0022010700,A22,75.0,3600
2026-09-17T07:01:32Z,2026-09-17T08:54:00.000+02:00,N0041020400,N41,87.0,2430
2026-09-17T07:01:32Z,2026-09-17T08:54:00.000+02:00,A0023020720,A23,59.0,3140
2026-09-17T07:01:32Z,2026-09-17T08:54:00.000+02:00,A0022020500,A22,24.0,1740
2026-09-17T07:01:32Z,2026-09-17T08:54:00.000+02:00,N93563b0150,N356 (bretelle),38.0,120
2026-09-17T07:01:32Z,2026-09-17T08:54:00.000+02:00,A0025020950,A25,28.0,3440
2026-09-17T07:01:32Z,2026-09-17T08:54:00.000+02:00,A0023020300,A23,17.0,1430
2026-09-17T07:01:32Z,2026-09-17T08:54:00.000+02:00,A0001011000,A1,23.0,2740
2026-09-17T07:01:32Z,2026-09-17T08:54:00.000+02:00,A0027020500,A27,8.0,970
2026-09-17T07:01:32Z,2026-09-17T08:54:00.000+02:00,N0356011500,N356,41.0,4470
2026-09-17T07:01:32Z,2026-09-17T08:54:00.000+02:00,A0001010150,A1,76.0,3170
2026-09-17T07:01:32Z,2026-09-17T08:54:00.000+02:00,N0356020400,N356,5.0,750
2026-09-17T07:01:32Z,2026-09-17T08:54:00.000+02:00,N0041020600,N41,97.0,700
2026-09-17T07:01:32Z,2026-09-17T08:54:00.000+02:00,A0025010700,A25,72.0,1600
2026-09-17T07:01:32Z,2026-09-17T08:54:00.000+02:00,A0002011230,A2,82.0,3120
2026-09-17T07:01:32Z,2026-09-17T08:54:00.000+02:00,A0025020500,A25,20.0,3000
2026-09-17T07:01:32Z,2026-09-17T08:54:00.000+02:00,A0002021290,A2,74.0,2610
2026-09-17T07:01:32Z,2026-09-17T08:54:00.000+02:00,A0022011600,A22,81.0,1700
2026-09-17T07:11:21Z,2026-09-17T09:00:00.000+02:00,A0001011200,A1,24.0,3320
2026-09-17T07:11:21Z,2026-09-17T09:00:00.000+02:00,A0027010102,A27,80.0,2570
2026-09-17T07:11:21Z,2026-09-17T09:00:00.000+02:00,N0041010100,N41,73.0,1170
2026-09-17T07:11:21Z,2026-09-17T09:00:00.000+02:00,A0027010101,A27,80.0,2570
2026-09-17T07:11:21Z,2026-09-17T09:00:00.000+02:00,A9022010250,A22 (rocade),81.0,1180
2026-09-17T07:11:21Z,2026-09-17T09:00:00.000+02:00,A0001020150,A1,106.0,2900
2026-09-17T07:11:21Z,2026-09-17T09:00:00.000+02:00,N0356011700,N356,32.0,3450
2026-09-17T07:11:21Z,2026-09-17T09:00:00.000+02:00,N9227110200,N227 (bretelle),80.0,50
2026-09-17T07:11:21Z,2026-09-17T09:00:00.000+02:00,N0356021300,N356,11.0,2080
2026-09-17T07:11:21Z,2026-09-17T09:00:00.000+02:00,A0022011400,A22,72.0,1020
2026-09-17T07:11:21Z,2026-09-17T09:00:00.000+02:00,A0027010300,A27,90.0,470
2026-09-17T07:11:21Z,2026-09-17T09:00:00.000+02:00,A9022020250,A22 (rocade),14.0,1610
2026-09-17T07:11:21Z,2026-09-17T09:00:00.000+02:00,N0041010300,N41,23.0,1940
2026-09-17T07:11:21Z,2026-09-17T09:00:00.000+02:00,A0022011210,A22,76.0,1390
2026-09-17T07:11:21Z,2026-09-17T09:00:00.000+02:00,A0027020100,A27,66.0,2340
2026-09-17T07:11:21Z,2026-09-17T09:00:00.000+02:00,A0001010300,A1,87.0,1660
2026-09-17T07:11:21Z,2026-09-17T09:00:00.000+02:00,A0022011220,A22,76.0,1390
2026-09-17T07:11:21Z,2026-09-17T09:00:00.000+02:00,N0227021400,N227,63.0,210
2026-09-17T07:11:21Z,2026-09-17T09:00:00.000+02:00,A9022101110,A22 (rocade),77.0,1210
2026-09-17T07:11:21Z,2026-09-17T09:00:00.000+02:00,A0022022110,A22,84.0,3490
2026-09-17T07:11:21Z,2026-09-17T09:00:00.000+02:00,A0001011420,A1,47.0,3480
2026-09-17T07:11:21Z,2026-09-17T09:00:00.000+02:00,N0356010800,N356,30.0,4120
2026-09-17T07:11:21Z,2026-09-17T09:00:00.000+02:00,A9001210710,A1 (bretelle),62.0,290
2026-09-17T07:11:21Z,2026-09-17T09:00:00.000+02:00,N0356021110,N356,13.0,2200
2026-09-17T07:11:21Z,2026-09-17T09:00:00.000+02:00,A0001010510,A1,72.0,2740
2026-09-17T07:11:21Z,2026-09-17T09:00:00.000+02:00,N0356021122,N356,10.0,2480
2026-09-17T07:11:21Z,2026-09-17T09:00:00.000+02:00,N0356021121,N356,13.0,2200
2026-09-17T07:11:21Z,2026-09-17T09:00:00.000+02:00,A0025010210,A25,73.0,4040
2026-09-17T07:11:21Z,2026-09-17T09:00:00.000+02:00,A0025011300,A25,86.0,1390
2026-09-17T07:11:21Z,2026-09-17T09:00:00.000+02:00,A0001020300,A1,108.0,2810
2026-09-17T07:11:21Z,2026-09-17T09:00:00.000+02:00,A0025021100,A25,43.0,1630
2026-09-17T07:11:21Z,2026-09-17T09:00:00.000+02:00,A0025023520,A25,110.0,1220
2026-09-17T07:11:21Z,2026-09-17T09:00:00.000+02:00,A0022022130,A22,78.0,2880
2026-09-17T07:11:21Z,2026-09-17T09:00:00.000+02:00,A0025010220,A25,73.0,4040
2026-09-17T07:11:21Z,2026-09-17T09:00:00.000+02:00,A0022022120,A22,87.0,3380
2026-09-17T07:11:21Z,2026-09-17T09:00:00.000+02:00,A0001010520,A1,32.0,2720
2026-09-17T07:11:21Z,2026-09-17T09:00:00.000+02:00,A0022011000,A22,79.0,3520
2026-09-17T07:11:21Z,2026-09-17T09:00:00.000+02:00,A0001020510,A1,105.0,2940
2026-09-17T07:11:21Z,2026-09-17T09:00:00.000+02:00,A0001021602,A1,82.0,5460
2026-09-17T07:11:21Z,2026-09-17T09:00:00.000+02:00,A22TC020222,A22 (contournement),67.0,4190
2026-09-17T07:11:21Z,2026-09-17T09:00:00.000+02:00,A0001010940,A1,35.0,3280
2026-09-17T07:11:21Z,2026-09-17T09:00:00.000+02:00,A0025023320,A25,109.0,1950
2026-09-17T07:11:21Z,2026-09-17T09:00:00.000+02:00,A0001020520,A1,100.0,3180
2026-09-17T07:11:21Z,2026-09-17T09:00:00.000+02:00,A0025023100,A25,104.0,1540
2026-09-17T07:11:21Z,2026-09-17T09:00:00.000+02:00,A22TC020230,A22 (contournement),67.0,4190
2026-09-17T07:11:21Z,2026-09-17T09:00:00.000+02:00,A0025021730,A25,44.0,2570
2026-09-17T07:11:21Z,2026-09-17T09:00:00.000+02:00,A0025023910,A25,113.0,1010
2026-09-17T07:11:21Z,2026-09-17T09:00:00.000+02:00,A0025021735,A25,29.0,2160
2026-09-17T07:11:21Z,2026-09-17T09:00:00.000+02:00,A0023010400,A23,107.0,1270
2026-09-17T07:11:21Z,2026-09-17T09:00:00.000+02:00,A0022021900,A22,79.0,2900
2026-09-17T07:11:21Z,2026-09-17T09:00:00.000+02:00,A9022100500,A22 (rocade),67.0,2330
2026-09-17T07:11:21Z,2026-09-17T09:00:00.000+02:00,A0001020940,A1,91.0,3410
2026-09-17T07:11:21Z,2026-09-17T09:00:00.000+02:00,A0001020700,A1,96.0,2590
2026-09-17T07:11:21Z,2026-09-17T09:00:00.000+02:00,A9022020830,A22 (rocade),91.0,250
2026-09-17T07:11:21Z,2026-09-17T09:00:00.000+02:00,A9022020822,A22 (rocade),72.0,1080
2026-09-17T07:11:21Z,2026-09-17T09:00:00.000+02:00,A9022020821,A22 (rocade),72.0,1080
2026-09-17T07:11:21Z,2026-09-17T09:00:00.000+02:00,A0025020420,A25,47.0,5820
2026-09-17T07:11:21Z,2026-09-17T09:00:00.000+02:00,A0025021510,A25,84.0,1170
2026-09-17T07:11:21Z,2026-09-17T09:00:00.000+02:00,N0227010100,N227,11.0,2100
2026-09-17T07:11:21Z,2026-09-17T09:00:00.000+02:00,A0025011720,A25,94.0,2970
2026-09-17T07:11:21Z,2026-09-17T09:00:00.000+02:00,A0025021760,A25,18.0,1930
2026-09-17T07:11:21Z,2026-09-17T09:00:00.000+02:00,A0025011730,A25,82.0,2840
2026-09-17T07:11:21Z,2026-09-17T09:00:00.000+02:00,A0025011735,A25,98.0,2720
2026-09-17T07:11:21Z,2026-09-17T09:00:00.000+02:00,A9025080700,A25 (bretelle),,590
2026-09-17T07:11:21Z,2026-09-17T09:00:00.000+02:00,A9022100930,A22 (rocade),45.0,330
2026-09-17T07:11:21Z,2026-09-17T09:00:00.000+02:00,N0356011220,N356,48.0,4460
2026-09-17T07:11:21Z,2026-09-17T09:00:00.000+02:00,A0025011740,A25,83.0,2650
2026-09-17T07:11:21Z,2026-09-17T09:00:00.000+02:00,A0025010410,A25,71.0,3070
2026-09-17T07:11:21Z,2026-09-17T09:00:00.000+02:00,A0023010200,A23,89.0,1870
2026-09-17T07:11:21Z,2026-09-17T09:00:00.000+02:00,A9001210120,A1 (bretelle),74.0,1650
2026-09-17T07:11:21Z,2026-09-17T09:00:00.000+02:00,A0025020210,A25,66.0,6860
2026-09-17T07:11:21Z,2026-09-17T09:00:00.000+02:00,N0356011210,N356,48.0,4460
2026-09-17T07:11:21Z,2026-09-17T09:00:00.000+02:00,A0025011510,A25,87.0,1780
2026-09-17T07:11:21Z,2026-09-17T09:00:00.000+02:00,A0025020220,A25,66.0,6860
2026-09-17T07:11:21Z,2026-09-17T09:00:00.000+02:00,N0227010302,N227,35.0,4360
2026-09-17T07:11:21Z,2026-09-17T09:00:00.000+02:00,N0041010500,N41,18.0,1480
2026-09-17T07:11:21Z,2026-09-17T09:00:00.000+02:00,N0227020101,N227,29.0,2980
2026-09-17T07:11:21Z,2026-09-17T09:00:00.000+02:00,A9022100110,A22 (rocade),59.0,870
2026-09-17T07:11:21Z,2026-09-17T09:00:00.000+02:00,A0022010400,A22,71.0,4080
2026-09-17T07:11:21Z,2026-09-17T09:00:00.000+02:00,N0356010302,N356,57.0,7490
2026-09-17T07:11:21Z,2026-09-17T09:00:00.000+02:00,A0025010800,A25,77.0,2200
2026-09-17T07:11:21Z,2026-09-17T09:00:00.000+02:00,A0027020621,A27,29.0,2000
2026-09-17T07:11:21Z,2026-09-17T09:00:00.000+02:00,N0041010700,N41,87.0,1160
2026-09-17T07:11:21Z,2026-09-17T09:00:00.000+02:00,A0027020630,A27,22.0,1970
2026-09-17T07:11:21Z,2026-09-17T09:00:00.000+02:00,A0022021512,A22,79.0,2980
2026-09-17T07:11:21Z,2026-09-17T09:00:00.000+02:00,A0022021511,A22,81.0,2980
2026-09-17T07:11:21Z,2026-09-17T09:00:00.000+02:00,A0027020610,A27,29.0,2000
2026-09-17T07:11:21Z,2026-09-17T09:00:00.000+02:00,A0025021720,A25,73.0,2550
2026-09-17T07:11:21Z,2026-09-17T09:00:00.000+02:00,A0022021520,A22,79.0,2980
2026-09-17T07:11:21Z,2026-09-17T09:00:00.000+02:00,A0025022140,A25,98.0,2190
2026-09-17T07:11:21Z,2026-09-17T09:00:00.000+02:00,A0022011302,A22,39.0,3280
2026-09-17T07:11:21Z,2026-09-17T09:00:00.000+02:00,A0025022160,A25,95.0,2040
2026-09-17T07:11:21Z,2026-09-17T09:00:00.000+02:00,A9025060104,A25 (bretelle),71.0,2070
2026-09-17T07:11:21Z,2026-09-17T09:00:00.000+02:00,A0027010201,A27,88.0,1340
2026-09-17T07:11:21Z,2026-09-17T09:00:00.000+02:00,A0027010202,A27,74.0,960
2026-09-17T07:11:21Z,2026-09-17T09:00:00.000+02:00,N9227110110,N227 (bretelle),71.0,1890
2026-09-17T07:11:21Z,2026-09-17T09:00:00.000+02:00,A0025012130,A25,107.0,1160
2026-09-17T07:11:21Z,2026-09-17T09:00:00.000+02:00,A0027010210,A27,74.0,960
2026-09-17T07:11:21Z,2026-09-17T09:00:00.000+02:00,A0025011050,A25,92.0,1750
2026-09-17T07:11:21Z,2026-09-17T09:00:00.000+02:00,A0027010421,A27,95.0,780
2026-09-17T07:11:21Z,2026-09-17T09:00:00.000+02:00,A0022012420,A22,89.0,2710
2026-09-17T07:11:21Z,2026-09-17T09:00:00.000+02:00,A0027010430,A27,97.0,780
2026-09-17T07:11:21Z,2026-09-17T09:00:00.000+02:00,A0023020710,A23,29.0,2470
2026-09-17T07:11:21Z,2026-09-17T09:00:00.000+02:00,A0022012430,A22,87.0,2720
2026-09-17T07:11:21Z,2026-09-17T09:00:00.000+02:00,A0025012160,A25,116.0,2160
2026-09-17T07:11:21Z,2026-09-17T09:00:00.000+02:00,A9022021200,A22 (rocade),52.0,820
2026-09-17T07:11:21Z,2026-09-17T09:00:00.000+02:00,A0001021100,A1,92.0,2670
2026-09-17T07:11:21Z,2026-09-17T09:00:00.000+02:00,A9022101000,A22 (rocade),15.0,1090
2026-09-17T07:11:21Z,2026-09-17T09:00:00.000+02:00,A0025013020,A25,108.0,1910
2026-09-17T07:11:21Z,2026-09-17T09:00:00.000+02:00,A0027010410,A27,95.0,780
2026-09-17T07:11:21Z,2026-09-17T09:00:00.000+02:00,A0022012410,A22,89.0,2770
2026-09-17T07:11:21Z,2026-09-17T09:00:00.000+02:00,A0001A20112,A1,82.0,3270
2026-09-17T07:11:21Z,2026-09-17T09:00:00.000+02:00,A0001A20111,A1,75.0,1390
2026-09-17T07:11:21Z,2026-09-17T09:00:00.000+02:00,A0001021521,A1,90.0,2080
2026-09-17T07:11:21Z,2026-09-17T09:00:00.000+02:00,A0025022540,A25,105.0,1890
2026-09-17T07:11:21Z,2026-09-17T09:00:00.000+02:00,A0025022300,A25,93.0,730
2026-09-17T07:11:21Z,2026-09-17T09:00:00.000+02:00,N0356021000,N356,10.0,1780
2026-09-17T07:11:21Z,2026-09-17T09:00:00.000+02:00,A22TC010102,A22 (contournement),31.0,2000
2026-09-17T07:11:21Z,2026-09-17T09:00:00.000+02:00,A0001011503,A1,78.0,7280
2026-09-17T07:11:21Z,2026-09-17T09:00:00.000+02:00,A0022012200,A22,79.0,2380
2026-09-17T07:11:21Z,2026-09-17T09:00:00.000+02:00,A0001A20120,A1,70.0,2900
2026-09-17T07:11:21Z,2026-09-17T09:00:00.000+02:00,A22TC020102,A22 (contournement),76.0,3390
2026-09-17T07:11:21Z,2026-09-17T09:00:00.000+02:00,A22TC010300,A22 (contournement),56.0,2900
2026-09-17T07:11:21Z,2026-09-17T09:00:00.000+02:00,A0022012010,A22,79.0,2010
2026-09-17T07:11:21Z,2026-09-17T09:00:00.000+02:00,A0022012020,A22,79.0,2010
2026-09-17T07:11:21Z,2026-09-17T09:00:00.000+02:00,A0025022130,A25,105.0,2220
2026-09-17T07:11:21Z,2026-09-17T09:00:00.000+02:00,A0023010520,A23,113.0,1240
2026-09-17T07:11:21Z,2026-09-17T09:00:00.000+02:00,N0041020800,N41,95.0,2060
2026-09-17T07:11:21Z,2026-09-17T09:00:00.000+02:00,A0025010500,A25,71.0,2320
2026-09-17T07:11:21Z,2026-09-17T09:00:00.000+02:00,A0022020901,A22,29.0,3820
2026-09-17T07:11:21Z,2026-09-17T09:00:00.000+02:00,A0022020902,A22,32.0,2510
2026-09-17T07:11:21Z,2026-09-17T09:00:00.000+02:00,A0022021810,A22,79.0,2600
2026-09-17T07:11:21Z,2026-09-17T09:00:00.000+02:00,N0356011100,N356,47.0,4320
2026-09-17T07:11:21Z,2026-09-17T09:00:00.000+02:00,A0022021820,A22,79.0,2600
2026-09-17T07:11:21Z,2026-09-17T09:00:00.000+02:00,N0356020802,N356,11.0,1930
2026-09-17T07:11:21Z,2026-09-17T09:00:00.000+02:00,A9022020900,A22 (rocade),80.0,1030
2026-09-17T07:11:21Z,2026-09-17T09:00:00.000+02:00,A0025020102,A25,63.0,250
2026-09-17T07:11:21Z,2026-09-17T09:00:00.000+02:00,A0023010100,A23,88.0,320
2026-09-17T07:11:21Z,2026-09-17T09:00:00.000+02:00,A0025022530,A25,100.0,1920
2026-09-17T07:11:21Z,2026-09-17T09:00:00.000+02:00,A9001210200,A1 (bretelle),64.0,1420
2026-09-17T07:11:21Z,2026-09-17T09:00:00.000+02:00,A0022010700,A22,78.0,3180
2026-09-17T07:11:21Z,2026-09-17T09:00:00.000+02:00,N0041020400,N41,85.0,2590
2026-09-17T07:11:21Z,2026-09-17T09:00:00.000+02:00,A0023020720,A23,31.0,2550
2026-09-17T07:11:21Z,2026-09-17T09:00:00.000+02:00,A0022020500,A22,32.0,1720
2026-09-17T07:11:21Z,2026-09-17T09:00:00.000+02:00,N93563b0150,N356 (bretelle),44.0,110
2026-09-17T07:11:21Z,2026-09-17T09:00:00.000+02:00,A0025020950,A25,8.0,1940
2026-09-17T07:11:21Z,2026-09-17T09:00:00.000+02:00,A0023020300,A23,25.0,1640
2026-09-17T07:11:21Z,2026-09-17T09:00:00.000+02:00,A0001011000,A1,30.0,3370
2026-09-17T07:11:21Z,2026-09-17T09:00:00.000+02:00,A0027020500,A27,8.0,1010
2026-09-17T07:11:21Z,2026-09-17T09:00:00.000+02:00,N0356011500,N356,37.0,4530
2026-09-17T07:11:21Z,2026-09-17T09:00:00.000+02:00,A0001010150,A1,77.0,3270
2026-09-17T07:11:21Z,2026-09-17T09:00:00.000+02:00,N0356020400,N356,7.0,680
2026-09-17T07:11:21Z,2026-09-17T09:00:00.000+02:00,N0041020600,N41,89.0,850
2026-09-17T07:11:21Z,2026-09-17T09:00:00.000+02:00,A0025010700,A25,72.0,1530
2026-09-17T07:11:21Z,2026-09-17T09:00:00.000+02:00,A0002011230,A2,80.0,3220
2026-09-17T07:11:21Z,2026-09-17T09:00:00.000+02:00,A0025020500,A25,39.0,3960
2026-09-17T07:11:21Z,2026-09-17T09:00:00.000+02:00,A0002021290,A2,64.0,2550
2026-09-17T07:11:21Z,2026-09-17T09:00:00.000+02:00,A0022011600,A22,79.0,1840
2026-09-17T07:21:22Z,2026-09-17T09:12:00.000+02:00,A0001011200,A1,43.0,3800
2026-09-17T07:21:22Z,2026-09-17T09:12:00.000+02:00,A0027010102,A27,87.0,3230
2026-09-17T07:21:22Z,2026-09-17T09:12:00.000+02:00,N0041010100,N41,73.0,1210
2026-09-17T07:21:22Z,2026-09-17T09:12:00.000+02:00,A0027010101,A27,87.0,3230
2026-09-17T07:21:22Z,2026-09-17T09:12:00.000+02:00,A9022010250,A22 (rocade),78.0,1010
2026-09-17T07:21:22Z,2026-09-17T09:12:00.000+02:00,A0001020150,A1,107.0,3090
2026-09-17T07:21:22Z,2026-09-17T09:12:00.000+02:00,N0356011700,N356,65.0,3470
2026-09-17T07:21:22Z,2026-09-17T09:12:00.000+02:00,N9227110200,N227 (bretelle),63.0,90
2026-09-17T07:21:22Z,2026-09-17T09:12:00.000+02:00,N0356021300,N356,7.0,840
2026-09-17T07:21:22Z,2026-09-17T09:12:00.000+02:00,A0022011400,A22,74.0,1060
2026-09-17T07:21:22Z,2026-09-17T09:12:00.000+02:00,A0027010300,A27,91.0,800
2026-09-17T07:21:22Z,2026-09-17T09:12:00.000+02:00,A9022020250,A22 (rocade),47.0,1610
2026-09-17T07:21:22Z,2026-09-17T09:12:00.000+02:00,N0041010300,N41,26.0,2390
2026-09-17T07:21:22Z,2026-09-17T09:12:00.000+02:00,A0022011210,A22,63.0,1320
2026-09-17T07:21:22Z,2026-09-17T09:12:00.000+02:00,A0027020100,A27,67.0,2430
2026-09-17T07:21:22Z,2026-09-17T09:12:00.000+02:00,A0001010300,A1,35.0,1770
2026-09-17T07:21:22Z,2026-09-17T09:12:00.000+02:00,A0022011220,A22,63.0,1320
2026-09-17T07:21:22Z,2026-09-17T09:12:00.000+02:00,N0227021400,N227,39.0,170
2026-09-17T07:21:22Z,2026-09-17T09:12:00.000+02:00,A9022101110,A22 (rocade),83.0,1090
2026-09-17T07:21:22Z,2026-09-17T09:12:00.000+02:00,A0022022110,A22,77.0,3000
2026-09-17T07:21:22Z,2026-09-17T09:12:00.000+02:00,A0001011420,A1,44.0,2910
2026-09-17T07:21:22Z,2026-09-17T09:12:00.000+02:00,N0356010800,N356,72.0,3210
2026-09-17T07:21:22Z,2026-09-17T09:12:00.000+02:00,A9001210710,A1 (bretelle),61.0,30
2026-09-17T07:21:22Z,2026-09-17T09:12:00.000+02:00,N0356021110,N356,18.0,2190
2026-09-17T07:21:22Z,2026-09-17T09:12:00.000+02:00,A0001010510,A1,28.0,2320
2026-09-17T07:21:22Z,2026-09-17T09:12:00.000+02:00,N0356021122,N356,8.0,1580
2026-09-17T07:21:22Z,2026-09-17T09:12:00.000+02:00,N0356021121,N356,18.0,2190
2026-09-17T07:21:22Z,2026-09-17T09:12:00.000+02:00,A0025010210,A25,69.0,4790
2026-09-17T07:21:22Z,2026-09-17T09:12:00.000+02:00,A0025011300,A25,88.0,1240
2026-09-17T07:21:22Z,2026-09-17T09:12:00.000+02:00,A0001020300,A1,108.0,2900
2026-09-17T07:21:22Z,2026-09-17T09:12:00.000+02:00,A0025021100,A25,30.0,2380
2026-09-17T07:21:22Z,2026-09-17T09:12:00.000+02:00,A0025023520,A25,110.0,1120
2026-09-17T07:21:22Z,2026-09-17T09:12:00.000+02:00,A0022022130,A22,70.0,2750
2026-09-17T07:21:22Z,2026-09-17T09:12:00.000+02:00,A0025010220,A25,69.0,4790
2026-09-17T07:21:22Z,2026-09-17T09:12:00.000+02:00,A0022022120,A22,82.0,3090
2026-09-17T07:21:22Z,2026-09-17T09:12:00.000+02:00,A0001010520,A1,38.0,2950
2026-09-17T07:21:22Z,2026-09-17T09:12:00.000+02:00,A0022011000,A22,61.0,3300
2026-09-17T07:21:22Z,2026-09-17T09:12:00.000+02:00,A0001020510,A1,106.0,2930
2026-09-17T07:21:22Z,2026-09-17T09:12:00.000+02:00,A0001021602,A1,76.0,7100
2026-09-17T07:21:22Z,2026-09-17T09:12:00.000+02:00,A22TC020222,A22 (contournement),67.0,5240
2026-09-17T07:21:22Z,2026-09-17T09:12:00.000+02:00,A0001010940,A1,39.0,3440
2026-09-17T07:21:22Z,2026-09-17T09:12:00.000+02:00,A0025023320,A25,109.0,1760
2026-09-17T07:21:22Z,2026-09-17T09:12:00.000+02:00,A0001020520,A1,103.0,3130
2026-09-17T07:21:22Z,2026-09-17T09:12:00.000+02:00,A0025023100,A25,111.0,1580
2026-09-17T07:21:22Z,2026-09-17T09:12:00.000+02:00,A22TC020230,A22 (contournement),67.0,5240
2026-09-17T07:21:22Z,2026-09-17T09:12:00.000+02:00,A0025021730,A25,59.0,2980
2026-09-17T07:21:22Z,2026-09-17T09:12:00.000+02:00,A0025023910,A25,112.0,870
2026-09-17T07:21:22Z,2026-09-17T09:12:00.000+02:00,A0025021735,A25,61.0,2880
2026-09-17T07:21:22Z,2026-09-17T09:12:00.000+02:00,A0023010400,A23,103.0,1530
2026-09-17T07:21:22Z,2026-09-17T09:12:00.000+02:00,A0022021900,A22,76.0,2250
2026-09-17T07:21:22Z,2026-09-17T09:12:00.000+02:00,A9022100500,A22 (rocade),71.0,1690
2026-09-17T07:21:22Z,2026-09-17T09:12:00.000+02:00,A0001020940,A1,93.0,3300
2026-09-17T07:21:22Z,2026-09-17T09:12:00.000+02:00,A0001020700,A1,100.0,2460
2026-09-17T07:21:22Z,2026-09-17T09:12:00.000+02:00,A9022020830,A22 (rocade),85.0,270
2026-09-17T07:21:22Z,2026-09-17T09:12:00.000+02:00,A9022020822,A22 (rocade),67.0,1730
2026-09-17T07:21:22Z,2026-09-17T09:12:00.000+02:00,A9022020821,A22 (rocade),67.0,1730
2026-09-17T07:21:22Z,2026-09-17T09:12:00.000+02:00,A0025020420,A25,26.0,4720
2026-09-17T07:21:22Z,2026-09-17T09:12:00.000+02:00,A0025021510,A25,82.0,1570
2026-09-17T07:21:22Z,2026-09-17T09:12:00.000+02:00,N0227010100,N227,40.0,2620
2026-09-17T07:21:22Z,2026-09-17T09:12:00.000+02:00,A0025011720,A25,97.0,2520
2026-09-17T07:21:22Z,2026-09-17T09:12:00.000+02:00,A0025021760,A25,25.0,2660
2026-09-17T07:21:22Z,2026-09-17T09:12:00.000+02:00,A0025011730,A25,86.0,2520
2026-09-17T07:21:22Z,2026-09-17T09:12:00.000+02:00,A0025011735,A25,99.0,2690
2026-09-17T07:21:22Z,2026-09-17T09:12:00.000+02:00,A9025080700,A25 (bretelle),,650
2026-09-17T07:21:22Z,2026-09-17T09:12:00.000+02:00,A9022100930,A22 (rocade),54.0,240
2026-09-17T07:21:22Z,2026-09-17T09:12:00.000+02:00,N0356011220,N356,32.0,3550
2026-09-17T07:21:22Z,2026-09-17T09:12:00.000+02:00,A0025011740,A25,83.0,2780
2026-09-17T07:21:22Z,2026-09-17T09:12:00.000+02:00,A0025010410,A25,69.0,3510
2026-09-17T07:21:22Z,2026-09-17T09:12:00.000+02:00,A0023010200,A23,86.0,2170
2026-09-17T07:21:22Z,2026-09-17T09:12:00.000+02:00,A9001210120,A1 (bretelle),73.0,1150
2026-09-17T07:21:22Z,2026-09-17T09:12:00.000+02:00,A0025020210,A25,65.0,5810
2026-09-17T07:21:22Z,2026-09-17T09:12:00.000+02:00,N0356011210,N356,32.0,3550
2026-09-17T07:21:22Z,2026-09-17T09:12:00.000+02:00,A0025011510,A25,89.0,1770
2026-09-17T07:21:22Z,2026-09-17T09:12:00.000+02:00,A0025020220,A25,65.0,5810
2026-09-17T07:21:22Z,2026-09-17T09:12:00.000+02:00,N0227010302,N227,57.0,5080
2026-09-17T07:21:22Z,2026-09-17T09:12:00.000+02:00,N0041010500,N41,20.0,1940
2026-09-17T07:21:22Z,2026-09-17T09:12:00.000+02:00,N0227020101,N227,37.0,3110
2026-09-17T07:21:22Z,2026-09-17T09:12:00.000+02:00,A9022100110,A22 (rocade),11.0,880
2026-09-17T07:21:22Z,2026-09-17T09:12:00.000+02:00,A0022010400,A22,71.0,3690
2026-09-17T07:21:22Z,2026-09-17T09:12:00.000+02:00,N0356010302,N356,70.0,6030
2026-09-17T07:21:22Z,2026-09-17T09:12:00.000+02:00,A0025010800,A25,75.0,2080
2026-09-17T07:21:22Z,2026-09-17T09:12:00.000+02:00,A0027020621,A27,16.0,1710
2026-09-17T07:21:22Z,2026-09-17T09:12:00.000+02:00,N0041010700,N41,31.0,1140
2026-09-17T07:21:22Z,2026-09-17T09:12:00.000+02:00,A0027020630,A27,24.0,1850
2026-09-17T07:21:22Z,2026-09-17T09:12:00.000+02:00,A0022021512,A22,78.0,2130
2026-09-17T07:21:22Z,2026-09-17T09:12:00.000+02:00,A0022021511,A22,78.0,2170
2026-09-17T07:21:22Z,2026-09-17T09:12:00.000+02:00,A0027020610,A27,16.0,1710
2026-09-17T07:21:22Z,2026-09-17T09:12:00.000+02:00,A0025021720,A25,73.0,2970
2026-09-17T07:21:22Z,2026-09-17T09:12:00.000+02:00,A0022021520,A22,78.0,2130
2026-09-17T07:21:22Z,2026-09-17T09:12:00.000+02:00,A0025022140,A25,98.0,2560
2026-09-17T07:21:22Z,2026-09-17T09:12:00.000+02:00,A0022011302,A22,72.0,2940
2026-09-17T07:21:22Z,2026-09-17T09:12:00.000+02:00,A0025022160,A25,96.0,2610
2026-09-17T07:21:22Z,2026-09-17T09:12:00.000+02:00,A9025060104,A25 (bretelle),68.0,2390
2026-09-17T07:21:22Z,2026-09-17T09:12:00.000+02:00,A0027010201,A27,86.0,2010
2026-09-17T07:21:22Z,2026-09-17T09:12:00.000+02:00,A0027010202,A27,65.0,800
2026-09-17T07:21:22Z,2026-09-17T09:12:00.000+02:00,N9227110110,N227 (bretelle),73.0,1560
2026-09-17T07:21:22Z,2026-09-17T09:12:00.000+02:00,A0025012130,A25,100.0,920
2026-09-17T07:21:22Z,2026-09-17T09:12:00.000+02:00,A0027010210,A27,65.0,800
2026-09-17T07:21:22Z,2026-09-17T09:12:00.000+02:00,A0025011050,A25,91.0,1560
2026-09-17T07:21:22Z,2026-09-17T09:12:00.000+02:00,A0027010421,A27,95.0,1090
2026-09-17T07:21:22Z,2026-09-17T09:12:00.000+02:00,A0022012420,A22,89.0,2770
2026-09-17T07:21:22Z,2026-09-17T09:12:00.000+02:00,A0027010430,A27,98.0,1000
2026-09-17T07:21:22Z,2026-09-17T09:12:00.000+02:00,A0023020710,A23,35.0,2550
2026-09-17T07:21:22Z,2026-09-17T09:12:00.000+02:00,A0022012430,A22,87.0,2690
2026-09-17T07:21:22Z,2026-09-17T09:12:00.000+02:00,A0025012160,A25,116.0,2120
2026-09-17T07:21:22Z,2026-09-17T09:12:00.000+02:00,A9022021200,A22 (rocade),58.0,560
2026-09-17T07:21:22Z,2026-09-17T09:12:00.000+02:00,A0001021100,A1,91.0,2990
2026-09-17T07:21:22Z,2026-09-17T09:12:00.000+02:00,A9022101000,A22 (rocade),20.0,1110
2026-09-17T07:21:22Z,2026-09-17T09:12:00.000+02:00,A0025013020,A25,105.0,1840
2026-09-17T07:21:22Z,2026-09-17T09:12:00.000+02:00,A0027010410,A27,95.0,1090
2026-09-17T07:21:22Z,2026-09-17T09:12:00.000+02:00,A0022012410,A22,89.0,2790
2026-09-17T07:21:22Z,2026-09-17T09:12:00.000+02:00,A0001A20112,A1,82.0,3240
2026-09-17T07:21:22Z,2026-09-17T09:12:00.000+02:00,A0001A20111,A1,73.0,1390
2026-09-17T07:21:22Z,2026-09-17T09:12:00.000+02:00,A0001021521,A1,82.0,3390
2026-09-17T07:21:22Z,2026-09-17T09:12:00.000+02:00,A0025022540,A25,113.0,1980
2026-09-17T07:21:22Z,2026-09-17T09:12:00.000+02:00,A0025022300,A25,94.0,990
2026-09-17T07:21:22Z,2026-09-17T09:12:00.000+02:00,N0356021000,N356,13.0,1920
2026-09-17T07:21:22Z,2026-09-17T09:12:00.000+02:00,A22TC010102,A22 (contournement),46.0,2410
2026-09-17T07:21:22Z,2026-09-17T09:12:00.000+02:00,A0001011503,A1,77.0,6620
2026-09-17T07:21:22Z,2026-09-17T09:12:00.000+02:00,A0022012200,A22,80.0,2570
2026-09-17T07:21:22Z,2026-09-17T09:12:00.000+02:00,A0001A20120,A1,60.0,2850
2026-09-17T07:21:22Z,2026-09-17T09:12:00.000+02:00,A22TC020102,A22 (contournement),76.0,3440
2026-09-17T07:21:22Z,2026-09-17T09:12:00.000+02:00,A22TC010300,A22 (contournement),58.0,3060
2026-09-17T07:21:22Z,2026-09-17T09:12:00.000+02:00,A0022012010,A22,81.0,1950
2026-09-17T07:21:22Z,2026-09-17T09:12:00.000+02:00,A0022012020,A22,81.0,1950
2026-09-17T07:21:22Z,2026-09-17T09:12:00.000+02:00,A0025022130,A25,105.0,2600
2026-09-17T07:21:22Z,2026-09-17T09:12:00.000+02:00,A0023010520,A23,109.0,1450
2026-09-17T07:21:22Z,2026-09-17T09:12:00.000+02:00,N0041020800,N41,90.0,1790
2026-09-17T07:21:22Z,2026-09-17T09:12:00.000+02:00,A0025010500,A25,68.0,2150
2026-09-17T07:21:22Z,2026-09-17T09:12:00.000+02:00,A0022020901,A22,31.0,3320
2026-09-17T07:21:22Z,2026-09-17T09:12:00.000+02:00,A0022020902,A22,31.0,2160
2026-09-17T07:21:22Z,2026-09-17T09:12:00.000+02:00,A0022021810,A22,77.0,2130
2026-09-17T07:21:22Z,2026-09-17T09:12:00.000+02:00,N0356011100,N356,36.0,3070
2026-09-17T07:21:22Z,2026-09-17T09:12:00.000+02:00,A0022021820,A22,77.0,2130
2026-09-17T07:21:22Z,2026-09-17T09:12:00.000+02:00,N0356020802,N356,15.0,2040
2026-09-17T07:21:22Z,2026-09-17T09:12:00.000+02:00,A9022020900,A22 (rocade),65.0,1010
2026-09-17T07:21:22Z,2026-09-17T09:12:00.000+02:00,A0025020102,A25,68.0,90
2026-09-17T07:21:22Z,2026-09-17T09:12:00.000+02:00,A0023010100,A23,88.0,540
2026-09-17T07:21:22Z,2026-09-17T09:12:00.000+02:00,A0025022530,A25,106.0,2000
2026-09-17T07:21:22Z,2026-09-17T09:12:00.000+02:00,A9001210200,A1 (bretelle),64.0,1100
2026-09-17T07:21:22Z,2026-09-17T09:12:00.000+02:00,A0022010700,A22,75.0,2910
2026-09-17T07:21:22Z,2026-09-17T09:12:00.000+02:00,N0041020400,N41,83.0,2210
2026-09-17T07:21:22Z,2026-09-17T09:12:00.000+02:00,A0023020720,A23,22.0,2080
2026-09-17T07:21:22Z,2026-09-17T09:12:00.000+02:00,A0022020500,A22,31.0,1450
2026-09-17T07:21:22Z,2026-09-17T09:12:00.000+02:00,N93563b0150,N356 (bretelle),61.0,80
2026-09-17T07:21:22Z,2026-09-17T09:12:00.000+02:00,A0025020950,A25,36.0,4030
2026-09-17T07:21:22Z,2026-09-17T09:12:00.000+02:00,A0023020300,A23,24.0,1740
2026-09-17T07:21:22Z,2026-09-17T09:12:00.000+02:00,A0001011000,A1,49.0,3340
2026-09-17T07:21:22Z,2026-09-17T09:12:00.000+02:00,A0027020500,A27,8.0,1100
2026-09-17T07:21:22Z,2026-09-17T09:12:00.000+02:00,N0356011500,N356,32.0,4330
2026-09-17T07:21:22Z,2026-09-17T09:12:00.000+02:00,A0001010150,A1,25.0,2180
2026-09-17T07:21:22Z,2026-09-17T09:12:00.000+02:00,N0356020400,N356,19.0,2290
2026-09-17T07:21:22Z,2026-09-17T09:12:00.000+02:00,N0041020600,N41,92.0,630
2026-09-17T07:21:22Z,2026-09-17T09:12:00.000+02:00,A0025010700,A25,73.0,1320
2026-09-17T07:21:22Z,2026-09-17T09:12:00.000+02:00,A0002011230,A2,94.0,3160
2026-09-17T07:21:22Z,2026-09-17T09:12:00.000+02:00,A0025020500,A25,30.0,3600
2026-09-17T07:21:22Z,2026-09-17T09:12:00.000+02:00,A0002021290,A2,104.0,2140
2026-09-17T07:21:22Z,2026-09-17T09:12:00.000+02:00,A0022011600,A22,79.0,1920
2026-09-17T07:31:44Z,2026-09-17T09:24:00.000+02:00,A0001011200,A1,50.0,3770
2026-09-17T07:31:44Z,2026-09-17T09:24:00.000+02:00,A0027010102,A27,88.0,3240
2026-09-17T07:31:44Z,2026-09-17T09:24:00.000+02:00,N0041010100,N41,78.0,1500
2026-09-17T07:31:44Z,2026-09-17T09:24:00.000+02:00,A0027010101,A27,88.0,3240
2026-09-17T07:31:44Z,2026-09-17T09:24:00.000+02:00,A9022010250,A22 (rocade),78.0,940
2026-09-17T07:31:44Z,2026-09-17T09:24:00.000+02:00,A0001020150,A1,104.0,3760
2026-09-17T07:31:44Z,2026-09-17T09:24:00.000+02:00,N0356011700,N356,71.0,2770
2026-09-17T07:31:44Z,2026-09-17T09:24:00.000+02:00,N9227110200,N227 (bretelle),64.0,50
2026-09-17T07:31:44Z,2026-09-17T09:24:00.000+02:00,N0356021300,N356,24.0,3140
2026-09-17T07:31:44Z,2026-09-17T09:24:00.000+02:00,A0022011400,A22,76.0,910
2026-09-17T07:31:44Z,2026-09-17T09:24:00.000+02:00,A0027010300,A27,87.0,830
2026-09-17T07:31:44Z,2026-09-17T09:24:00.000+02:00,A9022020250,A22 (rocade),48.0,1410
2026-09-17T07:31:44Z,2026-09-17T09:24:00.000+02:00,N0041010300,N41,36.0,2970
2026-09-17T07:31:44Z,2026-09-17T09:24:00.000+02:00,A0022011210,A22,75.0,1020
2026-09-17T07:31:44Z,2026-09-17T09:24:00.000+02:00,A0027020100,A27,65.0,2410
2026-09-17T07:31:44Z,2026-09-17T09:24:00.000+02:00,A0001010300,A1,17.0,1860
2026-09-17T07:31:44Z,2026-09-17T09:24:00.000+02:00,A0022011220,A22,75.0,1020
2026-09-17T07:31:44Z,2026-09-17T09:24:00.000+02:00,N0227021400,N227,33.0,230
2026-09-17T07:31:44Z,2026-09-17T09:24:00.000+02:00,A9022101110,A22 (rocade),76.0,1030
2026-09-17T07:31:44Z,2026-09-17T09:24:00.000+02:00,A0022022110,A22,77.0,3010
2026-09-17T07:31:44Z,2026-09-17T09:24:00.000+02:00,A0001011420,A1,35.0,2630
2026-09-17T07:31:44Z,2026-09-17T09:24:00.000+02:00,N0356010800,N356,71.0,3010
2026-09-17T07:31:44Z,2026-09-17T09:24:00.000+02:00,A9001210710,A1 (bretelle),55.0,40
2026-09-17T07:31:44Z,2026-09-17T09:24:00.000+02:00,N0356021110,N356,29.0,3800
2026-09-17T07:31:44Z,2026-09-17T09:24:00.000+02:00,A0001010510,A1,44.0,2210
2026-09-17T07:31:44Z,2026-09-17T09:24:00.000+02:00,N0356021122,N356,29.0,3790
2026-09-17T07:31:44Z,2026-09-17T09:24:00.000+02:00,N0356021121,N356,29.0,3800
2026-09-17T07:31:44Z,2026-09-17T09:24:00.000+02:00,A0025010210,A25,66.0,4790
2026-09-17T07:31:44Z,2026-09-17T09:24:00.000+02:00,A0025011300,A25,86.0,1050
2026-09-17T07:31:44Z,2026-09-17T09:24:00.000+02:00,A0001020300,A1,104.0,3690
2026-09-17T07:31:44Z,2026-09-17T09:24:00.000+02:00,A0025021100,A25,84.0,2140
2026-09-17T07:31:44Z,2026-09-17T09:24:00.000+02:00,A0025023520,A25,105.0,1080
2026-09-17T07:31:44Z,2026-09-17T09:24:00.000+02:00,A0022022130,A22,66.0,2560
2026-09-17T07:31:44Z,2026-09-17T09:24:00.000+02:00,A0025010220,A25,66.0,4790
2026-09-17T07:31:44Z,2026-09-17T09:24:00.000+02:00,A0022022120,A22,83.0,3000
2026-09-17T07:31:44Z,2026-09-17T09:24:00.000+02:00,A0001010520,A1,30.0,2980
2026-09-17T07:31:44Z,2026-09-17T09:24:00.000+02:00,A0022011000,A22,69.0,2510
2026-09-17T07:31:44Z,2026-09-17T09:24:00.000+02:00,A0001020510,A1,102.0,3720
2026-09-17T07:31:44Z,2026-09-17T09:24:00.000+02:00,A0001021602,A1,65.0,7130
2026-09-17T07:31:44Z,2026-09-17T09:24:00.000+02:00,A22TC020222,A22 (contournement),62.0,4840
2026-09-17T07:31:44Z,2026-09-17T09:24:00.000+02:00,A0001010940,A1,55.0,4300
2026-09-17T07:31:44Z,2026-09-17T09:24:00.000+02:00,A0025023320,A25,107.0,1650
2026-09-17T07:31:44Z,2026-09-17T09:24:00.000+02:00,A0001020520,A1,99.0,3870
2026-09-17T07:31:44Z,2026-09-17T09:24:00.000+02:00,A0025023100,A25,106.0,1390
2026-09-17T07:31:44Z,2026-09-17T09:24:00.000+02:00,A22TC020230,A22 (contournement),62.0,4840
2026-09-17T07:31:44Z,2026-09-17T09:24:00.000+02:00,A0025021730,A25,31.0,2490
2026-09-17T07:31:44Z,2026-09-17T09:24:00.000+02:00,A0025023910,A25,106.0,930
2026-09-17T07:31:44Z,2026-09-17T09:24:00.000+02:00,A0025021735,A25,53.0,2730
2026-09-17T07:31:44Z,2026-09-17T09:24:00.000+02:00,A0023010400,A23,105.0,1860
2026-09-17T07:31:44Z,2026-09-17T09:24:00.000+02:00,A0022021900,A22,77.0,2230
2026-09-17T07:31:44Z,2026-09-17T09:24:00.000+02:00,A9022100500,A22 (rocade),63.0,1550
2026-09-17T07:31:44Z,2026-09-17T09:24:00.000+02:00,A0001020940,A1,89.0,4150
2026-09-17T07:31:44Z,2026-09-17T09:24:00.000+02:00,A0001020700,A1,99.0,3160
2026-09-17T07:31:44Z,2026-09-17T09:24:00.000+02:00,A9022020830,A22 (rocade),83.0,310
2026-09-17T07:31:44Z,2026-09-17T09:24:00.000+02:00,A9022020822,A22 (rocade),69.0,1860
2026-09-17T07:31:44Z,2026-09-17T09:24:00.000+02:00,A9022020821,A22 (rocade),69.0,1860
2026-09-17T07:31:44Z,2026-09-17T09:24:00.000+02:00,A0025020420,A25,43.0,5020
2026-09-17T07:31:44Z,2026-09-17T09:24:00.000+02:00,A0025021510,A25,86.0,1410
2026-09-17T07:31:44Z,2026-09-17T09:24:00.000+02:00,N0227010100,N227,64.0,2020
2026-09-17T07:31:44Z,2026-09-17T09:24:00.000+02:00,A0025011720,A25,94.0,2430
2026-09-17T07:31:44Z,2026-09-17T09:24:00.000+02:00,A0025021760,A25,77.0,2710
2026-09-17T07:31:44Z,2026-09-17T09:24:00.000+02:00,A0025011730,A25,81.0,2390
2026-09-17T07:31:44Z,2026-09-17T09:24:00.000+02:00,A0025011735,A25,94.0,2420
2026-09-17T07:31:44Z,2026-09-17T09:24:00.000+02:00,A9025080700,A25 (bretelle),,680
2026-09-17T07:31:44Z,2026-09-17T09:24:00.000+02:00,A9022100930,A22 (rocade),72.0,210
2026-09-17T07:31:44Z,2026-09-17T09:24:00.000+02:00,N0356011220,N356,71.0,2940
2026-09-17T07:31:44Z,2026-09-17T09:24:00.000+02:00,A0025011740,A25,78.0,2430
2026-09-17T07:31:44Z,2026-09-17T09:24:00.000+02:00,A0025010410,A25,67.0,3810
2026-09-17T07:31:44Z,2026-09-17T09:24:00.000+02:00,A0023010200,A23,90.0,2350
2026-09-17T07:31:44Z,2026-09-17T09:24:00.000+02:00,A9001210120,A1 (bretelle),74.0,1070
2026-09-17T07:31:44Z,2026-09-17T09:24:00.000+02:00,A0025020210,A25,63.0,5600
2026-09-17T07:31:44Z,2026-09-17T09:24:00.000+02:00,N0356011210,N356,71.0,2940
2026-09-17T07:31:44Z,2026-09-17T09:24:00.000+02:00,A0025011510,A25,86.0,1390
2026-09-17T07:31:44Z,2026-09-17T09:24:00.000+02:00,A0025020220,A25,63.0,5600
2026-09-17T07:31:44Z,2026-09-17T09:24:00.000+02:00,N0227010302,N227,69.0,4010
2026-09-17T07:31:44Z,2026-09-17T09:24:00.000+02:00,N0041010500,N41,29.0,2620
2026-09-17T07:31:44Z,2026-09-17T09:24:00.000+02:00,N0227020101,N227,32.0,2060
2026-09-17T07:31:44Z,2026-09-17T09:24:00.000+02:00,A9022100110,A22 (rocade),66.0,700
2026-09-17T07:31:44Z,2026-09-17T09:24:00.000+02:00,A0022010400,A22,72.0,2990
2026-09-17T07:31:44Z,2026-09-17T09:24:00.000+02:00,N0356010302,N356,65.0,5670
2026-09-17T07:31:44Z,2026-09-17T09:24:00.000+02:00,A0025010800,A25,74.0,2350
2026-09-17T07:31:44Z,2026-09-17T09:24:00.000+02:00,A0027020621,A27,28.0,1770
2026-09-17T07:31:44Z,2026-09-17T09:24:00.000+02:00,N0041010700,N41,64.0,940
2026-09-17T07:31:44Z,2026-09-17T09:24:00.000+02:00,A0027020630,A27,33.0,1590
2026-09-17T07:31:44Z,2026-09-17T09:24:00.000+02:00,A0022021512,A22,73.0,1850
2026-09-17T07:31:44Z,2026-09-17T09:24:00.000+02:00,A0022021511,A22,59.0,1850
2026-09-17T07:31:44Z,2026-09-17T09:24:00.000+02:00,A0027020610,A27,28.0,1770
2026-09-17T07:31:44Z,2026-09-17T09:24:00.000+02:00,A0025021720,A25,78.0,2400
2026-09-17T07:31:44Z,2026-09-17T09:24:00.000+02:00,A0022021520,A22,73.0,1850
2026-09-17T07:31:44Z,2026-09-17T09:24:00.000+02:00,A0025022140,A25,100.0,2030
2026-09-17T07:31:44Z,2026-09-17T09:24:00.000+02:00,A0022011302,A22,74.0,2530
2026-09-17T07:31:44Z,2026-09-17T09:24:00.000+02:00,A0025022160,A25,101.0,1970
2026-09-17T07:31:44Z,2026-09-17T09:24:00.000+02:00,A9025060104,A25 (bretelle),68.0,2110
2026-09-17T07:31:44Z,2026-09-17T09:24:00.000+02:00,A0027010201,A27,88.0,2020
2026-09-17T07:31:44Z,2026-09-17T09:24:00.000+02:00,A0027010202,A27,62.0,1120
2026-09-17T07:31:44Z,2026-09-17T09:24:00.000+02:00,N9227110110,N227 (bretelle),73.0,1250
2026-09-17T07:31:44Z,2026-09-17T09:24:00.000+02:00,A0025012130,A25,105.0,1050
2026-09-17T07:31:44Z,2026-09-17T09:24:00.000+02:00,A0027010210,A27,62.0,1120
2026-09-17T07:31:44Z,2026-09-17T09:24:00.000+02:00,A0025011050,A25,86.0,1260
2026-09-17T07:31:44Z,2026-09-17T09:24:00.000+02:00,A0027010421,A27,91.0,1090
2026-09-17T07:31:44Z,2026-09-17T09:24:00.000+02:00,A0022012420,A22,84.0,2690
2026-09-17T07:31:44Z,2026-09-17T09:24:00.000+02:00,A0027010430,A27,93.0,1100
2026-09-17T07:31:44Z,2026-09-17T09:24:00.000+02:00,A0023020710,A23,31.0,2630
2026-09-17T07:31:44Z,2026-09-17T09:24:00.000+02:00,A0022012430,A22,83.0,2630
2026-09-17T07:31:44Z,2026-09-17T09:24:00.000+02:00,A0025012160,A25,111.0,2080
2026-09-17T07:31:44Z,2026-09-17T09:24:00.000+02:00,A9022021200,A22 (rocade),59.0,730
2026-09-17T07:31:44Z,2026-09-17T09:24:00.000+02:00,A0001021100,A1,89.0,3820
2026-09-17T07:31:44Z,2026-09-17T09:24:00.000+02:00,A9022101000,A22 (rocade),19.0,1000
2026-09-17T07:31:44Z,2026-09-17T09:24:00.000+02:00,A0025013020,A25,107.0,1660
2026-09-17T07:31:44Z,2026-09-17T09:24:00.000+02:00,A0027010410,A27,91.0,1090
2026-09-17T07:31:44Z,2026-09-17T09:24:00.000+02:00,A0022012410,A22,87.0,2750
2026-09-17T07:31:44Z,2026-09-17T09:24:00.000+02:00,A0001A20112,A1,86.0,2890
2026-09-17T07:31:44Z,2026-09-17T09:24:00.000+02:00,A0001A20111,A1,75.0,1530
2026-09-17T07:31:44Z,2026-09-17T09:24:00.000+02:00,A0001021521,A1,71.0,3400
2026-09-17T07:31:44Z,2026-09-17T09:24:00.000+02:00,A0025022540,A25,107.0,1720
2026-09-17T07:31:44Z,2026-09-17T09:24:00.000+02:00,A0025022300,A25,103.0,600
2026-09-17T07:31:44Z,2026-09-17T09:24:00.000+02:00,N0356021000,N356,25.0,3510
2026-09-17T07:31:44Z,2026-09-17T09:24:00.000+02:00,A22TC010102,A22 (contournement),77.0,2000
2026-09-17T07:31:44Z,2026-09-17T09:24:00.000+02:00,A0001011503,A1,76.0,6050
2026-09-17T07:31:44Z,2026-09-17T09:24:00.000+02:00,A0022012200,A22,75.0,2570
2026-09-17T07:31:44Z,2026-09-17T09:24:00.000+02:00,A0001A20120,A1,61.0,2620
2026-09-17T07:31:44Z,2026-09-17T09:24:00.000+02:00,A22TC020102,A22 (contournement),78.0,2920
2026-09-17T07:31:44Z,2026-09-17T09:24:00.000+02:00,A22TC010300,A22 (contournement),53.0,2840
2026-09-17T07:31:44Z,2026-09-17T09:24:00.000+02:00,A0022012010,A22,78.0,1850
2026-09-17T07:31:44Z,2026-09-17T09:24:00.000+02:00,A0022012020,A22,78.0,1850
2026-09-17T07:31:44Z,2026-09-17T09:24:00.000+02:00,A0025022130,A25,111.0,2050
2026-09-17T07:31:44Z,2026-09-17T09:24:00.000+02:00,A0023010520,A23,110.0,1790
2026-09-17T07:31:44Z,2026-09-17T09:24:00.000+02:00,N0041020800,N41,90.0,1650
2026-09-17T07:31:44Z,2026-09-17T09:24:00.000+02:00,A0025010500,A25,69.0,2420
2026-09-17T07:31:44Z,2026-09-17T09:24:00.000+02:00,A0022020901,A22,32.0,3420
2026-09-17T07:31:44Z,2026-09-17T09:24:00.000+02:00,A0022020902,A22,32.0,2230
2026-09-17T07:31:44Z,2026-09-17T09:24:00.000+02:00,A0022021810,A22,78.0,1880
2026-09-17T07:31:44Z,2026-09-17T09:24:00.000+02:00,N0356011100,N356,70.0,2770
2026-09-17T07:31:44Z,2026-09-17T09:24:00.000+02:00,A0022021820,A22,78.0,1880
2026-09-17T07:31:44Z,2026-09-17T09:24:00.000+02:00,N0356020802,N356,30.0,3750
2026-09-17T07:31:44Z,2026-09-17T09:24:00.000+02:00,A9022020900,A22 (rocade),75.0,1070
2026-09-17T07:31:44Z,2026-09-17T09:24:00.000+02:00,A0025020102,A25,66.0,110
2026-09-17T07:31:44Z,2026-09-17T09:24:00.000+02:00,A0023010100,A23,94.0,630
2026-09-17T07:31:44Z,2026-09-17T09:24:00.000+02:00,A0025022530,A25,111.0,1730
2026-09-17T07:31:44Z,2026-09-17T09:24:00.000+02:00,A9001210200,A1 (bretelle),63.0,1150
2026-09-17T07:31:44Z,2026-09-17T09:24:00.000+02:00,A0022010700,A22,77.0,2380
2026-09-17T07:31:44Z,2026-09-17T09:24:00.000+02:00,N0041020400,N41,85.0,1910
2026-09-17T07:31:44Z,2026-09-17T09:24:00.000+02:00,A0023020720,A23,56.0,2960
2026-09-17T07:31:44Z,2026-09-17T09:24:00.000+02:00,A0022020500,A22,32.0,1390
2026-09-17T07:31:44Z,2026-09-17T09:24:00.000+02:00,N93563b0150,N356 (bretelle),62.0,90
2026-09-17T07:31:44Z,2026-09-17T09:24:00.000+02:00,A0025020950,A25,48.0,3900
2026-09-17T07:31:44Z,2026-09-17T09:24:00.000+02:00,A0023020300,A23,23.0,1710
2026-09-17T07:31:44Z,2026-09-17T09:24:00.000+02:00,A0001011000,A1,62.0,3510
2026-09-17T07:31:44Z,2026-09-17T09:24:00.000+02:00,A0027020500,A27,7.0,1090
2026-09-17T07:31:44Z,2026-09-17T09:24:00.000+02:00,N0356011500,N356,60.0,3170
2026-09-17T07:31:44Z,2026-09-17T09:24:00.000+02:00,A0001010150,A1,43.0,2640
2026-09-17T07:31:44Z,2026-09-17T09:24:00.000+02:00,N0356020400,N356,20.0,2190
2026-09-17T07:31:44Z,2026-09-17T09:24:00.000+02:00,N0041020600,N41,93.0,540
2026-09-17T07:31:44Z,2026-09-17T09:24:00.000+02:00,A0025010700,A25,69.0,1400
2026-09-17T07:31:44Z,2026-09-17T09:24:00.000+02:00,A0002011230,A2,99.0,2490
2026-09-17T07:31:44Z,2026-09-17T09:24:00.000+02:00,A0025020500,A25,29.0,3460
2026-09-17T07:31:44Z,2026-09-17T09:24:00.000+02:00,A0002021290,A2,102.0,1990
2026-09-17T07:31:44Z,2026-09-17T09:24:00.000+02:00,A0022011600,A22,79.0,1700
