poll_utc,feed_time,code_pme,route,vitesse_kmh,debit_vh
2026-09-08T03:40:34Z,2026-09-08T05:30:00.000+02:00,A0001011200,A1,81.0,1400
2026-09-08T03:40:34Z,2026-09-08T05:30:00.000+02:00,A0027010102,A27,78.0,830
2026-09-08T03:40:34Z,2026-09-08T05:30:00.000+02:00,N0041010100,N41,87.0,390
2026-09-08T03:40:34Z,2026-09-08T05:30:00.000+02:00,A0027010101,A27,78.0,830
2026-09-08T03:40:34Z,2026-09-08T05:30:00.000+02:00,A9022010250,A22 (rocade),84.0,70
2026-09-08T03:40:34Z,2026-09-08T05:30:00.000+02:00,A0001020150,A1,94.0,1210
2026-09-08T03:40:34Z,2026-09-08T05:30:00.000+02:00,N0356011700,N356,78.0,780
2026-09-08T03:40:34Z,2026-09-08T05:30:00.000+02:00,N0356021300,N356,69.0,930
2026-09-08T03:40:34Z,2026-09-08T05:30:00.000+02:00,A0022011400,A22,83.0,280
2026-09-08T03:40:34Z,2026-09-08T05:30:00.000+02:00,A0027010300,A27,95.0,320
2026-09-08T03:40:34Z,2026-09-08T05:30:00.000+02:00,A9022020250,A22 (rocade),57.0,220
2026-09-08T03:40:34Z,2026-09-08T05:30:00.000+02:00,N0041010300,N41,90.0,820
2026-09-08T03:40:34Z,2026-09-08T05:30:00.000+02:00,A0022011210,A22,78.0,220
2026-09-08T03:40:34Z,2026-09-08T05:30:00.000+02:00,A0027020100,A27,74.0,360
2026-09-08T03:40:34Z,2026-09-08T05:30:00.000+02:00,A0001010300,A1,110.0,1780
2026-09-08T03:40:34Z,2026-09-08T05:30:00.000+02:00,A0022011220,A22,78.0,220
2026-09-08T03:40:34Z,2026-09-08T05:30:00.000+02:00,A9022101110,A22 (rocade),85.0,460
2026-09-08T03:40:34Z,2026-09-08T05:30:00.000+02:00,A0022022110,A22,88.0,1280
2026-09-08T03:40:34Z,2026-09-08T05:30:00.000+02:00,A0001011420,A1,88.0,1100
2026-09-08T03:40:34Z,2026-09-08T05:30:00.000+02:00,N0356010800,N356,78.0,680
2026-09-08T03:40:34Z,2026-09-08T05:30:00.000+02:00,A9001210710,A1 (bretelle),74.0,330
2026-09-08T03:40:34Z,2026-09-08T05:30:00.000+02:00,N0356021110,N356,77.0,910
2026-09-08T03:40:34Z,2026-09-08T05:30:00.000+02:00,A0001010510,A1,110.0,1610
2026-09-08T03:40:34Z,2026-09-08T05:30:00.000+02:00,N0356021122,N356,67.0,1050
2026-09-08T03:40:34Z,2026-09-08T05:30:00.000+02:00,N0356021121,N356,77.0,910
2026-09-08T03:40:34Z,2026-09-08T05:30:00.000+02:00,A0025010210,A25,79.0,1100
2026-09-08T03:40:34Z,2026-09-08T05:30:00.000+02:00,A0025011300,A25,87.0,300
2026-09-08T03:40:34Z,2026-09-08T05:30:00.000+02:00,A0001020300,A1,97.0,1180
2026-09-08T03:40:34Z,2026-09-08T05:30:00.000+02:00,A0025021100,A25,87.0,530
2026-09-08T03:40:34Z,2026-09-08T05:30:00.000+02:00,A0025023520,A25,103.0,500
2026-09-08T03:40:34Z,2026-09-08T05:30:00.000+02:00,A0022022130,A22,82.0,1390
2026-09-08T03:40:34Z,2026-09-08T05:30:00.000+02:00,A0025010220,A25,79.0,1100
2026-09-08T03:40:34Z,2026-09-08T05:30:00.000+02:00,A0022022120,A22,91.0,1300
2026-09-08T03:40:34Z,2026-09-08T05:30:00.000+02:00,A0001010520,A1,97.0,1740
2026-09-08T03:40:34Z,2026-09-08T05:30:00.000+02:00,A0022011000,A22,77.0,750
2026-09-08T03:40:34Z,2026-09-08T05:30:00.000+02:00,A0001020510,A1,87.0,640
2026-09-08T03:40:34Z,2026-09-08T05:30:00.000+02:00,A0001021602,A1,84.0,1770
2026-09-08T03:40:34Z,2026-09-08T05:30:00.000+02:00,A22TC020222,A22 (contournement),89.0,490
2026-09-08T03:40:34Z,2026-09-08T05:30:00.000+02:00,A0001010940,A1,96.0,1690
2026-09-08T03:40:34Z,2026-09-08T05:30:00.000+02:00,A0025023320,A25,108.0,600
2026-09-08T03:40:34Z,2026-09-08T05:30:00.000+02:00,A0001020520,A1,95.0,1200
2026-09-08T03:40:34Z,2026-09-08T05:30:00.000+02:00,A0025023100,A25,104.0,480
2026-09-08T03:40:34Z,2026-09-08T05:30:00.000+02:00,A22TC020230,A22 (contournement),89.0,490
2026-09-08T03:40:34Z,2026-09-08T05:30:00.000+02:00,A0025021730,A25,88.0,970
2026-09-08T03:40:34Z,2026-09-08T05:30:00.000+02:00,A0025023910,A25,105.0,420
2026-09-08T03:40:34Z,2026-09-08T05:30:00.000+02:00,A0025021735,A25,101.0,1000
2026-09-08T03:40:34Z,2026-09-08T05:30:00.000+02:00,A0023010400,A23,100.0,440
2026-09-08T03:40:34Z,2026-09-08T05:30:00.000+02:00,A0022021900,A22,85.0,990
2026-09-08T03:40:34Z,2026-09-08T05:30:00.000+02:00,A9022100500,A22 (rocade),88.0,370
2026-09-08T03:40:34Z,2026-09-08T05:30:00.000+02:00,A0001020940,A1,89.0,1460
2026-09-08T03:40:34Z,2026-09-08T05:30:00.000+02:00,A0001020700,A1,92.0,1130
2026-09-08T03:40:34Z,2026-09-08T05:30:00.000+02:00,A9022020830,A22 (rocade),84.0,110
2026-09-08T03:40:34Z,2026-09-08T05:30:00.000+02:00,A9022020822,A22 (rocade),82.0,380
2026-09-08T03:40:34Z,2026-09-08T05:30:00.000+02:00,A9022020821,A22 (rocade),82.0,380
2026-09-08T03:40:34Z,2026-09-08T05:30:00.000+02:00,A0025020420,A25,74.0,1090
2026-09-08T03:40:34Z,2026-09-08T05:30:00.000+02:00,A0025021510,A25,91.0,400
2026-09-08T03:40:34Z,2026-09-08T05:30:00.000+02:00,N0227010100,N227,68.0,220
2026-09-08T03:40:34Z,2026-09-08T05:30:00.000+02:00,A0025011720,A25,97.0,510
2026-09-08T03:40:34Z,2026-09-08T05:30:00.000+02:00,A0025021760,A25,87.0,1020
2026-09-08T03:40:34Z,2026-09-08T05:30:00.000+02:00,A0025011730,A25,87.0,490
2026-09-08T03:40:34Z,2026-09-08T05:30:00.000+02:00,A0025011735,A25,101.0,510
2026-09-08T03:40:34Z,2026-09-08T05:30:00.000+02:00,A9025080700,A25 (bretelle),,300
2026-09-08T03:40:34Z,2026-09-08T05:30:00.000+02:00,A9022100930,A22 (rocade),81.0,20
2026-09-08T03:40:34Z,2026-09-08T05:30:00.000+02:00,N0356011220,N356,75.0,790
2026-09-08T03:40:34Z,2026-09-08T05:30:00.000+02:00,A0025011740,A25,87.0,510
2026-09-08T03:40:34Z,2026-09-08T05:30:00.000+02:00,A0025010410,A25,70.0,890
2026-09-08T03:40:34Z,2026-09-08T05:30:00.000+02:00,A0023010200,A23,,510
2026-09-08T03:40:34Z,2026-09-08T05:30:00.000+02:00,A9001210120,A1 (bretelle),78.0,130
2026-09-08T03:40:34Z,2026-09-08T05:30:00.000+02:00,A0025020210,A25,78.0,1370
2026-09-08T03:40:34Z,2026-09-08T05:30:00.000+02:00,N0356011210,N356,75.0,790
2026-09-08T03:40:34Z,2026-09-08T05:30:00.000+02:00,A0025011510,A25,88.0,350
2026-09-08T03:40:34Z,2026-09-08T05:30:00.000+02:00,A0025020220,A25,78.0,1370
2026-09-08T03:40:34Z,2026-09-08T05:30:00.000+02:00,N0227010302,N227,79.0,510
2026-09-08T03:40:34Z,2026-09-08T05:30:00.000+02:00,N0041010500,N41,,640
2026-09-08T03:40:34Z,2026-09-08T05:30:00.000+02:00,N0227020101,N227,84.0,470
2026-09-08T03:40:34Z,2026-09-08T05:30:00.000+02:00,A9022100110,A22 (rocade),73.0,160
2026-09-08T03:40:34Z,2026-09-08T05:30:00.000+02:00,A0022010400,A22,77.0,660
2026-09-08T03:40:34Z,2026-09-08T05:30:00.000+02:00,N0356010302,N356,80.0,1140
2026-09-08T03:40:34Z,2026-09-08T05:30:00.000+02:00,A0025010800,A25,78.0,670
2026-09-08T03:40:34Z,2026-09-08T05:30:00.000+02:00,A0027020621,A27,94.0,280
2026-09-08T03:40:34Z,2026-09-08T05:30:00.000+02:00,N0041010700,N41,,70
2026-09-08T03:40:34Z,2026-09-08T05:30:00.000+02:00,A0027020630,A27,94.0,300
2026-09-08T03:40:34Z,2026-09-08T05:30:00.000+02:00,A0022021512,A22,84.0,880
2026-09-08T03:40:34Z,2026-09-08T05:30:00.000+02:00,A0022021511,A22,84.0,940
2026-09-08T03:40:34Z,2026-09-08T05:30:00.000+02:00,A0027020610,A27,94.0,280
2026-09-08T03:40:34Z,2026-09-08T05:30:00.000+02:00,A0025021720,A25,100.0,990
2026-09-08T03:40:34Z,2026-09-08T05:30:00.000+02:00,A0022021520,A22,84.0,880
2026-09-08T03:40:34Z,2026-09-08T05:30:00.000+02:00,A0025022140,A25,106.0,880
2026-09-08T03:40:34Z,2026-09-08T05:30:00.000+02:00,A0022011302,A22,82.0,590
2026-09-08T03:40:34Z,2026-09-08T05:30:00.000+02:00,A0025022160,A25,103.0,830
2026-09-08T03:40:34Z,2026-09-08T05:30:00.000+02:00,A9025060104,A25 (bretelle),71.0,670
2026-09-08T03:40:34Z,2026-09-08T05:30:00.000+02:00,A0027010201,A27,96.0,540
2026-09-08T03:40:34Z,2026-09-08T05:30:00.000+02:00,A0027010202,A27,53.0,140
2026-09-08T03:40:34Z,2026-09-08T05:30:00.000+02:00,N9227110110,N227 (bretelle),79.0,280
2026-09-08T03:40:34Z,2026-09-08T05:30:00.000+02:00,A0025012130,A25,86.0,360
2026-09-08T03:40:34Z,2026-09-08T05:30:00.000+02:00,A0027010210,A27,53.0,140
2026-09-08T03:40:34Z,2026-09-08T05:30:00.000+02:00,A0025011050,A25,87.0,240
2026-09-08T03:40:34Z,2026-09-08T05:30:00.000+02:00,A0025012140,A25,101.0,480
2026-09-08T03:40:34Z,2026-09-08T05:30:00.000+02:00,A0027010421,A27,95.0,410
2026-09-08T03:40:34Z,2026-09-08T05:30:00.000+02:00,A0022012420,A22,96.0,1230
2026-09-08T03:40:34Z,2026-09-08T05:30:00.000+02:00,A0027010430,A27,97.0,430
2026-09-08T03:40:34Z,2026-09-08T05:30:00.000+02:00,A0023020710,A23,102.0,460
2026-09-08T03:40:34Z,2026-09-08T05:30:00.000+02:00,A0022012430,A22,94.0,1100
2026-09-08T03:40:34Z,2026-09-08T05:30:00.000+02:00,A0025012160,A25,114.0,510
2026-09-08T03:40:34Z,2026-09-08T05:30:00.000+02:00,A9022021200,A22 (rocade),66.0,70
2026-09-08T03:40:34Z,2026-09-08T05:30:00.000+02:00,A0001021100,A1,88.0,1370
2026-09-08T03:40:34Z,2026-09-08T05:30:00.000+02:00,A9022101000,A22 (rocade),,220
2026-09-08T03:40:34Z,2026-09-08T05:30:00.000+02:00,A0025013020,A25,106.0,300
2026-09-08T03:40:34Z,2026-09-08T05:30:00.000+02:00,A0027010410,A27,95.0,410
2026-09-08T03:40:34Z,2026-09-08T05:30:00.000+02:00,A0022012410,A22,97.0,1260
2026-09-08T03:40:34Z,2026-09-08T05:30:00.000+02:00,A0001A20112,A1,87.0,350
2026-09-08T03:40:34Z,2026-09-08T05:30:00.000+02:00,A0001A20111,A1,,460
2026-09-08T03:40:34Z,2026-09-08T05:30:00.000+02:00,A0025010320,A25,76.0,630
2026-09-08T03:40:34Z,2026-09-08T05:30:00.000+02:00,A0001021521,A1,85.0,1130
2026-09-08T03:40:34Z,2026-09-08T05:30:00.000+02:00,A0025022540,A25,106.0,460
2026-09-08T03:40:34Z,2026-09-08T05:30:00.000+02:00,A0025022300,A25,101.0,450
2026-09-08T03:40:34Z,2026-09-08T05:30:00.000+02:00,N0356021000,N356,77.0,840
2026-09-08T03:40:34Z,2026-09-08T05:30:00.000+02:00,A22TC010102,A22 (contournement),92.0,430
2026-09-08T03:40:34Z,2026-09-08T05:30:00.000+02:00,A0001011503,A1,88.0,1460
2026-09-08T03:40:34Z,2026-09-08T05:30:00.000+02:00,A0022012200,A22,84.0,1100
2026-09-08T03:40:34Z,2026-09-08T05:30:00.000+02:00,A0001A20120,A1,89.0,350
2026-09-08T03:40:34Z,2026-09-08T05:30:00.000+02:00,A22TC020102,A22 (contournement),84.0,360
2026-09-08T03:40:34Z,2026-09-08T05:30:00.000+02:00,A22TC010300,A22 (contournement),84.0,400
2026-09-08T03:40:34Z,2026-09-08T05:30:00.000+02:00,A0022012010,A22,83.0,740
2026-09-08T03:40:34Z,2026-09-08T05:30:00.000+02:00,A0022012020,A22,83.0,740
2026-09-08T03:40:34Z,2026-09-08T05:30:00.000+02:00,A0025022130,A25,118.0,850
2026-09-08T03:40:34Z,2026-09-08T05:30:00.000+02:00,A0023010520,A23,105.0,440
2026-09-08T03:40:34Z,2026-09-08T05:30:00.000+02:00,N0041020800,N41,95.0,360
2026-09-08T03:40:34Z,2026-09-08T05:30:00.000+02:00,A0025010500,A25,70.0,700
2026-09-08T03:40:34Z,2026-09-08T05:30:00.000+02:00,A0022020901,A22,82.0,800
2026-09-08T03:40:34Z,2026-09-08T05:30:00.000+02:00,A0022020902,A22,82.0,580
2026-09-08T03:40:34Z,2026-09-08T05:30:00.000+02:00,A0025020310,A25,79.0,1070
2026-09-08T03:40:34Z,2026-09-08T05:30:00.000+02:00,A0022021810,A22,84.0,850
2026-09-08T03:40:34Z,2026-09-08T05:30:00.000+02:00,N0356011100,N356,77.0,800
2026-09-08T03:40:34Z,2026-09-08T05:30:00.000+02:00,A0022021820,A22,84.0,850
2026-09-08T03:40:34Z,2026-09-08T05:30:00.000+02:00,N0356020802,N356,77.0,860
2026-09-08T03:40:34Z,2026-09-08T05:30:00.000+02:00,A9022020900,A22 (rocade),,280
2026-09-08T03:40:34Z,2026-09-08T05:30:00.000+02:00,A0025020102,A25,70.0,240
2026-09-08T03:40:34Z,2026-09-08T05:30:00.000+02:00,A0025010310,A25,80.0,680
2026-09-08T03:40:34Z,2026-09-08T05:30:00.000+02:00,A0023010100,A23,76.0,10
2026-09-08T03:40:34Z,2026-09-08T05:30:00.000+02:00,A0025022530,A25,105.0,440
2026-09-08T03:40:34Z,2026-09-08T05:30:00.000+02:00,A9001210200,A1 (bretelle),72.0,340
2026-09-08T03:40:34Z,2026-09-08T05:30:00.000+02:00,A0022010700,A22,86.0,620
2026-09-08T03:40:34Z,2026-09-08T05:30:00.000+02:00,N0041020400,N41,95.0,410
2026-09-08T03:40:34Z,2026-09-08T05:30:00.000+02:00,A0023020720,A23,109.0,500
2026-09-08T03:40:34Z,2026-09-08T05:30:00.000+02:00,A0022020500,A22,82.0,440
2026-09-08T03:40:34Z,2026-09-08T05:30:00.000+02:00,N93563b0150,N356 (bretelle),67.0,30
2026-09-08T03:40:34Z,2026-09-08T05:30:00.000+02:00,A0025020950,A25,92.0,990
2026-09-08T03:40:34Z,2026-09-08T05:30:00.000+02:00,A0023020300,A23,79.0,310
2026-09-08T03:40:34Z,2026-09-08T05:30:00.000+02:00,A0001011000,A1,85.0,1350
2026-09-08T03:40:34Z,2026-09-08T05:30:00.000+02:00,A0027020500,A27,84.0,270
2026-09-08T03:40:34Z,2026-09-08T05:30:00.000+02:00,N0356011500,N356,69.0,870
2026-09-08T03:40:34Z,2026-09-08T05:30:00.000+02:00,A0001010150,A1,101.0,1730
2026-09-08T03:40:34Z,2026-09-08T05:30:00.000+02:00,N0356020400,N356,78.0,480
2026-09-08T03:40:34Z,2026-09-08T05:30:00.000+02:00,N0041020600,N41,97.0,320
2026-09-08T03:40:34Z,2026-09-08T05:30:00.000+02:00,A0025010700,A25,72.0,530
2026-09-08T03:40:34Z,2026-09-08T05:30:00.000+02:00,A0002011230,A2,106.0,1110
2026-09-08T03:40:34Z,2026-09-08T05:30:00.000+02:00,A0025020500,A25,76.0,820
2026-09-08T03:40:34Z,2026-09-08T05:30:00.000+02:00,A0002021290,A2,103.0,950
2026-09-08T03:40:34Z,2026-09-08T05:30:00.000+02:00,A0022011600,A22,87.0,810
2026-09-08T03:50:27Z,2026-09-08T05:42:00.000+02:00,A0001011200,A1,81.0,1720
2026-09-08T03:50:27Z,2026-09-08T05:42:00.000+02:00,A0027010102,A27,84.0,980
2026-09-08T03:50:27Z,2026-09-08T05:42:00.000+02:00,N0041010100,N41,88.0,540
2026-09-08T03:50:27Z,2026-09-08T05:42:00.000+02:00,A0027010101,A27,84.0,980
2026-09-08T03:50:27Z,2026-09-08T05:42:00.000+02:00,A9022010250,A22 (rocade),92.0,170
2026-09-08T03:50:27Z,2026-09-08T05:42:00.000+02:00,A0001020150,A1,101.0,1140
2026-09-08T03:50:27Z,2026-09-08T05:42:00.000+02:00,N0356011700,N356,76.0,840
2026-09-08T03:50:27Z,2026-09-08T05:42:00.000+02:00,N0356021300,N356,69.0,990
2026-09-08T03:50:27Z,2026-09-08T05:42:00.000+02:00,A0022011400,A22,82.0,260
2026-09-08T03:50:27Z,2026-09-08T05:42:00.000+02:00,A0027010300,A27,90.0,370
2026-09-08T03:50:27Z,2026-09-08T05:42:00.000+02:00,A9022020250,A22 (rocade),42.0,310
2026-09-08T03:50:27Z,2026-09-08T05:42:00.000+02:00,N0041010300,N41,92.0,1160
2026-09-08T03:50:27Z,2026-09-08T05:42:00.000+02:00,A0022011210,A22,,180
2026-09-08T03:50:27Z,2026-09-08T05:42:00.000+02:00,A0027020100,A27,75.0,240
2026-09-08T03:50:27Z,2026-09-08T05:42:00.000+02:00,A0001010300,A1,100.0,2330
2026-09-08T03:50:27Z,2026-09-08T05:42:00.000+02:00,A0022011220,A22,,180
2026-09-08T03:50:27Z,2026-09-08T05:42:00.000+02:00,N0227021400,N227,,10
2026-09-08T03:50:27Z,2026-09-08T05:42:00.000+02:00,A9022101110,A22 (rocade),79.0,450
2026-09-08T03:50:27Z,2026-09-08T05:42:00.000+02:00,A0022022110,A22,89.0,1460
2026-09-08T03:50:27Z,2026-09-08T05:42:00.000+02:00,A0001011420,A1,88.0,1210
2026-09-08T03:50:27Z,2026-09-08T05:42:00.000+02:00,N0356010800,N356,78.0,1020
2026-09-08T03:50:27Z,2026-09-08T05:42:00.000+02:00,A9001210710,A1 (bretelle),72.0,410
2026-09-08T03:50:27Z,2026-09-08T05:42:00.000+02:00,N0356021110,N356,75.0,1010
2026-09-08T03:50:27Z,2026-09-08T05:42:00.000+02:00,A0001010510,A1,100.0,2180
2026-09-08T03:50:27Z,2026-09-08T05:42:00.000+02:00,N0356021122,N356,67.0,1040
2026-09-08T03:50:27Z,2026-09-08T05:42:00.000+02:00,N0356021121,N356,75.0,1010
2026-09-08T03:50:27Z,2026-09-08T05:42:00.000+02:00,A0025010210,A25,80.0,1350
2026-09-08T03:50:27Z,2026-09-08T05:42:00.000+02:00,A0025011300,A25,87.0,390
2026-09-08T03:50:27Z,2026-09-08T05:42:00.000+02:00,A0001020300,A1,100.0,1150
2026-09-08T03:50:27Z,2026-09-08T05:42:00.000+02:00,A0025021100,A25,,800
2026-09-08T03:50:27Z,2026-09-08T05:42:00.000+02:00,A0025023520,A25,102.0,520
2026-09-08T03:50:27Z,2026-09-08T05:42:00.000+02:00,A0022022130,A22,84.0,1500
2026-09-08T03:50:27Z,2026-09-08T05:42:00.000+02:00,A0025010220,A25,80.0,1350
2026-09-08T03:50:27Z,2026-09-08T05:42:00.000+02:00,A0022022120,A22,92.0,1480
2026-09-08T03:50:27Z,2026-09-08T05:42:00.000+02:00,A0001010520,A1,97.0,2310
2026-09-08T03:50:27Z,2026-09-08T05:42:00.000+02:00,A0022011000,A22,91.0,720
2026-09-08T03:50:27Z,2026-09-08T05:42:00.000+02:00,A0001020510,A1,99.0,1280
2026-09-08T03:50:27Z,2026-09-08T05:42:00.000+02:00,A0001021602,A1,88.0,1790
2026-09-08T03:50:27Z,2026-09-08T05:42:00.000+02:00,A22TC020222,A22 (contournement),88.0,900
2026-09-08T03:50:27Z,2026-09-08T05:42:00.000+02:00,A0001010940,A1,97.0,2250
2026-09-08T03:50:27Z,2026-09-08T05:42:00.000+02:00,A0025023320,A25,105.0,810
2026-09-08T03:50:27Z,2026-09-08T05:42:00.000+02:00,A0001020520,A1,96.0,1300
2026-09-08T03:50:27Z,2026-09-08T05:42:00.000+02:00,A0025023100,A25,105.0,620
2026-09-08T03:50:27Z,2026-09-08T05:42:00.000+02:00,A22TC020230,A22 (contournement),88.0,900
2026-09-08T03:50:27Z,2026-09-08T05:42:00.000+02:00,A0025021730,A25,87.0,1220
2026-09-08T03:50:27Z,2026-09-08T05:42:00.000+02:00,A0025023910,A25,106.0,390
2026-09-08T03:50:27Z,2026-09-08T05:42:00.000+02:00,A0025021735,A25,101.0,1170
2026-09-08T03:50:27Z,2026-09-08T05:42:00.000+02:00,A0023010400,A23,98.0,340
2026-09-08T03:50:27Z,2026-09-08T05:42:00.000+02:00,A0022021900,A22,85.0,1080
2026-09-08T03:50:27Z,2026-09-08T05:42:00.000+02:00,A9022100500,A22 (rocade),86.0,330
2026-09-08T03:50:27Z,2026-09-08T05:42:00.000+02:00,A0001020940,A1,90.0,1430
2026-09-08T03:50:27Z,2026-09-08T05:42:00.000+02:00,A0001020700,A1,94.0,1200
2026-09-08T03:50:27Z,2026-09-08T05:42:00.000+02:00,A9022020830,A22 (rocade),94.0,140
2026-09-08T03:50:27Z,2026-09-08T05:42:00.000+02:00,A9022020822,A22 (rocade),90.0,630
2026-09-08T03:50:27Z,2026-09-08T05:42:00.000+02:00,A9022020821,A22 (rocade),90.0,630
2026-09-08T03:50:27Z,2026-09-08T05:42:00.000+02:00,A0025020420,A25,75.0,1520
2026-09-08T03:50:27Z,2026-09-08T05:42:00.000+02:00,A0025021510,A25,92.0,670
2026-09-08T03:50:27Z,2026-09-08T05:42:00.000+02:00,N0227010100,N227,66.0,340
2026-09-08T03:50:27Z,2026-09-08T05:42:00.000+02:00,A0025011720,A25,95.0,730
2026-09-08T03:50:27Z,2026-09-08T05:42:00.000+02:00,A0025021760,A25,86.0,1210
2026-09-08T03:50:27Z,2026-09-08T05:42:00.000+02:00,A0025011730,A25,83.0,720
2026-09-08T03:50:27Z,2026-09-08T05:42:00.000+02:00,A0025011735,A25,95.0,660
2026-09-08T03:50:27Z,2026-09-08T05:42:00.000+02:00,A9025080700,A25 (bretelle),,260
2026-09-08T03:50:27Z,2026-09-08T05:42:00.000+02:00,A9022100930,A22 (rocade),73.0,60
2026-09-08T03:50:27Z,2026-09-08T05:42:00.000+02:00,N0356011220,N356,74.0,960
2026-09-08T03:50:27Z,2026-09-08T05:42:00.000+02:00,A0025011740,A25,80.0,710
2026-09-08T03:50:27Z,2026-09-08T05:42:00.000+02:00,A0025010410,A25,71.0,1190
2026-09-08T03:50:27Z,2026-09-08T05:42:00.000+02:00,A0023010200,A23,88.0,710
2026-09-08T03:50:27Z,2026-09-08T05:42:00.000+02:00,A9001210120,A1 (bretelle),84.0,170
2026-09-08T03:50:27Z,2026-09-08T05:42:00.000+02:00,A0025020210,A25,78.0,1670
2026-09-08T03:50:27Z,2026-09-08T05:42:00.000+02:00,N0356011210,N356,74.0,960
2026-09-08T03:50:27Z,2026-09-08T05:42:00.000+02:00,A0025011510,A25,87.0,530
2026-09-08T03:50:27Z,2026-09-08T05:42:00.000+02:00,A0025020220,A25,78.0,1670
2026-09-08T03:50:27Z,2026-09-08T05:42:00.000+02:00,N0227010302,N227,80.0,780
2026-09-08T03:50:27Z,2026-09-08T05:42:00.000+02:00,N0041010500,N41,99.0,910
2026-09-08T03:50:27Z,2026-09-08T05:42:00.000+02:00,N0227020101,N227,90.0,880
2026-09-08T03:50:27Z,2026-09-08T05:42:00.000+02:00,A9022100110,A22 (rocade),65.0,150
2026-09-08T03:50:27Z,2026-09-08T05:42:00.000+02:00,A0022010400,A22,72.0,970
2026-09-08T03:50:27Z,2026-09-08T05:42:00.000+02:00,N0356010302,N356,78.0,1580
2026-09-08T03:50:27Z,2026-09-08T05:42:00.000+02:00,A0025010800,A25,78.0,710
2026-09-08T03:50:27Z,2026-09-08T05:42:00.000+02:00,A0027020621,A27,94.0,280
2026-09-08T03:50:27Z,2026-09-08T05:42:00.000+02:00,N0041010700,N41,98.0,220
2026-09-08T03:50:27Z,2026-09-08T05:42:00.000+02:00,A0027020630,A27,94.0,280
2026-09-08T03:50:27Z,2026-09-08T05:42:00.000+02:00,A0022021512,A22,84.0,990
2026-09-08T03:50:27Z,2026-09-08T05:42:00.000+02:00,A0022021511,A22,85.0,950
2026-09-08T03:50:27Z,2026-09-08T05:42:00.000+02:00,A0027020610,A27,94.0,280
2026-09-08T03:50:27Z,2026-09-08T05:42:00.000+02:00,A0025021720,A25,99.0,1210
2026-09-08T03:50:27Z,2026-09-08T05:42:00.000+02:00,A0022021520,A22,84.0,990
2026-09-08T03:50:27Z,2026-09-08T05:42:00.000+02:00,A0025022140,A25,108.0,1060
2026-09-08T03:50:27Z,2026-09-08T05:42:00.000+02:00,A0022011302,A22,80.0,580
2026-09-08T03:50:27Z,2026-09-08T05:42:00.000+02:00,A0025022160,A25,104.0,1050
2026-09-08T03:50:27Z,2026-09-08T05:42:00.000+02:00,A9025060104,A25 (bretelle),76.0,870
2026-09-08T03:50:27Z,2026-09-08T05:42:00.000+02:00,A0027010201,A27,90.0,790
2026-09-08T03:50:27Z,2026-09-08T05:42:00.000+02:00,A0027010202,A27,66.0,300
2026-09-08T03:50:27Z,2026-09-08T05:42:00.000+02:00,N9227110110,N227 (bretelle),75.0,450
2026-09-08T03:50:27Z,2026-09-08T05:42:00.000+02:00,A0025012130,A25,91.0,340
2026-09-08T03:50:27Z,2026-09-08T05:42:00.000+02:00,A0027010210,A27,66.0,300
2026-09-08T03:50:27Z,2026-09-08T05:42:00.000+02:00,A0025011050,A25,84.0,250
2026-09-08T03:50:27Z,2026-09-08T05:42:00.000+02:00,A0025012140,A25,100.0,360
2026-09-08T03:50:27Z,2026-09-08T05:42:00.000+02:00,A0027010421,A27,94.0,460
2026-09-08T03:50:27Z,2026-09-08T05:42:00.000+02:00,A0022012420,A22,94.0,1230
2026-09-08T03:50:27Z,2026-09-08T05:42:00.000+02:00,A0027010430,A27,98.0,460
2026-09-08T03:50:27Z,2026-09-08T05:42:00.000+02:00,A0023020710,A23,102.0,750
2026-09-08T03:50:27Z,2026-09-08T05:42:00.000+02:00,A0022012430,A22,91.0,1180
2026-09-08T03:50:27Z,2026-09-08T05:42:00.000+02:00,A0025012160,A25,116.0,340
2026-09-08T03:50:27Z,2026-09-08T05:42:00.000+02:00,A9022021200,A22 (rocade),65.0,60
2026-09-08T03:50:27Z,2026-09-08T05:42:00.000+02:00,A0001021100,A1,89.0,1210
2026-09-08T03:50:27Z,2026-09-08T05:42:00.000+02:00,A9022101000,A22 (rocade),,220
2026-09-08T03:50:27Z,2026-09-08T05:42:00.000+02:00,A0025013020,A25,99.0,520
2026-09-08T03:50:27Z,2026-09-08T05:42:00.000+02:00,A0027010410,A27,94.0,460
2026-09-08T03:50:27Z,2026-09-08T05:42:00.000+02:00,A0022012410,A22,96.0,1230
2026-09-08T03:50:27Z,2026-09-08T05:42:00.000+02:00,A0001A20112,A1,92.0,670
2026-09-08T03:50:27Z,2026-09-08T05:42:00.000+02:00,A0001A20111,A1,,450
2026-09-08T03:50:27Z,2026-09-08T05:42:00.000+02:00,A0025010320,A25,50.0,870
2026-09-08T03:50:27Z,2026-09-08T05:42:00.000+02:00,A0001021521,A1,87.0,970
2026-09-08T03:50:27Z,2026-09-08T05:42:00.000+02:00,A0025022540,A25,108.0,750
2026-09-08T03:50:27Z,2026-09-08T05:42:00.000+02:00,A0025022300,A25,108.0,650
2026-09-08T03:50:27Z,2026-09-08T05:42:00.000+02:00,N0356021000,N356,77.0,920
2026-09-08T03:50:27Z,2026-09-08T05:42:00.000+02:00,A22TC010102,A22 (contournement),87.0,690
2026-09-08T03:50:27Z,2026-09-08T05:42:00.000+02:00,A0001011503,A1,89.0,1920
2026-09-08T03:50:27Z,2026-09-08T05:42:00.000+02:00,A0022012200,A22,87.0,1020
2026-09-08T03:50:27Z,2026-09-08T05:42:00.000+02:00,A0001A20120,A1,91.0,590
2026-09-08T03:50:27Z,2026-09-08T05:42:00.000+02:00,A22TC020102,A22 (contournement),89.0,640
2026-09-08T03:50:27Z,2026-09-08T05:42:00.000+02:00,A22TC010300,A22 (contournement),87.0,550
2026-09-08T03:50:27Z,2026-09-08T05:42:00.000+02:00,A0022012010,A22,86.0,770
2026-09-08T03:50:27Z,2026-09-08T05:42:00.000+02:00,A0022012020,A22,86.0,770
2026-09-08T03:50:27Z,2026-09-08T05:42:00.000+02:00,A0025022130,A25,119.0,1050
2026-09-08T03:50:27Z,2026-09-08T05:42:00.000+02:00,A0023010520,A23,103.0,320
2026-09-08T03:50:27Z,2026-09-08T05:42:00.000+02:00,N0041020800,N41,94.0,360
2026-09-08T03:50:27Z,2026-09-08T05:42:00.000+02:00,A0025010500,A25,71.0,910
2026-09-08T03:50:27Z,2026-09-08T05:42:00.000+02:00,A0022020901,A22,76.0,850
2026-09-08T03:50:27Z,2026-09-08T05:42:00.000+02:00,A0022020902,A22,76.0,640
2026-09-08T03:50:27Z,2026-09-08T05:42:00.000+02:00,A0025020310,A25,73.0,1270
2026-09-08T03:50:27Z,2026-09-08T05:42:00.000+02:00,A0022021810,A22,83.0,980
2026-09-08T03:50:27Z,2026-09-08T05:42:00.000+02:00,N0356011100,N356,75.0,930
2026-09-08T03:50:27Z,2026-09-08T05:42:00.000+02:00,A0022021820,A22,83.0,980
2026-09-08T03:50:27Z,2026-09-08T05:42:00.000+02:00,N0356020802,N356,76.0,1050
2026-09-08T03:50:27Z,2026-09-08T05:42:00.000+02:00,A9022020900,A22 (rocade),,150
2026-09-08T03:50:27Z,2026-09-08T05:42:00.000+02:00,A0025020102,A25,75.0,130
2026-09-08T03:50:27Z,2026-09-08T05:42:00.000+02:00,A0025010310,A25,79.0,1030
2026-09-08T03:50:27Z,2026-09-08T05:42:00.000+02:00,A0023010100,A23,,20
2026-09-08T03:50:27Z,2026-09-08T05:42:00.000+02:00,A0025022530,A25,110.0,690
2026-09-08T03:50:27Z,2026-09-08T05:42:00.000+02:00,A9001210200,A1 (bretelle),73.0,460
2026-09-08T03:50:27Z,2026-09-08T05:42:00.000+02:00,A0022010700,A22,79.0,730
2026-09-08T03:50:27Z,2026-09-08T05:42:00.000+02:00,N0041020400,N41,92.0,530
2026-09-08T03:50:27Z,2026-09-08T05:42:00.000+02:00,A0023020720,A23,110.0,760
2026-09-08T03:50:27Z,2026-09-08T05:42:00.000+02:00,A0022020500,A22,76.0,560
2026-09-08T03:50:27Z,2026-09-08T05:42:00.000+02:00,N93563b0150,N356 (bretelle),77.0,20
2026-09-08T03:50:27Z,2026-09-08T05:42:00.000+02:00,A0025020950,A25,92.0,1470
2026-09-08T03:50:27Z,2026-09-08T05:42:00.000+02:00,A0023020300,A23,88.0,270
2026-09-08T03:50:27Z,2026-09-08T05:42:00.000+02:00,A0001011000,A1,85.0,1730
2026-09-08T03:50:27Z,2026-09-08T05:42:00.000+02:00,A0027020500,A27,92.0,200
2026-09-08T03:50:27Z,2026-09-08T05:42:00.000+02:00,N0356011500,N356,74.0,930
2026-09-08T03:50:27Z,2026-09-08T05:42:00.000+02:00,A0001010150,A1,99.0,2270
2026-09-08T03:50:27Z,2026-09-08T05:42:00.000+02:00,N0356020400,N356,76.0,540
2026-09-08T03:50:27Z,2026-09-08T05:42:00.000+02:00,N0041020600,N41,98.0,390
2026-09-08T03:50:27Z,2026-09-08T05:42:00.000+02:00,A0025010700,A25,70.0,640
2026-09-08T03:50:27Z,2026-09-08T05:42:00.000+02:00,A0002011230,A2,110.0,1770
2026-09-08T03:50:27Z,2026-09-08T05:42:00.000+02:00,A0025020500,A25,74.0,1220
2026-09-08T03:50:27Z,2026-09-08T05:42:00.000+02:00,A0002021290,A2,108.0,1050
2026-09-08T03:50:27Z,2026-09-08T05:42:00.000+02:00,A0022011600,A22,84.0,720
2026-09-08T04:00:32Z,2026-09-08T05:54:00.000+02:00,A0001011200,A1,80.0,1650
2026-09-08T04:00:32Z,2026-09-08T05:54:00.000+02:00,A0027010102,A27,88.0,970
2026-09-08T04:00:32Z,2026-09-08T05:54:00.000+02:00,N0041010100,N41,86.0,550
2026-09-08T04:00:32Z,2026-09-08T05:54:00.000+02:00,A0027010101,A27,88.0,970
2026-09-08T04:00:32Z,2026-09-08T05:54:00.000+02:00,A9022010250,A22 (rocade),91.0,100
2026-09-08T04:00:32Z,2026-09-08T05:54:00.000+02:00,A0001020150,A1,100.0,1260
2026-09-08T04:00:32Z,2026-09-08T05:54:00.000+02:00,N0356011700,N356,80.0,880
2026-09-08T04:00:32Z,2026-09-08T05:54:00.000+02:00,N0356021300,N356,69.0,1020
2026-09-08T04:00:32Z,2026-09-08T05:54:00.000+02:00,A0022011400,A22,81.0,350
2026-09-08T04:00:32Z,2026-09-08T05:54:00.000+02:00,A0027010300,A27,91.0,390
2026-09-08T04:00:32Z,2026-09-08T05:54:00.000+02:00,A9022020250,A22 (rocade),55.0,360
2026-09-08T04:00:32Z,2026-09-08T05:54:00.000+02:00,N0041010300,N41,95.0,1140
2026-09-08T04:00:32Z,2026-09-08T05:54:00.000+02:00,A0022011210,A22,82.0,150
2026-09-08T04:00:32Z,2026-09-08T05:54:00.000+02:00,A0027020100,A27,76.0,240
2026-09-08T04:00:32Z,2026-09-08T05:54:00.000+02:00,A0001010300,A1,94.0,2180
2026-09-08T04:00:32Z,2026-09-08T05:54:00.000+02:00,A0022011220,A22,82.0,150
2026-09-08T04:00:32Z,2026-09-08T05:54:00.000+02:00,A9022101110,A22 (rocade),84.0,540
2026-09-08T04:00:32Z,2026-09-08T05:54:00.000+02:00,A0022022110,A22,92.0,1170
2026-09-08T04:00:32Z,2026-09-08T05:54:00.000+02:00,A0001011420,A1,87.0,1130
2026-09-08T04:00:32Z,2026-09-08T05:54:00.000+02:00,N0356010800,N356,78.0,1000
2026-09-08T04:00:32Z,2026-09-08T05:54:00.000+02:00,A9001210710,A1 (bretelle),77.0,290
2026-09-08T04:00:32Z,2026-09-08T05:54:00.000+02:00,N0356021110,N356,76.0,1150
2026-09-08T04:00:32Z,2026-09-08T05:54:00.000+02:00,A0001010510,A1,94.0,1990
2026-09-08T04:00:32Z,2026-09-08T05:54:00.000+02:00,N0356021122,N356,66.0,1170
2026-09-08T04:00:32Z,2026-09-08T05:54:00.000+02:00,N0356021121,N356,76.0,1150
2026-09-08T04:00:32Z,2026-09-08T05:54:00.000+02:00,A0025010210,A25,79.0,1480
2026-09-08T04:00:32Z,2026-09-08T05:54:00.000+02:00,A0025011300,A25,85.0,390
2026-09-08T04:00:32Z,2026-09-08T05:54:00.000+02:00,A0001020300,A1,102.0,1200
2026-09-08T04:00:32Z,2026-09-08T05:54:00.000+02:00,A0025021100,A25,84.0,960
2026-09-08T04:00:32Z,2026-09-08T05:54:00.000+02:00,A0025023520,A25,109.0,530
2026-09-08T04:00:32Z,2026-09-08T05:54:00.000+02:00,A0022022130,A22,89.0,1090
2026-09-08T04:00:32Z,2026-09-08T05:54:00.000+02:00,A0025010220,A25,79.0,1480
2026-09-08T04:00:32Z,2026-09-08T05:54:00.000+02:00,A0022022120,A22,93.0,1190
2026-09-08T04:00:32Z,2026-09-08T05:54:00.000+02:00,A0001010520,A1,98.0,2140
2026-09-08T04:00:32Z,2026-09-08T05:54:00.000+02:00,A0022011000,A22,83.0,690
2026-09-08T04:00:32Z,2026-09-08T05:54:00.000+02:00,A0001020510,A1,98.0,1330
2026-09-08T04:00:32Z,2026-09-08T05:54:00.000+02:00,A0001021602,A1,88.0,2110
2026-09-08T04:00:32Z,2026-09-08T05:54:00.000+02:00,A22TC020222,A22 (contournement),92.0,940
2026-09-08T04:00:32Z,2026-09-08T05:54:00.000+02:00,A0001010940,A1,94.0,2150
2026-09-08T04:00:32Z,2026-09-08T05:54:00.000+02:00,A0025023320,A25,111.0,900
2026-09-08T04:00:32Z,2026-09-08T05:54:00.000+02:00,A0001020520,A1,97.0,1420
2026-09-08T04:00:32Z,2026-09-08T05:54:00.000+02:00,A0025023100,A25,107.0,720
2026-09-08T04:00:32Z,2026-09-08T05:54:00.000+02:00,A22TC020230,A22 (contournement),92.0,940
2026-09-08T04:00:32Z,2026-09-08T05:54:00.000+02:00,A0025021730,A25,88.0,1670
2026-09-08T04:00:32Z,2026-09-08T05:54:00.000+02:00,A0025023910,A25,112.0,520
2026-09-08T04:00:32Z,2026-09-08T05:54:00.000+02:00,A0025021735,A25,102.0,1620
2026-09-08T04:00:32Z,2026-09-08T05:54:00.000+02:00,A0023010400,A23,101.0,470
2026-09-08T04:00:32Z,2026-09-08T05:54:00.000+02:00,A0022021900,A22,85.0,1010
2026-09-08T04:00:32Z,2026-09-08T05:54:00.000+02:00,A9022100500,A22 (rocade),87.0,350
2026-09-08T04:00:32Z,2026-09-08T05:54:00.000+02:00,A0001020940,A1,92.0,1590
2026-09-08T04:00:32Z,2026-09-08T05:54:00.000+02:00,A0001020700,A1,96.0,1250
2026-09-08T04:00:32Z,2026-09-08T05:54:00.000+02:00,A9022020830,A22 (rocade),88.0,90
2026-09-08T04:00:32Z,2026-09-08T05:54:00.000+02:00,A9022020822,A22 (rocade),79.0,680
2026-09-08T04:00:32Z,2026-09-08T05:54:00.000+02:00,A9022020821,A22 (rocade),79.0,680
2026-09-08T04:00:32Z,2026-09-08T05:54:00.000+02:00,A0025020420,A25,76.0,1620
2026-09-08T04:00:32Z,2026-09-08T05:54:00.000+02:00,A0025021510,A25,95.0,860
2026-09-08T04:00:32Z,2026-09-08T05:54:00.000+02:00,N0227010100,N227,67.0,390
2026-09-08T04:00:32Z,2026-09-08T05:54:00.000+02:00,A0025011720,A25,96.0,740
2026-09-08T04:00:32Z,2026-09-08T05:54:00.000+02:00,A0025021760,A25,86.0,1570
2026-09-08T04:00:32Z,2026-09-08T05:54:00.000+02:00,A0025011730,A25,84.0,740
2026-09-08T04:00:32Z,2026-09-08T05:54:00.000+02:00,A0025011735,A25,94.0,750
2026-09-08T04:00:32Z,2026-09-08T05:54:00.000+02:00,A9025080700,A25 (bretelle),,420
2026-09-08T04:00:32Z,2026-09-08T05:54:00.000+02:00,A9022100930,A22 (rocade),85.0,20
2026-09-08T04:00:32Z,2026-09-08T05:54:00.000+02:00,N0356011220,N356,76.0,960
2026-09-08T04:00:32Z,2026-09-08T05:54:00.000+02:00,A0025011740,A25,82.0,810
2026-09-08T04:00:32Z,2026-09-08T05:54:00.000+02:00,A0025010410,A25,71.0,1390
2026-09-08T04:00:32Z,2026-09-08T05:54:00.000+02:00,A0023010200,A23,91.0,1080
2026-09-08T04:00:32Z,2026-09-08T05:54:00.000+02:00,A9001210120,A1 (bretelle),80.0,210
2026-09-08T04:00:32Z,2026-09-08T05:54:00.000+02:00,A0025020210,A25,79.0,1870
2026-09-08T04:00:32Z,2026-09-08T05:54:00.000+02:00,N0356011210,N356,76.0,960
2026-09-08T04:00:32Z,2026-09-08T05:54:00.000+02:00,A0025011510,A25,86.0,520
2026-09-08T04:00:32Z,2026-09-08T05:54:00.000+02:00,A0025020220,A25,79.0,1870
2026-09-08T04:00:32Z,2026-09-08T05:54:00.000+02:00,N0227010302,N227,80.0,990
2026-09-08T04:00:32Z,2026-09-08T05:54:00.000+02:00,N0041010500,N41,95.0,1080
2026-09-08T04:00:32Z,2026-09-08T05:54:00.000+02:00,N0227020101,N227,86.0,870
2026-09-08T04:00:32Z,2026-09-08T05:54:00.000+02:00,A9022100110,A22 (rocade),71.0,170
2026-09-08T04:00:32Z,2026-09-08T05:54:00.000+02:00,A0022010400,A22,77.0,790
2026-09-08T04:00:32Z,2026-09-08T05:54:00.000+02:00,N0356010302,N356,81.0,1500
2026-09-08T04:00:32Z,2026-09-08T05:54:00.000+02:00,A0025010800,A25,76.0,890
2026-09-08T04:00:32Z,2026-09-08T05:54:00.000+02:00,A0027020621,A27,96.0,440
2026-09-08T04:00:32Z,2026-09-08T05:54:00.000+02:00,N0041010700,N41,103.0,270
2026-09-08T04:00:32Z,2026-09-08T05:54:00.000+02:00,A0027020630,A27,99.0,440
2026-09-08T04:00:32Z,2026-09-08T05:54:00.000+02:00,A0022021512,A22,84.0,850
2026-09-08T04:00:32Z,2026-09-08T05:54:00.000+02:00,A0022021511,A22,83.0,900
2026-09-08T04:00:32Z,2026-09-08T05:54:00.000+02:00,A0027020610,A27,96.0,440
2026-09-08T04:00:32Z,2026-09-08T05:54:00.000+02:00,A0025021720,A25,101.0,1630
2026-09-08T04:00:32Z,2026-09-08T05:54:00.000+02:00,A0022021520,A22,84.0,850
2026-09-08T04:00:32Z,2026-09-08T05:54:00.000+02:00,A0025022140,A25,107.0,1220
2026-09-08T04:00:32Z,2026-09-08T05:54:00.000+02:00,A0022011302,A22,82.0,630
2026-09-08T04:00:32Z,2026-09-08T05:54:00.000+02:00,A0025022160,A25,104.0,1160
2026-09-08T04:00:32Z,2026-09-08T05:54:00.000+02:00,A9025060104,A25 (bretelle),63.0,970
2026-09-08T04:00:32Z,2026-09-08T05:54:00.000+02:00,A0027010201,A27,92.0,830
2026-09-08T04:00:32Z,2026-09-08T05:54:00.000+02:00,A0027010202,A27,85.0,490
2026-09-08T04:00:32Z,2026-09-08T05:54:00.000+02:00,N9227110110,N227 (bretelle),80.0,320
2026-09-08T04:00:32Z,2026-09-08T05:54:00.000+02:00,A0025012130,A25,85.0,450
2026-09-08T04:00:32Z,2026-09-08T05:54:00.000+02:00,A0027010210,A27,85.0,490
2026-09-08T04:00:32Z,2026-09-08T05:54:00.000+02:00,A0025011050,A25,92.0,440
2026-09-08T04:00:32Z,2026-09-08T05:54:00.000+02:00,A0025012140,A25,98.0,670
2026-09-08T04:00:32Z,2026-09-08T05:54:00.000+02:00,A0027010421,A27,94.0,450
2026-09-08T04:00:32Z,2026-09-08T05:54:00.000+02:00,A0022012420,A22,94.0,1260
2026-09-08T04:00:32Z,2026-09-08T05:54:00.000+02:00,A0027010430,A27,96.0,470
2026-09-08T04:00:32Z,2026-09-08T05:54:00.000+02:00,A0023020710,A23,103.0,910
2026-09-08T04:00:32Z,2026-09-08T05:54:00.000+02:00,A0022012430,A22,91.0,1190
2026-09-08T04:00:32Z,2026-09-08T05:54:00.000+02:00,A0025012160,A25,114.0,610
2026-09-08T04:00:32Z,2026-09-08T05:54:00.000+02:00,A9022021200,A22 (rocade),65.0,150
2026-09-08T04:00:32Z,2026-09-08T05:54:00.000+02:00,A0001021100,A1,91.0,1420
2026-09-08T04:00:32Z,2026-09-08T05:54:00.000+02:00,A9022101000,A22 (rocade),,260
2026-09-08T04:00:32Z,2026-09-08T05:54:00.000+02:00,A0025013020,A25,103.0,530
2026-09-08T04:00:32Z,2026-09-08T05:54:00.000+02:00,A0027010410,A27,94.0,450
2026-09-08T04:00:32Z,2026-09-08T05:54:00.000+02:00,A0022012410,A22,97.0,1290
2026-09-08T04:00:32Z,2026-09-08T05:54:00.000+02:00,A0001A20112,A1,94.0,630
2026-09-08T04:00:32Z,2026-09-08T05:54:00.000+02:00,A0001A20111,A1,85.0,450
2026-09-08T04:00:32Z,2026-09-08T05:54:00.000+02:00,A0025010320,A25,86.0,730
2026-09-08T04:00:32Z,2026-09-08T05:54:00.000+02:00,A0001021521,A1,87.0,1300
2026-09-08T04:00:32Z,2026-09-08T05:54:00.000+02:00,A0025022540,A25,105.0,1000
2026-09-08T04:00:32Z,2026-09-08T05:54:00.000+02:00,A0025022300,A25,106.0,840
2026-09-08T04:00:32Z,2026-09-08T05:54:00.000+02:00,N0356021000,N356,77.0,1150
2026-09-08T04:00:32Z,2026-09-08T05:54:00.000+02:00,A22TC010102,A22 (contournement),89.0,670
2026-09-08T04:00:32Z,2026-09-08T05:54:00.000+02:00,A0001011503,A1,88.0,1940
2026-09-08T04:00:32Z,2026-09-08T05:54:00.000+02:00,A0022012200,A22,86.0,1200
2026-09-08T04:00:32Z,2026-09-08T05:54:00.000+02:00,A0001A20120,A1,89.0,720
2026-09-08T04:00:32Z,2026-09-08T05:54:00.000+02:00,A22TC020102,A22 (contournement),89.0,660
2026-09-08T04:00:32Z,2026-09-08T05:54:00.000+02:00,A22TC010300,A22 (contournement),85.0,610
2026-09-08T04:00:32Z,2026-09-08T05:54:00.000+02:00,A0022012010,A22,85.0,950
2026-09-08T04:00:32Z,2026-09-08T05:54:00.000+02:00,A0022012020,A22,85.0,950
2026-09-08T04:00:32Z,2026-09-08T05:54:00.000+02:00,A0025022130,A25,120.0,1330
2026-09-08T04:00:32Z,2026-09-08T05:54:00.000+02:00,A0023010520,A23,109.0,460
2026-09-08T04:00:32Z,2026-09-08T05:54:00.000+02:00,N0041020800,N41,91.0,350
2026-09-08T04:00:32Z,2026-09-08T05:54:00.000+02:00,A0025010500,A25,72.0,1020
2026-09-08T04:00:32Z,2026-09-08T05:54:00.000+02:00,A0022020901,A22,81.0,890
2026-09-08T04:00:32Z,2026-09-08T05:54:00.000+02:00,A0022020902,A22,81.0,770
2026-09-08T04:00:32Z,2026-09-08T05:54:00.000+02:00,A0025020310,A25,71.0,1470
2026-09-08T04:00:32Z,2026-09-08T05:54:00.000+02:00,A0022021810,A22,85.0,880
2026-09-08T04:00:32Z,2026-09-08T05:54:00.000+02:00,N0356011100,N356,77.0,990
2026-09-08T04:00:32Z,2026-09-08T05:54:00.000+02:00,A0022021820,A22,85.0,880
2026-09-08T04:00:32Z,2026-09-08T05:54:00.000+02:00,N0356020802,N356,77.0,1210
2026-09-08T04:00:32Z,2026-09-08T05:54:00.000+02:00,A9022020900,A22 (rocade),85.0,300
2026-09-08T04:00:32Z,2026-09-08T05:54:00.000+02:00,A0025020102,A25,73.0,240
2026-09-08T04:00:32Z,2026-09-08T05:54:00.000+02:00,A0025010310,A25,80.0,1110
2026-09-08T04:00:32Z,2026-09-08T05:54:00.000+02:00,A0023010100,A23,89.0,70
2026-09-08T04:00:32Z,2026-09-08T05:54:00.000+02:00,A0025022530,A25,106.0,910
2026-09-08T04:00:32Z,2026-09-08T05:54:00.000+02:00,A9001210200,A1 (bretelle),72.0,430
2026-09-08T04:00:32Z,2026-09-08T05:54:00.000+02:00,A0022010700,A22,82.0,620
2026-09-08T04:00:32Z,2026-09-08T05:54:00.000+02:00,N0041020400,N41,90.0,570
2026-09-08T04:00:32Z,2026-09-08T05:54:00.000+02:00,A0023020720,A23,111.0,860
2026-09-08T04:00:32Z,2026-09-08T05:54:00.000+02:00,A0022020500,A22,81.0,460
2026-09-08T04:00:32Z,2026-09-08T05:54:00.000+02:00,A0025020950,A25,93.0,1550
2026-09-08T04:00:32Z,2026-09-08T05:54:00.000+02:00,A0023020300,A23,91.0,460
2026-09-08T04:00:32Z,2026-09-08T05:54:00.000+02:00,A0001011000,A1,86.0,1640
2026-09-08T04:00:32Z,2026-09-08T05:54:00.000+02:00,A0027020500,A27,88.0,320
2026-09-08T04:00:32Z,2026-09-08T05:54:00.000+02:00,N0356011500,N356,71.0,1070
2026-09-08T04:00:32Z,2026-09-08T05:54:00.000+02:00,A0001010150,A1,99.0,2120
2026-09-08T04:00:32Z,2026-09-08T05:54:00.000+02:00,N0356020400,N356,76.0,630
2026-09-08T04:00:32Z,2026-09-08T05:54:00.000+02:00,N0041020600,N41,97.0,320
2026-09-08T04:00:32Z,2026-09-08T05:54:00.000+02:00,A0025010700,A25,75.0,710
2026-09-08T04:00:32Z,2026-09-08T05:54:00.000+02:00,A0002011230,A2,105.0,1740
2026-09-08T04:00:32Z,2026-09-08T05:54:00.000+02:00,A0025020500,A25,75.0,1440
2026-09-08T04:00:32Z,2026-09-08T05:54:00.000+02:00,A0002021290,A2,107.0,1680
2026-09-08T04:00:32Z,2026-09-08T05:54:00.000+02:00,A0022011600,A22,81.0,880
2026-09-08T04:10:29Z,2026-09-08T06:00:00.000+02:00,A0001011200,A1,81.0,1730
2026-09-08T04:10:29Z,2026-09-08T06:00:00.000+02:00,A0027010102,A27,82.0,950
2026-09-08T04:10:29Z,2026-09-08T06:00:00.000+02:00,N0041010100,N41,87.0,550
2026-09-08T04:10:29Z,2026-09-08T06:00:00.000+02:00,A0027010101,A27,82.0,950
2026-09-08T04:10:29Z,2026-09-08T06:00:00.000+02:00,A9022010250,A22 (rocade),87.0,180
2026-09-08T04:10:29Z,2026-09-08T06:00:00.000+02:00,A0001020150,A1,99.0,1290
2026-09-08T04:10:29Z,2026-09-08T06:00:00.000+02:00,N0356011700,N356,80.0,750
2026-09-08T04:10:29Z,2026-09-08T06:00:00.000+02:00,N0356021300,N356,69.0,1040
2026-09-08T04:10:29Z,2026-09-08T06:00:00.000+02:00,A0022011400,A22,79.0,250
2026-09-08T04:10:29Z,2026-09-08T06:00:00.000+02:00,A0027010300,A27,89.0,300
2026-09-08T04:10:29Z,2026-09-08T06:00:00.000+02:00,A9022020250,A22 (rocade),42.0,190
2026-09-08T04:10:29Z,2026-09-08T06:00:00.000+02:00,N0041010300,N41,92.0,1170
2026-09-08T04:10:29Z,2026-09-08T06:00:00.000+02:00,A0022011210,A22,83.0,200
2026-09-08T04:10:29Z,2026-09-08T06:00:00.000+02:00,A0027020100,A27,75.0,250
2026-09-08T04:10:29Z,2026-09-08T06:00:00.000+02:00,A0001010300,A1,95.0,1930
2026-09-08T04:10:29Z,2026-09-08T06:00:00.000+02:00,A0022011220,A22,83.0,200
2026-09-08T04:10:29Z,2026-09-08T06:00:00.000+02:00,A9022101110,A22 (rocade),82.0,450
2026-09-08T04:10:29Z,2026-09-08T06:00:00.000+02:00,A0022022110,A22,89.0,1200
2026-09-08T04:10:29Z,2026-09-08T06:00:00.000+02:00,A0001011420,A1,87.0,1240
2026-09-08T04:10:29Z,2026-09-08T06:00:00.000+02:00,N0356010800,N356,77.0,850
2026-09-08T04:10:29Z,2026-09-08T06:00:00.000+02:00,A9001210710,A1 (bretelle),75.0,250
2026-09-08T04:10:29Z,2026-09-08T06:00:00.000+02:00,N0356021110,N356,75.0,990
2026-09-08T04:10:29Z,2026-09-08T06:00:00.000+02:00,A0001010510,A1,95.0,1790
2026-09-08T04:10:29Z,2026-09-08T06:00:00.000+02:00,N0356021122,N356,68.0,1070
2026-09-08T04:10:29Z,2026-09-08T06:00:00.000+02:00,N0356021121,N356,75.0,990
2026-09-08T04:10:29Z,2026-09-08T06:00:00.000+02:00,A0025010210,A25,78.0,1520
2026-09-08T04:10:29Z,2026-09-08T06:00:00.000+02:00,A0025011300,A25,85.0,460
2026-09-08T04:10:29Z,2026-09-08T06:00:00.000+02:00,A0001020300,A1,98.0,1230
2026-09-08T04:10:29Z,2026-09-08T06:00:00.000+02:00,A0025021100,A25,89.0,980
2026-09-08T04:10:29Z,2026-09-08T06:00:00.000+02:00,A0025023520,A25,107.0,590
2026-09-08T04:10:29Z,2026-09-08T06:00:00.000+02:00,A0022022130,A22,84.0,1270
2026-09-08T04:10:29Z,2026-09-08T06:00:00.000+02:00,A0025010220,A25,78.0,1520
2026-09-08T04:10:29Z,2026-09-08T06:00:00.000+02:00,A0022022120,A22,91.0,1130
2026-09-08T04:10:29Z,2026-09-08T06:00:00.000+02:00,A0001010520,A1,96.0,1870
2026-09-08T04:10:29Z,2026-09-08T06:00:00.000+02:00,A0022011000,A22,82.0,730
2026-09-08T04:10:29Z,2026-09-08T06:00:00.000+02:00,A0001020510,A1,96.0,1320
2026-09-08T04:10:29Z,2026-09-08T06:00:00.000+02:00,A0001021602,A1,87.0,2280
2026-09-08T04:10:29Z,2026-09-08T06:00:00.000+02:00,A22TC020222,A22 (contournement),85.0,970
2026-09-08T04:10:29Z,2026-09-08T06:00:00.000+02:00,A0001010940,A1,94.0,1860
2026-09-08T04:10:29Z,2026-09-08T06:00:00.000+02:00,A0025023320,A25,109.0,1020
2026-09-08T04:10:29Z,2026-09-08T06:00:00.000+02:00,A0001020520,A1,94.0,1330
2026-09-08T04:10:29Z,2026-09-08T06:00:00.000+02:00,A0025023100,A25,109.0,870
2026-09-08T04:10:29Z,2026-09-08T06:00:00.000+02:00,A22TC020230,A22 (contournement),85.0,970
2026-09-08T04:10:29Z,2026-09-08T06:00:00.000+02:00,A0025021730,A25,86.0,1600
2026-09-08T04:10:29Z,2026-09-08T06:00:00.000+02:00,A0025023910,A25,110.0,510
2026-09-08T04:10:29Z,2026-09-08T06:00:00.000+02:00,A0025021735,A25,100.0,1630
2026-09-08T04:10:29Z,2026-09-08T06:00:00.000+02:00,A0023010400,A23,102.0,410
2026-09-08T04:10:29Z,2026-09-08T06:00:00.000+02:00,A0022021900,A22,84.0,930
2026-09-08T04:10:29Z,2026-09-08T06:00:00.000+02:00,A9022100500,A22 (rocade),86.0,320
2026-09-08T04:10:29Z,2026-09-08T06:00:00.000+02:00,A0001020940,A1,91.0,1430
2026-09-08T04:10:29Z,2026-09-08T06:00:00.000+02:00,A0001020700,A1,94.0,1210
2026-09-08T04:10:29Z,2026-09-08T06:00:00.000+02:00,A9022020830,A22 (rocade),83.0,110
2026-09-08T04:10:29Z,2026-09-08T06:00:00.000+02:00,A9022020822,A22 (rocade),91.0,770
2026-09-08T04:10:29Z,2026-09-08T06:00:00.000+02:00,A9022020821,A22 (rocade),91.0,770
2026-09-08T04:10:29Z,2026-09-08T06:00:00.000+02:00,A0025020420,A25,75.0,1900
2026-09-08T04:10:29Z,2026-09-08T06:00:00.000+02:00,A0025021510,A25,92.0,750
2026-09-08T04:10:29Z,2026-09-08T06:00:00.000+02:00,N0227010100,N227,68.0,450
2026-09-08T04:10:29Z,2026-09-08T06:00:00.000+02:00,A0025011720,A25,97.0,950
2026-09-08T04:10:29Z,2026-09-08T06:00:00.000+02:00,A0025021760,A25,87.0,1520
2026-09-08T04:10:29Z,2026-09-08T06:00:00.000+02:00,A0025011730,A25,85.0,900
2026-09-08T04:10:29Z,2026-09-08T06:00:00.000+02:00,A0025011735,A25,98.0,860
2026-09-08T04:10:29Z,2026-09-08T06:00:00.000+02:00,A9025080700,A25 (bretelle),,380
2026-09-08T04:10:29Z,2026-09-08T06:00:00.000+02:00,A9022100930,A22 (rocade),69.0,60
2026-09-08T04:10:29Z,2026-09-08T06:00:00.000+02:00,N0356011220,N356,75.0,850
2026-09-08T04:10:29Z,2026-09-08T06:00:00.000+02:00,A0025011740,A25,83.0,810
2026-09-08T04:10:29Z,2026-09-08T06:00:00.000+02:00,A0025010410,A25,71.0,1100
2026-09-08T04:10:29Z,2026-09-08T06:00:00.000+02:00,A0023010200,A23,91.0,800
2026-09-08T04:10:29Z,2026-09-08T06:00:00.000+02:00,A9001210120,A1 (bretelle),84.0,100
2026-09-08T04:10:29Z,2026-09-08T06:00:00.000+02:00,A0025020210,A25,79.0,1770
2026-09-08T04:10:29Z,2026-09-08T06:00:00.000+02:00,N0356011210,N356,75.0,850
2026-09-08T04:10:29Z,2026-09-08T06:00:00.000+02:00,A0025011510,A25,88.0,590
2026-09-08T04:10:29Z,2026-09-08T06:00:00.000+02:00,A0025020220,A25,79.0,1770
2026-09-08T04:10:29Z,2026-09-08T06:00:00.000+02:00,N0227010302,N227,79.0,920
2026-09-08T04:10:29Z,2026-09-08T06:00:00.000+02:00,N0041010500,N41,100.0,1020
2026-09-08T04:10:29Z,2026-09-08T06:00:00.000+02:00,N0227020101,N227,89.0,730
2026-09-08T04:10:29Z,2026-09-08T06:00:00.000+02:00,A9022100110,A22 (rocade),70.0,210
2026-09-08T04:10:29Z,2026-09-08T06:00:00.000+02:00,A0022010400,A22,76.0,730
2026-09-08T04:10:29Z,2026-09-08T06:00:00.000+02:00,N0356010302,N356,80.0,1390
2026-09-08T04:10:29Z,2026-09-08T06:00:00.000+02:00,A0025010800,A25,79.0,850
2026-09-08T04:10:29Z,2026-09-08T06:00:00.000+02:00,A0027020621,A27,93.0,400
2026-09-08T04:10:29Z,2026-09-08T06:00:00.000+02:00,N0041010700,N41,98.0,410
2026-09-08T04:10:29Z,2026-09-08T06:00:00.000+02:00,A0027020630,A27,94.0,400
2026-09-08T04:10:29Z,2026-09-08T06:00:00.000+02:00,A0022021512,A22,83.0,880
2026-09-08T04:10:29Z,2026-09-08T06:00:00.000+02:00,A0022021511,A22,84.0,870
2026-09-08T04:10:29Z,2026-09-08T06:00:00.000+02:00,A0027020610,A27,93.0,400
2026-09-08T04:10:29Z,2026-09-08T06:00:00.000+02:00,A0025021720,A25,97.0,1540
2026-09-08T04:10:29Z,2026-09-08T06:00:00.000+02:00,A0022021520,A22,83.0,880
2026-09-08T04:10:29Z,2026-09-08T06:00:00.000+02:00,A0025022140,A25,109.0,1320
2026-09-08T04:10:29Z,2026-09-08T06:00:00.000+02:00,A0022011302,A22,80.0,540
2026-09-08T04:10:29Z,2026-09-08T06:00:00.000+02:00,A0025022160,A25,107.0,1400
2026-09-08T04:10:29Z,2026-09-08T06:00:00.000+02:00,A9025060104,A25 (bretelle),70.0,920
2026-09-08T04:10:29Z,2026-09-08T06:00:00.000+02:00,A0027010201,A27,92.0,920
2026-09-08T04:10:29Z,2026-09-08T06:00:00.000+02:00,A0027010202,A27,73.0,400
2026-09-08T04:10:29Z,2026-09-08T06:00:00.000+02:00,N9227110110,N227 (bretelle),76.0,260
2026-09-08T04:10:29Z,2026-09-08T06:00:00.000+02:00,A0025012130,A25,89.0,450
2026-09-08T04:10:29Z,2026-09-08T06:00:00.000+02:00,A0027010210,A27,73.0,400
2026-09-08T04:10:29Z,2026-09-08T06:00:00.000+02:00,A0025011050,A25,88.0,470
2026-09-08T04:10:29Z,2026-09-08T06:00:00.000+02:00,A0025012140,A25,101.0,640
2026-09-08T04:10:29Z,2026-09-08T06:00:00.000+02:00,A0027010421,A27,95.0,420
2026-09-08T04:10:29Z,2026-09-08T06:00:00.000+02:00,A0022012420,A22,96.0,1160
2026-09-08T04:10:29Z,2026-09-08T06:00:00.000+02:00,A0027010430,A27,96.0,450
2026-09-08T04:10:29Z,2026-09-08T06:00:00.000+02:00,A0023020710,A23,103.0,1020
2026-09-08T04:10:29Z,2026-09-08T06:00:00.000+02:00,A0022012430,A22,94.0,1120
2026-09-08T04:10:29Z,2026-09-08T06:00:00.000+02:00,A0025012160,A25,112.0,630
2026-09-08T04:10:29Z,2026-09-08T06:00:00.000+02:00,A9022021200,A22 (rocade),64.0,220
2026-09-08T04:10:29Z,2026-09-08T06:00:00.000+02:00,A0001021100,A1,89.0,1300
2026-09-08T04:10:29Z,2026-09-08T06:00:00.000+02:00,A9022101000,A22 (rocade),69.0,190
2026-09-08T04:10:29Z,2026-09-08T06:00:00.000+02:00,A0025013020,A25,97.0,600
2026-09-08T04:10:29Z,2026-09-08T06:00:00.000+02:00,A0027010410,A27,95.0,420
2026-09-08T04:10:29Z,2026-09-08T06:00:00.000+02:00,A0022012410,A22,97.0,1150
2026-09-08T04:10:29Z,2026-09-08T06:00:00.000+02:00,A0001A20112,A1,91.0,600
2026-09-08T04:10:29Z,2026-09-08T06:00:00.000+02:00,A0001A20111,A1,84.0,400
2026-09-08T04:10:29Z,2026-09-08T06:00:00.000+02:00,A0025010320,A25,78.0,600
2026-09-08T04:10:29Z,2026-09-08T06:00:00.000+02:00,A0001021521,A1,87.0,1220
2026-09-08T04:10:29Z,2026-09-08T06:00:00.000+02:00,A0025022540,A25,109.0,970
2026-09-08T04:10:29Z,2026-09-08T06:00:00.000+02:00,A0025022300,A25,109.0,850
2026-09-08T04:10:29Z,2026-09-08T06:00:00.000+02:00,N0356021000,N356,74.0,980
2026-09-08T04:10:29Z,2026-09-08T06:00:00.000+02:00,A22TC010102,A22 (contournement),84.0,700
2026-09-08T04:10:29Z,2026-09-08T06:00:00.000+02:00,A0001011503,A1,88.0,1940
2026-09-08T04:10:29Z,2026-09-08T06:00:00.000+02:00,A0022012200,A22,89.0,1040
2026-09-08T04:10:29Z,2026-09-08T06:00:00.000+02:00,A0001A20120,A1,90.0,520
2026-09-08T04:10:29Z,2026-09-08T06:00:00.000+02:00,A22TC020102,A22 (contournement),90.0,590
2026-09-08T04:10:29Z,2026-09-08T06:00:00.000+02:00,A22TC010300,A22 (contournement),86.0,590
2026-09-08T04:10:29Z,2026-09-08T06:00:00.000+02:00,A0022012010,A22,87.0,730
2026-09-08T04:10:29Z,2026-09-08T06:00:00.000+02:00,A0022012020,A22,87.0,730
2026-09-08T04:10:29Z,2026-09-08T06:00:00.000+02:00,A0025022130,A25,120.0,1270
2026-09-08T04:10:29Z,2026-09-08T06:00:00.000+02:00,A0023010520,A23,106.0,390
2026-09-08T04:10:29Z,2026-09-08T06:00:00.000+02:00,N0041020800,N41,91.0,420
2026-09-08T04:10:29Z,2026-09-08T06:00:00.000+02:00,A0025010500,A25,72.0,870
2026-09-08T04:10:29Z,2026-09-08T06:00:00.000+02:00,A0022020901,A22,104.0,730
2026-09-08T04:10:29Z,2026-09-08T06:00:00.000+02:00,A0022020902,A22,104.0,570
2026-09-08T04:10:29Z,2026-09-08T06:00:00.000+02:00,A0025020310,A25,71.0,1480
2026-09-08T04:10:29Z,2026-09-08T06:00:00.000+02:00,A0022021810,A22,83.0,860
2026-09-08T04:10:29Z,2026-09-08T06:00:00.000+02:00,N0356011100,N356,74.0,790
2026-09-08T04:10:29Z,2026-09-08T06:00:00.000+02:00,A0022021820,A22,83.0,860
2026-09-08T04:10:29Z,2026-09-08T06:00:00.000+02:00,N0356020802,N356,76.0,1040
2026-09-08T04:10:29Z,2026-09-08T06:00:00.000+02:00,A9022020900,A22 (rocade),91.0,140
2026-09-08T04:10:29Z,2026-09-08T06:00:00.000+02:00,A0025020102,A25,74.0,330
2026-09-08T04:10:29Z,2026-09-08T06:00:00.000+02:00,A0025010310,A25,78.0,1120
2026-09-08T04:10:29Z,2026-09-08T06:00:00.000+02:00,A0023010100,A23,84.0,100
2026-09-08T04:10:29Z,2026-09-08T06:00:00.000+02:00,A0025022530,A25,108.0,1000
2026-09-08T04:10:29Z,2026-09-08T06:00:00.000+02:00,A9001210200,A1 (bretelle),72.0,360
2026-09-08T04:10:29Z,2026-09-08T06:00:00.000+02:00,A0022010700,A22,83.0,640
2026-09-08T04:10:29Z,2026-09-08T06:00:00.000+02:00,N0041020400,N41,87.0,600
2026-09-08T04:10:29Z,2026-09-08T06:00:00.000+02:00,A0023020720,A23,109.0,1070
2026-09-08T04:10:29Z,2026-09-08T06:00:00.000+02:00,A0022020500,A22,104.0,470
2026-09-08T04:10:29Z,2026-09-08T06:00:00.000+02:00,N93563b0150,N356 (bretelle),63.0,10
2026-09-08T04:10:29Z,2026-09-08T06:00:00.000+02:00,A0025020950,A25,92.0,1420
2026-09-08T04:10:29Z,2026-09-08T06:00:00.000+02:00,A0023020300,A23,80.0,420
2026-09-08T04:10:29Z,2026-09-08T06:00:00.000+02:00,A0001011000,A1,85.0,1640
2026-09-08T04:10:29Z,2026-09-08T06:00:00.000+02:00,A0027020500,A27,90.0,310
2026-09-08T04:10:29Z,2026-09-08T06:00:00.000+02:00,N0356011500,N356,77.0,830
2026-09-08T04:10:29Z,2026-09-08T06:00:00.000+02:00,A0001010150,A1,96.0,1880
2026-09-08T04:10:29Z,2026-09-08T06:00:00.000+02:00,N0356020400,N356,72.0,550
2026-09-08T04:10:29Z,2026-09-08T06:00:00.000+02:00,N0041020600,N41,91.0,400
2026-09-08T04:10:29Z,2026-09-08T06:00:00.000+02:00,A0025010700,A25,74.0,630
2026-09-08T04:10:29Z,2026-09-08T06:00:00.000+02:00,A0002011230,A2,106.0,1460
2026-09-08T04:10:29Z,2026-09-08T06:00:00.000+02:00,A0025020500,A25,77.0,1440
2026-09-08T04:10:29Z,2026-09-08T06:00:00.000+02:00,A0002021290,A2,105.0,1290
2026-09-08T04:10:29Z,2026-09-08T06:00:00.000+02:00,A0022011600,A22,86.0,700
2026-09-08T04:20:31Z,2026-09-08T06:12:00.000+02:00,A0001011200,A1,80.0,2120
2026-09-08T04:20:31Z,2026-09-08T06:12:00.000+02:00,A0027010102,A27,92.0,1060
2026-09-08T04:20:31Z,2026-09-08T06:12:00.000+02:00,N0041010100,N41,87.0,930
2026-09-08T04:20:31Z,2026-09-08T06:12:00.000+02:00,A0027010101,A27,92.0,1060
2026-09-08T04:20:31Z,2026-09-08T06:12:00.000+02:00,A9022010250,A22 (rocade),86.0,220
2026-09-08T04:20:31Z,2026-09-08T06:12:00.000+02:00,A0001020150,A1,98.0,1670
2026-09-08T04:20:31Z,2026-09-08T06:12:00.000+02:00,N0356011700,N356,76.0,930
2026-09-08T04:20:31Z,2026-09-08T06:12:00.000+02:00,N0356021300,N356,69.0,1390
2026-09-08T04:20:31Z,2026-09-08T06:12:00.000+02:00,A0022011400,A22,79.0,370
2026-09-08T04:20:31Z,2026-09-08T06:12:00.000+02:00,A0027010300,A27,92.0,370
2026-09-08T04:20:31Z,2026-09-08T06:12:00.000+02:00,A9022020250,A22 (rocade),48.0,420
2026-09-08T04:20:31Z,2026-09-08T06:12:00.000+02:00,N0041010300,N41,87.0,1890
2026-09-08T04:20:31Z,2026-09-08T06:12:00.000+02:00,A0022011210,A22,84.0,340
2026-09-08T04:20:31Z,2026-09-08T06:12:00.000+02:00,A0027020100,A27,74.0,360
2026-09-08T04:20:31Z,2026-09-08T06:12:00.000+02:00,A0001010300,A1,102.0,2950
2026-09-08T04:20:31Z,2026-09-08T06:12:00.000+02:00,A0022011220,A22,84.0,340
2026-09-08T04:20:31Z,2026-09-08T06:12:00.000+02:00,N0227021400,N227,77.0,20
2026-09-08T04:20:31Z,2026-09-08T06:12:00.000+02:00,A9022101110,A22 (rocade),82.0,530
2026-09-08T04:20:31Z,2026-09-08T06:12:00.000+02:00,A0022022110,A22,79.0,1620
2026-09-08T04:20:31Z,2026-09-08T06:12:00.000+02:00,A0001011420,A1,87.0,1490
2026-09-08T04:20:31Z,2026-09-08T06:12:00.000+02:00,N0356010800,N356,74.0,1210
2026-09-08T04:20:31Z,2026-09-08T06:12:00.000+02:00,A9001210710,A1 (bretelle),71.0,480
2026-09-08T04:20:31Z,2026-09-08T06:12:00.000+02:00,N0356021110,N356,75.0,1350
2026-09-08T04:20:31Z,2026-09-08T06:12:00.000+02:00,A0001010510,A1,102.0,2740
2026-09-08T04:20:31Z,2026-09-08T06:12:00.000+02:00,N0356021122,N356,67.0,1410
2026-09-08T04:20:31Z,2026-09-08T06:12:00.000+02:00,N0356021121,N356,75.0,1350
2026-09-08T04:20:31Z,2026-09-08T06:12:00.000+02:00,A0025010210,A25,78.0,1850
2026-09-08T04:20:31Z,2026-09-08T06:12:00.000+02:00,A0025011300,A25,90.0,510
2026-09-08T04:20:31Z,2026-09-08T06:12:00.000+02:00,A0001020300,A1,103.0,1540
2026-09-08T04:20:31Z,2026-09-08T06:12:00.000+02:00,A0025021100,A25,89.0,1270
2026-09-08T04:20:31Z,2026-09-08T06:12:00.000+02:00,A0025023520,A25,108.0,880
2026-09-08T04:20:31Z,2026-09-08T06:12:00.000+02:00,A0022022130,A22,84.0,1680
2026-09-08T04:20:31Z,2026-09-08T06:12:00.000+02:00,A0025010220,A25,78.0,1850
2026-09-08T04:20:31Z,2026-09-08T06:12:00.000+02:00,A0022022120,A22,88.0,1600
2026-09-08T04:20:31Z,2026-09-08T06:12:00.000+02:00,A0001010520,A1,97.0,2890
2026-09-08T04:20:31Z,2026-09-08T06:12:00.000+02:00,A0022011000,A22,81.0,1020
2026-09-08T04:20:31Z,2026-09-08T06:12:00.000+02:00,A0001020510,A1,102.0,1660
2026-09-08T04:20:31Z,2026-09-08T06:12:00.000+02:00,A0001021602,A1,87.0,1980
2026-09-08T04:20:31Z,2026-09-08T06:12:00.000+02:00,A22TC020222,A22 (contournement),93.0,840
2026-09-08T04:20:31Z,2026-09-08T06:12:00.000+02:00,A0001010940,A1,95.0,2730
2026-09-08T04:20:31Z,2026-09-08T06:12:00.000+02:00,A0025023320,A25,110.0,1640
2026-09-08T04:20:31Z,2026-09-08T06:12:00.000+02:00,A0001020520,A1,98.0,1710
2026-09-08T04:20:31Z,2026-09-08T06:12:00.000+02:00,A0025023100,A25,107.0,1430
2026-09-08T04:20:31Z,2026-09-08T06:12:00.000+02:00,A22TC020230,A22 (contournement),93.0,840
2026-09-08T04:20:31Z,2026-09-08T06:12:00.000+02:00,A0025021730,A25,87.0,2120
2026-09-08T04:20:31Z,2026-09-08T06:12:00.000+02:00,A0025023910,A25,112.0,700
2026-09-08T04:20:31Z,2026-09-08T06:12:00.000+02:00,A0025021735,A25,102.0,2240
2026-09-08T04:20:31Z,2026-09-08T06:12:00.000+02:00,A0023010400,A23,98.0,550
2026-09-08T04:20:31Z,2026-09-08T06:12:00.000+02:00,A0022021900,A22,81.0,1280
2026-09-08T04:20:31Z,2026-09-08T06:12:00.000+02:00,A9022100500,A22 (rocade),83.0,500
2026-09-08T04:20:31Z,2026-09-08T06:12:00.000+02:00,A0001020940,A1,92.0,1730
2026-09-08T04:20:31Z,2026-09-08T06:12:00.000+02:00,A0001020700,A1,95.0,1450
2026-09-08T04:20:31Z,2026-09-08T06:12:00.000+02:00,A9022020830,A22 (rocade),85.0,130
2026-09-08T04:20:31Z,2026-09-08T06:12:00.000+02:00,A9022020822,A22 (rocade),89.0,600
2026-09-08T04:20:31Z,2026-09-08T06:12:00.000+02:00,A9022020821,A22 (rocade),89.0,600
2026-09-08T04:20:31Z,2026-09-08T06:12:00.000+02:00,A0025020420,A25,74.0,1780
2026-09-08T04:20:31Z,2026-09-08T06:12:00.000+02:00,A0025021510,A25,92.0,1070
2026-09-08T04:20:31Z,2026-09-08T06:12:00.000+02:00,N0227010100,N227,67.0,370
2026-09-08T04:20:31Z,2026-09-08T06:12:00.000+02:00,A0025011720,A25,96.0,1090
2026-09-08T04:20:31Z,2026-09-08T06:12:00.000+02:00,A0025021760,A25,85.0,2240
2026-09-08T04:20:31Z,2026-09-08T06:12:00.000+02:00,A0025011730,A25,85.0,1110
2026-09-08T04:20:31Z,2026-09-08T06:12:00.000+02:00,A0025011735,A25,97.0,1050
2026-09-08T04:20:31Z,2026-09-08T06:12:00.000+02:00,A9025080700,A25 (bretelle),,440
2026-09-08T04:20:31Z,2026-09-08T06:12:00.000+02:00,A9022100930,A22 (rocade),79.0,40
2026-09-08T04:20:31Z,2026-09-08T06:12:00.000+02:00,N0356011220,N356,73.0,1200
2026-09-08T04:20:31Z,2026-09-08T06:12:00.000+02:00,A0025011740,A25,84.0,1030
2026-09-08T04:20:31Z,2026-09-08T06:12:00.000+02:00,A0025010410,A25,70.0,1520
2026-09-08T04:20:31Z,2026-09-08T06:12:00.000+02:00,A0023010200,A23,83.0,670
2026-09-08T04:20:31Z,2026-09-08T06:12:00.000+02:00,A9001210120,A1 (bretelle),79.0,180
2026-09-08T04:20:31Z,2026-09-08T06:12:00.000+02:00,A0025020210,A25,76.0,1910
2026-09-08T04:20:31Z,2026-09-08T06:12:00.000+02:00,N0356011210,N356,73.0,1200
2026-09-08T04:20:31Z,2026-09-08T06:12:00.000+02:00,A0025011510,A25,87.0,770
2026-09-08T04:20:31Z,2026-09-08T06:12:00.000+02:00,A0025020220,A25,76.0,1910
2026-09-08T04:20:31Z,2026-09-08T06:12:00.000+02:00,N0227010302,N227,78.0,1120
2026-09-08T04:20:31Z,2026-09-08T06:12:00.000+02:00,N0041010500,N41,95.0,1660
2026-09-08T04:20:31Z,2026-09-08T06:12:00.000+02:00,N0227020101,N227,84.0,1320
2026-09-08T04:20:31Z,2026-09-08T06:12:00.000+02:00,A9022100110,A22 (rocade),68.0,270
2026-09-08T04:20:31Z,2026-09-08T06:12:00.000+02:00,A0022010400,A22,74.0,1120
2026-09-08T04:20:31Z,2026-09-08T06:12:00.000+02:00,N0356010302,N356,76.0,1840
2026-09-08T04:20:31Z,2026-09-08T06:12:00.000+02:00,A0025010800,A25,77.0,940
2026-09-08T04:20:31Z,2026-09-08T06:12:00.000+02:00,A0027020621,A27,97.0,450
2026-09-08T04:20:31Z,2026-09-08T06:12:00.000+02:00,N0041010700,N41,92.0,460
2026-09-08T04:20:31Z,2026-09-08T06:12:00.000+02:00,A0027020630,A27,99.0,470
2026-09-08T04:20:31Z,2026-09-08T06:12:00.000+02:00,A0022021512,A22,81.0,1200
2026-09-08T04:20:31Z,2026-09-08T06:12:00.000+02:00,A0022021511,A22,81.0,1160
2026-09-08T04:20:31Z,2026-09-08T06:12:00.000+02:00,A0027020610,A27,97.0,450
2026-09-08T04:20:31Z,2026-09-08T06:12:00.000+02:00,A0025021720,A25,99.0,2000
2026-09-08T04:20:31Z,2026-09-08T06:12:00.000+02:00,A0022021520,A22,81.0,1200
2026-09-08T04:20:31Z,2026-09-08T06:12:00.000+02:00,A0025022140,A25,107.0,1970
2026-09-08T04:20:31Z,2026-09-08T06:12:00.000+02:00,A0022011302,A22,78.0,760
2026-09-08T04:20:31Z,2026-09-08T06:12:00.000+02:00,A0025022160,A25,103.0,2100
2026-09-08T04:20:31Z,2026-09-08T06:12:00.000+02:00,A9025060104,A25 (bretelle),71.0,1200
2026-09-08T04:20:31Z,2026-09-08T06:12:00.000+02:00,A0027010201,A27,89.0,670
2026-09-08T04:20:31Z,2026-09-08T06:12:00.000+02:00,A0027010202,A27,77.0,400
2026-09-08T04:20:31Z,2026-09-08T06:12:00.000+02:00,N9227110110,N227 (bretelle),77.0,440
2026-09-08T04:20:31Z,2026-09-08T06:12:00.000+02:00,A0025012130,A25,102.0,560
2026-09-08T04:20:31Z,2026-09-08T06:12:00.000+02:00,A0027010210,A27,77.0,400
2026-09-08T04:20:31Z,2026-09-08T06:12:00.000+02:00,A0025011050,A25,93.0,460
2026-09-08T04:20:31Z,2026-09-08T06:12:00.000+02:00,A0025012140,A25,101.0,780
2026-09-08T04:20:31Z,2026-09-08T06:12:00.000+02:00,A0027010421,A27,92.0,510
2026-09-08T04:20:31Z,2026-09-08T06:12:00.000+02:00,A0022012420,A22,96.0,1280
2026-09-08T04:20:31Z,2026-09-08T06:12:00.000+02:00,A0027010430,A27,95.0,550
2026-09-08T04:20:31Z,2026-09-08T06:12:00.000+02:00,A0023020710,A23,105.0,1300
2026-09-08T04:20:31Z,2026-09-08T06:12:00.000+02:00,A0022012430,A22,95.0,1210
2026-09-08T04:20:31Z,2026-09-08T06:12:00.000+02:00,A0025012160,A25,116.0,780
2026-09-08T04:20:31Z,2026-09-08T06:12:00.000+02:00,A9022021200,A22 (rocade),63.0,150
2026-09-08T04:20:31Z,2026-09-08T06:12:00.000+02:00,A0001021100,A1,90.0,1570
2026-09-08T04:20:31Z,2026-09-08T06:12:00.000+02:00,A9022101000,A22 (rocade),71.0,160
2026-09-08T04:20:31Z,2026-09-08T06:12:00.000+02:00,A0025013020,A25,103.0,640
2026-09-08T04:20:31Z,2026-09-08T06:12:00.000+02:00,A0027010410,A27,92.0,510
2026-09-08T04:20:31Z,2026-09-08T06:12:00.000+02:00,A0022012410,A22,96.0,1310
2026-09-08T04:20:31Z,2026-09-08T06:12:00.000+02:00,A0001A20112,A1,93.0,920
2026-09-08T04:20:31Z,2026-09-08T06:12:00.000+02:00,A0001A20111,A1,80.0,630
2026-09-08T04:20:31Z,2026-09-08T06:12:00.000+02:00,A0025010320,A25,56.0,1110
2026-09-08T04:20:31Z,2026-09-08T06:12:00.000+02:00,A0001021521,A1,88.0,1290
2026-09-08T04:20:31Z,2026-09-08T06:12:00.000+02:00,A0025022540,A25,107.0,1550
2026-09-08T04:20:31Z,2026-09-08T06:12:00.000+02:00,A0025022300,A25,107.0,1380
2026-09-08T04:20:31Z,2026-09-08T06:12:00.000+02:00,N0356021000,N356,76.0,1330
2026-09-08T04:20:31Z,2026-09-08T06:12:00.000+02:00,A22TC010102,A22 (contournement),86.0,710
2026-09-08T04:20:31Z,2026-09-08T06:12:00.000+02:00,A0001011503,A1,87.0,2420
2026-09-08T04:20:31Z,2026-09-08T06:12:00.000+02:00,A0022012200,A22,85.0,1210
2026-09-08T04:20:31Z,2026-09-08T06:12:00.000+02:00,A0001A20120,A1,91.0,890
2026-09-08T04:20:31Z,2026-09-08T06:12:00.000+02:00,A22TC020102,A22 (contournement),90.0,960
2026-09-08T04:20:31Z,2026-09-08T06:12:00.000+02:00,A22TC010300,A22 (contournement),85.0,970
2026-09-08T04:20:31Z,2026-09-08T06:12:00.000+02:00,A0022012010,A22,87.0,910
2026-09-08T04:20:31Z,2026-09-08T06:12:00.000+02:00,A0022012020,A22,87.0,910
2026-09-08T04:20:31Z,2026-09-08T06:12:00.000+02:00,A0025022130,A25,120.0,2010
2026-09-08T04:20:31Z,2026-09-08T06:12:00.000+02:00,A0023010520,A23,106.0,540
2026-09-08T04:20:31Z,2026-09-08T06:12:00.000+02:00,N0041020800,N41,97.0,370
2026-09-08T04:20:31Z,2026-09-08T06:12:00.000+02:00,A0025010500,A25,70.0,1000
2026-09-08T04:20:31Z,2026-09-08T06:12:00.000+02:00,A0022020901,A22,87.0,940
2026-09-08T04:20:31Z,2026-09-08T06:12:00.000+02:00,A0022020902,A22,87.0,760
2026-09-08T04:20:31Z,2026-09-08T06:12:00.000+02:00,A0025020310,A25,85.0,1550
2026-09-08T04:20:31Z,2026-09-08T06:12:00.000+02:00,A0022021810,A22,80.0,1200
2026-09-08T04:20:31Z,2026-09-08T06:12:00.000+02:00,N0356011100,N356,71.0,1160
2026-09-08T04:20:31Z,2026-09-08T06:12:00.000+02:00,A0022021820,A22,80.0,1200
2026-09-08T04:20:31Z,2026-09-08T06:12:00.000+02:00,N0356020802,N356,77.0,1270
2026-09-08T04:20:31Z,2026-09-08T06:12:00.000+02:00,A0025020102,A25,73.0,30
2026-09-08T04:20:31Z,2026-09-08T06:12:00.000+02:00,A0025010310,A25,76.0,1390
2026-09-08T04:20:31Z,2026-09-08T06:12:00.000+02:00,A0023010100,A23,89.0,40
2026-09-08T04:20:31Z,2026-09-08T06:12:00.000+02:00,A0025022530,A25,107.0,1590
2026-09-08T04:20:31Z,2026-09-08T06:12:00.000+02:00,A9001210200,A1 (bretelle),70.0,460
2026-09-08T04:20:31Z,2026-09-08T06:12:00.000+02:00,A0022010700,A22,81.0,900
2026-09-08T04:20:31Z,2026-09-08T06:12:00.000+02:00,N0041020400,N41,89.0,570
2026-09-08T04:20:31Z,2026-09-08T06:12:00.000+02:00,A0023020720,A23,111.0,1420
2026-09-08T04:20:31Z,2026-09-08T06:12:00.000+02:00,A0022020500,A22,87.0,520
2026-09-08T04:20:31Z,2026-09-08T06:12:00.000+02:00,A0025020950,A25,91.0,2020
2026-09-08T04:20:31Z,2026-09-08T06:12:00.000+02:00,A0023020300,A23,82.0,580
2026-09-08T04:20:31Z,2026-09-08T06:12:00.000+02:00,A0001011000,A1,84.0,2140
2026-09-08T04:20:31Z,2026-09-08T06:12:00.000+02:00,A0027020500,A27,91.0,350
2026-09-08T04:20:31Z,2026-09-08T06:12:00.000+02:00,N0356011500,N356,71.0,1170
2026-09-08T04:20:31Z,2026-09-08T06:12:00.000+02:00,A0001010150,A1,98.0,3070
2026-09-08T04:20:31Z,2026-09-08T06:12:00.000+02:00,N0356020400,N356,77.0,660
2026-09-08T04:20:31Z,2026-09-08T06:12:00.000+02:00,N0041020600,N41,96.0,450
2026-09-08T04:20:31Z,2026-09-08T06:12:00.000+02:00,A0025010700,A25,77.0,720
2026-09-08T04:20:31Z,2026-09-08T06:12:00.000+02:00,A0002011230,A2,108.0,1510
2026-09-08T04:20:31Z,2026-09-08T06:12:00.000+02:00,A0025020500,A25,73.0,1300
2026-09-08T04:20:31Z,2026-09-08T06:12:00.000+02:00,A0002021290,A2,103.0,1380
2026-09-08T04:20:31Z,2026-09-08T06:12:00.000+02:00,A0022011600,A22,83.0,860
2026-09-08T04:30:32Z,2026-09-08T06:24:00.000+02:00,A0001011200,A1,78.0,3560
2026-09-08T04:30:32Z,2026-09-08T06:24:00.000+02:00,A0027010102,A27,93.0,1820
2026-09-08T04:30:32Z,2026-09-08T06:24:00.000+02:00,N0041010100,N41,87.0,1320
2026-09-08T04:30:32Z,2026-09-08T06:24:00.000+02:00,A0027010101,A27,93.0,1820
2026-09-08T04:30:32Z,2026-09-08T06:24:00.000+02:00,A9022010250,A22 (rocade),83.0,290
2026-09-08T04:30:32Z,2026-09-08T06:24:00.000+02:00,A0001020150,A1,101.0,1860
2026-09-08T04:30:32Z,2026-09-08T06:24:00.000+02:00,N0356011700,N356,77.0,1240
2026-09-08T04:30:32Z,2026-09-08T06:24:00.000+02:00,N0356021300,N356,67.0,1840
2026-09-08T04:30:32Z,2026-09-08T06:24:00.000+02:00,A0022011400,A22,77.0,350
2026-09-08T04:30:32Z,2026-09-08T06:24:00.000+02:00,A0027010300,A27,92.0,480
2026-09-08T04:30:32Z,2026-09-08T06:24:00.000+02:00,A9022020250,A22 (rocade),41.0,470
2026-09-08T04:30:32Z,2026-09-08T06:24:00.000+02:00,N0041010300,N41,88.0,2640
2026-09-08T04:30:32Z,2026-09-08T06:24:00.000+02:00,A0022011210,A22,91.0,250
2026-09-08T04:30:32Z,2026-09-08T06:24:00.000+02:00,A0027020100,A27,73.0,570
2026-09-08T04:30:32Z,2026-09-08T06:24:00.000+02:00,A0001010300,A1,97.0,4230
2026-09-08T04:30:32Z,2026-09-08T06:24:00.000+02:00,A0022011220,A22,91.0,250
2026-09-08T04:30:32Z,2026-09-08T06:24:00.000+02:00,N0227021400,N227,73.0,10
2026-09-08T04:30:32Z,2026-09-08T06:24:00.000+02:00,A9022101110,A22 (rocade),83.0,480
2026-09-08T04:30:32Z,2026-09-08T06:24:00.000+02:00,A0022022110,A22,86.0,2240
2026-09-08T04:30:32Z,2026-09-08T06:24:00.000+02:00,A0001011420,A1,84.0,2480
2026-09-08T04:30:32Z,2026-09-08T06:24:00.000+02:00,N0356010800,N356,74.0,1730
2026-09-08T04:30:32Z,2026-09-08T06:24:00.000+02:00,A9001210710,A1 (bretelle),72.0,230
2026-09-08T04:30:32Z,2026-09-08T06:24:00.000+02:00,N0356021110,N356,73.0,1730
2026-09-08T04:30:32Z,2026-09-08T06:24:00.000+02:00,A0001010510,A1,97.0,3960
2026-09-08T04:30:32Z,2026-09-08T06:24:00.000+02:00,N0356021122,N356,67.0,1860
2026-09-08T04:30:32Z,2026-09-08T06:24:00.000+02:00,N0356021121,N356,73.0,1730
2026-09-08T04:30:32Z,2026-09-08T06:24:00.000+02:00,A0025010210,A25,76.0,2630
2026-09-08T04:30:32Z,2026-09-08T06:24:00.000+02:00,A0025011300,A25,89.0,550
2026-09-08T04:30:32Z,2026-09-08T06:24:00.000+02:00,A0001020300,A1,101.0,1810
2026-09-08T04:30:32Z,2026-09-08T06:24:00.000+02:00,A0025021100,A25,86.0,2310
2026-09-08T04:30:32Z,2026-09-08T06:24:00.000+02:00,A0025023520,A25,109.0,980
2026-09-08T04:30:32Z,2026-09-08T06:24:00.000+02:00,A0022022130,A22,81.0,2240
2026-09-08T04:30:32Z,2026-09-08T06:24:00.000+02:00,A0025010220,A25,76.0,2630
2026-09-08T04:30:32Z,2026-09-08T06:24:00.000+02:00,A0022022120,A22,88.0,2240
2026-09-08T04:30:32Z,2026-09-08T06:24:00.000+02:00,A0001010520,A1,94.0,4380
2026-09-08T04:30:32Z,2026-09-08T06:24:00.000+02:00,A0022011000,A22,92.0,1200
2026-09-08T04:30:32Z,2026-09-08T06:24:00.000+02:00,A0001020510,A1,100.0,1850
2026-09-08T04:30:32Z,2026-09-08T06:24:00.000+02:00,A0001021602,A1,85.0,2870
2026-09-08T04:30:32Z,2026-09-08T06:24:00.000+02:00,A22TC020222,A22 (contournement),84.0,1790
2026-09-08T04:30:32Z,2026-09-08T06:24:00.000+02:00,A0001010940,A1,93.0,4170
2026-09-08T04:30:32Z,2026-09-08T06:24:00.000+02:00,A0025023320,A25,107.0,2020
2026-09-08T04:30:32Z,2026-09-08T06:24:00.000+02:00,A0001020520,A1,98.0,1890
2026-09-08T04:30:32Z,2026-09-08T06:24:00.000+02:00,A0025023100,A25,104.0,1990
2026-09-08T04:30:32Z,2026-09-08T06:24:00.000+02:00,A22TC020230,A22 (contournement),84.0,1790
2026-09-08T04:30:32Z,2026-09-08T06:24:00.000+02:00,A0025021730,A25,79.0,3520
2026-09-08T04:30:32Z,2026-09-08T06:24:00.000+02:00,A0025023910,A25,115.0,830
2026-09-08T04:30:32Z,2026-09-08T06:24:00.000+02:00,A0025021735,A25,94.0,3510
2026-09-08T04:30:32Z,2026-09-08T06:24:00.000+02:00,A0023010400,A23,103.0,690
2026-09-08T04:30:32Z,2026-09-08T06:24:00.000+02:00,A0022021900,A22,81.0,1840
2026-09-08T04:30:32Z,2026-09-08T06:24:00.000+02:00,A9022100500,A22 (rocade),81.0,860
2026-09-08T04:30:32Z,2026-09-08T06:24:00.000+02:00,A0001020940,A1,90.0,1960
2026-09-08T04:30:32Z,2026-09-08T06:24:00.000+02:00,A0001020700,A1,96.0,1600
2026-09-08T04:30:32Z,2026-09-08T06:24:00.000+02:00,A9022020830,A22 (rocade),84.0,160
2026-09-08T04:30:32Z,2026-09-08T06:24:00.000+02:00,A9022020822,A22 (rocade),77.0,890
2026-09-08T04:30:32Z,2026-09-08T06:24:00.000+02:00,A9022020821,A22 (rocade),77.0,890
2026-09-08T04:30:32Z,2026-09-08T06:24:00.000+02:00,A0025020420,A25,73.0,2740
2026-09-08T04:30:32Z,2026-09-08T06:24:00.000+02:00,A0025021510,A25,90.0,2030
2026-09-08T04:30:32Z,2026-09-08T06:24:00.000+02:00,N0227010100,N227,67.0,750
2026-09-08T04:30:32Z,2026-09-08T06:24:00.000+02:00,A0025011720,A25,99.0,1190
2026-09-08T04:30:32Z,2026-09-08T06:24:00.000+02:00,A0025021760,A25,80.0,3430
2026-09-08T04:30:32Z,2026-09-08T06:24:00.000+02:00,A0025011730,A25,88.0,1230
2026-09-08T04:30:32Z,2026-09-08T06:24:00.000+02:00,A0025011735,A25,100.0,1210
2026-09-08T04:30:32Z,2026-09-08T06:24:00.000+02:00,A9025080700,A25 (bretelle),,780
2026-09-08T04:30:32Z,2026-09-08T06:24:00.000+02:00,A9022100930,A22 (rocade),74.0,110
2026-09-08T04:30:32Z,2026-09-08T06:24:00.000+02:00,N0356011220,N356,73.0,1490
2026-09-08T04:30:32Z,2026-09-08T06:24:00.000+02:00,A0025011740,A25,86.0,1210
2026-09-08T04:30:32Z,2026-09-08T06:24:00.000+02:00,A0025010410,A25,69.0,2260
2026-09-08T04:30:32Z,2026-09-08T06:24:00.000+02:00,A0023010200,A23,96.0,1090
2026-09-08T04:30:32Z,2026-09-08T06:24:00.000+02:00,A9001210120,A1 (bretelle),78.0,490
2026-09-08T04:30:32Z,2026-09-08T06:24:00.000+02:00,A0025020210,A25,76.0,2860
2026-09-08T04:30:32Z,2026-09-08T06:24:00.000+02:00,N0356011210,N356,73.0,1490
2026-09-08T04:30:32Z,2026-09-08T06:24:00.000+02:00,A0025011510,A25,90.0,810
2026-09-08T04:30:32Z,2026-09-08T06:24:00.000+02:00,A0025020220,A25,76.0,2860
2026-09-08T04:30:32Z,2026-09-08T06:24:00.000+02:00,N0227010302,N227,75.0,1620
2026-09-08T04:30:32Z,2026-09-08T06:24:00.000+02:00,N0041010500,N41,95.0,2280
2026-09-08T04:30:32Z,2026-09-08T06:24:00.000+02:00,N0227020101,N227,85.0,1630
2026-09-08T04:30:32Z,2026-09-08T06:24:00.000+02:00,A9022100110,A22 (rocade),64.0,520
2026-09-08T04:30:32Z,2026-09-08T06:24:00.000+02:00,A0022010400,A22,73.0,1190
2026-09-08T04:30:32Z,2026-09-08T06:24:00.000+02:00,N0356010302,N356,77.0,2840
2026-09-08T04:30:32Z,2026-09-08T06:24:00.000+02:00,A0025010800,A25,76.0,1210
2026-09-08T04:30:32Z,2026-09-08T06:24:00.000+02:00,A0027020621,A27,92.0,690
2026-09-08T04:30:32Z,2026-09-08T06:24:00.000+02:00,N0041010700,N41,92.0,740
2026-09-08T04:30:32Z,2026-09-08T06:24:00.000+02:00,A0027020630,A27,93.0,720
2026-09-08T04:30:32Z,2026-09-08T06:24:00.000+02:00,A0022021512,A22,81.0,1570
2026-09-08T04:30:32Z,2026-09-08T06:24:00.000+02:00,A0022021511,A22,81.0,1530
2026-09-08T04:30:32Z,2026-09-08T06:24:00.000+02:00,A0027020610,A27,92.0,690
2026-09-08T04:30:32Z,2026-09-08T06:24:00.000+02:00,A0025021720,A25,90.0,3470
2026-09-08T04:30:32Z,2026-09-08T06:24:00.000+02:00,A0022021520,A22,81.0,1570
2026-09-08T04:30:32Z,2026-09-08T06:24:00.000+02:00,A0025022140,A25,104.0,2930
2026-09-08T04:30:32Z,2026-09-08T06:24:00.000+02:00,A0022011302,A22,77.0,820
2026-09-08T04:30:32Z,2026-09-08T06:24:00.000+02:00,A0025022160,A25,103.0,2900
2026-09-08T04:30:32Z,2026-09-08T06:24:00.000+02:00,A9025060104,A25 (bretelle),71.0,1430
2026-09-08T04:30:32Z,2026-09-08T06:24:00.000+02:00,A0027010201,A27,91.0,1060
2026-09-08T04:30:32Z,2026-09-08T06:24:00.000+02:00,A0027010202,A27,65.0,550
2026-09-08T04:30:32Z,2026-09-08T06:24:00.000+02:00,N9227110110,N227 (bretelle),75.0,460
2026-09-08T04:30:32Z,2026-09-08T06:24:00.000+02:00,A0025012130,A25,100.0,690
2026-09-08T04:30:32Z,2026-09-08T06:24:00.000+02:00,A0027010210,A27,65.0,550
2026-09-08T04:30:32Z,2026-09-08T06:24:00.000+02:00,A0025011050,A25,95.0,550
2026-09-08T04:30:32Z,2026-09-08T06:24:00.000+02:00,A0025012140,A25,106.0,1220
2026-09-08T04:30:32Z,2026-09-08T06:24:00.000+02:00,A0027010421,A27,95.0,680
2026-09-08T04:30:32Z,2026-09-08T06:24:00.000+02:00,A0022012420,A22,93.0,1600
2026-09-08T04:30:32Z,2026-09-08T06:24:00.000+02:00,A0027010430,A27,96.0,730
2026-09-08T04:30:32Z,2026-09-08T06:24:00.000+02:00,A0023020710,A23,97.0,2040
2026-09-08T04:30:32Z,2026-09-08T06:24:00.000+02:00,A0022012430,A22,92.0,1540
2026-09-08T04:30:32Z,2026-09-08T06:24:00.000+02:00,A0025012160,A25,121.0,1120
2026-09-08T04:30:32Z,2026-09-08T06:24:00.000+02:00,A9022021200,A22 (rocade),59.0,210
2026-09-08T04:30:32Z,2026-09-08T06:24:00.000+02:00,A0001021100,A1,89.0,1950
2026-09-08T04:30:32Z,2026-09-08T06:24:00.000+02:00,A9022101000,A22 (rocade),68.0,270
2026-09-08T04:30:32Z,2026-09-08T06:24:00.000+02:00,A0025013020,A25,108.0,880
2026-09-08T04:30:32Z,2026-09-08T06:24:00.000+02:00,A0027010410,A27,95.0,680
2026-09-08T04:30:32Z,2026-09-08T06:24:00.000+02:00,A0022012410,A22,93.0,1590
2026-09-08T04:30:32Z,2026-09-08T06:24:00.000+02:00,A0001A20112,A1,91.0,1280
2026-09-08T04:30:32Z,2026-09-08T06:24:00.000+02:00,A0001A20111,A1,85.0,650
2026-09-08T04:30:32Z,2026-09-08T06:24:00.000+02:00,A0025010320,A25,81.0,1890
2026-09-08T04:30:32Z,2026-09-08T06:24:00.000+02:00,A0001021521,A1,86.0,1620
2026-09-08T04:30:32Z,2026-09-08T06:24:00.000+02:00,A0025022540,A25,108.0,2170
2026-09-08T04:30:32Z,2026-09-08T06:24:00.000+02:00,A0025022300,A25,108.0,1840
2026-09-08T04:30:32Z,2026-09-08T06:24:00.000+02:00,N0356021000,N356,74.0,1660
2026-09-08T04:30:32Z,2026-09-08T06:24:00.000+02:00,A22TC010102,A22 (contournement),84.0,1270
2026-09-08T04:30:32Z,2026-09-08T06:24:00.000+02:00,A0001011503,A1,86.0,3770
2026-09-08T04:30:32Z,2026-09-08T06:24:00.000+02:00,A0022012200,A22,83.0,1470
2026-09-08T04:30:32Z,2026-09-08T06:24:00.000+02:00,A0001A20120,A1,89.0,1210
2026-09-08T04:30:32Z,2026-09-08T06:24:00.000+02:00,A22TC020102,A22 (contournement),84.0,1390
2026-09-08T04:30:32Z,2026-09-08T06:24:00.000+02:00,A22TC010300,A22 (contournement),82.0,1190
2026-09-08T04:30:32Z,2026-09-08T06:24:00.000+02:00,A0022012010,A22,83.0,880
2026-09-08T04:30:32Z,2026-09-08T06:24:00.000+02:00,A0022012020,A22,83.0,880
2026-09-08T04:30:32Z,2026-09-08T06:24:00.000+02:00,A0025022130,A25,114.0,2930
2026-09-08T04:30:32Z,2026-09-08T06:24:00.000+02:00,A0023010520,A23,106.0,720
2026-09-08T04:30:32Z,2026-09-08T06:24:00.000+02:00,N0041020800,N41,92.0,570
2026-09-08T04:30:32Z,2026-09-08T06:24:00.000+02:00,A0025010500,A25,71.0,1410
2026-09-08T04:30:32Z,2026-09-08T06:24:00.000+02:00,A0022020901,A22,77.0,1320
2026-09-08T04:30:32Z,2026-09-08T06:24:00.000+02:00,A0022020902,A22,77.0,1500
2026-09-08T04:30:32Z,2026-09-08T06:24:00.000+02:00,A0025020310,A25,74.0,2280
2026-09-08T04:30:32Z,2026-09-08T06:24:00.000+02:00,A0022021810,A22,81.0,1680
2026-09-08T04:30:32Z,2026-09-08T06:24:00.000+02:00,N0356011100,N356,73.0,1490
2026-09-08T04:30:32Z,2026-09-08T06:24:00.000+02:00,A0022021820,A22,81.0,1680
2026-09-08T04:30:32Z,2026-09-08T06:24:00.000+02:00,N0356020802,N356,74.0,1950
2026-09-08T04:30:32Z,2026-09-08T06:24:00.000+02:00,A0025020102,A25,75.0,460
2026-09-08T04:30:32Z,2026-09-08T06:24:00.000+02:00,A0025010310,A25,76.0,1880
2026-09-08T04:30:32Z,2026-09-08T06:24:00.000+02:00,A0023010100,A23,93.0,110
2026-09-08T04:30:32Z,2026-09-08T06:24:00.000+02:00,A0025022530,A25,109.0,2100
2026-09-08T04:30:32Z,2026-09-08T06:24:00.000+02:00,A9001210200,A1 (bretelle),71.0,680
2026-09-08T04:30:32Z,2026-09-08T06:24:00.000+02:00,A0022010700,A22,79.0,990
2026-09-08T04:30:32Z,2026-09-08T06:24:00.000+02:00,N0041020400,N41,88.0,780
2026-09-08T04:30:32Z,2026-09-08T06:24:00.000+02:00,A0023020720,A23,103.0,2220
2026-09-08T04:30:32Z,2026-09-08T06:24:00.000+02:00,A0022020500,A22,77.0,790
2026-09-08T04:30:32Z,2026-09-08T06:24:00.000+02:00,N93563b0150,N356 (bretelle),65.0,20
2026-09-08T04:30:32Z,2026-09-08T06:24:00.000+02:00,A0025020950,A25,90.0,3450
2026-09-08T04:30:32Z,2026-09-08T06:24:00.000+02:00,A0023020300,A23,79.0,780
2026-09-08T04:30:32Z,2026-09-08T06:24:00.000+02:00,A0001011000,A1,81.0,3550
2026-09-08T04:30:32Z,2026-09-08T06:24:00.000+02:00,A0027020500,A27,87.0,510
2026-09-08T04:30:32Z,2026-09-08T06:24:00.000+02:00,N0356011500,N356,71.0,1570
2026-09-08T04:30:32Z,2026-09-08T06:24:00.000+02:00,A0001010150,A1,95.0,4420
2026-09-08T04:30:32Z,2026-09-08T06:24:00.000+02:00,N0356020400,N356,65.0,910
2026-09-08T04:30:32Z,2026-09-08T06:24:00.000+02:00,N0041020600,N41,97.0,500
2026-09-08T04:30:32Z,2026-09-08T06:24:00.000+02:00,A0025010700,A25,74.0,910
2026-09-08T04:30:32Z,2026-09-08T06:24:00.000+02:00,A0002011230,A2,106.0,1770
2026-09-08T04:30:32Z,2026-09-08T06:24:00.000+02:00,A0025020500,A25,73.0,2220
2026-09-08T04:30:32Z,2026-09-08T06:24:00.000+02:00,A0002021290,A2,100.0,1520
2026-09-08T04:30:32Z,2026-09-08T06:24:00.000+02:00,A0022011600,A22,84.0,820
2026-09-08T04:41:03Z,2026-09-08T06:30:00.000+02:00,A0001011200,A1,78.0,4090
2026-09-08T04:41:03Z,2026-09-08T06:30:00.000+02:00,A0027010102,A27,83.0,1840
2026-09-08T04:41:03Z,2026-09-08T06:30:00.000+02:00,N0041010100,N41,85.0,1580
2026-09-08T04:41:03Z,2026-09-08T06:30:00.000+02:00,A0027010101,A27,83.0,1840
2026-09-08T04:41:03Z,2026-09-08T06:30:00.000+02:00,A9022010250,A22 (rocade),85.0,400
2026-09-08T04:41:03Z,2026-09-08T06:30:00.000+02:00,A0001020150,A1,101.0,1980
2026-09-08T04:41:03Z,2026-09-08T06:30:00.000+02:00,N0356011700,N356,76.0,1630
2026-09-08T04:41:03Z,2026-09-08T06:30:00.000+02:00,N0356021300,N356,68.0,2040
2026-09-08T04:41:03Z,2026-09-08T06:30:00.000+02:00,A0022011400,A22,79.0,380
2026-09-08T04:41:03Z,2026-09-08T06:30:00.000+02:00,A0027010300,A27,87.0,530
2026-09-08T04:41:03Z,2026-09-08T06:30:00.000+02:00,A9022020250,A22 (rocade),54.0,720
2026-09-08T04:41:03Z,2026-09-08T06:30:00.000+02:00,N0041010300,N41,87.0,2810
2026-09-08T04:41:03Z,2026-09-08T06:30:00.000+02:00,A0022011210,A22,77.0,330
2026-09-08T04:41:03Z,2026-09-08T06:30:00.000+02:00,A0027020100,A27,72.0,600
2026-09-08T04:41:03Z,2026-09-08T06:30:00.000+02:00,A0001010300,A1,89.0,4880
2026-09-08T04:41:03Z,2026-09-08T06:30:00.000+02:00,A0022011220,A22,77.0,330
2026-09-08T04:41:03Z,2026-09-08T06:30:00.000+02:00,N0227021400,N227,17.0,20
2026-09-08T04:41:03Z,2026-09-08T06:30:00.000+02:00,A9022101110,A22 (rocade),79.0,790
2026-09-08T04:41:03Z,2026-09-08T06:30:00.000+02:00,A0022022110,A22,85.0,2090
2026-09-08T04:41:03Z,2026-09-08T06:30:00.000+02:00,A0001011420,A1,78.0,2910
2026-09-08T04:41:03Z,2026-09-08T06:30:00.000+02:00,N0356010800,N356,73.0,2020
2026-09-08T04:41:03Z,2026-09-08T06:30:00.000+02:00,A9001210710,A1 (bretelle),73.0,190
2026-09-08T04:41:03Z,2026-09-08T06:30:00.000+02:00,N0356021110,N356,75.0,2140
2026-09-08T04:41:03Z,2026-09-08T06:30:00.000+02:00,A0001010510,A1,89.0,4320
2026-09-08T04:41:03Z,2026-09-08T06:30:00.000+02:00,N0356021122,N356,66.0,2150
2026-09-08T04:41:03Z,2026-09-08T06:30:00.000+02:00,N0356021121,N356,75.0,2140
2026-09-08T04:41:03Z,2026-09-08T06:30:00.000+02:00,A0025010210,A25,75.0,3070
2026-09-08T04:41:03Z,2026-09-08T06:30:00.000+02:00,A0025011300,A25,86.0,830
2026-09-08T04:41:03Z,2026-09-08T06:30:00.000+02:00,A0001020300,A1,101.0,1890
2026-09-08T04:41:03Z,2026-09-08T06:30:00.000+02:00,A0025021100,A25,90.0,2470
2026-09-08T04:41:03Z,2026-09-08T06:30:00.000+02:00,A0025023520,A25,107.0,1240
2026-09-08T04:41:03Z,2026-09-08T06:30:00.000+02:00,A0022022130,A22,79.0,2030
2026-09-08T04:41:03Z,2026-09-08T06:30:00.000+02:00,A0025010220,A25,75.0,3070
2026-09-08T04:41:03Z,2026-09-08T06:30:00.000+02:00,A0022022120,A22,88.0,2110
2026-09-08T04:41:03Z,2026-09-08T06:30:00.000+02:00,A0001010520,A1,92.0,4790
2026-09-08T04:41:03Z,2026-09-08T06:30:00.000+02:00,A0022011000,A22,75.0,1400
2026-09-08T04:41:03Z,2026-09-08T06:30:00.000+02:00,A0001020510,A1,99.0,2050
2026-09-08T04:41:03Z,2026-09-08T06:30:00.000+02:00,A0001021602,A1,85.0,3410
2026-09-08T04:41:03Z,2026-09-08T06:30:00.000+02:00,A22TC020222,A22 (contournement),87.0,1900
2026-09-08T04:41:03Z,2026-09-08T06:30:00.000+02:00,A0001010940,A1,93.0,4880
2026-09-08T04:41:03Z,2026-09-08T06:30:00.000+02:00,A0025023320,A25,106.0,2060
2026-09-08T04:41:03Z,2026-09-08T06:30:00.000+02:00,A0001020520,A1,95.0,2140
2026-09-08T04:41:03Z,2026-09-08T06:30:00.000+02:00,A0025023100,A25,104.0,1720
2026-09-08T04:41:03Z,2026-09-08T06:30:00.000+02:00,A22TC020230,A22 (contournement),87.0,1900
2026-09-08T04:41:03Z,2026-09-08T06:30:00.000+02:00,A0025021730,A25,78.0,3560
2026-09-08T04:41:03Z,2026-09-08T06:30:00.000+02:00,A0025023910,A25,111.0,930
2026-09-08T04:41:03Z,2026-09-08T06:30:00.000+02:00,A0025021735,A25,91.0,3640
2026-09-08T04:41:03Z,2026-09-08T06:30:00.000+02:00,A0023010400,A23,100.0,870
2026-09-08T04:41:03Z,2026-09-08T06:30:00.000+02:00,A0022021900,A22,81.0,1670
2026-09-08T04:41:03Z,2026-09-08T06:30:00.000+02:00,A9022100500,A22 (rocade),82.0,1030
2026-09-08T04:41:03Z,2026-09-08T06:30:00.000+02:00,A0001020940,A1,90.0,2500
2026-09-08T04:41:03Z,2026-09-08T06:30:00.000+02:00,A0001020700,A1,92.0,1760
2026-09-08T04:41:03Z,2026-09-08T06:30:00.000+02:00,A9022020830,A22 (rocade),91.0,120
2026-09-08T04:41:03Z,2026-09-08T06:30:00.000+02:00,A9022020822,A22 (rocade),83.0,1110
2026-09-08T04:41:03Z,2026-09-08T06:30:00.000+02:00,A9022020821,A22 (rocade),83.0,1110
2026-09-08T04:41:03Z,2026-09-08T06:30:00.000+02:00,A0025020420,A25,71.0,3240
2026-09-08T04:41:03Z,2026-09-08T06:30:00.000+02:00,A0025021510,A25,90.0,2210
2026-09-08T04:41:03Z,2026-09-08T06:30:00.000+02:00,N0227010100,N227,67.0,780
2026-09-08T04:41:03Z,2026-09-08T06:30:00.000+02:00,A0025011720,A25,97.0,1390
2026-09-08T04:41:03Z,2026-09-08T06:30:00.000+02:00,A0025021760,A25,78.0,3660
2026-09-08T04:41:03Z,2026-09-08T06:30:00.000+02:00,A0025011730,A25,85.0,1360
2026-09-08T04:41:03Z,2026-09-08T06:30:00.000+02:00,A0025011735,A25,97.0,1330
2026-09-08T04:41:03Z,2026-09-08T06:30:00.000+02:00,A9025080700,A25 (bretelle),,820
2026-09-08T04:41:03Z,2026-09-08T06:30:00.000+02:00,A9022100930,A22 (rocade),65.0,40
2026-09-08T04:41:03Z,2026-09-08T06:30:00.000+02:00,N0356011220,N356,72.0,1900
2026-09-08T04:41:03Z,2026-09-08T06:30:00.000+02:00,A0025011740,A25,85.0,1300
2026-09-08T04:41:03Z,2026-09-08T06:30:00.000+02:00,A0025010410,A25,68.0,2690
2026-09-08T04:41:03Z,2026-09-08T06:30:00.000+02:00,A0023010200,A23,103.0,1350
2026-09-08T04:41:03Z,2026-09-08T06:30:00.000+02:00,A9001210120,A1 (bretelle),80.0,500
2026-09-08T04:41:03Z,2026-09-08T06:30:00.000+02:00,A0025020210,A25,75.0,3310
2026-09-08T04:41:03Z,2026-09-08T06:30:00.000+02:00,N0356011210,N356,72.0,1900
2026-09-08T04:41:03Z,2026-09-08T06:30:00.000+02:00,A0025011510,A25,88.0,1110
2026-09-08T04:41:03Z,2026-09-08T06:30:00.000+02:00,A0025020220,A25,75.0,3310
2026-09-08T04:41:03Z,2026-09-08T06:30:00.000+02:00,N0227010302,N227,76.0,1820
2026-09-08T04:41:03Z,2026-09-08T06:30:00.000+02:00,N0041010500,N41,93.0,2540
2026-09-08T04:41:03Z,2026-09-08T06:30:00.000+02:00,N0227020101,N227,74.0,1790
2026-09-08T04:41:03Z,2026-09-08T06:30:00.000+02:00,A9022100110,A22 (rocade),70.0,330
2026-09-08T04:41:03Z,2026-09-08T06:30:00.000+02:00,A0022010400,A22,73.0,1710
2026-09-08T04:41:03Z,2026-09-08T06:30:00.000+02:00,N0356010302,N356,75.0,3480
2026-09-08T04:41:03Z,2026-09-08T06:30:00.000+02:00,A0025010800,A25,76.0,1570
2026-09-08T04:41:03Z,2026-09-08T06:30:00.000+02:00,A0027020621,A27,92.0,690
2026-09-08T04:41:03Z,2026-09-08T06:30:00.000+02:00,N0041010700,N41,89.0,710
2026-09-08T04:41:03Z,2026-09-08T06:30:00.000+02:00,A0027020630,A27,94.0,750
2026-09-08T04:41:03Z,2026-09-08T06:30:00.000+02:00,A0022021512,A22,78.0,1420
2026-09-08T04:41:03Z,2026-09-08T06:30:00.000+02:00,A0022021511,A22,79.0,1450
2026-09-08T04:41:03Z,2026-09-08T06:30:00.000+02:00,A0027020610,A27,92.0,690
2026-09-08T04:41:03Z,2026-09-08T06:30:00.000+02:00,A0025021720,A25,89.0,3520
2026-09-08T04:41:03Z,2026-09-08T06:30:00.000+02:00,A0022021520,A22,78.0,1420
2026-09-08T04:41:03Z,2026-09-08T06:30:00.000+02:00,A0025022140,A25,99.0,3190
2026-09-08T04:41:03Z,2026-09-08T06:30:00.000+02:00,A0022011302,A22,78.0,980
2026-09-08T04:41:03Z,2026-09-08T06:30:00.000+02:00,A0025022160,A25,94.0,3300
2026-09-08T04:41:03Z,2026-09-08T06:30:00.000+02:00,A9025060104,A25 (bretelle),72.0,1690
2026-09-08T04:41:03Z,2026-09-08T06:30:00.000+02:00,A0027010201,A27,87.0,1340
2026-09-08T04:41:03Z,2026-09-08T06:30:00.000+02:00,A0027010202,A27,72.0,570
2026-09-08T04:41:03Z,2026-09-08T06:30:00.000+02:00,N9227110110,N227 (bretelle),74.0,560
2026-09-08T04:41:03Z,2026-09-08T06:30:00.000+02:00,A0025012130,A25,96.0,620
2026-09-08T04:41:03Z,2026-09-08T06:30:00.000+02:00,A0027010210,A27,72.0,570
2026-09-08T04:41:03Z,2026-09-08T06:30:00.000+02:00,A0025011050,A25,85.0,830
2026-09-08T04:41:03Z,2026-09-08T06:30:00.000+02:00,A0025012140,A25,106.0,1010
2026-09-08T04:41:03Z,2026-09-08T06:30:00.000+02:00,A0027010421,A27,93.0,680
2026-09-08T04:41:03Z,2026-09-08T06:30:00.000+02:00,A0022012420,A22,95.0,1560
2026-09-08T04:41:03Z,2026-09-08T06:30:00.000+02:00,A0027010430,A27,97.0,680
2026-09-08T04:41:03Z,2026-09-08T06:30:00.000+02:00,A0023020710,A23,103.0,2080
2026-09-08T04:41:03Z,2026-09-08T06:30:00.000+02:00,A0022012430,A22,90.0,1440
2026-09-08T04:41:03Z,2026-09-08T06:30:00.000+02:00,A0025012160,A25,121.0,1060
2026-09-08T04:41:03Z,2026-09-08T06:30:00.000+02:00,A9022021200,A22 (rocade),63.0,230
2026-09-08T04:41:03Z,2026-09-08T06:30:00.000+02:00,A0001021100,A1,90.0,2070
2026-09-08T04:41:03Z,2026-09-08T06:30:00.000+02:00,A9022101000,A22 (rocade),74.0,280
2026-09-08T04:41:03Z,2026-09-08T06:30:00.000+02:00,A0025013020,A25,109.0,1030
2026-09-08T04:41:03Z,2026-09-08T06:30:00.000+02:00,A0027010410,A27,93.0,680
2026-09-08T04:41:03Z,2026-09-08T06:30:00.000+02:00,A0022012410,A22,96.0,1540
2026-09-08T04:41:03Z,2026-09-08T06:30:00.000+02:00,A0001A20112,A1,89.0,1580
2026-09-08T04:41:03Z,2026-09-08T06:30:00.000+02:00,A0001A20111,A1,94.0,910
2026-09-08T04:41:03Z,2026-09-08T06:30:00.000+02:00,A0025010320,A25,78.0,2050
2026-09-08T04:41:03Z,2026-09-08T06:30:00.000+02:00,A0001021521,A1,85.0,1980
2026-09-08T04:41:03Z,2026-09-08T06:30:00.000+02:00,A0025022540,A25,102.0,2360
2026-09-08T04:41:03Z,2026-09-08T06:30:00.000+02:00,A0025022300,A25,100.0,1900
2026-09-08T04:41:03Z,2026-09-08T06:30:00.000+02:00,N0356021000,N356,75.0,2070
2026-09-08T04:41:03Z,2026-09-08T06:30:00.000+02:00,A22TC010102,A22 (contournement),84.0,1400
2026-09-08T04:41:03Z,2026-09-08T06:30:00.000+02:00,A0001011503,A1,84.0,4740
2026-09-08T04:41:03Z,2026-09-08T06:30:00.000+02:00,A0022012200,A22,85.0,1420
2026-09-08T04:41:03Z,2026-09-08T06:30:00.000+02:00,A0001A20120,A1,83.0,1630
2026-09-08T04:41:03Z,2026-09-08T06:30:00.000+02:00,A22TC020102,A22 (contournement),85.0,1640
2026-09-08T04:41:03Z,2026-09-08T06:30:00.000+02:00,A22TC010300,A22 (contournement),78.0,1300
2026-09-08T04:41:03Z,2026-09-08T06:30:00.000+02:00,A0022012010,A22,84.0,1040
2026-09-08T04:41:03Z,2026-09-08T06:30:00.000+02:00,A0022012020,A22,84.0,1040
2026-09-08T04:41:03Z,2026-09-08T06:30:00.000+02:00,A0025022130,A25,109.0,3250
2026-09-08T04:41:03Z,2026-09-08T06:30:00.000+02:00,A0023010520,A23,105.0,860
2026-09-08T04:41:03Z,2026-09-08T06:30:00.000+02:00,N0041020800,N41,90.0,800
2026-09-08T04:41:03Z,2026-09-08T06:30:00.000+02:00,A0025010500,A25,69.0,1630
2026-09-08T04:41:03Z,2026-09-08T06:30:00.000+02:00,A0022020901,A22,82.0,1220
2026-09-08T04:41:03Z,2026-09-08T06:30:00.000+02:00,A0022020902,A22,82.0,1160
2026-09-08T04:41:03Z,2026-09-08T06:30:00.000+02:00,A0025020310,A25,71.0,2500
2026-09-08T04:41:03Z,2026-09-08T06:30:00.000+02:00,A0022021810,A22,80.0,1420
2026-09-08T04:41:03Z,2026-09-08T06:30:00.000+02:00,N0356011100,N356,71.0,1800
2026-09-08T04:41:03Z,2026-09-08T06:30:00.000+02:00,A0022021820,A22,80.0,1420
2026-09-08T04:41:03Z,2026-09-08T06:30:00.000+02:00,N0356020802,N356,74.0,2220
2026-09-08T04:41:03Z,2026-09-08T06:30:00.000+02:00,A0025020102,A25,76.0,160
2026-09-08T04:41:03Z,2026-09-08T06:30:00.000+02:00,A0025010310,A25,75.0,2430
2026-09-08T04:41:03Z,2026-09-08T06:30:00.000+02:00,A0023010100,A23,96.0,160
2026-09-08T04:41:03Z,2026-09-08T06:30:00.000+02:00,A0025022530,A25,104.0,2220
2026-09-08T04:41:03Z,2026-09-08T06:30:00.000+02:00,A9001210200,A1 (bretelle),69.0,730
2026-09-08T04:41:03Z,2026-09-08T06:30:00.000+02:00,A0022010700,A22,79.0,1390
2026-09-08T04:41:03Z,2026-09-08T06:30:00.000+02:00,N0041020400,N41,86.0,1000
2026-09-08T04:41:03Z,2026-09-08T06:30:00.000+02:00,A0023020720,A23,108.0,2040
2026-09-08T04:41:03Z,2026-09-08T06:30:00.000+02:00,A0022020500,A22,82.0,870
2026-09-08T04:41:03Z,2026-09-08T06:30:00.000+02:00,N93563b0150,N356 (bretelle),74.0,40
2026-09-08T04:41:03Z,2026-09-08T06:30:00.000+02:00,A0025020950,A25,88.0,3800
2026-09-08T04:41:03Z,2026-09-08T06:30:00.000+02:00,A0023020300,A23,87.0,920
2026-09-08T04:41:03Z,2026-09-08T06:30:00.000+02:00,A0001011000,A1,82.0,3980
2026-09-08T04:41:03Z,2026-09-08T06:30:00.000+02:00,A0027020500,A27,90.0,580
2026-09-08T04:41:03Z,2026-09-08T06:30:00.000+02:00,N0356011500,N356,66.0,1990
2026-09-08T04:41:03Z,2026-09-08T06:30:00.000+02:00,A0001010150,A1,90.0,4980
2026-09-08T04:41:03Z,2026-09-08T06:30:00.000+02:00,N0356020400,N356,70.0,980
2026-09-08T04:41:03Z,2026-09-08T06:30:00.000+02:00,N0041020600,N41,92.0,640
2026-09-08T04:41:03Z,2026-09-08T06:30:00.000+02:00,A0025010700,A25,75.0,1010
2026-09-08T04:41:03Z,2026-09-08T06:30:00.000+02:00,A0002011230,A2,102.0,2030
2026-09-08T04:41:03Z,2026-09-08T06:30:00.000+02:00,A0025020500,A25,72.0,2650
2026-09-08T04:41:03Z,2026-09-08T06:30:00.000+02:00,A0002021290,A2,105.0,1720
2026-09-08T04:41:03Z,2026-09-08T06:30:00.000+02:00,A0022011600,A22,80.0,1120
2026-09-08T04:50:28Z,2026-09-08T06:42:00.000+02:00,A0001011200,A1,75.0,4830
2026-09-08T04:50:28Z,2026-09-08T06:42:00.000+02:00,A0027010102,A27,87.0,2450
2026-09-08T04:50:28Z,2026-09-08T06:42:00.000+02:00,N0041010100,N41,82.0,2200
2026-09-08T04:50:28Z,2026-09-08T06:42:00.000+02:00,A0027010101,A27,87.0,2450
2026-09-08T04:50:28Z,2026-09-08T06:42:00.000+02:00,A9022010250,A22 (rocade),83.0,440
2026-09-08T04:50:28Z,2026-09-08T06:42:00.000+02:00,A0001020150,A1,99.0,2040
2026-09-08T04:50:28Z,2026-09-08T06:42:00.000+02:00,N0356011700,N356,73.0,1910
2026-09-08T04:50:28Z,2026-09-08T06:42:00.000+02:00,N9227110200,N227 (bretelle),78.0,20
2026-09-08T04:50:28Z,2026-09-08T06:42:00.000+02:00,N0356021300,N356,66.0,2190
2026-09-08T04:50:28Z,2026-09-08T06:42:00.000+02:00,A0022011400,A22,74.0,630
2026-09-08T04:50:28Z,2026-09-08T06:42:00.000+02:00,A0027010300,A27,91.0,520
2026-09-08T04:50:28Z,2026-09-08T06:42:00.000+02:00,A9022020250,A22 (rocade),40.0,1160
2026-09-08T04:50:28Z,2026-09-08T06:42:00.000+02:00,N0041010300,N41,80.0,3590
2026-09-08T04:50:28Z,2026-09-08T06:42:00.000+02:00,A0022011210,A22,80.0,590
2026-09-08T04:50:28Z,2026-09-08T06:42:00.000+02:00,A0027020100,A27,75.0,630
2026-09-08T04:50:28Z,2026-09-08T06:42:00.000+02:00,A0001010300,A1,73.0,4700
2026-09-08T04:50:28Z,2026-09-08T06:42:00.000+02:00,A0022011220,A22,80.0,590
2026-09-08T04:50:28Z,2026-09-08T06:42:00.000+02:00,N0227021400,N227,28.0,60
2026-09-08T04:50:28Z,2026-09-08T06:42:00.000+02:00,A9022101110,A22 (rocade),79.0,1030
2026-09-08T04:50:28Z,2026-09-08T06:42:00.000+02:00,A0022022110,A22,82.0,2790
2026-09-08T04:50:28Z,2026-09-08T06:42:00.000+02:00,A0001011420,A1,78.0,3200
2026-09-08T04:50:28Z,2026-09-08T06:42:00.000+02:00,N0356010800,N356,73.0,2520
2026-09-08T04:50:28Z,2026-09-08T06:42:00.000+02:00,A9001210710,A1 (bretelle),70.0,70
2026-09-08T04:50:28Z,2026-09-08T06:42:00.000+02:00,N0356021110,N356,74.0,2200
2026-09-08T04:50:28Z,2026-09-08T06:42:00.000+02:00,A0001010510,A1,73.0,4440
2026-09-08T04:50:28Z,2026-09-08T06:42:00.000+02:00,N0356021122,N356,66.0,2340
2026-09-08T04:50:28Z,2026-09-08T06:42:00.000+02:00,N0356021121,N356,74.0,2200
2026-09-08T04:50:28Z,2026-09-08T06:42:00.000+02:00,A0025010210,A25,76.0,3520
2026-09-08T04:50:28Z,2026-09-08T06:42:00.000+02:00,A0025011300,A25,86.0,1010
2026-09-08T04:50:28Z,2026-09-08T06:42:00.000+02:00,A0001020300,A1,100.0,1900
2026-09-08T04:50:28Z,2026-09-08T06:42:00.000+02:00,A0025021100,A25,93.0,2420
2026-09-08T04:50:28Z,2026-09-08T06:42:00.000+02:00,A0025023520,A25,109.0,1220
2026-09-08T04:50:28Z,2026-09-08T06:42:00.000+02:00,A0022022130,A22,75.0,2790
2026-09-08T04:50:28Z,2026-09-08T06:42:00.000+02:00,A0025010220,A25,76.0,3520
2026-09-08T04:50:28Z,2026-09-08T06:42:00.000+02:00,A0022022120,A22,88.0,2820
2026-09-08T04:50:28Z,2026-09-08T06:42:00.000+02:00,A0001010520,A1,78.0,4790
2026-09-08T04:50:28Z,2026-09-08T06:42:00.000+02:00,A0022011000,A22,80.0,2340
2026-09-08T04:50:28Z,2026-09-08T06:42:00.000+02:00,A0001020510,A1,98.0,2020
2026-09-08T04:50:28Z,2026-09-08T06:42:00.000+02:00,A0001021602,A1,84.0,3850
2026-09-08T04:50:28Z,2026-09-08T06:42:00.000+02:00,A22TC020222,A22 (contournement),86.0,2720
2026-09-08T04:50:28Z,2026-09-08T06:42:00.000+02:00,A0001010940,A1,84.0,5170
2026-09-08T04:50:28Z,2026-09-08T06:42:00.000+02:00,A0025023320,A25,108.0,2120
2026-09-08T04:50:28Z,2026-09-08T06:42:00.000+02:00,A0001020520,A1,96.0,2110
2026-09-08T04:50:28Z,2026-09-08T06:42:00.000+02:00,A0025023100,A25,102.0,2190
2026-09-08T04:50:28Z,2026-09-08T06:42:00.000+02:00,A22TC020230,A22 (contournement),86.0,2720
2026-09-08T04:50:28Z,2026-09-08T06:42:00.000+02:00,A0025021730,A25,66.0,3480
2026-09-08T04:50:28Z,2026-09-08T06:42:00.000+02:00,A0025023910,A25,112.0,960
2026-09-08T04:50:28Z,2026-09-08T06:42:00.000+02:00,A0025021735,A25,77.0,3650
2026-09-08T04:50:28Z,2026-09-08T06:42:00.000+02:00,A0023010400,A23,100.0,910
2026-09-08T04:50:28Z,2026-09-08T06:42:00.000+02:00,A0022021900,A22,80.0,2180
2026-09-08T04:50:28Z,2026-09-08T06:42:00.000+02:00,A9022100500,A22 (rocade),80.0,990
2026-09-08T04:50:28Z,2026-09-08T06:42:00.000+02:00,A0001020940,A1,89.0,2490
2026-09-08T04:50:28Z,2026-09-08T06:42:00.000+02:00,A0001020700,A1,94.0,1740
2026-09-08T04:50:28Z,2026-09-08T06:42:00.000+02:00,A9022020830,A22 (rocade),89.0,190
2026-09-08T04:50:28Z,2026-09-08T06:42:00.000+02:00,A9022020822,A22 (rocade),78.0,990
2026-09-08T04:50:28Z,2026-09-08T06:42:00.000+02:00,A9022020821,A22 (rocade),78.0,990
2026-09-08T04:50:28Z,2026-09-08T06:42:00.000+02:00,A0025020420,A25,71.0,3890
2026-09-08T04:50:28Z,2026-09-08T06:42:00.000+02:00,A0025021510,A25,87.0,2080
2026-09-08T04:50:28Z,2026-09-08T06:42:00.000+02:00,N0227010100,N227,65.0,1400
2026-09-08T04:50:28Z,2026-09-08T06:42:00.000+02:00,A0025011720,A25,98.0,1800
2026-09-08T04:50:28Z,2026-09-08T06:42:00.000+02:00,A0025021760,A25,60.0,3980
2026-09-08T04:50:28Z,2026-09-08T06:42:00.000+02:00,A0025011730,A25,87.0,1830
2026-09-08T04:50:28Z,2026-09-08T06:42:00.000+02:00,A0025011735,A25,99.0,1840
2026-09-08T04:50:28Z,2026-09-08T06:42:00.000+02:00,A9025080700,A25 (bretelle),,1120
2026-09-08T04:50:28Z,2026-09-08T06:42:00.000+02:00,A9022100930,A22 (rocade),73.0,110
2026-09-08T04:50:28Z,2026-09-08T06:42:00.000+02:00,N0356011220,N356,71.0,2390
2026-09-08T04:50:28Z,2026-09-08T06:42:00.000+02:00,A0025011740,A25,83.0,1750
2026-09-08T04:50:28Z,2026-09-08T06:42:00.000+02:00,A0025010410,A25,68.0,3130
2026-09-08T04:50:28Z,2026-09-08T06:42:00.000+02:00,A0023010200,A23,73.0,1390
2026-09-08T04:50:28Z,2026-09-08T06:42:00.000+02:00,A9001210120,A1 (bretelle),75.0,680
2026-09-08T04:50:28Z,2026-09-08T06:42:00.000+02:00,A0025020210,A25,73.0,4350
2026-09-08T04:50:28Z,2026-09-08T06:42:00.000+02:00,N0356011210,N356,71.0,2390
2026-09-08T04:50:28Z,2026-09-08T06:42:00.000+02:00,A0025011510,A25,89.0,1410
2026-09-08T04:50:28Z,2026-09-08T06:42:00.000+02:00,A0025020220,A25,73.0,4350
2026-09-08T04:50:28Z,2026-09-08T06:42:00.000+02:00,N0227010302,N227,72.0,3160
2026-09-08T04:50:28Z,2026-09-08T06:42:00.000+02:00,N0041010500,N41,86.0,3060
2026-09-08T04:50:28Z,2026-09-08T06:42:00.000+02:00,N0227020101,N227,78.0,2140
2026-09-08T04:50:28Z,2026-09-08T06:42:00.000+02:00,A9022100110,A22 (rocade),65.0,800
2026-09-08T04:50:28Z,2026-09-08T06:42:00.000+02:00,A0022010400,A22,70.0,2720
2026-09-08T04:50:28Z,2026-09-08T06:42:00.000+02:00,N0356010302,N356,74.0,4020
2026-09-08T04:50:28Z,2026-09-08T06:42:00.000+02:00,A0025010800,A25,77.0,1900
2026-09-08T04:50:28Z,2026-09-08T06:42:00.000+02:00,A0027020621,A27,94.0,740
2026-09-08T04:50:28Z,2026-09-08T06:42:00.000+02:00,N0041010700,N41,94.0,920
2026-09-08T04:50:28Z,2026-09-08T06:42:00.000+02:00,A0027020630,A27,95.0,730
2026-09-08T04:50:28Z,2026-09-08T06:42:00.000+02:00,A0022021512,A22,81.0,1800
2026-09-08T04:50:28Z,2026-09-08T06:42:00.000+02:00,A0022021511,A22,81.0,1740
2026-09-08T04:50:28Z,2026-09-08T06:42:00.000+02:00,A0027020610,A27,94.0,740
2026-09-08T04:50:28Z,2026-09-08T06:42:00.000+02:00,A0025021720,A25,84.0,3480
2026-09-08T04:50:28Z,2026-09-08T06:42:00.000+02:00,A0022021520,A22,81.0,1800
2026-09-08T04:50:28Z,2026-09-08T06:42:00.000+02:00,A0025022140,A25,80.0,3280
2026-09-08T04:50:28Z,2026-09-08T06:42:00.000+02:00,A0022011302,A22,74.0,1630
2026-09-08T04:50:28Z,2026-09-08T06:42:00.000+02:00,A0025022160,A25,76.0,3420
2026-09-08T04:50:28Z,2026-09-08T06:42:00.000+02:00,A9025060104,A25 (bretelle),72.0,2200
2026-09-08T04:50:28Z,2026-09-08T06:42:00.000+02:00,A0027010201,A27,88.0,1150
2026-09-08T04:50:28Z,2026-09-08T06:42:00.000+02:00,A0027010202,A27,73.0,670
2026-09-08T04:50:28Z,2026-09-08T06:42:00.000+02:00,N9227110110,N227 (bretelle),72.0,1000
2026-09-08T04:50:28Z,2026-09-08T06:42:00.000+02:00,A0025012130,A25,100.0,720
2026-09-08T04:50:28Z,2026-09-08T06:42:00.000+02:00,A0027010210,A27,73.0,670
2026-09-08T04:50:28Z,2026-09-08T06:42:00.000+02:00,A0025011050,A25,93.0,1090
2026-09-08T04:50:28Z,2026-09-08T06:42:00.000+02:00,A0025012140,A25,104.0,1520
2026-09-08T04:50:28Z,2026-09-08T06:42:00.000+02:00,A0027010421,A27,96.0,730
2026-09-08T04:50:28Z,2026-09-08T06:42:00.000+02:00,A0022012420,A22,92.0,2490
2026-09-08T04:50:28Z,2026-09-08T06:42:00.000+02:00,A0027010430,A27,96.0,830
2026-09-08T04:50:28Z,2026-09-08T06:42:00.000+02:00,A0023020710,A23,89.0,3430
2026-09-08T04:50:28Z,2026-09-08T06:42:00.000+02:00,A0022012430,A22,89.0,2260
2026-09-08T04:50:28Z,2026-09-08T06:42:00.000+02:00,A0025012160,A25,118.0,1590
2026-09-08T04:50:28Z,2026-09-08T06:42:00.000+02:00,A9022021200,A22 (rocade),61.0,340
2026-09-08T04:50:28Z,2026-09-08T06:42:00.000+02:00,A0001021100,A1,89.0,2360
2026-09-08T04:50:28Z,2026-09-08T06:42:00.000+02:00,A9022101000,A22 (rocade),76.0,380
2026-09-08T04:50:28Z,2026-09-08T06:42:00.000+02:00,A0025013020,A25,105.0,1220
2026-09-08T04:50:28Z,2026-09-08T06:42:00.000+02:00,A0027010410,A27,96.0,730
2026-09-08T04:50:28Z,2026-09-08T06:42:00.000+02:00,A0022012410,A22,91.0,2500
2026-09-08T04:50:28Z,2026-09-08T06:42:00.000+02:00,A0001A20112,A1,91.0,1770
2026-09-08T04:50:28Z,2026-09-08T06:42:00.000+02:00,A0001A20111,A1,91.0,900
2026-09-08T04:50:28Z,2026-09-08T06:42:00.000+02:00,A0025010320,A25,76.0,2360
2026-09-08T04:50:28Z,2026-09-08T06:42:00.000+02:00,A0001021521,A1,84.0,2290
2026-09-08T04:50:28Z,2026-09-08T06:42:00.000+02:00,A0025022540,A25,100.0,2770
2026-09-08T04:50:28Z,2026-09-08T06:42:00.000+02:00,A0025022300,A25,90.0,2360
2026-09-08T04:50:28Z,2026-09-08T06:42:00.000+02:00,N0356021000,N356,75.0,2040
2026-09-08T04:50:28Z,2026-09-08T06:42:00.000+02:00,A22TC010102,A22 (contournement),82.0,2060
2026-09-08T04:50:28Z,2026-09-08T06:42:00.000+02:00,A0001011503,A1,83.0,5200
2026-09-08T04:50:28Z,2026-09-08T06:42:00.000+02:00,A0022012200,A22,82.0,2220
2026-09-08T04:50:28Z,2026-09-08T06:42:00.000+02:00,A0001A20120,A1,84.0,1770
2026-09-08T04:50:28Z,2026-09-08T06:42:00.000+02:00,A22TC020102,A22 (contournement),88.0,1850
2026-09-08T04:50:28Z,2026-09-08T06:42:00.000+02:00,A22TC010300,A22 (contournement),81.0,1530
2026-09-08T04:50:28Z,2026-09-08T06:42:00.000+02:00,A0022012010,A22,81.0,1590
2026-09-08T04:50:28Z,2026-09-08T06:42:00.000+02:00,A0022012020,A22,81.0,1590
2026-09-08T04:50:28Z,2026-09-08T06:42:00.000+02:00,A0025022130,A25,91.0,3200
2026-09-08T04:50:28Z,2026-09-08T06:42:00.000+02:00,A0023010520,A23,106.0,810
2026-09-08T04:50:28Z,2026-09-08T06:42:00.000+02:00,N0041020800,N41,91.0,710
2026-09-08T04:50:28Z,2026-09-08T06:42:00.000+02:00,A0025010500,A25,70.0,1950
2026-09-08T04:50:28Z,2026-09-08T06:42:00.000+02:00,A0022020901,A22,70.0,2100
2026-09-08T04:50:28Z,2026-09-08T06:42:00.000+02:00,A0022020902,A22,70.0,1620
2026-09-08T04:50:28Z,2026-09-08T06:42:00.000+02:00,A0025020310,A25,71.0,3450
2026-09-08T04:50:28Z,2026-09-08T06:42:00.000+02:00,A0022021810,A22,79.0,1890
2026-09-08T04:50:28Z,2026-09-08T06:42:00.000+02:00,N0356011100,N356,70.0,2340
2026-09-08T04:50:28Z,2026-09-08T06:42:00.000+02:00,A0022021820,A22,79.0,1890
2026-09-08T04:50:28Z,2026-09-08T06:42:00.000+02:00,N0356020802,N356,73.0,2340
2026-09-08T04:50:28Z,2026-09-08T06:42:00.000+02:00,A0025020102,A25,71.0,30
2026-09-08T04:50:28Z,2026-09-08T06:42:00.000+02:00,A0025010310,A25,74.0,2840
2026-09-08T04:50:28Z,2026-09-08T06:42:00.000+02:00,A0023010100,A23,71.0,190
2026-09-08T04:50:28Z,2026-09-08T06:42:00.000+02:00,A0025022530,A25,103.0,2560
2026-09-08T04:50:28Z,2026-09-08T06:42:00.000+02:00,A9001210200,A1 (bretelle),68.0,930
2026-09-08T04:50:28Z,2026-09-08T06:42:00.000+02:00,A0022010700,A22,75.0,2290
2026-09-08T04:50:28Z,2026-09-08T06:42:00.000+02:00,N0041020400,N41,85.0,1140
2026-09-08T04:50:28Z,2026-09-08T06:42:00.000+02:00,A0023020720,A23,95.0,3460
2026-09-08T04:50:28Z,2026-09-08T06:42:00.000+02:00,A0022020500,A22,70.0,1160
2026-09-08T04:50:28Z,2026-09-08T06:42:00.000+02:00,N93563b0150,N356 (bretelle),66.0,50
2026-09-08T04:50:28Z,2026-09-08T06:42:00.000+02:00,A0025020950,A25,89.0,4310
2026-09-08T04:50:28Z,2026-09-08T06:42:00.000+02:00,A0023020300,A23,82.0,1700
2026-09-08T04:50:28Z,2026-09-08T06:42:00.000+02:00,A0001011000,A1,79.0,4600
2026-09-08T04:50:28Z,2026-09-08T06:42:00.000+02:00,A0027020500,A27,87.0,620
2026-09-08T04:50:28Z,2026-09-08T06:42:00.000+02:00,N0356011500,N356,65.0,2340
2026-09-08T04:50:28Z,2026-09-08T06:42:00.000+02:00,A0001010150,A1,46.0,4720
2026-09-08T04:50:28Z,2026-09-08T06:42:00.000+02:00,N0356020400,N356,58.0,1210
2026-09-08T04:50:28Z,2026-09-08T06:42:00.000+02:00,N0041020600,N41,96.0,620
2026-09-08T04:50:28Z,2026-09-08T06:42:00.000+02:00,A0025010700,A25,72.0,1170
2026-09-08T04:50:28Z,2026-09-08T06:42:00.000+02:00,A0002011230,A2,105.0,2320
2026-09-08T04:50:28Z,2026-09-08T06:42:00.000+02:00,A0025020500,A25,72.0,3170
2026-09-08T04:50:28Z,2026-09-08T06:42:00.000+02:00,A0002021290,A2,99.0,1860
2026-09-08T04:50:28Z,2026-09-08T06:42:00.000+02:00,A0022011600,A22,79.0,1590
2026-09-08T05:00:34Z,2026-09-08T06:54:00.000+02:00,A0001011200,A1,71.0,4820
2026-09-08T05:00:34Z,2026-09-08T06:54:00.000+02:00,A0027010102,A27,87.0,2510
2026-09-08T05:00:34Z,2026-09-08T06:54:00.000+02:00,N0041010100,N41,79.0,2260
2026-09-08T05:00:34Z,2026-09-08T06:54:00.000+02:00,A0027010101,A27,87.0,2510
2026-09-08T05:00:34Z,2026-09-08T06:54:00.000+02:00,A9022010250,A22 (rocade),85.0,550
2026-09-08T05:00:34Z,2026-09-08T06:54:00.000+02:00,A0001020150,A1,105.0,2290
2026-09-08T05:00:34Z,2026-09-08T06:54:00.000+02:00,N0356011700,N356,75.0,2150
2026-09-08T05:00:34Z,2026-09-08T06:54:00.000+02:00,N0356021300,N356,65.0,3120
2026-09-08T05:00:34Z,2026-09-08T06:54:00.000+02:00,A0022011400,A22,77.0,640
2026-09-08T05:00:34Z,2026-09-08T06:54:00.000+02:00,A0027010300,A27,90.0,700
2026-09-08T05:00:34Z,2026-09-08T06:54:00.000+02:00,A9022020250,A22 (rocade),29.0,790
2026-09-08T05:00:34Z,2026-09-08T06:54:00.000+02:00,N0041010300,N41,51.0,3470
2026-09-08T05:00:34Z,2026-09-08T06:54:00.000+02:00,A0022011210,A22,78.0,740
2026-09-08T05:00:34Z,2026-09-08T06:54:00.000+02:00,A0027020100,A27,74.0,790
2026-09-08T05:00:34Z,2026-09-08T06:54:00.000+02:00,A0001010300,A1,78.0,4350
2026-09-08T05:00:34Z,2026-09-08T06:54:00.000+02:00,A0022011220,A22,78.0,740
2026-09-08T05:00:34Z,2026-09-08T06:54:00.000+02:00,N0227021400,N227,59.0,40
2026-09-08T05:00:34Z,2026-09-08T06:54:00.000+02:00,A9022101110,A22 (rocade),78.0,780
2026-09-08T05:00:34Z,2026-09-08T06:54:00.000+02:00,A0022022110,A22,82.0,3280
2026-09-08T05:00:34Z,2026-09-08T06:54:00.000+02:00,A0001011420,A1,68.0,3550
2026-09-08T05:00:34Z,2026-09-08T06:54:00.000+02:00,N0356010800,N356,74.0,2840
2026-09-08T05:00:34Z,2026-09-08T06:54:00.000+02:00,A9001210710,A1 (bretelle),70.0,350
2026-09-08T05:00:34Z,2026-09-08T06:54:00.000+02:00,N0356021110,N356,73.0,3230
2026-09-08T05:00:34Z,2026-09-08T06:54:00.000+02:00,A0001010510,A1,78.0,3960
2026-09-08T05:00:34Z,2026-09-08T06:54:00.000+02:00,N0356021122,N356,65.0,3310
2026-09-08T05:00:34Z,2026-09-08T06:54:00.000+02:00,N0356021121,N356,73.0,3230
2026-09-08T05:00:34Z,2026-09-08T06:54:00.000+02:00,A0025010210,A25,74.0,4090
2026-09-08T05:00:34Z,2026-09-08T06:54:00.000+02:00,A0025011300,A25,86.0,1040
2026-09-08T05:00:34Z,2026-09-08T06:54:00.000+02:00,A0001020300,A1,105.0,2300
2026-09-08T05:00:34Z,2026-09-08T06:54:00.000+02:00,A0025021100,A25,86.0,2640
2026-09-08T05:00:34Z,2026-09-08T06:54:00.000+02:00,A0025023520,A25,109.0,1180
2026-09-08T05:00:34Z,2026-09-08T06:54:00.000+02:00,A0022022130,A22,73.0,2840
2026-09-08T05:00:34Z,2026-09-08T06:54:00.000+02:00,A0025010220,A25,74.0,4090
2026-09-08T05:00:34Z,2026-09-08T06:54:00.000+02:00,A0022022120,A22,86.0,3230
2026-09-08T05:00:34Z,2026-09-08T06:54:00.000+02:00,A0001010520,A1,74.0,4330
2026-09-08T05:00:34Z,2026-09-08T06:54:00.000+02:00,A0022011000,A22,79.0,2250
2026-09-08T05:00:34Z,2026-09-08T06:54:00.000+02:00,A0001020510,A1,103.0,2490
2026-09-08T05:00:34Z,2026-09-08T06:54:00.000+02:00,A0001021602,A1,84.0,4460
2026-09-08T05:00:34Z,2026-09-08T06:54:00.000+02:00,A22TC020222,A22 (contournement),84.0,3300
2026-09-08T05:00:34Z,2026-09-08T06:54:00.000+02:00,A0001010940,A1,80.0,5100
2026-09-08T05:00:34Z,2026-09-08T06:54:00.000+02:00,A0025023320,A25,108.0,2200
2026-09-08T05:00:34Z,2026-09-08T06:54:00.000+02:00,A0001020520,A1,99.0,2500
2026-09-08T05:00:34Z,2026-09-08T06:54:00.000+02:00,A0025023100,A25,105.0,1870
2026-09-08T05:00:34Z,2026-09-08T06:54:00.000+02:00,A22TC020230,A22 (contournement),84.0,3300
2026-09-08T05:00:34Z,2026-09-08T06:54:00.000+02:00,A0025021730,A25,62.0,3230
2026-09-08T05:00:34Z,2026-09-08T06:54:00.000+02:00,A0025023910,A25,108.0,880
2026-09-08T05:00:34Z,2026-09-08T06:54:00.000+02:00,A0025021735,A25,65.0,3090
2026-09-08T05:00:34Z,2026-09-08T06:54:00.000+02:00,A0023010400,A23,103.0,960
2026-09-08T05:00:34Z,2026-09-08T06:54:00.000+02:00,A0022021900,A22,80.0,2500
2026-09-08T05:00:34Z,2026-09-08T06:54:00.000+02:00,A9022100500,A22 (rocade),80.0,1410
2026-09-08T05:00:34Z,2026-09-08T06:54:00.000+02:00,A0001020940,A1,91.0,2780
2026-09-08T05:00:34Z,2026-09-08T06:54:00.000+02:00,A0001020700,A1,96.0,1980
2026-09-08T05:00:34Z,2026-09-08T06:54:00.000+02:00,A9022020830,A22 (rocade),83.0,170
2026-09-08T05:00:34Z,2026-09-08T06:54:00.000+02:00,A9022020822,A22 (rocade),88.0,1180
2026-09-08T05:00:34Z,2026-09-08T06:54:00.000+02:00,A9022020821,A22 (rocade),88.0,1180
2026-09-08T05:00:34Z,2026-09-08T06:54:00.000+02:00,A0025020420,A25,69.0,5050
2026-09-08T05:00:34Z,2026-09-08T06:54:00.000+02:00,A0025021510,A25,84.0,2160
2026-09-08T05:00:34Z,2026-09-08T06:54:00.000+02:00,N0227010100,N227,65.0,1470
2026-09-08T05:00:34Z,2026-09-08T06:54:00.000+02:00,A0025011720,A25,95.0,2120
2026-09-08T05:00:34Z,2026-09-08T06:54:00.000+02:00,A0025021760,A25,33.0,2940
2026-09-08T05:00:34Z,2026-09-08T06:54:00.000+02:00,A0025011730,A25,85.0,2010
2026-09-08T05:00:34Z,2026-09-08T06:54:00.000+02:00,A0025011735,A25,98.0,2010
2026-09-08T05:00:34Z,2026-09-08T06:54:00.000+02:00,A9025080700,A25 (bretelle),,890
2026-09-08T05:00:34Z,2026-09-08T06:54:00.000+02:00,A9022100930,A22 (rocade),73.0,40
2026-09-08T05:00:34Z,2026-09-08T06:54:00.000+02:00,N0356011220,N356,72.0,2590
2026-09-08T05:00:34Z,2026-09-08T06:54:00.000+02:00,A0025011740,A25,85.0,2120
2026-09-08T05:00:34Z,2026-09-08T06:54:00.000+02:00,A0025010410,A25,69.0,3300
2026-09-08T05:00:34Z,2026-09-08T06:54:00.000+02:00,A0023010200,A23,89.0,1780
2026-09-08T05:00:34Z,2026-09-08T06:54:00.000+02:00,A9001210120,A1 (bretelle),75.0,810
2026-09-08T05:00:34Z,2026-09-08T06:54:00.000+02:00,A0025020210,A25,71.0,5070
2026-09-08T05:00:34Z,2026-09-08T06:54:00.000+02:00,N0356011210,N356,72.0,2590
2026-09-08T05:00:34Z,2026-09-08T06:54:00.000+02:00,A0025011510,A25,89.0,1410
2026-09-08T05:00:34Z,2026-09-08T06:54:00.000+02:00,A0025020220,A25,71.0,5070
2026-09-08T05:00:34Z,2026-09-08T06:54:00.000+02:00,N0227010302,N227,73.0,3100
2026-09-08T05:00:34Z,2026-09-08T06:54:00.000+02:00,N0041010500,N41,82.0,3290
2026-09-08T05:00:34Z,2026-09-08T06:54:00.000+02:00,N0227020101,N227,81.0,2100
2026-09-08T05:00:34Z,2026-09-08T06:54:00.000+02:00,A9022100110,A22 (rocade),66.0,750
2026-09-08T05:00:34Z,2026-09-08T06:54:00.000+02:00,A0022010400,A22,72.0,2680
2026-09-08T05:00:34Z,2026-09-08T06:54:00.000+02:00,N0356010302,N356,73.0,4980
2026-09-08T05:00:34Z,2026-09-08T06:54:00.000+02:00,A0025010800,A25,76.0,2060
2026-09-08T05:00:34Z,2026-09-08T06:54:00.000+02:00,A0027020621,A27,96.0,840
2026-09-08T05:00:34Z,2026-09-08T06:54:00.000+02:00,N0041010700,N41,85.0,810
2026-09-08T05:00:34Z,2026-09-08T06:54:00.000+02:00,A0027020630,A27,100.0,820
2026-09-08T05:00:34Z,2026-09-08T06:54:00.000+02:00,A0022021512,A22,80.0,2270
2026-09-08T05:00:34Z,2026-09-08T06:54:00.000+02:00,A0022021511,A22,80.0,2180
2026-09-08T05:00:34Z,2026-09-08T06:54:00.000+02:00,A0027020610,A27,96.0,840
2026-09-08T05:00:34Z,2026-09-08T06:54:00.000+02:00,A0025021720,A25,79.0,3360
2026-09-08T05:00:34Z,2026-09-08T06:54:00.000+02:00,A0022021520,A22,80.0,2270
2026-09-08T05:00:34Z,2026-09-08T06:54:00.000+02:00,A0025022140,A25,68.0,2860
2026-09-08T05:00:34Z,2026-09-08T06:54:00.000+02:00,A0022011302,A22,75.0,1650
2026-09-08T05:00:34Z,2026-09-08T06:54:00.000+02:00,A0025022160,A25,41.0,2990
2026-09-08T05:00:34Z,2026-09-08T06:54:00.000+02:00,A9025060104,A25 (bretelle),68.0,2360
2026-09-08T05:00:34Z,2026-09-08T06:54:00.000+02:00,A0027010201,A27,91.0,1420
2026-09-08T05:00:34Z,2026-09-08T06:54:00.000+02:00,A0027010202,A27,69.0,900
2026-09-08T05:00:34Z,2026-09-08T06:54:00.000+02:00,N9227110110,N227 (bretelle),74.0,1120
2026-09-08T05:00:34Z,2026-09-08T06:54:00.000+02:00,A0025012130,A25,103.0,930
2026-09-08T05:00:34Z,2026-09-08T06:54:00.000+02:00,A0027010210,A27,69.0,900
2026-09-08T05:00:34Z,2026-09-08T06:54:00.000+02:00,A0025011050,A25,91.0,1410
2026-09-08T05:00:34Z,2026-09-08T06:54:00.000+02:00,A0025012140,A25,103.0,1830
2026-09-08T05:00:34Z,2026-09-08T06:54:00.000+02:00,A0027010421,A27,95.0,940
2026-09-08T05:00:34Z,2026-09-08T06:54:00.000+02:00,A0022012420,A22,94.0,2450
2026-09-08T05:00:34Z,2026-09-08T06:54:00.000+02:00,A0027010430,A27,96.0,960
2026-09-08T05:00:34Z,2026-09-08T06:54:00.000+02:00,A0023020710,A23,90.0,3460
2026-09-08T05:00:34Z,2026-09-08T06:54:00.000+02:00,A0022012430,A22,89.0,2330
2026-09-08T05:00:34Z,2026-09-08T06:54:00.000+02:00,A0025012160,A25,119.0,1700
2026-09-08T05:00:34Z,2026-09-08T06:54:00.000+02:00,A9022021200,A22 (rocade),63.0,380
2026-09-08T05:00:34Z,2026-09-08T06:54:00.000+02:00,A0001021100,A1,89.0,2430
2026-09-08T05:00:34Z,2026-09-08T06:54:00.000+02:00,A9022101000,A22 (rocade),63.0,530
2026-09-08T05:00:34Z,2026-09-08T06:54:00.000+02:00,A0025013020,A25,105.0,1500
2026-09-08T05:00:34Z,2026-09-08T06:54:00.000+02:00,A0027010410,A27,95.0,940
2026-09-08T05:00:34Z,2026-09-08T06:54:00.000+02:00,A0022012410,A22,93.0,2500
2026-09-08T05:00:34Z,2026-09-08T06:54:00.000+02:00,A0001A20112,A1,91.0,1890
2026-09-08T05:00:34Z,2026-09-08T06:54:00.000+02:00,A0001A20111,A1,86.0,780
2026-09-08T05:00:34Z,2026-09-08T06:54:00.000+02:00,A0025010320,A25,37.0,2600
2026-09-08T05:00:34Z,2026-09-08T06:54:00.000+02:00,A0001021521,A1,84.0,2470
2026-09-08T05:00:34Z,2026-09-08T06:54:00.000+02:00,A0025022540,A25,104.0,2260
2026-09-08T05:00:34Z,2026-09-08T06:54:00.000+02:00,A0025022300,A25,85.0,1920
2026-09-08T05:00:34Z,2026-09-08T06:54:00.000+02:00,N0356021000,N356,73.0,2920
2026-09-08T05:00:34Z,2026-09-08T06:54:00.000+02:00,A22TC010102,A22 (contournement),81.0,1910
2026-09-08T05:00:34Z,2026-09-08T06:54:00.000+02:00,A0001011503,A1,83.0,5750
2026-09-08T05:00:34Z,2026-09-08T06:54:00.000+02:00,A0022012200,A22,82.0,2110
2026-09-08T05:00:34Z,2026-09-08T06:54:00.000+02:00,A0001A20120,A1,81.0,1840
2026-09-08T05:00:34Z,2026-09-08T06:54:00.000+02:00,A22TC020102,A22 (contournement),87.0,1960
2026-09-08T05:00:34Z,2026-09-08T06:54:00.000+02:00,A22TC010300,A22 (contournement),80.0,1670
2026-09-08T05:00:34Z,2026-09-08T06:54:00.000+02:00,A0022012010,A22,81.0,1550
2026-09-08T05:00:34Z,2026-09-08T06:54:00.000+02:00,A0022012020,A22,81.0,1550
2026-09-08T05:00:34Z,2026-09-08T06:54:00.000+02:00,A0025022130,A25,38.0,2600
2026-09-08T05:00:34Z,2026-09-08T06:54:00.000+02:00,A0023010520,A23,108.0,960
2026-09-08T05:00:34Z,2026-09-08T06:54:00.000+02:00,N0041020800,N41,91.0,850
2026-09-08T05:00:34Z,2026-09-08T06:54:00.000+02:00,A0025010500,A25,70.0,2200
2026-09-08T05:00:34Z,2026-09-08T06:54:00.000+02:00,A0022020901,A22,75.0,2230
2026-09-08T05:00:34Z,2026-09-08T06:54:00.000+02:00,A0022020902,A22,75.0,1710
2026-09-08T05:00:34Z,2026-09-08T06:54:00.000+02:00,A0025020310,A25,71.0,4000
2026-09-08T05:00:34Z,2026-09-08T06:54:00.000+02:00,A0022021810,A22,79.0,2290
2026-09-08T05:00:34Z,2026-09-08T06:54:00.000+02:00,N0356011100,N356,71.0,2430
2026-09-08T05:00:34Z,2026-09-08T06:54:00.000+02:00,A0022021820,A22,79.0,2290
2026-09-08T05:00:34Z,2026-09-08T06:54:00.000+02:00,N0356020802,N356,72.0,3080
2026-09-08T05:00:34Z,2026-09-08T06:54:00.000+02:00,A0025020102,A25,68.0,50
2026-09-08T05:00:34Z,2026-09-08T06:54:00.000+02:00,A0025010310,A25,74.0,2790
2026-09-08T05:00:34Z,2026-09-08T06:54:00.000+02:00,A0023010100,A23,89.0,230
2026-09-08T05:00:34Z,2026-09-08T06:54:00.000+02:00,A0025022530,A25,104.0,2300
2026-09-08T05:00:34Z,2026-09-08T06:54:00.000+02:00,A9001210200,A1 (bretelle),67.0,1140
2026-09-08T05:00:34Z,2026-09-08T06:54:00.000+02:00,A0022010700,A22,77.0,2000
2026-09-08T05:00:34Z,2026-09-08T06:54:00.000+02:00,N0041020400,N41,87.0,1150
2026-09-08T05:00:34Z,2026-09-08T06:54:00.000+02:00,A0023020720,A23,97.0,3350
2026-09-08T05:00:34Z,2026-09-08T06:54:00.000+02:00,A0022020500,A22,75.0,1070
2026-09-08T05:00:34Z,2026-09-08T06:54:00.000+02:00,N93563b0150,N356 (bretelle),66.0,10
2026-09-08T05:00:34Z,2026-09-08T06:54:00.000+02:00,A0025020950,A25,82.0,4750
2026-09-08T05:00:34Z,2026-09-08T06:54:00.000+02:00,A0023020300,A23,82.0,1550
2026-09-08T05:00:34Z,2026-09-08T06:54:00.000+02:00,A0001011000,A1,74.0,4730
2026-09-08T05:00:34Z,2026-09-08T06:54:00.000+02:00,A0027020500,A27,90.0,610
2026-09-08T05:00:34Z,2026-09-08T06:54:00.000+02:00,N0356011500,N356,66.0,2590
2026-09-08T05:00:34Z,2026-09-08T06:54:00.000+02:00,A0001010150,A1,74.0,4280
2026-09-08T05:00:34Z,2026-09-08T06:54:00.000+02:00,N0356020400,N356,58.0,1510
2026-09-08T05:00:34Z,2026-09-08T06:54:00.000+02:00,N0041020600,N41,94.0,660
2026-09-08T05:00:34Z,2026-09-08T06:54:00.000+02:00,A0025010700,A25,71.0,1180
2026-09-08T05:00:34Z,2026-09-08T06:54:00.000+02:00,A0002011230,A2,99.0,3000
2026-09-08T05:00:34Z,2026-09-08T06:54:00.000+02:00,A0025020500,A25,67.0,3880
2026-09-08T05:00:34Z,2026-09-08T06:54:00.000+02:00,A0002021290,A2,102.0,1940
2026-09-08T05:00:34Z,2026-09-08T06:54:00.000+02:00,A0022011600,A22,81.0,1470
2026-09-08T05:10:30Z,2026-09-08T07:00:00.000+02:00,A0001011200,A1,73.0,3820
2026-09-08T05:10:30Z,2026-09-08T07:00:00.000+02:00,A0027010102,A27,93.0,2770
2026-09-08T05:10:30Z,2026-09-08T07:00:00.000+02:00,N0041010100,N41,75.0,2330
2026-09-08T05:10:30Z,2026-09-08T07:00:00.000+02:00,A0027010101,A27,93.0,2770
2026-09-08T05:10:30Z,2026-09-08T07:00:00.000+02:00,A9022010250,A22 (rocade),85.0,470
2026-09-08T05:10:30Z,2026-09-08T07:00:00.000+02:00,A0001020150,A1,101.0,2730
2026-09-08T05:10:30Z,2026-09-08T07:00:00.000+02:00,N0356011700,N356,75.0,2220
2026-09-08T05:10:30Z,2026-09-08T07:00:00.000+02:00,N9227110200,N227 (bretelle),78.0,20
2026-09-08T05:10:30Z,2026-09-08T07:00:00.000+02:00,N0356021300,N356,67.0,2590
2026-09-08T05:10:30Z,2026-09-08T07:00:00.000+02:00,A0022011400,A22,76.0,560
2026-09-08T05:10:30Z,2026-09-08T07:00:00.000+02:00,A0027010300,A27,92.0,700
2026-09-08T05:10:30Z,2026-09-08T07:00:00.000+02:00,A9022020250,A22 (rocade),40.0,1300
2026-09-08T05:10:30Z,2026-09-08T07:00:00.000+02:00,N0041010300,N41,63.0,3830
2026-09-08T05:10:30Z,2026-09-08T07:00:00.000+02:00,A0022011210,A22,80.0,580
2026-09-08T05:10:30Z,2026-09-08T07:00:00.000+02:00,A0027020100,A27,75.0,830
2026-09-08T05:10:30Z,2026-09-08T07:00:00.000+02:00,A0001010300,A1,76.0,3920
2026-09-08T05:10:30Z,2026-09-08T07:00:00.000+02:00,A0022011220,A22,80.0,580
2026-09-08T05:10:30Z,2026-09-08T07:00:00.000+02:00,N0227021400,N227,31.0,50
2026-09-08T05:10:30Z,2026-09-08T07:00:00.000+02:00,A9022101110,A22 (rocade),80.0,810
2026-09-08T05:10:30Z,2026-09-08T07:00:00.000+02:00,A0022022110,A22,84.0,2730
2026-09-08T05:10:30Z,2026-09-08T07:00:00.000+02:00,A0001011420,A1,70.0,3040
2026-09-08T05:10:30Z,2026-09-08T07:00:00.000+02:00,N0356010800,N356,72.0,2920
2026-09-08T05:10:30Z,2026-09-08T07:00:00.000+02:00,A9001210710,A1 (bretelle),63.0,70
2026-09-08T05:10:30Z,2026-09-08T07:00:00.000+02:00,N0356021110,N356,72.0,3180
2026-09-08T05:10:30Z,2026-09-08T07:00:00.000+02:00,A0001010510,A1,76.0,3660
2026-09-08T05:10:30Z,2026-09-08T07:00:00.000+02:00,N0356021122,N356,65.0,3050
2026-09-08T05:10:30Z,2026-09-08T07:00:00.000+02:00,N0356021121,N356,72.0,3180
2026-09-08T05:10:30Z,2026-09-08T07:00:00.000+02:00,A0025010210,A25,71.0,4230
2026-09-08T05:10:30Z,2026-09-08T07:00:00.000+02:00,A0025011300,A25,87.0,1180
2026-09-08T05:10:30Z,2026-09-08T07:00:00.000+02:00,A0001020300,A1,102.0,2580
2026-09-08T05:10:30Z,2026-09-08T07:00:00.000+02:00,A0025021100,A25,86.0,2480
2026-09-08T05:10:30Z,2026-09-08T07:00:00.000+02:00,A0025023520,A25,112.0,780
2026-09-08T05:10:30Z,2026-09-08T07:00:00.000+02:00,A0022022130,A22,79.0,2500
2026-09-08T05:10:30Z,2026-09-08T07:00:00.000+02:00,A0025010220,A25,71.0,4230
2026-09-08T05:10:30Z,2026-09-08T07:00:00.000+02:00,A0022022120,A22,88.0,2810
2026-09-08T05:10:30Z,2026-09-08T07:00:00.000+02:00,A0001010520,A1,73.0,4190
2026-09-08T05:10:30Z,2026-09-08T07:00:00.000+02:00,A0022011000,A22,81.0,2070
2026-09-08T05:10:30Z,2026-09-08T07:00:00.000+02:00,A0001020510,A1,100.0,2510
2026-09-08T05:10:30Z,2026-09-08T07:00:00.000+02:00,A0001021602,A1,84.0,4590
2026-09-08T05:10:30Z,2026-09-08T07:00:00.000+02:00,A22TC020222,A22 (contournement),83.0,3500
2026-09-08T05:10:30Z,2026-09-08T07:00:00.000+02:00,A0001010940,A1,78.0,4480
2026-09-08T05:10:30Z,2026-09-08T07:00:00.000+02:00,A0025023320,A25,107.0,1780
2026-09-08T05:10:30Z,2026-09-08T07:00:00.000+02:00,A0001020520,A1,96.0,2580
2026-09-08T05:10:30Z,2026-09-08T07:00:00.000+02:00,A0025023100,A25,106.0,1650
2026-09-08T05:10:30Z,2026-09-08T07:00:00.000+02:00,A22TC020230,A22 (contournement),83.0,3500
2026-09-08T05:10:30Z,2026-09-08T07:00:00.000+02:00,A0025021730,A25,54.0,3480
2026-09-08T05:10:30Z,2026-09-08T07:00:00.000+02:00,A0025023910,A25,117.0,660
2026-09-08T05:10:30Z,2026-09-08T07:00:00.000+02:00,A0025021735,A25,68.0,3640
2026-09-08T05:10:30Z,2026-09-08T07:00:00.000+02:00,A0023010400,A23,106.0,980
2026-09-08T05:10:30Z,2026-09-08T07:00:00.000+02:00,A0022021900,A22,77.0,2210
2026-09-08T05:10:30Z,2026-09-08T07:00:00.000+02:00,A9022100500,A22 (rocade),78.0,1280
2026-09-08T05:10:30Z,2026-09-08T07:00:00.000+02:00,A0001020940,A1,89.0,2820
2026-09-08T05:10:30Z,2026-09-08T07:00:00.000+02:00,A0001020700,A1,96.0,2090
2026-09-08T05:10:30Z,2026-09-08T07:00:00.000+02:00,A9022020830,A22 (rocade),86.0,210
2026-09-08T05:10:30Z,2026-09-08T07:00:00.000+02:00,A9022020822,A22 (rocade),86.0,1370
2026-09-08T05:10:30Z,2026-09-08T07:00:00.000+02:00,A9022020821,A22 (rocade),86.0,1370
2026-09-08T05:10:30Z,2026-09-08T07:00:00.000+02:00,A0025020420,A25,68.0,4860
2026-09-08T05:10:30Z,2026-09-08T07:00:00.000+02:00,A0025021510,A25,88.0,2060
2026-09-08T05:10:30Z,2026-09-08T07:00:00.000+02:00,N0227010100,N227,64.0,1510
2026-09-08T05:10:30Z,2026-09-08T07:00:00.000+02:00,A0025011720,A25,96.0,1960
2026-09-08T05:10:30Z,2026-09-08T07:00:00.000+02:00,A0025021760,A25,53.0,3470
2026-09-08T05:10:30Z,2026-09-08T07:00:00.000+02:00,A0025011730,A25,85.0,2030
2026-09-08T05:10:30Z,2026-09-08T07:00:00.000+02:00,A0025011735,A25,98.0,2060
2026-09-08T05:10:30Z,2026-09-08T07:00:00.000+02:00,A9025080700,A25 (bretelle),,970
2026-09-08T05:10:30Z,2026-09-08T07:00:00.000+02:00,A9022100930,A22 (rocade),74.0,100
2026-09-08T05:10:30Z,2026-09-08T07:00:00.000+02:00,N0356011220,N356,71.0,2720
2026-09-08T05:10:30Z,2026-09-08T07:00:00.000+02:00,A0025011740,A25,83.0,2070
2026-09-08T05:10:30Z,2026-09-08T07:00:00.000+02:00,A0025010410,A25,69.0,3120
2026-09-08T05:10:30Z,2026-09-08T07:00:00.000+02:00,A0023010200,A23,88.0,1730
2026-09-08T05:10:30Z,2026-09-08T07:00:00.000+02:00,A9001210120,A1 (bretelle),74.0,1200
2026-09-08T05:10:30Z,2026-09-08T07:00:00.000+02:00,A0025020210,A25,71.0,5060
2026-09-08T05:10:30Z,2026-09-08T07:00:00.000+02:00,N0356011210,N356,71.0,2720
2026-09-08T05:10:30Z,2026-09-08T07:00:00.000+02:00,A0025011510,A25,88.0,1330
2026-09-08T05:10:30Z,2026-09-08T07:00:00.000+02:00,A0025020220,A25,71.0,5060
2026-09-08T05:10:30Z,2026-09-08T07:00:00.000+02:00,N0227010302,N227,74.0,3270
2026-09-08T05:10:30Z,2026-09-08T07:00:00.000+02:00,N0041010500,N41,47.0,2960
2026-09-08T05:10:30Z,2026-09-08T07:00:00.000+02:00,N0227020101,N227,79.0,2170
2026-09-08T05:10:30Z,2026-09-08T07:00:00.000+02:00,A9022100110,A22 (rocade),64.0,670
2026-09-08T05:10:30Z,2026-09-08T07:00:00.000+02:00,A0022010400,A22,73.0,2220
2026-09-08T05:10:30Z,2026-09-08T07:00:00.000+02:00,N0356010302,N356,73.0,5080
2026-09-08T05:10:30Z,2026-09-08T07:00:00.000+02:00,A0025010800,A25,76.0,1910
2026-09-08T05:10:30Z,2026-09-08T07:00:00.000+02:00,A0027020621,A27,97.0,730
2026-09-08T05:10:30Z,2026-09-08T07:00:00.000+02:00,N0041010700,N41,80.0,1240
2026-09-08T05:10:30Z,2026-09-08T07:00:00.000+02:00,A0027020630,A27,97.0,820
2026-09-08T05:10:30Z,2026-09-08T07:00:00.000+02:00,A0022021512,A22,75.0,1980
2026-09-08T05:10:30Z,2026-09-08T07:00:00.000+02:00,A0022021511,A22,78.0,1960
2026-09-08T05:10:30Z,2026-09-08T07:00:00.000+02:00,A0027020610,A27,97.0,730
2026-09-08T05:10:30Z,2026-09-08T07:00:00.000+02:00,A0025021720,A25,79.0,3260
2026-09-08T05:10:30Z,2026-09-08T07:00:00.000+02:00,A0022021520,A22,75.0,1980
2026-09-08T05:10:30Z,2026-09-08T07:00:00.000+02:00,A0025022140,A25,40.0,2500
2026-09-08T05:10:30Z,2026-09-08T07:00:00.000+02:00,A0022011302,A22,75.0,1640
2026-09-08T05:10:30Z,2026-09-08T07:00:00.000+02:00,A0025022160,A25,41.0,2580
2026-09-08T05:10:30Z,2026-09-08T07:00:00.000+02:00,A9025060104,A25 (bretelle),70.0,2270
2026-09-08T05:10:30Z,2026-09-08T07:00:00.000+02:00,A0027010201,A27,90.0,1710
2026-09-08T05:10:30Z,2026-09-08T07:00:00.000+02:00,A0027010202,A27,73.0,670
2026-09-08T05:10:30Z,2026-09-08T07:00:00.000+02:00,N9227110110,N227 (bretelle),74.0,960
2026-09-08T05:10:30Z,2026-09-08T07:00:00.000+02:00,A0025012130,A25,102.0,900
2026-09-08T05:10:30Z,2026-09-08T07:00:00.000+02:00,A0027010210,A27,73.0,670
2026-09-08T05:10:30Z,2026-09-08T07:00:00.000+02:00,A0025011050,A25,85.0,1260
2026-09-08T05:10:30Z,2026-09-08T07:00:00.000+02:00,A0025012140,A25,51.0,1370
2026-09-08T05:10:30Z,2026-09-08T07:00:00.000+02:00,A0027010421,A27,95.0,880
2026-09-08T05:10:30Z,2026-09-08T07:00:00.000+02:00,A0022012420,A22,93.0,2120
2026-09-08T05:10:30Z,2026-09-08T07:00:00.000+02:00,A0027010430,A27,97.0,890
2026-09-08T05:10:30Z,2026-09-08T07:00:00.000+02:00,A0023020710,A23,89.0,3780
2026-09-08T05:10:30Z,2026-09-08T07:00:00.000+02:00,A0022012430,A22,91.0,2080
2026-09-08T05:10:30Z,2026-09-08T07:00:00.000+02:00,A0025012160,A25,114.0,1920
2026-09-08T05:10:30Z,2026-09-08T07:00:00.000+02:00,A9022021200,A22 (rocade),58.0,620
2026-09-08T05:10:30Z,2026-09-08T07:00:00.000+02:00,A0001021100,A1,91.0,2690
2026-09-08T05:10:30Z,2026-09-08T07:00:00.000+02:00,A9022101000,A22 (rocade),64.0,640
2026-09-08T05:10:30Z,2026-09-08T07:00:00.000+02:00,A0025013020,A25,103.0,1580
2026-09-08T05:10:30Z,2026-09-08T07:00:00.000+02:00,A0027010410,A27,95.0,880
2026-09-08T05:10:30Z,2026-09-08T07:00:00.000+02:00,A0022012410,A22,92.0,2060
2026-09-08T05:10:30Z,2026-09-08T07:00:00.000+02:00,A0001A20112,A1,87.0,1960
2026-09-08T05:10:30Z,2026-09-08T07:00:00.000+02:00,A0001A20111,A1,82.0,980
2026-09-08T05:10:30Z,2026-09-08T07:00:00.000+02:00,A0025010320,A25,65.0,2650
2026-09-08T05:10:30Z,2026-09-08T07:00:00.000+02:00,A0001021521,A1,85.0,2490
2026-09-08T05:10:30Z,2026-09-08T07:00:00.000+02:00,A0025022540,A25,102.0,2100
2026-09-08T05:10:30Z,2026-09-08T07:00:00.000+02:00,A0025022300,A25,77.0,1910
2026-09-08T05:10:30Z,2026-09-08T07:00:00.000+02:00,N0356021000,N356,74.0,2810
2026-09-08T05:10:30Z,2026-09-08T07:00:00.000+02:00,A22TC010102,A22 (contournement),81.0,2170
2026-09-08T05:10:30Z,2026-09-08T07:00:00.000+02:00,A0001011503,A1,82.0,5350
2026-09-08T05:10:30Z,2026-09-08T07:00:00.000+02:00,A0022012200,A22,83.0,1890
2026-09-08T05:10:30Z,2026-09-08T07:00:00.000+02:00,A0001A20120,A1,84.0,1840
2026-09-08T05:10:30Z,2026-09-08T07:00:00.000+02:00,A22TC020102,A22 (contournement),86.0,1980
2026-09-08T05:10:30Z,2026-09-08T07:00:00.000+02:00,A22TC010300,A22 (contournement),82.0,1660
2026-09-08T05:10:30Z,2026-09-08T07:00:00.000+02:00,A0022012010,A22,83.0,1300
2026-09-08T05:10:30Z,2026-09-08T07:00:00.000+02:00,A0022012020,A22,83.0,1300
2026-09-08T05:10:30Z,2026-09-08T07:00:00.000+02:00,A0025022130,A25,18.0,1930
2026-09-08T05:10:30Z,2026-09-08T07:00:00.000+02:00,A0023010520,A23,111.0,970
2026-09-08T05:10:30Z,2026-09-08T07:00:00.000+02:00,N0041020800,N41,94.0,910
2026-09-08T05:10:30Z,2026-09-08T07:00:00.000+02:00,A0025010500,A25,70.0,1900
2026-09-08T05:10:30Z,2026-09-08T07:00:00.000+02:00,A0022020901,A22,76.0,2490
2026-09-08T05:10:30Z,2026-09-08T07:00:00.000+02:00,A0022020902,A22,76.0,1710
2026-09-08T05:10:30Z,2026-09-08T07:00:00.000+02:00,A0025020310,A25,70.0,4060
2026-09-08T05:10:30Z,2026-09-08T07:00:00.000+02:00,A0022021810,A22,77.0,1900
2026-09-08T05:10:30Z,2026-09-08T07:00:00.000+02:00,N0356011100,N356,70.0,2590
2026-09-08T05:10:30Z,2026-09-08T07:00:00.000+02:00,A0022021820,A22,77.0,1900
2026-09-08T05:10:30Z,2026-09-08T07:00:00.000+02:00,N0356020802,N356,73.0,2920
2026-09-08T05:10:30Z,2026-09-08T07:00:00.000+02:00,A0025020102,A25,65.0,170
2026-09-08T05:10:30Z,2026-09-08T07:00:00.000+02:00,A0025010310,A25,74.0,2790
2026-09-08T05:10:30Z,2026-09-08T07:00:00.000+02:00,A0023010100,A23,97.0,190
2026-09-08T05:10:30Z,2026-09-08T07:00:00.000+02:00,A0025022530,A25,106.0,1950
2026-09-08T05:10:30Z,2026-09-08T07:00:00.000+02:00,A9001210200,A1 (bretelle),66.0,1230
2026-09-08T05:10:30Z,2026-09-08T07:00:00.000+02:00,A0022010700,A22,77.0,1830
2026-09-08T05:10:30Z,2026-09-08T07:00:00.000+02:00,N0041020400,N41,89.0,1420
2026-09-08T05:10:30Z,2026-09-08T07:00:00.000+02:00,A0023020720,A23,93.0,3780
2026-09-08T05:10:30Z,2026-09-08T07:00:00.000+02:00,A0022020500,A22,76.0,1250
2026-09-08T05:10:30Z,2026-09-08T07:00:00.000+02:00,N93563b0150,N356 (bretelle),81.0,20
2026-09-08T05:10:30Z,2026-09-08T07:00:00.000+02:00,A0025020950,A25,86.0,4570
2026-09-08T05:10:30Z,2026-09-08T07:00:00.000+02:00,A0023020300,A23,77.0,1740
2026-09-08T05:10:30Z,2026-09-08T07:00:00.000+02:00,A0001011000,A1,77.0,3650
2026-09-08T05:10:30Z,2026-09-08T07:00:00.000+02:00,A0027020500,A27,92.0,500
2026-09-08T05:10:30Z,2026-09-08T07:00:00.000+02:00,N0356011500,N356,67.0,2890
2026-09-08T05:10:30Z,2026-09-08T07:00:00.000+02:00,A0001010150,A1,74.0,4040
2026-09-08T05:10:30Z,2026-09-08T07:00:00.000+02:00,N0356020400,N356,61.0,1560
2026-09-08T05:10:30Z,2026-09-08T07:00:00.000+02:00,N0041020600,N41,95.0,850
2026-09-08T05:10:30Z,2026-09-08T07:00:00.000+02:00,A0025010700,A25,71.0,1130
2026-09-08T05:10:30Z,2026-09-08T07:00:00.000+02:00,A0002011230,A2,102.0,2930
2026-09-08T05:10:30Z,2026-09-08T07:00:00.000+02:00,A0025020500,A25,67.0,3960
2026-09-08T05:10:30Z,2026-09-08T07:00:00.000+02:00,A0002021290,A2,103.0,1940
2026-09-08T05:10:30Z,2026-09-08T07:00:00.000+02:00,A0022011600,A22,80.0,1300
2026-09-08T05:20:29Z,2026-09-08T07:12:00.000+02:00,A0001011200,A1,70.0,4680
2026-09-08T05:20:29Z,2026-09-08T07:12:00.000+02:00,A0027010102,A27,88.0,3050
2026-09-08T05:20:29Z,2026-09-08T07:12:00.000+02:00,N0041010100,N41,72.0,2850
2026-09-08T05:20:29Z,2026-09-08T07:12:00.000+02:00,A0027010101,A27,88.0,3050
2026-09-08T05:20:29Z,2026-09-08T07:12:00.000+02:00,A9022010250,A22 (rocade),81.0,700
2026-09-08T05:20:29Z,2026-09-08T07:12:00.000+02:00,A0001020150,A1,102.0,3380
2026-09-08T05:20:29Z,2026-09-08T07:12:00.000+02:00,N0356011700,N356,72.0,2650
2026-09-08T05:20:29Z,2026-09-08T07:12:00.000+02:00,N9227110200,N227 (bretelle),71.0,100
2026-09-08T05:20:29Z,2026-09-08T07:12:00.000+02:00,N0356021300,N356,65.0,3240
2026-09-08T05:20:29Z,2026-09-08T07:12:00.000+02:00,A0022011400,A22,75.0,700
2026-09-08T05:20:29Z,2026-09-08T07:12:00.000+02:00,A0027010300,A27,91.0,550
2026-09-08T05:20:29Z,2026-09-08T07:12:00.000+02:00,A9022020250,A22 (rocade),38.0,1430
2026-09-08T05:20:29Z,2026-09-08T07:12:00.000+02:00,N0041010300,N41,61.0,3640
2026-09-08T05:20:29Z,2026-09-08T07:12:00.000+02:00,A0022011210,A22,75.0,680
2026-09-08T05:20:29Z,2026-09-08T07:12:00.000+02:00,A0027020100,A27,75.0,1090
2026-09-08T05:20:29Z,2026-09-08T07:12:00.000+02:00,A0001010300,A1,76.0,3890
2026-09-08T05:20:29Z,2026-09-08T07:12:00.000+02:00,A0022011220,A22,75.0,680
2026-09-08T05:20:29Z,2026-09-08T07:12:00.000+02:00,N0227021400,N227,48.0,90
2026-09-08T05:20:29Z,2026-09-08T07:12:00.000+02:00,A9022101110,A22 (rocade),78.0,790
2026-09-08T05:20:29Z,2026-09-08T07:12:00.000+02:00,A0022022110,A22,82.0,3350
2026-09-08T05:20:29Z,2026-09-08T07:12:00.000+02:00,A0001011420,A1,72.0,3340
2026-09-08T05:20:29Z,2026-09-08T07:12:00.000+02:00,N0356010800,N356,72.0,3200
2026-09-08T05:20:29Z,2026-09-08T07:12:00.000+02:00,A9001210710,A1 (bretelle),61.0,90
2026-09-08T05:20:29Z,2026-09-08T07:12:00.000+02:00,N0356021110,N356,72.0,3400
2026-09-08T05:20:29Z,2026-09-08T07:12:00.000+02:00,A0001010510,A1,76.0,3430
2026-09-08T05:20:29Z,2026-09-08T07:12:00.000+02:00,N0356021122,N356,64.0,3300
2026-09-08T05:20:29Z,2026-09-08T07:12:00.000+02:00,N0356021121,N356,72.0,3400
2026-09-08T05:20:29Z,2026-09-08T07:12:00.000+02:00,A0025010210,A25,70.0,4540
2026-09-08T05:20:29Z,2026-09-08T07:12:00.000+02:00,A0025011300,A25,88.0,1360
2026-09-08T05:20:29Z,2026-09-08T07:12:00.000+02:00,A0001020300,A1,107.0,3080
2026-09-08T05:20:29Z,2026-09-08T07:12:00.000+02:00,A0025021100,A25,84.0,2920
2026-09-08T05:20:29Z,2026-09-08T07:12:00.000+02:00,A0025023520,A25,112.0,1020
2026-09-08T05:20:29Z,2026-09-08T07:12:00.000+02:00,A0022022130,A22,69.0,3020
2026-09-08T05:20:29Z,2026-09-08T07:12:00.000+02:00,A0025010220,A25,70.0,4540
2026-09-08T05:20:29Z,2026-09-08T07:12:00.000+02:00,A0022022120,A22,86.0,3380
2026-09-08T05:20:29Z,2026-09-08T07:12:00.000+02:00,A0001010520,A1,76.0,3800
2026-09-08T05:20:29Z,2026-09-08T07:12:00.000+02:00,A0022011000,A22,76.0,2630
2026-09-08T05:20:29Z,2026-09-08T07:12:00.000+02:00,A0001020510,A1,98.0,2060
2026-09-08T05:20:29Z,2026-09-08T07:12:00.000+02:00,A0001021602,A1,79.0,5570
2026-09-08T05:20:29Z,2026-09-08T07:12:00.000+02:00,A22TC020222,A22 (contournement),88.0,4120
2026-09-08T05:20:29Z,2026-09-08T07:12:00.000+02:00,A0001010940,A1,79.0,5110
2026-09-08T05:20:29Z,2026-09-08T07:12:00.000+02:00,A0025023320,A25,114.0,1780
2026-09-08T05:20:29Z,2026-09-08T07:12:00.000+02:00,A0001020520,A1,99.0,3460
2026-09-08T05:20:29Z,2026-09-08T07:12:00.000+02:00,A0025023100,A25,107.0,1460
2026-09-08T05:20:29Z,2026-09-08T07:12:00.000+02:00,A22TC020230,A22 (contournement),88.0,4120
2026-09-08T05:20:29Z,2026-09-08T07:12:00.000+02:00,A0025021730,A25,51.0,3520
2026-09-08T05:20:29Z,2026-09-08T07:12:00.000+02:00,A0025023910,A25,114.0,950
2026-09-08T05:20:29Z,2026-09-08T07:12:00.000+02:00,A0025021735,A25,66.0,3280
2026-09-08T05:20:29Z,2026-09-08T07:12:00.000+02:00,A0023010400,A23,104.0,1450
2026-09-08T05:20:29Z,2026-09-08T07:12:00.000+02:00,A0022021900,A22,78.0,2790
2026-09-08T05:20:29Z,2026-09-08T07:12:00.000+02:00,A9022100500,A22 (rocade),77.0,1490
2026-09-08T05:20:29Z,2026-09-08T07:12:00.000+02:00,A0001020940,A1,91.0,3120
2026-09-08T05:20:29Z,2026-09-08T07:12:00.000+02:00,A0001020700,A1,97.0,2700
2026-09-08T05:20:29Z,2026-09-08T07:12:00.000+02:00,A9022020830,A22 (rocade),87.0,150
2026-09-08T05:20:29Z,2026-09-08T07:12:00.000+02:00,A9022020822,A22 (rocade),85.0,1260
2026-09-08T05:20:29Z,2026-09-08T07:12:00.000+02:00,A9022020821,A22 (rocade),85.0,1260
2026-09-08T05:20:29Z,2026-09-08T07:12:00.000+02:00,A0025020420,A25,67.0,5750
2026-09-08T05:20:29Z,2026-09-08T07:12:00.000+02:00,A0025021510,A25,85.0,2070
2026-09-08T05:20:29Z,2026-09-08T07:12:00.000+02:00,N0227010100,N227,65.0,1640
2026-09-08T05:20:29Z,2026-09-08T07:12:00.000+02:00,A0025011720,A25,96.0,2550
2026-09-08T05:20:29Z,2026-09-08T07:12:00.000+02:00,A0025021760,A25,37.0,3090
2026-09-08T05:20:29Z,2026-09-08T07:12:00.000+02:00,A0025011730,A25,87.0,2430
2026-09-08T05:20:29Z,2026-09-08T07:12:00.000+02:00,A0025011735,A25,99.0,2430
2026-09-08T05:20:29Z,2026-09-08T07:12:00.000+02:00,A9025080700,A25 (bretelle),,950
2026-09-08T05:20:29Z,2026-09-08T07:12:00.000+02:00,A9022100930,A22 (rocade),72.0,130
2026-09-08T05:20:29Z,2026-09-08T07:12:00.000+02:00,N0356011220,N356,70.0,3080
2026-09-08T05:20:29Z,2026-09-08T07:12:00.000+02:00,A0025011740,A25,85.0,2440
2026-09-08T05:20:29Z,2026-09-08T07:12:00.000+02:00,A0025010410,A25,69.0,3650
2026-09-08T05:20:29Z,2026-09-08T07:12:00.000+02:00,A0023010200,A23,82.0,2040
2026-09-08T05:20:29Z,2026-09-08T07:12:00.000+02:00,A9001210120,A1 (bretelle),74.0,1240
2026-09-08T05:20:29Z,2026-09-08T07:12:00.000+02:00,A0025020210,A25,69.0,6150
2026-09-08T05:20:29Z,2026-09-08T07:12:00.000+02:00,N0356011210,N356,70.0,3080
2026-09-08T05:20:29Z,2026-09-08T07:12:00.000+02:00,A0025011510,A25,91.0,1650
2026-09-08T05:20:29Z,2026-09-08T07:12:00.000+02:00,A0025020220,A25,69.0,6150
2026-09-08T05:20:29Z,2026-09-08T07:12:00.000+02:00,N0227010302,N227,72.0,3700
2026-09-08T05:20:29Z,2026-09-08T07:12:00.000+02:00,N0041010500,N41,48.0,2700
2026-09-08T05:20:29Z,2026-09-08T07:12:00.000+02:00,N0227020101,N227,70.0,2930
2026-09-08T05:20:29Z,2026-09-08T07:12:00.000+02:00,A9022100110,A22 (rocade),62.0,960
2026-09-08T05:20:29Z,2026-09-08T07:12:00.000+02:00,A0022010400,A22,69.0,3710
2026-09-08T05:20:29Z,2026-09-08T07:12:00.000+02:00,N0356010302,N356,72.0,5700
2026-09-08T05:20:29Z,2026-09-08T07:12:00.000+02:00,A0025010800,A25,76.0,2510
2026-09-08T05:20:29Z,2026-09-08T07:12:00.000+02:00,A0027020621,A27,96.0,1220
2026-09-08T05:20:29Z,2026-09-08T07:12:00.000+02:00,N0041010700,N41,30.0,1850
2026-09-08T05:20:29Z,2026-09-08T07:12:00.000+02:00,A0027020630,A27,99.0,1230
2026-09-08T05:20:29Z,2026-09-08T07:12:00.000+02:00,A0022021512,A22,79.0,2420
2026-09-08T05:20:29Z,2026-09-08T07:12:00.000+02:00,A0022021511,A22,79.0,2470
2026-09-08T05:20:29Z,2026-09-08T07:12:00.000+02:00,A0027020610,A27,96.0,1220
2026-09-08T05:20:29Z,2026-09-08T07:12:00.000+02:00,A0025021720,A25,76.0,3350
2026-09-08T05:20:29Z,2026-09-08T07:12:00.000+02:00,A0022021520,A22,79.0,2420
2026-09-08T05:20:29Z,2026-09-08T07:12:00.000+02:00,A0025022140,A25,64.0,3010
2026-09-08T05:20:29Z,2026-09-08T07:12:00.000+02:00,A0022011302,A22,74.0,1960
2026-09-08T05:20:29Z,2026-09-08T07:12:00.000+02:00,A0025022160,A25,16.0,2510
2026-09-08T05:20:29Z,2026-09-08T07:12:00.000+02:00,A9025060104,A25 (bretelle),72.0,2190
2026-09-08T05:20:29Z,2026-09-08T07:12:00.000+02:00,A0027010201,A27,91.0,1620
2026-09-08T05:20:29Z,2026-09-08T07:12:00.000+02:00,A0027010202,A27,73.0,880
2026-09-08T05:20:29Z,2026-09-08T07:12:00.000+02:00,N9227110110,N227 (bretelle),69.0,1920
2026-09-08T05:20:29Z,2026-09-08T07:12:00.000+02:00,A0025012130,A25,103.0,980
2026-09-08T05:20:29Z,2026-09-08T07:12:00.000+02:00,A0027010210,A27,73.0,880
2026-09-08T05:20:29Z,2026-09-08T07:12:00.000+02:00,A0025011050,A25,76.0,1550
2026-09-08T05:20:29Z,2026-09-08T07:12:00.000+02:00,A0025012140,A25,16.0,2050
2026-09-08T05:20:29Z,2026-09-08T07:12:00.000+02:00,A0027010421,A27,94.0,740
2026-09-08T05:20:29Z,2026-09-08T07:12:00.000+02:00,A0022012420,A22,94.0,2430
2026-09-08T05:20:29Z,2026-09-08T07:12:00.000+02:00,A0027010430,A27,98.0,770
2026-09-08T05:20:29Z,2026-09-08T07:12:00.000+02:00,A0023020710,A23,87.0,3840
2026-09-08T05:20:29Z,2026-09-08T07:12:00.000+02:00,A0022012430,A22,91.0,2110
2026-09-08T05:20:29Z,2026-09-08T07:12:00.000+02:00,A0025012160,A25,117.0,2310
2026-09-08T05:20:29Z,2026-09-08T07:12:00.000+02:00,A9022021200,A22 (rocade),59.0,690
2026-09-08T05:20:29Z,2026-09-08T07:12:00.000+02:00,A0001021100,A1,89.0,2800
2026-09-08T05:20:29Z,2026-09-08T07:12:00.000+02:00,A9022101000,A22 (rocade),63.0,940
2026-09-08T05:20:29Z,2026-09-08T07:12:00.000+02:00,A0025013020,A25,104.0,2020
2026-09-08T05:20:29Z,2026-09-08T07:12:00.000+02:00,A0027010410,A27,94.0,740
2026-09-08T05:20:29Z,2026-09-08T07:12:00.000+02:00,A0022012410,A22,92.0,2410
2026-09-08T05:20:29Z,2026-09-08T07:12:00.000+02:00,A0001A20112,A1,89.0,2570
2026-09-08T05:20:29Z,2026-09-08T07:12:00.000+02:00,A0001A20111,A1,80.0,1040
2026-09-08T05:20:29Z,2026-09-08T07:12:00.000+02:00,A0025010320,A25,65.0,3020
2026-09-08T05:20:29Z,2026-09-08T07:12:00.000+02:00,A0001021521,A1,82.0,2890
2026-09-08T05:20:29Z,2026-09-08T07:12:00.000+02:00,A0025022540,A25,108.0,1770
2026-09-08T05:20:29Z,2026-09-08T07:12:00.000+02:00,A0025022300,A25,26.0,1150
2026-09-08T05:20:29Z,2026-09-08T07:12:00.000+02:00,N0356021000,N356,72.0,3040
2026-09-08T05:20:29Z,2026-09-08T07:12:00.000+02:00,A22TC010102,A22 (contournement),79.0,2380
2026-09-08T05:20:29Z,2026-09-08T07:12:00.000+02:00,A0001011503,A1,80.0,6240
2026-09-08T05:20:29Z,2026-09-08T07:12:00.000+02:00,A0022012200,A22,82.0,2290
2026-09-08T05:20:29Z,2026-09-08T07:12:00.000+02:00,A0001A20120,A1,78.0,2510
2026-09-08T05:20:29Z,2026-09-08T07:12:00.000+02:00,A22TC020102,A22 (contournement),83.0,2700
2026-09-08T05:20:29Z,2026-09-08T07:12:00.000+02:00,A22TC010300,A22 (contournement),74.0,2340
2026-09-08T05:20:29Z,2026-09-08T07:12:00.000+02:00,A0022012010,A22,80.0,1470
2026-09-08T05:20:29Z,2026-09-08T07:12:00.000+02:00,A0022012020,A22,80.0,1470
2026-09-08T05:20:29Z,2026-09-08T07:12:00.000+02:00,A0025022130,A25,74.0,2980
2026-09-08T05:20:29Z,2026-09-08T07:12:00.000+02:00,A0023010520,A23,111.0,1380
2026-09-08T05:20:29Z,2026-09-08T07:12:00.000+02:00,N0041020800,N41,96.0,1280
2026-09-08T05:20:29Z,2026-09-08T07:12:00.000+02:00,A0025010500,A25,71.0,2300
2026-09-08T05:20:29Z,2026-09-08T07:12:00.000+02:00,A0022020901,A22,72.0,3730
2026-09-08T05:20:29Z,2026-09-08T07:12:00.000+02:00,A0022020902,A22,72.0,2710
2026-09-08T05:20:29Z,2026-09-08T07:12:00.000+02:00,A0025020310,A25,68.0,4780
2026-09-08T05:20:29Z,2026-09-08T07:12:00.000+02:00,A0022021810,A22,77.0,2460
2026-09-08T05:20:29Z,2026-09-08T07:12:00.000+02:00,N0356011100,N356,69.0,2960
2026-09-08T05:20:29Z,2026-09-08T07:12:00.000+02:00,A0022021820,A22,77.0,2460
2026-09-08T05:20:29Z,2026-09-08T07:12:00.000+02:00,N0356020802,N356,69.0,3500
2026-09-08T05:20:29Z,2026-09-08T07:12:00.000+02:00,A9022020900,A22 (rocade),81.0,950
2026-09-08T05:20:29Z,2026-09-08T07:12:00.000+02:00,A0025020102,A25,70.0,260
2026-09-08T05:20:29Z,2026-09-08T07:12:00.000+02:00,A0025010310,A25,73.0,3300
2026-09-08T05:20:29Z,2026-09-08T07:12:00.000+02:00,A0023010100,A23,96.0,340
2026-09-08T05:20:29Z,2026-09-08T07:12:00.000+02:00,A0025022530,A25,109.0,1640
2026-09-08T05:20:29Z,2026-09-08T07:12:00.000+02:00,A9001210200,A1 (bretelle),65.0,1320
2026-09-08T05:20:29Z,2026-09-08T07:12:00.000+02:00,A0022010700,A22,76.0,2530
2026-09-08T05:20:29Z,2026-09-08T07:12:00.000+02:00,N0041020400,N41,89.0,1450
2026-09-08T05:20:29Z,2026-09-08T07:12:00.000+02:00,A0023020720,A23,94.0,3770
2026-09-08T05:20:29Z,2026-09-08T07:12:00.000+02:00,A0022020500,A22,72.0,1670
2026-09-08T05:20:29Z,2026-09-08T07:12:00.000+02:00,N93563b0150,N356 (bretelle),68.0,50
2026-09-08T05:20:29Z,2026-09-08T07:12:00.000+02:00,A0025020950,A25,77.0,5690
2026-09-08T05:20:29Z,2026-09-08T07:12:00.000+02:00,A0023020300,A23,57.0,1640
2026-09-08T05:20:29Z,2026-09-08T07:12:00.000+02:00,A0001011000,A1,72.0,4440
2026-09-08T05:20:29Z,2026-09-08T07:12:00.000+02:00,A0027020500,A27,88.0,630
2026-09-08T05:20:29Z,2026-09-08T07:12:00.000+02:00,N0356011500,N356,69.0,3190
2026-09-08T05:20:29Z,2026-09-08T07:12:00.000+02:00,A0001010150,A1,75.0,3800
2026-09-08T05:20:29Z,2026-09-08T07:12:00.000+02:00,N0356020400,N356,56.0,1700
2026-09-08T05:20:29Z,2026-09-08T07:12:00.000+02:00,N0041020600,N41,97.0,1060
2026-09-08T05:20:29Z,2026-09-08T07:12:00.000+02:00,A0025010700,A25,70.0,1280
2026-09-08T05:20:29Z,2026-09-08T07:12:00.000+02:00,A0002011230,A2,100.0,3010
2026-09-08T05:20:29Z,2026-09-08T07:12:00.000+02:00,A0025020500,A25,68.0,4440
2026-09-08T05:20:29Z,2026-09-08T07:12:00.000+02:00,A0002021290,A2,95.0,2390
2026-09-08T05:20:29Z,2026-09-08T07:12:00.000+02:00,A0022011600,A22,78.0,1410
2026-09-08T05:30:34Z,2026-09-08T07:24:00.000+02:00,A0001011200,A1,58.0,4880
2026-09-08T05:30:34Z,2026-09-08T07:24:00.000+02:00,A0027010102,A27,91.0,3270
2026-09-08T05:30:34Z,2026-09-08T07:24:00.000+02:00,N0041010100,N41,70.0,2810
2026-09-08T05:30:34Z,2026-09-08T07:24:00.000+02:00,A0027010101,A27,91.0,3270
2026-09-08T05:30:34Z,2026-09-08T07:24:00.000+02:00,A9022010250,A22 (rocade),81.0,820
2026-09-08T05:30:34Z,2026-09-08T07:24:00.000+02:00,A0001020150,A1,100.0,4170
2026-09-08T05:30:34Z,2026-09-08T07:24:00.000+02:00,N0356011700,N356,72.0,2890
2026-09-08T05:30:34Z,2026-09-08T07:24:00.000+02:00,N9227110200,N227 (bretelle),71.0,40
2026-09-08T05:30:34Z,2026-09-08T07:24:00.000+02:00,N0356021300,N356,63.0,4160
2026-09-08T05:30:34Z,2026-09-08T07:24:00.000+02:00,A0022011400,A22,72.0,850
2026-09-08T05:30:34Z,2026-09-08T07:24:00.000+02:00,A0027010300,A27,92.0,710
2026-09-08T05:30:34Z,2026-09-08T07:24:00.000+02:00,A9022020250,A22 (rocade),48.0,1670
2026-09-08T05:30:34Z,2026-09-08T07:24:00.000+02:00,N0041010300,N41,55.0,3470
2026-09-08T05:30:34Z,2026-09-08T07:24:00.000+02:00,A0022011210,A22,76.0,1190
2026-09-08T05:30:34Z,2026-09-08T07:24:00.000+02:00,A0027020100,A27,73.0,1220
2026-09-08T05:30:34Z,2026-09-08T07:24:00.000+02:00,A0001010300,A1,74.0,4280
2026-09-08T05:30:34Z,2026-09-08T07:24:00.000+02:00,A0022011220,A22,76.0,1190
2026-09-08T05:30:34Z,2026-09-08T07:24:00.000+02:00,N0227021400,N227,59.0,110
2026-09-08T05:30:34Z,2026-09-08T07:24:00.000+02:00,A9022101110,A22 (rocade),78.0,890
2026-09-08T05:30:34Z,2026-09-08T07:24:00.000+02:00,A0022022110,A22,78.0,3610
2026-09-08T05:30:34Z,2026-09-08T07:24:00.000+02:00,A0001011420,A1,71.0,3650
2026-09-08T05:30:34Z,2026-09-08T07:24:00.000+02:00,N0356010800,N356,72.0,3690
2026-09-08T05:30:34Z,2026-09-08T07:24:00.000+02:00,A9001210710,A1 (bretelle),65.0,340
2026-09-08T05:30:34Z,2026-09-08T07:24:00.000+02:00,N0356021110,N356,69.0,4170
2026-09-08T05:30:34Z,2026-09-08T07:24:00.000+02:00,A0001010510,A1,74.0,4110
2026-09-08T05:30:34Z,2026-09-08T07:24:00.000+02:00,N0356021122,N356,64.0,4340
2026-09-08T05:30:34Z,2026-09-08T07:24:00.000+02:00,N0356021121,N356,69.0,4170
2026-09-08T05:30:34Z,2026-09-08T07:24:00.000+02:00,A0025010210,A25,70.0,5270
2026-09-08T05:30:34Z,2026-09-08T07:24:00.000+02:00,A0025011300,A25,87.0,1320
2026-09-08T05:30:34Z,2026-09-08T07:24:00.000+02:00,A0001020300,A1,101.0,3990
2026-09-08T05:30:34Z,2026-09-08T07:24:00.000+02:00,A0025021100,A25,84.0,3420
2026-09-08T05:30:34Z,2026-09-08T07:24:00.000+02:00,A0025023520,A25,110.0,1200
2026-09-08T05:30:34Z,2026-09-08T07:24:00.000+02:00,A0022022130,A22,70.0,3400
2026-09-08T05:30:34Z,2026-09-08T07:24:00.000+02:00,A0025010220,A25,70.0,5270
2026-09-08T05:30:34Z,2026-09-08T07:24:00.000+02:00,A0022022120,A22,82.0,3610
2026-09-08T05:30:34Z,2026-09-08T07:24:00.000+02:00,A0001010520,A1,76.0,4660
2026-09-08T05:30:34Z,2026-09-08T07:24:00.000+02:00,A0022011000,A22,74.0,3880
2026-09-08T05:30:34Z,2026-09-08T07:24:00.000+02:00,A0001020510,A1,86.0,930
2026-09-08T05:30:34Z,2026-09-08T07:24:00.000+02:00,A0001021602,A1,81.0,6950
2026-09-08T05:30:34Z,2026-09-08T07:24:00.000+02:00,A22TC020222,A22 (contournement),78.0,5020
2026-09-08T05:30:34Z,2026-09-08T07:24:00.000+02:00,A0001010940,A1,77.0,5290
2026-09-08T05:30:34Z,2026-09-08T07:24:00.000+02:00,A0025023320,A25,114.0,1980
2026-09-08T05:30:34Z,2026-09-08T07:24:00.000+02:00,A0001020520,A1,97.0,4090
2026-09-08T05:30:34Z,2026-09-08T07:24:00.000+02:00,A0025023100,A25,114.0,1660
2026-09-08T05:30:34Z,2026-09-08T07:24:00.000+02:00,A22TC020230,A22 (contournement),78.0,5020
2026-09-08T05:30:34Z,2026-09-08T07:24:00.000+02:00,A0025021730,A25,61.0,3460
2026-09-08T05:30:34Z,2026-09-08T07:24:00.000+02:00,A0025023910,A25,116.0,990
2026-09-08T05:30:34Z,2026-09-08T07:24:00.000+02:00,A0025021735,A25,74.0,3350
2026-09-08T05:30:34Z,2026-09-08T07:24:00.000+02:00,A0023010400,A23,103.0,1760
2026-09-08T05:30:34Z,2026-09-08T07:24:00.000+02:00,A0022021900,A22,76.0,2890
2026-09-08T05:30:34Z,2026-09-08T07:24:00.000+02:00,A9022100500,A22 (rocade),77.0,1730
2026-09-08T05:30:34Z,2026-09-08T07:24:00.000+02:00,A0001020940,A1,89.0,4340
2026-09-08T05:30:34Z,2026-09-08T07:24:00.000+02:00,A0001020700,A1,92.0,3210
2026-09-08T05:30:34Z,2026-09-08T07:24:00.000+02:00,A9022020830,A22 (rocade),86.0,300
2026-09-08T05:30:34Z,2026-09-08T07:24:00.000+02:00,A9022020822,A22 (rocade),83.0,1770
2026-09-08T05:30:34Z,2026-09-08T07:24:00.000+02:00,A9022020821,A22 (rocade),83.0,1770
2026-09-08T05:30:34Z,2026-09-08T07:24:00.000+02:00,A0025020420,A25,62.0,6180
2026-09-08T05:30:34Z,2026-09-08T07:24:00.000+02:00,A0025021510,A25,86.0,2370
2026-09-08T05:30:34Z,2026-09-08T07:24:00.000+02:00,N0227010100,N227,64.0,2030
2026-09-08T05:30:34Z,2026-09-08T07:24:00.000+02:00,A0025011720,A25,95.0,2840
2026-09-08T05:30:34Z,2026-09-08T07:24:00.000+02:00,A0025021760,A25,49.0,3370
2026-09-08T05:30:34Z,2026-09-08T07:24:00.000+02:00,A0025011730,A25,85.0,2880
2026-09-08T05:30:34Z,2026-09-08T07:24:00.000+02:00,A0025011735,A25,97.0,2840
2026-09-08T05:30:34Z,2026-09-08T07:24:00.000+02:00,A9025080700,A25 (bretelle),,1160
2026-09-08T05:30:34Z,2026-09-08T07:24:00.000+02:00,A9022100930,A22 (rocade),73.0,160
2026-09-08T05:30:34Z,2026-09-08T07:24:00.000+02:00,N0356011220,N356,70.0,3580
2026-09-08T05:30:34Z,2026-09-08T07:24:00.000+02:00,A0025011740,A25,84.0,2690
2026-09-08T05:30:34Z,2026-09-08T07:24:00.000+02:00,A0025010410,A25,69.0,4170
2026-09-08T05:30:34Z,2026-09-08T07:24:00.000+02:00,A0023010200,A23,89.0,2450
2026-09-08T05:30:34Z,2026-09-08T07:24:00.000+02:00,A9001210120,A1 (bretelle),72.0,1610
2026-09-08T05:30:34Z,2026-09-08T07:24:00.000+02:00,A0025020210,A25,68.0,7200
2026-09-08T05:30:34Z,2026-09-08T07:24:00.000+02:00,N0356011210,N356,70.0,3580
2026-09-08T05:30:34Z,2026-09-08T07:24:00.000+02:00,A0025011510,A25,90.0,1870
2026-09-08T05:30:34Z,2026-09-08T07:24:00.000+02:00,A0025020220,A25,68.0,7200
2026-09-08T05:30:34Z,2026-09-08T07:24:00.000+02:00,N0227010302,N227,71.0,4370
2026-09-08T05:30:34Z,2026-09-08T07:24:00.000+02:00,N0041010500,N41,41.0,2670
2026-09-08T05:30:34Z,2026-09-08T07:24:00.000+02:00,N0227020101,N227,56.0,3560
2026-09-08T05:30:34Z,2026-09-08T07:24:00.000+02:00,A9022100110,A22 (rocade),61.0,1480
2026-09-08T05:30:34Z,2026-09-08T07:24:00.000+02:00,A0022010400,A22,69.0,4510
2026-09-08T05:30:34Z,2026-09-08T07:24:00.000+02:00,N0356010302,N356,69.0,6960
2026-09-08T05:30:34Z,2026-09-08T07:24:00.000+02:00,A0025010800,A25,76.0,2540
2026-09-08T05:30:34Z,2026-09-08T07:24:00.000+02:00,A0027020621,A27,97.0,1780
2026-09-08T05:30:34Z,2026-09-08T07:24:00.000+02:00,N0041010700,N41,31.0,1400
2026-09-08T05:30:34Z,2026-09-08T07:24:00.000+02:00,A0027020630,A27,98.0,1840
2026-09-08T05:30:34Z,2026-09-08T07:24:00.000+02:00,A0022021512,A22,76.0,2950
2026-09-08T05:30:34Z,2026-09-08T07:24:00.000+02:00,A0022021511,A22,77.0,2930
2026-09-08T05:30:34Z,2026-09-08T07:24:00.000+02:00,A0027020610,A27,97.0,1780
2026-09-08T05:30:34Z,2026-09-08T07:24:00.000+02:00,A0025021720,A25,78.0,3510
2026-09-08T05:30:34Z,2026-09-08T07:24:00.000+02:00,A0022021520,A22,76.0,2950
2026-09-08T05:30:34Z,2026-09-08T07:24:00.000+02:00,A0025022140,A25,34.0,2080
2026-09-08T05:30:34Z,2026-09-08T07:24:00.000+02:00,A0022011302,A22,72.0,2550
2026-09-08T05:30:34Z,2026-09-08T07:24:00.000+02:00,A0025022160,A25,10.0,1400
2026-09-08T05:30:34Z,2026-09-08T07:24:00.000+02:00,A9025060104,A25 (bretelle),71.0,2220
2026-09-08T05:30:34Z,2026-09-08T07:24:00.000+02:00,A0027010201,A27,89.0,2010
2026-09-08T05:30:34Z,2026-09-08T07:24:00.000+02:00,A0027010202,A27,78.0,1200
2026-09-08T05:30:34Z,2026-09-08T07:24:00.000+02:00,N9227110110,N227 (bretelle),69.0,2320
2026-09-08T05:30:34Z,2026-09-08T07:24:00.000+02:00,A0025012130,A25,104.0,940
2026-09-08T05:30:34Z,2026-09-08T07:24:00.000+02:00,A0027010210,A27,78.0,1200
2026-09-08T05:30:34Z,2026-09-08T07:24:00.000+02:00,A0025011050,A25,94.0,1860
2026-09-08T05:30:34Z,2026-09-08T07:24:00.000+02:00,A0025012140,A25,100.0,2560
2026-09-08T05:30:34Z,2026-09-08T07:24:00.000+02:00,A0027010421,A27,96.0,910
2026-09-08T05:30:34Z,2026-09-08T07:24:00.000+02:00,A0022012420,A22,91.0,2940
2026-09-08T05:30:34Z,2026-09-08T07:24:00.000+02:00,A0027010430,A27,99.0,900
2026-09-08T05:30:34Z,2026-09-08T07:24:00.000+02:00,A0023020710,A23,82.0,3680
2026-09-08T05:30:34Z,2026-09-08T07:24:00.000+02:00,A0022012430,A22,88.0,2780
2026-09-08T05:30:34Z,2026-09-08T07:24:00.000+02:00,A0025012160,A25,117.0,2440
2026-09-08T05:30:34Z,2026-09-08T07:24:00.000+02:00,A9022021200,A22 (rocade),59.0,590
2026-09-08T05:30:34Z,2026-09-08T07:24:00.000+02:00,A0001021100,A1,88.0,3720
2026-09-08T05:30:34Z,2026-09-08T07:24:00.000+02:00,A9022101000,A22 (rocade),66.0,1100
2026-09-08T05:30:34Z,2026-09-08T07:24:00.000+02:00,A0025013020,A25,109.0,1950
2026-09-08T05:30:34Z,2026-09-08T07:24:00.000+02:00,A0027010410,A27,96.0,910
2026-09-08T05:30:34Z,2026-09-08T07:24:00.000+02:00,A0022012410,A22,91.0,2950
2026-09-08T05:30:34Z,2026-09-08T07:24:00.000+02:00,A0001A20112,A1,84.0,2980
2026-09-08T05:30:34Z,2026-09-08T07:24:00.000+02:00,A0001A20111,A1,83.0,1300
2026-09-08T05:30:34Z,2026-09-08T07:24:00.000+02:00,A0025010320,A25,63.0,3210
2026-09-08T05:30:34Z,2026-09-08T07:24:00.000+02:00,A0001021521,A1,82.0,3290
2026-09-08T05:30:34Z,2026-09-08T07:24:00.000+02:00,A0025022540,A25,111.0,2130
2026-09-08T05:30:34Z,2026-09-08T07:24:00.000+02:00,A0025022300,A25,69.0,1580
2026-09-08T05:30:34Z,2026-09-08T07:24:00.000+02:00,N0356021000,N356,71.0,3770
2026-09-08T05:30:34Z,2026-09-08T07:24:00.000+02:00,A22TC010102,A22 (contournement),78.0,2370
2026-09-08T05:30:34Z,2026-09-08T07:24:00.000+02:00,A0001011503,A1,80.0,6750
2026-09-08T05:30:34Z,2026-09-08T07:24:00.000+02:00,A0022012200,A22,78.0,2670
2026-09-08T05:30:34Z,2026-09-08T07:24:00.000+02:00,A0001A20120,A1,78.0,2670
2026-09-08T05:30:34Z,2026-09-08T07:24:00.000+02:00,A22TC020102,A22 (contournement),80.0,3110
2026-09-08T05:30:34Z,2026-09-08T07:24:00.000+02:00,A22TC010300,A22 (contournement),70.0,2500
2026-09-08T05:30:34Z,2026-09-08T07:24:00.000+02:00,A0022012010,A22,79.0,1970
2026-09-08T05:30:34Z,2026-09-08T07:24:00.000+02:00,A0022012020,A22,79.0,1970
2026-09-08T05:30:34Z,2026-09-08T07:24:00.000+02:00,A0025022130,A25,48.0,2300
2026-09-08T05:30:34Z,2026-09-08T07:24:00.000+02:00,A0023010520,A23,109.0,1750
2026-09-08T05:30:34Z,2026-09-08T07:24:00.000+02:00,N0041020800,N41,94.0,1820
2026-09-08T05:30:34Z,2026-09-08T07:24:00.000+02:00,A0025010500,A25,65.0,2490
2026-09-08T05:30:34Z,2026-09-08T07:24:00.000+02:00,A0022020901,A22,73.0,3780
2026-09-08T05:30:34Z,2026-09-08T07:24:00.000+02:00,A0022020902,A22,73.0,2670
2026-09-08T05:30:34Z,2026-09-08T07:24:00.000+02:00,A0025020310,A25,63.0,5660
2026-09-08T05:30:34Z,2026-09-08T07:24:00.000+02:00,A0022021810,A22,75.0,2590
2026-09-08T05:30:34Z,2026-09-08T07:24:00.000+02:00,N0356011100,N356,70.0,3390
2026-09-08T05:30:34Z,2026-09-08T07:24:00.000+02:00,A0022021820,A22,75.0,2590
2026-09-08T05:30:34Z,2026-09-08T07:24:00.000+02:00,N0356020802,N356,67.0,4340
2026-09-08T05:30:34Z,2026-09-08T07:24:00.000+02:00,A9022020900,A22 (rocade),75.0,1120
2026-09-08T05:30:34Z,2026-09-08T07:24:00.000+02:00,A0025020102,A25,67.0,340
2026-09-08T05:30:34Z,2026-09-08T07:24:00.000+02:00,A0025010310,A25,72.0,3420
2026-09-08T05:30:34Z,2026-09-08T07:24:00.000+02:00,A0023010100,A23,92.0,100
2026-09-08T05:30:34Z,2026-09-08T07:24:00.000+02:00,A0025022530,A25,111.0,2090
2026-09-08T05:30:34Z,2026-09-08T07:24:00.000+02:00,A9001210200,A1 (bretelle),64.0,1600
2026-09-08T05:30:34Z,2026-09-08T07:24:00.000+02:00,A0022010700,A22,76.0,3500
2026-09-08T05:30:34Z,2026-09-08T07:24:00.000+02:00,N0041020400,N41,89.0,2140
2026-09-08T05:30:34Z,2026-09-08T07:24:00.000+02:00,A0023020720,A23,72.0,3790
2026-09-08T05:30:34Z,2026-09-08T07:24:00.000+02:00,A0022020500,A22,73.0,1680
2026-09-08T05:30:34Z,2026-09-08T07:24:00.000+02:00,N93563b0150,N356 (bretelle),64.0,160
2026-09-08T05:30:34Z,2026-09-08T07:24:00.000+02:00,A0025020950,A25,78.0,5850
2026-09-08T05:30:34Z,2026-09-08T07:24:00.000+02:00,A0023020300,A23,62.0,1700
2026-09-08T05:30:34Z,2026-09-08T07:24:00.000+02:00,A0001011000,A1,73.0,4690
2026-09-08T05:30:34Z,2026-09-08T07:24:00.000+02:00,A0027020500,A27,85.0,930
2026-09-08T05:30:34Z,2026-09-08T07:24:00.000+02:00,N0356011500,N356,69.0,3590
2026-09-08T05:30:34Z,2026-09-08T07:24:00.000+02:00,A0001010150,A1,80.0,4400
2026-09-08T05:30:34Z,2026-09-08T07:24:00.000+02:00,N0356020400,N356,52.0,2330
2026-09-08T05:30:34Z,2026-09-08T07:24:00.000+02:00,N0041020600,N41,97.0,1400
2026-09-08T05:30:34Z,2026-09-08T07:24:00.000+02:00,A0025010700,A25,74.0,1420
2026-09-08T05:30:34Z,2026-09-08T07:24:00.000+02:00,A0002011230,A2,87.0,3700
2026-09-08T05:30:34Z,2026-09-08T07:24:00.000+02:00,A0025020500,A25,66.0,4850
2026-09-08T05:30:34Z,2026-09-08T07:24:00.000+02:00,A0002021290,A2,102.0,2880
2026-09-08T05:30:34Z,2026-09-08T07:24:00.000+02:00,A0022011600,A22,80.0,1820
2026-09-08T05:40:31Z,2026-09-08T07:30:00.000+02:00,A0001011200,A1,50.0,4660
2026-09-08T05:40:31Z,2026-09-08T07:30:00.000+02:00,A0027010102,A27,84.0,3380
2026-09-08T05:40:31Z,2026-09-08T07:30:00.000+02:00,N0041010100,N41,71.0,2660
2026-09-08T05:40:31Z,2026-09-08T07:30:00.000+02:00,A0027010101,A27,84.0,3380
2026-09-08T05:40:31Z,2026-09-08T07:30:00.000+02:00,A9022010250,A22 (rocade),78.0,1030
2026-09-08T05:40:31Z,2026-09-08T07:30:00.000+02:00,A0001020150,A1,101.0,4090
2026-09-08T05:40:31Z,2026-09-08T07:30:00.000+02:00,N0356011700,N356,72.0,3360
2026-09-08T05:40:31Z,2026-09-08T07:30:00.000+02:00,N9227110200,N227 (bretelle),77.0,30
2026-09-08T05:40:31Z,2026-09-08T07:30:00.000+02:00,N0356021300,N356,62.0,4120
2026-09-08T05:40:31Z,2026-09-08T07:30:00.000+02:00,A0022011400,A22,72.0,930
2026-09-08T05:40:31Z,2026-09-08T07:30:00.000+02:00,A0027010300,A27,95.0,730
2026-09-08T05:40:31Z,2026-09-08T07:30:00.000+02:00,A9022020250,A22 (rocade),49.0,1490
2026-09-08T05:40:31Z,2026-09-08T07:30:00.000+02:00,N0041010300,N41,61.0,3450
2026-09-08T05:40:31Z,2026-09-08T07:30:00.000+02:00,A0022011210,A22,75.0,1090
2026-09-08T05:40:31Z,2026-09-08T07:30:00.000+02:00,A0027020100,A27,73.0,1400
2026-09-08T05:40:31Z,2026-09-08T07:30:00.000+02:00,A0001010300,A1,72.0,4020
2026-09-08T05:40:31Z,2026-09-08T07:30:00.000+02:00,A0022011220,A22,75.0,1090
2026-09-08T05:40:31Z,2026-09-08T07:30:00.000+02:00,N0227021400,N227,56.0,120
2026-09-08T05:40:31Z,2026-09-08T07:30:00.000+02:00,A9022101110,A22 (rocade),78.0,1170
2026-09-08T05:40:31Z,2026-09-08T07:30:00.000+02:00,A0022022110,A22,79.0,3730
2026-09-08T05:40:31Z,2026-09-08T07:30:00.000+02:00,A0001011420,A1,55.0,3590
2026-09-08T05:40:31Z,2026-09-08T07:30:00.000+02:00,N0356010800,N356,71.0,3920
2026-09-08T05:40:31Z,2026-09-08T07:30:00.000+02:00,A9001210710,A1 (bretelle),62.0,270
2026-09-08T05:40:31Z,2026-09-08T07:30:00.000+02:00,N0356021110,N356,68.0,4640
2026-09-08T05:40:31Z,2026-09-08T07:30:00.000+02:00,A0001010510,A1,72.0,3550
2026-09-08T05:40:31Z,2026-09-08T07:30:00.000+02:00,N0356021122,N356,62.0,4560
2026-09-08T05:40:31Z,2026-09-08T07:30:00.000+02:00,N0356021121,N356,68.0,4640
2026-09-08T05:40:31Z,2026-09-08T07:30:00.000+02:00,A0025010210,A25,62.0,6110
2026-09-08T05:40:31Z,2026-09-08T07:30:00.000+02:00,A0025011300,A25,88.0,1490
2026-09-08T05:40:31Z,2026-09-08T07:30:00.000+02:00,A0001020300,A1,101.0,4020
2026-09-08T05:40:31Z,2026-09-08T07:30:00.000+02:00,A0025021100,A25,77.0,3160
2026-09-08T05:40:31Z,2026-09-08T07:30:00.000+02:00,A0025023520,A25,115.0,1050
2026-09-08T05:40:31Z,2026-09-08T07:30:00.000+02:00,A0022022130,A22,68.0,3280
2026-09-08T05:40:31Z,2026-09-08T07:30:00.000+02:00,A0025010220,A25,62.0,6110
2026-09-08T05:40:31Z,2026-09-08T07:30:00.000+02:00,A0022022120,A22,85.0,3740
2026-09-08T05:40:31Z,2026-09-08T07:30:00.000+02:00,A0001010520,A1,54.0,3960
2026-09-08T05:40:31Z,2026-09-08T07:30:00.000+02:00,A0022011000,A22,77.0,3860
2026-09-08T05:40:31Z,2026-09-08T07:30:00.000+02:00,A0001020510,A1,93.0,1740
2026-09-08T05:40:31Z,2026-09-08T07:30:00.000+02:00,A0001021602,A1,78.0,7280
2026-09-08T05:40:31Z,2026-09-08T07:30:00.000+02:00,A22TC020222,A22 (contournement),77.0,4820
2026-09-08T05:40:31Z,2026-09-08T07:30:00.000+02:00,A0001010940,A1,79.0,4850
2026-09-08T05:40:31Z,2026-09-08T07:30:00.000+02:00,A0025023320,A25,115.0,2030
2026-09-08T05:40:31Z,2026-09-08T07:30:00.000+02:00,A0001020520,A1,96.0,4340
2026-09-08T05:40:31Z,2026-09-08T07:30:00.000+02:00,A0025023100,A25,110.0,1690
2026-09-08T05:40:31Z,2026-09-08T07:30:00.000+02:00,A22TC020230,A22 (contournement),77.0,4820
2026-09-08T05:40:31Z,2026-09-08T07:30:00.000+02:00,A0025021730,A25,58.0,3170
2026-09-08T05:40:31Z,2026-09-08T07:30:00.000+02:00,A0025023910,A25,120.0,880
2026-09-08T05:40:31Z,2026-09-08T07:30:00.000+02:00,A0025021735,A25,50.0,3320
2026-09-08T05:40:31Z,2026-09-08T07:30:00.000+02:00,A0023010400,A23,107.0,1930
2026-09-08T05:40:31Z,2026-09-08T07:30:00.000+02:00,A0022021900,A22,78.0,2950
2026-09-08T05:40:31Z,2026-09-08T07:30:00.000+02:00,A9022100500,A22 (rocade),75.0,1930
2026-09-08T05:40:31Z,2026-09-08T07:30:00.000+02:00,A0001020940,A1,89.0,4290
2026-09-08T05:40:31Z,2026-09-08T07:30:00.000+02:00,A0001020700,A1,94.0,3520
2026-09-08T05:40:31Z,2026-09-08T07:30:00.000+02:00,A9022020830,A22 (rocade),88.0,310
2026-09-08T05:40:31Z,2026-09-08T07:30:00.000+02:00,A9022020822,A22 (rocade),86.0,1870
2026-09-08T05:40:31Z,2026-09-08T07:30:00.000+02:00,A9022020821,A22 (rocade),86.0,1870
2026-09-08T05:40:31Z,2026-09-08T07:30:00.000+02:00,A0025020420,A25,62.0,6480
2026-09-08T05:40:31Z,2026-09-08T07:30:00.000+02:00,A0025021510,A25,85.0,2210
2026-09-08T05:40:31Z,2026-09-08T07:30:00.000+02:00,N0227010100,N227,64.0,2220
2026-09-08T05:40:31Z,2026-09-08T07:30:00.000+02:00,A0025011720,A25,98.0,2740
2026-09-08T05:40:31Z,2026-09-08T07:30:00.000+02:00,A0025021760,A25,46.0,3550
2026-09-08T05:40:31Z,2026-09-08T07:30:00.000+02:00,A0025011730,A25,88.0,2690
2026-09-08T05:40:31Z,2026-09-08T07:30:00.000+02:00,A0025011735,A25,99.0,2780
2026-09-08T05:40:31Z,2026-09-08T07:30:00.000+02:00,A9025080700,A25 (bretelle),,1150
2026-09-08T05:40:31Z,2026-09-08T07:30:00.000+02:00,A9022100930,A22 (rocade),70.0,220
2026-09-08T05:40:31Z,2026-09-08T07:30:00.000+02:00,N0356011220,N356,68.0,4060
2026-09-08T05:40:31Z,2026-09-08T07:30:00.000+02:00,A0025011740,A25,84.0,2890
2026-09-08T05:40:31Z,2026-09-08T07:30:00.000+02:00,A0025010410,A25,67.0,4840
2026-09-08T05:40:31Z,2026-09-08T07:30:00.000+02:00,A0023010200,A23,90.0,2510
2026-09-08T05:40:31Z,2026-09-08T07:30:00.000+02:00,A9001210120,A1 (bretelle),73.0,1400
2026-09-08T05:40:31Z,2026-09-08T07:30:00.000+02:00,A0025020210,A25,66.0,6850
2026-09-08T05:40:31Z,2026-09-08T07:30:00.000+02:00,N0356011210,N356,68.0,4060
2026-09-08T05:40:31Z,2026-09-08T07:30:00.000+02:00,A0025011510,A25,90.0,1790
2026-09-08T05:40:31Z,2026-09-08T07:30:00.000+02:00,A0025020220,A25,66.0,6850
2026-09-08T05:40:31Z,2026-09-08T07:30:00.000+02:00,N0227010302,N227,70.0,4490
2026-09-08T05:40:31Z,2026-09-08T07:30:00.000+02:00,N0041010500,N41,39.0,2800
2026-09-08T05:40:31Z,2026-09-08T07:30:00.000+02:00,N0227020101,N227,45.0,3130
2026-09-08T05:40:31Z,2026-09-08T07:30:00.000+02:00,A9022100110,A22 (rocade),60.0,1610
2026-09-08T05:40:31Z,2026-09-08T07:30:00.000+02:00,A0022010400,A22,69.0,4360
2026-09-08T05:40:31Z,2026-09-08T07:30:00.000+02:00,N0356010302,N356,70.0,6890
2026-09-08T05:40:31Z,2026-09-08T07:30:00.000+02:00,A0025010800,A25,76.0,2840
2026-09-08T05:40:31Z,2026-09-08T07:30:00.000+02:00,A0027020621,A27,95.0,1800
2026-09-08T05:40:31Z,2026-09-08T07:30:00.000+02:00,N0041010700,N41,27.0,1940
2026-09-08T05:40:31Z,2026-09-08T07:30:00.000+02:00,A0027020630,A27,99.0,1870
2026-09-08T05:40:31Z,2026-09-08T07:30:00.000+02:00,A0022021512,A22,76.0,2970
2026-09-08T05:40:31Z,2026-09-08T07:30:00.000+02:00,A0022021511,A22,77.0,2880
2026-09-08T05:40:31Z,2026-09-08T07:30:00.000+02:00,A0027020610,A27,95.0,1800
2026-09-08T05:40:31Z,2026-09-08T07:30:00.000+02:00,A0025021720,A25,79.0,3100
2026-09-08T05:40:31Z,2026-09-08T07:30:00.000+02:00,A0022021520,A22,76.0,2970
2026-09-08T05:40:31Z,2026-09-08T07:30:00.000+02:00,A0025022140,A25,50.0,2680
2026-09-08T05:40:31Z,2026-09-08T07:30:00.000+02:00,A0022011302,A22,74.0,2790
2026-09-08T05:40:31Z,2026-09-08T07:30:00.000+02:00,A0025022160,A25,43.0,2810
2026-09-08T05:40:31Z,2026-09-08T07:30:00.000+02:00,A9025060104,A25 (bretelle),72.0,2350
2026-09-08T05:40:31Z,2026-09-08T07:30:00.000+02:00,A0027010201,A27,90.0,2240
2026-09-08T05:40:31Z,2026-09-08T07:30:00.000+02:00,A0027010202,A27,79.0,1360
2026-09-08T05:40:31Z,2026-09-08T07:30:00.000+02:00,N9227110110,N227 (bretelle),68.0,2170
2026-09-08T05:40:31Z,2026-09-08T07:30:00.000+02:00,A0025012130,A25,96.0,1110
2026-09-08T05:40:31Z,2026-09-08T07:30:00.000+02:00,A0027010210,A27,79.0,1360
2026-09-08T05:40:31Z,2026-09-08T07:30:00.000+02:00,A0025011050,A25,88.0,1690
2026-09-08T05:40:31Z,2026-09-08T07:30:00.000+02:00,A0025012140,A25,101.0,2580
2026-09-08T05:40:31Z,2026-09-08T07:30:00.000+02:00,A0027010421,A27,99.0,1120
2026-09-08T05:40:31Z,2026-09-08T07:30:00.000+02:00,A0022012420,A22,88.0,3260
2026-09-08T05:40:31Z,2026-09-08T07:30:00.000+02:00,A0027010430,A27,102.0,1150
2026-09-08T05:40:31Z,2026-09-08T07:30:00.000+02:00,A0023020710,A23,80.0,3300
2026-09-08T05:40:31Z,2026-09-08T07:30:00.000+02:00,A0022012430,A22,85.0,3120
2026-09-08T05:40:31Z,2026-09-08T07:30:00.000+02:00,A0025012160,A25,115.0,2580
2026-09-08T05:40:31Z,2026-09-08T07:30:00.000+02:00,A9022021200,A22 (rocade),59.0,830
2026-09-08T05:40:31Z,2026-09-08T07:30:00.000+02:00,A0001021100,A1,91.0,3870
2026-09-08T05:40:31Z,2026-09-08T07:30:00.000+02:00,A9022101000,A22 (rocade),69.0,1160
2026-09-08T05:40:31Z,2026-09-08T07:30:00.000+02:00,A0025013020,A25,103.0,2230
2026-09-08T05:40:31Z,2026-09-08T07:30:00.000+02:00,A0027010410,A27,99.0,1120
2026-09-08T05:40:31Z,2026-09-08T07:30:00.000+02:00,A0022012410,A22,88.0,3260
2026-09-08T05:40:31Z,2026-09-08T07:30:00.000+02:00,A0001A20112,A1,81.0,3210
2026-09-08T05:40:31Z,2026-09-08T07:30:00.000+02:00,A0001A20111,A1,79.0,1020
2026-09-08T05:40:31Z,2026-09-08T07:30:00.000+02:00,A0025010320,A25,32.0,3260
2026-09-08T05:40:31Z,2026-09-08T07:30:00.000+02:00,A0001021521,A1,82.0,3390
2026-09-08T05:40:31Z,2026-09-08T07:30:00.000+02:00,A0025022540,A25,114.0,1810
2026-09-08T05:40:31Z,2026-09-08T07:30:00.000+02:00,A0025022300,A25,18.0,1520
2026-09-08T05:40:31Z,2026-09-08T07:30:00.000+02:00,N0356021000,N356,68.0,4340
2026-09-08T05:40:31Z,2026-09-08T07:30:00.000+02:00,A22TC010102,A22 (contournement),77.0,2640
2026-09-08T05:40:31Z,2026-09-08T07:30:00.000+02:00,A0001011503,A1,80.0,7450
2026-09-08T05:40:31Z,2026-09-08T07:30:00.000+02:00,A0022012200,A22,79.0,2980
2026-09-08T05:40:31Z,2026-09-08T07:30:00.000+02:00,A0001A20120,A1,61.0,2950
2026-09-08T05:40:31Z,2026-09-08T07:30:00.000+02:00,A22TC020102,A22 (contournement),79.0,3310
2026-09-08T05:40:31Z,2026-09-08T07:30:00.000+02:00,A22TC010300,A22 (contournement),69.0,2720
2026-09-08T05:40:31Z,2026-09-08T07:30:00.000+02:00,A0022012010,A22,82.0,2120
2026-09-08T05:40:31Z,2026-09-08T07:30:00.000+02:00,A0022012020,A22,82.0,2120
2026-09-08T05:40:31Z,2026-09-08T07:30:00.000+02:00,A0025022130,A25,34.0,2390
2026-09-08T05:40:31Z,2026-09-08T07:30:00.000+02:00,A0023010520,A23,113.0,1990
2026-09-08T05:40:31Z,2026-09-08T07:30:00.000+02:00,N0041020800,N41,96.0,1820
2026-09-08T05:40:31Z,2026-09-08T07:30:00.000+02:00,A0025010500,A25,70.0,3050
2026-09-08T05:40:31Z,2026-09-08T07:30:00.000+02:00,A0022020901,A22,76.0,4110
2026-09-08T05:40:31Z,2026-09-08T07:30:00.000+02:00,A0022020902,A22,76.0,3170
2026-09-08T05:40:31Z,2026-09-08T07:30:00.000+02:00,A0025020310,A25,62.0,5510
2026-09-08T05:40:31Z,2026-09-08T07:30:00.000+02:00,A0022021810,A22,77.0,2720
2026-09-08T05:40:31Z,2026-09-08T07:30:00.000+02:00,N0356011100,N356,68.0,3800
2026-09-08T05:40:31Z,2026-09-08T07:30:00.000+02:00,A0022021820,A22,77.0,2720
2026-09-08T05:40:31Z,2026-09-08T07:30:00.000+02:00,N0356020802,N356,64.0,4760
2026-09-08T05:40:31Z,2026-09-08T07:30:00.000+02:00,A9022020900,A22 (rocade),80.0,1270
2026-09-08T05:40:31Z,2026-09-08T07:30:00.000+02:00,A0025020102,A25,62.0,80
2026-09-08T05:40:31Z,2026-09-08T07:30:00.000+02:00,A0025010310,A25,71.0,4180
2026-09-08T05:40:31Z,2026-09-08T07:30:00.000+02:00,A0025022530,A25,117.0,1820
2026-09-08T05:40:31Z,2026-09-08T07:30:00.000+02:00,A9001210200,A1 (bretelle),65.0,1530
2026-09-08T05:40:31Z,2026-09-08T07:30:00.000+02:00,A0022010700,A22,74.0,3510
2026-09-08T05:40:31Z,2026-09-08T07:30:00.000+02:00,N0041020400,N41,87.0,2170
2026-09-08T05:40:31Z,2026-09-08T07:30:00.000+02:00,A0023020720,A23,44.0,3390
2026-09-08T05:40:31Z,2026-09-08T07:30:00.000+02:00,A0022020500,A22,76.0,1970
2026-09-08T05:40:31Z,2026-09-08T07:30:00.000+02:00,N93563b0150,N356 (bretelle),69.0,90
2026-09-08T05:40:31Z,2026-09-08T07:30:00.000+02:00,A0025020950,A25,54.0,5160
2026-09-08T05:40:31Z,2026-09-08T07:30:00.000+02:00,A0023020300,A23,58.0,1630
2026-09-08T05:40:31Z,2026-09-08T07:30:00.000+02:00,A0001011000,A1,75.0,4270
2026-09-08T05:40:31Z,2026-09-08T07:30:00.000+02:00,A0027020500,A27,85.0,890
2026-09-08T05:40:31Z,2026-09-08T07:30:00.000+02:00,N0356011500,N356,66.0,4240
2026-09-08T05:40:31Z,2026-09-08T07:30:00.000+02:00,A0001010150,A1,78.0,4500
2026-09-08T05:40:31Z,2026-09-08T07:30:00.000+02:00,N0356020400,N356,44.0,2660
2026-09-08T05:40:31Z,2026-09-08T07:30:00.000+02:00,N0041020600,N41,97.0,1370
2026-09-08T05:40:31Z,2026-09-08T07:30:00.000+02:00,A0025010700,A25,70.0,1670
2026-09-08T05:40:31Z,2026-09-08T07:30:00.000+02:00,A0002011230,A2,81.0,3730
2026-09-08T05:40:31Z,2026-09-08T07:30:00.000+02:00,A0025020500,A25,65.0,4530
2026-09-08T05:40:31Z,2026-09-08T07:30:00.000+02:00,A0002021290,A2,101.0,2960
2026-09-08T05:40:31Z,2026-09-08T07:30:00.000+02:00,A0022011600,A22,79.0,1950
